model_kind,run_id,decision_step_index,decision_timestamp_s,event_offset_s,truth_cause,predicted_cause,rule_chain_ids,causal_proof,latency_s,probability_GRID_VOLTAGE_SAG,probability_GRID_VOLTAGE_SWELL,probability_GRID_INTERRUPTION,probability_GRID_FREQUENCY_DEVIATION,probability_UPS_TRANSFER,probability_VFD_DERATING,probability_PUMP_TRIP,probability_VALVE_RESTRICTION,probability_TOOL_DEMAND_SPIKE,probability_THERMAL_EXCURSION,probability_PRESSURE_SENSOR_FAULT,probability_FLOW_SENSOR_FAULT,probability_UNKNOWN
ALWAYS_UNKNOWN,test-run-0000,300,3.0,1.0,GRID_VOLTAGE_SAG,UNKNOWN,GRID_SAG_TO_UPS_RESPONSE|UPS_TRANSFER_PROPAGATION_EVIDENCE|ABSTAIN_LOW_CONFIDENCE|ABSTAIN_LOW_MARGIN,False,0.003176398000505287,0.0,0.0,0.0,0.0,0.09999999999999998,0.0,0.0,0.0,0.0,0.0,0.0,0.0,0.9
ALWAYS_UNKNOWN,test-run-0000,400,4.0,2.0,GRID_VOLTAGE_SAG,UNKNOWN,GRID_SAG_TO_UPS_RESPONSE|UPS_TRANSFER_PROPAGATION_EVIDENCE|ABSTAIN_LOW_CONFIDENCE|ABSTAIN_LOW_MARGIN,False,0.0024301010016642977,0.0,0.0,0.0,0.0,0.09999999999999998,0.0,0.0,0.0,0.0,0.0,0.0,0.0,0.9
ALWAYS_UNKNOWN,test-run-0000,500,5.0,3.0,GRID_VOLTAGE_SAG,UNKNOWN,GRID_SAG_TO_UPS_RESPONSE|UPS_TRANSFER_PROPAGATION_EVIDENCE|ABSTAIN_LOW_CONFIDENCE|ABSTAIN_LOW_MARGIN,False,0.0025275759981013834,0.0,0.0,0.0,0.0,0.09999999999999998,0.0,0.0,0.0,0.0,0.0,0.0,0.0,0.9
ALWAYS_UNKNOWN,test-run-0001,300,3.0,1.0,GRID_VOLTAGE_SAG,UNKNOWN,GRID_SAG_TO_UPS_RESPONSE|UPS_TRANSFER_PROPAGATION_EVIDENCE|ABSTAIN_LOW_CONFIDENCE|ABSTAIN_LOW_MARGIN,False,0.0024581010002293624,0.0,0.0,0.0,0.0,0.09999999999999998,0.0,0.0,0.0,0.0,0.0,0.0,0.0,0.9
ALWAYS_UNKNOWN,test-run-0001,400,4.0,2.0,GRID_VOLTAGE_SAG,UNKNOWN,GRID_SAG_TO_UPS_RESPONSE|UPS_TRANSFER_PROPAGATION_EVIDENCE|ABSTAIN_LOW_CONFIDENCE|ABSTAIN_LOW_MARGIN,False,0.0023533929997938685,0.0,0.0,0.0,0.0,0.09999999999999998,0.0,0.0,0.0,0.0,0.0,0.0,0.0,0.9
ALWAYS_UNKNOWN,test-run-0001,500,5.0,3.0,GRID_VOLTAGE_SAG,UNKNOWN,GRID_SAG_TO_UPS_RESPONSE|UPS_TRANSFER_PROPAGATION_EVIDENCE|ABSTAIN_LOW_CONFIDENCE|ABSTAIN_LOW_MARGIN,False,0.0026991659979103133,0.0,0.0,0.0,0.0,0.09999999999999998,0.0,0.0,0.0,0.0,0.0,0.0,0.0,0.9
ALWAYS_UNKNOWN,test-run-0002,300,3.0,1.0,GRID_VOLTAGE_SAG,UNKNOWN,GRID_SAG_TO_UPS_RESPONSE|UPS_TRANSFER_PROPAGATION_EVIDENCE|ABSTAIN_LOW_CONFIDENCE|ABSTAIN_LOW_MARGIN,False,0.0024101639974105638,0.0,0.0,0.0,0.0,0.09999999999999998,0.0,0.0,0.0,0.0,0.0,0.0,0.0,0.9
ALWAYS_UNKNOWN,test-run-0002,400,4.0,2.0,GRID_VOLTAGE_SAG,UNKNOWN,GRID_SAG_TO_UPS_RESPONSE|UPS_TRANSFER_PROPAGATION_EVIDENCE|ABSTAIN_LOW_CONFIDENCE|ABSTAIN_LOW_MARGIN,False,0.002187403999414528,0.0,0.0,0.0,0.0,0.09999999999999998,0.0,0.0,0.0,0.0,0.0,0.0,0.0,0.9
ALWAYS_UNKNOWN,test-run-0002,500,5.0,3.0,GRID_VOLTAGE_SAG,UNKNOWN,GRID_SAG_TO_UPS_RESPONSE|UPS_TRANSFER_PROPAGATION_EVIDENCE|ABSTAIN_LOW_CONFIDENCE|ABSTAIN_LOW_MARGIN,False,0.0022969120000198018,0.0,0.0,0.0,0.0,0.09999999999999998,0.0,0.0,0.0,0.0,0.0,0.0,0.0,0.9
ALWAYS_UNKNOWN,test-run-0003,300,3.0,1.0,GRID_VOLTAGE_SAG,UNKNOWN,GRID_SAG_TO_UPS_RESPONSE|UPS_TRANSFER_PROPAGATION_EVIDENCE|ABSTAIN_LOW_CONFIDENCE|ABSTAIN_LOW_MARGIN,False,0.002465622001182055,0.0,0.0,0.0,0.0,0.09999999999999998,0.0,0.0,0.0,0.0,0.0,0.0,0.0,0.9
ALWAYS_UNKNOWN,test-run-0003,400,4.0,2.0,GRID_VOLTAGE_SAG,UNKNOWN,GRID_SAG_TO_UPS_RESPONSE|UPS_TRANSFER_PROPAGATION_EVIDENCE|ABSTAIN_LOW_CONFIDENCE|ABSTAIN_LOW_MARGIN,False,0.0021925239998381585,0.0,0.0,0.0,0.0,0.09999999999999998,0.0,0.0,0.0,0.0,0.0,0.0,0.0,0.9
ALWAYS_UNKNOWN,test-run-0003,500,5.0,3.0,GRID_VOLTAGE_SAG,UNKNOWN,GRID_SAG_TO_UPS_RESPONSE|UPS_TRANSFER_PROPAGATION_EVIDENCE|ABSTAIN_LOW_CONFIDENCE|ABSTAIN_LOW_MARGIN,False,0.0022897109993209597,0.0,0.0,0.0,0.0,0.09999999999999998,0.0,0.0,0.0,0.0,0.0,0.0,0.0,0.9
ALWAYS_UNKNOWN,test-run-0004,300,3.0,1.0,GRID_VOLTAGE_SAG,UNKNOWN,GRID_SAG_TO_UPS_RESPONSE|UPS_TRANSFER_PROPAGATION_EVIDENCE|ABSTAIN_LOW_CONFIDENCE|ABSTAIN_LOW_MARGIN,False,0.0024733019999985117,0.0,0.0,0.0,0.0,0.09999999999999998,0.0,0.0,0.0,0.0,0.0,0.0,0.0,0.9
ALWAYS_UNKNOWN,test-run-0004,400,4.0,2.0,GRID_VOLTAGE_SAG,UNKNOWN,GRID_SAG_TO_UPS_RESPONSE|UPS_TRANSFER_PROPAGATION_EVIDENCE|ABSTAIN_LOW_CONFIDENCE|ABSTAIN_LOW_MARGIN,False,0.002227245997346472,0.0,0.0,0.0,0.0,0.09999999999999998,0.0,0.0,0.0,0.0,0.0,0.0,0.0,0.9
ALWAYS_UNKNOWN,test-run-0004,500,5.0,3.0,GRID_VOLTAGE_SAG,UNKNOWN,GRID_SAG_TO_UPS_RESPONSE|UPS_TRANSFER_PROPAGATION_EVIDENCE|ABSTAIN_LOW_CONFIDENCE|ABSTAIN_LOW_MARGIN,False,0.0026556439988780767,0.0,0.0,0.0,0.0,0.09999999999999998,0.0,0.0,0.0,0.0,0.0,0.0,0.0,0.9
ALWAYS_UNKNOWN,test-run-0005,300,3.0,1.0,GRID_VOLTAGE_SAG,UNKNOWN,GRID_SAG_TO_UPS_RESPONSE|UPS_TRANSFER_PROPAGATION_EVIDENCE|ABSTAIN_LOW_CONFIDENCE|ABSTAIN_LOW_MARGIN,False,0.0024493329983670264,0.0,0.0,0.0,0.0,0.09999999999999998,0.0,0.0,0.0,0.0,0.0,0.0,0.0,0.9
ALWAYS_UNKNOWN,test-run-0005,400,4.0,2.0,GRID_VOLTAGE_SAG,UNKNOWN,GRID_SAG_TO_UPS_RESPONSE|UPS_TRANSFER_PROPAGATION_EVIDENCE|ABSTAIN_LOW_CONFIDENCE|ABSTAIN_LOW_MARGIN,False,0.002182890999392839,0.0,0.0,0.0,0.0,0.09999999999999998,0.0,0.0,0.0,0.0,0.0,0.0,0.0,0.9
ALWAYS_UNKNOWN,test-run-0005,500,5.0,3.0,GRID_VOLTAGE_SAG,UNKNOWN,GRID_SAG_TO_UPS_RESPONSE|UPS_TRANSFER_PROPAGATION_EVIDENCE|ABSTAIN_LOW_CONFIDENCE|ABSTAIN_LOW_MARGIN,False,0.0023363049986073747,0.0,0.0,0.0,0.0,0.09999999999999998,0.0,0.0,0.0,0.0,0.0,0.0,0.0,0.9
ALWAYS_UNKNOWN,test-run-0006,300,3.0,1.0,GRID_VOLTAGE_SWELL,UNKNOWN,GRID_SWELL_OBSERVED|ABSTAIN_LOW_CONFIDENCE|ABSTAIN_LOW_MARGIN,False,0.0024798940030450467,0.0,0.0,0.0,0.0,0.0,0.0,0.0,0.0,0.0,0.0,0.0,0.0,1.0
ALWAYS_UNKNOWN,test-run-0006,400,4.0,2.0,GRID_VOLTAGE_SWELL,UNKNOWN,GRID_SWELL_OBSERVED|ABSTAIN_LOW_CONFIDENCE|ABSTAIN_LOW_MARGIN,False,0.002232814000308281,0.0,0.0,0.0,0.0,0.0,0.0,0.0,0.0,0.0,0.0,0.0,0.0,1.0
ALWAYS_UNKNOWN,test-run-0006,500,5.0,3.0,GRID_VOLTAGE_SWELL,UNKNOWN,GRID_SWELL_OBSERVED|ABSTAIN_LOW_CONFIDENCE|ABSTAIN_LOW_MARGIN,False,0.0023544180003227666,0.0,0.0,0.0,0.0,0.0,0.0,0.0,0.0,0.0,0.0,0.0,0.0,1.0
ALWAYS_UNKNOWN,test-run-0007,300,3.0,1.0,GRID_VOLTAGE_SWELL,UNKNOWN,GRID_SWELL_OBSERVED|ABSTAIN_LOW_CONFIDENCE|ABSTAIN_LOW_MARGIN,False,0.0024891739994927775,0.0,0.0,0.0,0.0,0.0,0.0,0.0,0.0,0.0,0.0,0.0,0.0,1.0
ALWAYS_UNKNOWN,test-run-0007,400,4.0,2.0,GRID_VOLTAGE_SWELL,UNKNOWN,GRID_SWELL_OBSERVED|ABSTAIN_LOW_CONFIDENCE|ABSTAIN_LOW_MARGIN,False,0.002240365000034217,0.0,0.0,0.0,0.0,0.0,0.0,0.0,0.0,0.0,0.0,0.0,0.0,1.0
ALWAYS_UNKNOWN,test-run-0007,500,5.0,3.0,GRID_VOLTAGE_SWELL,UNKNOWN,GRID_SWELL_OBSERVED|ABSTAIN_LOW_CONFIDENCE|ABSTAIN_LOW_MARGIN,False,0.0026964450007653795,0.0,0.0,0.0,0.0,0.0,0.0,0.0,0.0,0.0,0.0,0.0,0.0,1.0
ALWAYS_UNKNOWN,test-run-0008,300,3.0,1.0,GRID_VOLTAGE_SWELL,UNKNOWN,GRID_SWELL_OBSERVED|ABSTAIN_LOW_CONFIDENCE|ABSTAIN_LOW_MARGIN,False,0.0024793499978841282,0.0,0.0,0.0,0.0,0.0,0.0,0.0,0.0,0.0,0.0,0.0,0.0,1.0
ALWAYS_UNKNOWN,test-run-0008,400,4.0,2.0,GRID_VOLTAGE_SWELL,UNKNOWN,GRID_SWELL_OBSERVED|ABSTAIN_LOW_CONFIDENCE|ABSTAIN_LOW_MARGIN,False,0.0022050039988243952,0.0,0.0,0.0,0.0,0.0,0.0,0.0,0.0,0.0,0.0,0.0,0.0,1.0
ALWAYS_UNKNOWN,test-run-0008,500,5.0,3.0,GRID_VOLTAGE_SWELL,UNKNOWN,GRID_SWELL_OBSERVED|ABSTAIN_LOW_CONFIDENCE|ABSTAIN_LOW_MARGIN,False,0.002334641001652926,0.0,0.0,0.0,0.0,0.0,0.0,0.0,0.0,0.0,0.0,0.0,0.0,1.0
ALWAYS_UNKNOWN,test-run-0009,300,3.0,1.0,GRID_VOLTAGE_SWELL,UNKNOWN,ABSTAIN_LOW_CONFIDENCE|ABSTAIN_LOW_MARGIN,False,0.0024762139983067755,0.0,0.0,0.0,0.0,0.0,0.0,0.0,0.0,0.0,0.0,0.0,0.0,1.0
ALWAYS_UNKNOWN,test-run-0009,400,4.0,2.0,GRID_VOLTAGE_SWELL,UNKNOWN,ABSTAIN_LOW_CONFIDENCE|ABSTAIN_LOW_MARGIN,False,0.002182092001021374,0.0,0.0,0.0,0.0,0.0,0.0,0.0,0.0,0.0,0.0,0.0,0.0,1.0
ALWAYS_UNKNOWN,test-run-0009,500,5.0,3.0,GRID_VOLTAGE_SWELL,UNKNOWN,ABSTAIN_LOW_CONFIDENCE|ABSTAIN_LOW_MARGIN,False,0.0024118920009641442,0.0,0.0,0.0,0.0,0.0,0.0,0.0,0.0,0.0,0.0,0.0,0.0,1.0
ALWAYS_UNKNOWN,test-run-0010,300,3.0,1.0,GRID_VOLTAGE_SWELL,UNKNOWN,GRID_SWELL_OBSERVED|ABSTAIN_LOW_CONFIDENCE|ABSTAIN_LOW_MARGIN,False,0.002510999998776242,0.0,0.0,0.0,0.0,0.0,0.0,0.0,0.0,0.0,0.0,0.0,0.0,1.0
ALWAYS_UNKNOWN,test-run-0010,400,4.0,2.0,GRID_VOLTAGE_SWELL,UNKNOWN,GRID_SWELL_OBSERVED|ABSTAIN_LOW_CONFIDENCE|ABSTAIN_LOW_MARGIN,False,0.00221511700146948,0.0,0.0,0.0,0.0,0.0,0.0,0.0,0.0,0.0,0.0,0.0,0.0,1.0
ALWAYS_UNKNOWN,test-run-0010,500,5.0,3.0,GRID_VOLTAGE_SWELL,UNKNOWN,GRID_SWELL_OBSERVED|ABSTAIN_LOW_CONFIDENCE|ABSTAIN_LOW_MARGIN,False,0.0025451120018260553,0.0,0.0,0.0,0.0,0.0,0.0,0.0,0.0,0.0,0.0,0.0,0.0,1.0
ALWAYS_UNKNOWN,test-run-0011,300,3.0,1.0,GRID_VOLTAGE_SWELL,UNKNOWN,ABSTAIN_LOW_CONFIDENCE|ABSTAIN_LOW_MARGIN,False,0.002473589000146603,0.0,0.0,0.0,0.0,0.0,0.0,0.0,0.0,0.0,0.0,0.0,0.0,1.0
ALWAYS_UNKNOWN,test-run-0011,400,4.0,2.0,GRID_VOLTAGE_SWELL,UNKNOWN,ABSTAIN_LOW_CONFIDENCE|ABSTAIN_LOW_MARGIN,False,0.002208813002653187,0.0,0.0,0.0,0.0,0.0,0.0,0.0,0.0,0.0,0.0,0.0,0.0,1.0
ALWAYS_UNKNOWN,test-run-0011,500,5.0,3.0,GRID_VOLTAGE_SWELL,UNKNOWN,ABSTAIN_LOW_CONFIDENCE|ABSTAIN_LOW_MARGIN,False,0.002296624003065517,0.0,0.0,0.0,0.0,0.0,0.0,0.0,0.0,0.0,0.0,0.0,0.0,1.0
ALWAYS_UNKNOWN,test-run-0012,300,3.0,1.0,GRID_INTERRUPTION,UNKNOWN,GRID_LOSS_TO_UPS_RESPONSE|UPS_TRANSFER_PROPAGATION_EVIDENCE|ABSTAIN_LOW_CONFIDENCE|ABSTAIN_LOW_MARGIN,False,0.002488246998836985,0.0,0.0,0.0,0.0,0.09999999999999998,0.0,0.0,0.0,0.0,0.0,0.0,0.0,0.9
ALWAYS_UNKNOWN,test-run-0012,400,4.0,2.0,GRID_INTERRUPTION,UNKNOWN,GRID_LOSS_TO_UPS_RESPONSE|UPS_TRANSFER_PROPAGATION_EVIDENCE|ABSTAIN_LOW_CONFIDENCE|ABSTAIN_LOW_MARGIN,False,0.002250574998470256,0.0,0.0,0.0,0.0,0.09999999999999998,0.0,0.0,0.0,0.0,0.0,0.0,0.0,0.9
ALWAYS_UNKNOWN,test-run-0012,500,5.0,3.0,GRID_INTERRUPTION,UNKNOWN,GRID_LOSS_TO_UPS_RESPONSE|UPS_TRANSFER_PROPAGATION_EVIDENCE|ABSTAIN_LOW_CONFIDENCE|ABSTAIN_LOW_MARGIN,False,0.0023617459992237855,0.0,0.0,0.0,0.0,0.09999999999999998,0.0,0.0,0.0,0.0,0.0,0.0,0.0,0.9
ALWAYS_UNKNOWN,test-run-0013,300,3.0,1.0,GRID_INTERRUPTION,UNKNOWN,GRID_LOSS_TO_UPS_RESPONSE|UPS_TRANSFER_PROPAGATION_EVIDENCE|ABSTAIN_LOW_CONFIDENCE|ABSTAIN_LOW_MARGIN,False,0.0025315439997939393,0.0,0.0,0.0,0.0,0.09999999999999998,0.0,0.0,0.0,0.0,0.0,0.0,0.0,0.9
ALWAYS_UNKNOWN,test-run-0013,400,4.0,2.0,GRID_INTERRUPTION,UNKNOWN,GRID_LOSS_TO_UPS_RESPONSE|UPS_TRANSFER_PROPAGATION_EVIDENCE|ABSTAIN_LOW_CONFIDENCE|ABSTAIN_LOW_MARGIN,False,0.002497047000360908,0.0,0.0,0.0,0.0,0.09999999999999998,0.0,0.0,0.0,0.0,0.0,0.0,0.0,0.9
ALWAYS_UNKNOWN,test-run-0013,500,5.0,3.0,GRID_INTERRUPTION,UNKNOWN,GRID_LOSS_TO_UPS_RESPONSE|UPS_TRANSFER_PROPAGATION_EVIDENCE|ABSTAIN_LOW_CONFIDENCE|ABSTAIN_LOW_MARGIN,False,0.0023388340014207643,0.0,0.0,0.0,0.0,0.09999999999999998,0.0,0.0,0.0,0.0,0.0,0.0,0.0,0.9
ALWAYS_UNKNOWN,test-run-0014,300,3.0,1.0,GRID_INTERRUPTION,UNKNOWN,GRID_LOSS_TO_UPS_RESPONSE|UPS_TRANSFER_PROPAGATION_EVIDENCE|ABSTAIN_LOW_CONFIDENCE|ABSTAIN_LOW_MARGIN,False,0.00240866000240203,0.0,0.0,0.0,0.0,0.09999999999999998,0.0,0.0,0.0,0.0,0.0,0.0,0.0,0.9
ALWAYS_UNKNOWN,test-run-0014,400,4.0,2.0,GRID_INTERRUPTION,UNKNOWN,GRID_LOSS_TO_UPS_RESPONSE|UPS_TRANSFER_PROPAGATION_EVIDENCE|ABSTAIN_LOW_CONFIDENCE|ABSTAIN_LOW_MARGIN,False,0.0021768119986518286,0.0,0.0,0.0,0.0,0.09999999999999998,0.0,0.0,0.0,0.0,0.0,0.0,0.0,0.9
ALWAYS_UNKNOWN,test-run-0014,500,5.0,3.0,GRID_INTERRUPTION,UNKNOWN,GRID_LOSS_TO_UPS_RESPONSE|UPS_TRANSFER_PROPAGATION_EVIDENCE|ABSTAIN_LOW_CONFIDENCE|ABSTAIN_LOW_MARGIN,False,0.0023763070021232124,0.0,0.0,0.0,0.0,0.09999999999999998,0.0,0.0,0.0,0.0,0.0,0.0,0.0,0.9
ALWAYS_UNKNOWN,test-run-0015,300,3.0,1.0,GRID_INTERRUPTION,UNKNOWN,GRID_LOSS_TO_UPS_RESPONSE|UPS_TRANSFER_PROPAGATION_EVIDENCE|ABSTAIN_LOW_CONFIDENCE|ABSTAIN_LOW_MARGIN,False,0.002463573997374624,0.0,0.0,0.0,0.0,0.09999999999999998,0.0,0.0,0.0,0.0,0.0,0.0,0.0,0.9
ALWAYS_UNKNOWN,test-run-0015,400,4.0,2.0,GRID_INTERRUPTION,UNKNOWN,GRID_LOSS_TO_UPS_RESPONSE|UPS_TRANSFER_PROPAGATION_EVIDENCE|ABSTAIN_LOW_CONFIDENCE|ABSTAIN_LOW_MARGIN,False,0.00226929500058759,0.0,0.0,0.0,0.0,0.09999999999999998,0.0,0.0,0.0,0.0,0.0,0.0,0.0,0.9
ALWAYS_UNKNOWN,test-run-0015,500,5.0,3.0,GRID_INTERRUPTION,UNKNOWN,GRID_LOSS_TO_UPS_RESPONSE|UPS_TRANSFER_PROPAGATION_EVIDENCE|ABSTAIN_LOW_CONFIDENCE|ABSTAIN_LOW_MARGIN,False,0.0023721140023553744,0.0,0.0,0.0,0.0,0.09999999999999998,0.0,0.0,0.0,0.0,0.0,0.0,0.0,0.9
ALWAYS_UNKNOWN,test-run-0016,300,3.0,1.0,GRID_INTERRUPTION,UNKNOWN,GRID_LOSS_TO_UPS_RESPONSE|UPS_TRANSFER_PROPAGATION_EVIDENCE|ABSTAIN_LOW_CONFIDENCE|ABSTAIN_LOW_MARGIN,False,0.002511734997824533,0.0,0.0,0.0,0.0,0.09999999999999998,0.0,0.0,0.0,0.0,0.0,0.0,0.0,0.9
ALWAYS_UNKNOWN,test-run-0016,400,4.0,2.0,GRID_INTERRUPTION,UNKNOWN,GRID_LOSS_TO_UPS_RESPONSE|UPS_TRANSFER_PROPAGATION_EVIDENCE|ABSTAIN_LOW_CONFIDENCE|ABSTAIN_LOW_MARGIN,False,0.0025732100002642255,0.0,0.0,0.0,0.0,0.09999999999999998,0.0,0.0,0.0,0.0,0.0,0.0,0.0,0.9
ALWAYS_UNKNOWN,test-run-0016,500,5.0,3.0,GRID_INTERRUPTION,UNKNOWN,GRID_LOSS_TO_UPS_RESPONSE|UPS_TRANSFER_PROPAGATION_EVIDENCE|ABSTAIN_LOW_CONFIDENCE|ABSTAIN_LOW_MARGIN,False,0.0024790300012682565,0.0,0.0,0.0,0.0,0.09999999999999998,0.0,0.0,0.0,0.0,0.0,0.0,0.0,0.9
ALWAYS_UNKNOWN,test-run-0017,300,3.0,1.0,GRID_INTERRUPTION,UNKNOWN,GRID_LOSS_TO_UPS_RESPONSE|UPS_TRANSFER_PROPAGATION_EVIDENCE|ABSTAIN_LOW_CONFIDENCE|ABSTAIN_LOW_MARGIN,False,0.0024658769980305806,0.0,0.0,0.0,0.0,0.09999999999999998,0.0,0.0,0.0,0.0,0.0,0.0,0.0,0.9
ALWAYS_UNKNOWN,test-run-0017,400,4.0,2.0,GRID_INTERRUPTION,UNKNOWN,GRID_LOSS_TO_UPS_RESPONSE|UPS_TRANSFER_PROPAGATION_EVIDENCE|ABSTAIN_LOW_CONFIDENCE|ABSTAIN_LOW_MARGIN,False,0.002322832999197999,0.0,0.0,0.0,0.0,0.09999999999999998,0.0,0.0,0.0,0.0,0.0,0.0,0.0,0.9
ALWAYS_UNKNOWN,test-run-0017,500,5.0,3.0,GRID_INTERRUPTION,UNKNOWN,GRID_LOSS_TO_UPS_RESPONSE|UPS_TRANSFER_PROPAGATION_EVIDENCE|ABSTAIN_LOW_CONFIDENCE|ABSTAIN_LOW_MARGIN,False,0.002340112998354016,0.0,0.0,0.0,0.0,0.09999999999999998,0.0,0.0,0.0,0.0,0.0,0.0,0.0,0.9
ALWAYS_UNKNOWN,test-run-0018,300,3.0,1.0,GRID_FREQUENCY_DEVIATION,UNKNOWN,GRID_FREQUENCY_DEVIATION_OBSERVED|ABSTAIN_LOW_CONFIDENCE|ABSTAIN_LOW_MARGIN,False,0.002554393002355937,0.0,0.0,0.0,0.0,0.0,0.0,0.0,0.0,0.0,0.0,0.0,0.0,1.0
ALWAYS_UNKNOWN,test-run-0018,400,4.0,2.0,GRID_FREQUENCY_DEVIATION,UNKNOWN,GRID_FREQUENCY_DEVIATION_OBSERVED|ABSTAIN_LOW_CONFIDENCE|ABSTAIN_LOW_MARGIN,False,0.002288592000695644,0.0,0.0,0.0,0.0,0.0,0.0,0.0,0.0,0.0,0.0,0.0,0.0,1.0
ALWAYS_UNKNOWN,test-run-0018,500,5.0,3.0,GRID_FREQUENCY_DEVIATION,UNKNOWN,GRID_FREQUENCY_DEVIATION_OBSERVED|ABSTAIN_LOW_CONFIDENCE|ABSTAIN_LOW_MARGIN,False,0.0024151239995262586,0.0,0.0,0.0,0.0,0.0,0.0,0.0,0.0,0.0,0.0,0.0,0.0,1.0
ALWAYS_UNKNOWN,test-run-0019,300,3.0,1.0,GRID_FREQUENCY_DEVIATION,UNKNOWN,GRID_FREQUENCY_DEVIATION_OBSERVED|ABSTAIN_LOW_CONFIDENCE|ABSTAIN_LOW_MARGIN,False,0.002706909999687923,0.0,0.0,0.0,0.0,0.0,0.0,0.0,0.0,0.0,0.0,0.0,0.0,1.0
ALWAYS_UNKNOWN,test-run-0019,400,4.0,2.0,GRID_FREQUENCY_DEVIATION,UNKNOWN,GRID_FREQUENCY_DEVIATION_OBSERVED|ABSTAIN_LOW_CONFIDENCE|ABSTAIN_LOW_MARGIN,False,0.002309711999259889,0.0,0.0,0.0,0.0,0.0,0.0,0.0,0.0,0.0,0.0,0.0,0.0,1.0
ALWAYS_UNKNOWN,test-run-0019,500,5.0,3.0,GRID_FREQUENCY_DEVIATION,UNKNOWN,GRID_FREQUENCY_DEVIATION_OBSERVED|ABSTAIN_LOW_CONFIDENCE|ABSTAIN_LOW_MARGIN,False,0.0023367210014839657,0.0,0.0,0.0,0.0,0.0,0.0,0.0,0.0,0.0,0.0,0.0,0.0,1.0
ALWAYS_UNKNOWN,test-run-0020,300,3.0,1.0,GRID_FREQUENCY_DEVIATION,UNKNOWN,GRID_FREQUENCY_DEVIATION_OBSERVED|ABSTAIN_LOW_CONFIDENCE|ABSTAIN_LOW_MARGIN,False,0.0024877669966372196,0.0,0.0,0.0,0.0,0.0,0.0,0.0,0.0,0.0,0.0,0.0,0.0,1.0
ALWAYS_UNKNOWN,test-run-0020,400,4.0,2.0,GRID_FREQUENCY_DEVIATION,UNKNOWN,GRID_FREQUENCY_DEVIATION_OBSERVED|ABSTAIN_LOW_CONFIDENCE|ABSTAIN_LOW_MARGIN,False,0.0023611700016772375,0.0,0.0,0.0,0.0,0.0,0.0,0.0,0.0,0.0,0.0,0.0,0.0,1.0
ALWAYS_UNKNOWN,test-run-0020,500,5.0,3.0,GRID_FREQUENCY_DEVIATION,UNKNOWN,GRID_FREQUENCY_DEVIATION_OBSERVED|ABSTAIN_LOW_CONFIDENCE|ABSTAIN_LOW_MARGIN,False,0.002703358000871958,0.0,0.0,0.0,0.0,0.0,0.0,0.0,0.0,0.0,0.0,0.0,0.0,1.0
ALWAYS_UNKNOWN,test-run-0021,300,3.0,1.0,GRID_FREQUENCY_DEVIATION,UNKNOWN,GRID_FREQUENCY_DEVIATION_OBSERVED|ABSTAIN_LOW_CONFIDENCE|ABSTAIN_LOW_MARGIN,False,0.0025301999994553626,0.0,0.0,0.0,0.0,0.0,0.0,0.0,0.0,0.0,0.0,0.0,0.0,1.0
ALWAYS_UNKNOWN,test-run-0021,400,4.0,2.0,GRID_FREQUENCY_DEVIATION,UNKNOWN,GRID_FREQUENCY_DEVIATION_OBSERVED|ABSTAIN_LOW_CONFIDENCE|ABSTAIN_LOW_MARGIN,False,0.0022827030006737914,0.0,0.0,0.0,0.0,0.0,0.0,0.0,0.0,0.0,0.0,0.0,0.0,1.0
ALWAYS_UNKNOWN,test-run-0021,500,5.0,3.0,GRID_FREQUENCY_DEVIATION,UNKNOWN,GRID_FREQUENCY_DEVIATION_OBSERVED|ABSTAIN_LOW_CONFIDENCE|ABSTAIN_LOW_MARGIN,False,0.0023896189995866735,0.0,0.0,0.0,0.0,0.0,0.0,0.0,0.0,0.0,0.0,0.0,0.0,1.0
ALWAYS_UNKNOWN,test-run-0022,300,3.0,1.0,GRID_FREQUENCY_DEVIATION,UNKNOWN,GRID_FREQUENCY_DEVIATION_OBSERVED|ABSTAIN_LOW_CONFIDENCE|ABSTAIN_LOW_MARGIN,False,0.00247867799771484,0.0,0.0,0.0,0.0,0.0,0.0,0.0,0.0,0.0,0.0,0.0,0.0,1.0
ALWAYS_UNKNOWN,test-run-0022,400,4.0,2.0,GRID_FREQUENCY_DEVIATION,UNKNOWN,GRID_FREQUENCY_DEVIATION_OBSERVED|ABSTAIN_LOW_CONFIDENCE|ABSTAIN_LOW_MARGIN,False,0.0023174240013759118,0.0,0.0,0.0,0.0,0.0,0.0,0.0,0.0,0.0,0.0,0.0,0.0,1.0
ALWAYS_UNKNOWN,test-run-0022,500,5.0,3.0,GRID_FREQUENCY_DEVIATION,UNKNOWN,GRID_FREQUENCY_DEVIATION_OBSERVED|ABSTAIN_LOW_CONFIDENCE|ABSTAIN_LOW_MARGIN,False,0.002380113997787703,0.0,0.0,0.0,0.0,0.0,0.0,0.0,0.0,0.0,0.0,0.0,0.0,1.0
ALWAYS_UNKNOWN,test-run-0023,300,3.0,1.0,GRID_FREQUENCY_DEVIATION,UNKNOWN,GRID_FREQUENCY_DEVIATION_OBSERVED|ABSTAIN_LOW_CONFIDENCE|ABSTAIN_LOW_MARGIN,False,0.002510967002308462,0.0,0.0,0.0,0.0,0.0,0.0,0.0,0.0,0.0,0.0,0.0,0.0,1.0
ALWAYS_UNKNOWN,test-run-0023,400,4.0,2.0,GRID_FREQUENCY_DEVIATION,UNKNOWN,GRID_FREQUENCY_DEVIATION_OBSERVED|ABSTAIN_LOW_CONFIDENCE|ABSTAIN_LOW_MARGIN,False,0.00252312800148502,0.0,0.0,0.0,0.0,0.0,0.0,0.0,0.0,0.0,0.0,0.0,0.0,1.0
ALWAYS_UNKNOWN,test-run-0023,500,5.0,3.0,GRID_FREQUENCY_DEVIATION,UNKNOWN,GRID_FREQUENCY_DEVIATION_OBSERVED|ABSTAIN_LOW_CONFIDENCE|ABSTAIN_LOW_MARGIN,False,0.0023826420001569204,0.0,0.0,0.0,0.0,0.0,0.0,0.0,0.0,0.0,0.0,0.0,0.0,1.0
ALWAYS_UNKNOWN,test-run-0024,300,3.0,1.0,PUMP_TRIP,UNKNOWN,VFD_TO_MOTOR_TO_PUMP_LOSS|VFD_DERATING_PROPAGATION_EVIDENCE|ABSTAIN_LOW_CONFIDENCE|ABSTAIN_LOW_MARGIN,False,0.0024962150018836837,0.0,0.0,0.0,0.0,0.0,0.09999999999999998,0.0,0.0,0.0,0.0,0.0,0.0,0.9
ALWAYS_UNKNOWN,test-run-0024,400,4.0,2.0,PUMP_TRIP,UNKNOWN,VFD_TO_MOTOR_TO_PUMP_LOSS|VFD_DERATING_PROPAGATION_EVIDENCE|ABSTAIN_LOW_CONFIDENCE|ABSTAIN_LOW_MARGIN,False,0.002305871999851661,0.0,0.0,0.0,0.0,0.0,0.09999999999999998,0.0,0.0,0.0,0.0,0.0,0.0,0.9
ALWAYS_UNKNOWN,test-run-0024,500,5.0,3.0,PUMP_TRIP,UNKNOWN,VFD_TO_MOTOR_TO_PUMP_LOSS|VFD_DERATING_PROPAGATION_EVIDENCE|ABSTAIN_LOW_CONFIDENCE|ABSTAIN_LOW_MARGIN,False,0.0024043390003498644,0.0,0.0,0.0,0.0,0.0,0.09999999999999998,0.0,0.0,0.0,0.0,0.0,0.0,0.9
ALWAYS_UNKNOWN,test-run-0025,300,3.0,1.0,PUMP_TRIP,UNKNOWN,VFD_TO_MOTOR_TO_PUMP_LOSS|VFD_DERATING_PROPAGATION_EVIDENCE|ABSTAIN_LOW_CONFIDENCE|ABSTAIN_LOW_MARGIN,False,0.002547831998526817,0.0,0.0,0.0,0.0,0.0,0.09999999999999998,0.0,0.0,0.0,0.0,0.0,0.0,0.9
ALWAYS_UNKNOWN,test-run-0025,400,4.0,2.0,PUMP_TRIP,UNKNOWN,VFD_TO_MOTOR_TO_PUMP_LOSS|VFD_DERATING_PROPAGATION_EVIDENCE|ABSTAIN_LOW_CONFIDENCE|ABSTAIN_LOW_MARGIN,False,0.0022631499996350612,0.0,0.0,0.0,0.0,0.0,0.09999999999999998,0.0,0.0,0.0,0.0,0.0,0.0,0.9
ALWAYS_UNKNOWN,test-run-0025,500,5.0,3.0,PUMP_TRIP,UNKNOWN,VFD_TO_MOTOR_TO_PUMP_LOSS|VFD_DERATING_PROPAGATION_EVIDENCE|ABSTAIN_LOW_CONFIDENCE|ABSTAIN_LOW_MARGIN,False,0.002411444002063945,0.0,0.0,0.0,0.0,0.0,0.09999999999999998,0.0,0.0,0.0,0.0,0.0,0.0,0.9
ALWAYS_UNKNOWN,test-run-0026,300,3.0,1.0,PUMP_TRIP,UNKNOWN,VFD_TO_MOTOR_TO_PUMP_LOSS|VFD_DERATING_PROPAGATION_EVIDENCE|ABSTAIN_LOW_CONFIDENCE|ABSTAIN_LOW_MARGIN,False,0.002543415997934062,0.0,0.0,0.0,0.0,0.0,0.09999999999999998,0.0,0.0,0.0,0.0,0.0,0.0,0.9
ALWAYS_UNKNOWN,test-run-0026,400,4.0,2.0,PUMP_TRIP,UNKNOWN,VFD_TO_MOTOR_TO_PUMP_LOSS|VFD_DERATING_PROPAGATION_EVIDENCE|ABSTAIN_LOW_CONFIDENCE|ABSTAIN_LOW_MARGIN,False,0.0025447599982726388,0.0,0.0,0.0,0.0,0.0,0.09999999999999998,0.0,0.0,0.0,0.0,0.0,0.0,0.9
ALWAYS_UNKNOWN,test-run-0026,500,5.0,3.0,PUMP_TRIP,UNKNOWN,VFD_TO_MOTOR_TO_PUMP_LOSS|VFD_DERATING_PROPAGATION_EVIDENCE|ABSTAIN_LOW_CONFIDENCE|ABSTAIN_LOW_MARGIN,False,0.002440052998281317,0.0,0.0,0.0,0.0,0.0,0.09999999999999998,0.0,0.0,0.0,0.0,0.0,0.0,0.9
ALWAYS_UNKNOWN,test-run-0027,300,3.0,1.0,PUMP_TRIP,UNKNOWN,VFD_TO_MOTOR_TO_PUMP_LOSS|VFD_DERATING_PROPAGATION_EVIDENCE|ABSTAIN_LOW_CONFIDENCE|ABSTAIN_LOW_MARGIN,False,0.0025533049993100576,0.0,0.0,0.0,0.0,0.0,0.09999999999999998,0.0,0.0,0.0,0.0,0.0,0.0,0.9
ALWAYS_UNKNOWN,test-run-0027,400,4.0,2.0,PUMP_TRIP,UNKNOWN,VFD_TO_MOTOR_TO_PUMP_LOSS|VFD_DERATING_PROPAGATION_EVIDENCE|ABSTAIN_LOW_CONFIDENCE|ABSTAIN_LOW_MARGIN,False,0.0023042079992592335,0.0,0.0,0.0,0.0,0.0,0.09999999999999998,0.0,0.0,0.0,0.0,0.0,0.0,0.9
ALWAYS_UNKNOWN,test-run-0027,500,5.0,3.0,PUMP_TRIP,UNKNOWN,VFD_TO_MOTOR_TO_PUMP_LOSS|VFD_DERATING_PROPAGATION_EVIDENCE|ABSTAIN_LOW_CONFIDENCE|ABSTAIN_LOW_MARGIN,False,0.002430323998851236,0.0,0.0,0.0,0.0,0.0,0.09999999999999998,0.0,0.0,0.0,0.0,0.0,0.0,0.9
ALWAYS_UNKNOWN,test-run-0028,300,3.0,1.0,PUMP_TRIP,UNKNOWN,VFD_TO_MOTOR_TO_PUMP_LOSS|VFD_DERATING_PROPAGATION_EVIDENCE|ABSTAIN_LOW_CONFIDENCE|ABSTAIN_LOW_MARGIN,False,0.002505591000954155,0.0,0.0,0.0,0.0,0.0,0.09999999999999998,0.0,0.0,0.0,0.0,0.0,0.0,0.9
ALWAYS_UNKNOWN,test-run-0028,400,4.0,2.0,PUMP_TRIP,UNKNOWN,VFD_TO_MOTOR_TO_PUMP_LOSS|VFD_DERATING_PROPAGATION_EVIDENCE|ABSTAIN_LOW_CONFIDENCE|ABSTAIN_LOW_MARGIN,False,0.0022885279977344908,0.0,0.0,0.0,0.0,0.0,0.09999999999999998,0.0,0.0,0.0,0.0,0.0,0.0,0.9
ALWAYS_UNKNOWN,test-run-0028,500,5.0,3.0,PUMP_TRIP,UNKNOWN,VFD_TO_MOTOR_TO_PUMP_LOSS|VFD_DERATING_PROPAGATION_EVIDENCE|ABSTAIN_LOW_CONFIDENCE|ABSTAIN_LOW_MARGIN,False,0.0023864190006861463,0.0,0.0,0.0,0.0,0.0,0.09999999999999998,0.0,0.0,0.0,0.0,0.0,0.0,0.9
ALWAYS_UNKNOWN,test-run-0029,300,3.0,1.0,PUMP_TRIP,UNKNOWN,VFD_TO_MOTOR_TO_PUMP_LOSS|VFD_DERATING_PROPAGATION_EVIDENCE|ABSTAIN_LOW_CONFIDENCE|ABSTAIN_LOW_MARGIN,False,0.0025915459991665557,0.0,0.0,0.0,0.0,0.0,0.09999999999999998,0.0,0.0,0.0,0.0,0.0,0.0,0.9
ALWAYS_UNKNOWN,test-run-0029,400,4.0,2.0,PUMP_TRIP,UNKNOWN,VFD_TO_MOTOR_TO_PUMP_LOSS|VFD_DERATING_PROPAGATION_EVIDENCE|ABSTAIN_LOW_CONFIDENCE|ABSTAIN_LOW_MARGIN,False,0.0024173960009648,0.0,0.0,0.0,0.0,0.0,0.09999999999999998,0.0,0.0,0.0,0.0,0.0,0.0,0.9
ALWAYS_UNKNOWN,test-run-0029,500,5.0,3.0,PUMP_TRIP,UNKNOWN,VFD_TO_MOTOR_TO_PUMP_LOSS|VFD_DERATING_PROPAGATION_EVIDENCE|ABSTAIN_LOW_CONFIDENCE|ABSTAIN_LOW_MARGIN,False,0.00234148899835418,0.0,0.0,0.0,0.0,0.0,0.09999999999999998,0.0,0.0,0.0,0.0,0.0,0.0,0.9
ALWAYS_UNKNOWN,test-run-0030,300,3.0,1.0,VALVE_RESTRICTION,UNKNOWN,VALVE_TO_TOOL_FLOW_RESTRICTION|ABSTAIN_LOW_CONFIDENCE|ABSTAIN_LOW_MARGIN,False,0.0024581010002293624,0.0,0.0,0.0,0.0,0.0,0.0,0.0,0.0,0.0,0.0,0.0,0.0,1.0
ALWAYS_UNKNOWN,test-run-0030,400,4.0,2.0,VALVE_RESTRICTION,UNKNOWN,VALVE_TO_TOOL_FLOW_RESTRICTION|ABSTAIN_LOW_CONFIDENCE|ABSTAIN_LOW_MARGIN,False,0.0024797669975669123,0.0,0.0,0.0,0.0,0.0,0.0,0.0,0.0,0.0,0.0,0.0,0.0,1.0
ALWAYS_UNKNOWN,test-run-0030,500,5.0,3.0,VALVE_RESTRICTION,UNKNOWN,VALVE_TO_TOOL_FLOW_RESTRICTION|ABSTAIN_LOW_CONFIDENCE|ABSTAIN_LOW_MARGIN,False,0.0023825150019547436,0.0,0.0,0.0,0.0,0.0,0.0,0.0,0.0,0.0,0.0,0.0,0.0,1.0
ALWAYS_UNKNOWN,test-run-0031,300,3.0,1.0,VALVE_RESTRICTION,UNKNOWN,VALVE_TO_TOOL_FLOW_RESTRICTION|ABSTAIN_LOW_CONFIDENCE|ABSTAIN_LOW_MARGIN,False,0.0025789700011955574,0.0,0.0,0.0,0.0,0.0,0.0,0.0,0.0,0.0,0.0,0.0,0.0,1.0
ALWAYS_UNKNOWN,test-run-0031,400,4.0,2.0,VALVE_RESTRICTION,UNKNOWN,VALVE_TO_TOOL_FLOW_RESTRICTION|ABSTAIN_LOW_CONFIDENCE|ABSTAIN_LOW_MARGIN,False,0.0022319819981930777,0.0,0.0,0.0,0.0,0.0,0.0,0.0,0.0,0.0,0.0,0.0,0.0,1.0
ALWAYS_UNKNOWN,test-run-0031,500,5.0,3.0,VALVE_RESTRICTION,UNKNOWN,VALVE_TO_TOOL_FLOW_RESTRICTION|ABSTAIN_LOW_CONFIDENCE|ABSTAIN_LOW_MARGIN,False,0.0024003719991014805,0.0,0.0,0.0,0.0,0.0,0.0,0.0,0.0,0.0,0.0,0.0,0.0,1.0
ALWAYS_UNKNOWN,test-run-0032,300,3.0,1.0,VALVE_RESTRICTION,UNKNOWN,VALVE_TO_TOOL_FLOW_RESTRICTION|ABSTAIN_LOW_CONFIDENCE|ABSTAIN_LOW_MARGIN,False,0.0026891180023085326,0.0,0.0,0.0,0.0,0.0,0.0,0.0,0.0,0.0,0.0,0.0,0.0,1.0
ALWAYS_UNKNOWN,test-run-0032,400,4.0,2.0,VALVE_RESTRICTION,UNKNOWN,VALVE_TO_TOOL_FLOW_RESTRICTION|ABSTAIN_LOW_CONFIDENCE|ABSTAIN_LOW_MARGIN,False,0.0021730039989051875,0.0,0.0,0.0,0.0,0.0,0.0,0.0,0.0,0.0,0.0,0.0,0.0,1.0
ALWAYS_UNKNOWN,test-run-0032,500,5.0,3.0,VALVE_RESTRICTION,UNKNOWN,VALVE_TO_TOOL_FLOW_RESTRICTION|ABSTAIN_LOW_CONFIDENCE|ABSTAIN_LOW_MARGIN,False,0.002359058002184611,0.0,0.0,0.0,0.0,0.0,0.0,0.0,0.0,0.0,0.0,0.0,0.0,1.0
ALWAYS_UNKNOWN,test-run-0033,300,3.0,1.0,VALVE_RESTRICTION,UNKNOWN,VALVE_TO_TOOL_FLOW_RESTRICTION|ABSTAIN_LOW_CONFIDENCE|ABSTAIN_LOW_MARGIN,False,0.0024176519982574973,0.0,0.0,0.0,0.0,0.0,0.0,0.0,0.0,0.0,0.0,0.0,0.0,1.0
ALWAYS_UNKNOWN,test-run-0033,400,4.0,2.0,VALVE_RESTRICTION,UNKNOWN,VALVE_TO_TOOL_FLOW_RESTRICTION|ABSTAIN_LOW_CONFIDENCE|ABSTAIN_LOW_MARGIN,False,0.0022221569997782353,0.0,0.0,0.0,0.0,0.0,0.0,0.0,0.0,0.0,0.0,0.0,0.0,1.0
ALWAYS_UNKNOWN,test-run-0033,500,5.0,3.0,VALVE_RESTRICTION,UNKNOWN,VALVE_TO_TOOL_FLOW_RESTRICTION|ABSTAIN_LOW_CONFIDENCE|ABSTAIN_LOW_MARGIN,False,0.0022964319978200365,0.0,0.0,0.0,0.0,0.0,0.0,0.0,0.0,0.0,0.0,0.0,0.0,1.0
ALWAYS_UNKNOWN,test-run-0034,300,3.0,1.0,VALVE_RESTRICTION,UNKNOWN,VALVE_TO_TOOL_FLOW_RESTRICTION|ABSTAIN_LOW_CONFIDENCE|ABSTAIN_LOW_MARGIN,False,0.0024140999994415324,0.0,0.0,0.0,0.0,0.0,0.0,0.0,0.0,0.0,0.0,0.0,0.0,1.0
ALWAYS_UNKNOWN,test-run-0034,400,4.0,2.0,VALVE_RESTRICTION,UNKNOWN,VALVE_TO_TOOL_FLOW_RESTRICTION|ABSTAIN_LOW_CONFIDENCE|ABSTAIN_LOW_MARGIN,False,0.00222212600056082,0.0,0.0,0.0,0.0,0.0,0.0,0.0,0.0,0.0,0.0,0.0,0.0,1.0
ALWAYS_UNKNOWN,test-run-0034,500,5.0,3.0,VALVE_RESTRICTION,UNKNOWN,VALVE_TO_TOOL_FLOW_RESTRICTION|ABSTAIN_LOW_CONFIDENCE|ABSTAIN_LOW_MARGIN,False,0.002356722001422895,0.0,0.0,0.0,0.0,0.0,0.0,0.0,0.0,0.0,0.0,0.0,0.0,1.0
ALWAYS_UNKNOWN,test-run-0035,300,3.0,1.0,VALVE_RESTRICTION,UNKNOWN,VALVE_TO_TOOL_FLOW_RESTRICTION|ABSTAIN_LOW_CONFIDENCE|ABSTAIN_LOW_MARGIN,False,0.002653916999406647,0.0,0.0,0.0,0.0,0.0,0.0,0.0,0.0,0.0,0.0,0.0,0.0,1.0
ALWAYS_UNKNOWN,test-run-0035,400,4.0,2.0,VALVE_RESTRICTION,UNKNOWN,VALVE_TO_TOOL_FLOW_RESTRICTION|ABSTAIN_LOW_CONFIDENCE|ABSTAIN_LOW_MARGIN,False,0.002238254000985762,0.0,0.0,0.0,0.0,0.0,0.0,0.0,0.0,0.0,0.0,0.0,0.0,1.0
ALWAYS_UNKNOWN,test-run-0035,500,5.0,3.0,VALVE_RESTRICTION,UNKNOWN,VALVE_TO_TOOL_FLOW_RESTRICTION|ABSTAIN_LOW_CONFIDENCE|ABSTAIN_LOW_MARGIN,False,0.00230631999875186,0.0,0.0,0.0,0.0,0.0,0.0,0.0,0.0,0.0,0.0,0.0,0.0,1.0
ALWAYS_UNKNOWN,test-run-0036,300,3.0,1.0,TOOL_DEMAND_SPIKE,UNKNOWN,TOOL_DEMAND_TO_HYDRAULIC_RESPONSE|ABSTAIN_LOW_CONFIDENCE|ABSTAIN_LOW_MARGIN,False,0.00244971700158203,0.0,0.0,0.0,0.0,0.0,0.0,0.0,0.0,0.0,0.0,0.0,0.0,1.0
ALWAYS_UNKNOWN,test-run-0036,400,4.0,2.0,TOOL_DEMAND_SPIKE,UNKNOWN,TOOL_DEMAND_TO_HYDRAULIC_RESPONSE|ABSTAIN_LOW_CONFIDENCE|ABSTAIN_LOW_MARGIN,False,0.0021884919988224283,0.0,0.0,0.0,0.0,0.0,0.0,0.0,0.0,0.0,0.0,0.0,0.0,1.0
ALWAYS_UNKNOWN,test-run-0036,500,5.0,3.0,TOOL_DEMAND_SPIKE,UNKNOWN,TOOL_DEMAND_TO_HYDRAULIC_RESPONSE|ABSTAIN_LOW_CONFIDENCE|ABSTAIN_LOW_MARGIN,False,0.002295983998919837,0.0,0.0,0.0,0.0,0.0,0.0,0.0,0.0,0.0,0.0,0.0,0.0,1.0
ALWAYS_UNKNOWN,test-run-0037,300,3.0,1.0,TOOL_DEMAND_SPIKE,UNKNOWN,TOOL_DEMAND_TO_HYDRAULIC_RESPONSE|ABSTAIN_LOW_CONFIDENCE|ABSTAIN_LOW_MARGIN,False,0.002426389000902418,0.0,0.0,0.0,0.0,0.0,0.0,0.0,0.0,0.0,0.0,0.0,0.0,1.0
ALWAYS_UNKNOWN,test-run-0037,400,4.0,2.0,TOOL_DEMAND_SPIKE,UNKNOWN,TOOL_DEMAND_TO_HYDRAULIC_RESPONSE|ABSTAIN_LOW_CONFIDENCE|ABSTAIN_LOW_MARGIN,False,0.0022032769993529655,0.0,0.0,0.0,0.0,0.0,0.0,0.0,0.0,0.0,0.0,0.0,0.0,1.0
ALWAYS_UNKNOWN,test-run-0037,500,5.0,3.0,TOOL_DEMAND_SPIKE,UNKNOWN,TOOL_DEMAND_TO_HYDRAULIC_RESPONSE|ABSTAIN_LOW_CONFIDENCE|ABSTAIN_LOW_MARGIN,False,0.0024025479979172815,0.0,0.0,0.0,0.0,0.0,0.0,0.0,0.0,0.0,0.0,0.0,0.0,1.0
ALWAYS_UNKNOWN,test-run-0038,300,3.0,1.0,TOOL_DEMAND_SPIKE,UNKNOWN,TOOL_DEMAND_TO_HYDRAULIC_RESPONSE|ABSTAIN_LOW_CONFIDENCE|ABSTAIN_LOW_MARGIN,False,0.002622107000206597,0.0,0.0,0.0,0.0,0.0,0.0,0.0,0.0,0.0,0.0,0.0,0.0,1.0
ALWAYS_UNKNOWN,test-run-0038,400,4.0,2.0,TOOL_DEMAND_SPIKE,UNKNOWN,TOOL_DEMAND_TO_HYDRAULIC_RESPONSE|ABSTAIN_LOW_CONFIDENCE|ABSTAIN_LOW_MARGIN,False,0.0022230530012166128,0.0,0.0,0.0,0.0,0.0,0.0,0.0,0.0,0.0,0.0,0.0,0.0,1.0
ALWAYS_UNKNOWN,test-run-0038,500,5.0,3.0,TOOL_DEMAND_SPIKE,UNKNOWN,TOOL_DEMAND_TO_HYDRAULIC_RESPONSE|ABSTAIN_LOW_CONFIDENCE|ABSTAIN_LOW_MARGIN,False,0.0023008480020507704,0.0,0.0,0.0,0.0,0.0,0.0,0.0,0.0,0.0,0.0,0.0,0.0,1.0
ALWAYS_UNKNOWN,test-run-0039,300,3.0,1.0,TOOL_DEMAND_SPIKE,UNKNOWN,TOOL_DEMAND_TO_HYDRAULIC_RESPONSE|ABSTAIN_LOW_CONFIDENCE|ABSTAIN_LOW_MARGIN,False,0.002401491001364775,0.0,0.0,0.0,0.0,0.0,0.0,0.0,0.0,0.0,0.0,0.0,0.0,1.0
ALWAYS_UNKNOWN,test-run-0039,400,4.0,2.0,TOOL_DEMAND_SPIKE,UNKNOWN,TOOL_DEMAND_TO_HYDRAULIC_RESPONSE|ABSTAIN_LOW_CONFIDENCE|ABSTAIN_LOW_MARGIN,False,0.002189676000853069,0.0,0.0,0.0,0.0,0.0,0.0,0.0,0.0,0.0,0.0,0.0,0.0,1.0
ALWAYS_UNKNOWN,test-run-0039,500,5.0,3.0,TOOL_DEMAND_SPIKE,UNKNOWN,TOOL_DEMAND_TO_HYDRAULIC_RESPONSE|ABSTAIN_LOW_CONFIDENCE|ABSTAIN_LOW_MARGIN,False,0.0022821599995950237,0.0,0.0,0.0,0.0,0.0,0.0,0.0,0.0,0.0,0.0,0.0,0.0,1.0
ALWAYS_UNKNOWN,test-run-0040,300,3.0,1.0,TOOL_DEMAND_SPIKE,UNKNOWN,TOOL_DEMAND_TO_HYDRAULIC_RESPONSE|ABSTAIN_LOW_CONFIDENCE|ABSTAIN_LOW_MARGIN,False,0.0024800860010145698,0.0,0.0,0.0,0.0,0.0,0.0,0.0,0.0,0.0,0.0,0.0,0.0,1.0
ALWAYS_UNKNOWN,test-run-0040,400,4.0,2.0,TOOL_DEMAND_SPIKE,UNKNOWN,TOOL_DEMAND_TO_HYDRAULIC_RESPONSE|ABSTAIN_LOW_CONFIDENCE|ABSTAIN_LOW_MARGIN,False,0.0021781229988846462,0.0,0.0,0.0,0.0,0.0,0.0,0.0,0.0,0.0,0.0,0.0,0.0,1.0
ALWAYS_UNKNOWN,test-run-0040,500,5.0,3.0,TOOL_DEMAND_SPIKE,UNKNOWN,TOOL_DEMAND_TO_HYDRAULIC_RESPONSE|ABSTAIN_LOW_CONFIDENCE|ABSTAIN_LOW_MARGIN,False,0.002393906997895101,0.0,0.0,0.0,0.0,0.0,0.0,0.0,0.0,0.0,0.0,0.0,0.0,1.0
ALWAYS_UNKNOWN,test-run-0041,300,3.0,1.0,TOOL_DEMAND_SPIKE,UNKNOWN,TOOL_DEMAND_TO_HYDRAULIC_RESPONSE|ABSTAIN_LOW_CONFIDENCE|ABSTAIN_LOW_MARGIN,False,0.0026534360004006885,0.0,0.0,0.0,0.0,0.0,0.0,0.0,0.0,0.0,0.0,0.0,0.0,1.0
ALWAYS_UNKNOWN,test-run-0041,400,4.0,2.0,TOOL_DEMAND_SPIKE,UNKNOWN,TOOL_DEMAND_TO_HYDRAULIC_RESPONSE|ABSTAIN_LOW_CONFIDENCE|ABSTAIN_LOW_MARGIN,False,0.0021823480019520503,0.0,0.0,0.0,0.0,0.0,0.0,0.0,0.0,0.0,0.0,0.0,0.0,1.0
ALWAYS_UNKNOWN,test-run-0041,500,5.0,3.0,TOOL_DEMAND_SPIKE,UNKNOWN,TOOL_DEMAND_TO_HYDRAULIC_RESPONSE|ABSTAIN_LOW_CONFIDENCE|ABSTAIN_LOW_MARGIN,False,0.002267279000079725,0.0,0.0,0.0,0.0,0.0,0.0,0.0,0.0,0.0,0.0,0.0,0.0,1.0
ALWAYS_UNKNOWN,test-run-0042,300,3.0,1.0,THERMAL_EXCURSION,UNKNOWN,ABSTAIN_LOW_CONFIDENCE|ABSTAIN_LOW_MARGIN,False,0.002450036998197902,0.0,0.0,0.0,0.0,0.0,0.0,0.0,0.0,0.0,0.0,0.0,0.0,1.0
ALWAYS_UNKNOWN,test-run-0042,400,4.0,2.0,THERMAL_EXCURSION,UNKNOWN,UPW_THERMAL_DEVIATION_OBSERVED|ABSTAIN_LOW_CONFIDENCE|ABSTAIN_LOW_MARGIN,False,0.0021925239998381585,0.0,0.0,0.0,0.0,0.0,0.0,0.0,0.0,0.0,0.0,0.0,0.0,1.0
ALWAYS_UNKNOWN,test-run-0042,500,5.0,3.0,THERMAL_EXCURSION,UNKNOWN,UPW_THERMAL_DEVIATION_OBSERVED|ABSTAIN_LOW_CONFIDENCE|ABSTAIN_LOW_MARGIN,False,0.0023579700027767103,0.0,0.0,0.0,0.0,0.0,0.0,0.0,0.0,0.0,0.0,0.0,0.0,1.0
ALWAYS_UNKNOWN,test-run-0043,300,3.0,1.0,THERMAL_EXCURSION,UNKNOWN,UPW_THERMAL_DEVIATION_OBSERVED|ABSTAIN_LOW_CONFIDENCE|ABSTAIN_LOW_MARGIN,False,0.0024692379993211944,0.0,0.0,0.0,0.0,0.0,0.0,0.0,0.0,0.0,0.0,0.0,0.0,1.0
ALWAYS_UNKNOWN,test-run-0043,400,4.0,2.0,THERMAL_EXCURSION,UNKNOWN,UPW_THERMAL_DEVIATION_OBSERVED|ABSTAIN_LOW_CONFIDENCE|ABSTAIN_LOW_MARGIN,False,0.002279887001350289,0.0,0.0,0.0,0.0,0.0,0.0,0.0,0.0,0.0,0.0,0.0,0.0,1.0
ALWAYS_UNKNOWN,test-run-0043,500,5.0,3.0,THERMAL_EXCURSION,UNKNOWN,UPW_THERMAL_DEVIATION_OBSERVED|ABSTAIN_LOW_CONFIDENCE|ABSTAIN_LOW_MARGIN,False,0.0026104910029971506,0.0,0.0,0.0,0.0,0.0,0.0,0.0,0.0,0.0,0.0,0.0,0.0,1.0
ALWAYS_UNKNOWN,test-run-0044,300,3.0,1.0,THERMAL_EXCURSION,UNKNOWN,UPW_THERMAL_DEVIATION_OBSERVED|ABSTAIN_LOW_CONFIDENCE|ABSTAIN_LOW_MARGIN,False,0.0024635090012452565,0.0,0.0,0.0,0.0,0.0,0.0,0.0,0.0,0.0,0.0,0.0,0.0,1.0
ALWAYS_UNKNOWN,test-run-0044,400,4.0,2.0,THERMAL_EXCURSION,UNKNOWN,UPW_THERMAL_DEVIATION_OBSERVED|ABSTAIN_LOW_CONFIDENCE|ABSTAIN_LOW_MARGIN,False,0.002177323000069009,0.0,0.0,0.0,0.0,0.0,0.0,0.0,0.0,0.0,0.0,0.0,0.0,1.0
ALWAYS_UNKNOWN,test-run-0044,500,5.0,3.0,THERMAL_EXCURSION,UNKNOWN,UPW_THERMAL_DEVIATION_OBSERVED|ABSTAIN_LOW_CONFIDENCE|ABSTAIN_LOW_MARGIN,False,0.0023020640001050197,0.0,0.0,0.0,0.0,0.0,0.0,0.0,0.0,0.0,0.0,0.0,0.0,1.0
ALWAYS_UNKNOWN,test-run-0045,300,3.0,1.0,THERMAL_EXCURSION,UNKNOWN,ABSTAIN_LOW_CONFIDENCE|ABSTAIN_LOW_MARGIN,False,0.0024750299999141134,0.0,0.0,0.0,0.0,0.0,0.0,0.0,0.0,0.0,0.0,0.0,0.0,1.0
ALWAYS_UNKNOWN,test-run-0045,400,4.0,2.0,THERMAL_EXCURSION,UNKNOWN,ABSTAIN_LOW_CONFIDENCE|ABSTAIN_LOW_MARGIN,False,0.002187435999076115,0.0,0.0,0.0,0.0,0.0,0.0,0.0,0.0,0.0,0.0,0.0,0.0,1.0
ALWAYS_UNKNOWN,test-run-0045,500,5.0,3.0,THERMAL_EXCURSION,UNKNOWN,UPW_THERMAL_DEVIATION_OBSERVED|ABSTAIN_LOW_CONFIDENCE|ABSTAIN_LOW_MARGIN,False,0.0023951869989105035,0.0,0.0,0.0,0.0,0.0,0.0,0.0,0.0,0.0,0.0,0.0,0.0,1.0
ALWAYS_UNKNOWN,test-run-0046,300,3.0,1.0,THERMAL_EXCURSION,UNKNOWN,ABSTAIN_LOW_CONFIDENCE|ABSTAIN_LOW_MARGIN,False,0.0024776540012680925,0.0,0.0,0.0,0.0,0.0,0.0,0.0,0.0,0.0,0.0,0.0,0.0,1.0
ALWAYS_UNKNOWN,test-run-0046,400,4.0,2.0,THERMAL_EXCURSION,UNKNOWN,ABSTAIN_LOW_CONFIDENCE|ABSTAIN_LOW_MARGIN,False,0.002182092001021374,0.0,0.0,0.0,0.0,0.0,0.0,0.0,0.0,0.0,0.0,0.0,0.0,1.0
ALWAYS_UNKNOWN,test-run-0046,500,5.0,3.0,THERMAL_EXCURSION,UNKNOWN,UPW_THERMAL_DEVIATION_OBSERVED|ABSTAIN_LOW_CONFIDENCE|ABSTAIN_LOW_MARGIN,False,0.0026522840016696136,0.0,0.0,0.0,0.0,0.0,0.0,0.0,0.0,0.0,0.0,0.0,0.0,1.0
ALWAYS_UNKNOWN,test-run-0047,300,3.0,1.0,THERMAL_EXCURSION,UNKNOWN,ABSTAIN_LOW_CONFIDENCE|ABSTAIN_LOW_MARGIN,False,0.0024236999997810926,0.0,0.0,0.0,0.0,0.0,0.0,0.0,0.0,0.0,0.0,0.0,0.0,1.0
ALWAYS_UNKNOWN,test-run-0047,400,4.0,2.0,THERMAL_EXCURSION,UNKNOWN,UPW_THERMAL_DEVIATION_OBSERVED|ABSTAIN_LOW_CONFIDENCE|ABSTAIN_LOW_MARGIN,False,0.0021654830015904736,0.0,0.0,0.0,0.0,0.0,0.0,0.0,0.0,0.0,0.0,0.0,0.0,1.0
ALWAYS_UNKNOWN,test-run-0047,500,5.0,3.0,THERMAL_EXCURSION,UNKNOWN,UPW_THERMAL_DEVIATION_OBSERVED|ABSTAIN_LOW_CONFIDENCE|ABSTAIN_LOW_MARGIN,False,0.002323888002138119,0.0,0.0,0.0,0.0,0.0,0.0,0.0,0.0,0.0,0.0,0.0,0.0,1.0
ALWAYS_UNKNOWN,test-run-0048,300,3.0,1.0,PRESSURE_SENSOR_FAULT,UNKNOWN,ABSTAIN_LOW_CONFIDENCE|ABSTAIN_LOW_MARGIN,False,0.002418963998934487,0.0,0.0,0.0,0.0,0.0,0.0,0.0,0.0,0.0,0.0,0.0,0.0,1.0
ALWAYS_UNKNOWN,test-run-0048,400,4.0,2.0,PRESSURE_SENSOR_FAULT,UNKNOWN,ABSTAIN_LOW_CONFIDENCE|ABSTAIN_LOW_MARGIN,False,0.0022090370002842974,0.0,0.0,0.0,0.0,0.0,0.0,0.0,0.0,0.0,0.0,0.0,0.0,1.0
ALWAYS_UNKNOWN,test-run-0048,500,5.0,3.0,PRESSURE_SENSOR_FAULT,UNKNOWN,ABSTAIN_LOW_CONFIDENCE|ABSTAIN_LOW_MARGIN,False,0.00231723199976841,0.0,0.0,0.0,0.0,0.0,0.0,0.0,0.0,0.0,0.0,0.0,0.0,1.0
ALWAYS_UNKNOWN,test-run-0049,300,3.0,1.0,PRESSURE_SENSOR_FAULT,UNKNOWN,PRESSURE_REDUNDANCY_RESIDUAL|ABSTAIN_LOW_CONFIDENCE|ABSTAIN_LOW_MARGIN,False,0.002566297000157647,0.0,0.0,0.0,0.0,0.0,0.0,0.0,0.0,0.0,0.0,0.0,0.0,1.0
ALWAYS_UNKNOWN,test-run-0049,400,4.0,2.0,PRESSURE_SENSOR_FAULT,UNKNOWN,PRESSURE_REDUNDANCY_RESIDUAL|ABSTAIN_LOW_CONFIDENCE|ABSTAIN_LOW_MARGIN,False,0.0022339340030157473,0.0,0.0,0.0,0.0,0.0,0.0,0.0,0.0,0.0,0.0,0.0,0.0,1.0
ALWAYS_UNKNOWN,test-run-0049,500,5.0,3.0,PRESSURE_SENSOR_FAULT,UNKNOWN,PRESSURE_REDUNDANCY_RESIDUAL|ABSTAIN_LOW_CONFIDENCE|ABSTAIN_LOW_MARGIN,False,0.002631836003274657,0.0,0.0,0.0,0.0,0.0,0.0,0.0,0.0,0.0,0.0,0.0,0.0,1.0
ALWAYS_UNKNOWN,test-run-0050,300,3.0,1.0,PRESSURE_SENSOR_FAULT,UNKNOWN,PRESSURE_REDUNDANCY_RESIDUAL|ABSTAIN_LOW_CONFIDENCE|ABSTAIN_LOW_MARGIN,False,0.002536856001825072,0.0,0.0,0.0,0.0,0.0,0.0,0.0,0.0,0.0,0.0,0.0,0.0,1.0
ALWAYS_UNKNOWN,test-run-0050,400,4.0,2.0,PRESSURE_SENSOR_FAULT,UNKNOWN,PRESSURE_REDUNDANCY_RESIDUAL|ABSTAIN_LOW_CONFIDENCE|ABSTAIN_LOW_MARGIN,False,0.0021676270007446874,0.0,0.0,0.0,0.0,0.0,0.0,0.0,0.0,0.0,0.0,0.0,0.0,1.0
ALWAYS_UNKNOWN,test-run-0050,500,5.0,3.0,PRESSURE_SENSOR_FAULT,UNKNOWN,PRESSURE_REDUNDANCY_RESIDUAL|ABSTAIN_LOW_CONFIDENCE|ABSTAIN_LOW_MARGIN,False,0.002325841000129003,0.0,0.0,0.0,0.0,0.0,0.0,0.0,0.0,0.0,0.0,0.0,0.0,1.0
ALWAYS_UNKNOWN,test-run-0051,300,3.0,1.0,PRESSURE_SENSOR_FAULT,UNKNOWN,PRESSURE_REDUNDANCY_RESIDUAL|ABSTAIN_LOW_CONFIDENCE|ABSTAIN_LOW_MARGIN,False,0.002499415000784211,0.0,0.0,0.0,0.0,0.0,0.0,0.0,0.0,0.0,0.0,0.0,0.0,1.0
ALWAYS_UNKNOWN,test-run-0051,400,4.0,2.0,PRESSURE_SENSOR_FAULT,UNKNOWN,PRESSURE_REDUNDANCY_RESIDUAL|ABSTAIN_LOW_CONFIDENCE|ABSTAIN_LOW_MARGIN,False,0.0022366859993780963,0.0,0.0,0.0,0.0,0.0,0.0,0.0,0.0,0.0,0.0,0.0,0.0,1.0
ALWAYS_UNKNOWN,test-run-0051,500,5.0,3.0,PRESSURE_SENSOR_FAULT,UNKNOWN,PRESSURE_REDUNDANCY_RESIDUAL|ABSTAIN_LOW_CONFIDENCE|ABSTAIN_LOW_MARGIN,False,0.002369234000070719,0.0,0.0,0.0,0.0,0.0,0.0,0.0,0.0,0.0,0.0,0.0,0.0,1.0
ALWAYS_UNKNOWN,test-run-0052,300,3.0,1.0,PRESSURE_SENSOR_FAULT,UNKNOWN,PRESSURE_REDUNDANCY_RESIDUAL|ABSTAIN_LOW_CONFIDENCE|ABSTAIN_LOW_MARGIN,False,0.0023986119995242916,0.0,0.0,0.0,0.0,0.0,0.0,0.0,0.0,0.0,0.0,0.0,0.0,1.0
ALWAYS_UNKNOWN,test-run-0052,400,4.0,2.0,PRESSURE_SENSOR_FAULT,UNKNOWN,PRESSURE_REDUNDANCY_RESIDUAL|ABSTAIN_LOW_CONFIDENCE|ABSTAIN_LOW_MARGIN,False,0.0022649749989795964,0.0,0.0,0.0,0.0,0.0,0.0,0.0,0.0,0.0,0.0,0.0,0.0,1.0
ALWAYS_UNKNOWN,test-run-0052,500,5.0,3.0,PRESSURE_SENSOR_FAULT,UNKNOWN,PRESSURE_REDUNDANCY_RESIDUAL|ABSTAIN_LOW_CONFIDENCE|ABSTAIN_LOW_MARGIN,False,0.00254684099854785,0.0,0.0,0.0,0.0,0.0,0.0,0.0,0.0,0.0,0.0,0.0,0.0,1.0
ALWAYS_UNKNOWN,test-run-0053,300,3.0,1.0,PRESSURE_SENSOR_FAULT,UNKNOWN,PRESSURE_REDUNDANCY_RESIDUAL|ABSTAIN_LOW_CONFIDENCE|ABSTAIN_LOW_MARGIN,False,0.0024479570020048413,0.0,0.0,0.0,0.0,0.0,0.0,0.0,0.0,0.0,0.0,0.0,0.0,1.0
ALWAYS_UNKNOWN,test-run-0053,400,4.0,2.0,PRESSURE_SENSOR_FAULT,UNKNOWN,PRESSURE_REDUNDANCY_RESIDUAL|ABSTAIN_LOW_CONFIDENCE|ABSTAIN_LOW_MARGIN,False,0.002193293003074359,0.0,0.0,0.0,0.0,0.0,0.0,0.0,0.0,0.0,0.0,0.0,0.0,1.0
ALWAYS_UNKNOWN,test-run-0053,500,5.0,3.0,PRESSURE_SENSOR_FAULT,UNKNOWN,PRESSURE_REDUNDANCY_RESIDUAL|ABSTAIN_LOW_CONFIDENCE|ABSTAIN_LOW_MARGIN,False,0.002318225000635721,0.0,0.0,0.0,0.0,0.0,0.0,0.0,0.0,0.0,0.0,0.0,0.0,1.0
ALWAYS_UNKNOWN,test-run-0054,300,3.0,1.0,FLOW_SENSOR_FAULT,UNKNOWN,FLOW_REDUNDANCY_RESIDUAL|ABSTAIN_LOW_CONFIDENCE|ABSTAIN_LOW_MARGIN,False,0.002506422999431379,0.0,0.0,0.0,0.0,0.0,0.0,0.0,0.0,0.0,0.0,0.0,0.0,1.0
ALWAYS_UNKNOWN,test-run-0054,400,4.0,2.0,FLOW_SENSOR_FAULT,UNKNOWN,FLOW_REDUNDANCY_RESIDUAL|ABSTAIN_LOW_CONFIDENCE|ABSTAIN_LOW_MARGIN,False,0.0022199810009624343,0.0,0.0,0.0,0.0,0.0,0.0,0.0,0.0,0.0,0.0,0.0,0.0,1.0
ALWAYS_UNKNOWN,test-run-0054,500,5.0,3.0,FLOW_SENSOR_FAULT,UNKNOWN,FLOW_REDUNDANCY_RESIDUAL|ABSTAIN_LOW_CONFIDENCE|ABSTAIN_LOW_MARGIN,False,0.0023392490002152044,0.0,0.0,0.0,0.0,0.0,0.0,0.0,0.0,0.0,0.0,0.0,0.0,1.0
ALWAYS_UNKNOWN,test-run-0055,300,3.0,1.0,FLOW_SENSOR_FAULT,UNKNOWN,FLOW_REDUNDANCY_RESIDUAL|ABSTAIN_LOW_CONFIDENCE|ABSTAIN_LOW_MARGIN,False,0.0024991270001919474,0.0,0.0,0.0,0.0,0.0,0.0,0.0,0.0,0.0,0.0,0.0,0.0,1.0
ALWAYS_UNKNOWN,test-run-0055,400,4.0,2.0,FLOW_SENSOR_FAULT,UNKNOWN,FLOW_REDUNDANCY_RESIDUAL|ABSTAIN_LOW_CONFIDENCE|ABSTAIN_LOW_MARGIN,False,0.002423572001134744,0.0,0.0,0.0,0.0,0.0,0.0,0.0,0.0,0.0,0.0,0.0,0.0,1.0
ALWAYS_UNKNOWN,test-run-0055,500,5.0,3.0,FLOW_SENSOR_FAULT,UNKNOWN,FLOW_REDUNDANCY_RESIDUAL|ABSTAIN_LOW_CONFIDENCE|ABSTAIN_LOW_MARGIN,False,0.0023940350001794286,0.0,0.0,0.0,0.0,0.0,0.0,0.0,0.0,0.0,0.0,0.0,0.0,1.0
ALWAYS_UNKNOWN,test-run-0056,300,3.0,1.0,FLOW_SENSOR_FAULT,UNKNOWN,FLOW_REDUNDANCY_RESIDUAL|ABSTAIN_LOW_CONFIDENCE|ABSTAIN_LOW_MARGIN,False,0.0024044989986578003,0.0,0.0,0.0,0.0,0.0,0.0,0.0,0.0,0.0,0.0,0.0,0.0,1.0
ALWAYS_UNKNOWN,test-run-0056,400,4.0,2.0,FLOW_SENSOR_FAULT,UNKNOWN,FLOW_REDUNDANCY_RESIDUAL|ABSTAIN_LOW_CONFIDENCE|ABSTAIN_LOW_MARGIN,False,0.0022321729993564077,0.0,0.0,0.0,0.0,0.0,0.0,0.0,0.0,0.0,0.0,0.0,0.0,1.0
ALWAYS_UNKNOWN,test-run-0056,500,5.0,3.0,FLOW_SENSOR_FAULT,UNKNOWN,FLOW_REDUNDANCY_RESIDUAL|ABSTAIN_LOW_CONFIDENCE|ABSTAIN_LOW_MARGIN,False,0.002322447999176802,0.0,0.0,0.0,0.0,0.0,0.0,0.0,0.0,0.0,0.0,0.0,0.0,1.0
ALWAYS_UNKNOWN,test-run-0057,300,3.0,1.0,FLOW_SENSOR_FAULT,UNKNOWN,FLOW_REDUNDANCY_RESIDUAL|ABSTAIN_LOW_CONFIDENCE|ABSTAIN_LOW_MARGIN,False,0.0024041149990807753,0.0,0.0,0.0,0.0,0.0,0.0,0.0,0.0,0.0,0.0,0.0,0.0,1.0
ALWAYS_UNKNOWN,test-run-0057,400,4.0,2.0,FLOW_SENSOR_FAULT,UNKNOWN,FLOW_REDUNDANCY_RESIDUAL|ABSTAIN_LOW_CONFIDENCE|ABSTAIN_LOW_MARGIN,False,0.002244782001071144,0.0,0.0,0.0,0.0,0.0,0.0,0.0,0.0,0.0,0.0,0.0,0.0,1.0
ALWAYS_UNKNOWN,test-run-0057,500,5.0,3.0,FLOW_SENSOR_FAULT,UNKNOWN,FLOW_REDUNDANCY_RESIDUAL|ABSTAIN_LOW_CONFIDENCE|ABSTAIN_LOW_MARGIN,False,0.002368274999753339,0.0,0.0,0.0,0.0,0.0,0.0,0.0,0.0,0.0,0.0,0.0,0.0,1.0
ALWAYS_UNKNOWN,test-run-0058,300,3.0,1.0,FLOW_SENSOR_FAULT,UNKNOWN,FLOW_REDUNDANCY_RESIDUAL|ABSTAIN_LOW_CONFIDENCE|ABSTAIN_LOW_MARGIN,False,0.0025161190023936797,0.0,0.0,0.0,0.0,0.0,0.0,0.0,0.0,0.0,0.0,0.0,0.0,1.0
ALWAYS_UNKNOWN,test-run-0058,400,4.0,2.0,FLOW_SENSOR_FAULT,UNKNOWN,FLOW_REDUNDANCY_RESIDUAL|ABSTAIN_LOW_CONFIDENCE|ABSTAIN_LOW_MARGIN,False,0.002569272997789085,0.0,0.0,0.0,0.0,0.0,0.0,0.0,0.0,0.0,0.0,0.0,0.0,1.0
ALWAYS_UNKNOWN,test-run-0058,500,5.0,3.0,FLOW_SENSOR_FAULT,UNKNOWN,FLOW_REDUNDANCY_RESIDUAL|ABSTAIN_LOW_CONFIDENCE|ABSTAIN_LOW_MARGIN,False,0.002630202998261666,0.0,0.0,0.0,0.0,0.0,0.0,0.0,0.0,0.0,0.0,0.0,0.0,1.0
ALWAYS_UNKNOWN,test-run-0059,300,3.0,1.0,FLOW_SENSOR_FAULT,UNKNOWN,FLOW_REDUNDANCY_RESIDUAL|ABSTAIN_LOW_CONFIDENCE|ABSTAIN_LOW_MARGIN,False,0.0026715480016719084,0.0,0.0,0.0,0.0,0.0,0.0,0.0,0.0,0.0,0.0,0.0,0.0,1.0
ALWAYS_UNKNOWN,test-run-0059,400,4.0,2.0,FLOW_SENSOR_FAULT,UNKNOWN,FLOW_REDUNDANCY_RESIDUAL|ABSTAIN_LOW_CONFIDENCE|ABSTAIN_LOW_MARGIN,False,0.0024999269990075845,0.0,0.0,0.0,0.0,0.0,0.0,0.0,0.0,0.0,0.0,0.0,0.0,1.0
ALWAYS_UNKNOWN,test-run-0059,500,5.0,3.0,FLOW_SENSOR_FAULT,UNKNOWN,FLOW_REDUNDANCY_RESIDUAL|ABSTAIN_LOW_CONFIDENCE|ABSTAIN_LOW_MARGIN,False,0.002538073000323493,0.0,0.0,0.0,0.0,0.0,0.0,0.0,0.0,0.0,0.0,0.0,0.0,1.0
ALWAYS_UNKNOWN,test-run-0060,300,3.0,1.0,UNKNOWN,UNKNOWN,ABSTAIN_LOW_CONFIDENCE|ABSTAIN_LOW_MARGIN,False,0.0025897539999277797,0.0,0.0,0.0,0.0,0.0,0.0,0.0,0.0,0.0,0.0,0.0,0.0,1.0
ALWAYS_UNKNOWN,test-run-0060,400,4.0,2.0,UNKNOWN,UNKNOWN,ABSTAIN_LOW_CONFIDENCE|ABSTAIN_LOW_MARGIN,False,0.002364626998314634,0.0,0.0,0.0,0.0,0.0,0.0,0.0,0.0,0.0,0.0,0.0,0.0,1.0
ALWAYS_UNKNOWN,test-run-0060,500,5.0,3.0,UNKNOWN,UNKNOWN,ABSTAIN_LOW_CONFIDENCE|ABSTAIN_LOW_MARGIN,False,0.002400306999334134,0.0,0.0,0.0,0.0,0.0,0.0,0.0,0.0,0.0,0.0,0.0,0.0,1.0
ALWAYS_UNKNOWN,test-run-0061,300,3.0,1.0,UNKNOWN,UNKNOWN,ABSTAIN_LOW_CONFIDENCE|ABSTAIN_LOW_MARGIN,False,0.00281081800130778,0.0,0.0,0.0,0.0,0.0,0.0,0.0,0.0,0.0,0.0,0.0,0.0,1.0
ALWAYS_UNKNOWN,test-run-0061,400,4.0,2.0,UNKNOWN,UNKNOWN,ABSTAIN_LOW_CONFIDENCE|ABSTAIN_LOW_MARGIN,False,0.0022492620009870734,0.0,0.0,0.0,0.0,0.0,0.0,0.0,0.0,0.0,0.0,0.0,0.0,1.0
ALWAYS_UNKNOWN,test-run-0061,500,5.0,3.0,UNKNOWN,UNKNOWN,ABSTAIN_LOW_CONFIDENCE|ABSTAIN_LOW_MARGIN,False,0.002406258998234989,0.0,0.0,0.0,0.0,0.0,0.0,0.0,0.0,0.0,0.0,0.0,0.0,1.0
ALWAYS_UNKNOWN,test-run-0062,300,3.0,1.0,UNKNOWN,UNKNOWN,ABSTAIN_LOW_CONFIDENCE|ABSTAIN_LOW_MARGIN,False,0.0025196710012096446,0.0,0.0,0.0,0.0,0.0,0.0,0.0,0.0,0.0,0.0,0.0,0.0,1.0
ALWAYS_UNKNOWN,test-run-0062,400,4.0,2.0,UNKNOWN,UNKNOWN,ABSTAIN_LOW_CONFIDENCE|ABSTAIN_LOW_MARGIN,False,0.002186860001529567,0.0,0.0,0.0,0.0,0.0,0.0,0.0,0.0,0.0,0.0,0.0,0.0,1.0
ALWAYS_UNKNOWN,test-run-0062,500,5.0,3.0,UNKNOWN,UNKNOWN,ABSTAIN_LOW_CONFIDENCE|ABSTAIN_LOW_MARGIN,False,0.002385554998909356,0.0,0.0,0.0,0.0,0.0,0.0,0.0,0.0,0.0,0.0,0.0,0.0,1.0
ALWAYS_UNKNOWN,test-run-0063,300,3.0,1.0,UNKNOWN,UNKNOWN,ABSTAIN_LOW_CONFIDENCE|ABSTAIN_LOW_MARGIN,False,0.0024993820006784517,0.0,0.0,0.0,0.0,0.0,0.0,0.0,0.0,0.0,0.0,0.0,0.0,1.0
ALWAYS_UNKNOWN,test-run-0063,400,4.0,2.0,UNKNOWN,UNKNOWN,ABSTAIN_LOW_CONFIDENCE|ABSTAIN_LOW_MARGIN,False,0.0023282729998754803,0.0,0.0,0.0,0.0,0.0,0.0,0.0,0.0,0.0,0.0,0.0,0.0,1.0
ALWAYS_UNKNOWN,test-run-0063,500,5.0,3.0,UNKNOWN,UNKNOWN,ABSTAIN_LOW_CONFIDENCE|ABSTAIN_LOW_MARGIN,False,0.002438101000734605,0.0,0.0,0.0,0.0,0.0,0.0,0.0,0.0,0.0,0.0,0.0,0.0,1.0
ALWAYS_UNKNOWN,test-run-0064,300,3.0,1.0,UNKNOWN,UNKNOWN,ABSTAIN_LOW_CONFIDENCE|ABSTAIN_LOW_MARGIN,False,0.002845058999810135,0.0,0.0,0.0,0.0,0.0,0.0,0.0,0.0,0.0,0.0,0.0,0.0,1.0
ALWAYS_UNKNOWN,test-run-0064,400,4.0,2.0,UNKNOWN,UNKNOWN,ABSTAIN_LOW_CONFIDENCE|ABSTAIN_LOW_MARGIN,False,0.00245922099929885,0.0,0.0,0.0,0.0,0.0,0.0,0.0,0.0,0.0,0.0,0.0,0.0,1.0
ALWAYS_UNKNOWN,test-run-0064,500,5.0,3.0,UNKNOWN,UNKNOWN,ABSTAIN_LOW_CONFIDENCE|ABSTAIN_LOW_MARGIN,False,0.002491285998985404,0.0,0.0,0.0,0.0,0.0,0.0,0.0,0.0,0.0,0.0,0.0,0.0,1.0
ALWAYS_UNKNOWN,test-run-0065,300,3.0,1.0,UNKNOWN,UNKNOWN,ABSTAIN_LOW_CONFIDENCE|ABSTAIN_LOW_MARGIN,False,0.0025460719989496283,0.0,0.0,0.0,0.0,0.0,0.0,0.0,0.0,0.0,0.0,0.0,0.0,1.0
ALWAYS_UNKNOWN,test-run-0065,400,4.0,2.0,UNKNOWN,UNKNOWN,ABSTAIN_LOW_CONFIDENCE|ABSTAIN_LOW_MARGIN,False,0.002323280001292005,0.0,0.0,0.0,0.0,0.0,0.0,0.0,0.0,0.0,0.0,0.0,0.0,1.0
ALWAYS_UNKNOWN,test-run-0065,500,5.0,3.0,UNKNOWN,UNKNOWN,ABSTAIN_LOW_CONFIDENCE|ABSTAIN_LOW_MARGIN,False,0.0023688820001552813,0.0,0.0,0.0,0.0,0.0,0.0,0.0,0.0,0.0,0.0,0.0,0.0,1.0
RULE_ONLY,test-run-0000,300,3.0,1.0,GRID_VOLTAGE_SAG,GRID_VOLTAGE_SAG,GRID_SAG_TO_UPS_RESPONSE|UPS_TRANSFER_PROPAGATION_EVIDENCE,False,0.0025936900019587483,0.8431865379682744,0.005681346203172598,0.005681346203172598,0.005681346203172598,0.1,0.0,0.005681346203172598,0.005681346203172598,0.005681346203172598,0.005681346203172598,0.005681346203172598,0.005681346203172598,0.005681346203172598
RULE_ONLY,test-run-0000,400,4.0,2.0,GRID_VOLTAGE_SAG,GRID_VOLTAGE_SAG,GRID_SAG_TO_UPS_RESPONSE|UPS_TRANSFER_PROPAGATION_EVIDENCE,False,0.002250990000902675,0.8431865379682744,0.005681346203172598,0.005681346203172598,0.005681346203172598,0.1,0.0,0.005681346203172598,0.005681346203172598,0.005681346203172598,0.005681346203172598,0.005681346203172598,0.005681346203172598,0.005681346203172598
RULE_ONLY,test-run-0000,500,5.0,3.0,GRID_VOLTAGE_SAG,GRID_VOLTAGE_SAG,GRID_SAG_TO_UPS_RESPONSE|UPS_TRANSFER_PROPAGATION_EVIDENCE,False,0.0023633140008314513,0.8431865379682744,0.005681346203172598,0.005681346203172598,0.005681346203172598,0.1,0.0,0.005681346203172598,0.005681346203172598,0.005681346203172598,0.005681346203172598,0.005681346203172598,0.005681346203172598,0.005681346203172598
RULE_ONLY,test-run-0001,300,3.0,1.0,GRID_VOLTAGE_SAG,GRID_VOLTAGE_SAG,GRID_SAG_TO_UPS_RESPONSE|UPS_TRANSFER_PROPAGATION_EVIDENCE,False,0.002351121998799499,0.8431865379682744,0.005681346203172598,0.005681346203172598,0.005681346203172598,0.1,0.0,0.005681346203172598,0.005681346203172598,0.005681346203172598,0.005681346203172598,0.005681346203172598,0.005681346203172598,0.005681346203172598
RULE_ONLY,test-run-0001,400,4.0,2.0,GRID_VOLTAGE_SAG,GRID_VOLTAGE_SAG,GRID_SAG_TO_UPS_RESPONSE|UPS_TRANSFER_PROPAGATION_EVIDENCE,False,0.0023458729992853478,0.8431865379682744,0.005681346203172598,0.005681346203172598,0.005681346203172598,0.1,0.0,0.005681346203172598,0.005681346203172598,0.005681346203172598,0.005681346203172598,0.005681346203172598,0.005681346203172598,0.005681346203172598
RULE_ONLY,test-run-0001,500,5.0,3.0,GRID_VOLTAGE_SAG,GRID_VOLTAGE_SAG,GRID_SAG_TO_UPS_RESPONSE|UPS_TRANSFER_PROPAGATION_EVIDENCE,False,0.002298159000929445,0.8431865379682744,0.005681346203172598,0.005681346203172598,0.005681346203172598,0.1,0.0,0.005681346203172598,0.005681346203172598,0.005681346203172598,0.005681346203172598,0.005681346203172598,0.005681346203172598,0.005681346203172598
RULE_ONLY,test-run-0002,300,3.0,1.0,GRID_VOLTAGE_SAG,GRID_VOLTAGE_SAG,GRID_SAG_TO_UPS_RESPONSE|UPS_TRANSFER_PROPAGATION_EVIDENCE,False,0.0024290440014738124,0.8431865379682744,0.005681346203172598,0.005681346203172598,0.005681346203172598,0.1,0.0,0.005681346203172598,0.005681346203172598,0.005681346203172598,0.005681346203172598,0.005681346203172598,0.005681346203172598,0.005681346203172598
RULE_ONLY,test-run-0002,400,4.0,2.0,GRID_VOLTAGE_SAG,GRID_VOLTAGE_SAG,GRID_SAG_TO_UPS_RESPONSE|UPS_TRANSFER_PROPAGATION_EVIDENCE,False,0.0022520780003105756,0.8431865379682744,0.005681346203172598,0.005681346203172598,0.005681346203172598,0.1,0.0,0.005681346203172598,0.005681346203172598,0.005681346203172598,0.005681346203172598,0.005681346203172598,0.005681346203172598,0.005681346203172598
RULE_ONLY,test-run-0002,500,5.0,3.0,GRID_VOLTAGE_SAG,GRID_VOLTAGE_SAG,GRID_SAG_TO_UPS_RESPONSE|UPS_TRANSFER_PROPAGATION_EVIDENCE,False,0.002296368002134841,0.8431865379682744,0.005681346203172598,0.005681346203172598,0.005681346203172598,0.1,0.0,0.005681346203172598,0.005681346203172598,0.005681346203172598,0.005681346203172598,0.005681346203172598,0.005681346203172598,0.005681346203172598
RULE_ONLY,test-run-0003,300,3.0,1.0,GRID_VOLTAGE_SAG,GRID_VOLTAGE_SAG,GRID_SAG_TO_UPS_RESPONSE|UPS_TRANSFER_PROPAGATION_EVIDENCE,False,0.00242296400028863,0.8431865379682744,0.005681346203172598,0.005681346203172598,0.005681346203172598,0.1,0.0,0.005681346203172598,0.005681346203172598,0.005681346203172598,0.005681346203172598,0.005681346203172598,0.005681346203172598,0.005681346203172598
RULE_ONLY,test-run-0003,400,4.0,2.0,GRID_VOLTAGE_SAG,GRID_VOLTAGE_SAG,GRID_SAG_TO_UPS_RESPONSE|UPS_TRANSFER_PROPAGATION_EVIDENCE,False,0.0022693589999107644,0.8431865379682744,0.005681346203172598,0.005681346203172598,0.005681346203172598,0.1,0.0,0.005681346203172598,0.005681346203172598,0.005681346203172598,0.005681346203172598,0.005681346203172598,0.005681346203172598,0.005681346203172598
RULE_ONLY,test-run-0003,500,5.0,3.0,GRID_VOLTAGE_SAG,GRID_VOLTAGE_SAG,GRID_SAG_TO_UPS_RESPONSE|UPS_TRANSFER_PROPAGATION_EVIDENCE,False,0.0023557610002171714,0.8431865379682744,0.005681346203172598,0.005681346203172598,0.005681346203172598,0.1,0.0,0.005681346203172598,0.005681346203172598,0.005681346203172598,0.005681346203172598,0.005681346203172598,0.005681346203172598,0.005681346203172598
RULE_ONLY,test-run-0004,300,3.0,1.0,GRID_VOLTAGE_SAG,GRID_VOLTAGE_SAG,GRID_SAG_TO_UPS_RESPONSE|UPS_TRANSFER_PROPAGATION_EVIDENCE,False,0.002704861999518471,0.8431865379682744,0.005681346203172598,0.005681346203172598,0.005681346203172598,0.1,0.0,0.005681346203172598,0.005681346203172598,0.005681346203172598,0.005681346203172598,0.005681346203172598,0.005681346203172598,0.005681346203172598
RULE_ONLY,test-run-0004,400,4.0,2.0,GRID_VOLTAGE_SAG,GRID_VOLTAGE_SAG,GRID_SAG_TO_UPS_RESPONSE|UPS_TRANSFER_PROPAGATION_EVIDENCE,False,0.0022847200016258284,0.8431865379682744,0.005681346203172598,0.005681346203172598,0.005681346203172598,0.1,0.0,0.005681346203172598,0.005681346203172598,0.005681346203172598,0.005681346203172598,0.005681346203172598,0.005681346203172598,0.005681346203172598
RULE_ONLY,test-run-0004,500,5.0,3.0,GRID_VOLTAGE_SAG,GRID_VOLTAGE_SAG,GRID_SAG_TO_UPS_RESPONSE|UPS_TRANSFER_PROPAGATION_EVIDENCE,False,0.0023691710011917166,0.8431865379682744,0.005681346203172598,0.005681346203172598,0.005681346203172598,0.1,0.0,0.005681346203172598,0.005681346203172598,0.005681346203172598,0.005681346203172598,0.005681346203172598,0.005681346203172598,0.005681346203172598
RULE_ONLY,test-run-0005,300,3.0,1.0,GRID_VOLTAGE_SAG,GRID_VOLTAGE_SAG,GRID_SAG_TO_UPS_RESPONSE|UPS_TRANSFER_PROPAGATION_EVIDENCE,False,0.0024947109995991923,0.8431865379682744,0.005681346203172598,0.005681346203172598,0.005681346203172598,0.1,0.0,0.005681346203172598,0.005681346203172598,0.005681346203172598,0.005681346203172598,0.005681346203172598,0.005681346203172598,0.005681346203172598
RULE_ONLY,test-run-0005,400,4.0,2.0,GRID_VOLTAGE_SAG,GRID_VOLTAGE_SAG,GRID_SAG_TO_UPS_RESPONSE|UPS_TRANSFER_PROPAGATION_EVIDENCE,False,0.002217293000285281,0.8431865379682744,0.005681346203172598,0.005681346203172598,0.005681346203172598,0.1,0.0,0.005681346203172598,0.005681346203172598,0.005681346203172598,0.005681346203172598,0.005681346203172598,0.005681346203172598,0.005681346203172598
RULE_ONLY,test-run-0005,500,5.0,3.0,GRID_VOLTAGE_SAG,GRID_VOLTAGE_SAG,GRID_SAG_TO_UPS_RESPONSE|UPS_TRANSFER_PROPAGATION_EVIDENCE,False,0.0023904509980638977,0.8431865379682744,0.005681346203172598,0.005681346203172598,0.005681346203172598,0.1,0.0,0.005681346203172598,0.005681346203172598,0.005681346203172598,0.005681346203172598,0.005681346203172598,0.005681346203172598,0.005681346203172598
RULE_ONLY,test-run-0006,300,3.0,1.0,GRID_VOLTAGE_SWELL,GRID_VOLTAGE_SWELL,GRID_SWELL_OBSERVED,False,0.0024293969981954433,0.006312606892413998,0.9368739310758604,0.006312606892413998,0.006312606892413998,0.0,0.0,0.006312606892413998,0.006312606892413998,0.006312606892413998,0.006312606892413998,0.006312606892413998,0.006312606892413998,0.006312606892413998
RULE_ONLY,test-run-0006,400,4.0,2.0,GRID_VOLTAGE_SWELL,GRID_VOLTAGE_SWELL,GRID_SWELL_OBSERVED,False,0.0023117599994293414,0.006312606892413998,0.9368739310758604,0.006312606892413998,0.006312606892413998,0.0,0.0,0.006312606892413998,0.006312606892413998,0.006312606892413998,0.006312606892413998,0.006312606892413998,0.006312606892413998,0.006312606892413998
RULE_ONLY,test-run-0006,500,5.0,3.0,GRID_VOLTAGE_SWELL,GRID_VOLTAGE_SWELL,GRID_SWELL_OBSERVED,False,0.002425299997412367,0.006312606892413998,0.9368739310758604,0.006312606892413998,0.006312606892413998,0.0,0.0,0.006312606892413998,0.006312606892413998,0.006312606892413998,0.006312606892413998,0.006312606892413998,0.006312606892413998,0.006312606892413998
RULE_ONLY,test-run-0007,300,3.0,1.0,GRID_VOLTAGE_SWELL,GRID_VOLTAGE_SWELL,GRID_SWELL_OBSERVED,False,0.0027302700000291225,0.006312606892413998,0.9368739310758604,0.006312606892413998,0.006312606892413998,0.0,0.0,0.006312606892413998,0.006312606892413998,0.006312606892413998,0.006312606892413998,0.006312606892413998,0.006312606892413998,0.006312606892413998
RULE_ONLY,test-run-0007,400,4.0,2.0,GRID_VOLTAGE_SWELL,GRID_VOLTAGE_SWELL,GRID_SWELL_OBSERVED,False,0.0022698069988109637,0.006312606892413998,0.9368739310758604,0.006312606892413998,0.006312606892413998,0.0,0.0,0.006312606892413998,0.006312606892413998,0.006312606892413998,0.006312606892413998,0.006312606892413998,0.006312606892413998,0.006312606892413998
RULE_ONLY,test-run-0007,500,5.0,3.0,GRID_VOLTAGE_SWELL,GRID_VOLTAGE_SWELL,GRID_SWELL_OBSERVED,False,0.002333585001906613,0.006312606892413998,0.9368739310758604,0.006312606892413998,0.006312606892413998,0.0,0.0,0.006312606892413998,0.006312606892413998,0.006312606892413998,0.006312606892413998,0.006312606892413998,0.006312606892413998,0.006312606892413998
RULE_ONLY,test-run-0008,300,3.0,1.0,GRID_VOLTAGE_SWELL,GRID_VOLTAGE_SWELL,GRID_SWELL_OBSERVED,False,0.002473142001690576,0.006312606892413998,0.9368739310758604,0.006312606892413998,0.006312606892413998,0.0,0.0,0.006312606892413998,0.006312606892413998,0.006312606892413998,0.006312606892413998,0.006312606892413998,0.006312606892413998,0.006312606892413998
RULE_ONLY,test-run-0008,400,4.0,2.0,GRID_VOLTAGE_SWELL,GRID_VOLTAGE_SWELL,GRID_SWELL_OBSERVED,False,0.0022640150018560234,0.006312606892413998,0.9368739310758604,0.006312606892413998,0.006312606892413998,0.0,0.0,0.006312606892413998,0.006312606892413998,0.006312606892413998,0.006312606892413998,0.006312606892413998,0.006312606892413998,0.006312606892413998
RULE_ONLY,test-run-0008,500,5.0,3.0,GRID_VOLTAGE_SWELL,GRID_VOLTAGE_SWELL,GRID_SWELL_OBSERVED,False,0.002363858002354391,0.006312606892413998,0.9368739310758604,0.006312606892413998,0.006312606892413998,0.0,0.0,0.006312606892413998,0.006312606892413998,0.006312606892413998,0.006312606892413998,0.006312606892413998,0.006312606892413998,0.006312606892413998
RULE_ONLY,test-run-0009,300,3.0,1.0,GRID_VOLTAGE_SWELL,UNKNOWN,ABSTAIN_LOW_CONFIDENCE,False,0.0025119590027316008,0.013677789774768974,0.07689989202707918,0.013677789774768974,0.013677789774768974,0.0,0.0,0.013677789774768974,0.013677789774768974,0.013677789774768974,0.013677789774768974,0.013677789774768974,0.013677789774768974,0.8
RULE_ONLY,test-run-0009,400,4.0,2.0,GRID_VOLTAGE_SWELL,UNKNOWN,ABSTAIN_LOW_CONFIDENCE,False,0.0022559819990419783,0.013570416390538959,0.07786625248514932,0.013570416390538959,0.013570416390538959,0.0,0.0,0.013570416390538959,0.013570416390538959,0.013570416390538959,0.013570416390538959,0.013570416390538959,0.013570416390538959,0.8
RULE_ONLY,test-run-0009,500,5.0,3.0,GRID_VOLTAGE_SWELL,UNKNOWN,ABSTAIN_LOW_CONFIDENCE,False,0.0023951880029926542,0.0135228491533298,0.07829435762003177,0.0135228491533298,0.0135228491533298,0.0,0.0,0.0135228491533298,0.0135228491533298,0.0135228491533298,0.0135228491533298,0.0135228491533298,0.0135228491533298,0.8
RULE_ONLY,test-run-0010,300,3.0,1.0,GRID_VOLTAGE_SWELL,GRID_VOLTAGE_SWELL,GRID_SWELL_OBSERVED,False,0.0027270710015727673,0.020315598220483247,0.7336703437539539,0.020315598220483247,0.020315598220483247,0.0,0.0,0.020315598220483247,0.020315598220483247,0.020315598220483247,0.020315598220483247,0.020315598220483247,0.020315598220483247,0.08348927226169671
RULE_ONLY,test-run-0010,400,4.0,2.0,GRID_VOLTAGE_SWELL,GRID_VOLTAGE_SWELL,GRID_SWELL_OBSERVED,False,0.0022745109999959823,0.02163633574769338,0.7070035999578121,0.02163633574769338,0.02163633574769338,0.0,0.0,0.02163633574769338,0.02163633574769338,0.02163633574769338,0.02163633574769338,0.02163633574769338,0.02163633574769338,0.09826937831294735
RULE_ONLY,test-run-0010,500,5.0,3.0,GRID_VOLTAGE_SWELL,GRID_VOLTAGE_SWELL,GRID_SWELL_OBSERVED,False,0.002570904998719925,0.019495418827792866,0.7492564750658071,0.019495418827792866,0.019495418827792866,0.0,0.0,0.019495418827792866,0.019495418827792866,0.019495418827792866,0.019495418827792866,0.019495418827792866,0.019495418827792866,0.07528475548405712
RULE_ONLY,test-run-0011,300,3.0,1.0,GRID_VOLTAGE_SWELL,UNKNOWN,ABSTAIN_LOW_CONFIDENCE,False,0.0026976289991580416,0.012233605777156447,0.08989754800559192,0.012233605777156447,0.012233605777156447,0.0,0.0,0.012233605777156447,0.012233605777156447,0.012233605777156447,0.012233605777156447,0.012233605777156447,0.012233605777156447,0.8
RULE_ONLY,test-run-0011,400,4.0,2.0,GRID_VOLTAGE_SWELL,UNKNOWN,ABSTAIN_LOW_CONFIDENCE,False,0.002507766999769956,0.013755331508240376,0.07620201642583659,0.013755331508240376,0.013755331508240376,0.0,0.0,0.013755331508240376,0.013755331508240376,0.013755331508240376,0.013755331508240376,0.013755331508240376,0.013755331508240376,0.8
RULE_ONLY,test-run-0011,500,5.0,3.0,GRID_VOLTAGE_SWELL,UNKNOWN,ABSTAIN_LOW_CONFIDENCE,False,0.002558393000072101,0.01167147888732598,0.09495669001406612,0.01167147888732598,0.01167147888732598,0.0,0.0,0.01167147888732598,0.01167147888732598,0.01167147888732598,0.01167147888732598,0.01167147888732598,0.01167147888732598,0.8
RULE_ONLY,test-run-0012,300,3.0,1.0,GRID_INTERRUPTION,GRID_INTERRUPTION,GRID_LOSS_TO_UPS_RESPONSE|UPS_TRANSFER_PROPAGATION_EVIDENCE,False,0.002596153997728834,0.005681346203172598,0.005681346203172598,0.8431865379682744,0.005681346203172598,0.1,0.0,0.005681346203172598,0.005681346203172598,0.005681346203172598,0.005681346203172598,0.005681346203172598,0.005681346203172598,0.005681346203172598
RULE_ONLY,test-run-0012,400,4.0,2.0,GRID_INTERRUPTION,GRID_INTERRUPTION,GRID_LOSS_TO_UPS_RESPONSE|UPS_TRANSFER_PROPAGATION_EVIDENCE,False,0.002473333999660099,0.005681346203172598,0.005681346203172598,0.8431865379682744,0.005681346203172598,0.1,0.0,0.005681346203172598,0.005681346203172598,0.005681346203172598,0.005681346203172598,0.005681346203172598,0.005681346203172598,0.005681346203172598
RULE_ONLY,test-run-0012,500,5.0,3.0,GRID_INTERRUPTION,GRID_INTERRUPTION,GRID_LOSS_TO_UPS_RESPONSE|UPS_TRANSFER_PROPAGATION_EVIDENCE,False,0.002829570003086701,0.005681346203172598,0.005681346203172598,0.8431865379682744,0.005681346203172598,0.1,0.0,0.005681346203172598,0.005681346203172598,0.005681346203172598,0.005681346203172598,0.005681346203172598,0.005681346203172598,0.005681346203172598
RULE_ONLY,test-run-0013,300,3.0,1.0,GRID_INTERRUPTION,GRID_INTERRUPTION,GRID_LOSS_TO_UPS_RESPONSE|UPS_TRANSFER_PROPAGATION_EVIDENCE,False,0.0025130469985015225,0.005681346203172598,0.005681346203172598,0.8431865379682744,0.005681346203172598,0.1,0.0,0.005681346203172598,0.005681346203172598,0.005681346203172598,0.005681346203172598,0.005681346203172598,0.005681346203172598,0.005681346203172598
RULE_ONLY,test-run-0013,400,4.0,2.0,GRID_INTERRUPTION,GRID_INTERRUPTION,GRID_LOSS_TO_UPS_RESPONSE|UPS_TRANSFER_PROPAGATION_EVIDENCE,False,0.0022814869989815634,0.005681346203172598,0.005681346203172598,0.8431865379682744,0.005681346203172598,0.1,0.0,0.005681346203172598,0.005681346203172598,0.005681346203172598,0.005681346203172598,0.005681346203172598,0.005681346203172598,0.005681346203172598
RULE_ONLY,test-run-0013,500,5.0,3.0,GRID_INTERRUPTION,GRID_INTERRUPTION,GRID_LOSS_TO_UPS_RESPONSE|UPS_TRANSFER_PROPAGATION_EVIDENCE,False,0.002401075998932356,0.005681346203172598,0.005681346203172598,0.8431865379682744,0.005681346203172598,0.1,0.0,0.005681346203172598,0.005681346203172598,0.005681346203172598,0.005681346203172598,0.005681346203172598,0.005681346203172598,0.005681346203172598
RULE_ONLY,test-run-0014,300,3.0,1.0,GRID_INTERRUPTION,GRID_INTERRUPTION,GRID_LOSS_TO_UPS_RESPONSE|UPS_TRANSFER_PROPAGATION_EVIDENCE,False,0.0024598939999123104,0.005681346203172598,0.005681346203172598,0.8431865379682744,0.005681346203172598,0.1,0.0,0.005681346203172598,0.005681346203172598,0.005681346203172598,0.005681346203172598,0.005681346203172598,0.005681346203172598,0.005681346203172598
RULE_ONLY,test-run-0014,400,4.0,2.0,GRID_INTERRUPTION,GRID_INTERRUPTION,GRID_LOSS_TO_UPS_RESPONSE|UPS_TRANSFER_PROPAGATION_EVIDENCE,False,0.002314673001819756,0.005681346203172598,0.005681346203172598,0.8431865379682744,0.005681346203172598,0.1,0.0,0.005681346203172598,0.005681346203172598,0.005681346203172598,0.005681346203172598,0.005681346203172598,0.005681346203172598,0.005681346203172598
RULE_ONLY,test-run-0014,500,5.0,3.0,GRID_INTERRUPTION,GRID_INTERRUPTION,GRID_LOSS_TO_UPS_RESPONSE|UPS_TRANSFER_PROPAGATION_EVIDENCE,False,0.0023651060000702273,0.005681346203172598,0.005681346203172598,0.8431865379682744,0.005681346203172598,0.1,0.0,0.005681346203172598,0.005681346203172598,0.005681346203172598,0.005681346203172598,0.005681346203172598,0.005681346203172598,0.005681346203172598
RULE_ONLY,test-run-0015,300,3.0,1.0,GRID_INTERRUPTION,GRID_INTERRUPTION,GRID_LOSS_TO_UPS_RESPONSE|UPS_TRANSFER_PROPAGATION_EVIDENCE,False,0.0024722140005906112,0.005681346203172598,0.005681346203172598,0.8431865379682744,0.005681346203172598,0.1,0.0,0.005681346203172598,0.005681346203172598,0.005681346203172598,0.005681346203172598,0.005681346203172598,0.005681346203172598,0.005681346203172598
RULE_ONLY,test-run-0015,400,4.0,2.0,GRID_INTERRUPTION,GRID_INTERRUPTION,GRID_LOSS_TO_UPS_RESPONSE|UPS_TRANSFER_PROPAGATION_EVIDENCE,False,0.0024533010000595823,0.005681346203172598,0.005681346203172598,0.8431865379682744,0.005681346203172598,0.1,0.0,0.005681346203172598,0.005681346203172598,0.005681346203172598,0.005681346203172598,0.005681346203172598,0.005681346203172598,0.005681346203172598
RULE_ONLY,test-run-0015,500,5.0,3.0,GRID_INTERRUPTION,GRID_INTERRUPTION,GRID_LOSS_TO_UPS_RESPONSE|UPS_TRANSFER_PROPAGATION_EVIDENCE,False,0.002372593997279182,0.005681346203172598,0.005681346203172598,0.8431865379682744,0.005681346203172598,0.1,0.0,0.005681346203172598,0.005681346203172598,0.005681346203172598,0.005681346203172598,0.005681346203172598,0.005681346203172598,0.005681346203172598
RULE_ONLY,test-run-0016,300,3.0,1.0,GRID_INTERRUPTION,GRID_INTERRUPTION,GRID_LOSS_TO_UPS_RESPONSE|UPS_TRANSFER_PROPAGATION_EVIDENCE,False,0.0025095269993471447,0.005681346203172598,0.005681346203172598,0.8431865379682744,0.005681346203172598,0.1,0.0,0.005681346203172598,0.005681346203172598,0.005681346203172598,0.005681346203172598,0.005681346203172598,0.005681346203172598,0.005681346203172598
RULE_ONLY,test-run-0016,400,4.0,2.0,GRID_INTERRUPTION,GRID_INTERRUPTION,GRID_LOSS_TO_UPS_RESPONSE|UPS_TRANSFER_PROPAGATION_EVIDENCE,False,0.0023046560017974116,0.005681346203172598,0.005681346203172598,0.8431865379682744,0.005681346203172598,0.1,0.0,0.005681346203172598,0.005681346203172598,0.005681346203172598,0.005681346203172598,0.005681346203172598,0.005681346203172598,0.005681346203172598
RULE_ONLY,test-run-0016,500,5.0,3.0,GRID_INTERRUPTION,GRID_INTERRUPTION,GRID_LOSS_TO_UPS_RESPONSE|UPS_TRANSFER_PROPAGATION_EVIDENCE,False,0.0024533329997211695,0.005681346203172598,0.005681346203172598,0.8431865379682744,0.005681346203172598,0.1,0.0,0.005681346203172598,0.005681346203172598,0.005681346203172598,0.005681346203172598,0.005681346203172598,0.005681346203172598,0.005681346203172598
RULE_ONLY,test-run-0017,300,3.0,1.0,GRID_INTERRUPTION,GRID_INTERRUPTION,GRID_LOSS_TO_UPS_RESPONSE|UPS_TRANSFER_PROPAGATION_EVIDENCE,False,0.002504983000108041,0.005681346203172598,0.005681346203172598,0.8431865379682744,0.005681346203172598,0.1,0.0,0.005681346203172598,0.005681346203172598,0.005681346203172598,0.005681346203172598,0.005681346203172598,0.005681346203172598,0.005681346203172598
RULE_ONLY,test-run-0017,400,4.0,2.0,GRID_INTERRUPTION,GRID_INTERRUPTION,GRID_LOSS_TO_UPS_RESPONSE|UPS_TRANSFER_PROPAGATION_EVIDENCE,False,0.0022566869993170258,0.005681346203172598,0.005681346203172598,0.8431865379682744,0.005681346203172598,0.1,0.0,0.005681346203172598,0.005681346203172598,0.005681346203172598,0.005681346203172598,0.005681346203172598,0.005681346203172598,0.005681346203172598
RULE_ONLY,test-run-0017,500,5.0,3.0,GRID_INTERRUPTION,GRID_INTERRUPTION,GRID_LOSS_TO_UPS_RESPONSE|UPS_TRANSFER_PROPAGATION_EVIDENCE,False,0.002358673998969607,0.005681346203172598,0.005681346203172598,0.8431865379682744,0.005681346203172598,0.1,0.0,0.005681346203172598,0.005681346203172598,0.005681346203172598,0.005681346203172598,0.005681346203172598,0.005681346203172598,0.005681346203172598
RULE_ONLY,test-run-0018,300,3.0,1.0,GRID_FREQUENCY_DEVIATION,GRID_FREQUENCY_DEVIATION,GRID_FREQUENCY_DEVIATION_OBSERVED,False,0.0024884070007828996,0.006312606892413998,0.006312606892413998,0.006312606892413998,0.9368739310758604,0.0,0.0,0.006312606892413998,0.006312606892413998,0.006312606892413998,0.006312606892413998,0.006312606892413998,0.006312606892413998,0.006312606892413998
RULE_ONLY,test-run-0018,400,4.0,2.0,GRID_FREQUENCY_DEVIATION,GRID_FREQUENCY_DEVIATION,GRID_FREQUENCY_DEVIATION_OBSERVED,False,0.0023687549983151257,0.006312606892413998,0.006312606892413998,0.006312606892413998,0.9368739310758604,0.0,0.0,0.006312606892413998,0.006312606892413998,0.006312606892413998,0.006312606892413998,0.006312606892413998,0.006312606892413998,0.006312606892413998
RULE_ONLY,test-run-0018,500,5.0,3.0,GRID_FREQUENCY_DEVIATION,GRID_FREQUENCY_DEVIATION,GRID_FREQUENCY_DEVIATION_OBSERVED,False,0.002429555999697186,0.006312606892413998,0.006312606892413998,0.006312606892413998,0.9368739310758604,0.0,0.0,0.006312606892413998,0.006312606892413998,0.006312606892413998,0.006312606892413998,0.006312606892413998,0.006312606892413998,0.006312606892413998
RULE_ONLY,test-run-0019,300,3.0,1.0,GRID_FREQUENCY_DEVIATION,GRID_FREQUENCY_DEVIATION,GRID_FREQUENCY_DEVIATION_OBSERVED,False,0.0024734300022828393,0.006312606892413998,0.006312606892413998,0.006312606892413998,0.9368739310758604,0.0,0.0,0.006312606892413998,0.006312606892413998,0.006312606892413998,0.006312606892413998,0.006312606892413998,0.006312606892413998,0.006312606892413998
RULE_ONLY,test-run-0019,400,4.0,2.0,GRID_FREQUENCY_DEVIATION,GRID_FREQUENCY_DEVIATION,GRID_FREQUENCY_DEVIATION_OBSERVED,False,0.002280847998918034,0.006312606892413998,0.006312606892413998,0.006312606892413998,0.9368739310758604,0.0,0.0,0.006312606892413998,0.006312606892413998,0.006312606892413998,0.006312606892413998,0.006312606892413998,0.006312606892413998,0.006312606892413998
RULE_ONLY,test-run-0019,500,5.0,3.0,GRID_FREQUENCY_DEVIATION,GRID_FREQUENCY_DEVIATION,GRID_FREQUENCY_DEVIATION_OBSERVED,False,0.0025263919997087214,0.006312606892413998,0.006312606892413998,0.006312606892413998,0.9368739310758604,0.0,0.0,0.006312606892413998,0.006312606892413998,0.006312606892413998,0.006312606892413998,0.006312606892413998,0.006312606892413998,0.006312606892413998
RULE_ONLY,test-run-0020,300,3.0,1.0,GRID_FREQUENCY_DEVIATION,GRID_FREQUENCY_DEVIATION,GRID_FREQUENCY_DEVIATION_OBSERVED,False,0.0024306769992108457,0.006312606892413998,0.006312606892413998,0.006312606892413998,0.9368739310758604,0.0,0.0,0.006312606892413998,0.006312606892413998,0.006312606892413998,0.006312606892413998,0.006312606892413998,0.006312606892413998,0.006312606892413998
RULE_ONLY,test-run-0020,400,4.0,2.0,GRID_FREQUENCY_DEVIATION,GRID_FREQUENCY_DEVIATION,GRID_FREQUENCY_DEVIATION_OBSERVED,False,0.0022261259982769843,0.006312606892413998,0.006312606892413998,0.006312606892413998,0.9368739310758604,0.0,0.0,0.006312606892413998,0.006312606892413998,0.006312606892413998,0.006312606892413998,0.006312606892413998,0.006312606892413998,0.006312606892413998
RULE_ONLY,test-run-0020,500,5.0,3.0,GRID_FREQUENCY_DEVIATION,GRID_FREQUENCY_DEVIATION,GRID_FREQUENCY_DEVIATION_OBSERVED,False,0.0023398250013997313,0.006312606892413998,0.006312606892413998,0.006312606892413998,0.9368739310758604,0.0,0.0,0.006312606892413998,0.006312606892413998,0.006312606892413998,0.006312606892413998,0.006312606892413998,0.006312606892413998,0.006312606892413998
RULE_ONLY,test-run-0021,300,3.0,1.0,GRID_FREQUENCY_DEVIATION,UNKNOWN,GRID_FREQUENCY_DEVIATION_OBSERVED|ABSTAIN_LOW_CONFIDENCE,False,0.0024897179973777384,0.008542967115267123,0.008542967115267123,0.008542967115267123,0.12311329596259585,0.0,0.0,0.008542967115267123,0.008542967115267123,0.008542967115267123,0.008542967115267123,0.008542967115267123,0.008542967115267123,0.8
RULE_ONLY,test-run-0021,400,4.0,2.0,GRID_FREQUENCY_DEVIATION,UNKNOWN,GRID_FREQUENCY_DEVIATION_OBSERVED|ABSTAIN_LOW_CONFIDENCE,False,0.0022569739994651172,0.008133673697048456,0.008133673697048456,0.008133673697048456,0.12679693672656384,0.0,0.0,0.008133673697048456,0.008133673697048456,0.008133673697048456,0.008133673697048456,0.008133673697048456,0.008133673697048456,0.8
RULE_ONLY,test-run-0021,500,5.0,3.0,GRID_FREQUENCY_DEVIATION,UNKNOWN,GRID_FREQUENCY_DEVIATION_OBSERVED|ABSTAIN_LOW_CONFIDENCE,False,0.0023722740006633103,0.007493301499185679,0.007493301499185679,0.007493301499185679,0.13256028650732884,0.0,0.0,0.007493301499185679,0.007493301499185679,0.007493301499185679,0.007493301499185679,0.007493301499185679,0.007493301499185679,0.8
RULE_ONLY,test-run-0022,300,3.0,1.0,GRID_FREQUENCY_DEVIATION,GRID_FREQUENCY_DEVIATION,GRID_FREQUENCY_DEVIATION_OBSERVED,False,0.002475958001014078,0.006312606892413998,0.006312606892413998,0.006312606892413998,0.9368739310758604,0.0,0.0,0.006312606892413998,0.006312606892413998,0.006312606892413998,0.006312606892413998,0.006312606892413998,0.006312606892413998,0.006312606892413998
RULE_ONLY,test-run-0022,400,4.0,2.0,GRID_FREQUENCY_DEVIATION,GRID_FREQUENCY_DEVIATION,GRID_FREQUENCY_DEVIATION_OBSERVED,False,0.002284974998474354,0.006312606892413998,0.006312606892413998,0.006312606892413998,0.9368739310758604,0.0,0.0,0.006312606892413998,0.006312606892413998,0.006312606892413998,0.006312606892413998,0.006312606892413998,0.006312606892413998,0.006312606892413998
RULE_ONLY,test-run-0022,500,5.0,3.0,GRID_FREQUENCY_DEVIATION,GRID_FREQUENCY_DEVIATION,GRID_FREQUENCY_DEVIATION_OBSERVED,False,0.0026462999994691927,0.006312606892413998,0.006312606892413998,0.006312606892413998,0.9368739310758604,0.0,0.0,0.006312606892413998,0.006312606892413998,0.006312606892413998,0.006312606892413998,0.006312606892413998,0.006312606892413998,0.006312606892413998
RULE_ONLY,test-run-0023,300,3.0,1.0,GRID_FREQUENCY_DEVIATION,GRID_FREQUENCY_DEVIATION,GRID_FREQUENCY_DEVIATION_OBSERVED,False,0.002491286999429576,0.006312606892413998,0.006312606892413998,0.006312606892413998,0.9368739310758604,0.0,0.0,0.006312606892413998,0.006312606892413998,0.006312606892413998,0.006312606892413998,0.006312606892413998,0.006312606892413998,0.006312606892413998
RULE_ONLY,test-run-0023,400,4.0,2.0,GRID_FREQUENCY_DEVIATION,GRID_FREQUENCY_DEVIATION,GRID_FREQUENCY_DEVIATION_OBSERVED,False,0.002170955998735735,0.006312606892413998,0.006312606892413998,0.006312606892413998,0.9368739310758604,0.0,0.0,0.006312606892413998,0.006312606892413998,0.006312606892413998,0.006312606892413998,0.006312606892413998,0.006312606892413998,0.006312606892413998
RULE_ONLY,test-run-0023,500,5.0,3.0,GRID_FREQUENCY_DEVIATION,GRID_FREQUENCY_DEVIATION,GRID_FREQUENCY_DEVIATION_OBSERVED,False,0.00271843099835678,0.006312606892413998,0.006312606892413998,0.006312606892413998,0.9368739310758604,0.0,0.0,0.006312606892413998,0.006312606892413998,0.006312606892413998,0.006312606892413998,0.006312606892413998,0.006312606892413998,0.006312606892413998
RULE_ONLY,test-run-0024,300,3.0,1.0,PUMP_TRIP,PUMP_TRIP,VFD_TO_MOTOR_TO_PUMP_LOSS|VFD_DERATING_PROPAGATION_EVIDENCE,False,0.0024578769989602733,0.005681346203172598,0.005681346203172598,0.005681346203172598,0.005681346203172598,0.0,0.1,0.8431865379682744,0.005681346203172598,0.005681346203172598,0.005681346203172598,0.005681346203172598,0.005681346203172598,0.005681346203172598
RULE_ONLY,test-run-0024,400,4.0,2.0,PUMP_TRIP,PUMP_TRIP,VFD_TO_MOTOR_TO_PUMP_LOSS|VFD_DERATING_PROPAGATION_EVIDENCE,False,0.00226612700134865,0.005681346203172598,0.005681346203172598,0.005681346203172598,0.005681346203172598,0.0,0.1,0.8431865379682744,0.005681346203172598,0.005681346203172598,0.005681346203172598,0.005681346203172598,0.005681346203172598,0.005681346203172598
RULE_ONLY,test-run-0024,500,5.0,3.0,PUMP_TRIP,PUMP_TRIP,VFD_TO_MOTOR_TO_PUMP_LOSS|VFD_DERATING_PROPAGATION_EVIDENCE,False,0.0023521780021837912,0.005681346203172598,0.005681346203172598,0.005681346203172598,0.005681346203172598,0.0,0.1,0.8431865379682744,0.005681346203172598,0.005681346203172598,0.005681346203172598,0.005681346203172598,0.005681346203172598,0.005681346203172598
RULE_ONLY,test-run-0025,300,3.0,1.0,PUMP_TRIP,PUMP_TRIP,VFD_TO_MOTOR_TO_PUMP_LOSS|VFD_DERATING_PROPAGATION_EVIDENCE,False,0.002470933999575209,0.005681346203172598,0.005681346203172598,0.005681346203172598,0.005681346203172598,0.0,0.1,0.8431865379682744,0.005681346203172598,0.005681346203172598,0.005681346203172598,0.005681346203172598,0.005681346203172598,0.005681346203172598
RULE_ONLY,test-run-0025,400,4.0,2.0,PUMP_TRIP,PUMP_TRIP,VFD_TO_MOTOR_TO_PUMP_LOSS|VFD_DERATING_PROPAGATION_EVIDENCE,False,0.002301168002304621,0.005681346203172598,0.005681346203172598,0.005681346203172598,0.005681346203172598,0.0,0.1,0.8431865379682744,0.005681346203172598,0.005681346203172598,0.005681346203172598,0.005681346203172598,0.005681346203172598,0.005681346203172598
RULE_ONLY,test-run-0025,500,5.0,3.0,PUMP_TRIP,PUMP_TRIP,VFD_TO_MOTOR_TO_PUMP_LOSS|VFD_DERATING_PROPAGATION_EVIDENCE,False,0.002544441002100939,0.005681346203172598,0.005681346203172598,0.005681346203172598,0.005681346203172598,0.0,0.1,0.8431865379682744,0.005681346203172598,0.005681346203172598,0.005681346203172598,0.005681346203172598,0.005681346203172598,0.005681346203172598
RULE_ONLY,test-run-0026,300,3.0,1.0,PUMP_TRIP,PUMP_TRIP,VFD_TO_MOTOR_TO_PUMP_LOSS|VFD_DERATING_PROPAGATION_EVIDENCE,False,0.002468630002113059,0.005681346203172598,0.005681346203172598,0.005681346203172598,0.005681346203172598,0.0,0.1,0.8431865379682744,0.005681346203172598,0.005681346203172598,0.005681346203172598,0.005681346203172598,0.005681346203172598,0.005681346203172598
RULE_ONLY,test-run-0026,400,4.0,2.0,PUMP_TRIP,PUMP_TRIP,VFD_TO_MOTOR_TO_PUMP_LOSS|VFD_DERATING_PROPAGATION_EVIDENCE,False,0.0022183809996931814,0.005681346203172598,0.005681346203172598,0.005681346203172598,0.005681346203172598,0.0,0.1,0.8431865379682744,0.005681346203172598,0.005681346203172598,0.005681346203172598,0.005681346203172598,0.005681346203172598,0.005681346203172598
RULE_ONLY,test-run-0026,500,5.0,3.0,PUMP_TRIP,PUMP_TRIP,VFD_TO_MOTOR_TO_PUMP_LOSS|VFD_DERATING_PROPAGATION_EVIDENCE,False,0.0023625460016774014,0.005681346203172598,0.005681346203172598,0.005681346203172598,0.005681346203172598,0.0,0.1,0.8431865379682744,0.005681346203172598,0.005681346203172598,0.005681346203172598,0.005681346203172598,0.005681346203172598,0.005681346203172598
RULE_ONLY,test-run-0027,300,3.0,1.0,PUMP_TRIP,PUMP_TRIP,VFD_TO_MOTOR_TO_PUMP_LOSS|VFD_DERATING_PROPAGATION_EVIDENCE,False,0.0024633180000819266,0.005681346203172598,0.005681346203172598,0.005681346203172598,0.005681346203172598,0.0,0.1,0.8431865379682744,0.005681346203172598,0.005681346203172598,0.005681346203172598,0.005681346203172598,0.005681346203172598,0.005681346203172598
RULE_ONLY,test-run-0027,400,4.0,2.0,PUMP_TRIP,PUMP_TRIP,VFD_TO_MOTOR_TO_PUMP_LOSS|VFD_DERATING_PROPAGATION_EVIDENCE,False,0.0022347340018313844,0.005681346203172598,0.005681346203172598,0.005681346203172598,0.005681346203172598,0.0,0.1,0.8431865379682744,0.005681346203172598,0.005681346203172598,0.005681346203172598,0.005681346203172598,0.005681346203172598,0.005681346203172598
RULE_ONLY,test-run-0027,500,5.0,3.0,PUMP_TRIP,PUMP_TRIP,VFD_TO_MOTOR_TO_PUMP_LOSS|VFD_DERATING_PROPAGATION_EVIDENCE,False,0.00235317000260693,0.005681346203172598,0.005681346203172598,0.005681346203172598,0.005681346203172598,0.0,0.1,0.8431865379682744,0.005681346203172598,0.005681346203172598,0.005681346203172598,0.005681346203172598,0.005681346203172598,0.005681346203172598
RULE_ONLY,test-run-0028,300,3.0,1.0,PUMP_TRIP,PUMP_TRIP,VFD_TO_MOTOR_TO_PUMP_LOSS|VFD_DERATING_PROPAGATION_EVIDENCE,False,0.0024547730026824865,0.005681346203172598,0.005681346203172598,0.005681346203172598,0.005681346203172598,0.0,0.1,0.8431865379682744,0.005681346203172598,0.005681346203172598,0.005681346203172598,0.005681346203172598,0.005681346203172598,0.005681346203172598
RULE_ONLY,test-run-0028,400,4.0,2.0,PUMP_TRIP,PUMP_TRIP,VFD_TO_MOTOR_TO_PUMP_LOSS|VFD_DERATING_PROPAGATION_EVIDENCE,False,0.0024610780019429512,0.005681346203172598,0.005681346203172598,0.005681346203172598,0.005681346203172598,0.0,0.1,0.8431865379682744,0.005681346203172598,0.005681346203172598,0.005681346203172598,0.005681346203172598,0.005681346203172598,0.005681346203172598
RULE_ONLY,test-run-0028,500,5.0,3.0,PUMP_TRIP,PUMP_TRIP,VFD_TO_MOTOR_TO_PUMP_LOSS|VFD_DERATING_PROPAGATION_EVIDENCE,False,0.002392147998762084,0.005681346203172598,0.005681346203172598,0.005681346203172598,0.005681346203172598,0.0,0.1,0.8431865379682744,0.005681346203172598,0.005681346203172598,0.005681346203172598,0.005681346203172598,0.005681346203172598,0.005681346203172598
RULE_ONLY,test-run-0029,300,3.0,1.0,PUMP_TRIP,PUMP_TRIP,VFD_TO_MOTOR_TO_PUMP_LOSS|VFD_DERATING_PROPAGATION_EVIDENCE,False,0.002366385997447651,0.005681346203172598,0.005681346203172598,0.005681346203172598,0.005681346203172598,0.0,0.1,0.8431865379682744,0.005681346203172598,0.005681346203172598,0.005681346203172598,0.005681346203172598,0.005681346203172598,0.005681346203172598
RULE_ONLY,test-run-0029,400,4.0,2.0,PUMP_TRIP,PUMP_TRIP,VFD_TO_MOTOR_TO_PUMP_LOSS|VFD_DERATING_PROPAGATION_EVIDENCE,False,0.0022185729976627044,0.005681346203172598,0.005681346203172598,0.005681346203172598,0.005681346203172598,0.0,0.1,0.8431865379682744,0.005681346203172598,0.005681346203172598,0.005681346203172598,0.005681346203172598,0.005681346203172598,0.005681346203172598
RULE_ONLY,test-run-0029,500,5.0,3.0,PUMP_TRIP,PUMP_TRIP,VFD_TO_MOTOR_TO_PUMP_LOSS|VFD_DERATING_PROPAGATION_EVIDENCE,False,0.0023511860017606523,0.005681346203172598,0.005681346203172598,0.005681346203172598,0.005681346203172598,0.0,0.1,0.8431865379682744,0.005681346203172598,0.005681346203172598,0.005681346203172598,0.005681346203172598,0.005681346203172598,0.005681346203172598
RULE_ONLY,test-run-0030,300,3.0,1.0,VALVE_RESTRICTION,VALVE_RESTRICTION,VALVE_TO_TOOL_FLOW_RESTRICTION,False,0.002430356998956995,0.006343582710154932,0.006343582710154932,0.006343582710154932,0.006343582710154932,0.0,0.0,0.006343582710154932,0.9365307088625642,0.006343582710154932,0.006343582710154932,0.006343582710154932,0.006343582710154932,0.006377046746041305
RULE_ONLY,test-run-0030,400,4.0,2.0,VALVE_RESTRICTION,VALVE_RESTRICTION,VALVE_TO_TOOL_FLOW_RESTRICTION,False,0.0022817440003564116,0.006489742128513554,0.006489742128513554,0.006489742128513554,0.006489742128513554,0.0,0.0,0.006489742128513554,0.9349064321455264,0.006489742128513554,0.006489742128513554,0.006489742128513554,0.006489742128513554,0.006685888697851787
RULE_ONLY,test-run-0030,500,5.0,3.0,VALVE_RESTRICTION,VALVE_RESTRICTION,VALVE_TO_TOOL_FLOW_RESTRICTION,False,0.002352114002860617,0.006312606892413998,0.006312606892413998,0.006312606892413998,0.006312606892413998,0.0,0.0,0.006312606892413998,0.9368739310758604,0.006312606892413998,0.006312606892413998,0.006312606892413998,0.006312606892413998,0.006312606892413998
RULE_ONLY,test-run-0031,300,3.0,1.0,VALVE_RESTRICTION,VALVE_RESTRICTION,VALVE_TO_TOOL_FLOW_RESTRICTION,False,0.002434773003187729,0.006312606892413998,0.006312606892413998,0.006312606892413998,0.006312606892413998,0.0,0.0,0.006312606892413998,0.9368739310758604,0.006312606892413998,0.006312606892413998,0.006312606892413998,0.006312606892413998,0.006312606892413998
RULE_ONLY,test-run-0031,400,4.0,2.0,VALVE_RESTRICTION,VALVE_RESTRICTION,VALVE_TO_TOOL_FLOW_RESTRICTION,False,0.0024879590018827002,0.006312606892413998,0.006312606892413998,0.006312606892413998,0.006312606892413998,0.0,0.0,0.006312606892413998,0.9368739310758604,0.006312606892413998,0.006312606892413998,0.006312606892413998,0.006312606892413998,0.006312606892413998
RULE_ONLY,test-run-0031,500,5.0,3.0,VALVE_RESTRICTION,VALVE_RESTRICTION,VALVE_TO_TOOL_FLOW_RESTRICTION,False,0.0023806270000932273,0.006312606892413998,0.006312606892413998,0.006312606892413998,0.006312606892413998,0.0,0.0,0.006312606892413998,0.9368739310758604,0.006312606892413998,0.006312606892413998,0.006312606892413998,0.006312606892413998,0.006312606892413998
RULE_ONLY,test-run-0032,300,3.0,1.0,VALVE_RESTRICTION,VALVE_RESTRICTION,VALVE_TO_TOOL_FLOW_RESTRICTION,False,0.0024577180010965094,0.010810784527267666,0.010810784527267666,0.010810784527267666,0.010810784527267666,0.0,0.0,0.010810784527267666,0.8830604558381543,0.010810784527267666,0.010810784527267666,0.010810784527267666,0.010810784527267666,0.01964248341643674
RULE_ONLY,test-run-0032,400,4.0,2.0,VALVE_RESTRICTION,VALVE_RESTRICTION,VALVE_TO_TOOL_FLOW_RESTRICTION,False,0.0021821560003445484,0.010386815563513762,0.010386815563513762,0.010386815563513762,0.010386815563513762,0.0,0.0,0.010386815563513762,0.8884975720626728,0.010386815563513762,0.010386815563513762,0.010386815563513762,0.010386815563513762,0.018021087865703687
RULE_ONLY,test-run-0032,500,5.0,3.0,VALVE_RESTRICTION,VALVE_RESTRICTION,VALVE_TO_TOOL_FLOW_RESTRICTION,False,0.0022839830016891938,0.01075843791099812,0.01075843791099812,0.01075843791099812,0.01075843791099812,0.0,0.0,0.01075843791099812,0.8837362102063074,0.01075843791099812,0.01075843791099812,0.01075843791099812,0.01075843791099812,0.019437848594709647
RULE_ONLY,test-run-0033,300,3.0,1.0,VALVE_RESTRICTION,VALVE_RESTRICTION,VALVE_TO_TOOL_FLOW_RESTRICTION,False,0.0024941990013758186,0.006312606892413998,0.006312606892413998,0.006312606892413998,0.006312606892413998,0.0,0.0,0.006312606892413998,0.9368739310758604,0.006312606892413998,0.006312606892413998,0.006312606892413998,0.006312606892413998,0.006312606892413998
RULE_ONLY,test-run-0033,400,4.0,2.0,VALVE_RESTRICTION,VALVE_RESTRICTION,VALVE_TO_TOOL_FLOW_RESTRICTION,False,0.0022160770022310317,0.006312606892413998,0.006312606892413998,0.006312606892413998,0.006312606892413998,0.0,0.0,0.006312606892413998,0.9368739310758604,0.006312606892413998,0.006312606892413998,0.006312606892413998,0.006312606892413998,0.006312606892413998
RULE_ONLY,test-run-0033,500,5.0,3.0,VALVE_RESTRICTION,VALVE_RESTRICTION,VALVE_TO_TOOL_FLOW_RESTRICTION,False,0.002381746999162715,0.006312606892413998,0.006312606892413998,0.006312606892413998,0.006312606892413998,0.0,0.0,0.006312606892413998,0.9368739310758604,0.006312606892413998,0.006312606892413998,0.006312606892413998,0.006312606892413998,0.006312606892413998
RULE_ONLY,test-run-0034,300,3.0,1.0,VALVE_RESTRICTION,VALVE_RESTRICTION,VALVE_TO_TOOL_FLOW_RESTRICTION,False,0.0024553490002290346,0.006312606892413998,0.006312606892413998,0.006312606892413998,0.006312606892413998,0.0,0.0,0.006312606892413998,0.9368739310758604,0.006312606892413998,0.006312606892413998,0.006312606892413998,0.006312606892413998,0.006312606892413998
RULE_ONLY,test-run-0034,400,4.0,2.0,VALVE_RESTRICTION,VALVE_RESTRICTION,VALVE_TO_TOOL_FLOW_RESTRICTION,False,0.002568088999396423,0.006312606892413998,0.006312606892413998,0.006312606892413998,0.006312606892413998,0.0,0.0,0.006312606892413998,0.9368739310758604,0.006312606892413998,0.006312606892413998,0.006312606892413998,0.006312606892413998,0.006312606892413998
RULE_ONLY,test-run-0034,500,5.0,3.0,VALVE_RESTRICTION,VALVE_RESTRICTION,VALVE_TO_TOOL_FLOW_RESTRICTION,False,0.0023993789982341696,0.006312606892413998,0.006312606892413998,0.006312606892413998,0.006312606892413998,0.0,0.0,0.006312606892413998,0.9368739310758604,0.006312606892413998,0.006312606892413998,0.006312606892413998,0.006312606892413998,0.006312606892413998
RULE_ONLY,test-run-0035,300,3.0,1.0,VALVE_RESTRICTION,VALVE_RESTRICTION,VALVE_TO_TOOL_FLOW_RESTRICTION,False,0.002445717000227887,0.006312606892413998,0.006312606892413998,0.006312606892413998,0.006312606892413998,0.0,0.0,0.006312606892413998,0.9368739310758604,0.006312606892413998,0.006312606892413998,0.006312606892413998,0.006312606892413998,0.006312606892413998
RULE_ONLY,test-run-0035,400,4.0,2.0,VALVE_RESTRICTION,VALVE_RESTRICTION,VALVE_TO_TOOL_FLOW_RESTRICTION,False,0.0022309570013021585,0.006312606892413998,0.006312606892413998,0.006312606892413998,0.006312606892413998,0.0,0.0,0.006312606892413998,0.9368739310758604,0.006312606892413998,0.006312606892413998,0.006312606892413998,0.006312606892413998,0.006312606892413998
RULE_ONLY,test-run-0035,500,5.0,3.0,VALVE_RESTRICTION,VALVE_RESTRICTION,VALVE_TO_TOOL_FLOW_RESTRICTION,False,0.002301968001120258,0.006312606892413998,0.006312606892413998,0.006312606892413998,0.006312606892413998,0.0,0.0,0.006312606892413998,0.9368739310758604,0.006312606892413998,0.006312606892413998,0.006312606892413998,0.006312606892413998,0.006312606892413998
RULE_ONLY,test-run-0036,300,3.0,1.0,TOOL_DEMAND_SPIKE,TOOL_DEMAND_SPIKE,TOOL_DEMAND_TO_HYDRAULIC_RESPONSE,False,0.002458678001858061,0.006312606892413998,0.006312606892413998,0.006312606892413998,0.006312606892413998,0.0,0.0,0.006312606892413998,0.006312606892413998,0.9368739310758604,0.006312606892413998,0.006312606892413998,0.006312606892413998,0.006312606892413998
RULE_ONLY,test-run-0036,400,4.0,2.0,TOOL_DEMAND_SPIKE,TOOL_DEMAND_SPIKE,TOOL_DEMAND_TO_HYDRAULIC_RESPONSE,False,0.002244654002424795,0.006312606892413998,0.006312606892413998,0.006312606892413998,0.006312606892413998,0.0,0.0,0.006312606892413998,0.006312606892413998,0.9368739310758604,0.006312606892413998,0.006312606892413998,0.006312606892413998,0.006312606892413998
RULE_ONLY,test-run-0036,500,5.0,3.0,TOOL_DEMAND_SPIKE,TOOL_DEMAND_SPIKE,TOOL_DEMAND_TO_HYDRAULIC_RESPONSE,False,0.0023669299989705905,0.006312606892413998,0.006312606892413998,0.006312606892413998,0.006312606892413998,0.0,0.0,0.006312606892413998,0.006312606892413998,0.9368739310758604,0.006312606892413998,0.006312606892413998,0.006312606892413998,0.006312606892413998
RULE_ONLY,test-run-0037,300,3.0,1.0,TOOL_DEMAND_SPIKE,TOOL_DEMAND_SPIKE,TOOL_DEMAND_TO_HYDRAULIC_RESPONSE,False,0.002491222996468423,0.006312606892413998,0.006312606892413998,0.006312606892413998,0.006312606892413998,0.0,0.0,0.006312606892413998,0.006312606892413998,0.9368739310758604,0.006312606892413998,0.006312606892413998,0.006312606892413998,0.006312606892413998
RULE_ONLY,test-run-0037,400,4.0,2.0,TOOL_DEMAND_SPIKE,TOOL_DEMAND_SPIKE,TOOL_DEMAND_TO_HYDRAULIC_RESPONSE,False,0.00245957399965846,0.006312606892413998,0.006312606892413998,0.006312606892413998,0.006312606892413998,0.0,0.0,0.006312606892413998,0.006312606892413998,0.9368739310758604,0.006312606892413998,0.006312606892413998,0.006312606892413998,0.006312606892413998
RULE_ONLY,test-run-0037,500,5.0,3.0,TOOL_DEMAND_SPIKE,TOOL_DEMAND_SPIKE,TOOL_DEMAND_TO_HYDRAULIC_RESPONSE,False,0.002399124001385644,0.006312606892413998,0.006312606892413998,0.006312606892413998,0.006312606892413998,0.0,0.0,0.006312606892413998,0.006312606892413998,0.9368739310758604,0.006312606892413998,0.006312606892413998,0.006312606892413998,0.006312606892413998
RULE_ONLY,test-run-0038,300,3.0,1.0,TOOL_DEMAND_SPIKE,TOOL_DEMAND_SPIKE,TOOL_DEMAND_TO_HYDRAULIC_RESPONSE,False,0.0024294610011565965,0.006312606892413998,0.006312606892413998,0.006312606892413998,0.006312606892413998,0.0,0.0,0.006312606892413998,0.006312606892413998,0.9368739310758604,0.006312606892413998,0.006312606892413998,0.006312606892413998,0.006312606892413998
RULE_ONLY,test-run-0038,400,4.0,2.0,TOOL_DEMAND_SPIKE,TOOL_DEMAND_SPIKE,TOOL_DEMAND_TO_HYDRAULIC_RESPONSE,False,0.002233229999546893,0.006312606892413998,0.006312606892413998,0.006312606892413998,0.006312606892413998,0.0,0.0,0.006312606892413998,0.006312606892413998,0.9368739310758604,0.006312606892413998,0.006312606892413998,0.006312606892413998,0.006312606892413998
RULE_ONLY,test-run-0038,500,5.0,3.0,TOOL_DEMAND_SPIKE,TOOL_DEMAND_SPIKE,TOOL_DEMAND_TO_HYDRAULIC_RESPONSE,False,0.0023673460018471815,0.006312606892413998,0.006312606892413998,0.006312606892413998,0.006312606892413998,0.0,0.0,0.006312606892413998,0.006312606892413998,0.9368739310758604,0.006312606892413998,0.006312606892413998,0.006312606892413998,0.006312606892413998
RULE_ONLY,test-run-0039,300,3.0,1.0,TOOL_DEMAND_SPIKE,TOOL_DEMAND_SPIKE,TOOL_DEMAND_TO_HYDRAULIC_RESPONSE,False,0.002434548001474468,0.006312606892413998,0.006312606892413998,0.006312606892413998,0.006312606892413998,0.0,0.0,0.006312606892413998,0.006312606892413998,0.9368739310758604,0.006312606892413998,0.006312606892413998,0.006312606892413998,0.006312606892413998
RULE_ONLY,test-run-0039,400,4.0,2.0,TOOL_DEMAND_SPIKE,TOOL_DEMAND_SPIKE,TOOL_DEMAND_TO_HYDRAULIC_RESPONSE,False,0.0022989919998508412,0.006312606892413998,0.006312606892413998,0.006312606892413998,0.006312606892413998,0.0,0.0,0.006312606892413998,0.006312606892413998,0.9368739310758604,0.006312606892413998,0.006312606892413998,0.006312606892413998,0.006312606892413998
RULE_ONLY,test-run-0039,500,5.0,3.0,TOOL_DEMAND_SPIKE,TOOL_DEMAND_SPIKE,TOOL_DEMAND_TO_HYDRAULIC_RESPONSE,False,0.0023752830020384863,0.006312606892413998,0.006312606892413998,0.006312606892413998,0.006312606892413998,0.0,0.0,0.006312606892413998,0.006312606892413998,0.9368739310758604,0.006312606892413998,0.006312606892413998,0.006312606892413998,0.006312606892413998
RULE_ONLY,test-run-0040,300,3.0,1.0,TOOL_DEMAND_SPIKE,TOOL_DEMAND_SPIKE,TOOL_DEMAND_TO_HYDRAULIC_RESPONSE,False,0.0027149739980814047,0.02496716033982613,0.02496716033982613,0.02496716033982613,0.02496716033982613,0.0,0.0,0.02496716033982613,0.02496716033982613,0.62797278246446,0.02496716033982613,0.02496716033982613,0.02496716033982613,0.14732277447710465
RULE_ONLY,test-run-0040,400,4.0,2.0,TOOL_DEMAND_SPIKE,TOOL_DEMAND_SPIKE,TOOL_DEMAND_TO_HYDRAULIC_RESPONSE,False,0.0023312489975069184,0.025088056603276336,0.025088056603276336,0.025088056603276336,0.025088056603276336,0.0,0.0,0.025088056603276336,0.025088056603276336,0.6246674134895095,0.025088056603276336,0.025088056603276336,0.025088056603276336,0.14954007708100334
RULE_ONLY,test-run-0040,500,5.0,3.0,TOOL_DEMAND_SPIKE,TOOL_DEMAND_SPIKE,TOOL_DEMAND_TO_HYDRAULIC_RESPONSE,False,0.0023285610004677437,0.025289041234993113,0.025289041234993113,0.025289041234993113,0.025289041234993113,0.0,0.0,0.025289041234993113,0.025289041234993113,0.6190821406534637,0.025289041234993113,0.025289041234993113,0.025289041234993113,0.1533164882315983
RULE_ONLY,test-run-0041,300,3.0,1.0,TOOL_DEMAND_SPIKE,TOOL_DEMAND_SPIKE,TOOL_DEMAND_TO_HYDRAULIC_RESPONSE,False,0.0024662610012455843,0.006312606892413998,0.006312606892413998,0.006312606892413998,0.006312606892413998,0.0,0.0,0.006312606892413998,0.006312606892413998,0.9368739310758604,0.006312606892413998,0.006312606892413998,0.006312606892413998,0.006312606892413998
RULE_ONLY,test-run-0041,400,4.0,2.0,TOOL_DEMAND_SPIKE,TOOL_DEMAND_SPIKE,TOOL_DEMAND_TO_HYDRAULIC_RESPONSE,False,0.00227169500067248,0.006312606892413998,0.006312606892413998,0.006312606892413998,0.006312606892413998,0.0,0.0,0.006312606892413998,0.006312606892413998,0.9368739310758604,0.006312606892413998,0.006312606892413998,0.006312606892413998,0.006312606892413998
RULE_ONLY,test-run-0041,500,5.0,3.0,TOOL_DEMAND_SPIKE,TOOL_DEMAND_SPIKE,TOOL_DEMAND_TO_HYDRAULIC_RESPONSE,False,0.0023747070008539595,0.006312606892413998,0.006312606892413998,0.006312606892413998,0.006312606892413998,0.0,0.0,0.006312606892413998,0.006312606892413998,0.9368739310758604,0.006312606892413998,0.006312606892413998,0.006312606892413998,0.006312606892413998
RULE_ONLY,test-run-0042,300,3.0,1.0,THERMAL_EXCURSION,UNKNOWN,ABSTAIN_LOW_CONFIDENCE,False,0.0024938150017987937,0.009768440837827668,0.009768440837827668,0.009768440837827668,0.009768440837827668,0.0,0.0,0.009768440837827668,0.009768440837827668,0.009768440837827668,0.11208403245955097,0.009768440837827668,0.009768440837827668,0.8
RULE_ONLY,test-run-0042,400,4.0,2.0,THERMAL_EXCURSION,THERMAL_EXCURSION,UPW_THERMAL_DEVIATION_OBSERVED,False,0.002264270999148721,0.006312606892413998,0.006312606892413998,0.006312606892413998,0.006312606892413998,0.0,0.0,0.006312606892413998,0.006312606892413998,0.006312606892413998,0.9368739310758604,0.006312606892413998,0.006312606892413998,0.006312606892413998
RULE_ONLY,test-run-0042,500,5.0,3.0,THERMAL_EXCURSION,THERMAL_EXCURSION,UPW_THERMAL_DEVIATION_OBSERVED,False,0.002432083998428425,0.006312606892413998,0.006312606892413998,0.006312606892413998,0.006312606892413998,0.0,0.0,0.006312606892413998,0.006312606892413998,0.006312606892413998,0.9368739310758604,0.006312606892413998,0.006312606892413998,0.006312606892413998
RULE_ONLY,test-run-0043,300,3.0,1.0,THERMAL_EXCURSION,THERMAL_EXCURSION,UPW_THERMAL_DEVIATION_OBSERVED,False,0.0027608950003923383,0.024886512840930967,0.024886512840930967,0.024886512840930967,0.024886512840930967,0.0,0.0,0.024886512840930967,0.024886512840930967,0.024886512840930967,0.6301559188084438,0.024886512840930967,0.024886512840930967,0.14586546562317743
RULE_ONLY,test-run-0043,400,4.0,2.0,THERMAL_EXCURSION,THERMAL_EXCURSION,UPW_THERMAL_DEVIATION_OBSERVED,False,0.002264302998810308,0.006312606892413998,0.006312606892413998,0.006312606892413998,0.006312606892413998,0.0,0.0,0.006312606892413998,0.006312606892413998,0.006312606892413998,0.9368739310758604,0.006312606892413998,0.006312606892413998,0.006312606892413998
RULE_ONLY,test-run-0043,500,5.0,3.0,THERMAL_EXCURSION,THERMAL_EXCURSION,UPW_THERMAL_DEVIATION_OBSERVED,False,0.002333808999537723,0.006312606892413998,0.006312606892413998,0.006312606892413998,0.006312606892413998,0.0,0.0,0.006312606892413998,0.006312606892413998,0.006312606892413998,0.9368739310758604,0.006312606892413998,0.006312606892413998,0.006312606892413998
RULE_ONLY,test-run-0044,300,3.0,1.0,THERMAL_EXCURSION,UNKNOWN,UPW_THERMAL_DEVIATION_OBSERVED|ABSTAIN_LOW_CONFIDENCE,False,0.0024592849986220244,0.007713584797528373,0.007713584797528373,0.007713584797528373,0.007713584797528373,0.0,0.0,0.007713584797528373,0.007713584797528373,0.007713584797528373,0.1305777368222446,0.007713584797528373,0.007713584797528373,0.8
RULE_ONLY,test-run-0044,400,4.0,2.0,THERMAL_EXCURSION,THERMAL_EXCURSION,UPW_THERMAL_DEVIATION_OBSERVED,False,0.002246765998279443,0.006312606892413998,0.006312606892413998,0.006312606892413998,0.006312606892413998,0.0,0.0,0.006312606892413998,0.006312606892413998,0.006312606892413998,0.9368739310758604,0.006312606892413998,0.006312606892413998,0.006312606892413998
RULE_ONLY,test-run-0044,500,5.0,3.0,THERMAL_EXCURSION,THERMAL_EXCURSION,UPW_THERMAL_DEVIATION_OBSERVED,False,0.002339985003345646,0.006312606892413998,0.006312606892413998,0.006312606892413998,0.006312606892413998,0.0,0.0,0.006312606892413998,0.006312606892413998,0.006312606892413998,0.9368739310758604,0.006312606892413998,0.006312606892413998,0.006312606892413998
RULE_ONLY,test-run-0045,300,3.0,1.0,THERMAL_EXCURSION,UNKNOWN,ABSTAIN_LOW_CONFIDENCE|ABSTAIN_LOW_MARGIN,False,0.0024222600004577544,0.011997213152000634,0.011997213152000634,0.011997213152000634,0.011997213152000634,0.0,0.0,0.011997213152000634,0.011997213152000634,0.011997213152000634,0.02462718627731713,0.011997213152000634,0.011997213152000634,0.8673978953546772
RULE_ONLY,test-run-0045,400,4.0,2.0,THERMAL_EXCURSION,UNKNOWN,ABSTAIN_LOW_CONFIDENCE,False,0.0023293289996217936,0.011699196439755049,0.011699196439755049,0.011699196439755049,0.011699196439755049,0.0,0.0,0.011699196439755049,0.011699196439755049,0.011699196439755049,0.09470723204220452,0.011699196439755049,0.011699196439755049,0.8
RULE_ONLY,test-run-0045,500,5.0,3.0,THERMAL_EXCURSION,UNKNOWN,UPW_THERMAL_DEVIATION_OBSERVED|ABSTAIN_LOW_CONFIDENCE,False,0.0023545779986307025,0.007561391170596476,0.007561391170596476,0.007561391170596476,0.007561391170596476,0.0,0.0,0.007561391170596476,0.007561391170596476,0.007561391170596476,0.13194747946463167,0.007561391170596476,0.007561391170596476,0.8
RULE_ONLY,test-run-0046,300,3.0,1.0,THERMAL_EXCURSION,UNKNOWN,ABSTAIN_LOW_CONFIDENCE|ABSTAIN_LOW_MARGIN,False,0.002614331002405379,0.013057884013658965,0.013057884013658965,0.013057884013658965,0.013057884013658965,0.0,0.0,0.013057884013658965,0.013057884013658965,0.013057884013658965,0.029673445733735638,0.013057884013658965,0.013057884013658965,0.8528055981433337
RULE_ONLY,test-run-0046,400,4.0,2.0,THERMAL_EXCURSION,UNKNOWN,ABSTAIN_LOW_CONFIDENCE,False,0.0023050409981806297,0.012007638786760928,0.012007638786760928,0.012007638786760928,0.012007638786760928,0.0,0.0,0.012007638786760928,0.012007638786760928,0.012007638786760928,0.0919312509191516,0.012007638786760928,0.012007638786760928,0.8
RULE_ONLY,test-run-0046,500,5.0,3.0,THERMAL_EXCURSION,THERMAL_EXCURSION,UPW_THERMAL_DEVIATION_OBSERVED,False,0.002321040999959223,0.024879202011635383,0.024879202011635383,0.024879202011635383,0.024879202011635383,0.0,0.0,0.024879202011635383,0.024879202011635383,0.024879202011635383,0.6303529777284234,0.024879202011635383,0.024879202011635383,0.14573420416685826
RULE_ONLY,test-run-0047,300,3.0,1.0,THERMAL_EXCURSION,UNKNOWN,ABSTAIN_LOW_CONFIDENCE|ABSTAIN_LOW_MARGIN,False,0.002425972001219634,0.015710178199589787,0.015710178199589787,0.015710178199589787,0.015710178199589787,0.0,0.0,0.015710178199589787,0.015710178199589787,0.015710178199589787,0.05860839620369187,0.015710178199589787,0.015710178199589787,0.8
RULE_ONLY,test-run-0047,400,4.0,2.0,THERMAL_EXCURSION,THERMAL_EXCURSION,UPW_THERMAL_DEVIATION_OBSERVED,False,0.00221850899833953,0.025163033125256657,0.025163033125256657,0.025163033125256657,0.025163033125256657,0.0,0.0,0.025163033125256657,0.025163033125256657,0.025163033125256657,0.6225972817481116,0.025163033125256657,0.025163033125256657,0.15093542012457845
RULE_ONLY,test-run-0047,500,5.0,3.0,THERMAL_EXCURSION,THERMAL_EXCURSION,UPW_THERMAL_DEVIATION_OBSERVED,False,0.0023586099996464327,0.008224749869738819,0.008224749869738819,0.008224749869738819,0.008224749869738819,0.0,0.0,0.008224749869738819,0.008224749869738819,0.008224749869738819,0.9150050358065481,0.008224749869738819,0.008224749869738819,0.010972215365802463
RULE_ONLY,test-run-0048,300,3.0,1.0,PRESSURE_SENSOR_FAULT,UNKNOWN,ABSTAIN_LOW_CONFIDENCE,False,0.0024325959966517985,0.010613961358074972,0.010613961358074972,0.010613961358074972,0.010613961358074972,0.0,0.0,0.010613961358074972,0.010613961358074972,0.010613961358074972,0.010613961358074972,0.1044743477773252,0.010613961358074972,0.8
RULE_ONLY,test-run-0048,400,4.0,2.0,PRESSURE_SENSOR_FAULT,UNKNOWN,ABSTAIN_LOW_CONFIDENCE,False,0.00225300600141054,0.011934145688802779,0.011934145688802779,0.011934145688802779,0.011934145688802779,0.0,0.0,0.011934145688802779,0.011934145688802779,0.011934145688802779,0.011934145688802779,0.09259268880077494,0.011934145688802779,0.8
RULE_ONLY,test-run-0048,500,5.0,3.0,PRESSURE_SENSOR_FAULT,UNKNOWN,ABSTAIN_LOW_CONFIDENCE,False,0.0025960589991882443,0.01034540767263624,0.01034540767263624,0.01034540767263624,0.01034540767263624,0.0,0.0,0.01034540767263624,0.01034540767263624,0.01034540767263624,0.01034540767263624,0.10689133094627383,0.01034540767263624,0.8
RULE_ONLY,test-run-0049,300,3.0,1.0,PRESSURE_SENSOR_FAULT,PRESSURE_SENSOR_FAULT,PRESSURE_REDUNDANCY_RESIDUAL,False,0.002463190001435578,0.006312606892413997,0.006312606892413997,0.006312606892413997,0.006312606892413997,0.0,0.0,0.006312606892413997,0.006312606892413997,0.006312606892413997,0.006312606892413997,0.9368739310758601,0.006312606892413997,0.006312606892413997
RULE_ONLY,test-run-0049,400,4.0,2.0,PRESSURE_SENSOR_FAULT,PRESSURE_SENSOR_FAULT,PRESSURE_REDUNDANCY_RESIDUAL,False,0.002220717000454897,0.006312606892413997,0.006312606892413997,0.006312606892413997,0.006312606892413997,0.0,0.0,0.006312606892413997,0.006312606892413997,0.006312606892413997,0.006312606892413997,0.9368739310758601,0.006312606892413997,0.006312606892413997
RULE_ONLY,test-run-0049,500,5.0,3.0,PRESSURE_SENSOR_FAULT,PRESSURE_SENSOR_FAULT,PRESSURE_REDUNDANCY_RESIDUAL,False,0.0023436010014847852,0.006312606892413997,0.006312606892413997,0.006312606892413997,0.006312606892413997,0.0,0.0,0.006312606892413997,0.006312606892413997,0.006312606892413997,0.006312606892413997,0.9368739310758601,0.006312606892413997,0.006312606892413997
RULE_ONLY,test-run-0050,300,3.0,1.0,PRESSURE_SENSOR_FAULT,PRESSURE_SENSOR_FAULT,PRESSURE_REDUNDANCY_RESIDUAL,False,0.002452660999551881,0.006312606892413997,0.006312606892413997,0.006312606892413997,0.006312606892413997,0.0,0.0,0.006312606892413997,0.006312606892413997,0.006312606892413997,0.006312606892413997,0.9368739310758601,0.006312606892413997,0.006312606892413997
RULE_ONLY,test-run-0050,400,4.0,2.0,PRESSURE_SENSOR_FAULT,PRESSURE_SENSOR_FAULT,PRESSURE_REDUNDANCY_RESIDUAL,False,0.002254126997286221,0.006312606892413997,0.006312606892413997,0.006312606892413997,0.006312606892413997,0.0,0.0,0.006312606892413997,0.006312606892413997,0.006312606892413997,0.006312606892413997,0.9368739310758601,0.006312606892413997,0.006312606892413997
RULE_ONLY,test-run-0050,500,5.0,3.0,PRESSURE_SENSOR_FAULT,PRESSURE_SENSOR_FAULT,PRESSURE_REDUNDANCY_RESIDUAL,False,0.002345714001421584,0.006312606892413997,0.006312606892413997,0.006312606892413997,0.006312606892413997,0.0,0.0,0.006312606892413997,0.006312606892413997,0.006312606892413997,0.006312606892413997,0.9368739310758601,0.006312606892413997,0.006312606892413997
RULE_ONLY,test-run-0051,300,3.0,1.0,PRESSURE_SENSOR_FAULT,PRESSURE_SENSOR_FAULT,PRESSURE_REDUNDANCY_RESIDUAL,False,0.0025065190020541195,0.006312606892413997,0.006312606892413997,0.006312606892413997,0.006312606892413997,0.0,0.0,0.006312606892413997,0.006312606892413997,0.006312606892413997,0.006312606892413997,0.9368739310758601,0.006312606892413997,0.006312606892413997
RULE_ONLY,test-run-0051,400,4.0,2.0,PRESSURE_SENSOR_FAULT,PRESSURE_SENSOR_FAULT,PRESSURE_REDUNDANCY_RESIDUAL,False,0.0022714070000802167,0.006312606892413997,0.006312606892413997,0.006312606892413997,0.006312606892413997,0.0,0.0,0.006312606892413997,0.006312606892413997,0.006312606892413997,0.006312606892413997,0.9368739310758601,0.006312606892413997,0.006312606892413997
RULE_ONLY,test-run-0051,500,5.0,3.0,PRESSURE_SENSOR_FAULT,PRESSURE_SENSOR_FAULT,PRESSURE_REDUNDANCY_RESIDUAL,False,0.002666077001777012,0.006312606892413997,0.006312606892413997,0.006312606892413997,0.006312606892413997,0.0,0.0,0.006312606892413997,0.006312606892413997,0.006312606892413997,0.006312606892413997,0.9368739310758601,0.006312606892413997,0.006312606892413997
RULE_ONLY,test-run-0052,300,3.0,1.0,PRESSURE_SENSOR_FAULT,PRESSURE_SENSOR_FAULT,PRESSURE_REDUNDANCY_RESIDUAL,False,0.0024133319966495037,0.006312606892413997,0.006312606892413997,0.006312606892413997,0.006312606892413997,0.0,0.0,0.006312606892413997,0.006312606892413997,0.006312606892413997,0.006312606892413997,0.9368739310758601,0.006312606892413997,0.006312606892413997
RULE_ONLY,test-run-0052,400,4.0,2.0,PRESSURE_SENSOR_FAULT,PRESSURE_SENSOR_FAULT,PRESSURE_REDUNDANCY_RESIDUAL,False,0.0021750190026068594,0.006312606892413997,0.006312606892413997,0.006312606892413997,0.006312606892413997,0.0,0.0,0.006312606892413997,0.006312606892413997,0.006312606892413997,0.006312606892413997,0.9368739310758601,0.006312606892413997,0.006312606892413997
RULE_ONLY,test-run-0052,500,5.0,3.0,PRESSURE_SENSOR_FAULT,PRESSURE_SENSOR_FAULT,PRESSURE_REDUNDANCY_RESIDUAL,False,0.0023472810025850777,0.006312606892413997,0.006312606892413997,0.006312606892413997,0.006312606892413997,0.0,0.0,0.006312606892413997,0.006312606892413997,0.006312606892413997,0.006312606892413997,0.9368739310758601,0.006312606892413997,0.006312606892413997
RULE_ONLY,test-run-0053,300,3.0,1.0,PRESSURE_SENSOR_FAULT,PRESSURE_SENSOR_FAULT,PRESSURE_REDUNDANCY_RESIDUAL,False,0.0024503890017513186,0.006312606892413997,0.006312606892413997,0.006312606892413997,0.006312606892413997,0.0,0.0,0.006312606892413997,0.006312606892413997,0.006312606892413997,0.006312606892413997,0.9368739310758601,0.006312606892413997,0.006312606892413997
RULE_ONLY,test-run-0053,400,4.0,2.0,PRESSURE_SENSOR_FAULT,PRESSURE_SENSOR_FAULT,PRESSURE_REDUNDANCY_RESIDUAL,False,0.00226929500058759,0.006312606892413997,0.006312606892413997,0.006312606892413997,0.006312606892413997,0.0,0.0,0.006312606892413997,0.006312606892413997,0.006312606892413997,0.006312606892413997,0.9368739310758601,0.006312606892413997,0.006312606892413997
RULE_ONLY,test-run-0053,500,5.0,3.0,PRESSURE_SENSOR_FAULT,PRESSURE_SENSOR_FAULT,PRESSURE_REDUNDANCY_RESIDUAL,False,0.002343953998206416,0.006312606892413997,0.006312606892413997,0.006312606892413997,0.006312606892413997,0.0,0.0,0.006312606892413997,0.006312606892413997,0.006312606892413997,0.006312606892413997,0.9368739310758601,0.006312606892413997,0.006312606892413997
RULE_ONLY,test-run-0054,300,3.0,1.0,FLOW_SENSOR_FAULT,FLOW_SENSOR_FAULT,FLOW_REDUNDANCY_RESIDUAL,False,0.002472309999575373,0.006312606892413997,0.006312606892413997,0.006312606892413997,0.006312606892413997,0.0,0.0,0.006312606892413997,0.006312606892413997,0.006312606892413997,0.006312606892413997,0.006312606892413997,0.9368739310758601,0.006312606892413997
RULE_ONLY,test-run-0054,400,4.0,2.0,FLOW_SENSOR_FAULT,FLOW_SENSOR_FAULT,FLOW_REDUNDANCY_RESIDUAL,False,0.0023159839984145947,0.006312606892413997,0.006312606892413997,0.006312606892413997,0.006312606892413997,0.0,0.0,0.006312606892413997,0.006312606892413997,0.006312606892413997,0.006312606892413997,0.006312606892413997,0.9368739310758601,0.006312606892413997
RULE_ONLY,test-run-0054,500,5.0,3.0,FLOW_SENSOR_FAULT,FLOW_SENSOR_FAULT,FLOW_REDUNDANCY_RESIDUAL,False,0.002606521997222444,0.006312606892413997,0.006312606892413997,0.006312606892413997,0.006312606892413997,0.0,0.0,0.006312606892413997,0.006312606892413997,0.006312606892413997,0.006312606892413997,0.006312606892413997,0.9368739310758601,0.006312606892413997
RULE_ONLY,test-run-0055,300,3.0,1.0,FLOW_SENSOR_FAULT,FLOW_SENSOR_FAULT,FLOW_REDUNDANCY_RESIDUAL,False,0.0024472210025123786,0.006312606892413997,0.006312606892413997,0.006312606892413997,0.006312606892413997,0.0,0.0,0.006312606892413997,0.006312606892413997,0.006312606892413997,0.006312606892413997,0.006312606892413997,0.9368739310758601,0.006312606892413997
RULE_ONLY,test-run-0055,400,4.0,2.0,FLOW_SENSOR_FAULT,FLOW_SENSOR_FAULT,FLOW_REDUNDANCY_RESIDUAL,False,0.0022583829995710403,0.006312606892413997,0.006312606892413997,0.006312606892413997,0.006312606892413997,0.0,0.0,0.006312606892413997,0.006312606892413997,0.006312606892413997,0.006312606892413997,0.006312606892413997,0.9368739310758601,0.006312606892413997
RULE_ONLY,test-run-0055,500,5.0,3.0,FLOW_SENSOR_FAULT,FLOW_SENSOR_FAULT,FLOW_REDUNDANCY_RESIDUAL,False,0.0023211369989439845,0.006312606892413997,0.006312606892413997,0.006312606892413997,0.006312606892413997,0.0,0.0,0.006312606892413997,0.006312606892413997,0.006312606892413997,0.006312606892413997,0.006312606892413997,0.9368739310758601,0.006312606892413997
RULE_ONLY,test-run-0056,300,3.0,1.0,FLOW_SENSOR_FAULT,FLOW_SENSOR_FAULT,FLOW_REDUNDANCY_RESIDUAL,False,0.002475990000675665,0.006312606892413997,0.006312606892413997,0.006312606892413997,0.006312606892413997,0.0,0.0,0.006312606892413997,0.006312606892413997,0.006312606892413997,0.006312606892413997,0.006312606892413997,0.9368739310758601,0.006312606892413997
RULE_ONLY,test-run-0056,400,4.0,2.0,FLOW_SENSOR_FAULT,FLOW_SENSOR_FAULT,FLOW_REDUNDANCY_RESIDUAL,False,0.002286574999743607,0.006312606892413997,0.006312606892413997,0.006312606892413997,0.006312606892413997,0.0,0.0,0.006312606892413997,0.006312606892413997,0.006312606892413997,0.006312606892413997,0.006312606892413997,0.9368739310758601,0.006312606892413997
RULE_ONLY,test-run-0056,500,5.0,3.0,FLOW_SENSOR_FAULT,FLOW_SENSOR_FAULT,FLOW_REDUNDANCY_RESIDUAL,False,0.0024003389989957213,0.006312606892413997,0.006312606892413997,0.006312606892413997,0.006312606892413997,0.0,0.0,0.006312606892413997,0.006312606892413997,0.006312606892413997,0.006312606892413997,0.006312606892413997,0.9368739310758601,0.006312606892413997
RULE_ONLY,test-run-0057,300,3.0,1.0,FLOW_SENSOR_FAULT,FLOW_SENSOR_FAULT,FLOW_REDUNDANCY_RESIDUAL,False,0.002501654998923186,0.006312606892413997,0.006312606892413997,0.006312606892413997,0.006312606892413997,0.0,0.0,0.006312606892413997,0.006312606892413997,0.006312606892413997,0.006312606892413997,0.006312606892413997,0.9368739310758601,0.006312606892413997
RULE_ONLY,test-run-0057,400,4.0,2.0,FLOW_SENSOR_FAULT,FLOW_SENSOR_FAULT,FLOW_REDUNDANCY_RESIDUAL,False,0.002268719003041042,0.006312606892413997,0.006312606892413997,0.006312606892413997,0.006312606892413997,0.0,0.0,0.006312606892413997,0.006312606892413997,0.006312606892413997,0.006312606892413997,0.006312606892413997,0.9368739310758601,0.006312606892413997
RULE_ONLY,test-run-0057,500,5.0,3.0,FLOW_SENSOR_FAULT,FLOW_SENSOR_FAULT,FLOW_REDUNDANCY_RESIDUAL,False,0.0025357999984407797,0.006312606892413997,0.006312606892413997,0.006312606892413997,0.006312606892413997,0.0,0.0,0.006312606892413997,0.006312606892413997,0.006312606892413997,0.006312606892413997,0.006312606892413997,0.9368739310758601,0.006312606892413997
RULE_ONLY,test-run-0058,300,3.0,1.0,FLOW_SENSOR_FAULT,FLOW_SENSOR_FAULT,FLOW_REDUNDANCY_RESIDUAL,False,0.002423539997835178,0.006312606892413997,0.006312606892413997,0.006312606892413997,0.006312606892413997,0.0,0.0,0.006312606892413997,0.006312606892413997,0.006312606892413997,0.006312606892413997,0.006312606892413997,0.9368739310758601,0.006312606892413997
RULE_ONLY,test-run-0058,400,4.0,2.0,FLOW_SENSOR_FAULT,FLOW_SENSOR_FAULT,FLOW_REDUNDANCY_RESIDUAL,False,0.0022221899998839945,0.006312606892413997,0.006312606892413997,0.006312606892413997,0.006312606892413997,0.0,0.0,0.006312606892413997,0.006312606892413997,0.006312606892413997,0.006312606892413997,0.006312606892413997,0.9368739310758601,0.006312606892413997
RULE_ONLY,test-run-0058,500,5.0,3.0,FLOW_SENSOR_FAULT,FLOW_SENSOR_FAULT,FLOW_REDUNDANCY_RESIDUAL,False,0.002315056000952609,0.006312606892413997,0.006312606892413997,0.006312606892413997,0.006312606892413997,0.0,0.0,0.006312606892413997,0.006312606892413997,0.006312606892413997,0.006312606892413997,0.006312606892413997,0.9368739310758601,0.006312606892413997
RULE_ONLY,test-run-0059,300,3.0,1.0,FLOW_SENSOR_FAULT,FLOW_SENSOR_FAULT,FLOW_REDUNDANCY_RESIDUAL,False,0.00244667699735146,0.006312606892413997,0.006312606892413997,0.006312606892413997,0.006312606892413997,0.0,0.0,0.006312606892413997,0.006312606892413997,0.006312606892413997,0.006312606892413997,0.006312606892413997,0.9368739310758601,0.006312606892413997
RULE_ONLY,test-run-0059,400,4.0,2.0,FLOW_SENSOR_FAULT,FLOW_SENSOR_FAULT,FLOW_REDUNDANCY_RESIDUAL,False,0.0023122090024116915,0.006312606892413997,0.006312606892413997,0.006312606892413997,0.006312606892413997,0.0,0.0,0.006312606892413997,0.006312606892413997,0.006312606892413997,0.006312606892413997,0.006312606892413997,0.9368739310758601,0.006312606892413997
RULE_ONLY,test-run-0059,500,5.0,3.0,FLOW_SENSOR_FAULT,FLOW_SENSOR_FAULT,FLOW_REDUNDANCY_RESIDUAL,False,0.0023993800023163203,0.006312606892413997,0.006312606892413997,0.006312606892413997,0.006312606892413997,0.0,0.0,0.006312606892413997,0.006312606892413997,0.006312606892413997,0.006312606892413997,0.006312606892413997,0.9368739310758601,0.006312606892413997
RULE_ONLY,test-run-0060,300,3.0,1.0,UNKNOWN,UNKNOWN,ABSTAIN_LOW_CONFIDENCE|ABSTAIN_LOW_MARGIN,False,0.002489046000846429,0.006312606892414008,0.006312606892414008,0.006312606892414008,0.006312606892414008,0.0,0.0,0.006312606892414008,0.006312606892414008,0.006312606892414008,0.006312606892414008,0.006312606892414008,0.006312606892414008,0.9368739310758599
RULE_ONLY,test-run-0060,400,4.0,2.0,UNKNOWN,UNKNOWN,ABSTAIN_LOW_CONFIDENCE|ABSTAIN_LOW_MARGIN,False,0.0025775289977900684,0.006312606892414008,0.006312606892414008,0.006312606892414008,0.006312606892414008,0.0,0.0,0.006312606892414008,0.006312606892414008,0.006312606892414008,0.006312606892414008,0.006312606892414008,0.006312606892414008,0.9368739310758599
RULE_ONLY,test-run-0060,500,5.0,3.0,UNKNOWN,UNKNOWN,ABSTAIN_LOW_CONFIDENCE|ABSTAIN_LOW_MARGIN,False,0.002353682000830304,0.006312606892414008,0.006312606892414008,0.006312606892414008,0.006312606892414008,0.0,0.0,0.006312606892414008,0.006312606892414008,0.006312606892414008,0.006312606892414008,0.006312606892414008,0.006312606892414008,0.9368739310758599
RULE_ONLY,test-run-0061,300,3.0,1.0,UNKNOWN,UNKNOWN,ABSTAIN_LOW_CONFIDENCE|ABSTAIN_LOW_MARGIN,False,0.002454902001773007,0.006312606892414008,0.006312606892414008,0.006312606892414008,0.006312606892414008,0.0,0.0,0.006312606892414008,0.006312606892414008,0.006312606892414008,0.006312606892414008,0.006312606892414008,0.006312606892414008,0.9368739310758599
RULE_ONLY,test-run-0061,400,4.0,2.0,UNKNOWN,UNKNOWN,ABSTAIN_LOW_CONFIDENCE|ABSTAIN_LOW_MARGIN,False,0.002269263000926003,0.006312606892414008,0.006312606892414008,0.006312606892414008,0.006312606892414008,0.0,0.0,0.006312606892414008,0.006312606892414008,0.006312606892414008,0.006312606892414008,0.006312606892414008,0.006312606892414008,0.9368739310758599
RULE_ONLY,test-run-0061,500,5.0,3.0,UNKNOWN,UNKNOWN,ABSTAIN_LOW_CONFIDENCE|ABSTAIN_LOW_MARGIN,False,0.002336560999538051,0.006312606892414008,0.006312606892414008,0.006312606892414008,0.006312606892414008,0.0,0.0,0.006312606892414008,0.006312606892414008,0.006312606892414008,0.006312606892414008,0.006312606892414008,0.006312606892414008,0.9368739310758599
RULE_ONLY,test-run-0062,300,3.0,1.0,UNKNOWN,UNKNOWN,ABSTAIN_LOW_CONFIDENCE|ABSTAIN_LOW_MARGIN,False,0.002477493999322178,0.006312606892414008,0.006312606892414008,0.006312606892414008,0.006312606892414008,0.0,0.0,0.006312606892414008,0.006312606892414008,0.006312606892414008,0.006312606892414008,0.006312606892414008,0.006312606892414008,0.9368739310758599
RULE_ONLY,test-run-0062,400,4.0,2.0,UNKNOWN,UNKNOWN,ABSTAIN_LOW_CONFIDENCE|ABSTAIN_LOW_MARGIN,False,0.0022198219994606916,0.006312606892414008,0.006312606892414008,0.006312606892414008,0.006312606892414008,0.0,0.0,0.006312606892414008,0.006312606892414008,0.006312606892414008,0.006312606892414008,0.006312606892414008,0.006312606892414008,0.9368739310758599
RULE_ONLY,test-run-0062,500,5.0,3.0,UNKNOWN,UNKNOWN,ABSTAIN_LOW_CONFIDENCE|ABSTAIN_LOW_MARGIN,False,0.0024289799985126592,0.006312606892414008,0.006312606892414008,0.006312606892414008,0.006312606892414008,0.0,0.0,0.006312606892414008,0.006312606892414008,0.006312606892414008,0.006312606892414008,0.006312606892414008,0.006312606892414008,0.9368739310758599
RULE_ONLY,test-run-0063,300,3.0,1.0,UNKNOWN,UNKNOWN,ABSTAIN_LOW_CONFIDENCE|ABSTAIN_LOW_MARGIN,False,0.0024399889989581425,0.006312606892414008,0.006312606892414008,0.006312606892414008,0.006312606892414008,0.0,0.0,0.006312606892414008,0.006312606892414008,0.006312606892414008,0.006312606892414008,0.006312606892414008,0.006312606892414008,0.9368739310758599
RULE_ONLY,test-run-0063,400,4.0,2.0,UNKNOWN,UNKNOWN,ABSTAIN_LOW_CONFIDENCE|ABSTAIN_LOW_MARGIN,False,0.0025276400010625366,0.006312606892414008,0.006312606892414008,0.006312606892414008,0.006312606892414008,0.0,0.0,0.006312606892414008,0.006312606892414008,0.006312606892414008,0.006312606892414008,0.006312606892414008,0.006312606892414008,0.9368739310758599
RULE_ONLY,test-run-0063,500,5.0,3.0,UNKNOWN,UNKNOWN,ABSTAIN_LOW_CONFIDENCE|ABSTAIN_LOW_MARGIN,False,0.0023478250004700385,0.006312606892414008,0.006312606892414008,0.006312606892414008,0.006312606892414008,0.0,0.0,0.006312606892414008,0.006312606892414008,0.006312606892414008,0.006312606892414008,0.006312606892414008,0.006312606892414008,0.9368739310758599
RULE_ONLY,test-run-0064,300,3.0,1.0,UNKNOWN,UNKNOWN,ABSTAIN_LOW_CONFIDENCE|ABSTAIN_LOW_MARGIN,False,0.0024716369989619125,0.006312606892414008,0.006312606892414008,0.006312606892414008,0.006312606892414008,0.0,0.0,0.006312606892414008,0.006312606892414008,0.006312606892414008,0.006312606892414008,0.006312606892414008,0.006312606892414008,0.9368739310758599
RULE_ONLY,test-run-0064,400,4.0,2.0,UNKNOWN,UNKNOWN,ABSTAIN_LOW_CONFIDENCE|ABSTAIN_LOW_MARGIN,False,0.0022521099999721628,0.006312606892414008,0.006312606892414008,0.006312606892414008,0.006312606892414008,0.0,0.0,0.006312606892414008,0.006312606892414008,0.006312606892414008,0.006312606892414008,0.006312606892414008,0.006312606892414008,0.9368739310758599
RULE_ONLY,test-run-0064,500,5.0,3.0,UNKNOWN,UNKNOWN,ABSTAIN_LOW_CONFIDENCE|ABSTAIN_LOW_MARGIN,False,0.0023564330003864598,0.006312606892414008,0.006312606892414008,0.006312606892414008,0.006312606892414008,0.0,0.0,0.006312606892414008,0.006312606892414008,0.006312606892414008,0.006312606892414008,0.006312606892414008,0.006312606892414008,0.9368739310758599
RULE_ONLY,test-run-0065,300,3.0,1.0,UNKNOWN,UNKNOWN,ABSTAIN_LOW_CONFIDENCE|ABSTAIN_LOW_MARGIN,False,0.0023951869989105035,0.006312606892414008,0.006312606892414008,0.006312606892414008,0.006312606892414008,0.0,0.0,0.006312606892414008,0.006312606892414008,0.006312606892414008,0.006312606892414008,0.006312606892414008,0.006312606892414008,0.9368739310758599
RULE_ONLY,test-run-0065,400,4.0,2.0,UNKNOWN,UNKNOWN,ABSTAIN_LOW_CONFIDENCE|ABSTAIN_LOW_MARGIN,False,0.0022301890021481086,0.006312606892414008,0.006312606892414008,0.006312606892414008,0.006312606892414008,0.0,0.0,0.006312606892414008,0.006312606892414008,0.006312606892414008,0.006312606892414008,0.006312606892414008,0.006312606892414008,0.9368739310758599
RULE_ONLY,test-run-0065,500,5.0,3.0,UNKNOWN,UNKNOWN,ABSTAIN_LOW_CONFIDENCE|ABSTAIN_LOW_MARGIN,False,0.002295150999998441,0.006312606892414008,0.006312606892414008,0.006312606892414008,0.006312606892414008,0.0,0.0,0.006312606892414008,0.006312606892414008,0.006312606892414008,0.006312606892414008,0.006312606892414008,0.006312606892414008,0.9368739310758599
LOGISTIC,test-run-0000,300,3.0,1.0,GRID_VOLTAGE_SAG,GRID_VOLTAGE_SAG,GRID_SAG_TO_UPS_RESPONSE|UPS_TRANSFER_PROPAGATION_EVIDENCE,False,0.0038834300030430313,0.7367909596631425,0.009924773282870733,0.029904985558101338,0.01880284546085579,0.1,0.0,0.0038246161368857326,0.017314667165789756,0.006147490375048091,0.013463815386249354,0.02438539321532976,0.01612559896291724,0.02331485479280976
LOGISTIC,test-run-0000,400,4.0,2.0,GRID_VOLTAGE_SAG,GRID_VOLTAGE_SAG,GRID_SAG_TO_UPS_RESPONSE|UPS_TRANSFER_PROPAGATION_EVIDENCE,False,0.0032636969990562648,0.7553771087234384,0.008699550792998093,0.04108467382243488,0.01177605332252701,0.1,0.0,0.0028590809877461036,0.008331227012701073,0.003980177871396822,0.012016701945158576,0.03360540355281733,0.013877699965893732,0.008392322002887904
LOGISTIC,test-run-0000,500,5.0,3.0,GRID_VOLTAGE_SAG,GRID_VOLTAGE_SAG,GRID_SAG_TO_UPS_RESPONSE|UPS_TRANSFER_PROPAGATION_EVIDENCE,False,0.003631677998782834,0.8672342443518173,0.0006779570677260288,0.014520899494473855,0.0027570155349124687,0.1,0.0,0.0005931038619178312,0.0009091155605859909,0.0009350490210580347,0.0006528366236769929,0.0015515303727983978,0.007348221030095436,0.0028200270809376413
LOGISTIC,test-run-0001,300,3.0,1.0,GRID_VOLTAGE_SAG,GRID_VOLTAGE_SAG,GRID_SAG_TO_UPS_RESPONSE|UPS_TRANSFER_PROPAGATION_EVIDENCE,False,0.0032881139995879494,0.5627837727159448,0.0034677147764056973,0.09159087449092684,0.012050724035157155,0.1,0.0,0.0040489591731391085,0.014717076446623107,0.005309536459247873,0.009332703964623169,0.07484433605769797,0.011726466326045208,0.11012783555418906
LOGISTIC,test-run-0001,400,4.0,2.0,GRID_VOLTAGE_SAG,GRID_VOLTAGE_SAG,GRID_SAG_TO_UPS_RESPONSE|UPS_TRANSFER_PROPAGATION_EVIDENCE,False,0.0030901869977242313,0.6372958173414007,0.008568503752095603,0.14098738125808996,0.02545521124111186,0.1,0.0,0.0032810471915736147,0.009732018838959206,0.004590249507370653,0.011797372554386973,0.04216000669547667,0.01105819644772615,0.005074195171808476
LOGISTIC,test-run-0001,500,5.0,3.0,GRID_VOLTAGE_SAG,GRID_VOLTAGE_SAG,GRID_SAG_TO_UPS_RESPONSE|UPS_TRANSFER_PROPAGATION_EVIDENCE,False,0.003325875997688854,0.8023566300979584,0.0019989567453342198,0.07667092805080791,0.0005602784011091314,0.1,0.0,0.0008668104208783935,0.0019587664328966463,0.0011333004909915134,0.001913763495490842,0.0021829535182357677,0.0071160058166234155,0.003241606529673569
LOGISTIC,test-run-0002,300,3.0,1.0,GRID_VOLTAGE_SAG,GRID_VOLTAGE_SAG,GRID_SAG_TO_UPS_RESPONSE|UPS_TRANSFER_PROPAGATION_EVIDENCE,False,0.0033447250025346875,0.5840585472650569,0.009935864037871864,0.11738888447148228,0.017163491015583857,0.1,0.0,0.004883938176243487,0.008524254914784929,0.007353959178630159,0.0118841915914535,0.021600667562929034,0.05838107055820054,0.05882513122776348
LOGISTIC,test-run-0002,400,4.0,2.0,GRID_VOLTAGE_SAG,GRID_VOLTAGE_SAG,GRID_SAG_TO_UPS_RESPONSE|UPS_TRANSFER_PROPAGATION_EVIDENCE,False,0.0032264159999613184,0.7790994569739365,0.003089158504003715,0.0685833801727067,0.0043451644295272865,0.1,0.0,0.0017280085528700335,0.011286466553025159,0.0015628438420051654,0.0070873327233366805,0.015945457150543046,0.0018218035454590608,0.0054509275525865385
LOGISTIC,test-run-0002,500,5.0,3.0,GRID_VOLTAGE_SAG,GRID_VOLTAGE_SAG,GRID_SAG_TO_UPS_RESPONSE|UPS_TRANSFER_PROPAGATION_EVIDENCE,False,0.003670303001854336,0.8298070393496385,0.0012608584005404718,0.055210766323571095,0.002560040737745416,0.1,0.0,0.0005960876127553556,0.0011972568460718775,0.0011141850023322817,0.0010390467004824046,0.0028282253920870353,0.0034270712962228534,0.0009594223385526285
LOGISTIC,test-run-0003,300,3.0,1.0,GRID_VOLTAGE_SAG,GRID_VOLTAGE_SAG,GRID_SAG_TO_UPS_RESPONSE|UPS_TRANSFER_PROPAGATION_EVIDENCE,False,0.00335134799752268,0.549510042382904,0.010179725264831178,0.05781952036683249,0.05007498811004869,0.1,0.0,0.005116746300864892,0.015137281826637164,0.006462300799236855,0.013918546945034941,0.1027364428240384,0.00788699146298301,0.08115741371658854
LOGISTIC,test-run-0003,400,4.0,2.0,GRID_VOLTAGE_SAG,GRID_VOLTAGE_SAG,GRID_SAG_TO_UPS_RESPONSE|UPS_TRANSFER_PROPAGATION_EVIDENCE,False,0.0031675019999966025,0.6568206626359764,0.005299999485474944,0.041047922868327154,0.1425880384174114,0.1,0.0,0.0021059861435637813,0.002266371185993488,0.007523537800738348,0.0009872265848044715,0.01730073903775939,0.011281751085711157,0.012777764754239536
LOGISTIC,test-run-0003,500,5.0,3.0,GRID_VOLTAGE_SAG,GRID_VOLTAGE_SAG,GRID_SAG_TO_UPS_RESPONSE|UPS_TRANSFER_PROPAGATION_EVIDENCE,False,0.0033236680028494447,0.8538697628028046,0.0019170818764369683,0.021267982063667642,0.0016189610576590981,0.1,0.0,0.0007148832921200916,0.0019573206865258364,0.001532669001036298,0.0017237531793035156,0.010547033734747144,8.091856205640146e-05,0.004769633743642479
LOGISTIC,test-run-0004,300,3.0,1.0,GRID_VOLTAGE_SAG,GRID_VOLTAGE_SAG,GRID_SAG_TO_UPS_RESPONSE|UPS_TRANSFER_PROPAGATION_EVIDENCE,False,0.003425014998356346,0.49827260592940786,0.006374528097336583,0.05971149557467974,0.05101953192267511,0.1,0.0,0.004538196390134777,0.017705628270756505,0.009798918951448892,0.01048862191614088,0.011663791265803773,0.18945640482393733,0.04097027685767865
LOGISTIC,test-run-0004,400,4.0,2.0,GRID_VOLTAGE_SAG,GRID_VOLTAGE_SAG,GRID_SAG_TO_UPS_RESPONSE|UPS_TRANSFER_PROPAGATION_EVIDENCE,False,0.003257424999901559,0.8050616358125636,0.00811159683944251,0.03662732207557682,0.00525141785366012,0.1,0.0,0.0019134222403057793,0.005233370722001889,0.0021153847469628896,0.00517392930445323,0.0023621799949047626,0.002870908885885486,0.025278831524242755
LOGISTIC,test-run-0004,500,5.0,3.0,GRID_VOLTAGE_SAG,GRID_VOLTAGE_SAG,GRID_SAG_TO_UPS_RESPONSE|UPS_TRANSFER_PROPAGATION_EVIDENCE,False,0.0036015009973198175,0.8559406247775162,0.0018499986403604238,0.027425370609344777,0.002512930859743234,0.1,0.0,0.0006962583363019384,0.0010379372239900646,0.0005894557609564432,0.002046062149929283,0.002939301398190304,0.0010271028178473634,0.003934957425819801
LOGISTIC,test-run-0005,300,3.0,1.0,GRID_VOLTAGE_SAG,GRID_VOLTAGE_SAG,GRID_SAG_TO_UPS_RESPONSE|UPS_TRANSFER_PROPAGATION_EVIDENCE,False,0.003421047000301769,0.6738964030304895,0.005473794559083868,0.05120506485667092,0.008780717889716037,0.1,0.0,0.003551264012488261,0.01078371809804673,0.010374935530478793,0.0052056227721217355,0.031568744537835286,0.059963047021726806,0.039196687691342005
LOGISTIC,test-run-0005,400,4.0,2.0,GRID_VOLTAGE_SAG,GRID_VOLTAGE_SAG,GRID_SAG_TO_UPS_RESPONSE|UPS_TRANSFER_PROPAGATION_EVIDENCE,False,0.0031907980010146275,0.80303149095777,0.011392238132345724,0.05727987452956348,0.003441005579843135,0.1,0.0,0.001405243551377313,0.0027723821123469177,0.0013598750291655356,0.0028523853426825046,0.0037132243895764442,0.0018677554300105354,0.010884524945318446
LOGISTIC,test-run-0005,500,5.0,3.0,GRID_VOLTAGE_SAG,GRID_VOLTAGE_SAG,GRID_SAG_TO_UPS_RESPONSE|UPS_TRANSFER_PROPAGATION_EVIDENCE,False,0.0033643730021140072,0.7746097087611554,0.0011703941736250665,0.07348430006444395,0.012601799770306664,0.1,0.0,0.0013696469410160931,0.001255965624156684,0.0018240745677542117,0.0034753301178249672,0.022507775395593222,0.00245994646738888,0.005241058116734653
LOGISTIC,test-run-0006,300,3.0,1.0,GRID_VOLTAGE_SWELL,GRID_VOLTAGE_SWELL,GRID_SWELL_OBSERVED,False,0.0034564400011731777,0.0007231669027308589,0.992582446756653,5.592236892265891e-05,0.0018990537738745215,0.0,0.0,0.00015610741379405664,0.0003333535919372637,0.0002586054128592425,0.0004690901550592036,0.001022862129069178,0.0020726346967217513,0.00042675679837852896
LOGISTIC,test-run-0006,400,4.0,2.0,GRID_VOLTAGE_SWELL,GRID_VOLTAGE_SWELL,GRID_SWELL_OBSERVED,False,0.0033729490023688413,0.0010978649243340742,0.9778750138580438,0.00011996750257280852,0.003431234412554658,0.0,0.0,0.00033185301048166627,0.0011576741066982692,0.0002856980700403564,0.0014439796513782228,0.010345398648514548,0.00023737653363470638,0.00367393928174662
LOGISTIC,test-run-0006,500,5.0,3.0,GRID_VOLTAGE_SWELL,GRID_VOLTAGE_SWELL,GRID_SWELL_OBSERVED,False,0.0036493420011538547,0.0006117045812663019,0.9925798069678713,7.09022781205348e-05,0.0015072818428700763,0.0,0.0,0.0001828052070789102,0.0004492088001992139,0.00038009062879730814,0.00035875841599705715,0.0010347783910222537,0.001411006760061955,0.0014136561267153282
LOGISTIC,test-run-0007,300,3.0,1.0,GRID_VOLTAGE_SWELL,GRID_VOLTAGE_SWELL,GRID_SWELL_OBSERVED,False,0.0034565679998195264,0.0014490555831174283,0.9754970366058786,0.00020962411279951842,0.0017842681373845353,0.0,0.0,0.00041866941189658936,0.0013391643544227684,0.0007136782569718596,0.0010941609563527336,0.000323122005290811,0.01094398413910264,0.006227236436782235
LOGISTIC,test-run-0007,400,4.0,2.0,GRID_VOLTAGE_SWELL,GRID_VOLTAGE_SWELL,GRID_SWELL_OBSERVED,False,0.0031993439988582395,0.0012498609608161916,0.9784929371436726,0.00016221983747005247,0.003164380125701659,0.0,0.0,0.000396381353399643,0.0016162845344400228,0.0008648303935412797,0.001211241127833861,0.00017553837949550678,0.008079671014772173,0.00458665512885714
LOGISTIC,test-run-0007,500,5.0,3.0,GRID_VOLTAGE_SWELL,GRID_VOLTAGE_SWELL,GRID_SWELL_OBSERVED,False,0.0033181629987666383,0.001039561696758679,0.992994834899527,5.724441503662091e-05,0.0007000995601580436,0.0,0.0,0.000153850946520762,0.0006348553848619842,0.0003133561131854969,0.00018521519798773116,0.0012008037725525853,0.001357584060811456,0.0013625939525999666
LOGISTIC,test-run-0008,300,3.0,1.0,GRID_VOLTAGE_SWELL,GRID_VOLTAGE_SWELL,GRID_SWELL_OBSERVED,False,0.0034307429996260908,0.0008742152693407853,0.9933673517566466,5.9372659017183076e-05,0.0011307734957588908,0.0,0.0,0.00016214828086993786,0.000702079063017165,0.00017258299719079346,0.0003232928606180094,0.0009817318604742635,0.00042380602655877876,0.0018026457305074686
LOGISTIC,test-run-0008,400,4.0,2.0,GRID_VOLTAGE_SWELL,GRID_VOLTAGE_SWELL,GRID_SWELL_OBSERVED,False,0.0031795979994058143,0.0001809994718831203,0.998236834510967,1.7048862070286135e-05,0.00046025526875596585,0.0,0.0,4.823990669963662e-05,0.00012673704885213005,0.00010621483872982135,7.490471986123902e-05,0.00025866555800063717,0.00022557143494992242,0.00026452837922995287
LOGISTIC,test-run-0008,500,5.0,3.0,GRID_VOLTAGE_SWELL,GRID_VOLTAGE_SWELL,GRID_SWELL_OBSERVED,False,0.00340933400002541,0.0006799699135953541,0.9964091934653165,3.192375042805291e-05,0.00030889038810583526,0.0,0.0,9.314004714887903e-05,0.0002313926674296069,0.00021628729565590583,0.00012422269646274813,0.000264333785667064,0.000600165352453187,0.0010404806377368595
LOGISTIC,test-run-0009,300,3.0,1.0,GRID_VOLTAGE_SWELL,UNKNOWN,ABSTAIN_LOW_CONFIDENCE,False,0.0036393270020198543,0.011669969444567888,0.11130878750083469,0.001288699440934001,0.025859619748487182,0.0,0.0,0.001691811924077859,0.00450685616632831,0.004239862272768079,0.002002506794450364,0.030517835168893052,0.0069140515386585276,0.8
LOGISTIC,test-run-0009,400,4.0,2.0,GRID_VOLTAGE_SWELL,UNKNOWN,ABSTAIN_LOW_CONFIDENCE,False,0.0032950909990177024,0.006779117984329561,0.11002506653705059,0.0007464616932607252,0.020527724280821013,0.0,0.0,0.0015614392339761338,0.012146881324023646,0.0018670728194675646,0.009176367154389003,0.02920343388896191,0.007966435083719817,0.8
LOGISTIC,test-run-0009,500,5.0,3.0,GRID_VOLTAGE_SWELL,UNKNOWN,ABSTAIN_LOW_CONFIDENCE|ABSTAIN_LOW_MARGIN,False,0.00337202199807507,0.005456563317554102,0.049965300180044754,0.001384587731635225,0.006819155876912062,0.0,0.0,0.002219211681891938,0.009428094198501763,0.004031788980229297,0.007439524126558368,0.04494608981119245,0.06830968409548001,0.8
LOGISTIC,test-run-0010,300,3.0,1.0,GRID_VOLTAGE_SWELL,GRID_VOLTAGE_SWELL,GRID_SWELL_OBSERVED,False,0.0034565679998195264,0.006979392303638731,0.6769676429500501,0.0014938193607663096,0.013452294616442338,0.0,0.0,0.0026128977107585123,0.003524226627139139,0.004036259749399135,0.003589627651284719,0.040729612307562925,0.04365392964247684,0.20296029708048136
LOGISTIC,test-run-0010,400,4.0,2.0,GRID_VOLTAGE_SWELL,GRID_VOLTAGE_SWELL,GRID_SWELL_OBSERVED,False,0.0033007220008585136,0.014440540422925748,0.6476555250449827,0.0022380263165843618,0.014565881069538017,0.0,0.0,0.004888860686056098,0.015034678557896596,0.009850420782580516,0.011223779046445786,0.09939012496867723,0.06142445280235613,0.11928771030195667
LOGISTIC,test-run-0010,500,5.0,3.0,GRID_VOLTAGE_SWELL,GRID_VOLTAGE_SWELL,GRID_SWELL_OBSERVED,False,0.0033416839978599455,0.010246256862681685,0.684950465283239,0.0017571573932876438,0.02188489655110917,0.0,0.0,0.0027118183919030777,0.005296981865031356,0.004323405103623558,0.006688192379770693,0.03221732697266767,0.0074432037307877695,0.22248029546589843
LOGISTIC,test-run-0011,300,3.0,1.0,GRID_VOLTAGE_SWELL,UNKNOWN,ABSTAIN_LOW_CONFIDENCE|ABSTAIN_LOW_MARGIN,False,0.0036648309978772886,0.00513923116177193,0.07151237981063122,0.000999567725700467,0.012137605907719411,0.0,0.0,0.001584943521264723,0.0033799445081244984,0.0041755035126820154,0.0029285700637024553,0.012809997258979572,0.08533225652942368,0.8
LOGISTIC,test-run-0011,400,4.0,2.0,GRID_VOLTAGE_SWELL,UNKNOWN,ABSTAIN_LOW_CONFIDENCE,False,0.0032706100028008223,0.005549275953740133,0.09224135386920237,0.0009720042994939446,0.006696617153669767,0.0,0.0,0.0016858186139900341,0.007213668179952599,0.00263235636152096,0.005884872273102239,0.021616470665400643,0.05550756262992725,0.8
LOGISTIC,test-run-0011,500,5.0,3.0,GRID_VOLTAGE_SWELL,UNKNOWN,ABSTAIN_LOW_CONFIDENCE,False,0.003346772002259968,0.008919931913225088,0.14223823563763566,0.0011430752901698121,0.008753744794549382,0.0,0.0,0.001491034127302032,0.004705844847183443,0.0022142166519462936,0.0037639170664084316,0.019177095262102952,0.00759290440947685,0.8
LOGISTIC,test-run-0012,300,3.0,1.0,GRID_INTERRUPTION,GRID_INTERRUPTION,GRID_LOSS_TO_UPS_RESPONSE|UPS_TRANSFER_PROPAGATION_EVIDENCE,False,0.0034037990008073393,0.060955734154552514,0.0017030601186203752,0.748153585996557,0.0025411603180311724,0.1,0.0,0.0012370382170052371,0.0020631059535084397,0.0010574618753523845,0.0025001106984929994,0.004828860280462184,0.00026824390452934854,0.07469163848288811
LOGISTIC,test-run-0012,400,4.0,2.0,GRID_INTERRUPTION,GRID_INTERRUPTION,GRID_LOSS_TO_UPS_RESPONSE|UPS_TRANSFER_PROPAGATION_EVIDENCE,False,0.0032003029991756193,0.05147145935243187,0.0005697161449663283,0.8307870927010109,0.00492409304533938,0.1,0.0,0.000533728867262658,0.0010175221198956302,0.0007537251083584541,0.0016630559093169844,0.0067191521738771635,0.0008536423775221327,0.0007068122000187085
LOGISTIC,test-run-0012,500,5.0,3.0,GRID_INTERRUPTION,GRID_INTERRUPTION,GRID_LOSS_TO_UPS_RESPONSE|UPS_TRANSFER_PROPAGATION_EVIDENCE,False,0.003374453001015354,0.055684446288569715,0.0005260814911450184,0.8379804192803043,0.0017056265621151066,0.1,0.0,0.00033258164832656093,0.0006715951199402062,0.00041430508699525747,0.0006578913833820005,0.001322497831929846,0.0004626175544879232,0.00024193775280430418
LOGISTIC,test-run-0013,300,3.0,1.0,GRID_INTERRUPTION,GRID_INTERRUPTION,GRID_LOSS_TO_UPS_RESPONSE|UPS_TRANSFER_PROPAGATION_EVIDENCE,False,0.0035483790015859995,0.0332800891665921,0.0006547613183533886,0.8139358990328127,0.012697020998832062,0.1,0.0,0.0009294660860716484,0.0024346658234652182,0.0016442538519827602,0.0024538598529260823,0.0005091063095110327,0.029657417090625915,0.0018034604688272966
LOGISTIC,test-run-0013,400,4.0,2.0,GRID_INTERRUPTION,GRID_INTERRUPTION,GRID_LOSS_TO_UPS_RESPONSE|UPS_TRANSFER_PROPAGATION_EVIDENCE,False,0.003267569998570252,0.10664507243478288,0.0018009312817601699,0.7689468291687845,0.0027513777870615246,0.1,0.0,0.0009165658343010421,0.002442208429436271,0.004690107248403956,0.0009388144002507242,0.0006025612477519337,0.009476034704400544,0.0007894974630664704
LOGISTIC,test-run-0013,500,5.0,3.0,GRID_INTERRUPTION,GRID_INTERRUPTION,GRID_LOSS_TO_UPS_RESPONSE|UPS_TRANSFER_PROPAGATION_EVIDENCE,False,0.0034241829998791218,0.04032178697430786,0.0005548653310323007,0.8540004157104832,0.0010878798196633445,0.1,0.0,0.00032168969120347304,0.00029834177809052174,0.00048825328756166357,0.00047140239071305923,0.0009327797283225042,0.0010587539507021428,0.00046383133791998003
LOGISTIC,test-run-0014,300,3.0,1.0,GRID_INTERRUPTION,GRID_INTERRUPTION,GRID_LOSS_TO_UPS_RESPONSE|UPS_TRANSFER_PROPAGATION_EVIDENCE,False,0.0037404499998956453,0.06203129480832643,0.0020530219012647563,0.7990003794238596,0.0038047995039698222,0.1,0.0,0.0013734399906877232,0.006832143164447065,0.0019758028605987234,0.003529292850046959,0.005782232385219409,0.009715370821189234,0.003902222290390275
LOGISTIC,test-run-0014,400,4.0,2.0,GRID_INTERRUPTION,GRID_INTERRUPTION,GRID_LOSS_TO_UPS_RESPONSE|UPS_TRANSFER_PROPAGATION_EVIDENCE,False,0.0032968830018944573,0.08330207684066168,0.0006216553116515022,0.8032609298460975,0.00029419318067569434,0.1,0.0,0.0005923788988620012,0.001123767616695219,0.000505186389480164,0.0012486514725418057,0.003081671288640061,0.0016317191716015236,0.004337769983092686
LOGISTIC,test-run-0014,500,5.0,3.0,GRID_INTERRUPTION,GRID_INTERRUPTION,GRID_LOSS_TO_UPS_RESPONSE|UPS_TRANSFER_PROPAGATION_EVIDENCE,False,0.003353908999997657,0.07824252856834803,0.00028577398898309796,0.8166540963190416,0.00040413393196716126,0.1,0.0,0.0002825242792292595,0.000455693473311305,0.0003552833861079263,0.00046328711444258074,0.00040601687960329025,0.0018112904823813297,0.0006393715765843555
LOGISTIC,test-run-0015,300,3.0,1.0,GRID_INTERRUPTION,GRID_INTERRUPTION,GRID_LOSS_TO_UPS_RESPONSE|UPS_TRANSFER_PROPAGATION_EVIDENCE,False,0.003436727998632705,0.047856657307197806,0.0011429081572335578,0.8097235734620354,0.001808478441911748,0.1,0.0,0.0012350454135008672,0.004040765220967007,0.004302194919416236,0.001439344038801353,0.0008443566106491225,0.019565151591790453,0.008041524836496665
LOGISTIC,test-run-0015,400,4.0,2.0,GRID_INTERRUPTION,GRID_INTERRUPTION,GRID_LOSS_TO_UPS_RESPONSE|UPS_TRANSFER_PROPAGATION_EVIDENCE,False,0.003201839997927891,0.0586779173949906,0.0010280624793324435,0.8241496353716977,0.0025887538207223213,0.1,0.0,0.000759240940546675,0.0026187899233192894,0.0009950756134000699,0.002865248742493474,0.004707699649362365,0.000787609533078444,0.0008219665310565702
LOGISTIC,test-run-0015,500,5.0,3.0,GRID_INTERRUPTION,GRID_INTERRUPTION,GRID_LOSS_TO_UPS_RESPONSE|UPS_TRANSFER_PROPAGATION_EVIDENCE,False,0.0033884699987538625,0.13699454344872325,0.00034357949572021124,0.7560314473806823,0.0009265804309219223,0.1,0.0,0.00039264152009563057,0.0009333277378778301,0.0009583372876670154,0.0005082015584607606,0.0016424031450247103,0.0008855087362713223,0.00038342925855512167
LOGISTIC,test-run-0016,300,3.0,1.0,GRID_INTERRUPTION,GRID_INTERRUPTION,GRID_LOSS_TO_UPS_RESPONSE|UPS_TRANSFER_PROPAGATION_EVIDENCE,False,0.003737634000572143,0.04480288803743962,0.00047944166923431244,0.8275543926658797,0.010427074218969266,0.1,0.0,0.0008899016978574985,0.003237073722583721,0.002120748771716652,0.0012407856402703225,0.0011387691104501828,0.001929089199542925,0.006179835266055861
LOGISTIC,test-run-0016,400,4.0,2.0,GRID_INTERRUPTION,GRID_INTERRUPTION,GRID_LOSS_TO_UPS_RESPONSE|UPS_TRANSFER_PROPAGATION_EVIDENCE,False,0.003335220000735717,0.08251265248500418,0.0002749245253090336,0.807103680107467,0.0031248825487927693,0.1,0.0,0.000531957127960576,0.0009728495165961923,0.0005033411913501977,0.000778857429558795,0.001568681681320452,0.0011315440873565221,0.001496629299284424
LOGISTIC,test-run-0016,500,5.0,3.0,GRID_INTERRUPTION,GRID_INTERRUPTION,GRID_LOSS_TO_UPS_RESPONSE|UPS_TRANSFER_PROPAGATION_EVIDENCE,False,0.0033886620003613643,0.2075966649974173,0.0006305793210527594,0.6871400266297301,0.00019998485308579133,0.1,0.0,0.00017861323676113163,0.0003503814729646139,0.00018667148793234605,8.525640741978785e-05,0.0001522481336777414,1.911178087871507e-05,0.0034604616790796976
LOGISTIC,test-run-0017,300,3.0,1.0,GRID_INTERRUPTION,GRID_INTERRUPTION,GRID_LOSS_TO_UPS_RESPONSE|UPS_TRANSFER_PROPAGATION_EVIDENCE,False,0.003454104000411462,0.04276448585736409,0.0007105486784555065,0.825920145382478,0.00877337213019373,0.1,0.0,0.0010287198635120088,0.0051571048314160714,0.0007396481769735378,0.002838134739013194,0.00865033894320703,0.0007963467767661106,0.002621154620620513
LOGISTIC,test-run-0017,400,4.0,2.0,GRID_INTERRUPTION,GRID_INTERRUPTION,GRID_LOSS_TO_UPS_RESPONSE|UPS_TRANSFER_PROPAGATION_EVIDENCE,False,0.0032401759999629576,0.0861210736806543,0.0015526522687756947,0.800117169811914,0.004631182764138445,0.1,0.0,0.00045476207515991886,0.0008496019885738483,0.0003670261281417064,0.0009099167442152294,0.0012622783128546787,4.302991014242128e-05,0.003691306315429771
LOGISTIC,test-run-0017,500,5.0,3.0,GRID_INTERRUPTION,GRID_INTERRUPTION,GRID_LOSS_TO_UPS_RESPONSE|UPS_TRANSFER_PROPAGATION_EVIDENCE,False,0.003385973999684211,0.11354981281638471,0.00031722762970255866,0.7815305532432559,0.0013059808878595122,0.1,0.0,0.0002359505703067621,0.0003403458480386687,0.00022729039164359204,0.0004933267941787774,0.0011961068623377376,6.0164649757141844e-05,0.0007432403065343662
LOGISTIC,test-run-0018,300,3.0,1.0,GRID_FREQUENCY_DEVIATION,UNKNOWN,GRID_FREQUENCY_DEVIATION_OBSERVED|ABSTAIN_RULE_MODEL_CONFLICT,False,0.0037799399979121517,0.0029661344635064676,0.01283731285364237,0.0011129036374104761,0.018702536295506972,0.0,0.0,0.0013339060680391205,0.0019348530230025042,0.0022095462643463735,0.0071994164876310884,0.017081931061674178,0.1346214598452404,0.8
LOGISTIC,test-run-0018,400,4.0,2.0,GRID_FREQUENCY_DEVIATION,UNKNOWN,GRID_FREQUENCY_DEVIATION_OBSERVED|ABSTAIN_LOW_CONFIDENCE,False,0.003341203999298159,0.002403378109281989,0.0030758234323320288,0.0009693996487895974,0.10596945501452101,0.0,0.0,0.000987550834219981,0.0024336797104125684,0.001372734700730222,0.005746164321814734,0.06016223260845939,0.016879581619438425,0.8
LOGISTIC,test-run-0018,500,5.0,3.0,GRID_FREQUENCY_DEVIATION,GRID_FREQUENCY_DEVIATION,GRID_FREQUENCY_DEVIATION_OBSERVED,False,0.003359764003107557,0.013157849620575146,0.0321432796785723,0.006531857216256151,0.6360664488312531,0.0,0.0,0.00607748315399151,0.01836588807569755,0.007047792698286432,0.048356884198498054,0.12339814273157385,0.05838722661531689,0.05046714717997899
LOGISTIC,test-run-0019,300,3.0,1.0,GRID_FREQUENCY_DEVIATION,UNKNOWN,GRID_FREQUENCY_DEVIATION_OBSERVED|ABSTAIN_LOW_CONFIDENCE,False,0.003513625997584313,0.0033823023032664716,0.008865197324988833,0.001606075038301732,0.11830413033016095,0.0,0.0,0.0015721143904963745,0.005773524924172491,0.00322026570860181,0.009605671028549466,0.035826426880473494,0.011844292070988334,0.8
LOGISTIC,test-run-0019,400,4.0,2.0,GRID_FREQUENCY_DEVIATION,UNKNOWN,GRID_FREQUENCY_DEVIATION_OBSERVED|ABSTAIN_LOW_CONFIDENCE|ABSTAIN_LOW_MARGIN,False,0.0032449129976157565,0.0010488145069812154,0.0011181417798539486,0.0007188112035527828,0.10094504503238025,0.0,0.0,0.00041484699016906975,0.0015371468100762952,0.001728892660547596,0.0012018412285759812,0.0005237623143453558,0.09076269747351746,0.8
LOGISTIC,test-run-0019,500,5.0,3.0,GRID_FREQUENCY_DEVIATION,UNKNOWN,GRID_FREQUENCY_DEVIATION_OBSERVED|ABSTAIN_LOW_CONFIDENCE,False,0.003399190001800889,0.002610077153200659,0.005974134366134927,0.0013701763915069307,0.04134115271219191,0.0,0.0,0.0012905382078661476,0.0030128626693070155,0.0014829427291904995,0.004910079441802816,0.08472003672154314,0.053287999607255915,0.8
LOGISTIC,test-run-0020,300,3.0,1.0,GRID_FREQUENCY_DEVIATION,UNKNOWN,GRID_FREQUENCY_DEVIATION_OBSERVED|ABSTAIN_LOW_CONFIDENCE,False,0.0037591709988191724,0.005964359990836658,0.009340321651007401,0.0017254701126022901,0.09198617980545132,0.0,0.0,0.0016945463864268928,0.008587141702554273,0.002094205921801793,0.00850875537946537,0.05185856356842865,0.01824045548142532,0.8
LOGISTIC,test-run-0020,400,4.0,2.0,GRID_FREQUENCY_DEVIATION,UNKNOWN,GRID_FREQUENCY_DEVIATION_OBSERVED|ABSTAIN_LOW_CONFIDENCE,False,0.0033177799996337853,0.00872826178881612,0.009114874854004843,0.0017298814818021435,0.048203732474518556,0.0,0.0,0.0021611265933235663,0.009676371374521549,0.007853431694354625,0.005207100959952035,0.08485669293906999,0.022468525839636523,0.8
LOGISTIC,test-run-0020,500,5.0,3.0,GRID_FREQUENCY_DEVIATION,UNKNOWN,GRID_FREQUENCY_DEVIATION_OBSERVED|ABSTAIN_LOW_CONFIDENCE,False,0.0033768859975680243,0.005173419622037085,0.007129532031488976,0.0012040494360843251,0.0329153851715942,0.0,0.0,0.0018319485005173458,0.005773861877838857,0.011640943625295185,0.007353706724072759,0.11829805829568388,0.008679094715387371,0.8
LOGISTIC,test-run-0021,300,3.0,1.0,GRID_FREQUENCY_DEVIATION,UNKNOWN,GRID_FREQUENCY_DEVIATION_OBSERVED|ABSTAIN_LOW_CONFIDENCE,False,0.0034709690007730387,0.0072274732584074386,0.0067315417486080425,0.0014209260845001626,0.02783383149692841,0.0,0.0,0.0016930133954576971,0.013169931552970495,0.002731857287828179,0.005552278619313687,0.11630513299945544,0.017334013556530393,0.8
LOGISTIC,test-run-0021,400,4.0,2.0,GRID_FREQUENCY_DEVIATION,UNKNOWN,GRID_FREQUENCY_DEVIATION_OBSERVED|ABSTAIN_LOW_CONFIDENCE|ABSTAIN_LOW_MARGIN,False,0.003227568002330372,0.00868337624545936,0.003830182700808982,0.001582894479020922,0.002705146161959705,0.0,0.0,0.002330310036997281,0.011192641070639182,0.003863112318286444,0.006941576549862504,0.07457205655215758,0.084298703884808,0.8
LOGISTIC,test-run-0021,500,5.0,3.0,GRID_FREQUENCY_DEVIATION,FLOW_SENSOR_FAULT,GRID_FREQUENCY_DEVIATION_OBSERVED,False,0.0033471240021754056,0.015192993301106418,0.00980471914119261,0.005261191548503319,0.09949465819200781,0.0,0.0,0.004204717249542324,0.01538302433561239,0.01096253219209937,0.015667174358500523,0.021439411305942888,0.6608363565514687,0.1417532218240235
LOGISTIC,test-run-0022,300,3.0,1.0,GRID_FREQUENCY_DEVIATION,FLOW_SENSOR_FAULT,GRID_FREQUENCY_DEVIATION_OBSERVED,False,0.003621918000135338,0.021550565541395318,0.016558494799026095,0.005108065335456899,0.08230232056532577,0.0,0.0,0.005156243217307601,0.018867624030870042,0.006539947112385697,0.017807765114740186,0.06373055006227527,0.5734579368081367,0.18892048741308023
LOGISTIC,test-run-0022,400,4.0,2.0,GRID_FREQUENCY_DEVIATION,UNKNOWN,GRID_FREQUENCY_DEVIATION_OBSERVED|ABSTAIN_LOW_CONFIDENCE,False,0.0032622250000713393,0.006473170876011302,0.007591738484993014,0.002143412551717871,0.033491090963110946,0.0,0.0,0.0022139743842656398,0.007917565940726725,0.0033426505727045834,0.008294858625130378,0.08809320025262272,0.04043833734871676,0.8
LOGISTIC,test-run-0022,500,5.0,3.0,GRID_FREQUENCY_DEVIATION,GRID_FREQUENCY_DEVIATION,GRID_FREQUENCY_DEVIATION_OBSERVED,False,0.003311763000965584,0.012116340711250433,0.04078951815804406,0.0041449855280631135,0.7456775609879269,0.0,0.0,0.004711433600571259,0.018562282331775582,0.014054065815462183,0.01582423306461656,0.05011188689315559,0.050174284802455414,0.04383340810667882
LOGISTIC,test-run-0023,300,3.0,1.0,GRID_FREQUENCY_DEVIATION,UNKNOWN,GRID_FREQUENCY_DEVIATION_OBSERVED|ABSTAIN_LOW_CONFIDENCE,False,0.00345666499924846,0.0034492785420840422,0.006126636681990054,0.0016702831284856306,0.022579973316499708,0.0,0.0,0.0016635522676578796,0.006209711683689514,0.0021255312072684437,0.011745493025960493,0.12449039766011454,0.01993914248624964,0.8
LOGISTIC,test-run-0023,400,4.0,2.0,GRID_FREQUENCY_DEVIATION,UNKNOWN,GRID_FREQUENCY_DEVIATION_OBSERVED|ABSTAIN_LOW_CONFIDENCE,False,0.0033057149994419888,0.011263649220354196,0.005872076227681965,0.0016385826265067455,0.019089070395817344,0.0,0.0,0.002076251520779413,0.007644584584525404,0.005064077291839915,0.0037061284079030828,0.05043806026445488,0.093207519460137,0.8
LOGISTIC,test-run-0023,500,5.0,3.0,GRID_FREQUENCY_DEVIATION,UNKNOWN,GRID_FREQUENCY_DEVIATION_OBSERVED|ABSTAIN_LOW_CONFIDENCE,False,0.0034228709992021322,0.008157581950584475,0.005391755357826627,0.001953699324210265,0.020086249627384586,0.0,0.0,0.0016227838966522531,0.0031134267522733615,0.0032338282537354816,0.0024816433428303916,0.04411311373021283,0.10984591776428967,0.8
LOGISTIC,test-run-0024,300,3.0,1.0,PUMP_TRIP,PUMP_TRIP,VFD_TO_MOTOR_TO_PUMP_LOSS|VFD_DERATING_PROPAGATION_EVIDENCE,False,0.003697375999763608,0.0002932325876261535,0.0010675642995171383,0.0002476823565399436,0.006720666517554525,0.0,0.1,0.8748157364827128,0.0005005895293945891,0.0002208791286125128,0.00043812122477460147,0.00038062846294754373,0.015282573723480249,3.232568684014348e-05
LOGISTIC,test-run-0024,400,4.0,2.0,PUMP_TRIP,PUMP_TRIP,VFD_TO_MOTOR_TO_PUMP_LOSS|VFD_DERATING_PROPAGATION_EVIDENCE,False,0.0032953139998426195,0.002187518115577852,0.0013677055153979176,0.0006536800062569872,0.0062023734217599175,0.0,0.1,0.8739734906980885,0.0027687427882135043,0.00018125566916340688,0.001764366590029203,0.002470960146587815,0.0029064829808470327,0.005523424068077748
LOGISTIC,test-run-0024,500,5.0,3.0,PUMP_TRIP,PUMP_TRIP,VFD_TO_MOTOR_TO_PUMP_LOSS|VFD_DERATING_PROPAGATION_EVIDENCE,False,0.00331269099842757,0.0016647805209472628,0.0023406314735549094,0.0007062854954955773,0.010769132044561508,0.0,0.1,0.8670365818889572,0.0014785797455162239,0.0002767143291036828,0.0016984385405448517,0.0049556119834041614,0.0056885866371624615,0.0033846573407521636
LOGISTIC,test-run-0025,300,3.0,1.0,PUMP_TRIP,PUMP_TRIP,VFD_TO_MOTOR_TO_PUMP_LOSS|VFD_DERATING_PROPAGATION_EVIDENCE,False,0.0034453679982107133,0.0005065384843693541,0.0013119158760963917,0.00018386101936378462,0.00253477839837465,0.0,0.1,0.8894027122895346,0.0006499274812110392,0.00011540492152734504,0.00025559630109177757,0.0001643146237565733,0.004557140323675402,0.00031781028099913024
LOGISTIC,test-run-0025,400,4.0,2.0,PUMP_TRIP,PUMP_TRIP,VFD_TO_MOTOR_TO_PUMP_LOSS|VFD_DERATING_PROPAGATION_EVIDENCE,False,0.0032194720006373245,0.0023721226846813463,0.001529894829544861,0.0005977080385741251,0.00849496250177022,0.0,0.1,0.8691526700602356,0.00216375699678793,0.0003622938475708849,0.0010715116920045438,0.004752189231012059,0.0057862154407397155,0.0037166746770788154
LOGISTIC,test-run-0025,500,5.0,3.0,PUMP_TRIP,PUMP_TRIP,VFD_TO_MOTOR_TO_PUMP_LOSS|VFD_DERATING_PROPAGATION_EVIDENCE,False,0.0033602450021135155,0.0014754087119332683,0.0016678890973556883,0.0005880490427339138,0.009014055236319629,0.0,0.1,0.858544098276669,0.00197467437655645,0.000209028137004718,0.0018475758760722898,0.01598384464281664,0.004509781591964366,0.00418559501057401
LOGISTIC,test-run-0026,300,3.0,1.0,PUMP_TRIP,PUMP_TRIP,VFD_TO_MOTOR_TO_PUMP_LOSS|VFD_DERATING_PROPAGATION_EVIDENCE,False,0.00345685600041179,0.00028711766469246284,0.0006445292662267759,0.0002344256263628409,0.0008293590879580179,0.0,0.1,0.8617807074178466,0.00031728732312926675,0.0001526665316611146,0.00028637360068287565,0.0005892438236480448,0.03458383841204124,0.000294451245750758
LOGISTIC,test-run-0026,400,4.0,2.0,PUMP_TRIP,PUMP_TRIP,VFD_TO_MOTOR_TO_PUMP_LOSS|VFD_DERATING_PROPAGATION_EVIDENCE,False,0.003410262001125375,0.0014029786761505267,0.002916184351120202,0.0007025062492970993,0.010583963876440814,0.0,0.1,0.8516277047361048,0.0011773481435775337,0.0001242893515484141,0.0014432914532144813,0.00837233615958685,0.0006004884251908423,0.021048908577768397
LOGISTIC,test-run-0026,500,5.0,3.0,PUMP_TRIP,PUMP_TRIP,VFD_TO_MOTOR_TO_PUMP_LOSS|VFD_DERATING_PROPAGATION_EVIDENCE,False,0.0032833139994181693,0.0029416360873414957,0.002233060556141107,0.0008748088938694421,0.010929654645423975,0.0,0.1,0.8620459833069581,0.0018173761169880827,0.00021775560467038798,0.0011447575243693868,0.007482391239862902,0.005976413603069959,0.004336162421304995
LOGISTIC,test-run-0027,300,3.0,1.0,PUMP_TRIP,PUMP_TRIP,VFD_TO_MOTOR_TO_PUMP_LOSS|VFD_DERATING_PROPAGATION_EVIDENCE,False,0.003397526001208462,0.0002981051911141493,0.0005547710093593489,0.00022030241978782637,0.0023744055636312623,0.0,0.1,0.8768050944003357,0.00044143451993020267,0.00012089595067787342,0.000536522675535306,0.0007683306720151358,0.017718987791166218,0.00016114980644696148
LOGISTIC,test-run-0027,400,4.0,2.0,PUMP_TRIP,PUMP_TRIP,VFD_TO_MOTOR_TO_PUMP_LOSS|VFD_DERATING_PROPAGATION_EVIDENCE,False,0.0032118550006998703,0.0016042966018093353,0.001051368115073364,0.0006507567534925342,0.004382533611244075,0.0,0.1,0.864802618482758,0.004161061436809985,0.000468018586827428,0.0012971128306122459,0.0006959936309440881,0.014689861010322543,0.0061963789401064204
LOGISTIC,test-run-0027,500,5.0,3.0,PUMP_TRIP,PUMP_TRIP,VFD_TO_MOTOR_TO_PUMP_LOSS|VFD_DERATING_PROPAGATION_EVIDENCE,False,0.0033944540009542834,0.0015259305036869572,0.0016926345459272007,0.0005998900914458518,0.052844918267292394,0.0,0.1,0.8166313136740461,0.0013333215208615166,0.00023709144187417395,0.0015901928758440215,0.017711650426307828,0.0047782752612166015,0.0010547813914976404
LOGISTIC,test-run-0028,300,3.0,1.0,PUMP_TRIP,PUMP_TRIP,VFD_TO_MOTOR_TO_PUMP_LOSS|VFD_DERATING_PROPAGATION_EVIDENCE,False,0.0034454640008334536,0.00023013251177545236,0.0004264271702589877,0.00027329581779899796,0.0023643433830086566,0.0,0.1,0.8630181018742539,0.000743378792594221,0.00017343382356935805,0.0006566075827442779,5.7577000306928705e-05,0.03192882566720065,0.0001278763764886
LOGISTIC,test-run-0028,400,4.0,2.0,PUMP_TRIP,PUMP_TRIP,VFD_TO_MOTOR_TO_PUMP_LOSS|VFD_DERATING_PROPAGATION_EVIDENCE,False,0.0034927609995065723,0.001996361915353514,0.0013470443766179245,0.000612757143280314,0.009669718587171717,0.0,0.1,0.8570290893907268,0.0014037957729684972,0.0002639291032164108,0.0012205833911807437,0.00603399674392254,0.016976671125809528,0.003446052449751859
LOGISTIC,test-run-0028,500,5.0,3.0,PUMP_TRIP,PUMP_TRIP,VFD_TO_MOTOR_TO_PUMP_LOSS|VFD_DERATING_PROPAGATION_EVIDENCE,False,0.0033592200015846174,0.002762391103714369,0.002025014369722533,0.0006436938223216191,0.010674825007966642,0.0,0.1,0.8630720404361814,0.0018864805036580123,0.00031098644184518454,0.0012961458540207609,0.0036745122098743883,0.010811136469747717,0.002842773780947504
LOGISTIC,test-run-0029,300,3.0,1.0,PUMP_TRIP,PUMP_TRIP,VFD_TO_MOTOR_TO_PUMP_LOSS|VFD_DERATING_PROPAGATION_EVIDENCE,False,0.0033484359992144164,0.0002745284295048432,0.0005515028404749974,0.00018781808834328822,0.0018024012441543637,0.0,0.1,0.8597139215838049,0.00023650414398492875,0.00025538510686919823,0.0001307965709022372,0.0011205601366818757,0.03554288625474692,0.00018369560053240887
LOGISTIC,test-run-0029,400,4.0,2.0,PUMP_TRIP,PUMP_TRIP,VFD_TO_MOTOR_TO_PUMP_LOSS|VFD_DERATING_PROPAGATION_EVIDENCE,False,0.0032694250003260095,0.001164268959535867,0.003040812439401265,0.000645933835576752,0.04237788002545547,0.0,0.1,0.8343304555685468,0.0010140275107708967,0.00037111415591092173,0.0008853085516910171,0.006453390361111052,0.008075172763870247,0.0016416358281294591
LOGISTIC,test-run-0029,500,5.0,3.0,PUMP_TRIP,PUMP_TRIP,VFD_TO_MOTOR_TO_PUMP_LOSS|VFD_DERATING_PROPAGATION_EVIDENCE,False,0.003357747998961713,0.002510065157771074,0.0019081163869077297,0.0007461378132298873,0.0061636570730465665,0.0,0.1,0.8550324226943513,0.0015043399717742949,0.00017084924689350178,0.001539297131566887,0.001462292355258631,0.00179359893310827,0.027169223236091885
LOGISTIC,test-run-0030,300,3.0,1.0,VALVE_RESTRICTION,VALVE_RESTRICTION,VALVE_TO_TOOL_FLOW_RESTRICTION,False,0.0034508079988881946,0.009675727119515986,0.015911136032098327,0.004943869670233485,0.10604425831483899,0.0,0.0,0.0038375757233521674,0.6657407294906784,0.008159609413876065,0.005263728383713813,0.12224334844187518,0.021102118621217174,0.03707789878860043
LOGISTIC,test-run-0030,400,4.0,2.0,VALVE_RESTRICTION,VALVE_RESTRICTION,VALVE_TO_TOOL_FLOW_RESTRICTION,False,0.0034790329991665203,0.01070371006789222,0.0036483967191053776,0.0014810840207047959,0.002520310270864976,0.0,0.0,0.002161077806531353,0.8176265891925586,0.005815232999073817,0.0033866850912314,0.020689756767097018,0.035074819868926736,0.09689233719601374
LOGISTIC,test-run-0030,500,5.0,3.0,VALVE_RESTRICTION,VALVE_RESTRICTION,VALVE_TO_TOOL_FLOW_RESTRICTION,False,0.003377396998985205,0.007492883413080114,0.004030017917658812,0.0016111098396090363,0.020467541094162656,0.0,0.0,0.0017468701996563067,0.8792114489631501,0.002807599899622429,0.004276120075716733,0.043531045601722024,0.005617646562279671,0.02920771643334219
LOGISTIC,test-run-0031,300,3.0,1.0,VALVE_RESTRICTION,VALVE_RESTRICTION,VALVE_TO_TOOL_FLOW_RESTRICTION,False,0.003389014000276802,0.0011205933661876594,0.0006342217367015972,0.0003303798239848292,0.0033385859979851297,0.0,0.0,0.00028544206872757556,0.9854988243061128,0.0001519847774663809,0.0006183574198539208,0.003369888045759461,0.003064355237384631,0.0015873672198359198
LOGISTIC,test-run-0031,400,4.0,2.0,VALVE_RESTRICTION,VALVE_RESTRICTION,VALVE_TO_TOOL_FLOW_RESTRICTION,False,0.00321076700129197,0.0008615543055833416,0.0008897947147889028,0.00022012532245049908,0.0011329379763802636,0.0,0.0,0.00022352109906771667,0.9915903968934058,0.00010130483538052711,0.00045895572813230167,0.00036832258344921594,0.000491207822460267,0.003661878718901256
LOGISTIC,test-run-0031,500,5.0,3.0,VALVE_RESTRICTION,VALVE_RESTRICTION,VALVE_TO_TOOL_FLOW_RESTRICTION,False,0.00333922000208986,0.0003835689613146273,0.0006313624687876069,0.00022349720939756013,0.003555951147997155,0.0,0.0,0.0002753142416990641,0.990027285005222,0.00036475872906981696,0.0007224651151059786,0.0006047007040996431,0.0017868044234725265,0.0014242919938341637
LOGISTIC,test-run-0032,300,3.0,1.0,VALVE_RESTRICTION,VALVE_RESTRICTION,VALVE_TO_TOOL_FLOW_RESTRICTION,False,0.0034697850023803767,0.010290961616983268,0.010497684334601411,0.0028757958246621884,0.008159613976086203,0.0,0.0,0.003420740990790025,0.7184618023658239,0.006820352534946606,0.007968057549558712,0.017246053557576854,0.13858195796547804,0.07567697928349275
LOGISTIC,test-run-0032,400,4.0,2.0,VALVE_RESTRICTION,VALVE_RESTRICTION,VALVE_TO_TOOL_FLOW_RESTRICTION,False,0.003511866001645103,0.010517022605707234,0.013771266792033063,0.0036600760509432144,0.019243595435569548,0.0,0.0,0.003809813149836284,0.793728489402515,0.005537059192141933,0.016635886162142486,0.031263300208589744,0.06223536396158604,0.039598127038935525
LOGISTIC,test-run-0032,500,5.0,3.0,VALVE_RESTRICTION,VALVE_RESTRICTION,VALVE_TO_TOOL_FLOW_RESTRICTION,False,0.003392949998669792,0.008133507813662403,0.011562982850438122,0.003794846497175137,0.06813779329343032,0.0,0.0,0.003946193138684092,0.7186803541783942,0.005908332139980298,0.016967259593707776,0.10168789366472053,0.034578868655428294,0.026601968174378945
LOGISTIC,test-run-0033,300,3.0,1.0,VALVE_RESTRICTION,VALVE_RESTRICTION,VALVE_TO_TOOL_FLOW_RESTRICTION,False,0.003378838002390694,3.938064979924711e-05,0.00022874473031320636,2.1005099098534974e-05,0.00037679578040375787,0.0,0.0,2.4942575477672415e-05,0.9987137348428513,2.8533021809549946e-06,4.3908449515862217e-05,0.0005052216422153506,2.605902402802114e-05,1.7353904116209286e-05
LOGISTIC,test-run-0033,400,4.0,2.0,VALVE_RESTRICTION,VALVE_RESTRICTION,VALVE_TO_TOOL_FLOW_RESTRICTION,False,0.003166254002280766,0.00013186377721020155,0.00013257326095029946,4.1219435063839656e-05,0.00011328267308561242,0.0,0.0,5.0439203509736945e-05,0.9985494501411198,8.547688899766301e-06,0.00011715058538912067,0.0003796214580058377,0.0002810207043906043,0.0001948310723751485
LOGISTIC,test-run-0033,500,5.0,3.0,VALVE_RESTRICTION,VALVE_RESTRICTION,VALVE_TO_TOOL_FLOW_RESTRICTION,False,0.003346163997775875,3.72109025860501e-05,5.51508967387813e-05,2.834248714283399e-05,1.4404530315827111e-05,0.0,0.0,3.651050194460214e-05,0.9989103974257266,1.7516040918660349e-06,0.0003133760139631689,0.0003349884117043479,4.8345182478194744e-05,0.00021952204330769672
LOGISTIC,test-run-0034,300,3.0,1.0,VALVE_RESTRICTION,VALVE_RESTRICTION,VALVE_TO_TOOL_FLOW_RESTRICTION,False,0.0034533359976194333,0.02319525532587082,0.005453761457753777,0.0033606762650989566,0.05523372298338035,0.0,0.0,0.003329885556919392,0.7267096099328656,0.009407236696170978,0.0026663790496894734,0.005288522171362102,0.05147998610541493,0.11387496445547361
LOGISTIC,test-run-0034,400,4.0,2.0,VALVE_RESTRICTION,VALVE_RESTRICTION,VALVE_TO_TOOL_FLOW_RESTRICTION,False,0.0035150660005456302,0.008836716683427531,0.008491272330625797,0.0022054335745479614,0.03479198066359322,0.0,0.0,0.0020824205414921885,0.8861077086514545,0.003626627978800042,0.00850583353243009,0.02189480517336956,0.006992825764960173,0.01646437510529893
LOGISTIC,test-run-0034,500,5.0,3.0,VALVE_RESTRICTION,VALVE_RESTRICTION,VALVE_TO_TOOL_FLOW_RESTRICTION,False,0.003442295997956535,0.007496121346453671,0.0063347837657759505,0.0034085162255373335,0.008732411790780185,0.0,0.0,0.003277922908696401,0.8135948074120779,0.003525528248029049,0.020158342056501605,0.028443020746567915,0.0499689648849432,0.05505958061463677
LOGISTIC,test-run-0035,300,3.0,1.0,VALVE_RESTRICTION,VALVE_RESTRICTION,VALVE_TO_TOOL_FLOW_RESTRICTION,False,0.00343282299945713,0.0005601273628249533,0.001476552377764867,0.00021972996926115576,0.0060534103035806254,0.0,0.0,0.00017097891084002663,0.9898812085123612,0.00019520889956692948,0.00035377681587475516,0.0001195333623261123,0.00031935383272007885,0.0006501196528794144
LOGISTIC,test-run-0035,400,4.0,2.0,VALVE_RESTRICTION,VALVE_RESTRICTION,VALVE_TO_TOOL_FLOW_RESTRICTION,False,0.003269329998147441,0.0028123669239660046,0.005038041735649133,0.0006479563191002473,0.022837033994749897,0.0,0.0,0.0006581518437931574,0.9585328879350903,0.0006794598206278212,0.0015944653277435662,0.0017202383550213027,0.0006027852884018698,0.004876612455856758
LOGISTIC,test-run-0035,500,5.0,3.0,VALVE_RESTRICTION,VALVE_RESTRICTION,VALVE_TO_TOOL_FLOW_RESTRICTION,False,0.003361940998729551,0.00049630370669233,0.0013623855266592121,0.00025572958662231193,0.0024181288214419365,0.0,0.0,0.00040228873941048493,0.987858733880384,0.0003992612299975847,0.000901976947759745,0.002120940744783648,0.002003367804005481,0.0017808830122432433
LOGISTIC,test-run-0036,300,3.0,1.0,TOOL_DEMAND_SPIKE,TOOL_DEMAND_SPIKE,TOOL_DEMAND_TO_HYDRAULIC_RESPONSE,False,0.0034567599977890495,0.004156832029564569,0.0018705788326177464,0.001351835060750249,0.015209924233304518,0.0,0.0,0.0009780618954047186,0.0033160276962019395,0.891794892863925,0.001403411383604449,0.0013106282020862812,0.05577881197075369,0.022828995831786898
LOGISTIC,test-run-0036,400,4.0,2.0,TOOL_DEMAND_SPIKE,TOOL_DEMAND_SPIKE,TOOL_DEMAND_TO_HYDRAULIC_RESPONSE,False,0.0034116390015697107,0.006744449147124187,0.009966428058646216,0.002141939296676734,0.007150974029189306,0.0,0.0,0.001837376920783364,0.004424534069921678,0.7917951568405129,0.0031816613201246023,0.009390299656941487,0.009656280245345018,0.15371090041473445
LOGISTIC,test-run-0036,500,5.0,3.0,TOOL_DEMAND_SPIKE,TOOL_DEMAND_SPIKE,TOOL_DEMAND_TO_HYDRAULIC_RESPONSE,False,0.003418231000978267,0.004395073309217774,0.003241885268157965,0.0012457039894299027,0.004207195415809142,0.0,0.0,0.0013478089203054558,0.004618505788323884,0.9213015786712859,0.005073276346866145,0.013782762066673815,0.009665037449982511,0.031121172773947364
LOGISTIC,test-run-0037,300,3.0,1.0,TOOL_DEMAND_SPIKE,TOOL_DEMAND_SPIKE,TOOL_DEMAND_TO_HYDRAULIC_RESPONSE,False,0.00342399099827162,0.0004564614017676785,0.0013415246976837786,0.0002932642516443373,0.001381522550968798,0.0,0.0,0.00026733064771347284,0.0005093360194011834,0.9887393398487114,0.0007487261641814611,0.002816190152915331,0.0009887810073257112,0.0024575232576868333
LOGISTIC,test-run-0037,400,4.0,2.0,TOOL_DEMAND_SPIKE,TOOL_DEMAND_SPIKE,TOOL_DEMAND_TO_HYDRAULIC_RESPONSE,False,0.003225519998522941,0.0003250836698141902,0.00023837758482982748,8.7203224363517e-05,0.000461498472908325,0.0,0.0,9.951894068331196e-05,0.00015630343221946223,0.9948888612826939,0.0002404148563618265,0.0009350122301701581,0.00030469131038232526,0.0022630349955730057
LOGISTIC,test-run-0037,500,5.0,3.0,TOOL_DEMAND_SPIKE,TOOL_DEMAND_SPIKE,TOOL_DEMAND_TO_HYDRAULIC_RESPONSE,False,0.0033593799998925533,0.000222172432209163,0.0008027630363739873,8.454926789181219e-05,0.0009479247912711022,0.0,0.0,6.409599836098719e-05,0.00014759264557666991,0.9955954816977658,8.084134099388582e-05,7.079416020882232e-05,0.0017010298617224123,0.0002827547676253365
LOGISTIC,test-run-0038,300,3.0,1.0,TOOL_DEMAND_SPIKE,TOOL_DEMAND_SPIKE,TOOL_DEMAND_TO_HYDRAULIC_RESPONSE,False,0.0034145499994338024,0.015501827818556174,0.015135001873135134,0.003988801413084283,0.06201535806339334,0.0,0.0,0.0037623617721784506,0.007467092150113789,0.6585085564264239,0.008480640992199154,0.06247134425219678,0.02730084289807192,0.13536817234064719
LOGISTIC,test-run-0038,400,4.0,2.0,TOOL_DEMAND_SPIKE,TOOL_DEMAND_SPIKE,TOOL_DEMAND_TO_HYDRAULIC_RESPONSE,False,0.0033993819997704122,0.007592805935605113,0.012944294636916176,0.0031369646470188403,0.07319014482773833,0.0,0.0,0.0025296328270885617,0.0075499700707756445,0.7933453955941123,0.011120142569787777,0.04338022912940506,0.030913567795004364,0.014296851966547938
LOGISTIC,test-run-0038,500,5.0,3.0,TOOL_DEMAND_SPIKE,TOOL_DEMAND_SPIKE,TOOL_DEMAND_TO_HYDRAULIC_RESPONSE,False,0.003447702998528257,0.011296843817038337,0.014960340595343532,0.003560313440312596,0.015618993697838915,0.0,0.0,0.0035821200835257894,0.01570891728295534,0.7342575233327274,0.012096241876376104,0.02880459283336808,0.08105695521484263,0.07905715782567137
LOGISTIC,test-run-0039,300,3.0,1.0,TOOL_DEMAND_SPIKE,TOOL_DEMAND_SPIKE,TOOL_DEMAND_TO_HYDRAULIC_RESPONSE,False,0.003415062998101348,0.0016155630610449109,0.0005227074535135092,0.000820276333761746,0.0025435349142047753,0.0,0.0,0.0005995209149429544,0.003510335122112204,0.9531534911656,0.0011486757983838777,0.00022759823001379444,0.014792668599020927,0.021065628407401324
LOGISTIC,test-run-0039,400,4.0,2.0,TOOL_DEMAND_SPIKE,TOOL_DEMAND_SPIKE,TOOL_DEMAND_TO_HYDRAULIC_RESPONSE,False,0.0031963670007826295,0.00391417083136127,0.0065065421852489366,0.0018930209844041958,0.010420178248170835,0.0,0.0,0.001420358508882296,0.002513585235055659,0.836593391826893,0.0033686802124139937,0.08605545170958064,0.014936005979794224,0.032378614278195016
LOGISTIC,test-run-0039,500,5.0,3.0,TOOL_DEMAND_SPIKE,TOOL_DEMAND_SPIKE,TOOL_DEMAND_TO_HYDRAULIC_RESPONSE,False,0.0032863540000107605,0.006483339809192401,0.004057816299025132,0.0014581074138300474,0.015092222091372473,0.0,0.0,0.0012062377136411071,0.0045662966778052165,0.9191726745223161,0.003002619137997013,0.016303102111364175,0.011524634564257855,0.017132949659198336
LOGISTIC,test-run-0040,300,3.0,1.0,TOOL_DEMAND_SPIKE,TOOL_DEMAND_SPIKE,TOOL_DEMAND_TO_HYDRAULIC_RESPONSE,False,0.0034037669975077733,0.011287854251124732,0.009992028956228818,0.0038271043652583995,0.03961245847690951,0.0,0.0,0.0035973753264556163,0.006916748745474868,0.5931880681916828,0.0050964625155219614,0.039595401255902954,0.1997976259509893,0.08708887196445113
LOGISTIC,test-run-0040,400,4.0,2.0,TOOL_DEMAND_SPIKE,UNKNOWN,TOOL_DEMAND_TO_HYDRAULIC_RESPONSE|ABSTAIN_LOW_CONFIDENCE,False,0.003250833000493003,0.006659913597516368,0.0033438048697874596,0.0015807097911656705,0.015054188903585676,0.0,0.0,0.0011190149238110897,0.0017793203685901086,0.11909553734918027,0.0018781630036464147,0.029834311160026643,0.01965503603269025,0.8
LOGISTIC,test-run-0040,500,5.0,3.0,TOOL_DEMAND_SPIKE,UNKNOWN,TOOL_DEMAND_TO_HYDRAULIC_RESPONSE|ABSTAIN_LOW_CONFIDENCE,False,0.0035704599977179896,0.00214205344831855,0.0036262839286027365,0.0009229649698507046,0.018699488694484283,0.0,0.0,0.0008848352040743359,0.002108886986014422,0.11699842863970744,0.001567879123517121,0.046896858226292575,0.006152320779137779,0.8
LOGISTIC,test-run-0041,300,3.0,1.0,TOOL_DEMAND_SPIKE,TOOL_DEMAND_SPIKE,TOOL_DEMAND_TO_HYDRAULIC_RESPONSE,False,0.0034486000004108064,0.0011448275225888662,0.0008097698017869937,0.0004943243722980541,0.011911460201649814,0.0,0.0,0.00034665747092849124,0.0014099616561621434,0.9767668935349781,0.0010164315712606414,0.0005453303177343292,0.00388709634546907,0.001667247205143555
LOGISTIC,test-run-0041,400,4.0,2.0,TOOL_DEMAND_SPIKE,TOOL_DEMAND_SPIKE,TOOL_DEMAND_TO_HYDRAULIC_RESPONSE,False,0.003242097001930233,0.0006557505621397444,0.0007389042009678984,0.0004015311042328019,0.0022535600144784748,0.0,0.0,0.00028540890039173243,0.0008417557360045776,0.9817154043044761,0.0010422019992412845,0.0001722469377481725,0.008030344157340242,0.0038628920829788358
LOGISTIC,test-run-0041,500,5.0,3.0,TOOL_DEMAND_SPIKE,TOOL_DEMAND_SPIKE,TOOL_DEMAND_TO_HYDRAULIC_RESPONSE,False,0.003299378000519937,0.0012968307782840137,0.001819322416017739,0.0005360628730315243,0.0030232717410660056,0.0,0.0,0.00047716541318063894,0.001407073486691659,0.9735285214814628,0.0020158888755241614,0.008622180968845544,0.0030220307699081387,0.004251651195987775
LOGISTIC,test-run-0042,300,3.0,1.0,THERMAL_EXCURSION,THERMAL_EXCURSION,,False,0.0034358949997113086,0.0019348328443825156,0.0027683735856893245,0.0011603893209257874,0.008465815648796204,0.0,0.0,0.0009013777876086668,0.002612894736059585,0.003471920791012744,0.9366371960156823,0.0004337235443767187,0.037335290884018935,0.004278184841447407
LOGISTIC,test-run-0042,400,4.0,2.0,THERMAL_EXCURSION,THERMAL_EXCURSION,UPW_THERMAL_DEVIATION_OBSERVED,False,0.0032328159977623727,0.00012387782886716712,0.0001556456989121139,6.353315919892175e-05,8.108665511311845e-05,0.0,0.0,6.826157706766944e-05,0.00023118107168566447,8.674746214369681e-05,0.9979879848578803,0.0005679782465654667,0.00013417577313331108,0.0004995276694327383
LOGISTIC,test-run-0042,500,5.0,3.0,THERMAL_EXCURSION,THERMAL_EXCURSION,UPW_THERMAL_DEVIATION_OBSERVED,False,0.0036789759979001246,7.089488127068515e-05,7.784073083581717e-05,2.6252469156202113e-05,6.250004669814889e-05,0.0,0.0,2.7434459754633007e-05,8.580807576336206e-05,3.151156725223168e-05,0.9993704495515129,7.44084955518991e-05,7.648122111977765e-05,9.641850108427223e-05
LOGISTIC,test-run-0043,300,3.0,1.0,THERMAL_EXCURSION,THERMAL_EXCURSION,UPW_THERMAL_DEVIATION_OBSERVED,False,0.0033982940003625117,0.00022761525028471217,0.00030126442646327754,0.00012126618376634311,0.00032917574055042764,0.0,0.0,0.00010979520277748624,0.0002770408257907339,0.00017514759782688303,0.9955885341646864,0.0023010278828889366,0.00026148380904035935,0.0003076489159244008
LOGISTIC,test-run-0043,400,4.0,2.0,THERMAL_EXCURSION,THERMAL_EXCURSION,UPW_THERMAL_DEVIATION_OBSERVED,False,0.003239441000914667,3.571004705846747e-05,2.983579633639048e-05,1.826069047184748e-05,2.8213586879171175e-05,0.0,0.0,1.5062680525529945e-05,2.602938371445133e-05,2.271261538305258e-05,0.9996293130468075,7.591982512898391e-05,5.3057765529054715e-05,6.588456216544333e-05
LOGISTIC,test-run-0043,500,5.0,3.0,THERMAL_EXCURSION,THERMAL_EXCURSION,UPW_THERMAL_DEVIATION_OBSERVED,False,0.0033751260016288143,1.6105605389807555e-05,3.1161226490635805e-05,6.241708995962361e-06,1.0532126237052956e-05,0.0,0.0,5.456945244403571e-06,8.982706115040936e-06,7.270927414712114e-06,0.9998575683929948,1.0714700515132586e-05,2.519132414563917e-06,4.3446528188313545e-05
LOGISTIC,test-run-0044,300,3.0,1.0,THERMAL_EXCURSION,THERMAL_EXCURSION,UPW_THERMAL_DEVIATION_OBSERVED,False,0.0034575600002426654,0.0006488220127739247,0.0017869582605823148,0.0003121653798880122,0.0007049398376556021,0.0,0.0,0.0003086041753000804,0.0006954138687741935,0.00044846908288867716,0.98757646645095,0.0036845899548888484,0.0019015805725675393,0.001931990403731106
LOGISTIC,test-run-0044,400,4.0,2.0,THERMAL_EXCURSION,THERMAL_EXCURSION,UPW_THERMAL_DEVIATION_OBSERVED,False,0.0032339680001314264,0.0004563237474040211,0.00043946521359392905,0.00012767548479820101,0.0006729750150417654,0.0,0.0,0.0001514322877236464,0.000225625555225312,0.000595114819191964,0.9945902889516901,0.0005196684851128921,0.0004182236437037976,0.001803206796514368
LOGISTIC,test-run-0044,500,5.0,3.0,THERMAL_EXCURSION,THERMAL_EXCURSION,UPW_THERMAL_DEVIATION_OBSERVED,False,0.003685280000354396,0.00012377499699998704,7.253569870274662e-05,5.710800221581857e-05,0.00010743140229993744,0.0,0.0,3.689354468328832e-05,8.281700291959868e-05,9.60677839881743e-05,0.9984935593136601,1.4075721042116303e-05,0.0004443311775869307,0.0004714053559010315
LOGISTIC,test-run-0045,300,3.0,1.0,THERMAL_EXCURSION,UNKNOWN,ABSTAIN_LOW_CONFIDENCE,False,0.003440824002609588,0.002193324222714638,0.0032003263299561504,0.0011957563260417581,0.06850906639195663,0.0,0.0,0.0008789147066946139,0.0010049490583136232,0.0012758562130741609,0.022523933098241914,0.09473760033977745,0.0044802733132290225,0.8
LOGISTIC,test-run-0045,400,4.0,2.0,THERMAL_EXCURSION,THERMAL_EXCURSION,,False,0.0031869910017121583,0.020061552820573602,0.01566558108844073,0.005192505425183604,0.06480129564760276,0.0,0.0,0.004828631142474984,0.02202058071998673,0.008191075217990392,0.7121855361381921,0.09457181243554932,0.022316772903217208,0.030164656460788652
LOGISTIC,test-run-0045,500,5.0,3.0,THERMAL_EXCURSION,THERMAL_EXCURSION,UPW_THERMAL_DEVIATION_OBSERVED,False,0.0033709649978845846,0.014801073357893945,0.021082418790628724,0.003795209702811832,0.06038944208828413,0.0,0.0,0.004081398289928245,0.015356481527372658,0.00459026837286503,0.7187041366196554,0.021929409174404946,0.0026155146687695347,0.13265464740738545
LOGISTIC,test-run-0046,300,3.0,1.0,THERMAL_EXCURSION,UNKNOWN,ABSTAIN_LOW_CONFIDENCE,False,0.003466232999926433,0.0026012492927428247,0.010291172222254992,0.0014641594313418123,0.0297864038866361,0.0,0.0,0.0014728773508503395,0.005000608308114769,0.002312803951805847,0.10705564978822173,0.021553692620841378,0.01846138314719017,0.8
LOGISTIC,test-run-0046,400,4.0,2.0,THERMAL_EXCURSION,THERMAL_EXCURSION,,False,0.0032039830002759118,0.006736620097171232,0.017522405799421357,0.004950689512595653,0.05012281654159294,0.0,0.0,0.0044038593023232675,0.006394370064961654,0.005689849388848669,0.7325977378481252,0.05455553184315723,0.06593722955374452,0.051088890048058354
LOGISTIC,test-run-0046,500,5.0,3.0,THERMAL_EXCURSION,THERMAL_EXCURSION,UPW_THERMAL_DEVIATION_OBSERVED,False,0.003640413997345604,0.006473946153768077,0.01052624669461479,0.004605443869814571,0.1691474696516538,0.0,0.0,0.0030920994148262164,0.009539070419057808,0.007083624250624712,0.7178116816029344,0.009967401394998679,0.0498396326926716,0.011913383855035145
LOGISTIC,test-run-0047,300,3.0,1.0,THERMAL_EXCURSION,THERMAL_EXCURSION,,False,0.003341268002259312,0.016075158731467278,0.012149017404153375,0.00449860914277352,0.01333962478281649,0.0,0.0,0.003980668690158178,0.011931037725923807,0.0057912880342970065,0.6885029237637307,0.02265463183186961,0.08624473431363623,0.13483230557917383
LOGISTIC,test-run-0047,400,4.0,2.0,THERMAL_EXCURSION,THERMAL_EXCURSION,UPW_THERMAL_DEVIATION_OBSERVED,False,0.0031984799970814493,0.0048964679067227505,0.0054236254992162695,0.0014261956554763688,0.013546201603023425,0.0,0.0,0.0018891417360143953,0.007789664144743558,0.0029906840694942276,0.9022083079496482,0.03779101366869353,0.0019710600954207934,0.020067637671546547
LOGISTIC,test-run-0047,500,5.0,3.0,THERMAL_EXCURSION,THERMAL_EXCURSION,UPW_THERMAL_DEVIATION_OBSERVED,False,0.0033373639998899307,0.0012553153447963418,0.0023492787252398927,0.0005247105624713275,0.004096142220956143,0.0,0.0,0.0006143757842259804,0.0021999762279046988,0.0009746071604456686,0.973019856323573,0.007765383160571654,0.004322955405749877,0.002877399084065408
LOGISTIC,test-run-0048,300,3.0,1.0,PRESSURE_SENSOR_FAULT,UNKNOWN,ABSTAIN_LOW_CONFIDENCE,False,0.00346645600075135,0.007311607221509174,0.013981496133620763,0.0016684938717946654,0.11191472488453263,0.0,0.0,0.0025639780240738746,0.0045264833788935845,0.010426752756053077,0.0029508746493930515,0.010926549180868925,0.03372903989926022,0.8
LOGISTIC,test-run-0048,400,4.0,2.0,PRESSURE_SENSOR_FAULT,UNKNOWN,ABSTAIN_LOW_CONFIDENCE,False,0.0032604339976387564,0.0035021101708120417,0.0025583147172327974,0.0006289784619595558,0.1050210302423899,0.0,0.0,0.00109850884304538,0.003287146751480726,0.004948446106713779,0.0014229323873346665,0.06950352377095717,0.00802900854807393,0.8
LOGISTIC,test-run-0048,500,5.0,3.0,PRESSURE_SENSOR_FAULT,PRESSURE_SENSOR_FAULT,,False,0.003587485000025481,0.012018323217813825,0.006568827262678276,0.003063226023475469,0.08947219684374537,0.0,0.0,0.004411095933715768,0.026987928302773283,0.005724977696356235,0.020295505452259475,0.7016444293131927,0.0038442159884979643,0.12596927396549162
LOGISTIC,test-run-0049,300,3.0,1.0,PRESSURE_SENSOR_FAULT,UNKNOWN,PRESSURE_REDUNDANCY_RESIDUAL|ABSTAIN_LOW_CONFIDENCE,False,0.0033631570004217792,0.003186246487195842,0.004122270913584263,0.0011809267269039523,0.03739332186994072,0.0,0.0,0.0008089678458371713,0.0036567877707532623,0.000526186121343496,0.00666911627867069,0.11703769413964925,0.025418481846121315,0.8
LOGISTIC,test-run-0049,400,4.0,2.0,PRESSURE_SENSOR_FAULT,UNKNOWN,PRESSURE_REDUNDANCY_RESIDUAL|ABSTAIN_LOW_CONFIDENCE|ABSTAIN_LOW_MARGIN|ABSTAIN_RULE_MODEL_CONFLICT,False,0.003206606997991912,0.011004524244640471,0.01109573982321235,0.003294183989849759,0.02503973076979942,0.0,0.0,0.0016685144879631702,0.01298486684030763,0.001508959596340784,0.004103641646794382,0.011009968304673379,0.11330387683580892,0.8049859934606097
LOGISTIC,test-run-0049,500,5.0,3.0,PRESSURE_SENSOR_FAULT,UNKNOWN,PRESSURE_REDUNDANCY_RESIDUAL|ABSTAIN_LOW_CONFIDENCE|ABSTAIN_LOW_MARGIN,False,0.0033656209998298436,0.005318245016765621,0.003401862580720833,0.0012501620731411697,0.004124847199601935,0.0,0.0,0.0009757680932021183,0.0036115050685701427,0.000981868723419975,0.003171075314979486,0.10354191395049649,0.07362275197910219,0.8
LOGISTIC,test-run-0050,300,3.0,1.0,PRESSURE_SENSOR_FAULT,UNKNOWN,PRESSURE_REDUNDANCY_RESIDUAL|ABSTAIN_LOW_CONFIDENCE|ABSTAIN_LOW_MARGIN,False,0.0034656889984034933,0.01283047442733267,0.011677150399003003,0.0028413078064901567,0.05755794770956208,0.0,0.0,0.004168024569667264,0.006863184923465391,0.01571619413624305,0.007181311899100137,0.06728372929180591,0.013880674837330291,0.8
LOGISTIC,test-run-0050,400,4.0,2.0,PRESSURE_SENSOR_FAULT,UNKNOWN,PRESSURE_REDUNDANCY_RESIDUAL|ABSTAIN_LOW_CONFIDENCE,False,0.0032093600020743906,0.006254945291296358,0.0018256619926369571,0.0017843152719393635,0.02460520987101706,0.0,0.0,0.0031392067372596325,0.00447426268476074,0.010160155292371516,0.004226025085467857,0.10306750249637758,0.040462715276872875,0.8
LOGISTIC,test-run-0050,500,5.0,3.0,PRESSURE_SENSOR_FAULT,UNKNOWN,PRESSURE_REDUNDANCY_RESIDUAL|ABSTAIN_LOW_CONFIDENCE,False,0.0036164140001346823,0.005587613755087969,0.006232489023600127,0.0010198043093947932,0.024434656519911956,0.0,0.0,0.002010637377708199,0.0061434313236816826,0.03842290880563851,0.0035470574578559152,0.001328946910558576,0.11127245451656222,0.8
LOGISTIC,test-run-0051,300,3.0,1.0,PRESSURE_SENSOR_FAULT,UNKNOWN,PRESSURE_REDUNDANCY_RESIDUAL|ABSTAIN_LOW_CONFIDENCE|ABSTAIN_RULE_MODEL_CONFLICT,False,0.003359349000675138,0.011780982325642887,0.012665121195712238,0.0021447011466666625,0.018064235955733955,0.0,0.0,0.0012642330890402496,0.008475112127154719,0.00035667941546255254,0.008888285599698077,0.11862682154159403,0.017733827603294595,0.8
LOGISTIC,test-run-0051,400,4.0,2.0,PRESSURE_SENSOR_FAULT,UNKNOWN,PRESSURE_REDUNDANCY_RESIDUAL|ABSTAIN_LOW_CONFIDENCE|ABSTAIN_LOW_MARGIN,False,0.0032169120022444986,0.00608685164630631,0.00720197857688315,0.0014069207802595851,0.013639160223376105,0.0,0.0,0.0007443495979760266,0.003632298557043664,0.00038226291944333014,0.003854227003385333,0.06983213973827017,0.09321981095705628,0.8
LOGISTIC,test-run-0051,500,5.0,3.0,PRESSURE_SENSOR_FAULT,UNKNOWN,PRESSURE_REDUNDANCY_RESIDUAL|ABSTAIN_LOW_CONFIDENCE|ABSTAIN_LOW_MARGIN,False,0.0033706130016071256,0.005363229342030793,0.001998777075108156,0.0017223406538640158,0.08858672771930651,0.0,0.0,0.000707265042381088,0.005627760040922226,0.0004997682054671747,0.002568609211842359,0.024881474518807782,0.06804404819026987,0.8
LOGISTIC,test-run-0052,300,3.0,1.0,PRESSURE_SENSOR_FAULT,UNKNOWN,PRESSURE_REDUNDANCY_RESIDUAL|ABSTAIN_LOW_CONFIDENCE,False,0.003450168002018472,0.0055777882120672416,0.00786545820925862,0.0017570382066104924,0.08781429311260208,0.0,0.0,0.00294211536388507,0.006058936561125281,0.016348462690702004,0.01090819122948252,0.05280575719253647,0.007921959221730203,0.8
LOGISTIC,test-run-0052,400,4.0,2.0,PRESSURE_SENSOR_FAULT,UNKNOWN,PRESSURE_REDUNDANCY_RESIDUAL|ABSTAIN_LOW_CONFIDENCE,False,0.0032744169984653126,0.007711619524097882,0.007773791341236096,0.00225431240265081,0.03012413495148797,0.0,0.0,0.003586972412808222,0.00470767811326425,0.018415808232996368,0.004878478998062293,0.04199501842796451,0.07855218559543156,0.8
LOGISTIC,test-run-0052,500,5.0,3.0,PRESSURE_SENSOR_FAULT,UNKNOWN,PRESSURE_REDUNDANCY_RESIDUAL|ABSTAIN_LOW_CONFIDENCE,False,0.0033643409988144413,0.00632772561868807,0.00499091235525488,0.0024056979560129277,0.10390980496711218,0.0,0.0,0.0034645231265643135,0.003774748215546476,0.023407994588588152,0.004178069604357335,0.011427420916715213,0.0361131026511604,0.8
LOGISTIC,test-run-0053,300,3.0,1.0,PRESSURE_SENSOR_FAULT,UNKNOWN,PRESSURE_REDUNDANCY_RESIDUAL|ABSTAIN_LOW_CONFIDENCE,False,0.0036245419978513382,0.004619373105220167,0.002880186898632918,0.0009738217041936463,0.011672386349274085,0.0,0.0,0.0007255089895203781,0.002840872435932889,0.0002960062572209643,0.004811356662209205,0.16565378888387347,0.005526698713922227,0.8
LOGISTIC,test-run-0053,400,4.0,2.0,PRESSURE_SENSOR_FAULT,UNKNOWN,PRESSURE_REDUNDANCY_RESIDUAL|ABSTAIN_LOW_CONFIDENCE,False,0.003230352001992287,0.005114878925237858,0.005027583133295927,0.0012248872746534196,0.009928285996261462,0.0,0.0,0.0007798700443144418,0.004781371933233481,0.0003216835093309702,0.00739159677306068,0.035558605007340725,0.129871237403271,0.8
LOGISTIC,test-run-0053,500,5.0,3.0,PRESSURE_SENSOR_FAULT,UNKNOWN,PRESSURE_REDUNDANCY_RESIDUAL|ABSTAIN_LOW_CONFIDENCE|ABSTAIN_LOW_MARGIN|ABSTAIN_RULE_MODEL_CONFLICT,False,0.0033391880024282727,0.00949019085371748,0.010460499931821453,0.0023579912225226447,0.0713083441457922,0.0,0.0,0.001231090920145205,0.008141657262645305,0.0002719233233327463,0.005061573366645436,0.07983810785734824,0.011838621116029256,0.8
LOGISTIC,test-run-0054,300,3.0,1.0,FLOW_SENSOR_FAULT,UNKNOWN,FLOW_REDUNDANCY_RESIDUAL|ABSTAIN_RULE_MODEL_CONFLICT,False,0.0034595760007505305,0.00238555313796333,0.0016905342256642447,0.0011214740880785537,0.01486656469908266,0.0,0.0,0.001003874786087284,0.0018341657042826591,0.0007849513907337107,0.0019166875719457432,0.1687603288182317,0.005635865577930096,0.8
LOGISTIC,test-run-0054,400,4.0,2.0,FLOW_SENSOR_FAULT,UNKNOWN,FLOW_REDUNDANCY_RESIDUAL|ABSTAIN_LOW_CONFIDENCE,False,0.0031817739982216153,0.0026488476112454,0.0029405547358516285,0.0015432174906492458,0.0962161374958621,0.0,0.0,0.0014647369384611587,0.003947001394286851,0.002660338977260387,0.004809509737892966,0.012510171023866711,0.0712594845946235,0.8
LOGISTIC,test-run-0054,500,5.0,3.0,FLOW_SENSOR_FAULT,UNKNOWN,FLOW_REDUNDANCY_RESIDUAL|ABSTAIN_LOW_CONFIDENCE|ABSTAIN_LOW_MARGIN,False,0.00333704399963608,0.018687238734697405,0.008905798748157853,0.0034646136134643237,0.03474255802735061,0.0,0.0,0.003902763364507122,0.013313709925865334,0.002415312998548829,0.010734253043852027,0.03763938160325215,0.0661943699403043,0.8
LOGISTIC,test-run-0055,300,3.0,1.0,FLOW_SENSOR_FAULT,UNKNOWN,FLOW_REDUNDANCY_RESIDUAL|ABSTAIN_LOW_CONFIDENCE,False,0.0036498549998214003,0.005677131178390531,0.004113805466572572,0.001173667098359136,0.10282028581151309,0.0,0.0,0.0007347245363108321,0.0025649993406571155,0.004023061649391105,0.0035621228220660034,0.05573335592449084,0.01959684617224876,0.8
LOGISTIC,test-run-0055,400,4.0,2.0,FLOW_SENSOR_FAULT,UNKNOWN,FLOW_REDUNDANCY_RESIDUAL|ABSTAIN_LOW_CONFIDENCE|ABSTAIN_LOW_MARGIN,False,0.003248657001677202,0.00545115429582792,0.004348959744575287,0.0014752915778012488,0.0559594190661636,0.0,0.0,0.0009750854495768507,0.0024739828746487744,0.0066810978767150005,0.0035961141927562993,0.0735553426397369,0.04548355228219808,0.8
LOGISTIC,test-run-0055,500,5.0,3.0,FLOW_SENSOR_FAULT,UNKNOWN,FLOW_REDUNDANCY_RESIDUAL|ABSTAIN_RULE_MODEL_CONFLICT,False,0.0033688210023683496,0.0014097864732497336,0.0013428122446287017,0.0005224790861550519,0.16844138104475934,0.0,0.0,0.00024281267210113778,0.0005281033537578189,0.0030493418336943858,0.0003932707585343825,0.0006035169265522713,0.023466495606567137,0.8
LOGISTIC,test-run-0056,300,3.0,1.0,FLOW_SENSOR_FAULT,UNKNOWN,FLOW_REDUNDANCY_RESIDUAL|ABSTAIN_LOW_CONFIDENCE|ABSTAIN_LOW_MARGIN,False,0.0034163740019721445,0.004447111245138659,0.004009309698394495,0.0017940284760105405,0.08285270711971536,0.0,0.0,0.0019149867734621897,0.006263097834725487,0.002002468903293813,0.007612640797851848,0.006162246292659553,0.08294140285874801,0.8
LOGISTIC,test-run-0056,400,4.0,2.0,FLOW_SENSOR_FAULT,FLOW_SENSOR_FAULT,FLOW_REDUNDANCY_RESIDUAL,False,0.00327806600034819,0.013934293497690176,0.006962973464036584,0.0028125356954463265,0.04137656607949417,0.0,0.0,0.006108889485365187,0.011795294823554216,0.007853394633476781,0.009461957139355166,0.05571497248202854,0.5523958667037392,0.2915832559958135
LOGISTIC,test-run-0056,500,5.0,3.0,FLOW_SENSOR_FAULT,UNKNOWN,FLOW_REDUNDANCY_RESIDUAL|ABSTAIN_RULE_MODEL_CONFLICT,False,0.003412727000977611,0.001231357828118678,0.006296361484639638,0.000741159385961606,0.1644986821241168,0.0,0.0,0.0009776005267839092,0.002598820113400914,0.0005664405794127367,0.0024522926472169883,0.008630458814505755,0.012006826495842933,0.8
LOGISTIC,test-run-0057,300,3.0,1.0,FLOW_SENSOR_FAULT,UNKNOWN,FLOW_REDUNDANCY_RESIDUAL|ABSTAIN_RULE_MODEL_CONFLICT,False,0.0036874879988317844,0.002125454705152396,0.0020218970854235683,0.0007399264082209595,0.13217882716066978,0.0,0.0,0.0004064214407707853,0.0012747093949841656,0.0013112894815491551,0.0014243246489095895,0.053290575955134305,0.005226573719185231,0.8
LOGISTIC,test-run-0057,400,4.0,2.0,FLOW_SENSOR_FAULT,UNKNOWN,FLOW_REDUNDANCY_RESIDUAL|ABSTAIN_LOW_CONFIDENCE,False,0.003188718997989781,0.006980513015553918,0.004813475212284805,0.0015784433696625886,0.028497321617572638,0.0,0.0,0.0010215207098475403,0.002632116290375443,0.006131653528833994,0.004162099167288712,0.052289997042714954,0.09189286004586539,0.8
LOGISTIC,test-run-0057,500,5.0,3.0,FLOW_SENSOR_FAULT,UNKNOWN,FLOW_REDUNDANCY_RESIDUAL|ABSTAIN_LOW_CONFIDENCE,False,0.0033773659997677896,0.006487651866247024,0.005687224183034258,0.0013033632470771923,0.013079796560639626,0.0,0.0,0.0008732083506585311,0.002869034780159582,0.003851219733106461,0.002470040410193393,0.05400973720394024,0.10936872366494367,0.8
LOGISTIC,test-run-0058,300,3.0,1.0,FLOW_SENSOR_FAULT,UNKNOWN,FLOW_REDUNDANCY_RESIDUAL|ABSTAIN_LOW_CONFIDENCE|ABSTAIN_LOW_MARGIN,False,0.0034484399984648917,0.004569064512147893,0.0037992526544630206,0.0018498771870903339,0.07597203303937773,0.0,0.0,0.0020302329615443115,0.004550520461898182,0.001360108537235407,0.006058876865855432,0.053576329554523794,0.046233704225863856,0.8
LOGISTIC,test-run-0058,400,4.0,2.0,FLOW_SENSOR_FAULT,UNKNOWN,FLOW_REDUNDANCY_RESIDUAL|ABSTAIN_LOW_CONFIDENCE|ABSTAIN_LOW_MARGIN|ABSTAIN_RULE_MODEL_CONFLICT,False,0.003255601001001196,0.026029922855161196,0.041179211450492824,0.0038865001725569763,0.017756165324182782,0.0,0.0,0.004978099679147999,0.010896737364221091,0.0038223260748139797,0.009654538258895095,0.02100032585891665,0.060796172961611356,0.8
LOGISTIC,test-run-0058,500,5.0,3.0,FLOW_SENSOR_FAULT,UNKNOWN,FLOW_REDUNDANCY_RESIDUAL|ABSTAIN_LOW_CONFIDENCE|ABSTAIN_LOW_MARGIN,False,0.0033630290017754305,0.004532727772741539,0.01417884142731376,0.0018848587320156535,0.048796752045620874,0.0,0.0,0.0023961896553473683,0.004903971644998111,0.0019288176403075223,0.007464887903962076,0.05350068030618631,0.06041227287150677,0.8
LOGISTIC,test-run-0059,300,3.0,1.0,FLOW_SENSOR_FAULT,UNKNOWN,FLOW_REDUNDANCY_RESIDUAL|ABSTAIN_LOW_CONFIDENCE|ABSTAIN_LOW_MARGIN,False,0.003744770001503639,0.010595670787981652,0.03134124067706994,0.003264686266458114,0.05969536083702931,0.0,0.0,0.0022955353593704475,0.004830612681066782,0.008267241439938249,0.0048073652178249274,0.019045360316700705,0.055856926416559816,0.8
LOGISTIC,test-run-0059,400,4.0,2.0,FLOW_SENSOR_FAULT,UNKNOWN,FLOW_REDUNDANCY_RESIDUAL|ABSTAIN_LOW_CONFIDENCE|ABSTAIN_RULE_MODEL_CONFLICT,False,0.0032885940017877147,0.013992450040072628,0.00827008603988119,0.003205346391271836,0.01941697945581194,0.0,0.0,0.002938657140410734,0.01755220465585277,0.0062682416255176125,0.014929856471542595,0.02278861250209111,0.09063756567754755,0.8
LOGISTIC,test-run-0059,500,5.0,3.0,FLOW_SENSOR_FAULT,UNKNOWN,FLOW_REDUNDANCY_RESIDUAL|ABSTAIN_LOW_CONFIDENCE,False,0.0033323400020890404,0.006303579167568475,0.005489576204040869,0.0018538536538573052,0.041866440577732526,0.0,0.0,0.0012792136917803105,0.004309613772407582,0.0047343583583226425,0.005648823879669356,0.07927592502517374,0.049238615669447164,0.8
LOGISTIC,test-run-0060,300,3.0,1.0,UNKNOWN,UNKNOWN,ABSTAIN_LOW_CONFIDENCE,False,0.003425014998356346,0.007311959287035004,0.005955082081201089,0.0010135234685435166,0.04822223903771382,0.0,0.0,0.0013472546406534617,0.010905207634944908,0.0026792015286875256,0.0039002862599939823,0.11049886598609128,0.008166380075135368,0.8
LOGISTIC,test-run-0060,400,4.0,2.0,UNKNOWN,UNKNOWN,ABSTAIN_LOW_CONFIDENCE,False,0.003294641999673331,0.009224650917068233,0.003113922373596194,0.0018769088637446444,0.06338193584193345,0.0,0.0,0.0016902764112664925,0.011615337517043158,0.0017750771905453394,0.0049342841955819,0.09409904298112196,0.00828856370809858,0.8
LOGISTIC,test-run-0060,500,5.0,3.0,UNKNOWN,FLOW_SENSOR_FAULT,,False,0.003350771999976132,0.01381553151557514,0.012566845163334252,0.005688052040257313,0.20413923960230285,0.0,0.0,0.0044155274489547595,0.009883870240662075,0.014130432787973025,0.018830888749610333,0.009208039244532902,0.5696769488227369,0.13764462438406033
LOGISTIC,test-run-0061,300,3.0,1.0,UNKNOWN,UNKNOWN,ABSTAIN_LOW_CONFIDENCE,False,0.0037172490010561887,0.007109870480513466,0.006317747447622332,0.0016016099518517248,0.024047630143757187,0.0,0.0,0.001220960342608865,0.0029141603907022993,0.002751541810834042,0.0015250329725031637,0.04658551041157762,0.10592593604802925,0.8
LOGISTIC,test-run-0061,400,4.0,2.0,UNKNOWN,UNKNOWN,ABSTAIN_LOW_CONFIDENCE,False,0.0032929469998634886,0.005879192520006861,0.007717799097766965,0.0015853099937286536,0.019230179606229227,0.0,0.0,0.0019048150993044653,0.009031534061326113,0.003025205971184993,0.007566190478644704,0.044027770466335305,0.10003200270547266,0.8
LOGISTIC,test-run-0061,500,5.0,3.0,UNKNOWN,UNKNOWN,ABSTAIN_LOW_CONFIDENCE|ABSTAIN_LOW_MARGIN,False,0.0033567889986443333,0.004227651147120763,0.005606367850354034,0.0018120721048473585,0.011746879806971184,0.0,0.0,0.0014090451244103098,0.0020126274626311646,0.002401465633410728,0.004541772271374254,0.07711837801710039,0.08912374058177976,0.8
LOGISTIC,test-run-0062,300,3.0,1.0,UNKNOWN,FLOW_SENSOR_FAULT,,False,0.0034318639991397504,0.015624016854507896,0.010822438279145185,0.0060188087924764565,0.058842990221149014,0.0,0.0,0.004569660544638019,0.029595756380834292,0.009343847115079813,0.020573955154169703,0.009798735090582496,0.5915718597261437,0.24323793184127337
LOGISTIC,test-run-0062,400,4.0,2.0,UNKNOWN,UNKNOWN,ABSTAIN_LOW_CONFIDENCE,False,0.003211184000974754,0.0100622214076264,0.029757990744076892,0.0031742214875162262,0.09057840200416924,0.0,0.0,0.002894383164163071,0.007657348941000031,0.0041907870977643535,0.0079606865076779,0.021343402900678324,0.02238055574532751,0.8
LOGISTIC,test-run-0062,500,5.0,3.0,UNKNOWN,UNKNOWN,ABSTAIN_LOW_CONFIDENCE,False,0.0033763409992388915,0.003944153863286398,0.012578089480883839,0.0014697437007792228,0.112866108913825,0.0,0.0,0.0013615135322744142,0.004873067754014066,0.002611158305805929,0.004376798568556103,0.02916505891789142,0.026754306962683574,0.8
LOGISTIC,test-run-0063,300,3.0,1.0,UNKNOWN,UNKNOWN,ABSTAIN_LOW_CONFIDENCE,False,0.003619101997173857,0.010859760726516116,0.0050404852820110264,0.0014879350316122399,0.03497403294805952,0.0,0.0,0.0015162488236028474,0.004681362616410593,0.003195912968919749,0.001959153257766466,0.015031758478119658,0.12125334986698175,0.8
LOGISTIC,test-run-0063,400,4.0,2.0,UNKNOWN,UNKNOWN,ABSTAIN_LOW_CONFIDENCE,False,0.003253776998462854,0.005839424317445541,0.007110258928816718,0.0009602844553399823,0.11073872232951659,0.0,0.0,0.0010229876629869253,0.0029827053555583653,0.0031583150556679313,0.002154335820462418,0.013133856282498368,0.0528991097917071,0.8
LOGISTIC,test-run-0063,500,5.0,3.0,UNKNOWN,UNKNOWN,ABSTAIN_LOW_CONFIDENCE|ABSTAIN_LOW_MARGIN,False,0.003379477002454223,0.008086402235033402,0.005512631030914045,0.0017720264214411174,0.05211101183789299,0.0,0.0,0.001844810040144792,0.004941680752444311,0.0032318802040525157,0.004968643220210587,0.05960623357012474,0.05792468068774147,0.8
LOGISTIC,test-run-0064,300,3.0,1.0,UNKNOWN,UNKNOWN,ABSTAIN_LOW_CONFIDENCE,False,0.003645822001999477,0.008101367610665444,0.005841556951338998,0.0015678373052161862,0.10785486645955639,0.0,0.0,0.001657139434723876,0.005949851908429226,0.0025104222446078062,0.003863480344328882,0.03514825308238259,0.02750522465875056,0.8
LOGISTIC,test-run-0064,400,4.0,2.0,UNKNOWN,UNKNOWN,ABSTAIN_LOW_CONFIDENCE,False,0.0033508039996377192,0.0035232764822940295,0.0030189836018995313,0.0018340674947175163,0.061698292453367484,0.0,0.0,0.0014158650783087146,0.004451858891719053,0.0038209148387245476,0.006377634120700022,0.005864734978388951,0.1079943720598801,0.8
LOGISTIC,test-run-0064,500,5.0,3.0,UNKNOWN,UNKNOWN,ABSTAIN_LOW_CONFIDENCE,False,0.0033159869999508373,0.007851757146368571,0.011496791042622712,0.0014395498425752952,0.018932063265215453,0.0,0.0,0.001836604226477698,0.005450343810127601,0.0037285771261665853,0.008789327043513552,0.02377797466775923,0.11669701182917325,0.8
LOGISTIC,test-run-0065,300,3.0,1.0,UNKNOWN,UNKNOWN,ABSTAIN_LOW_CONFIDENCE,False,0.003478584003460128,0.007121992228277516,0.007633028956991306,0.0018510387095960947,0.01625190350214057,0.0,0.0,0.0019751358769367258,0.00835858433991757,0.0034853778150526838,0.006667052101716838,0.03973072318737879,0.10692516328199185,0.8
LOGISTIC,test-run-0065,400,4.0,2.0,UNKNOWN,UNKNOWN,ABSTAIN_LOW_CONFIDENCE,False,0.003239855999709107,0.004647677238214231,0.0034177429664107493,0.002128976323158462,0.06514122440313913,0.0,0.0,0.0014863201310658914,0.005392518101312437,0.003749085611976452,0.004476982452173116,0.019196040391062093,0.0903634323814874,0.8
LOGISTIC,test-run-0065,500,5.0,3.0,UNKNOWN,UNKNOWN,ABSTAIN_LOW_CONFIDENCE,False,0.003374004998477176,0.014603647003789069,0.015154489910720182,0.0028129723521831593,0.02792161622185618,0.0,0.0,0.002538616677271851,0.018145903742455657,0.002032893576011285,0.007410849220146421,0.10367246817574492,0.005706543119821217,0.8
HYBRID,test-run-0000,300,3.0,1.0,GRID_VOLTAGE_SAG,GRID_VOLTAGE_SAG,GRID_SAG_TO_UPS_RESPONSE|UPS_TRANSFER_PROPAGATION_EVIDENCE,False,0.0036482869982137345,0.8050466216007436,0.007669604694281031,0.01331326207618633,0.01055660984730267,0.1,0.0,0.004761092392526629,0.010130240515669065,0.006036172070817653,0.008932988128537723,0.012022023271635974,0.009776211987680737,0.01175517341461861
HYBRID,test-run-0000,400,4.0,2.0,GRID_VOLTAGE_SAG,GRID_VOLTAGE_SAG,GRID_SAG_TO_UPS_RESPONSE|UPS_TRANSFER_PROPAGATION_EVIDENCE,False,0.0031506060004176106,0.814276547713624,0.007173023046054299,0.01558811976326157,0.008345525603571581,0.1,0.0,0.004112131941084184,0.007019534232898935,0.004851824157385168,0.00843036652559313,0.014098028027400759,0.009059673761826573,0.007045225227299979
HYBRID,test-run-0000,500,5.0,3.0,GRID_VOLTAGE_SAG,GRID_VOLTAGE_SAG,GRID_SAG_TO_UPS_RESPONSE|UPS_TRANSFER_PROPAGATION_EVIDENCE,False,0.003532699000061257,0.862890946288148,0.001980398526802915,0.009165333198563368,0.0039936601509643265,0.1,0.0,0.0018523236606684313,0.0022933009128644293,0.0023257803032724752,0.0019433622098963647,0.002995929843535426,0.006519925058075143,0.004039039847209177
HYBRID,test-run-0001,300,3.0,1.0,GRID_VOLTAGE_SAG,GRID_VOLTAGE_SAG,GRID_SAG_TO_UPS_RESPONSE|UPS_TRANSFER_PROPAGATION_EVIDENCE,False,0.0033333639985357877,0.7702549607790701,0.004963056285936008,0.02550666150948842,0.009251967245533173,0.1,0.0,0.00536289402273626,0.010224410765194267,0.006141236461030117,0.008142003056846116,0.023057222266572128,0.009126643704423988,0.027968943903169514
HYBRID,test-run-0001,400,4.0,2.0,GRID_VOLTAGE_SAG,GRID_VOLTAGE_SAG,GRID_SAG_TO_UPS_RESPONSE|UPS_TRANSFER_PROPAGATION_EVIDENCE,False,0.0031755019990669098,0.7908960390714088,0.007527749476127596,0.030535341657450445,0.012974810225070094,0.1,0.0,0.004658208249403698,0.00802258139771277,0.005509736228101429,0.008832940579868333,0.016697943886993402,0.008551746373198072,0.005792902854665261
HYBRID,test-run-0001,500,5.0,3.0,GRID_VOLTAGE_SAG,GRID_VOLTAGE_SAG,GRID_SAG_TO_UPS_RESPONSE|UPS_TRANSFER_PROPAGATION_EVIDENCE,False,0.0033012019994203,0.8468853528733407,0.003469815577578514,0.021489190414848227,0.0018369893327557067,0.1,0.0,0.0022848976763044163,0.003434757025972438,0.0026126259281893894,0.0033950707362699136,0.003625992807263461,0.00654670604925458,0.004418601578222592
HYBRID,test-run-0002,300,3.0,1.0,GRID_VOLTAGE_SAG,GRID_VOLTAGE_SAG,GRID_SAG_TO_UPS_RESPONSE|UPS_TRANSFER_PROPAGATION_EVIDENCE,False,0.0034215590021631215,0.7707400057876249,0.008251755004035508,0.02836331531360941,0.010845418590426202,0.1,0.0,0.00578533596238426,0.007643138326042995,0.007099113384373013,0.009024607603754677,0.012166820245795497,0.02000228138578573,0.020078208396167908
HYBRID,test-run-0002,400,4.0,2.0,GRID_VOLTAGE_SAG,GRID_VOLTAGE_SAG,GRID_SAG_TO_UPS_RESPONSE|UPS_TRANSFER_PROPAGATION_EVIDENCE,False,0.0032835379970492795,0.8306546180246596,0.004293464976154433,0.02023006467376158,0.005092029794275395,0.1,0.0,0.0032111513252864694,0.008206667306633109,0.0030538353725524437,0.0065032318741499165,0.009754529258061246,0.003297149198607672,0.005703258195858274
HYBRID,test-run-0002,500,5.0,3.0,GRID_VOLTAGE_SAG,GRID_VOLTAGE_SAG,GRID_SAG_TO_UPS_RESPONSE|UPS_TRANSFER_PROPAGATION_EVIDENCE,False,0.003380596997885732,0.8546836728896771,0.0027347258996985127,0.018096414412759134,0.0038967638144400776,0.1,0.0,0.0018803370092185126,0.0026648594604059732,0.002570746775292354,0.0024825510012682415,0.004095789743396697,0.004508605280292419,0.002385533713551217
HYBRID,test-run-0003,300,3.0,1.0,GRID_VOLTAGE_SAG,GRID_VOLTAGE_SAG,GRID_SAG_TO_UPS_RESPONSE|UPS_TRANSFER_PROPAGATION_EVIDENCE,False,0.003519002002576599,0.760803054160225,0.008499947717161845,0.02025748230160531,0.018852053050317744,0.1,0.0,0.006026222573228848,0.010365068441958312,0.006772387670189342,0.009939056858414706,0.027002904970621272,0.0074817623838216545,0.024000059872456066
HYBRID,test-run-0003,400,4.0,2.0,GRID_VOLTAGE_SAG,GRID_VOLTAGE_SAG,GRID_SAG_TO_UPS_RESPONSE|UPS_TRANSFER_PROPAGATION_EVIDENCE,False,0.0032236639999609906,0.8013491151337679,0.005908810572288189,0.016444010538523478,0.030648110223273958,0.1,0.0,0.0037246880736695734,0.0038639159752114605,0.007040008886105108,0.002550178468260403,0.010675653791969419,0.008620856387842928,0.00917465194908732
HYBRID,test-run-0003,500,5.0,3.0,GRID_VOLTAGE_SAG,GRID_VOLTAGE_SAG,GRID_SAG_TO_UPS_RESPONSE|UPS_TRANSFER_PROPAGATION_EVIDENCE,False,0.003357940000569215,0.8571865682391795,0.0033339851868851578,0.011104690987029648,0.0030638079330536742,0.1,0.0,0.0020359209374345506,0.0033687930170402274,0.0029810380676701543,0.003161410382518833,0.007820031504388317,0.000684963474492772,0.005258790270307245
HYBRID,test-run-0004,300,3.0,1.0,GRID_VOLTAGE_SAG,GRID_VOLTAGE_SAG,GRID_SAG_TO_UPS_RESPONSE|UPS_TRANSFER_PROPAGATION_EVIDENCE,False,0.003428983000048902,0.7516244722725156,0.006978389748221591,0.021357980028373576,0.019742376799996172,0.1,0.0,0.005888068375209391,0.011630191682240578,0.00865207517799554,0.00895138871712523,0.009439545215198495,0.03804397148383819,0.017691540499285695
HYBRID,test-run-0004,400,4.0,2.0,GRID_VOLTAGE_SAG,GRID_VOLTAGE_SAG,GRID_SAG_TO_UPS_RESPONSE|UPS_TRANSFER_PROPAGATION_EVIDENCE,False,0.0032657130032021087,0.8351276040287258,0.00688105845407339,0.014621928374267283,0.0055365644098617425,0.1,0.0,0.0033420079394725086,0.005527042686065141,0.0035139595082532508,0.0054955645533510955,0.0037132873842467364,0.0040936600364117086,0.012147322625271432
HYBRID,test-run-0004,500,5.0,3.0,GRID_VOLTAGE_SAG,GRID_VOLTAGE_SAG,GRID_SAG_TO_UPS_RESPONSE|UPS_TRANSFER_PROPAGATION_EVIDENCE,False,0.0034034780001093168,0.8591529841836095,0.0032786735948590207,0.012623760050745935,0.0038212262130703847,0.1,0.0,0.0020113964646848816,0.0024558284272992617,0.0018507087860266014,0.0034480367752155665,0.004132706269521748,0.0024429773407625014,0.004781701894204605
HYBRID,test-run-0005,300,3.0,1.0,GRID_VOLTAGE_SAG,GRID_VOLTAGE_SAG,GRID_SAG_TO_UPS_RESPONSE|UPS_TRANSFER_PROPAGATION_EVIDENCE,False,0.0036966089974157512,0.7928223476117644,0.0058652611820413075,0.017939055341532832,0.007428619627955005,0.1,0.0,0.004724268686456004,0.008232417221763936,0.00807487508559522,0.005719781729556524,0.014085483678833078,0.019412655881308253,0.015695233953193295
HYBRID,test-run-0005,400,4.0,2.0,GRID_VOLTAGE_SAG,GRID_VOLTAGE_SAG,GRID_SAG_TO_UPS_RESPONSE|UPS_TRANSFER_PROPAGATION_EVIDENCE,False,0.00330721900172648,0.8390065918180649,0.008202899811027002,0.018393480190927628,0.0045082248479823535,0.1,0.0,0.0028809696319794967,0.004046592050138812,0.0028340817893445125,0.004104563492030397,0.004683154408162407,0.0033214130200912304,0.008018028940251306
HYBRID,test-run-0005,500,5.0,3.0,GRID_VOLTAGE_SAG,GRID_VOLTAGE_SAG,GRID_SAG_TO_UPS_RESPONSE|UPS_TRANSFER_PROPAGATION_EVIDENCE,False,0.0034117659997718874,0.8329080019649052,0.0026575744346017884,0.02105797678946728,0.00872038479776606,0.1,0.0,0.002874906188030038,0.002753012847787179,0.003317727066435987,0.004579492939128365,0.01165428536801216,0.0038528507854237804,0.005623786818442031
HYBRID,test-run-0006,300,3.0,1.0,GRID_VOLTAGE_SWELL,GRID_VOLTAGE_SWELL,GRID_SWELL_OBSERVED,False,0.0035081210007774644,0.002171872298044422,0.9802447281981874,0.0006039594700119739,0.003519521693612696,0.0,0.0,0.0010090827443862897,0.0014745774384530516,0.0012987747018496695,0.001749214925583224,0.002582994996547412,0.0036768541014712327,0.0016684194318527085
HYBRID,test-run-0006,400,4.0,2.0,GRID_VOLTAGE_SWELL,GRID_VOLTAGE_SWELL,GRID_SWELL_OBSERVED,False,0.0032744820018706378,0.0026646841133502823,0.9688335220018423,0.0008808522878760113,0.004710819586960851,0.0,0.0,0.0014650220408641316,0.0027363045810107323,0.0013593300915394908,0.0030559891942550017,0.008179841582958428,0.0012390538158268982,0.004874580703515654
HYBRID,test-run-0006,500,5.0,3.0,GRID_VOLTAGE_SWELL,GRID_VOLTAGE_SWELL,GRID_SWELL_OBSERVED,False,0.0034141670003009494,0.0019962324933331917,0.9796234587820314,0.0006796265690374589,0.0031335561968382202,0.0,0.0,0.00109127582649824,0.0017106626835302397,0.001573561912084272,0.001528767011893344,0.0025963541392930614,0.0030318296868774293,0.003034674698583336
HYBRID,test-run-0007,300,3.0,1.0,GRID_VOLTAGE_SWELL,GRID_VOLTAGE_SWELL,GRID_SWELL_OBSERVED,False,0.0037543709986493923,0.0030586647950511105,0.966804235000845,0.0011633488930218121,0.0033940592711751718,0.0,0.0,0.0016440876928303825,0.002940399245139699,0.002146547953569886,0.0026578469505529486,0.0014443506122588212,0.008405762007230515,0.006340697578324603
HYBRID,test-run-0007,400,4.0,2.0,GRID_VOLTAGE_SWELL,GRID_VOLTAGE_SWELL,GRID_SWELL_OBSERVED,False,0.00332667600014247,0.002839558991866405,0.9679102664717434,0.0010229914994944092,0.004518188731658029,0.0,0.0,0.0015991037881787715,0.0032290811000680875,0.002362030580639605,0.0027953445658090315,0.0010641579317183362,0.007219662282445347,0.005439614056378554
HYBRID,test-run-0007,500,5.0,3.0,GRID_VOLTAGE_SWELL,GRID_VOLTAGE_SWELL,GRID_SWELL_OBSERVED,False,0.003446168000664329,0.002603678590469093,0.9803291958407886,0.0006109825380562594,0.002136693061562425,0.0,0.0,0.0010016415314602675,0.0020346965146449234,0.0014294906634718552,0.0010990072247568164,0.0027983256876686884,0.0029754016705664404,0.0029808866765546793
HYBRID,test-run-0008,300,3.0,1.0,GRID_VOLTAGE_SWELL,GRID_VOLTAGE_SWELL,GRID_SWELL_OBSERVED,False,0.003508600999339251,0.002388751665609954,0.980963740751569,0.0006225225083115804,0.00271674964669234,0.0,0.0,0.001028769270390986,0.0021406951247011073,0.0010613553477558048,0.001452646245736121,0.0025313852882763678,0.0016632034342350707,0.0034301807167218122
HYBRID,test-run-0008,400,4.0,2.0,GRID_VOLTAGE_SWELL,GRID_VOLTAGE_SWELL,GRID_SWELL_OBSERVED,False,0.0032724660013627727,0.0010942056609408426,0.9899500997974937,0.0003358211171768426,0.0017448563883020525,0.0,0.0,0.0005648895400099009,0.0009156133126158598,0.0008382101210633745,0.0007039063702305435,0.0013080658452740619,0.0012215249854292823,0.0013228068614634433
HYBRID,test-run-0008,500,5.0,3.0,GRID_VOLTAGE_SWELL,GRID_VOLTAGE_SWELL,GRID_SWELL_OBSERVED,False,0.003567163999832701,0.0021142380685713067,0.98597092327709,0.0004581060141238772,0.0014249880981990286,0.0,0.0,0.000782487244210575,0.0012333428945452162,0.0011924070774703556,0.0009036692739864389,0.0013182123549465147,0.001986298432422606,0.002615327264433821
HYBRID,test-run-0009,300,3.0,1.0,GRID_VOLTAGE_SWELL,UNKNOWN,ABSTAIN_LOW_CONFIDENCE,False,0.0037354900014179293,0.013745839351808937,0.10065979307719235,0.004567854107786916,0.020461971327992177,0.0,0.0,0.005233743629922646,0.008542269198591643,0.008285377090283498,0.0056940778906769945,0.022228659125047266,0.010580415200697559,0.8
HYBRID,test-run-0009,400,4.0,2.0,GRID_VOLTAGE_SWELL,UNKNOWN,ABSTAIN_LOW_CONFIDENCE,False,0.0033240189986827318,0.010315375513105239,0.09954565671524636,0.003422963032883016,0.017950181697239845,0.0,0.0,0.004950635934758502,0.0138080019688653,0.005413511633345451,0.012001453228517436,0.021409937849702364,0.011182282426336442,0.8
HYBRID,test-run-0009,500,5.0,3.0,GRID_VOLTAGE_SWELL,UNKNOWN,ABSTAIN_LOW_CONFIDENCE|ABSTAIN_LOW_MARGIN,False,0.003352788000483997,0.00985680215518105,0.07176981409284877,0.004965199232157215,0.011018988985749581,0.0,0.0,0.006286020672221854,0.012956520797309835,0.008472768428047558,0.011509302856032706,0.028289312789902876,0.0348752699905485,0.8
HYBRID,test-run-0010,300,3.0,1.0,GRID_VOLTAGE_SWELL,GRID_VOLTAGE_SWELL,GRID_SWELL_OBSERVED,False,0.0034786489995894954,0.012393950395123698,0.7335345575851806,0.005733898361791564,0.01720676128329727,0.0,0.0,0.007583368368285033,0.008807098682663243,0.009425198425741308,0.00888844213601195,0.02994029579326338,0.030996497343172474,0.13548993162546918
HYBRID,test-run-0010,400,4.0,2.0,GRID_VOLTAGE_SWELL,GRID_VOLTAGE_SWELL,GRID_SWELL_OBSERVED,False,0.0032768179989943746,0.018247733035416352,0.6985671983367939,0.007183726505912192,0.0183267550441533,0.0,0.0,0.010617469598795006,0.018619339419759216,0.015071087339835375,0.016087432938800918,0.0478727982628699,0.0376346467027978,0.11177181281486595
HYBRID,test-run-0010,500,5.0,3.0,GRID_VOLTAGE_SWELL,GRID_VOLTAGE_SWELL,GRID_SWELL_OBSERVED,False,0.003469657000096049,0.014698113993816713,0.7450021770651186,0.006086734015277758,0.0214808390389948,0.0,0.0,0.007561523265439275,0.01056801046947428,0.00954755034810024,0.011874993215290437,0.026062960402217006,0.012527342319225957,0.13458975586704475
HYBRID,test-run-0011,300,3.0,1.0,GRID_VOLTAGE_SWELL,UNKNOWN,ABSTAIN_LOW_CONFIDENCE,False,0.0037911079998593777,0.009188635249828835,0.09291572795913816,0.004052360266446168,0.014121097514562348,0.0,0.0,0.005102803342914627,0.007451723313625155,0.008282403081466314,0.006936329975036566,0.014506961360571951,0.03744195793640983,0.8
HYBRID,test-run-0011,400,4.0,2.0,GRID_VOLTAGE_SWELL,UNKNOWN,ABSTAIN_LOW_CONFIDENCE,False,0.0033305790020676795,0.009680866409699184,0.09289805078695244,0.004051633554533156,0.010634664702460887,0.0,0.0,0.005335823907707642,0.011037587181450948,0.00666758264496445,0.00996929820198345,0.019106822106772028,0.03061767050347576,0.8
HYBRID,test-run-0011,500,5.0,3.0,GRID_VOLTAGE_SWELL,UNKNOWN,ABSTAIN_LOW_CONFIDENCE,False,0.003392790000361856,0.010863309373242086,0.12373409775784143,0.003888828550635217,0.010761636502665007,0.0,0.0,0.0044414540164758745,0.007890421079045579,0.005412419305472273,0.007056695877136403,0.015928423387233544,0.010022714150252555,0.8
HYBRID,test-run-0012,300,3.0,1.0,GRID_INTERRUPTION,GRID_INTERRUPTION,GRID_LOSS_TO_UPS_RESPONSE|UPS_TRANSFER_PROPAGATION_EVIDENCE,False,0.0034530160010035615,0.01949455823197618,0.0032585253530501112,0.8320275380628996,0.0039803581132159685,0.1,0.0,0.002777139357853607,0.003586467346128974,0.0025676656681660817,0.003948078090617891,0.0054869175555142344,0.0012932159306922857,0.021579536289885144
HYBRID,test-run-0012,400,4.0,2.0,GRID_INTERRUPTION,GRID_INTERRUPTION,GRID_LOSS_TO_UPS_RESPONSE|UPS_TRANSFER_PROPAGATION_EVIDENCE,False,0.0032436000001325738,0.01747274671511146,0.0018382611292971562,0.8551829144211164,0.0054043201166341275,0.1,0.0,0.0017792553765827504,0.002456687239735513,0.002114386766404105,0.003140735514272211,0.006312991128387564,0.0022501730757503316,0.0020475285167083556
HYBRID,test-run-0012,500,5.0,3.0,GRID_INTERRUPTION,GRID_INTERRUPTION,GRID_LOSS_TO_UPS_RESPONSE|UPS_TRANSFER_PROPAGATION_EVIDENCE,False,0.003415893999772379,0.01828353287098874,0.0017771319521632729,0.8640647819900801,0.003199890665597864,0.1,0.0,0.0014130004652606856,0.0020079224247465054,0.0015770784487883355,0.001987331257361722,0.0028176733768363097,0.0016664957805193024,0.0012051607676573151
HYBRID,test-run-0013,300,3.0,1.0,GRID_INTERRUPTION,GRID_INTERRUPTION,GRID_LOSS_TO_UPS_RESPONSE|UPS_TRANSFER_PROPAGATION_EVIDENCE,False,0.003743969999050023,0.014010545203079924,0.001965188899273678,0.8441003913737708,0.008653936695500523,0.1,0.0,0.0023414213228656615,0.003789504915484303,0.0031142052249400294,0.0038044131371277514,0.0017328741960051682,0.013226028601209134,0.003261490430743024
HYBRID,test-run-0013,400,4.0,2.0,GRID_INTERRUPTION,GRID_INTERRUPTION,GRID_LOSS_TO_UPS_RESPONSE|UPS_TRANSFER_PROPAGATION_EVIDENCE,False,0.0033520200013299473,0.025706972908383308,0.0033406356694393115,0.8409397918641739,0.004129102429706854,0.1,0.0,0.0023832103448516023,0.0038901997897039056,0.0053910322517554,0.0024119617392586944,0.0019323293122834584,0.00766291246198834,0.002211851228455188
HYBRID,test-run-0013,500,5.0,3.0,GRID_INTERRUPTION,GRID_INTERRUPTION,GRID_LOSS_TO_UPS_RESPONSE|UPS_TRANSFER_PROPAGATION_EVIDENCE,False,0.00338936600019224,0.01547404375454778,0.0018152135727237883,0.8675593224708549,0.002541700623196876,0.1,0.0,0.0013821414993107893,0.00133103958635695,0.0017027720905415092,0.001673130535827204,0.002353550301290006,0.002507445238863633,0.0016596403264869312
HYBRID,test-run-0014,300,3.0,1.0,GRID_INTERRUPTION,GRID_INTERRUPTION,GRID_LOSS_TO_UPS_RESPONSE|UPS_TRANSFER_PROPAGATION_EVIDENCE,False,0.0034669359993131366,0.01914829922101148,0.0034835461890436797,0.837210139867944,0.004742317974807428,0.1,0.0,0.0028492438953984455,0.0063548201103275455,0.0034174060744774884,0.004567395611473618,0.005846184982646499,0.007577997766443294,0.004802648306426649
HYBRID,test-run-0014,400,4.0,2.0,GRID_INTERRUPTION,GRID_INTERRUPTION,GRID_LOSS_TO_UPS_RESPONSE|UPS_TRANSFER_PROPAGATION_EVIDENCE,False,0.003266704999987269,0.022535431554667647,0.0019467616802455049,0.8525159071371511,0.0013392272128402358,0.1,0.0,0.001900368201063464,0.0026174369029003993,0.0017549461120363707,0.002759043714441162,0.004334421288746408,0.0031539926200592895,0.005142463575848246
HYBRID,test-run-0014,500,5.0,3.0,GRID_INTERRUPTION,GRID_INTERRUPTION,GRID_LOSS_TO_UPS_RESPONSE|UPS_TRANSFER_PROPAGATION_EVIDENCE,False,0.003429750999202952,0.021905430287143795,0.0013238588966489916,0.8621555475636015,0.001574319982899634,0.1,0.0,0.0013163101728573452,0.0016717323785470568,0.0014761068632525203,0.001685603640040654,0.001577983269962651,0.0033329162623796323,0.0019801906826660953
HYBRID,test-run-0015,300,3.0,1.0,GRID_INTERRUPTION,GRID_INTERRUPTION,GRID_LOSS_TO_UPS_RESPONSE|UPS_TRANSFER_PROPAGATION_EVIDENCE,False,0.0037351379978645127,0.01680151628721661,0.002596467931813844,0.8419414543078654,0.003266133747030546,0.1,0.0,0.0026990986658467584,0.004882127371536063,0.005037584435387772,0.002913799092169117,0.0022317228027701804,0.01074283500238662,0.006887260355977097
HYBRID,test-run-0015,400,4.0,2.0,GRID_INTERRUPTION,GRID_INTERRUPTION,GRID_LOSS_TO_UPS_RESPONSE|UPS_TRANSFER_PROPAGATION_EVIDENCE,False,0.0032904820000112522,0.018675105375157396,0.002471926025218018,0.8526385326300248,0.003922573515737581,0.1,0.0,0.002124298412594043,0.00394526378445689,0.0024319450445338614,0.004126737843484973,0.005289688389088998,0.002163621046564667,0.002210307933138658
HYBRID,test-run-0015,500,5.0,3.0,GRID_INTERRUPTION,GRID_INTERRUPTION,GRID_LOSS_TO_UPS_RESPONSE|UPS_TRANSFER_PROPAGATION_EVIDENCE,False,0.0033644050017755944,0.029727751644126218,0.00148875779479473,0.850778613784529,0.0024448487192596825,0.1,0.0,0.0015915069540565858,0.0024537341986340323,0.0024863921304346284,0.0018106246377804698,0.003254994907142872,0.0023900492735542595,0.0015727259556875266
HYBRID,test-run-0016,300,3.0,1.0,GRID_INTERRUPTION,GRID_INTERRUPTION,GRID_LOSS_TO_UPS_RESPONSE|UPS_TRANSFER_PROPAGATION_EVIDENCE,False,0.003464599998551421,0.016223314113243376,0.001678241516108852,0.8494172001426133,0.007826503872164036,0.1,0.0,0.002286428314795211,0.0043607668462094734,0.0035296462712911124,0.002699820877523432,0.00258645192896444,0.0033663768129929324,0.006025249304093838
HYBRID,test-run-0016,400,4.0,2.0,GRID_INTERRUPTION,GRID_INTERRUPTION,GRID_LOSS_TO_UPS_RESPONSE|UPS_TRANSFER_PROPAGATION_EVIDENCE,False,0.00326811299964902,0.02243969353959696,0.001295279192992623,0.8549830713550536,0.004366902510900007,0.1,0.0,0.0018017517956717439,0.0024365733004793545,0.0017526204854167854,0.002180146262858336,0.003094026718687774,0.002627800476740961,0.0030221343616017643
HYBRID,test-run-0016,500,5.0,3.0,GRID_INTERRUPTION,GRID_INTERRUPTION,GRID_LOSS_TO_UPS_RESPONSE|UPS_TRANSFER_PROPAGATION_EVIDENCE,False,0.0035015610010304954,0.03823827085193004,0.0021074531132963576,0.8475140124185292,0.0011868247939125054,0.1,0.0,0.0011216177647288732,0.0015709364836173773,0.0011466399092966587,0.0007749105488765638,0.001035533248707169,0.00036689233410930095,0.004936908532996076
HYBRID,test-run-0017,300,3.0,1.0,GRID_INTERRUPTION,GRID_INTERRUPTION,GRID_LOSS_TO_UPS_RESPONSE|UPS_TRANSFER_PROPAGATION_EVIDENCE,False,0.0037663710027118213,0.01583244193964138,0.002040812917795076,0.8476401330274524,0.007171162303580671,0.1,0.0,0.0024555842512894487,0.005498057232793924,0.0020821828839156097,0.004078709564565501,0.007120702456615544,0.002160515517247933,0.003919697905102509
HYBRID,test-run-0017,400,4.0,2.0,GRID_INTERRUPTION,GRID_INTERRUPTION,GRID_LOSS_TO_UPS_RESPONSE|UPS_TRANSFER_PROPAGATION_EVIDENCE,False,0.0032821300010255072,0.022965319024599164,0.0030835774863594316,0.8527677441388417,0.00532554090937046,0.1,0.0,0.0016688214944225298,0.002281001259943434,0.001499223068825997,0.0023605792948840996,0.0027803234673631477,0.0005133374922042195,0.004754532363185999
HYBRID,test-run-0017,500,5.0,3.0,GRID_INTERRUPTION,GRID_INTERRUPTION,GRID_LOSS_TO_UPS_RESPONSE|UPS_TRANSFER_PROPAGATION_EVIDENCE,False,0.0034067419983330183,0.02683497526929249,0.0014183829143583954,0.8576639845404631,0.002877904635768242,0.1,0.0,0.0012232592367261582,0.0014691570263997116,0.001200600518433117,0.0017687861953321871,0.002754184178134601,0.0006177015405724455,0.00217106394451949
HYBRID,test-run-0018,300,3.0,1.0,GRID_FREQUENCY_DEVIATION,UNKNOWN,GRID_FREQUENCY_DEVIATION_OBSERVED|ABSTAIN_RULE_MODEL_CONFLICT,False,0.0034982340002898127,0.004226565278729893,0.008792841126625667,0.0025889337935783717,0.12929407437966067,0.0,0.0,0.0028343585460709688,0.003413627697717626,0.003647906624916497,0.006584773071810241,0.010142865018299441,0.028474054462590586,0.8
HYBRID,test-run-0018,400,4.0,2.0,GRID_FREQUENCY_DEVIATION,GRID_FREQUENCY_DEVIATION,GRID_FREQUENCY_DEVIATION_OBSERVED,False,0.0033102590023190714,0.010248824290878021,0.011594277682968956,0.006509002314211953,0.829066853339884,0.0,0.0,0.0065696574730929325,0.01031323010396215,0.007745622074441072,0.015847180973427657,0.05127727872041557,0.027160879944341357,0.023667193082376303
HYBRID,test-run-0018,500,5.0,3.0,GRID_FREQUENCY_DEVIATION,GRID_FREQUENCY_DEVIATION,GRID_FREQUENCY_DEVIATION_OBSERVED,False,0.003406326002732385,0.010039436485657114,0.015691410020087237,0.007073514018240464,0.8503629424127925,0.0,0.0,0.006823053224188938,0.011861042003701312,0.007347565019810431,0.019246245986248002,0.030744765776559248,0.021148316466264482,0.019661708586450156
HYBRID,test-run-0019,300,3.0,1.0,GRID_FREQUENCY_DEVIATION,GRID_FREQUENCY_DEVIATION,GRID_FREQUENCY_DEVIATION_OBSERVED,False,0.003764515000511892,0.01143308658744955,0.018509789732770798,0.007878439386549998,0.8237462306705584,0.0,0.0,0.007794699077499573,0.014937496083253681,0.011155862059090511,0.01926731228180916,0.037209945170296084,0.02139497759510578,0.026672161355616262
HYBRID,test-run-0019,400,4.0,2.0,GRID_FREQUENCY_DEVIATION,GRID_FREQUENCY_DEVIATION,GRID_FREQUENCY_DEVIATION_OBSERVED,False,0.0033546129998285323,0.007207808749722604,0.0074422173501197016,0.0059670727191814266,0.8614550466707642,0.0,0.0,0.0045331269697448575,0.008725927209426318,0.009254179670161329,0.0077157378007763275,0.005093555412996031,0.06705136278521057,0.01555396466189657
HYBRID,test-run-0019,500,5.0,3.0,GRID_FREQUENCY_DEVIATION,GRID_FREQUENCY_DEVIATION,GRID_FREQUENCY_DEVIATION_OBSERVED,False,0.003408279000723269,0.014612185753114706,0.022106806248292282,0.010587093582521913,0.7084610974155591,0.0,0.0,0.01027481344328394,0.015699223779337627,0.011014142761338873,0.02004161759151683,0.08324948959358898,0.06602421108198693,0.03792931874945904
HYBRID,test-run-0020,300,3.0,1.0,GRID_FREQUENCY_DEVIATION,GRID_FREQUENCY_DEVIATION,GRID_FREQUENCY_DEVIATION_OBSERVED,False,0.003466167996521108,0.01647513803984004,0.02061712262782434,0.008861369753984025,0.7882148889306863,0.0,0.0,0.008781604399971117,0.019768396932072507,0.009762405200398587,0.019677963788593236,0.04857998534837167,0.02881144082689832,0.03044968415135979
HYBRID,test-run-0020,400,4.0,2.0,GRID_FREQUENCY_DEVIATION,GRID_FREQUENCY_DEVIATION,GRID_FREQUENCY_DEVIATION_OBSERVED,False,0.0033263240002270322,0.0239033719801815,0.024427028731093484,0.010641515033901821,0.6843398442539355,0.0,0.0,0.011894204245330905,0.025168164979350833,0.022673837172043108,0.018462618136197928,0.07453123870894152,0.038351519697454775,0.06560665706156871
HYBRID,test-run-0020,500,5.0,3.0,GRID_FREQUENCY_DEVIATION,GRID_FREQUENCY_DEVIATION,GRID_FREQUENCY_DEVIATION_OBSERVED,False,0.0034759289992507547,0.021481931230017532,0.025218252059533004,0.0103635042127269,0.6601158253538625,0.0,0.0,0.012783244609659291,0.022694345599635846,0.03222393419412499,0.0256116537446907,0.10272432048800582,0.02782413570987554,0.05895885279786791
HYBRID,test-run-0021,300,3.0,1.0,GRID_FREQUENCY_DEVIATION,UNKNOWN,GRID_FREQUENCY_DEVIATION_OBSERVED|ABSTAIN_LOW_CONFIDENCE,False,0.003755523001018446,0.010670341649781753,0.010297750143417009,0.004731194712870264,0.07949131604381403,0.0,0.0,0.005164345337037262,0.01440379187073411,0.006560154723298118,0.009352348982004047,0.042804016181468625,0.01652474035557476,0.8
HYBRID,test-run-0021,400,4.0,2.0,GRID_FREQUENCY_DEVIATION,UNKNOWN,GRID_FREQUENCY_DEVIATION_OBSERVED|ABSTAIN_LOW_CONFIDENCE|ABSTAIN_LOW_MARGIN,False,0.0032747699988249224,0.014754044688514177,0.009798882053212873,0.006299306894290961,0.0325142065812534,0.0,0.0,0.007643172086414159,0.01675070435114991,0.009840914364724744,0.013191550477664326,0.04323692954505167,0.04597028895772373,0.8
HYBRID,test-run-0021,500,5.0,3.0,GRID_FREQUENCY_DEVIATION,UNKNOWN,GRID_FREQUENCY_DEVIATION_OBSERVED|ABSTAIN_LOW_CONFIDENCE,False,0.003458039998804452,0.008218453760898815,0.0066021596456879795,0.004836269566241365,0.08845826938905776,0.0,0.0,0.0043235137166535405,0.00826969145947625,0.006981100396561356,0.008345719447050072,0.009762810755382574,0.05420201186299023,0.8
HYBRID,test-run-0022,300,3.0,1.0,GRID_FREQUENCY_DEVIATION,GRID_FREQUENCY_DEVIATION,GRID_FREQUENCY_DEVIATION_OBSERVED,False,0.0034058140008710325,0.025710542940334917,0.02253680464326124,0.012517284806437906,0.6121025054549929,0.0,0.0,0.012576176082279886,0.024056947415897985,0.014163449233384277,0.02337150187325375,0.044213586530618264,0.13262722902828208,0.07612397199125684
HYBRID,test-run-0022,400,4.0,2.0,GRID_FREQUENCY_DEVIATION,GRID_FREQUENCY_DEVIATION,GRID_FREQUENCY_DEVIATION_OBSERVED,False,0.0032879219979804475,0.022261513547383868,0.024108310284185783,0.012809997278626886,0.6168747653893321,0.0,0.0,0.013019144538847833,0.02462022384644942,0.015997114101090473,0.025200006158234194,0.08212348036790688,0.055640727298534406,0.10734471718940825
HYBRID,test-run-0022,500,5.0,3.0,GRID_FREQUENCY_DEVIATION,GRID_FREQUENCY_DEVIATION,GRID_FREQUENCY_DEVIATION_OBSERVED,False,0.0033912209983100183,0.009170738828335526,0.016826464530831874,0.005363892879685778,0.8764564245655693,0.0,0.0,0.005718671162559017,0.011351003924792732,0.00987687547535819,0.010480449802646598,0.018650434959663807,0.01866204284533635,0.017443001025220957
HYBRID,test-run-0023,300,3.0,1.0,GRID_FREQUENCY_DEVIATION,GRID_FREQUENCY_DEVIATION,GRID_FREQUENCY_DEVIATION_OBSERVED,False,0.003800548001891002,0.019411324406958808,0.02587033769560275,0.01350784540352363,0.6050467762190509,0.0,0.0,0.013480601157589131,0.026045143377470364,0.015237888002255472,0.03582008895384762,0.1166162203684729,0.04667069548637621,0.08229307892885206
HYBRID,test-run-0023,400,4.0,2.0,GRID_FREQUENCY_DEVIATION,UNKNOWN,GRID_FREQUENCY_DEVIATION_OBSERVED|ABSTAIN_LOW_CONFIDENCE,False,0.003344755998114124,0.007857623346255819,0.005673453386562736,0.0029969936418987775,0.12461784684116306,0.0,0.0,0.003373584793821916,0.006473342619289666,0.0052686798730181205,0.004507252412949682,0.01662764856215031,0.022603574522889858,0.8
HYBRID,test-run-0023,500,5.0,3.0,GRID_FREQUENCY_DEVIATION,GRID_FREQUENCY_DEVIATION,GRID_FREQUENCY_DEVIATION_OBSERVED,False,0.0033602129988139495,0.03043150765609547,0.024740463722623136,0.014892637187905663,0.5817392663634611,0.0,0.0,0.013572913801433285,0.018800182826523022,0.01916025222590267,0.01678465539157986,0.07076631855443906,0.11166953485728298,0.09744226741275369
HYBRID,test-run-0024,300,3.0,1.0,PUMP_TRIP,PUMP_TRIP,VFD_TO_MOTOR_TO_PUMP_LOSS|VFD_DERATING_PROPAGATION_EVIDENCE,False,0.0034503919996495824,0.0013117421013585805,0.002502876164408821,0.0012055629065730216,0.0062798390691747195,0.0,0.1,0.8728444192045264,0.0017138910941911054,0.0011384649946167395,0.0016033911712317185,0.0014944898573745345,0.009469795295050097,0.00043552814149422836
HYBRID,test-run-0024,400,4.0,2.0,PUMP_TRIP,PUMP_TRIP,VFD_TO_MOTOR_TO_PUMP_LOSS|VFD_DERATING_PROPAGATION_EVIDENCE,False,0.0032280800005537458,0.003548299816001063,0.0028056970706516193,0.0019396665681538803,0.00597480085625117,0.0,0.1,0.8640319743579381,0.003991956367619774,0.0010213868897579598,0.003186683211005931,0.003771180764650418,0.00409004768815108,0.005638306409819062
HYBRID,test-run-0024,500,5.0,3.0,PUMP_TRIP,PUMP_TRIP,VFD_TO_MOTOR_TO_PUMP_LOSS|VFD_DERATING_PROPAGATION_EVIDENCE,False,0.0033861660012917127,0.003095330064480173,0.0036702444733985647,0.002016130394212564,0.007872611570165349,0.0,0.1,0.8605644248107909,0.002917096857828253,0.0012619562460714207,0.0031264637040682277,0.005340440986636336,0.005721773493689203,0.004413527398659178
HYBRID,test-run-0025,300,3.0,1.0,PUMP_TRIP,PUMP_TRIP,VFD_TO_MOTOR_TO_PUMP_LOSS|VFD_DERATING_PROPAGATION_EVIDENCE,False,0.003762305997952353,0.001722122734292765,0.0027714743949874996,0.0010375348865741872,0.003852368964541881,0.0,0.1,0.8791101741446686,0.0019506992957421473,0.000821996638951645,0.0012233061498309046,0.0009808350685406762,0.005165401419574511,0.0013640863022952984
HYBRID,test-run-0025,400,4.0,2.0,PUMP_TRIP,PUMP_TRIP,VFD_TO_MOTOR_TO_PUMP_LOSS|VFD_DERATING_PROPAGATION_EVIDENCE,False,0.003295025999250356,0.003694013539920978,0.0029666116510966884,0.0018542763445672432,0.006990538673423889,0.0,0.1,0.86141840910056,0.0035280452950819897,0.0014436449270323738,0.002482723566978049,0.005228495908598434,0.005769354292694785,0.0046238867000455335
HYBRID,test-run-0025,500,5.0,3.0,PUMP_TRIP,PUMP_TRIP,VFD_TO_MOTOR_TO_PUMP_LOSS|VFD_DERATING_PROPAGATION_EVIDENCE,False,0.0033629969984758645,0.002918128953519103,0.003102643611853376,0.0018422776422362228,0.0072128751581608365,0.0,0.1,0.8575625682549722,0.003375950368999292,0.0010983751098043494,0.0032654982051797364,0.009604813418653647,0.005101830933412963,0.004915038343208214
HYBRID,test-run-0026,300,3.0,1.0,PUMP_TRIP,PUMP_TRIP,VFD_TO_MOTOR_TO_PUMP_LOSS|VFD_DERATING_PROPAGATION_EVIDENCE,False,0.0034915770011139102,0.0013067545082923932,0.0019578768518385362,0.001180773487473947,0.0022209324753708387,0.0,0.1,0.8721649690898828,0.001373695295597003,0.0009528750821605111,0.0013050601859470926,0.0018720246805203824,0.014341700449327643,0.0013233378935887654
HYBRID,test-run-0026,400,4.0,2.0,PUMP_TRIP,PUMP_TRIP,VFD_TO_MOTOR_TO_PUMP_LOSS|VFD_DERATING_PROPAGATION_EVIDENCE,False,0.003279089996794937,0.0028549453606057287,0.004116041580180287,0.0020202139318228275,0.00784145113153769,0.0,0.1,0.8569063500909861,0.0026153192923689017,0.0008497461917012921,0.002895671460115655,0.00697421922215964,0.0018677751201295121,0.011058266618392152
HYBRID,test-run-0026,500,5.0,3.0,PUMP_TRIP,PUMP_TRIP,VFD_TO_MOTOR_TO_PUMP_LOSS|VFD_DERATING_PROPAGATION_EVIDENCE,False,0.003394134000700433,0.004113178750510318,0.0035837141489129354,0.0022430538808256377,0.007928414202092712,0.0,0.1,0.8577970180776261,0.003232998620995068,0.0011190971302229374,0.002565900813961486,0.006559992118099538,0.005862777789708296,0.004993854467044852
HYBRID,test-run-0027,300,3.0,1.0,PUMP_TRIP,PUMP_TRIP,VFD_TO_MOTOR_TO_PUMP_LOSS|VFD_DERATING_PROPAGATION_EVIDENCE,False,0.0037311689993657637,0.001323549630384814,0.0018055617288498815,0.0011377978150039754,0.0037353638573234984,0.0,0.1,0.8744665442737116,0.0016106033852259672,0.0008428714413402676,0.0017756178511019803,0.002124856212883743,0.010204104936920729,0.000973128867253259
HYBRID,test-run-0027,400,4.0,2.0,PUMP_TRIP,PUMP_TRIP,VFD_TO_MOTOR_TO_PUMP_LOSS|VFD_DERATING_PROPAGATION_EVIDENCE,False,0.0033076670006266795,0.0030441763621888635,0.002464364128700362,0.0019388170020020181,0.005031414596442149,0.0,0.1,0.8610377259923193,0.004902634777372969,0.0016442165981617677,0.0027372619170205324,0.0020050726370376237,0.009211626509068123,0.005982689479686232
HYBRID,test-run-0027,500,5.0,3.0,PUMP_TRIP,PUMP_TRIP,VFD_TO_MOTOR_TO_PUMP_LOSS|VFD_DERATING_PROPAGATION_EVIDENCE,False,0.0033859420000226237,0.003012560066088472,0.003172852899357084,0.0018888791893674733,0.01772841676785893,0.0,0.1,0.8490192881125136,0.002816020305219191,0.0011874799251142063,0.003075340723835396,0.010263555934571355,0.005330941536569876,0.0025046645395044487
HYBRID,test-run-0028,300,3.0,1.0,PUMP_TRIP,PUMP_TRIP,VFD_TO_MOTOR_TO_PUMP_LOSS|VFD_DERATING_PROPAGATION_EVIDENCE,False,0.003480376999505097,0.0011687298306029472,0.00159091719022639,0.0012736251699555637,0.003746109051969248,0.0,0.1,0.8719092752311227,0.002100536458602327,0.0010145934159122628,0.0019741406315561425,0.0005845876789942312,0.01376628045772294,0.0008712048833352996
HYBRID,test-run-0028,400,4.0,2.0,PUMP_TRIP,PUMP_TRIP,VFD_TO_MOTOR_TO_PUMP_LOSS|VFD_DERATING_PROPAGATION_EVIDENCE,False,0.0032586090019322,0.0033969520814173997,0.0027903631896948225,0.0018819755368549803,0.007476127512907145,0.0,0.1,0.8574400574062195,0.002848536230858716,0.0012351321419475348,0.002656155586139368,0.005905712734907699,0.009905948145456915,0.004463039433595917
HYBRID,test-run-0028,500,5.0,3.0,PUMP_TRIP,PUMP_TRIP,VFD_TO_MOTOR_TO_PUMP_LOSS|VFD_DERATING_PROPAGATION_EVIDENCE,False,0.0033775260017137043,0.003988761415987411,0.0034151480184518392,0.001925462866179698,0.0078410795336054,0.0,0.1,0.8589249245721648,0.0032962613441350048,0.0013383392180920364,0.002732262454770478,0.004600397134144321,0.007890983796211467,0.004046379646257458
HYBRID,test-run-0029,300,3.0,1.0,PUMP_TRIP,PUMP_TRIP,VFD_TO_MOTOR_TO_PUMP_LOSS|VFD_DERATING_PROPAGATION_EVIDENCE,False,0.0037098249995324295,0.001277778054932146,0.0018110716783476249,0.0010568916584966495,0.0032740665405661634,0.0,0.1,0.871113906299626,0.0011859903072913925,0.0012324222939581336,0.0008819824458383806,0.0025815429004906864,0.014539119568643975,0.0010452282518088115
HYBRID,test-run-0029,400,4.0,2.0,PUMP_TRIP,PUMP_TRIP,VFD_TO_MOTOR_TO_PUMP_LOSS|VFD_DERATING_PROPAGATION_EVIDENCE,False,0.0033364990013069473,0.0026158216072409064,0.004227428587690169,0.0019483881548097433,0.015781601647798557,0.0,0.1,0.8530740213151031,0.002441216699682665,0.0014768460427363028,0.0022810184234419,0.006158506886494727,0.006889018874821541,0.0031061317601804245
HYBRID,test-run-0029,500,5.0,3.0,PUMP_TRIP,PUMP_TRIP,VFD_TO_MOTOR_TO_PUMP_LOSS|VFD_DERATING_PROPAGATION_EVIDENCE,False,0.0033947100018849596,0.003820897036869201,0.0033313883889363274,0.002083206692461585,0.005987452361954731,0.0,0.1,0.8591130846414563,0.0029579840968052933,0.0009968489861008794,0.002992154862113863,0.002916352001800246,0.003229873442792903,0.012570757488708636
HYBRID,test-run-0030,300,3.0,1.0,VALVE_RESTRICTION,VALVE_RESTRICTION,VALVE_TO_TOOL_FLOW_RESTRICTION,False,0.003463480999926105,0.00859295953427347,0.011019237793781453,0.006142348698448535,0.0284475284406895,0.0,0.0,0.005411646749580663,0.8660585079404229,0.007891065458413102,0.006337933765367899,0.03054313273392063,0.01269006921369075,0.016865569671410997
HYBRID,test-run-0030,400,4.0,2.0,VALVE_RESTRICTION,VALVE_RESTRICTION,VALVE_TO_TOOL_FLOW_RESTRICTION,False,0.0032174879997910466,0.008669600817637202,0.005061543354791777,0.0032249410552522445,0.004206868506538998,0.0,0.0,0.003895535214235075,0.9094520154406739,0.006390215334507034,0.004876624776896024,0.012053401562049175,0.015693855789723786,0.02647539814769468
HYBRID,test-run-0030,500,5.0,3.0,VALVE_RESTRICTION,VALVE_RESTRICTION,VALVE_TO_TOOL_FLOW_RESTRICTION,False,0.003374260999407852,0.0069971330264220295,0.005131556695704959,0.003244577992096124,0.011564543086694282,0.0,0.0,0.0033785158529247477,0.9233758571349013,0.004283149685007519,0.005285920036421484,0.01686534355787467,0.006058607929674625,0.013814795002277993
HYBRID,test-run-0031,300,3.0,1.0,VALVE_RESTRICTION,VALVE_RESTRICTION,VALVE_TO_TOOL_FLOW_RESTRICTION,False,0.0036849600001005456,0.002691847346391586,0.0020251022923524174,0.001461615576736994,0.004646304708758807,0.0,0.0,0.001358580554256522,0.9725023602228281,0.0009913487195259913,0.001999614107995533,0.004668035396245849,0.004451393208676807,0.0032037978662316094
HYBRID,test-run-0031,400,4.0,2.0,VALVE_RESTRICTION,VALVE_RESTRICTION,VALVE_TO_TOOL_FLOW_RESTRICTION,False,0.0032569129980402067,0.0023695729681783616,0.00240809529492565,0.0011977433294261613,0.0027172639410763346,0.0,0.0,0.0012069465019432391,0.9793346465541827,0.0008125383087753598,0.0017294744702641273,0.001549326439780123,0.0017892103238152915,0.004885181867632501
HYBRID,test-run-0031,500,5.0,3.0,VALVE_RESTRICTION,VALVE_RESTRICTION,VALVE_TO_TOOL_FLOW_RESTRICTION,False,0.003358100999321323,0.0015784028059903428,0.0020250488166307337,0.0012048477431507334,0.004805892023365772,0.0,0.0,0.00133724337455146,0.9769130311615519,0.0015392138515582482,0.0021662299541908964,0.0019818297943751517,0.0034067057657080463,0.0030415547089266072
HYBRID,test-run-0032,300,3.0,1.0,VALVE_RESTRICTION,VALVE_RESTRICTION,VALVE_TO_TOOL_FLOW_RESTRICTION,False,0.0034227100004500244,0.011131469121707843,0.011242716550313177,0.00588441821497113,0.009911954809025686,0.0,0.0,0.006417776706888885,0.8406069209252824,0.009062080555020773,0.009794916494255634,0.014410178881090507,0.040848663643770086,0.04068890409767354
HYBRID,test-run-0032,400,4.0,2.0,VALVE_RESTRICTION,VALVE_RESTRICTION,VALVE_TO_TOOL_FLOW_RESTRICTION,False,0.0032552489974477794,0.010668605342168071,0.012208103205964008,0.006293703813751055,0.014431263452807467,0.0,0.0,0.0064211539780195765,0.8572039096710768,0.007741067051052021,0.013417889655007464,0.01839410480252131,0.025952539634134675,0.027267659393497557
HYBRID,test-run-0032,500,5.0,3.0,VALVE_RESTRICTION,VALVE_RESTRICTION,VALVE_TO_TOOL_FLOW_RESTRICTION,False,0.0034010780000244267,0.009805179843297566,0.011690997305297188,0.006697515483001368,0.028379886344137534,0.0,0.0,0.006829765433582077,0.835355280789096,0.008356974372424459,0.014161930928269123,0.03466979274255928,0.020217246656803436,0.023835430101531687
HYBRID,test-run-0033,300,3.0,1.0,VALVE_RESTRICTION,VALVE_RESTRICTION,VALVE_TO_TOOL_FLOW_RESTRICTION,False,0.0036771840022993274,0.0005116465616910757,0.001233116673089763,0.0003736723716245202,0.0015826381719070816,0.0,0.0,0.0004071920296503067,0.992625292617986,0.000137721741323183,0.0005402598228595218,0.0018326080676027983,0.0004162053842558333,0.00033964655800994503
HYBRID,test-run-0033,400,4.0,2.0,VALVE_RESTRICTION,VALVE_RESTRICTION,VALVE_TO_TOOL_FLOW_RESTRICTION,False,0.0032732340005168226,0.0009347504623027863,0.0009372617682799959,0.0005226175026327257,0.0008663924854957627,0.0,0.0,0.0005781187336125312,0.9909549830594766,0.00023798922038188364,0.0008810593496674573,0.00158601872019528,0.001364589708865872,0.0011362189890892702
HYBRID,test-run-0033,500,5.0,3.0,VALVE_RESTRICTION,VALVE_RESTRICTION,VALVE_TO_TOOL_FLOW_RESTRICTION,False,0.003311507000034908,0.0004974113306503955,0.000605559554670463,0.00043410976080134327,0.0003094782431069058,0.0,0.0,0.0004927078408248092,0.992841777266389,0.00010791915775987467,0.0014434888973702052,0.0014924351313054306,0.0005669662061327178,0.0012081466109888509
HYBRID,test-run-0034,300,3.0,1.0,VALVE_RESTRICTION,VALVE_RESTRICTION,VALVE_TO_TOOL_FLOW_RESTRICTION,False,0.0034426800011715386,0.01296413833733052,0.006286257215394142,0.004934662071646676,0.0200053538116492,0.0,0.0,0.004912004226018704,0.8840172393180896,0.008256103213736776,0.004395466982183936,0.006190293527557787,0.01931360248340215,0.028724878812990483
HYBRID,test-run-0034,400,4.0,2.0,VALVE_RESTRICTION,VALVE_RESTRICTION,VALVE_TO_TOOL_FLOW_RESTRICTION,False,0.0032699699986551423,0.00755329129210687,0.007404183148274929,0.0037734426937518465,0.014987539634938792,0.0,0.0,0.003666696698563046,0.9214467234354842,0.00483885125073173,0.007410528936012263,0.011889437561766303,0.006719193090515626,0.010310112257854394
HYBRID,test-run-0034,500,5.0,3.0,VALVE_RESTRICTION,VALVE_RESTRICTION,VALVE_TO_TOOL_FLOW_RESTRICTION,False,0.00343634399905568,0.007101393271031382,0.006528165525876771,0.0047885931839309415,0.00766465063374573,0.0,0.0,0.004695962583702031,0.9012920680048995,0.0048700941764421675,0.011645353205346475,0.013832896236049365,0.018334768748551764,0.01924605443042406
HYBRID,test-run-0035,300,3.0,1.0,VALVE_RESTRICTION,VALVE_RESTRICTION,VALVE_TO_TOOL_FLOW_RESTRICTION,False,0.003537914999469649,0.0019123962265475002,0.0031049807518644295,0.0011977857199543672,0.006286870859125418,0.0,0.0,0.0010565882013989225,0.9794048004048885,0.0011289749096072155,0.0015198445413700853,0.0008834440529176651,0.0014440111609877557,0.002060303171338141
HYBRID,test-run-0035,400,4.0,2.0,VALVE_RESTRICTION,VALVE_RESTRICTION,VALVE_TO_TOOL_FLOW_RESTRICTION,False,0.0034811450022971258,0.004257755716263303,0.005698697842625922,0.002043702210601216,0.012132899467499516,0.0,0.0,0.0020597181740503174,0.9576007198192626,0.0020927947634050326,0.003205917113215171,0.0033299603563097437,0.0019711790377929775,0.005606655498973965
HYBRID,test-run-0035,500,5.0,3.0,VALVE_RESTRICTION,VALVE_RESTRICTION,VALVE_TO_TOOL_FLOW_RESTRICTION,False,0.0033594449996598996,0.0017914377134912224,0.0029680961391889823,0.001285933296791605,0.003954282293636495,0.0,0.0,0.0016128608180203962,0.973669531524211,0.0016067803930873874,0.0024150474748068787,0.0037033283603452264,0.003599219212195736,0.00339348277422503
HYBRID,test-run-0036,300,3.0,1.0,TOOL_DEMAND_SPIKE,TOOL_DEMAND_SPIKE,TOOL_DEMAND_TO_HYDRAULIC_RESPONSE,False,0.003456823997112224,0.0052323312237145215,0.0035099586353139825,0.0029838421432271203,0.010008696403994374,0.0,0.0,0.0025380323905006327,0.0046732935861474425,0.9336469563711375,0.0030402303350543012,0.0029380132157537315,0.019166756283379313,0.012261889411777242
HYBRID,test-run-0036,400,4.0,2.0,TOOL_DEMAND_SPIKE,TOOL_DEMAND_SPIKE,TOOL_DEMAND_TO_HYDRAULIC_RESPONSE,False,0.0032507370015082415,0.006897660612373113,0.008384908885531664,0.0038871576894507053,0.007102498979579897,0.0,0.0,0.003600208957112216,0.005586790055362317,0.9104816656909875,0.004737569059358688,0.008138948591118708,0.008253411719183666,0.03292917975994162
HYBRID,test-run-0036,500,5.0,3.0,TOOL_DEMAND_SPIKE,TOOL_DEMAND_SPIKE,TOOL_DEMAND_TO_HYDRAULIC_RESPONSE,False,0.003393974002392497,0.00531012207847877,0.004560581952075715,0.002827019938163187,0.005195385597649362,0.0,0.0,0.002940597657871376,0.005443424327976413,0.9366094951001352,0.0057051320835751354,0.009403500960978264,0.007874504116896696,0.014130236186199806
HYBRID,test-run-0037,300,3.0,1.0,TOOL_DEMAND_SPIKE,TOOL_DEMAND_SPIKE,TOOL_DEMAND_TO_HYDRAULIC_RESPONSE,False,0.0035023609998461325,0.001719325259931593,0.0029475104277642103,0.0013781153726747516,0.0029911280336795084,0.0,0.0,0.0013157712396680188,0.0018161771564424586,0.9748395169410539,0.0022020010354821197,0.004270581376010678,0.002530498428170032,0.003989374729122962
HYBRID,test-run-0037,400,4.0,2.0,TOOL_DEMAND_SPIKE,TOOL_DEMAND_SPIKE,TOOL_DEMAND_TO_HYDRAULIC_RESPONSE,False,0.003416662999370601,0.0014600199035278085,0.0012502414897991017,0.0007561839776190861,0.0017395877211316716,0.0,0.0,0.0008078190150131896,0.0010123844286834215,0.9839764138898136,0.0012555726589002626,0.0024761094930438802,0.0014134850963211157,0.003852182326146675
HYBRID,test-run-0037,500,5.0,3.0,TOOL_DEMAND_SPIKE,TOOL_DEMAND_SPIKE,TOOL_DEMAND_TO_HYDRAULIC_RESPONSE,False,0.003418070999032352,0.00120843801399648,0.0022970633743494085,0.000745476949592674,0.002496124451499157,0.0,0.0,0.0006490748056961018,0.0009849442575235365,0.9855007451783837,0.0007289471599371154,0.0006821470587778888,0.0033437612660907725,0.0013632774841531741
HYBRID,test-run-0038,300,3.0,1.0,TOOL_DEMAND_SPIKE,TOOL_DEMAND_SPIKE,TOOL_DEMAND_TO_HYDRAULIC_RESPONSE,False,0.0034434159970260225,0.010856308871815361,0.010727091276106899,0.005506960279319772,0.021714026538704526,0.0,0.0,0.005348364691387824,0.007534709138554093,0.862000767404456,0.008029806425801714,0.021793709721796953,0.014407172776100765,0.032081082875956096
HYBRID,test-run-0038,400,4.0,2.0,TOOL_DEMAND_SPIKE,TOOL_DEMAND_SPIKE,TOOL_DEMAND_TO_HYDRAULIC_RESPONSE,False,0.0032459050016768742,0.007186707922701885,0.009383568740953611,0.004619379653471352,0.022312855259457847,0.0,0.0,0.004148179961251214,0.00716640684600896,0.8949447042546048,0.008697291428123526,0.017178085727184902,0.014501182235409832,0.009861637970832221
HYBRID,test-run-0038,500,5.0,3.0,TOOL_DEMAND_SPIKE,TOOL_DEMAND_SPIKE,TOOL_DEMAND_TO_HYDRAULIC_RESPONSE,False,0.0033938779997697566,0.008944392749349338,0.010293025273362552,0.005021302846802377,0.010517168293434867,0.0,0.0,0.005036656916981191,0.010547400207420048,0.8784816736128401,0.009255449804363105,0.014282465015694296,0.023958931268837632,0.02366153401091448
HYBRID,test-run-0039,300,3.0,1.0,TOOL_DEMAND_SPIKE,TOOL_DEMAND_SPIKE,TOOL_DEMAND_TO_HYDRAULIC_RESPONSE,False,0.0035107460025756154,0.0032322489715922915,0.0018385362410505437,0.0023031537956330218,0.0040556615021601905,0.0,0.0,0.001968996834160786,0.004764497882500456,0.9564460431570075,0.0027254711175439894,0.0012131857172476687,0.009780613843618662,0.011671590937484858
HYBRID,test-run-0039,400,4.0,2.0,TOOL_DEMAND_SPIKE,TOOL_DEMAND_SPIKE,TOOL_DEMAND_TO_HYDRAULIC_RESPONSE,False,0.003525177999108564,0.005139533240357151,0.006626419342682143,0.003574221848368288,0.008385739463294371,0.0,0.0,0.003096013029899624,0.004118609334393623,0.9153711294656676,0.004767971863307885,0.02409866504986996,0.010039706816034196,0.01478199054612516
HYBRID,test-run-0039,500,5.0,3.0,TOOL_DEMAND_SPIKE,TOOL_DEMAND_SPIKE,TOOL_DEMAND_TO_HYDRAULIC_RESPONSE,False,0.0034242779984197114,0.006437379604170898,0.005092791758072806,0.0030528431138139235,0.009821692229758658,0.0,0.0,0.0027766822158670755,0.005402462856548209,0.9337798209962987,0.004380864810949403,0.010208098492049948,0.008582687677500471,0.010464676244969747
HYBRID,test-run-0040,300,3.0,1.0,TOOL_DEMAND_SPIKE,TOOL_DEMAND_SPIKE,TOOL_DEMAND_TO_HYDRAULIC_RESPONSE,False,0.0034180069997091778,0.01798592534148534,0.01692208731986639,0.010472786320305958,0.03369325650547305,0.0,0.0,0.010153598016260323,0.014079203613998057,0.6538966741640386,0.012085413294961937,0.033686001525268516,0.07566974170463459,0.12135531219370715
HYBRID,test-run-0040,400,4.0,2.0,TOOL_DEMAND_SPIKE,UNKNOWN,TOOL_DEMAND_TO_HYDRAULIC_RESPONSE|ABSTAIN_LOW_CONFIDENCE,False,0.0032403689983766526,0.006646158455382839,0.004709305415092551,0.0032378927967396786,0.009992291030710254,0.0,0.0,0.0027242962538546844,0.0034352905055229114,0.14024101720597762,0.00352941749947925,0.014066770480824354,0.011417560356415798,0.8
HYBRID,test-run-0040,500,5.0,3.0,TOOL_DEMAND_SPIKE,TOOL_DEMAND_SPIKE,TOOL_DEMAND_TO_HYDRAULIC_RESPONSE,False,0.003346772999066161,0.01698058105206065,0.02209369214249717,0.011146281439770797,0.05017094270034937,0.0,0.0,0.010913614071454011,0.016848608886646108,0.6209195950372266,0.014527593668997687,0.079452811562753,0.028777753033281592,0.12816852640496312
HYBRID,test-run-0041,300,3.0,1.0,TOOL_DEMAND_SPIKE,TOOL_DEMAND_SPIKE,TOOL_DEMAND_TO_HYDRAULIC_RESPONSE,False,0.003473208998912014,0.0027180464728487645,0.0022859547826580124,0.0017860469001321616,0.008767370285521839,0.0,0.0,0.001495674637447297,0.0030164108775691755,0.9672049656174317,0.002561096367824462,0.0018759301725070885,0.005008405683741507,0.003280098202318092
HYBRID,test-run-0041,400,4.0,2.0,TOOL_DEMAND_SPIKE,TOOL_DEMAND_SPIKE,TOOL_DEMAND_TO_HYDRAULIC_RESPONSE,False,0.003510841997922398,0.002059486995655126,0.0021861692737979183,0.0016115705216052229,0.0038178976559781834,0.0,0.0,0.0013586996839984955,0.0023333654364122965,0.9707753179288477,0.0025963645405843476,0.0010555175849270675,0.0072070377582781385,0.004998572619915295
HYBRID,test-run-0041,500,5.0,3.0,TOOL_DEMAND_SPIKE,TOOL_DEMAND_SPIKE,TOOL_DEMAND_TO_HYDRAULIC_RESPONSE,False,0.003481688996544108,0.0028822469985163115,0.003413849538902189,0.0018530938117747252,0.004400764547583885,0.0,0.0,0.0017483324538606767,0.0030022574476001275,0.9620554085955731,0.003593542910079137,0.0074318700623465135,0.0043998612575590615,0.005218772376204319
HYBRID,test-run-0042,300,3.0,1.0,THERMAL_EXCURSION,THERMAL_EXCURSION,,False,0.00348831299925223,0.010753920294485766,0.012863449211253139,0.008328119522468846,0.02249466300134252,0.0,0.0,0.007340041469281599,0.0124970079099593,0.014405554903539392,0.8014751037126281,0.005091568451229615,0.04723945270112594,0.05751111882268567
HYBRID,test-run-0042,400,4.0,2.0,THERMAL_EXCURSION,THERMAL_EXCURSION,UPW_THERMAL_DEVIATION_OBSERVED,False,0.003294801997981267,0.0009047814076817011,0.0010141809230564665,0.0006479583648287055,0.0007320176759505533,0.0,0.0,0.00067163765091323,0.0012360129229344857,0.0007571383846563142,0.9893403823812724,0.001937370696030573,0.000941637896174307,0.0018168816965012612
HYBRID,test-run-0042,500,5.0,3.0,THERMAL_EXCURSION,THERMAL_EXCURSION,UPW_THERMAL_DEVIATION_OBSERVED,False,0.003397974000108661,0.0006869898607843266,0.0007198571788228132,0.0004180497481055679,0.0006450346705567052,0.0,0.0,0.00042735726750209394,0.0007558001419928989,0.0004580130891274608,0.9936703798437257,0.0007038079197168887,0.0007135432371618381,0.0008011670425035526
HYBRID,test-run-0043,300,3.0,1.0,THERMAL_EXCURSION,THERMAL_EXCURSION,UPW_THERMAL_DEVIATION_OBSERVED,False,0.0034392559973639436,0.0028849845454716984,0.003319072501466499,0.0021057784070250395,0.00346941876720282,0.0,0.0,0.0020037082914697094,0.0031828392079098415,0.0025307247090953747,0.9601182891618973,0.009172838630189155,0.0030921831845179292,0.00812016259375456
HYBRID,test-run-0043,400,4.0,2.0,THERMAL_EXCURSION,THERMAL_EXCURSION,UPW_THERMAL_DEVIATION_OBSERVED,False,0.0033490759997221176,0.00048825304402427805,0.0004462914485034425,0.00034914702497840564,0.0004339891777230692,0.0,0.0,0.0003171033870239657,0.00041685180959907136,0.00038938867975848014,0.9951887192485355,0.0007119136956339716,0.0005951469693954549,0.0006631955148241853
HYBRID,test-run-0043,500,5.0,3.0,THERMAL_EXCURSION,THERMAL_EXCURSION,UPW_THERMAL_DEVIATION_OBSERVED,False,0.003394325998669956,0.00032850623361401485,0.00045694334801587384,0.00020450637300428905,0.0002656520158978476,0.0,0.0,0.00019121849071142099,0.000245334533155224,0.0002207242208882398,0.997149697600972,0.00026794466005336407,0.00012992136837055722,0.000539551155317094
HYBRID,test-run-0044,300,3.0,1.0,THERMAL_EXCURSION,THERMAL_EXCURSION,UPW_THERMAL_DEVIATION_OBSERVED,False,0.003451287997449981,0.005660070832914031,0.009393258679775706,0.003926010408455025,0.005899770328066261,0.0,0.0,0.0039035520718592983,0.0058597724567868905,0.004705711876775043,0.9085542910584449,0.013488189539440181,0.009689836389269301,0.028919536358213083
HYBRID,test-run-0044,400,4.0,2.0,THERMAL_EXCURSION,THERMAL_EXCURSION,UPW_THERMAL_DEVIATION_OBSERVED,False,0.003663903000415303,0.001727387874421128,0.0016951790768525157,0.0009137072887042328,0.002097745518430594,0.0,0.0,0.000995090484218557,0.0012146397105038285,0.0019726667024997343,0.9824526842068322,0.0018433870050644536,0.0016537034111490402,0.0034338087213238743
HYBRID,test-run-0044,500,5.0,3.0,THERMAL_EXCURSION,THERMAL_EXCURSION,UPW_THERMAL_DEVIATION_OBSERVED,False,0.0036079019992030226,0.0009058021088063229,0.0006934142535139703,0.0006152694464044148,0.0008438834845635514,0.0,0.0,0.0004945293331865866,0.0007409290454028525,0.0007980052556761536,0.9911187766288767,0.0003054584831591998,0.0017162093314929286,0.0017677226289171167
HYBRID,test-run-0045,300,3.0,1.0,THERMAL_EXCURSION,UNKNOWN,ABSTAIN_LOW_CONFIDENCE|ABSTAIN_LOW_MARGIN,False,0.0034486320000723936,0.008620502681104475,0.01041305844852276,0.006365060227182738,0.04817871343382241,0.0,0.0,0.005457007360199139,0.00583516575987927,0.0065747923357879195,0.03957951775387034,0.05665553746082045,0.01232064453881045,0.8
HYBRID,test-run-0045,400,4.0,2.0,THERMAL_EXCURSION,UNKNOWN,ABSTAIN_LOW_CONFIDENCE,False,0.003308178998850053,0.007534340107457218,0.0066578836667652835,0.003833111279295794,0.013541126418727832,0.0,0.0,0.0036963659715888234,0.007893640290617022,0.004814302831693989,0.1277241667119517,0.016358512270413805,0.007946550451488482,0.8
HYBRID,test-run-0045,500,5.0,3.0,THERMAL_EXCURSION,THERMAL_EXCURSION,UPW_THERMAL_DEVIATION_OBSERVED,False,0.0033576530004211236,0.02159931918303902,0.02577826445748266,0.010937330749339407,0.04362887006273928,0.0,0.0,0.011342216838964891,0.022000842781049464,0.012028528333091634,0.6287358516536629,0.02629098892494927,0.009079711235363257,0.18857807578031816
HYBRID,test-run-0046,300,3.0,1.0,THERMAL_EXCURSION,UNKNOWN,ABSTAIN_LOW_CONFIDENCE,False,0.0034842810018744785,0.007868306997228219,0.015650302342022228,0.005903159170329406,0.026625596480415004,0.0,0.0,0.005920707425928486,0.01090942165757305,0.0074192451114282075,0.07609264693130405,0.02264911053997008,0.02096150334380124,0.8
HYBRID,test-run-0046,400,4.0,2.0,THERMAL_EXCURSION,UNKNOWN,ABSTAIN_LOW_CONFIDENCE,False,0.0035567630002333317,0.004573681261732921,0.007376353716283542,0.0039208272888470105,0.01247563329697313,0.0,0.0,0.0036979546842153413,0.004455985311905799,0.004203347083695687,0.13197158454432548,0.013015602125459784,0.014309030686561265,0.8
HYBRID,test-run-0046,500,5.0,3.0,THERMAL_EXCURSION,THERMAL_EXCURSION,UPW_THERMAL_DEVIATION_OBSERVED,False,0.003823620001639938,0.013989550989043073,0.017838404434391338,0.011799265701025298,0.07150756454258363,0.0,0.0,0.009668207403475302,0.01698135188665673,0.014633458899555456,0.7414778399411966,0.01735842063297527,0.03881563099912956,0.04593030456996764
HYBRID,test-run-0047,300,3.0,1.0,THERMAL_EXCURSION,UNKNOWN,ABSTAIN_LOW_CONFIDENCE,False,0.0035718359977181535,0.009340306993911961,0.00811996379475963,0.004941088657753339,0.008508545442140969,0.0,0.0,0.004647950905846331,0.008046789215295388,0.005606232418751537,0.11806625099565633,0.011088224746979415,0.021634646828905056,0.8
HYBRID,test-run-0047,400,4.0,2.0,THERMAL_EXCURSION,THERMAL_EXCURSION,UPW_THERMAL_DEVIATION_OBSERVED,False,0.0033275710011366755,0.012075775201538559,0.012709205749089375,0.006517231053195935,0.020085485367963812,0.0,0.0,0.007500769763821212,0.015231158242881945,0.009437540584961357,0.8153594143126021,0.03354809268293285,0.007661670954280039,0.05987365608673309
HYBRID,test-run-0047,500,5.0,3.0,THERMAL_EXCURSION,THERMAL_EXCURSION,UPW_THERMAL_DEVIATION_OBSERVED,False,0.003439542997512035,0.0032523466712211205,0.0044492589774506805,0.0021027145305334066,0.005875000746575608,0.0,0.0,0.0022752936631439424,0.004305557628784486,0.002865729612556202,0.9550621998207744,0.008089130788240093,0.006035465757389146,0.005687301803330865
HYBRID,test-run-0048,300,3.0,1.0,PRESSURE_SENSOR_FAULT,UNKNOWN,ABSTAIN_LOW_CONFIDENCE|ABSTAIN_LOW_MARGIN,False,0.003492728999844985,0.012527827262187215,0.017323919359015588,0.005984551903633035,0.04901318734110532,0.0,0.0,0.007418677280305147,0.009857114356126195,0.014960422811676026,0.00795874721172307,0.04804817820799805,0.0269073742662303,0.8
HYBRID,test-run-0048,400,4.0,2.0,PRESSURE_SENSOR_FAULT,UNKNOWN,ABSTAIN_LOW_CONFIDENCE,False,0.0035121539985993877,0.00798958350352814,0.006828671525505968,0.0033859233716722506,0.04375194609040469,0.0,0.0,0.004474670046030965,0.007740495895015719,0.009497157939163036,0.005092738424225365,0.09914146453042524,0.012097348674028573,0.8
HYBRID,test-run-0048,500,5.0,3.0,PRESSURE_SENSOR_FAULT,UNKNOWN,ABSTAIN_LOW_CONFIDENCE,False,0.0034036059987556655,0.005849223477603265,0.00432434361009898,0.002953015973172395,0.01595953836593462,0.0,0.0,0.003543639436266792,0.008765184226806961,0.004037041131094882,0.007601095876468078,0.14365880620475918,0.0033081116977948066,0.8
HYBRID,test-run-0049,300,3.0,1.0,PRESSURE_SENSOR_FAULT,PRESSURE_SENSOR_FAULT,PRESSURE_REDUNDANCY_RESIDUAL,False,0.0034397350027575158,0.011118984201882474,0.012647179815755407,0.006769193117417364,0.0380910068357282,0.0,0.0,0.005602618594729421,0.011911742766686058,0.004518508700118405,0.016086426283120965,0.8209647526478628,0.03140510374550266,0.04088448329119632
HYBRID,test-run-0049,400,4.0,2.0,PRESSURE_SENSOR_FAULT,UNKNOWN,PRESSURE_REDUNDANCY_RESIDUAL|ABSTAIN_LOW_CONFIDENCE|ABSTAIN_RULE_MODEL_CONFLICT,False,0.0032703850010875612,0.009128013256376319,0.0091657658539754,0.004994184154646657,0.013769096821933802,0.0,0.0,0.0035543125692001592,0.009915380310480823,0.0033800990891570543,0.005574107507796244,0.11122946939016691,0.029289571046266574,0.8
HYBRID,test-run-0049,500,5.0,3.0,PRESSURE_SENSOR_FAULT,PRESSURE_SENSOR_FAULT,PRESSURE_REDUNDANCY_RESIDUAL,False,0.0038492219973704778,0.014341324768508914,0.011470001718374142,0.006953256645586373,0.01263016524115875,0.0,0.0,0.006142970169166294,0.011818142280960021,0.006162143575173964,0.011074098404426577,0.7709024021018879,0.053359422843436505,0.09514607225132056
HYBRID,test-run-0050,300,3.0,1.0,PRESSURE_SENSOR_FAULT,PRESSURE_SENSOR_FAULT,PRESSURE_REDUNDANCY_RESIDUAL,False,0.0036008930001116823,0.024496837208686457,0.023369912985717046,0.01152783630069728,0.05188493877425972,0.0,0.0,0.013962198035953227,0.01791643130906235,0.02711204963214101,0.018326965113919114,0.6834077360187437,0.02547967879311466,0.10251541582770549
HYBRID,test-run-0050,400,4.0,2.0,PRESSURE_SENSOR_FAULT,PRESSURE_SENSOR_FAULT,PRESSURE_REDUNDANCY_RESIDUAL,False,0.003578748001018539,0.01537599890569768,0.008306953297641832,0.008212348634728368,0.03049615726184553,0.0,0.0,0.01089285043462805,0.013004459925271501,0.019596646323919928,0.012638560653636896,0.7603764587674783,0.03910741348192769,0.08199215231322418
HYBRID,test-run-0050,500,5.0,3.0,PRESSURE_SENSOR_FAULT,UNKNOWN,PRESSURE_REDUNDANCY_RESIDUAL|ABSTAIN_LOW_CONFIDENCE|ABSTAIN_LOW_MARGIN,False,0.003484120999928564,0.00997717901270856,0.010537202755206839,0.004262388162353378,0.020864005803102652,0.0,0.0,0.005984962746947891,0.010461647424528545,0.026163129787064653,0.007949296342306063,0.05927677893331456,0.0445234090324668,0.8
HYBRID,test-run-0051,300,3.0,1.0,PRESSURE_SENSOR_FAULT,UNKNOWN,PRESSURE_REDUNDANCY_RESIDUAL|ABSTAIN_RULE_MODEL_CONFLICT,False,0.003482937001535902,0.00436635196802277,0.004527231093227066,0.0018629936760117117,0.005406768655128895,0.0,0.0,0.0014303475130186935,0.003703400791340122,0.0007597435326195565,0.003792599549879405,0.16879346967884096,0.00535709354191078,0.8
HYBRID,test-run-0051,400,4.0,2.0,PRESSURE_SENSOR_FAULT,PRESSURE_SENSOR_FAULT,PRESSURE_REDUNDANCY_RESIDUAL,False,0.003222927000024356,0.018230416350269195,0.019830156488068195,0.008764659543945666,0.027289403600293125,0.0,0.0,0.006375125048440611,0.01408286441027178,0.004568580849695611,0.014506708145410501,0.7522533117208818,0.07134348791590897,0.06275528592681451
HYBRID,test-run-0051,500,5.0,3.0,PRESSURE_SENSOR_FAULT,PRESSURE_SENSOR_FAULT,PRESSURE_REDUNDANCY_RESIDUAL,False,0.003426679002586752,0.02384403528694683,0.014556224712035914,0.01351220103073764,0.09690605218875362,0.0,0.0,0.008658799193886612,0.024424987903772056,0.007278650784880936,0.01650120232944185,0.6256635193180201,0.0849301015369543,0.0837242257145701
HYBRID,test-run-0052,300,3.0,1.0,PRESSURE_SENSOR_FAULT,PRESSURE_SENSOR_FAULT,PRESSURE_REDUNDANCY_RESIDUAL,False,0.003517977998853894,0.01933604864576557,0.022961419540907354,0.010852438229515973,0.07672189563385245,0.0,0.0,0.014043215776237355,0.020152778083660436,0.03310359653514852,0.027040398734455674,0.7247922850601971,0.023043742903537723,0.027952180856721822
HYBRID,test-run-0052,400,4.0,2.0,PRESSURE_SENSOR_FAULT,PRESSURE_SENSOR_FAULT,PRESSURE_REDUNDANCY_RESIDUAL,False,0.0035732760006794706,0.023155647409668283,0.023248801558659306,0.012519620975867594,0.045765838436794826,0.0,0.0,0.01579240049383596,0.018092038824284572,0.035783228591212426,0.018417316466951713,0.6582929798100309,0.07390320403601452,0.07502892339667985
HYBRID,test-run-0052,500,5.0,3.0,PRESSURE_SENSOR_FAULT,UNKNOWN,PRESSURE_REDUNDANCY_RESIDUAL|ABSTAIN_LOW_CONFIDENCE,False,0.0037870749983994756,0.0067646094921367615,0.0060077089243748,0.004170992997341117,0.027412407294120276,0.0,0.0,0.005005421370199195,0.0052247186091773454,0.01301071055299712,0.005496759637269051,0.11074630066295185,0.01616037045943243,0.8
HYBRID,test-run-0053,300,3.0,1.0,PRESSURE_SENSOR_FAULT,PRESSURE_SENSOR_FAULT,PRESSURE_REDUNDANCY_RESIDUAL,False,0.0034846970011130907,0.011399993650541803,0.009001676969674277,0.005234230136004591,0.01812144877409397,0.0,0.0,0.004517877881130174,0.008940029568486295,0.002885782095255307,0.011634476981741474,0.8316679785226565,0.012469412257746983,0.08412709316266857
HYBRID,test-run-0053,400,4.0,2.0,PRESSURE_SENSOR_FAULT,PRESSURE_SENSOR_FAULT,PRESSURE_REDUNDANCY_RESIDUAL,False,0.0032602729988866486,0.021060190068019416,0.020879699195419165,0.01030606005396185,0.029341461813540297,0.0,0.0,0.008223481634684284,0.020362020546840796,0.005281520944493984,0.02531708740640995,0.676477209190558,0.10612094205442507,0.07663032709164717
HYBRID,test-run-0053,500,5.0,3.0,PRESSURE_SENSOR_FAULT,UNKNOWN,PRESSURE_REDUNDANCY_RESIDUAL|ABSTAIN_RULE_MODEL_CONFLICT,False,0.0033921180001925677,0.0045529808640195745,0.004780073475075163,0.002269496115993162,0.012480400656482385,0.0,0.0,0.0016398473255079666,0.004217108353071005,0.0007706932964084993,0.0033250725059599004,0.1608791171708442,0.0050852102366381125,0.8
HYBRID,test-run-0054,300,3.0,1.0,FLOW_SENSOR_FAULT,UNKNOWN,FLOW_REDUNDANCY_RESIDUAL|ABSTAIN_LOW_CONFIDENCE|ABSTAIN_RULE_MODEL_CONFLICT,False,0.0035236420008004643,0.005689051490151535,0.004789137441736498,0.003900676544334297,0.014202036669553964,0.0,0.0,0.003690498985051669,0.0049884382584473655,0.00326337286964848,0.005099422319271639,0.04784984094391609,0.10652752447788841,0.8
HYBRID,test-run-0054,400,4.0,2.0,FLOW_SENSOR_FAULT,FLOW_SENSOR_FAULT,FLOW_REDUNDANCY_RESIDUAL,False,0.003472056003374746,0.012293594300904579,0.012952840683845819,0.009383480555891067,0.07409251713196469,0.0,0.0,0.009141768239308273,0.0150066595454695,0.012320231791526736,0.016565356784471755,0.026716650759563483,0.7767977038095425,0.034729196397511514
HYBRID,test-run-0054,500,5.0,3.0,FLOW_SENSOR_FAULT,FLOW_SENSOR_FAULT,FLOW_REDUNDANCY_RESIDUAL,False,0.0034214949992019683,0.029969907193524728,0.02068946542749609,0.012904471859950714,0.04086426829232767,0.0,0.0,0.013696163787928881,0.025296612978962796,0.010774559913841552,0.022714268000007108,0.04253378886580925,0.6871626760280612,0.09339381765209
HYBRID,test-run-0055,300,3.0,1.0,FLOW_SENSOR_FAULT,FLOW_SENSOR_FAULT,FLOW_REDUNDANCY_RESIDUAL,False,0.0034953850008605514,0.027215698356278895,0.02316737847596482,0.01237449496202468,0.11582289648478071,0.0,0.0,0.009790779951385262,0.01829357760305272,0.02291043641420097,0.02155804941517397,0.08527321070801375,0.6160051098236946,0.04758836780542955
HYBRID,test-run-0055,400,4.0,2.0,FLOW_SENSOR_FAULT,FLOW_SENSOR_FAULT,FLOW_REDUNDANCY_RESIDUAL,False,0.003275282000686275,0.019616042376237038,0.017521038640392995,0.010204837303136106,0.06284977860718258,0.0,0.0,0.008296377241574261,0.013214949202536692,0.021716561921715265,0.015932498658638126,0.07205668278573929,0.6902883538104962,0.06830287945235136
HYBRID,test-run-0055,500,5.0,3.0,FLOW_SENSOR_FAULT,UNKNOWN,FLOW_REDUNDANCY_RESIDUAL|ABSTAIN_RULE_MODEL_CONFLICT,False,0.003367700999660883,0.0029895919616881187,0.0029177151732636226,0.001819992939072985,0.03267831420730018,0.0,0.0,0.001240711825646904,0.0018297624475270581,0.0043968161214100005,0.0015789961657807676,0.0019560501041603765,0.14859204905414994,0.8
HYBRID,test-run-0056,300,3.0,1.0,FLOW_SENSOR_FAULT,FLOW_SENSOR_FAULT,FLOW_REDUNDANCY_RESIDUAL,False,0.0035055299995292444,0.014914715318361355,0.014161549469426528,0.00947306762491108,0.06437679077753686,0.0,0.0,0.009787208962627926,0.017699890083667458,0.010008266512983458,0.0195138804753312,0.01755680548803944,0.7846895420820349,0.03781828320507994
HYBRID,test-run-0056,400,4.0,2.0,FLOW_SENSOR_FAULT,FLOW_SENSOR_FAULT,FLOW_REDUNDANCY_RESIDUAL,False,0.0036015330006193835,0.011072416405364148,0.007827035493859866,0.00497449449654479,0.019079946633953113,0.0,0.0,0.007331301283976517,0.010187188294337032,0.008312442303155391,0.00912410808742614,0.022140421951399102,0.849300438138748,0.05065020691123589
HYBRID,test-run-0056,500,5.0,3.0,FLOW_SENSOR_FAULT,UNKNOWN,FLOW_REDUNDANCY_RESIDUAL|ABSTAIN_RULE_MODEL_CONFLICT,False,0.003510649999952875,0.0032939434840422756,0.007448500177588798,0.0025555231061953777,0.038071958388402945,0.0,0.0,0.002934977113918297,0.004785332455654601,0.0022340926759548746,0.004648471296679208,0.008720491193248733,0.12530671010831484,0.8
HYBRID,test-run-0057,300,3.0,1.0,FLOW_SENSOR_FAULT,UNKNOWN,FLOW_REDUNDANCY_RESIDUAL|ABSTAIN_LOW_CONFIDENCE|ABSTAIN_RULE_MODEL_CONFLICT,False,0.0034975620001205243,0.005350724864452072,0.00521874667329956,0.0031570463407010786,0.04219564597200577,0.0,0.0,0.00233977986011083,0.0041437379824564215,0.004202773465518166,0.004380172234748676,0.026792417364349688,0.10221895524235769,0.8
HYBRID,test-run-0057,400,4.0,2.0,FLOW_SENSOR_FAULT,FLOW_SENSOR_FAULT,FLOW_REDUNDANCY_RESIDUAL,False,0.0032352160014852416,0.01754080295794491,0.014565827729986552,0.008341041884207883,0.03544115129048084,0.0,0.0,0.0067101061000207195,0.010771057291963489,0.016439727058374758,0.013544469863042115,0.048008165181581124,0.7753233944043686,0.05331425623802898
HYBRID,test-run-0057,500,5.0,3.0,FLOW_SENSOR_FAULT,FLOW_SENSOR_FAULT,FLOW_REDUNDANCY_RESIDUAL,False,0.0034042139996017795,0.016060455298804874,0.015037105901579249,0.007198579736446618,0.02280418622721185,0.0,0.0,0.005892139554900212,0.010680264073179097,0.012374088947031125,0.009909827928768765,0.04633936907543092,0.8033353185532113,0.05036866470343603
HYBRID,test-run-0058,300,3.0,1.0,FLOW_SENSOR_FAULT,FLOW_SENSOR_FAULT,FLOW_REDUNDANCY_RESIDUAL,False,0.0034612080016813707,0.01809209778789253,0.016497736742624707,0.01151189261436038,0.07377380027472408,0.0,0.0,0.012060025292920561,0.018055346076589443,0.009871020747580084,0.02083393690817672,0.061952917072865536,0.70111753881098,0.056233687671285955
HYBRID,test-run-0058,400,4.0,2.0,FLOW_SENSOR_FAULT,UNKNOWN,FLOW_REDUNDANCY_RESIDUAL|ABSTAIN_RULE_MODEL_CONFLICT,False,0.0035711320015252568,0.0079798713487669,0.01003687376966253,0.0030834633792186546,0.006590737873274795,0.0,0.0,0.003489725311488967,0.00516306616990797,0.003057900259346195,0.004859876165877165,0.007167578631768506,0.14857090709068826,0.8
HYBRID,test-run-0058,500,5.0,3.0,FLOW_SENSOR_FAULT,FLOW_SENSOR_FAULT,FLOW_REDUNDANCY_RESIDUAL,False,0.003366900997207267,0.01648703210108984,0.029159699076720415,0.010631684200780492,0.05409512429902192,0.0,0.0,0.011987352035259224,0.01714891470544737,0.01075494638538486,0.021157985265465085,0.056642487476916005,0.7332658469781609,0.038668927475754025
HYBRID,test-run-0059,300,3.0,1.0,FLOW_SENSOR_FAULT,FLOW_SENSOR_FAULT,FLOW_REDUNDANCY_RESIDUAL,False,0.0034648240034584887,0.02351284979480764,0.040438881384524145,0.013051540266117568,0.055809911300345,0.0,0.0,0.010944175149819317,0.015876038740442962,0.020769275729979844,0.01583779071970988,0.03152358766103755,0.6576817086060137,0.11455424064720256
HYBRID,test-run-0059,400,4.0,2.0,FLOW_SENSOR_FAULT,UNKNOWN,FLOW_REDUNDANCY_RESIDUAL|ABSTAIN_RULE_MODEL_CONFLICT,False,0.0033415560028515756,0.005129788334870838,0.003943733659240707,0.0024552179342365037,0.00604287205003914,0.0,0.0,0.0023508613865106847,0.005745375263256534,0.0034334081027470715,0.005298834795397584,0.00654653516463739,0.1590533733090635,0.8
HYBRID,test-run-0059,500,5.0,3.0,FLOW_SENSOR_FAULT,FLOW_SENSOR_FAULT,FLOW_REDUNDANCY_RESIDUAL,False,0.0034619760008354206,0.02063849790480067,0.019259893837190487,0.011192373730095762,0.053188470218708615,0.0,0.0,0.009297282545152845,0.017064896360888933,0.01788607484750288,0.01953725284495914,0.07319057161053893,0.7027059029640358,0.056038783136125925
HYBRID,test-run-0060,300,3.0,1.0,UNKNOWN,UNKNOWN,ABSTAIN_LOW_CONFIDENCE|ABSTAIN_LOW_MARGIN,False,0.0034854330006055534,0.015657749364791463,0.01413046099698379,0.005829473862470895,0.04021019141020632,0.0,0.0,0.0067210526701239805,0.01912182873782474,0.009477965987470364,0.011435645823250283,0.06086832701636552,0.016547304130512627,0.8
HYBRID,test-run-0060,400,4.0,2.0,UNKNOWN,UNKNOWN,ABSTAIN_LOW_CONFIDENCE|ABSTAIN_LOW_MARGIN,False,0.0035963480004284065,0.017368168072326495,0.010090970438499314,0.007834307893197471,0.045526240961417996,0.0,0.0,0.007434605151640134,0.019489242521742924,0.00761881914879847,0.012702556132305833,0.05547172179447154,0.01646336788559978,0.8
HYBRID,test-run-0060,500,5.0,3.0,UNKNOWN,UNKNOWN,ABSTAIN_LOW_CONFIDENCE|ABSTAIN_LOW_MARGIN,False,0.003469049002887914,0.011582695400047775,0.011046863014426431,0.007432032790158821,0.04452347805452068,0.0,0.0,0.006548127559065124,0.009796915317814476,0.01171395545974978,0.013522632494695156,0.009456042540500538,0.07437725736902118,0.8
HYBRID,test-run-0061,300,3.0,1.0,UNKNOWN,UNKNOWN,ABSTAIN_LOW_CONFIDENCE|ABSTAIN_LOW_MARGIN,False,0.0034844410001824144,0.015605737028068216,0.014710741707762563,0.007406820485318887,0.028700507851512375,0.0,0.0,0.006467020218551922,0.009991027748891946,0.009708262216216196,0.007227582480391262,0.039946512428842576,0.06023578783444401,0.8
HYBRID,test-run-0061,400,4.0,2.0,UNKNOWN,UNKNOWN,ABSTAIN_LOW_CONFIDENCE|ABSTAIN_LOW_MARGIN,False,0.003209198999684304,0.01333741531505959,0.015281274202227638,0.00692579978739108,0.024121510733904405,0.0,0.0,0.0075917036483134975,0.016530789514806035,0.009567320183728086,0.015130436918287618,0.03649859786311384,0.05501515183316817,0.8
HYBRID,test-run-0061,500,5.0,3.0,UNKNOWN,UNKNOWN,ABSTAIN_LOW_CONFIDENCE|ABSTAIN_LOW_MARGIN,False,0.003426198996749008,0.012130111684615825,0.013968701040994767,0.007941507771480616,0.020219782997844476,0.0,0.0,0.007002896030292008,0.008369450112190768,0.009142256791914936,0.012572681245659436,0.051807683172532426,0.055694451437490175,0.8011504777149846
HYBRID,test-run-0062,300,3.0,1.0,UNKNOWN,UNKNOWN,ABSTAIN_LOW_CONFIDENCE|ABSTAIN_LOW_MARGIN,False,0.0035593239990703296,0.013177992376791223,0.010967697443539379,0.008179150057085045,0.025574094737597697,0.0,0.0,0.007126804942832942,0.01813709068487259,0.010190975664546024,0.01512208925327746,0.010436092286473382,0.08108801255298421,0.8
HYBRID,test-run-0062,400,4.0,2.0,UNKNOWN,UNKNOWN,ABSTAIN_LOW_CONFIDENCE|ABSTAIN_LOW_MARGIN,False,0.003552636000677012,0.01545907745233495,0.02658510871490952,0.008682709122350625,0.046381945976238015,0.0,0.0,0.008291147667657268,0.013485773384283986,0.009976643129691886,0.013750291316024434,0.022514819509082733,0.023055368694872857,0.8118171150325537
HYBRID,test-run-0062,500,5.0,3.0,UNKNOWN,UNKNOWN,ABSTAIN_LOW_CONFIDENCE|ABSTAIN_LOW_MARGIN,False,0.0035061380003753584,0.011340740693098079,0.020252182674138433,0.006922856027513607,0.06066612735975259,0.0,0.0,0.00666308689684219,0.012605663825241257,0.009227437181414975,0.011946557450172642,0.030838690269022747,0.029536657622803462,0.8
HYBRID,test-run-0063,300,3.0,1.0,UNKNOWN,UNKNOWN,ABSTAIN_LOW_CONFIDENCE|ABSTAIN_LOW_MARGIN,False,0.0034571450014482252,0.019302351951835772,0.013150318675379743,0.007144833066100132,0.03463960725066394,0.0,0.0,0.007212491931326809,0.012673198673273562,0.010471226984988048,0.008198498229028696,0.022709365303003548,0.06449810793439971,0.8
HYBRID,test-run-0063,400,4.0,2.0,UNKNOWN,UNKNOWN,ABSTAIN_LOW_CONFIDENCE|ABSTAIN_LOW_MARGIN,False,0.0032553450000705197,0.014441101637331187,0.015935218241074783,0.005856191325007765,0.062887605914569,0.0,0.0,0.006044362544167124,0.010320969260010804,0.01062045279222811,0.008771462456178849,0.02165765530647763,0.043464980522954715,0.8
HYBRID,test-run-0063,500,5.0,3.0,UNKNOWN,UNKNOWN,ABSTAIN_LOW_CONFIDENCE|ABSTAIN_LOW_MARGIN,False,0.0033660369990684558,0.015504862867377935,0.012801761209248825,0.007258140249883736,0.039359992980249794,0.0,0.0,0.007405699505916455,0.012120697204476125,0.009802071961717517,0.012153718292299331,0.042095541402443946,0.0414975143263863,0.8
HYBRID,test-run-0064,300,3.0,1.0,UNKNOWN,UNKNOWN,ABSTAIN_LOW_CONFIDENCE|ABSTAIN_LOW_MARGIN,False,0.0034960250013682526,0.016103321345140975,0.013674158114881702,0.007084134313607278,0.05875653309554931,0.0,0.0,0.007283092334345983,0.013800326706586945,0.008964161598621314,0.011120534027706163,0.03354193880107827,0.029671799662482026,0.8
HYBRID,test-run-0064,400,4.0,2.0,UNKNOWN,UNKNOWN,ABSTAIN_LOW_CONFIDENCE|ABSTAIN_LOW_MARGIN,False,0.0035476110024319496,0.011233910984617427,0.0103989141507985,0.008105228685240183,0.04701042616244079,0.0,0.0,0.007121451992094502,0.012627817913132154,0.01169879941975641,0.015114278350084068,0.0144937848953932,0.062195387446442714,0.8
HYBRID,test-run-0064,500,5.0,3.0,UNKNOWN,UNKNOWN,ABSTAIN_LOW_CONFIDENCE|ABSTAIN_LOW_MARGIN,False,0.00345304799702717,0.015563734456947365,0.018832965125208344,0.006664134233783315,0.024167368084638357,0.0,0.0,0.007527281761661906,0.012967084247904345,0.010725114779107188,0.01646676150314645,0.027084312321007036,0.06000124348659565,0.8
HYBRID,test-run-0065,300,3.0,1.0,UNKNOWN,UNKNOWN,ABSTAIN_LOW_CONFIDENCE|ABSTAIN_LOW_MARGIN,False,0.0034695289978117216,0.014739108782733615,0.015258749082187759,0.007514121739462012,0.022264994591813553,0.0,0.0,0.0077619164804714974,0.015967496916329666,0.010310872290195668,0.014260586951802061,0.03481237968950236,0.05710977347550176,0.8
HYBRID,test-run-0065,400,4.0,2.0,UNKNOWN,UNKNOWN,ABSTAIN_LOW_CONFIDENCE|ABSTAIN_LOW_MARGIN,False,0.003252368998801103,0.012313694496656518,0.010559420708423617,0.008334044404103565,0.046099726939377444,0.0,0.0,0.006963483875475436,0.013263746106993742,0.011059438379822123,0.012085457357951005,0.025025123061928157,0.054295864669268334,0.8
HYBRID,test-run-0065,500,5.0,3.0,UNKNOWN,UNKNOWN,ABSTAIN_LOW_CONFIDENCE|ABSTAIN_LOW_MARGIN,False,0.003372404997207923,0.016576400399901905,0.01688613381673085,0.007275155776970674,0.022920803706145975,0.0,0.0,0.006911274293622703,0.01847774062327068,0.006184675059174101,0.01180846791131991,0.04416632706181114,0.010362060335670227,0.8384309610153818
HYBRID,compound-run-0000,300,3.0,1.0,UNKNOWN,UNKNOWN,GRID_LOSS_TO_UPS_RESPONSE|TOOL_DEMAND_TO_HYDRAULIC_RESPONSE|UPS_TRANSFER_PROPAGATION_EVIDENCE|ABSTAIN_LOW_CONFIDENCE|ABSTAIN_LOW_MARGIN|ABSTAIN_COMPOUND_EVIDENCE,False,0.00400733899732586,0.0009211509499125534,0.00016195282318779493,0.06634571548058935,0.00018348549945738338,0.07142857142857142,0.0,0.0001922021211908159,0.00023724717514580056,0.05971533515745985,0.0003824659210504856,0.0001868629431710527,0.00024501050026344486,0.8
HYBRID,compound-run-0000,400,4.0,2.0,UNKNOWN,UNKNOWN,GRID_LOSS_TO_UPS_RESPONSE|TOOL_DEMAND_TO_HYDRAULIC_RESPONSE|UPS_TRANSFER_PROPAGATION_EVIDENCE|ABSTAIN_COMPOUND_EVIDENCE,False,0.003375284999492578,0.0016360231035039414,0.00014273853447381967,0.0749080184853529,0.00013905611296626075,0.07142857142857142,0.0,0.00015796309356683817,0.00024176506553138673,0.05063464142523479,0.000246102491710722,0.00032989182310500344,0.00013522843598286495,0.8
HYBRID,compound-run-0000,500,5.0,3.0,UNKNOWN,UNKNOWN,GRID_LOSS_TO_UPS_RESPONSE|TOOL_DEMAND_TO_HYDRAULIC_RESPONSE|UPS_TRANSFER_PROPAGATION_EVIDENCE|ABSTAIN_COMPOUND_EVIDENCE,False,0.003598652998334728,0.0017395356918716368,0.0001109831675052341,0.07607686970917156,0.0001499385115277382,0.07142857142857142,0.0,0.0001141835272264318,0.00013112666706189866,0.049848727057583364,0.00015152025031737212,0.00015321456999012513,9.53294191731718e-05,0.8
HYBRID,compound-run-0001,300,3.0,1.0,UNKNOWN,GRID_INTERRUPTION,GRID_LOSS_TO_UPS_RESPONSE|TOOL_DEMAND_TO_HYDRAULIC_RESPONSE|UPS_TRANSFER_PROPAGATION_EVIDENCE,False,0.003315123001812026,0.014703011112807392,0.0022193521175463173,0.7695166859354382,0.006573299037279873,0.1,0.0,0.0022763069909157206,0.0026255192947434863,0.08796656637646828,0.0030839062901688286,0.0034780622461385393,0.00333330651186596,0.004223984086627127
HYBRID,compound-run-0001,400,4.0,2.0,UNKNOWN,GRID_INTERRUPTION,GRID_LOSS_TO_UPS_RESPONSE|TOOL_DEMAND_TO_HYDRAULIC_RESPONSE|UPS_TRANSFER_PROPAGATION_EVIDENCE,False,0.0034002140018856153,0.01925336841765947,0.002236926723019226,0.8057443450854466,0.00245938398738236,0.1,0.0,0.001401879629757756,0.0024357939517233363,0.05992848987128839,0.0022766755709420403,0.0003514171586231201,0.0016970154123532816,0.002214704191804648
HYBRID,compound-run-0001,500,5.0,3.0,UNKNOWN,GRID_INTERRUPTION,GRID_LOSS_TO_UPS_RESPONSE|TOOL_DEMAND_TO_HYDRAULIC_RESPONSE|UPS_TRANSFER_PROPAGATION_EVIDENCE,False,0.0033088509990193415,0.024690992796034032,0.0007110216726439037,0.8237506447736775,0.0008576221432282981,0.1,0.0,0.0011522345549134993,0.001380833532762303,0.03944169772756106,0.0010707589147346478,0.0019691876937070947,0.0020649481442655583,0.0029100580464720633
HYBRID,compound-run-0002,300,3.0,1.0,UNKNOWN,UNKNOWN,GRID_LOSS_TO_UPS_RESPONSE|TOOL_DEMAND_TO_HYDRAULIC_RESPONSE|UPS_TRANSFER_PROPAGATION_EVIDENCE|ABSTAIN_COMPOUND_EVIDENCE,False,0.003517018001730321,0.0005912084700208129,0.00010660423935539522,0.04218808370288119,0.0001313837656337395,0.07142857142857142,0.0,0.00012453690208299323,0.00013682464786415538,0.08483592123778255,0.00018126038320526373,0.00010763213658360825,0.00016797308601881542,0.8
HYBRID,compound-run-0002,400,4.0,2.0,UNKNOWN,UNKNOWN,GRID_LOSS_TO_UPS_RESPONSE|TOOL_DEMAND_TO_HYDRAULIC_RESPONSE|UPS_TRANSFER_PROPAGATION_EVIDENCE|ABSTAIN_LOW_CONFIDENCE|ABSTAIN_COMPOUND_EVIDENCE,False,0.0034119579977414105,0.001506697467114578,9.75137686062326e-05,0.06966388611501567,0.00012912590620982371,0.07142857142857142,0.0,0.00014262640159298757,0.00030769173653618655,0.0561253436412586,0.0002177365981066645,0.0003359543875237614,4.4852549464016336e-05,0.8
HYBRID,compound-run-0002,500,5.0,3.0,UNKNOWN,UNKNOWN,GRID_LOSS_TO_UPS_RESPONSE|TOOL_DEMAND_TO_HYDRAULIC_RESPONSE|UPS_TRANSFER_PROPAGATION_EVIDENCE|ABSTAIN_COMPOUND_EVIDENCE,False,0.0034742640018521342,0.002171883444348142,0.00011111399184062956,0.0772894776976485,0.00015690886544309635,0.07142857142857142,0.0,0.00011996267781843956,0.00016332587308896498,0.04825077237348014,0.00013908377085430137,8.807306237968517e-05,8.082681452662206e-05,0.8
HYBRID,compound-run-0003,300,3.0,1.0,UNKNOWN,UNKNOWN,GRID_LOSS_TO_UPS_RESPONSE|TOOL_DEMAND_TO_HYDRAULIC_RESPONSE|UPS_TRANSFER_PROPAGATION_EVIDENCE|ABSTAIN_COMPOUND_EVIDENCE,False,0.003436023001995636,0.0010247828950630273,0.00015924681219942036,0.07936793459719718,0.0002730182361417243,0.07142857142857142,0.0,0.0002037511441776707,0.00032392730721090976,0.04626871291393533,0.0002489054652719024,0.00013956933018245026,0.0005615798700489153,0.8
HYBRID,compound-run-0003,400,4.0,2.0,UNKNOWN,UNKNOWN,GRID_LOSS_TO_UPS_RESPONSE|TOOL_DEMAND_TO_HYDRAULIC_RESPONSE|UPS_TRANSFER_PROPAGATION_EVIDENCE|ABSTAIN_COMPOUND_EVIDENCE,False,0.003476152000075672,0.0014306952392188215,0.00012243042697769921,0.07249272749341172,0.00013913066034060428,0.07142857142857142,0.0,0.00016584456965583068,0.0003119727801393487,0.053262606013975394,0.00020460636572267098,9.924888216784363e-05,0.0003421661398185873,0.8
HYBRID,compound-run-0003,500,5.0,3.0,UNKNOWN,UNKNOWN,GRID_LOSS_TO_UPS_RESPONSE|TOOL_DEMAND_TO_HYDRAULIC_RESPONSE|UPS_TRANSFER_PROPAGATION_EVIDENCE|ABSTAIN_COMPOUND_EVIDENCE,False,0.0037064329990244005,0.002857704373700615,0.00014330945427940353,0.09928100974535686,0.0001343229476313671,0.07142857142857142,0.0,0.0001464634811190944,0.00023729349475718763,0.025243458645077564,0.00022959005697706397,0.00017734258757724617,0.00012093378495212958,0.8
HYBRID,compound-run-0004,300,3.0,1.0,UNKNOWN,UNKNOWN,GRID_LOSS_TO_UPS_RESPONSE|TOOL_DEMAND_TO_HYDRAULIC_RESPONSE|UPS_TRANSFER_PROPAGATION_EVIDENCE|ABSTAIN_COMPOUND_EVIDENCE,False,0.0035098819971608464,0.0018277972636158467,0.0002863389624433445,0.0903816736895501,0.0003360439722702783,0.07142857142857144,0.0,0.00030599276312184896,0.0005822856850371086,0.03351428256382854,0.0004160530486903791,0.0006577891252650655,0.00026317149760602337,0.8
HYBRID,compound-run-0004,400,4.0,2.0,UNKNOWN,UNKNOWN,GRID_LOSS_TO_UPS_RESPONSE|TOOL_DEMAND_TO_HYDRAULIC_RESPONSE|UPS_TRANSFER_PROPAGATION_EVIDENCE|ABSTAIN_COMPOUND_EVIDENCE,False,0.003349940001498908,0.0017834912674646194,0.00015199050628016765,0.09155165933710466,0.00034973255454069234,0.07142857142857142,0.0,0.0001815412078138927,0.0002402527513762409,0.03356804771365014,0.00019444895884393777,7.146587870869589e-05,0.00047879839564550497,0.8
HYBRID,compound-run-0004,500,5.0,3.0,UNKNOWN,UNKNOWN,GRID_LOSS_TO_UPS_RESPONSE|TOOL_DEMAND_TO_HYDRAULIC_RESPONSE|UPS_TRANSFER_PROPAGATION_EVIDENCE|ABSTAIN_COMPOUND_EVIDENCE,False,0.0034736880006676074,0.002526235017503943,0.00014006874198379472,0.10881814759610751,0.00031697525976380687,0.07142857142857142,0.0,0.00016524364174796898,0.00020212668992323062,0.01553481053052794,0.00029153672485730434,0.00040846153006455176,0.00016782283894849252,0.8
HYBRID,compound-run-0005,300,3.0,1.0,UNKNOWN,UNKNOWN,GRID_LOSS_TO_UPS_RESPONSE|TOOL_DEMAND_TO_HYDRAULIC_RESPONSE|UPS_TRANSFER_PROPAGATION_EVIDENCE|ABSTAIN_LOW_CONFIDENCE|ABSTAIN_LOW_MARGIN|ABSTAIN_COMPOUND_EVIDENCE,False,0.0035400269989622757,0.001465182130369311,0.00018225265704448635,0.06799372306906908,0.00013554803822403547,0.07142857142857142,0.0,0.00020074438792286808,0.00031749906973750505,0.05753578077840342,0.0002524802877689769,0.0002776530766990062,0.00021056507618983655,0.8
HYBRID,compound-run-0005,400,4.0,2.0,UNKNOWN,UNKNOWN,GRID_LOSS_TO_UPS_RESPONSE|TOOL_DEMAND_TO_HYDRAULIC_RESPONSE|UPS_TRANSFER_PROPAGATION_EVIDENCE|ABSTAIN_COMPOUND_EVIDENCE,False,0.0035827809988404624,0.0018857810835207183,0.00010303502260013687,0.07362724800906649,0.0002150824008664215,0.07142857142857142,0.0,0.00015022440737960712,0.00018023050051603536,0.05184214101621572,0.00016875194326325084,0.00019851050892010595,0.00020042367908005665,0.8
HYBRID,compound-run-0005,500,5.0,3.0,UNKNOWN,UNKNOWN,GRID_LOSS_TO_UPS_RESPONSE|TOOL_DEMAND_TO_HYDRAULIC_RESPONSE|UPS_TRANSFER_PROPAGATION_EVIDENCE|ABSTAIN_COMPOUND_EVIDENCE,False,0.00341842299894779,0.00180633492092328,0.00011917679094103822,0.08341478381863038,0.0003754437365308747,0.07142857142857142,0.0,0.00012939586383880483,0.00014350797989596707,0.04203643207797519,0.00020666248033860074,0.00024168901456321417,9.800188779118086e-05,0.8
HYBRID,high_noise-run-0000,300,3.0,1.0,GRID_VOLTAGE_SAG,GRID_VOLTAGE_SAG,GRID_SAG_TO_UPS_RESPONSE|UPS_TRANSFER_PROPAGATION_EVIDENCE,False,0.004310421998525271,0.7646355620698084,0.005791768643928813,0.011446819254334072,0.0074219251577342825,0.09512517942882084,0.0,0.005284086963319693,0.009309877913963047,0.006726022803849535,0.009601658258734424,0.04274773865464571,0.012061851619764377,0.029847509231096837
HYBRID,high_noise-run-0000,400,4.0,2.0,GRID_VOLTAGE_SAG,GRID_VOLTAGE_SAG,GRID_SAG_TO_UPS_RESPONSE|UPS_TRANSFER_PROPAGATION_EVIDENCE,False,0.003722657998878276,0.8556675943936742,0.0031226277228653208,0.00825455926571133,0.002472378509645952,0.1,0.0,0.0024666485828895054,0.00545567363540424,0.0026299305627400945,0.004314793066943973,0.0035001958983753114,0.005052355878823386,0.007063242482926475
HYBRID,high_noise-run-0000,500,5.0,3.0,GRID_VOLTAGE_SAG,GRID_VOLTAGE_SAG,GRID_SAG_TO_UPS_RESPONSE|UPS_TRANSFER_PROPAGATION_EVIDENCE,False,0.003681920003145933,0.8403872869220648,0.005339489521945759,0.014305252910606789,0.004796580555979527,0.1,0.0,0.0029619461908043905,0.003841504124358104,0.003727784870764561,0.0038162986949725535,0.005453708971367532,0.011187412442235454,0.004182734794900538
HYBRID,high_noise-run-0001,300,3.0,1.0,GRID_VOLTAGE_SAG,GRID_VOLTAGE_SAG,GRID_SAG_TO_UPS_RESPONSE|UPS_TRANSFER_PROPAGATION_EVIDENCE,False,0.003720288998010801,0.7453498568746709,0.009127445610981635,0.01978007283255226,0.03300515294308838,0.1,0.0,0.0059305939254905545,0.007179848004828333,0.009949702066731885,0.007835206521897238,0.02702071335023692,0.020370400863350627,0.014451007006171341
HYBRID,high_noise-run-0001,400,4.0,2.0,GRID_VOLTAGE_SAG,GRID_VOLTAGE_SAG,GRID_SAG_TO_UPS_RESPONSE|UPS_TRANSFER_PROPAGATION_EVIDENCE,False,0.003653758998552803,0.786201306053583,0.0070207244478408,0.018438020214770194,0.012116875514033934,0.1,0.0,0.0038686454764026114,0.005179085322521194,0.007773573357846712,0.0046034281532300525,0.0024787798009555727,0.04875914821032482,0.0035604134484910985
HYBRID,high_noise-run-0001,500,5.0,3.0,GRID_VOLTAGE_SAG,GRID_VOLTAGE_SAG,GRID_SAG_TO_UPS_RESPONSE|UPS_TRANSFER_PROPAGATION_EVIDENCE,False,0.003894696001225384,0.8523555783733201,0.0045003025085064525,0.013424086766933034,0.0028464556541384113,0.1,0.0,0.002398359506529672,0.005008516024109936,0.0033215024041984707,0.003384731886397015,0.0029503277125360267,0.00619236613844466,0.003617773024886204
HYBRID,high_noise-run-0002,300,3.0,1.0,GRID_VOLTAGE_SWELL,GRID_VOLTAGE_SWELL,GRID_SWELL_OBSERVED,False,0.0035614679982245434,0.003756578445756512,0.9626992915163819,0.001490306342754986,0.0045626936701189235,0.0,0.0,0.001652344676176198,0.0023676285283449018,0.0012021357983149413,0.0030255067615040784,0.00332704845029296,0.0009251153149818449,0.014991350495372839
HYBRID,high_noise-run-0002,400,4.0,2.0,GRID_VOLTAGE_SWELL,GRID_VOLTAGE_SWELL,GRID_SWELL_OBSERVED,False,0.0036289589988882653,0.010607197129373986,0.9057280887865535,0.003143428065888535,0.004330495259756444,0.0,0.0,0.0038426631036031695,0.007010719414685754,0.004955899937193536,0.006055791399184398,0.00618298663860623,0.023754887699675768,0.02438784256547875
HYBRID,high_noise-run-0002,500,5.0,3.0,GRID_VOLTAGE_SWELL,GRID_VOLTAGE_SWELL,GRID_SWELL_OBSERVED,False,0.0035206979991926346,0.0053153583467342854,0.9257269636728269,0.0021541192591450656,0.01018170724702106,0.0,0.0,0.003368083522707417,0.005629066172002263,0.0041806447034023015,0.005804773100593603,0.009736227476280116,0.016821738278390612,0.011081318220896438
HYBRID,high_noise-run-0003,300,3.0,1.0,GRID_VOLTAGE_SWELL,GRID_VOLTAGE_SWELL,GRID_SWELL_OBSERVED,False,0.0034543279980425723,0.0060682653161450864,0.9563631647256784,0.001433642232035223,0.015978769554576444,0.0,0.0,0.0018736967479363346,0.0022186795427909024,0.002542391473673193,0.002955535120124952,0.003467321815589439,0.0017730139823141572,0.005325519489135983
HYBRID,high_noise-run-0003,400,4.0,2.0,GRID_VOLTAGE_SWELL,GRID_VOLTAGE_SWELL,GRID_SWELL_OBSERVED,False,0.0033075070023187436,0.0034079496998229803,0.9429275306446885,0.0018653220036323327,0.007014189425546052,0.0,0.0,0.002529563634061557,0.0023389039461775797,0.0030596822315554265,0.004262997469611358,0.011256903906168902,0.012604214996078765,0.008732742042656495
HYBRID,high_noise-run-0003,500,5.0,3.0,GRID_VOLTAGE_SWELL,GRID_VOLTAGE_SWELL,GRID_SWELL_OBSERVED,False,0.003440536002017325,0.005334062176666846,0.9301572863096559,0.001834321235974247,0.00557708344846126,0.0,0.0,0.0028865394312583056,0.004425839623345556,0.0033031344248067697,0.004451676128589249,0.014751509369263924,0.009882675481783395,0.017395872370194642
HYBRID,high_noise-run-0004,300,3.0,1.0,GRID_INTERRUPTION,GRID_INTERRUPTION,GRID_LOSS_TO_UPS_RESPONSE|UPS_TRANSFER_PROPAGATION_EVIDENCE,False,0.0035479949983709957,0.028074988967283415,0.0031083719582899656,0.8276987299448162,0.006629272717160936,0.1,0.0,0.0031228654711228138,0.006894902048113428,0.005791408068606335,0.002963859365752645,0.004203635525368482,0.005209489997950479,0.006302475935535235
HYBRID,high_noise-run-0004,400,4.0,2.0,GRID_INTERRUPTION,GRID_INTERRUPTION,GRID_LOSS_TO_UPS_RESPONSE|UPS_TRANSFER_PROPAGATION_EVIDENCE,False,0.003588509000110207,0.020937638876818373,0.0025361474661002264,0.8501905805699496,0.004263712302345426,0.1,0.0,0.0020770086448860282,0.003678043292310182,0.0024947992725646555,0.0026219367657758,0.004192679025313715,0.004758166995973516,0.002249286787962607
HYBRID,high_noise-run-0004,500,5.0,3.0,GRID_INTERRUPTION,GRID_INTERRUPTION,GRID_LOSS_TO_UPS_RESPONSE|UPS_TRANSFER_PROPAGATION_EVIDENCE,False,0.003506042001390597,0.03170192332766637,0.0015006869343163604,0.8472190958126671,0.0008139523665520412,0.1,0.0,0.001623336507444628,0.004094406376532739,0.001923777953651126,0.0020606828024867037,0.0023166792258190725,0.0036834397680079334,0.003062018924855954
HYBRID,high_noise-run-0005,300,3.0,1.0,GRID_INTERRUPTION,GRID_INTERRUPTION,GRID_LOSS_TO_UPS_RESPONSE|UPS_TRANSFER_PROPAGATION_EVIDENCE,False,0.0035091140016447753,0.00892569411224817,0.004431054953313715,0.8401049343184753,0.00527116992351518,0.1,0.0,0.0030300707735275876,0.004157080766852093,0.0016442391779146778,0.005063545033670745,0.012650822036246843,0.003886528312145441,0.010834860592090122
HYBRID,high_noise-run-0005,400,4.0,2.0,GRID_INTERRUPTION,GRID_INTERRUPTION,GRID_LOSS_TO_UPS_RESPONSE|UPS_TRANSFER_PROPAGATION_EVIDENCE,False,0.0033249469997826964,0.014717521427485284,0.0018299287283428031,0.8567561015373243,0.0049532349191932805,0.1,0.0,0.0019464781202232955,0.0019328392923878264,0.0017459041067031176,0.004575138373155401,0.003242934285389344,0.0063201886906871715,0.0019797305191082792
HYBRID,high_noise-run-0005,500,5.0,3.0,GRID_INTERRUPTION,GRID_INTERRUPTION,GRID_LOSS_TO_UPS_RESPONSE|UPS_TRANSFER_PROPAGATION_EVIDENCE,False,0.003432214998611016,0.02350167233250012,0.001255202478690013,0.861957599529522,0.0022271995978336086,0.1,0.0,0.001235448811182749,0.0015796450955640306,0.001322231051277522,0.0018888696863209025,0.0010723359799983772,0.0028085946357913867,0.0011512008013192848
HYBRID,high_noise-run-0006,300,3.0,1.0,GRID_FREQUENCY_DEVIATION,UNKNOWN,GRID_FREQUENCY_DEVIATION_OBSERVED|ABSTAIN_RULE_MODEL_CONFLICT,False,0.00357698800144135,0.0038268214319333834,0.0021598201665278967,0.0015396716489747475,0.15227259553416955,0.0,0.0,0.0016544699123211867,0.002636972790351628,0.0035580716026904556,0.0017755582339448897,0.0018125312889976455,0.028763487390088563,0.8
HYBRID,high_noise-run-0006,400,4.0,2.0,GRID_FREQUENCY_DEVIATION,UNKNOWN,GRID_FREQUENCY_DEVIATION_OBSERVED|ABSTAIN_LOW_CONFIDENCE,False,0.003527353997924365,0.0055401617711287755,0.0070637791002895085,0.004386743784654542,0.12143538543775906,0.0,0.0,0.003934289816141377,0.005947599373086079,0.003949774581770438,0.012143299775642833,0.018834563796936512,0.016764402562590822,0.8
HYBRID,high_noise-run-0006,500,5.0,3.0,GRID_FREQUENCY_DEVIATION,GRID_FREQUENCY_DEVIATION,GRID_FREQUENCY_DEVIATION_OBSERVED,False,0.003403317998163402,0.023560995940754677,0.02652721804486768,0.010198517438530914,0.70283370872865,0.0,0.0,0.01107672621224172,0.025658389215384172,0.013757045140464379,0.02065825816749962,0.04385936530310023,0.08728521668278223,0.03458455912572439
HYBRID,high_noise-run-0007,300,3.0,1.0,GRID_FREQUENCY_DEVIATION,UNKNOWN,GRID_FREQUENCY_DEVIATION_OBSERVED|ABSTAIN_OUT_OF_DISTRIBUTION,False,0.0035260099975857884,0.002690288899628641,0.003540278230506536,0.001530299064454299,0.16360154787527934,0.0,0.0,0.0013917698377761678,0.002896847526737094,0.0019350350563622143,0.002523465477961419,0.016996705547539338,0.0028937624837549183,0.8
HYBRID,high_noise-run-0007,400,4.0,2.0,GRID_FREQUENCY_DEVIATION,UNKNOWN,GRID_FREQUENCY_DEVIATION_OBSERVED|ABSTAIN_LOW_CONFIDENCE|ABSTAIN_RULE_MODEL_CONFLICT,False,0.0033729810020304285,0.005585691486326119,0.006019740625301653,0.0028079952711156527,0.09968727558730915,0.0,0.0,0.0030497926296921664,0.004176698659004655,0.004894584428347692,0.005461004801987497,0.007871480499292614,0.060445736011622786,0.8
HYBRID,high_noise-run-0007,500,5.0,3.0,GRID_FREQUENCY_DEVIATION,UNKNOWN,GRID_FREQUENCY_DEVIATION_OBSERVED|ABSTAIN_LOW_CONFIDENCE|ABSTAIN_LOW_MARGIN,False,0.0034843769972212613,0.0075496103396887355,0.005792517666825445,0.004068720175888858,0.06328702723258316,0.0,0.0,0.004668506172552186,0.006993602119591487,0.004937754800076766,0.01064556740010471,0.017832873569675448,0.07422382052301317,0.8
HYBRID,high_noise-run-0008,300,3.0,1.0,PUMP_TRIP,PUMP_TRIP,VFD_TO_MOTOR_TO_PUMP_LOSS|VFD_DERATING_PROPAGATION_EVIDENCE,False,0.0035595480003394186,0.0010579604859050874,0.0022278739228000556,0.0010581861143960259,0.004066993926247944,0.0,0.1,0.8704145689524876,0.0017848128146497708,0.0011865380770958323,0.0010539066832364837,0.002200107633864974,0.0143061566924915,0.000642894696824763
HYBRID,high_noise-run-0008,400,4.0,2.0,PUMP_TRIP,PUMP_TRIP,VFD_TO_MOTOR_TO_PUMP_LOSS|VFD_DERATING_PROPAGATION_EVIDENCE,False,0.0035245069993834477,0.00289980050919026,0.0025344020131719157,0.0019388961557811688,0.003088029509411015,0.0,0.1,0.8566592023444987,0.003300278677604669,0.001441048784680816,0.0028140891172213386,0.01001319184755753,0.006621052264765443,0.008690008776117216
HYBRID,high_noise-run-0008,500,5.0,3.0,PUMP_TRIP,PUMP_TRIP,VFD_TO_MOTOR_TO_PUMP_LOSS|VFD_DERATING_PROPAGATION_EVIDENCE,False,0.0034272869997948874,0.0034264187018761038,0.0034372627611176324,0.002122327044461941,0.008619056572220559,0.0,0.1,0.859976367540154,0.0026122619251861454,0.0011745115057635955,0.002629165415860776,0.00482265578373266,0.005876170073078689,0.00530380267654785
HYBRID,high_noise-run-0009,300,3.0,1.0,PUMP_TRIP,PUMP_TRIP,VFD_TO_MOTOR_TO_PUMP_LOSS|VFD_DERATING_PROPAGATION_EVIDENCE,False,0.0034443120021023788,0.001259907340720469,0.0011916109847515352,0.0009951080120331323,0.001751989343414469,0.0,0.1,0.8788820834164128,0.0021747584035621713,0.0009142616134864676,0.001516415871080989,0.0020055019941605003,0.00729635818800264,0.0020120048323746154
HYBRID,high_noise-run-0009,400,4.0,2.0,PUMP_TRIP,PUMP_TRIP,VFD_TO_MOTOR_TO_PUMP_LOSS|VFD_DERATING_PROPAGATION_EVIDENCE,False,0.003280082000856055,0.0024052018422565874,0.00401205908328022,0.0017362148770265116,0.0018287094564680886,0.0,0.1,0.8591812046954922,0.0045970620464511015,0.0006858019874144575,0.003802559219770244,0.009616620760208437,0.0028948412625466142,0.009239724769085557
HYBRID,high_noise-run-0009,500,5.0,3.0,PUMP_TRIP,PUMP_TRIP,VFD_TO_MOTOR_TO_PUMP_LOSS|VFD_DERATING_PROPAGATION_EVIDENCE,False,0.0034178140012954827,0.0026669085739330217,0.005836052055263902,0.0016729943183387073,0.028840324299572596,0.0,0.1,0.8401693574021324,0.003473626907557463,0.0013403246927126294,0.004022771485472742,0.00818428171100269,0.0022425089416511336,0.0015508496123627312
HYBRID,high_noise-run-0010,300,3.0,1.0,VALVE_RESTRICTION,VALVE_RESTRICTION,VALVE_TO_TOOL_FLOW_RESTRICTION,False,0.003572540001187008,0.005913611530368053,0.002883344864246852,0.0023629266251577164,0.006950325035051599,0.0,0.0,0.002573260560321248,0.9429826265213372,0.004221818233957475,0.002587103556099861,0.010612974629258174,0.008068959863847034,0.010843048580354805
HYBRID,high_noise-run-0010,400,4.0,2.0,VALVE_RESTRICTION,VALVE_RESTRICTION,VALVE_TO_TOOL_FLOW_RESTRICTION,False,0.003525979002006352,0.0033033106239097015,0.005566007989883548,0.0016966738655074904,0.0016196836476120341,0.0,0.0,0.0020847818278802678,0.9569607260283222,0.0020880497285775687,0.0029445255478422155,0.002666897659243953,0.0072788647323588,0.01379047834886269
HYBRID,high_noise-run-0010,500,5.0,3.0,VALVE_RESTRICTION,VALVE_RESTRICTION,VALVE_TO_TOOL_FLOW_RESTRICTION,False,0.003411861998756649,0.00517403448481467,0.005222985799327891,0.004589517611391593,0.013657535363104573,0.0,0.0,0.004196262347748061,0.9131465986347743,0.004066581349158851,0.010088769362795989,0.012740077439682558,0.008345976838951736,0.018771660768249595
HYBRID,high_noise-run-0011,300,3.0,1.0,VALVE_RESTRICTION,VALVE_RESTRICTION,VALVE_TO_TOOL_FLOW_RESTRICTION,False,0.0034429990009812173,0.0005148806072069144,0.0013852909849026678,0.00030992099571557785,0.0005486837266523535,0.0,0.0,0.0003977760082825773,0.9938410006159524,0.00019459859834560975,0.0009669391306937793,0.0003049047879191754,0.0012730161398580844,0.00026298840447085137
HYBRID,high_noise-run-0011,400,4.0,2.0,VALVE_RESTRICTION,VALVE_RESTRICTION,VALVE_TO_TOOL_FLOW_RESTRICTION,False,0.00321995200283709,0.0008780767353784295,0.0006494099169102138,0.00038347059500338273,0.00182976682138933,0.0,0.0,0.00042303742082009635,0.9918299127732271,0.00013695003358184073,0.0006111138787399217,0.002277938033029703,0.00031948448884689046,0.0006608393030728243
HYBRID,high_noise-run-0011,500,5.0,3.0,VALVE_RESTRICTION,VALVE_RESTRICTION,VALVE_TO_TOOL_FLOW_RESTRICTION,False,0.0034276709993719123,0.0007666918597949675,0.001446699351974545,0.0007009856782842618,0.0027843287824467562,0.0,0.0,0.0006447593237166032,0.9896775966559233,0.0003705940432426749,0.0015980388236327536,0.0002938611395780655,0.001108456044049092,0.0006079882973571589
HYBRID,high_noise-run-0012,300,3.0,1.0,TOOL_DEMAND_SPIKE,TOOL_DEMAND_SPIKE,TOOL_DEMAND_TO_HYDRAULIC_RESPONSE,False,0.003521050002746051,0.005417641046158173,0.0073345507254421035,0.002674365382642007,0.010942317342717955,0.0,0.0,0.002863521958445164,0.005882100832729075,0.9145841771102413,0.002838985886402288,0.027012050167051407,0.005633611772968904,0.014816677775201731
HYBRID,high_noise-run-0012,400,4.0,2.0,TOOL_DEMAND_SPIKE,TOOL_DEMAND_SPIKE,TOOL_DEMAND_TO_HYDRAULIC_RESPONSE,False,0.0036118049974902533,0.0041308816591687034,0.0070582578853928225,0.002253120395571067,0.0051937164758566875,0.0,0.0,0.00272516023225215,0.004297599202041504,0.9372775780710486,0.003252693498543636,0.004312824610385272,0.019789736186089636,0.009708431783649987
HYBRID,high_noise-run-0012,500,5.0,3.0,TOOL_DEMAND_SPIKE,TOOL_DEMAND_SPIKE,TOOL_DEMAND_TO_HYDRAULIC_RESPONSE,False,0.003411286001210101,0.005654745894125608,0.0042992004927970276,0.0038211230120426434,0.01947882074877966,0.0,0.0,0.002564841606325116,0.004885859253923042,0.938614920845748,0.005624209751023473,0.003999704101699,0.005070258810659649,0.0059863154828765745
HYBRID,high_noise-run-0013,300,3.0,1.0,TOOL_DEMAND_SPIKE,TOOL_DEMAND_SPIKE,TOOL_DEMAND_TO_HYDRAULIC_RESPONSE,False,0.0034673840018513147,0.008076280772794276,0.007164772351651676,0.0038601900325145526,0.012790383257641185,0.0,0.0,0.0037139272006740448,0.0049174740912608945,0.9019243142897874,0.005126639943453254,0.006052425680171187,0.03383777100494741,0.012535821375103883
HYBRID,high_noise-run-0013,400,4.0,2.0,TOOL_DEMAND_SPIKE,TOOL_DEMAND_SPIKE,TOOL_DEMAND_TO_HYDRAULIC_RESPONSE,False,0.003302738998172572,0.004703209555138987,0.009914547164359263,0.0025544262161468355,0.0215509438265487,0.0,0.0,0.002495117344224279,0.0047690508605883995,0.9268905120385532,0.0026739731849771175,0.008211546275632949,0.012984777180547394,0.003251896353282869
HYBRID,high_noise-run-0013,500,5.0,3.0,TOOL_DEMAND_SPIKE,TOOL_DEMAND_SPIKE,TOOL_DEMAND_TO_HYDRAULIC_RESPONSE,False,0.0033844700010376982,0.01077583947706355,0.00908994112639019,0.005364118750313236,0.011564058622977555,0.0,0.0,0.0046599242069214775,0.008537693194507643,0.8863922089354844,0.008233175196934263,0.017074854146129498,0.015827244977799547,0.022480941365478752
HYBRID,high_noise-run-0014,300,3.0,1.0,THERMAL_EXCURSION,UNKNOWN,ABSTAIN_LOW_CONFIDENCE|ABSTAIN_RULE_MODEL_CONFLICT,False,0.0035477710007398855,0.007237216263154016,0.008484382970050731,0.0039668922305320315,0.013577019155705371,0.0,0.0,0.003780560285888029,0.006039911733871465,0.004371327726763323,0.12941688616614253,0.01985047957822207,0.0032753238896703705,0.8
HYBRID,high_noise-run-0014,400,4.0,2.0,THERMAL_EXCURSION,THERMAL_EXCURSION,UPW_THERMAL_DEVIATION_OBSERVED,False,0.0033683089968690183,0.006594874455004758,0.008350642545036977,0.006508152985652969,0.01238634774179318,0.0,0.0,0.007103305023067735,0.00718213546033736,0.009283928173249467,0.7454189721992761,0.0677225790997433,0.04680959940214718,0.08263946291469092
HYBRID,high_noise-run-0014,500,5.0,3.0,THERMAL_EXCURSION,THERMAL_EXCURSION,UPW_THERMAL_DEVIATION_OBSERVED,False,0.0033958299973164685,0.0020364385938002848,0.0024506861975856714,0.0016543598003348381,0.003531387764316378,0.0,0.0,0.0013975876605041712,0.0016632281321472256,0.0013791873332192066,0.9760425727828145,0.003400310236376825,0.0023384288287585904,0.004105812670142318
HYBRID,high_noise-run-0015,300,3.0,1.0,THERMAL_EXCURSION,THERMAL_EXCURSION,,False,0.003456055997958174,0.018941932255790852,0.01782638240092688,0.011550729577834769,0.02494142738309643,0.0,0.0,0.010393391107103755,0.018015271680220376,0.01198922794616095,0.6866132848898482,0.034590761702737914,0.01956545245298046,0.14557213860329926
HYBRID,high_noise-run-0015,400,4.0,2.0,THERMAL_EXCURSION,THERMAL_EXCURSION,UPW_THERMAL_DEVIATION_OBSERVED,False,0.0035524749982869253,0.00343848146385026,0.005111246006710072,0.00218133031399795,0.004354767820546322,0.0,0.0,0.002377885319380106,0.004411678499083945,0.0023770930310633544,0.9501829393941778,0.009142401431961406,0.00548557416010411,0.010936602559124863
HYBRID,high_noise-run-0015,500,5.0,3.0,THERMAL_EXCURSION,THERMAL_EXCURSION,UPW_THERMAL_DEVIATION_OBSERVED,False,0.0034135259993490763,0.0013838311695812335,0.0020137497805779196,0.0008532186264823504,0.00034215358786429824,0.0,0.0,0.0010394514356891046,0.0024092044893180126,0.001526799831246897,0.9819983912479189,0.0008353310403413333,0.004382899805931456,0.0032149689850485713
HYBRID,high_noise-run-0016,300,3.0,1.0,PRESSURE_SENSOR_FAULT,UNKNOWN,PRESSURE_REDUNDANCY_RESIDUAL|ABSTAIN_LOW_CONFIDENCE|ABSTAIN_RULE_MODEL_CONFLICT,False,0.0034782650000124704,0.007366683252868838,0.007706820350293186,0.0029922781306664535,0.013436236590955284,0.0,0.0,0.003939532974300181,0.004431184727168962,0.00925086560521973,0.006625567633897625,0.10707101117124984,0.03717981956337985,0.8
HYBRID,high_noise-run-0016,400,4.0,2.0,PRESSURE_SENSOR_FAULT,PRESSURE_SENSOR_FAULT,PRESSURE_REDUNDANCY_RESIDUAL,False,0.00324923299922375,0.0164115554064211,0.02424866090723757,0.012917492595693308,0.09205605160185618,0.0,0.0,0.01633806793166928,0.021693039509443488,0.018354646386645898,0.053424012337833754,0.6112718751799793,0.08893264438919551,0.04435195375402457
HYBRID,high_noise-run-0016,500,5.0,3.0,PRESSURE_SENSOR_FAULT,PRESSURE_SENSOR_FAULT,PRESSURE_REDUNDANCY_RESIDUAL,False,0.003384245999768609,0.011254384899119918,0.013479400218495185,0.006434274255650839,0.047724646144834536,0.0,0.0,0.008625818071409053,0.013316403428783694,0.02291541786217625,0.010385550635945012,0.7996958318994598,0.019538145756460523,0.04663012682766504
HYBRID,high_noise-run-0017,300,3.0,1.0,PRESSURE_SENSOR_FAULT,PRESSURE_SENSOR_FAULT,PRESSURE_REDUNDANCY_RESIDUAL,False,0.0035114819984300993,0.021751617784024384,0.02073905305016508,0.01002806374096334,0.10349111403239175,0.0,0.0,0.007729396323184075,0.015926666452566,0.006667839728438217,0.022859448105452682,0.7338026831485633,0.03220039430897096,0.024803723325280233
HYBRID,high_noise-run-0017,400,4.0,2.0,PRESSURE_SENSOR_FAULT,UNKNOWN,PRESSURE_REDUNDANCY_RESIDUAL|ABSTAIN_LOW_CONFIDENCE,False,0.0036198699999658857,0.0040631547222472805,0.004512348070557551,0.0024102798532183102,0.003923519760630719,0.0,0.0,0.0021907400393806386,0.0038897804713529283,0.001719555958308203,0.004458022961294127,0.14803041858111046,0.02480217958189974,0.8
HYBRID,high_noise-run-0017,500,5.0,3.0,PRESSURE_SENSOR_FAULT,PRESSURE_SENSOR_FAULT,PRESSURE_REDUNDANCY_RESIDUAL,False,0.0034374950009805616,0.009707418856628094,0.0074143997228409975,0.004410306981373095,0.021401050663452086,0.0,0.0,0.004270811077496404,0.015130743198681159,0.002797875670866151,0.013711947476193774,0.8881904131059999,0.008209684580810282,0.024755348665657966
HYBRID,high_noise-run-0018,300,3.0,1.0,FLOW_SENSOR_FAULT,FLOW_SENSOR_FAULT,FLOW_REDUNDANCY_RESIDUAL,False,0.003471224998065736,0.02316637983643234,0.01775732022491418,0.0075849880582963165,0.048736187778194835,0.0,0.0,0.009900463307714186,0.013254181451305564,0.014931416150852602,0.007811350198518288,0.02553242674680164,0.7965884854862956,0.034736800760674376
HYBRID,high_noise-run-0018,400,4.0,2.0,FLOW_SENSOR_FAULT,FLOW_SENSOR_FAULT,FLOW_REDUNDANCY_RESIDUAL,False,0.0032897780001803767,0.018893388807652265,0.012659155325671814,0.0075731150001308095,0.03674815874888955,0.0,0.0,0.00844848886763355,0.023314076490019518,0.008517329321485025,0.009754616694464913,0.010736271837017015,0.8318238739312862,0.03153152497574934
HYBRID,high_noise-run-0018,500,5.0,3.0,FLOW_SENSOR_FAULT,UNKNOWN,FLOW_REDUNDANCY_RESIDUAL|ABSTAIN_LOW_CONFIDENCE|ABSTAIN_RULE_MODEL_CONFLICT,False,0.0033948700001928955,0.010519968705522607,0.013357875140164515,0.003536241211452687,0.018492478009891372,0.0,0.0,0.004258645389903853,0.0057404049857377945,0.00426321944997775,0.002939895332798563,0.006545564686803449,0.13034570708774737,0.8
HYBRID,high_noise-run-0019,300,3.0,1.0,FLOW_SENSOR_FAULT,FLOW_SENSOR_FAULT,FLOW_REDUNDANCY_RESIDUAL,False,0.0035055619991908316,0.01298880057972557,0.010662006368984876,0.007366796309680385,0.031323844309935144,0.0,0.0,0.007434250830773148,0.014528544151366538,0.007290226465117908,0.021106527174597472,0.05411319216031311,0.7821214894263294,0.05106432222317644
HYBRID,high_noise-run-0019,400,4.0,2.0,FLOW_SENSOR_FAULT,UNKNOWN,FLOW_REDUNDANCY_RESIDUAL|ABSTAIN_RULE_MODEL_CONFLICT,False,0.0036451509986363817,0.0034331122144734107,0.0028332182169245224,0.0024029263911997155,0.005810148294442705,0.0,0.0,0.002111207627769119,0.005224564337246582,0.003127851692829192,0.006513941868584913,0.005189848703995698,0.1633531806525341,0.8
HYBRID,high_noise-run-0019,500,5.0,3.0,FLOW_SENSOR_FAULT,UNKNOWN,FLOW_REDUNDANCY_RESIDUAL|ABSTAIN_LOW_CONFIDENCE|ABSTAIN_RULE_MODEL_CONFLICT,False,0.0034981379976670723,0.004946097584315958,0.003724685980741366,0.0036360847995012464,0.014575062155289139,0.0,0.0,0.003153282906429747,0.004521482678261052,0.004060039391516451,0.008010579996123717,0.05402957841559288,0.09934310609222839,0.8
HYBRID,high_noise-run-0020,300,3.0,1.0,UNKNOWN,UNKNOWN,ABSTAIN_LOW_CONFIDENCE|ABSTAIN_LOW_MARGIN|ABSTAIN_RULE_MODEL_CONFLICT,False,0.0034739120019366965,0.014330826956603664,0.008401651409383152,0.006634326497185658,0.07677702434835913,0.0,0.0,0.005531002536609108,0.007433802883581842,0.007791460074228636,0.008702837429049702,0.02757017694389602,0.03682689092110305,0.8
HYBRID,high_noise-run-0020,400,4.0,2.0,UNKNOWN,UNKNOWN,ABSTAIN_LOW_CONFIDENCE|ABSTAIN_LOW_MARGIN,False,0.003330292001919588,0.013193626366980151,0.013321931111836787,0.006070262086381764,0.04333045695258526,0.0,0.0,0.006952032372129523,0.01020540878062977,0.015230168093053954,0.009274050629117823,0.023977818979883447,0.05844424462740147,0.8
HYBRID,high_noise-run-0020,500,5.0,3.0,UNKNOWN,UNKNOWN,ABSTAIN_LOW_CONFIDENCE|ABSTAIN_LOW_MARGIN,False,0.00343576700106496,0.01617643964774616,0.016194803098091903,0.007720022039964643,0.030549188693933464,0.0,0.0,0.007659225711585002,0.013291505153367236,0.00949946075046556,0.02306574685392225,0.026875269320682595,0.04896833873024115,0.8
HYBRID,high_noise-run-0021,300,3.0,1.0,UNKNOWN,UNKNOWN,ABSTAIN_LOW_CONFIDENCE|ABSTAIN_LOW_MARGIN,False,0.003499481998005649,0.012630518188020554,0.007193773061402591,0.006321324780797853,0.06032076433794297,0.0,0.0,0.005394807345575135,0.007900847095944618,0.007495657038030229,0.00888147435782846,0.07788572919062471,0.005975104603832859,0.8
HYBRID,high_noise-run-0021,400,4.0,2.0,UNKNOWN,UNKNOWN,ABSTAIN_LOW_CONFIDENCE|ABSTAIN_LOW_MARGIN,False,0.00354565899760928,0.010292513864420908,0.017303425553719134,0.0061334191853501625,0.056434287919118434,0.0,0.0,0.006444540551013443,0.02221188951569209,0.004810830922132882,0.02179931640150086,0.0479685137957121,0.006601262291339975,0.8
HYBRID,high_noise-run-0021,500,5.0,3.0,UNKNOWN,UNKNOWN,ABSTAIN_LOW_CONFIDENCE|ABSTAIN_LOW_MARGIN|ABSTAIN_RULE_MODEL_CONFLICT,False,0.003492088999337284,0.00881902966227284,0.004252634110863003,0.0046265907830387925,0.042838545070214354,0.0,0.0,0.004531374969013985,0.005659234041100723,0.006021238859217105,0.005278626685864094,0.10465366787033585,0.01331905794807924,0.8
HYBRID,high_delay-run-0000,300,3.0,1.0,GRID_VOLTAGE_SAG,UNKNOWN,GRID_SAG_TO_UPS_RESPONSE|UPS_TRANSFER_PROPAGATION_EVIDENCE|ABSTAIN_OUT_OF_DISTRIBUTION|ABSTAIN_RULE_MODEL_CONFLICT,False,0.004631009000149788,0.11000716977933708,0.0005148291237853505,0.0028633671740375707,0.012060781488646496,0.07142857142857142,0.0,0.0006462112253987694,0.00038309815257830704,0.0015338607171308516,2.8696658624133877e-05,9.463031692689283e-05,0.00043878393496307006,0.8
HYBRID,high_delay-run-0000,400,4.0,2.0,GRID_VOLTAGE_SAG,UNKNOWN,GRID_SAG_TO_UPS_RESPONSE|UPS_TRANSFER_PROPAGATION_EVIDENCE|ABSTAIN_OUT_OF_DISTRIBUTION|ABSTAIN_RULE_MODEL_CONFLICT,False,0.003519002999382792,0.12374062421021413,0.00021805372241498724,0.001585315779780766,0.0017867494040161012,0.07142857142857142,0.0,0.0002737944041762558,0.0003205856819130995,0.0005492167568162794,1.5575004859158614e-05,2.0720181203672352e-05,6.079342603406196e-05,0.8
HYBRID,high_delay-run-0000,500,5.0,3.0,GRID_VOLTAGE_SAG,UNKNOWN,GRID_SAG_TO_UPS_RESPONSE|UPS_TRANSFER_PROPAGATION_EVIDENCE|ABSTAIN_OUT_OF_DISTRIBUTION|ABSTAIN_RULE_MODEL_CONFLICT,False,0.003640447001089342,0.12580597462660534,8.184368776974272e-05,0.0013205688192597083,0.000512929227663849,0.07142857142857142,0.0,0.00016341306966934332,0.00014182907592363782,0.0004777769656662128,5.96184488111111e-06,1.2455067386863507e-05,4.8676186602711025e-05,0.8
HYBRID,high_delay-run-0001,300,3.0,1.0,GRID_VOLTAGE_SAG,UNKNOWN,GRID_SAG_TO_UPS_RESPONSE|UPS_TRANSFER_PROPAGATION_EVIDENCE|ABSTAIN_OUT_OF_DISTRIBUTION|ABSTAIN_RULE_MODEL_CONFLICT,False,0.0035438039994915016,0.12107496516633989,0.00019281918800576558,0.0013244669948485079,0.003740168354892787,0.07142857142857142,0.0,0.00035954278109327526,0.000270175673357279,0.0010806833690493768,1.0264201919644711e-05,5.603593281709918e-05,0.00046230690910489087,0.8
HYBRID,high_delay-run-0001,400,4.0,2.0,GRID_VOLTAGE_SAG,UNKNOWN,GRID_SAG_TO_UPS_RESPONSE|UPS_TRANSFER_PROPAGATION_EVIDENCE|ABSTAIN_CRITICAL_SENSOR_STALE|ABSTAIN_OUT_OF_DISTRIBUTION|ABSTAIN_RULE_MODEL_CONFLICT,False,0.0030118810027488507,0.12234436530960248,0.00015243213008865185,0.0017134753261862582,0.0028945944105724453,0.07142857142857142,0.0,0.0003020164349505341,0.00023602868061113478,0.0007377639264249064,1.1464336429210122e-05,5.8294295747893746e-05,0.00012099372081500505,0.8
HYBRID,high_delay-run-0001,500,5.0,3.0,GRID_VOLTAGE_SAG,UNKNOWN,GRID_SAG_TO_UPS_RESPONSE|UPS_TRANSFER_PROPAGATION_EVIDENCE|ABSTAIN_OUT_OF_DISTRIBUTION|ABSTAIN_RULE_MODEL_CONFLICT,False,0.0032060960002127104,0.12618302375947388,4.9578132538891224e-05,0.0012067458610887899,0.0004859889795688227,0.07142857142857144,0.0,0.00015656419374728987,0.0001210067079934513,0.0003096139076022996,7.106063881734254e-06,2.2659245530488825e-05,2.9141720002866157e-05,0.8
HYBRID,high_delay-run-0002,300,3.0,1.0,GRID_VOLTAGE_SWELL,UNKNOWN,GRID_SWELL_OBSERVED|ABSTAIN_OUT_OF_DISTRIBUTION|ABSTAIN_LOW_CONFIDENCE|ABSTAIN_RULE_MODEL_CONFLICT,False,0.003458265000517713,0.005702147211064738,0.17243355223253265,0.0011039108097490142,0.014993849043080357,0.0,0.0,0.001331478225337903,0.001187634863841574,0.00242272163147629,8.460644284247783e-05,0.0002153787463294457,0.0005247207937454977,0.8
HYBRID,high_delay-run-0002,400,4.0,2.0,GRID_VOLTAGE_SWELL,UNKNOWN,GRID_SWELL_OBSERVED|ABSTAIN_OUT_OF_DISTRIBUTION|ABSTAIN_LOW_CONFIDENCE|ABSTAIN_RULE_MODEL_CONFLICT,False,0.0032690740008547436,0.0052391187963044105,0.17660560900908012,0.0010813480120511188,0.010300816940369424,0.0,0.0,0.0013973234996891792,0.0008418768408629627,0.0034638832721348204,5.793188899864337e-05,0.00019432275845653065,0.00081776898205276,0.8
HYBRID,high_delay-run-0002,500,5.0,3.0,GRID_VOLTAGE_SWELL,UNKNOWN,GRID_SWELL_OBSERVED|ABSTAIN_OUT_OF_DISTRIBUTION|ABSTAIN_LOW_CONFIDENCE|ABSTAIN_RULE_MODEL_CONFLICT,False,0.0034106470011465717,0.004888161450216025,0.15349816150531373,0.0007911573347957611,0.034459855243879414,0.0,0.0,0.0009567626778053228,0.000651972612322185,0.0040001880188315865,2.863404290243337e-05,0.000329927349639296,0.00039517976429419163,0.8
HYBRID,high_delay-run-0003,300,3.0,1.0,GRID_VOLTAGE_SWELL,UNKNOWN,GRID_SWELL_OBSERVED|ABSTAIN_OUT_OF_DISTRIBUTION|ABSTAIN_LOW_CONFIDENCE|ABSTAIN_RULE_MODEL_CONFLICT,False,0.0037966440031595994,0.003491669708272405,0.1737604149823593,0.0008937235374836683,0.016572678229641195,0.0,0.0,0.0011029375464999957,0.0006899564069357767,0.002914408645121805,4.319341469725725e-05,0.0002130665829103758,0.00031795094607815847,0.8
HYBRID,high_delay-run-0003,400,4.0,2.0,GRID_VOLTAGE_SWELL,UNKNOWN,GRID_SWELL_OBSERVED|ABSTAIN_OUT_OF_DISTRIBUTION|ABSTAIN_LOW_CONFIDENCE|ABSTAIN_RULE_MODEL_CONFLICT,False,0.003427190997172147,0.004425552591578832,0.17959530208544758,0.0006881337806586565,0.00934535031750381,0.0,0.0,0.00100875862002553,0.0010007132929235655,0.0029826899675134706,3.866101888912329e-05,9.326416323463346e-05,0.0008215741622247472,0.8
HYBRID,high_delay-run-0003,500,5.0,3.0,GRID_VOLTAGE_SWELL,UNKNOWN,GRID_SWELL_OBSERVED|ABSTAIN_OUT_OF_DISTRIBUTION|ABSTAIN_LOW_CONFIDENCE|ABSTAIN_RULE_MODEL_CONFLICT,False,0.0033462600003986154,0.005183117932709347,0.16699880292585903,0.0009021819217964438,0.021236783081532252,0.0,0.0,0.001184404560953914,0.0010538235012760016,0.0026339241122745275,4.931515093624826e-05,0.00016027722802464646,0.0005973695846375581,0.8
HYBRID,high_delay-run-0004,300,3.0,1.0,GRID_INTERRUPTION,UNKNOWN,GRID_LOSS_TO_UPS_RESPONSE|UPS_TRANSFER_PROPAGATION_EVIDENCE|ABSTAIN_OUT_OF_DISTRIBUTION|ABSTAIN_RULE_MODEL_CONFLICT,False,0.003439927000727039,0.004456151090205285,0.00021395721935331202,0.11909618280917576,0.0028550958418050477,0.07142857142857142,0.0,0.0003674864743100956,0.0002844152836640035,0.0010534100892938866,2.008809358128153e-05,2.9309074088014935e-05,0.0001953325959518263,0.8
HYBRID,high_delay-run-0004,400,4.0,2.0,GRID_INTERRUPTION,UNKNOWN,GRID_LOSS_TO_UPS_RESPONSE|UPS_TRANSFER_PROPAGATION_EVIDENCE|ABSTAIN_OUT_OF_DISTRIBUTION,False,0.0032180320013139863,0.004359411786429827,0.00011635833607062962,0.11635439469690798,0.006432686156962906,0.07142857142857142,0.0,0.0002602363150135855,0.00011436063463717171,0.0007982711807871934,1.0431547744325151e-05,3.969202449260378e-05,8.558589238232433e-05,0.8
HYBRID,high_delay-run-0004,500,5.0,3.0,GRID_INTERRUPTION,UNKNOWN,GRID_LOSS_TO_UPS_RESPONSE|UPS_TRANSFER_PROPAGATION_EVIDENCE|ABSTAIN_OUT_OF_DISTRIBUTION,False,0.0034018459991784766,0.006841992725338461,8.389313804391728e-05,0.11966267574646587,0.00114504987384399,0.07142857142857142,0.0,0.00019748869766696866,0.0002181668454951044,0.00037326902055269325,1.068287938687896e-05,1.898173318722905e-05,1.9227911447427915e-05,0.8
HYBRID,high_delay-run-0005,300,3.0,1.0,GRID_INTERRUPTION,UNKNOWN,GRID_LOSS_TO_UPS_RESPONSE|UPS_TRANSFER_PROPAGATION_EVIDENCE|ABSTAIN_OUT_OF_DISTRIBUTION|ABSTAIN_RULE_MODEL_CONFLICT,False,0.003597852999519091,0.0041606578879415,0.00010007159701379147,0.1193688228056737,0.003547051703117868,0.07142857142857142,0.0,0.00033959886288433553,0.0003274255919822658,0.0005950695623831592,1.5503003540625797e-05,6.832147277693347e-05,4.8906084114358446e-05,0.8
HYBRID,high_delay-run-0005,400,4.0,2.0,GRID_INTERRUPTION,UNKNOWN,GRID_LOSS_TO_UPS_RESPONSE|UPS_TRANSFER_PROPAGATION_EVIDENCE|ABSTAIN_CRITICAL_SENSOR_STALE|ABSTAIN_OUT_OF_DISTRIBUTION|ABSTAIN_RULE_MODEL_CONFLICT,False,0.0033094270002038684,0.004109117714653648,9.373535065571898e-05,0.12035978750971407,0.002889434743536291,0.07142857142857142,0.0,0.0002564808228021501,0.000163643603450027,0.0005975796156634008,1.384839217872151e-05,3.591008387793387e-05,5.189073489656776e-05,0.8
HYBRID,high_delay-run-0005,500,5.0,3.0,GRID_INTERRUPTION,UNKNOWN,GRID_LOSS_TO_UPS_RESPONSE|UPS_TRANSFER_PROPAGATION_EVIDENCE|ABSTAIN_OUT_OF_DISTRIBUTION,False,0.0033212039998034015,0.00633031134493513,6.5942164321147e-05,0.1200496378112993,0.0011773841140057249,0.07142857142857142,0.0,0.00017486089496231825,0.00018246682684106737,0.0005241360532341921,6.943888676944657e-06,9.007093097612154e-06,5.0738380055076875e-05,0.8
HYBRID,high_delay-run-0006,300,3.0,1.0,GRID_FREQUENCY_DEVIATION,UNKNOWN,GRID_FREQUENCY_DEVIATION_OBSERVED|ABSTAIN_OUT_OF_DISTRIBUTION|ABSTAIN_LOW_CONFIDENCE|ABSTAIN_RULE_MODEL_CONFLICT,False,0.0033719890016072895,0.006528121707368923,0.0008015519041516754,0.0015515381043506057,0.14357743796951886,0.0,0.0,0.0015314982762506602,0.0015438405614255296,0.003883451711776137,7.949568383856226e-05,0.00013951296964385084,0.0022883798251705527,0.8380751712865047
HYBRID,high_delay-run-0006,400,4.0,2.0,GRID_FREQUENCY_DEVIATION,UNKNOWN,GRID_FREQUENCY_DEVIATION_OBSERVED|ABSTAIN_OUT_OF_DISTRIBUTION,False,0.0032550889991398435,0.00044535366276807794,0.0001072204245001106,0.00015818100524643135,0.19848839455697304,0.0,0.0,0.00011976360799637543,8.645192834149102e-05,0.00046678275667270963,5.465128963087411e-06,9.531850006203919e-05,2.7068428476586218e-05,0.8
HYBRID,high_delay-run-0006,500,5.0,3.0,GRID_FREQUENCY_DEVIATION,UNKNOWN,GRID_FREQUENCY_DEVIATION_OBSERVED|ABSTAIN_OUT_OF_DISTRIBUTION|ABSTAIN_RULE_MODEL_CONFLICT,False,0.0033390600001439452,0.0015986861027209123,0.0004959895371911875,0.0005484557913859889,0.1947894275351462,0.0,0.0,0.00048156336957275696,0.0006028532265029762,0.0011168498714561746,3.619201567331373e-05,0.00024038808479737677,8.959446555308573e-05,0.8
HYBRID,high_delay-run-0007,300,3.0,1.0,GRID_FREQUENCY_DEVIATION,UNKNOWN,GRID_FREQUENCY_DEVIATION_OBSERVED|ABSTAIN_OUT_OF_DISTRIBUTION|ABSTAIN_LOW_CONFIDENCE|ABSTAIN_RULE_MODEL_CONFLICT,False,0.003439575997617794,0.0032554309546601813,0.0005247055594897756,0.000882577838537516,0.19176504396034855,0.0,0.0,0.0006790483817345367,0.0005763072092839881,0.0017033129888704413,4.379090742695401e-05,0.0003657028541169517,0.00020407934553107128,0.8
HYBRID,high_delay-run-0007,400,4.0,2.0,GRID_FREQUENCY_DEVIATION,UNKNOWN,GRID_FREQUENCY_DEVIATION_OBSERVED|ABSTAIN_OUT_OF_DISTRIBUTION|ABSTAIN_LOW_CONFIDENCE|ABSTAIN_RULE_MODEL_CONFLICT,False,0.003389813999092439,0.009819629460809715,0.002145644416123135,0.0018914800374190614,0.12955742409061077,0.0,0.0,0.0018190887145276594,0.0016634416287571359,0.007055463888278445,9.491252963649876e-05,0.0003647732988283709,0.002543010730265774,0.8430451312047434
HYBRID,high_delay-run-0007,500,5.0,3.0,GRID_FREQUENCY_DEVIATION,UNKNOWN,GRID_FREQUENCY_DEVIATION_OBSERVED|ABSTAIN_OUT_OF_DISTRIBUTION|ABSTAIN_LOW_CONFIDENCE|ABSTAIN_RULE_MODEL_CONFLICT,False,0.0033110590011347085,0.0036725798779453974,0.0005969104085490994,0.0009201813190411825,0.19027841985184926,0.0,0.0,0.0008844239329515707,0.0009703930570665246,0.001826676862841735,5.288604462683971e-05,0.0005152566455327303,0.0002822719995956118,0.8
HYBRID,high_delay-run-0008,300,3.0,1.0,PUMP_TRIP,UNKNOWN,VFD_TO_MOTOR_TO_PUMP_LOSS|VFD_DERATING_PROPAGATION_EVIDENCE|ABSTAIN_OUT_OF_DISTRIBUTION,False,0.003341237003041897,0.00022362841906686023,8.458775462359855e-05,0.00013581982258292018,0.0019323899230247112,0.0,0.07142857142857142,0.12571174390432716,0.00011892477455403601,0.00023854438483358182,5.819496091049918e-06,2.385025026411754e-05,9.611984206049561e-05,0.8
HYBRID,high_delay-run-0008,400,4.0,2.0,PUMP_TRIP,UNKNOWN,VFD_TO_MOTOR_TO_PUMP_LOSS|VFD_DERATING_PROPAGATION_EVIDENCE|ABSTAIN_OUT_OF_DISTRIBUTION|ABSTAIN_RULE_MODEL_CONFLICT,False,0.003226127999369055,0.0013573893949962528,0.00023624903343713967,0.0002736083171491015,0.005606454331796237,0.0,0.07142857142857142,0.1201124544871301,0.0002625863216617694,0.0005397053982920503,6.828170806200199e-06,2.3736164631016906e-05,0.0001524169515286646,0.8
HYBRID,high_delay-run-0008,500,5.0,3.0,PUMP_TRIP,UNKNOWN,VFD_TO_MOTOR_TO_PUMP_LOSS|VFD_DERATING_PROPAGATION_EVIDENCE|ABSTAIN_CRITICAL_SENSOR_STALE|ABSTAIN_OUT_OF_DISTRIBUTION,False,0.0034141659998567775,0.0010196453116896867,0.00020424322458679272,0.00025555425074986365,0.013971402484134157,0.0,0.07142857142857142,0.11225986439423022,0.00015074021844934814,0.0005473983499812298,8.874050117207349e-06,6.374255316355976e-05,8.996373432647332e-05,0.8
HYBRID,high_delay-run-0009,300,3.0,1.0,PUMP_TRIP,UNKNOWN,VFD_TO_MOTOR_TO_PUMP_LOSS|VFD_DERATING_PROPAGATION_EVIDENCE|ABSTAIN_OUT_OF_DISTRIBUTION,False,0.003452471999480622,0.0002657714893144784,8.247824749448926e-05,0.00015868070644464648,0.0034453648572271727,0.0,0.07142857142857142,0.12422681353297017,9.554249464040337e-05,0.0001922336257629348,6.516492815875963e-06,8.8498010089144e-06,8.917732374942477e-05,0.8
HYBRID,high_delay-run-0009,400,4.0,2.0,PUMP_TRIP,UNKNOWN,VFD_TO_MOTOR_TO_PUMP_LOSS|VFD_DERATING_PROPAGATION_EVIDENCE|ABSTAIN_OUT_OF_DISTRIBUTION|ABSTAIN_RULE_MODEL_CONFLICT,False,0.0035284100013086572,0.0008548942095187718,0.00020959182743586746,0.00030670415188655914,0.0048466068290080695,0.0,0.07142857142857142,0.12168800570991756,0.00020207672439117707,0.0002950478906549114,1.3930949920631757e-05,3.7079036962301596e-05,0.00011749124173268245,0.8
HYBRID,high_delay-run-0009,500,5.0,3.0,PUMP_TRIP,UNKNOWN,VFD_TO_MOTOR_TO_PUMP_LOSS|VFD_DERATING_PROPAGATION_EVIDENCE|ABSTAIN_CRITICAL_SENSOR_STALE|ABSTAIN_OUT_OF_DISTRIBUTION|ABSTAIN_RULE_MODEL_CONFLICT,False,0.003372628998477012,0.0007442045605568971,0.00025492679062765985,0.0003106063707938343,0.019796290671606855,0.0,0.07142857142857142,0.1068101573331236,0.0002457303314853459,0.0003499592563022715,7.271541887758589e-06,2.7190513723838326e-05,2.509120132046762e-05,0.8
HYBRID,high_delay-run-0010,300,3.0,1.0,VALVE_RESTRICTION,UNKNOWN,VALVE_TO_TOOL_FLOW_RESTRICTION|ABSTAIN_OUT_OF_DISTRIBUTION,False,0.0033476999997219536,0.0013576944461970194,0.00038038512673328794,0.0003724628157747111,0.006627809825388562,0.0,0.0,0.0003145343706171291,0.19044263653070506,0.0003749305274144618,1.7856032215425372e-05,3.8456741549969385e-05,7.32335834043195e-05,0.8
HYBRID,high_delay-run-0010,400,4.0,2.0,VALVE_RESTRICTION,UNKNOWN,VALVE_TO_TOOL_FLOW_RESTRICTION|ABSTAIN_OUT_OF_DISTRIBUTION,False,0.003202256000804482,0.0015562116991594405,0.0004427125063891752,0.0003222481391575765,0.014659292183011787,0.0,0.0,0.0003270431162346567,0.1820179778147611,0.000532731716538787,9.310692852617232e-06,3.5616930957453446e-05,9.685520093736558e-05,0.8
HYBRID,high_delay-run-0010,500,5.0,3.0,VALVE_RESTRICTION,UNKNOWN,VALVE_TO_TOOL_FLOW_RESTRICTION|ABSTAIN_CRITICAL_SENSOR_STALE|ABSTAIN_OUT_OF_DISTRIBUTION|ABSTAIN_RULE_MODEL_CONFLICT,False,0.0033846939986688085,0.0007084386173340188,0.000179161488962413,0.00021497432891953017,0.0011956412690588968,0.0,0.0,0.00028770073561932327,0.1969244251685717,0.0003411862764728445,1.6669939573211164e-05,4.924118951189416e-05,8.256098597611906e-05,0.8
HYBRID,high_delay-run-0011,300,3.0,1.0,VALVE_RESTRICTION,UNKNOWN,VALVE_TO_TOOL_FLOW_RESTRICTION|ABSTAIN_OUT_OF_DISTRIBUTION|ABSTAIN_LOW_CONFIDENCE|ABSTAIN_RULE_MODEL_CONFLICT,False,0.0034151260006183293,0.007078649511139977,0.0009052129603763911,0.0017452723157182165,0.008211917906484673,0.0,0.0,0.001555488450262105,0.1749372669996302,0.004131778815720183,4.987336597482414e-05,0.0003513428563396368,0.0010331968183537644,0.8
HYBRID,high_delay-run-0011,400,4.0,2.0,VALVE_RESTRICTION,UNKNOWN,VALVE_TO_TOOL_FLOW_RESTRICTION|ABSTAIN_OUT_OF_DISTRIBUTION|ABSTAIN_LOW_CONFIDENCE|ABSTAIN_RULE_MODEL_CONFLICT,False,0.0034983609984919894,0.004718524184588285,0.001070437269369514,0.001580384602771281,0.02108949255117915,0.0,0.0,0.0014302652507251622,0.16618721037194056,0.0030344628331213127,8.950488980264484e-05,0.000213843033637151,0.0005858750128648735,0.8
HYBRID,high_delay-run-0011,500,5.0,3.0,VALVE_RESTRICTION,UNKNOWN,VALVE_TO_TOOL_FLOW_RESTRICTION|ABSTAIN_OUT_OF_DISTRIBUTION|ABSTAIN_LOW_CONFIDENCE|ABSTAIN_RULE_MODEL_CONFLICT,False,0.003384054001799086,0.0031915397963301674,0.0007305551796359731,0.0012909806653539305,0.011041459343438411,0.0,0.0,0.0011089736832550162,0.17874344394669509,0.0030842857484348757,5.8238916781476466e-05,7.72002484196984e-05,0.0006733224716553288,0.8
HYBRID,high_delay-run-0012,300,3.0,1.0,TOOL_DEMAND_SPIKE,UNKNOWN,TOOL_DEMAND_TO_HYDRAULIC_RESPONSE|ABSTAIN_OUT_OF_DISTRIBUTION|ABSTAIN_RULE_MODEL_CONFLICT,False,0.0033687890027067624,0.0006938755192334075,0.00012901278054308667,0.00016979780858883086,0.0008308405863971315,0.0,0.0,0.00017153323387780774,0.00018418499373070346,0.19768164910745725,6.918205605114561e-06,8.950196259770977e-06,0.000123237568306842,0.8
HYBRID,high_delay-run-0012,400,4.0,2.0,TOOL_DEMAND_SPIKE,UNKNOWN,TOOL_DEMAND_TO_HYDRAULIC_RESPONSE|ABSTAIN_OUT_OF_DISTRIBUTION|ABSTAIN_RULE_MODEL_CONFLICT,False,0.003175117999489885,0.0005819130359636059,0.00011342024916983134,0.00016838806787967706,0.0012974073129465647,0.0,0.0,0.00014996444891867926,0.00010788096935872686,0.19748229815418136,6.0511908389698305e-06,2.198898980109379e-05,7.068758094144913e-05,0.8
HYBRID,high_delay-run-0012,500,5.0,3.0,TOOL_DEMAND_SPIKE,UNKNOWN,TOOL_DEMAND_TO_HYDRAULIC_RESPONSE|ABSTAIN_OUT_OF_DISTRIBUTION|ABSTAIN_RULE_MODEL_CONFLICT,False,0.0033207870001206174,0.0008076205908569975,0.00016346598318118063,0.00025021320198909927,0.0030303651790278673,0.0,0.0,0.00020495876856290569,0.0001827162818051139,0.19524034165679852,1.2637277694368754e-05,6.161353194618286e-05,4.6067528137725764e-05,0.8
HYBRID,high_delay-run-0013,300,3.0,1.0,TOOL_DEMAND_SPIKE,UNKNOWN,TOOL_DEMAND_TO_HYDRAULIC_RESPONSE|ABSTAIN_OUT_OF_DISTRIBUTION|ABSTAIN_LOW_CONFIDENCE|ABSTAIN_RULE_MODEL_CONFLICT,False,0.003414934002648806,0.0031297509454794653,0.000489179140048139,0.0009050575524582387,0.05377874719466716,0.0,0.0,0.0007042664942227037,0.0004417002095475154,0.14000039777237494,2.3844543462601274e-05,0.00036959512146248245,0.00015746102627673436,0.8
HYBRID,high_delay-run-0013,400,4.0,2.0,TOOL_DEMAND_SPIKE,UNKNOWN,TOOL_DEMAND_TO_HYDRAULIC_RESPONSE|ABSTAIN_OUT_OF_DISTRIBUTION|ABSTAIN_LOW_CONFIDENCE|ABSTAIN_RULE_MODEL_CONFLICT,False,0.003458264000073541,0.005632798140025067,0.0010011916385578275,0.001427748754300746,0.052468021997455115,0.0,0.0,0.0011200812690028666,0.0010377777242512323,0.13632936352622446,6.129230520808601e-05,0.0008170874617889434,0.0001046371831855929,0.8
HYBRID,high_delay-run-0013,500,5.0,3.0,TOOL_DEMAND_SPIKE,UNKNOWN,TOOL_DEMAND_TO_HYDRAULIC_RESPONSE|ABSTAIN_OUT_OF_DISTRIBUTION|ABSTAIN_LOW_CONFIDENCE|ABSTAIN_LOW_MARGIN|ABSTAIN_RULE_MODEL_CONFLICT,False,0.0034419110015733168,0.0018868593185926807,0.0006703778967123577,0.0008654398791246877,0.08763934611092063,0.0,0.0,0.0005923323366941584,0.0004381196157729372,0.1074983515991822,2.740743525404392e-05,9.57669048421097e-05,0.00028599890290414927,0.8
HYBRID,high_delay-run-0014,300,3.0,1.0,THERMAL_EXCURSION,UNKNOWN,ABSTAIN_OUT_OF_DISTRIBUTION|ABSTAIN_LOW_CONFIDENCE|ABSTAIN_LOW_MARGIN,False,0.003382678001798922,0.006207049791582489,0.001224259632212628,0.0018566313055161387,0.013142860757015614,0.0,0.0,0.0016339010839618927,0.0014608093912937606,0.004163466429830102,0.00589549437623089,0.0002492928405952334,0.0005101025308105789,0.9636561318609507
HYBRID,high_delay-run-0014,400,4.0,2.0,THERMAL_EXCURSION,UNKNOWN,UPW_THERMAL_DEVIATION_OBSERVED|ABSTAIN_OUT_OF_DISTRIBUTION|ABSTAIN_LOW_CONFIDENCE|ABSTAIN_LOW_MARGIN|ABSTAIN_RULE_MODEL_CONFLICT,False,0.0032372329987993,0.010982550385908197,0.0018142091403188895,0.003391378116912498,0.012980484178195893,0.0,0.0,0.003146121995451506,0.002386109901177723,0.006738839990776813,0.05000556300980718,0.0005483058677282061,0.0012354833539130821,0.90677095405981
HYBRID,high_delay-run-0014,500,5.0,3.0,THERMAL_EXCURSION,UNKNOWN,UPW_THERMAL_DEVIATION_OBSERVED|ABSTAIN_CRITICAL_SENSOR_STALE|ABSTAIN_OUT_OF_DISTRIBUTION|ABSTAIN_LOW_CONFIDENCE|ABSTAIN_RULE_MODEL_CONFLICT,False,0.0032887540000956506,0.011003736370413958,0.0021328836074948876,0.003189930307210789,0.03189705586577749,0.0,0.0,0.00283994011112927,0.0018878774540831598,0.0058366519326444,0.1402581505102469,0.00019704632132293913,0.0007567275196761673,0.8
HYBRID,high_delay-run-0015,300,3.0,1.0,THERMAL_EXCURSION,UNKNOWN,UPW_THERMAL_DEVIATION_OBSERVED|ABSTAIN_OUT_OF_DISTRIBUTION|ABSTAIN_LOW_CONFIDENCE|ABSTAIN_LOW_MARGIN,False,0.0034675129973038565,0.003671519264895,0.0008707103928209679,0.0018031820208288462,0.009299842858579798,0.0,0.0,0.0017358835303911593,0.0008988083338536735,0.0028362375977585195,0.026880786361530865,0.00030404101191807515,0.0006004017777868751,0.9510985868496362
HYBRID,high_delay-run-0015,400,4.0,2.0,THERMAL_EXCURSION,UNKNOWN,UPW_THERMAL_DEVIATION_OBSERVED|ABSTAIN_OUT_OF_DISTRIBUTION|ABSTAIN_LOW_CONFIDENCE|ABSTAIN_RULE_MODEL_CONFLICT,False,0.003491706000204431,0.007639696378281752,0.0028245074512338753,0.0029260264515465705,0.05077085834820087,0.0,0.0,0.0026847686262572623,0.0017111787943178808,0.012652576660608296,0.11789835325232306,0.000498423668683565,0.0003936103685468103,0.8
HYBRID,high_delay-run-0015,500,5.0,3.0,THERMAL_EXCURSION,UNKNOWN,UPW_THERMAL_DEVIATION_OBSERVED|ABSTAIN_OUT_OF_DISTRIBUTION|ABSTAIN_RULE_MODEL_CONFLICT,False,0.003380213998752879,0.0017448162378782461,0.000540047697435001,0.0008545079213954315,0.003053160763036578,0.0,0.0,0.0008467810530666251,0.0005718975945247369,0.0014366240972957588,0.19070821014329156,9.80164060098697e-05,0.0001459380860661849,0.8
HYBRID,high_delay-run-0016,300,3.0,1.0,PRESSURE_SENSOR_FAULT,UNKNOWN,PRESSURE_REDUNDANCY_RESIDUAL|ABSTAIN_CRITICAL_SENSOR_STALE|ABSTAIN_OUT_OF_DISTRIBUTION|ABSTAIN_LOW_CONFIDENCE|ABSTAIN_LOW_MARGIN|ABSTAIN_RULE_MODEL_CONFLICT,False,0.003341236002597725,0.011733494618494352,0.002944089390518435,0.004721131737195501,0.09107669462684786,0.0,0.0,0.0045173342416279455,0.0034880439635578795,0.02954210701979596,0.00018599940415650197,0.004103846601911826,0.003982335919503436,0.8437049224763903
HYBRID,high_delay-run-0016,400,4.0,2.0,PRESSURE_SENSOR_FAULT,UNKNOWN,PRESSURE_REDUNDANCY_RESIDUAL|ABSTAIN_OUT_OF_DISTRIBUTION|ABSTAIN_LOW_CONFIDENCE|ABSTAIN_LOW_MARGIN|ABSTAIN_RULE_MODEL_CONFLICT,False,0.0032097110015456565,0.021251624790318443,0.004964080671871749,0.004929046698596165,0.09587132708029752,0.0,0.0,0.005724821543727055,0.005366972812945027,0.02331540613518617,0.0002558805500291489,0.006847878434885292,0.0032245945983114797,0.828248366683832
HYBRID,high_delay-run-0016,500,5.0,3.0,PRESSURE_SENSOR_FAULT,UNKNOWN,PRESSURE_REDUNDANCY_RESIDUAL|ABSTAIN_OUT_OF_DISTRIBUTION|ABSTAIN_LOW_CONFIDENCE|ABSTAIN_LOW_MARGIN|ABSTAIN_RULE_MODEL_CONFLICT,False,0.003367828998307232,0.014461710647068471,0.002790908406452833,0.002625436962165653,0.11664765715830244,0.0,0.0,0.002897859940706108,0.0018090838211454248,0.01755143881936426,6.603124408352771e-05,0.010384185429200932,0.0006447734755722214,0.8301209140959381
HYBRID,high_delay-run-0017,300,3.0,1.0,PRESSURE_SENSOR_FAULT,UNKNOWN,PRESSURE_REDUNDANCY_RESIDUAL|ABSTAIN_CRITICAL_SENSOR_STALE|ABSTAIN_OUT_OF_DISTRIBUTION|ABSTAIN_LOW_CONFIDENCE|ABSTAIN_LOW_MARGIN|ABSTAIN_RULE_MODEL_CONFLICT,False,0.0033815249989856966,0.008206968628359497,0.0010656144004980493,0.0022892895289673334,0.0844537307304162,0.0,0.0,0.0016878282238447038,0.001795701047371315,0.004887980674763511,8.325378516112677e-05,0.0041912220038851375,0.0016397826160157848,0.8896986283607173
HYBRID,high_delay-run-0017,400,4.0,2.0,PRESSURE_SENSOR_FAULT,UNKNOWN,PRESSURE_REDUNDANCY_RESIDUAL|ABSTAIN_OUT_OF_DISTRIBUTION|ABSTAIN_LOW_CONFIDENCE|ABSTAIN_LOW_MARGIN|ABSTAIN_RULE_MODEL_CONFLICT,False,0.003265201001340756,0.007329766476146664,0.0017577386743913932,0.002108197160095976,0.029366030151468655,0.0,0.0,0.0019031919157651844,0.0020767505833875514,0.003917774416638591,0.00012554413817322758,0.01056748296866018,0.0017088673227109257,0.9391386561925616
HYBRID,high_delay-run-0017,500,5.0,3.0,PRESSURE_SENSOR_FAULT,UNKNOWN,PRESSURE_REDUNDANCY_RESIDUAL|ABSTAIN_OUT_OF_DISTRIBUTION|ABSTAIN_LOW_CONFIDENCE|ABSTAIN_LOW_MARGIN|ABSTAIN_RULE_MODEL_CONFLICT,False,0.003528122997522587,0.007343129431912799,0.0017780499108092734,0.0015465607049973298,0.01667967588266898,0.0,0.0,0.0011997805593511478,0.0017983929018322614,0.0019332073254144393,7.270940647201383e-05,0.005125643172767367,0.0004785568658358381,0.9620442938379385
HYBRID,high_delay-run-0018,300,3.0,1.0,FLOW_SENSOR_FAULT,UNKNOWN,FLOW_REDUNDANCY_RESIDUAL|ABSTAIN_OUT_OF_DISTRIBUTION|ABSTAIN_LOW_CONFIDENCE|ABSTAIN_LOW_MARGIN|ABSTAIN_RULE_MODEL_CONFLICT,False,0.003466999998636311,0.01598824776978678,0.005710207100844557,0.005231083260415212,0.12054954142878065,0.0,0.0,0.005241169639956286,0.004319908064561619,0.009918987341577713,0.0002517706646972334,0.0014250063570498271,0.03136407837233007,0.8
HYBRID,high_delay-run-0018,400,4.0,2.0,FLOW_SENSOR_FAULT,UNKNOWN,FLOW_REDUNDANCY_RESIDUAL|ABSTAIN_OUT_OF_DISTRIBUTION|ABSTAIN_LOW_CONFIDENCE,False,0.003250065001338953,0.004658033201757394,0.0018647507457904776,0.0019523461391207945,0.1792708892618699,0.0,0.0,0.0019364277289203567,0.0014533738093062552,0.003259383113067498,0.00012038693328599751,0.0010166783111370795,0.004467730755744211,0.8
HYBRID,high_delay-run-0018,500,5.0,3.0,FLOW_SENSOR_FAULT,UNKNOWN,FLOW_REDUNDANCY_RESIDUAL|ABSTAIN_CRITICAL_SENSOR_STALE|ABSTAIN_OUT_OF_DISTRIBUTION|ABSTAIN_LOW_CONFIDENCE|ABSTAIN_LOW_MARGIN|ABSTAIN_RULE_MODEL_CONFLICT,False,0.0033890779995999765,0.008166008855398078,0.0019395265054694703,0.001669451476757612,0.016436557525948855,0.0,0.0,0.0018588037610710643,0.001326417588197782,0.0035469473705401254,9.03441050825812e-05,0.0002623856431817642,0.008658426555975715,0.956045130612377
HYBRID,high_delay-run-0019,300,3.0,1.0,FLOW_SENSOR_FAULT,UNKNOWN,FLOW_REDUNDANCY_RESIDUAL|ABSTAIN_OUT_OF_DISTRIBUTION|ABSTAIN_LOW_CONFIDENCE|ABSTAIN_RULE_MODEL_CONFLICT,False,0.0034185510012321174,0.01076491992681025,0.0036839391785222844,0.005144598942836688,0.1352270076900537,0.0,0.0,0.003728227408108227,0.003317381002556733,0.009761987799461408,0.0003976087891537346,0.001099789996890639,0.026874539265606314,0.8
HYBRID,high_delay-run-0019,400,4.0,2.0,FLOW_SENSOR_FAULT,UNKNOWN,FLOW_REDUNDANCY_RESIDUAL|ABSTAIN_OUT_OF_DISTRIBUTION|ABSTAIN_LOW_CONFIDENCE|ABSTAIN_LOW_MARGIN|ABSTAIN_RULE_MODEL_CONFLICT,False,0.0032523369991395157,0.009078275236466045,0.00168945174385303,0.002232395125702261,0.02328375983244738,0.0,0.0,0.002287373659332032,0.00342258597027266,0.008427383974523459,0.00013258161827112456,0.00071491939875134,0.02321338891836278,0.9255178845220179
HYBRID,high_delay-run-0019,500,5.0,3.0,FLOW_SENSOR_FAULT,UNKNOWN,FLOW_REDUNDANCY_RESIDUAL|ABSTAIN_OUT_OF_DISTRIBUTION|ABSTAIN_LOW_CONFIDENCE|ABSTAIN_LOW_MARGIN|ABSTAIN_RULE_MODEL_CONFLICT,False,0.003544859999237815,0.012438343901428235,0.0022046234475595534,0.0035630653965395822,0.1123664078247101,0.0,0.0,0.002817505056756557,0.00232960634789338,0.009707231574045988,0.00020205146456968363,0.0014721790673423618,0.018999481616946087,0.8338995043022085
HYBRID,high_delay-run-0020,300,3.0,1.0,UNKNOWN,UNKNOWN,ABSTAIN_OUT_OF_DISTRIBUTION|ABSTAIN_LOW_CONFIDENCE|ABSTAIN_LOW_MARGIN,False,0.0034237670006405097,0.00100359615412089,0.0001967173921921855,0.00028314021941376524,0.0034337685454579416,0.0,0.0,0.00026427355330878815,0.00025554950925056423,0.0006039372871429686,1.5271311070867673e-05,8.05984588992152e-05,0.00023881173182612923,0.9936243358373167
HYBRID,high_delay-run-0020,400,4.0,2.0,UNKNOWN,UNKNOWN,ABSTAIN_OUT_OF_DISTRIBUTION|ABSTAIN_LOW_CONFIDENCE|ABSTAIN_LOW_MARGIN,False,0.0032030869988375343,0.0006762362710240892,0.00010163467771819062,0.00022041250625561186,0.0035473378908178143,0.0,0.0,0.00018188202249450432,0.0002116582556708237,0.0005372629175471016,7.760255539338669e-06,2.158139827940013e-05,0.00016833175112035255,0.9943259020535328
HYBRID,high_delay-run-0020,500,5.0,3.0,UNKNOWN,UNKNOWN,ABSTAIN_OUT_OF_DISTRIBUTION|ABSTAIN_LOW_CONFIDENCE|ABSTAIN_LOW_MARGIN,False,0.003374453001015354,0.0012820364097258377,0.0005180499867413775,0.0004420986963557948,0.02576379568888814,0.0,0.0,0.0004082445696470408,0.00027353462159262023,0.0014677483705172736,1.5923736918236244e-05,0.00018893934522918405,0.00022366433682922255,0.9694159642375553
HYBRID,high_delay-run-0021,300,3.0,1.0,UNKNOWN,UNKNOWN,ABSTAIN_OUT_OF_DISTRIBUTION|ABSTAIN_LOW_CONFIDENCE|ABSTAIN_LOW_MARGIN,False,0.0033544520010764245,0.0009365783028458687,0.00018030623879064885,0.00026478151175306577,0.006867532437747283,0.0,0.0,0.00024251310159075987,0.0002484502113556895,0.0005211640681890411,1.1058343824266223e-05,0.00024895239463478344,6.048769862787024e-05,0.9904181756906407
HYBRID,high_delay-run-0021,400,4.0,2.0,UNKNOWN,UNKNOWN,ABSTAIN_OUT_OF_DISTRIBUTION|ABSTAIN_LOW_CONFIDENCE|ABSTAIN_LOW_MARGIN,False,0.003258769000240136,0.002042628584725182,0.0005578303510513629,0.00055553549645038,0.017566343702174442,0.0,0.0,0.0004745428101723858,0.0004488539983850337,0.0016359793434578289,2.002725748107726e-05,0.00014046106384121978,0.0003064530920951742,0.9762513443001659
HYBRID,high_delay-run-0021,500,5.0,3.0,UNKNOWN,UNKNOWN,ABSTAIN_OUT_OF_DISTRIBUTION|ABSTAIN_LOW_CONFIDENCE|ABSTAIN_LOW_MARGIN,False,0.003637437999714166,0.0013297161601483827,0.00030104423195785856,0.00040480649762180077,0.01179849449137405,0.0,0.0,0.000315572573480305,0.00030051848066740887,0.0011685853211219745,1.2406748564157242e-05,3.8810247601700776e-05,0.00032380033779410395,0.9840062449096683
HYBRID,high_dropout-run-0000,300,3.0,1.0,GRID_VOLTAGE_SAG,UNKNOWN,GRID_SAG_TO_UPS_RESPONSE|UPS_TRANSFER_PROPAGATION_EVIDENCE|ABSTAIN_OUT_OF_DISTRIBUTION|ABSTAIN_RULE_MODEL_CONFLICT,False,0.004443194000486983,0.12259729137211288,0.0003068316058620426,0.0011406531645828653,0.0018740934035416021,0.07142857142857142,0.0,0.00038867258947214927,0.0007711921059369521,0.0007934544525092736,7.38706981307315e-05,0.0006101790759126837,1.5190103367342948e-05,0.8
HYBRID,high_dropout-run-0000,400,4.0,2.0,GRID_VOLTAGE_SAG,GRID_VOLTAGE_SAG,GRID_SAG_TO_UPS_RESPONSE|UPS_TRANSFER_PROPAGATION_EVIDENCE,False,0.0033472520008217543,0.8218576109420433,0.004340121132933857,0.016956899141852534,0.009671132287211422,0.1,0.0,0.0032920914470521297,0.004846456582647799,0.005253633128010841,0.0013311437263985326,0.0011250231753782457,0.01017804825400482,0.02114784018246642
HYBRID,high_dropout-run-0000,500,5.0,3.0,GRID_VOLTAGE_SAG,UNKNOWN,GRID_SAG_TO_UPS_RESPONSE|UPS_TRANSFER_PROPAGATION_EVIDENCE|ABSTAIN_OUT_OF_DISTRIBUTION,False,0.003483544998744037,0.12481750180306252,0.00017617043425595535,0.0009790320978891444,0.00164201281582463,0.07142857142857142,0.0,0.00015781439421828664,7.61916918684592e-05,0.0005970898353778864,3.7365456517419054e-05,5.5440338678747935e-06,8.270600854634212e-05,0.8
HYBRID,high_dropout-run-0001,300,3.0,1.0,GRID_VOLTAGE_SAG,UNKNOWN,GRID_SAG_TO_UPS_RESPONSE|UPS_TRANSFER_PROPAGATION_EVIDENCE|ABSTAIN_OUT_OF_DISTRIBUTION,False,0.0034378149975964334,0.1088103075940706,0.00034807900722392003,0.00487475425826721,0.00562926543655842,0.07142857142857142,0.0,0.0009986096951173596,0.0014567841565184753,0.002629255474366641,0.0004323210182978741,0.00023564899405486254,0.0031564029369531748,0.8
HYBRID,high_dropout-run-0001,400,4.0,2.0,GRID_VOLTAGE_SAG,GRID_VOLTAGE_SAG,GRID_SAG_TO_UPS_RESPONSE|UPS_TRANSFER_PROPAGATION_EVIDENCE,False,0.0032451360020786524,0.8433433082306562,0.0018919008556051546,0.010312951379882215,0.0015222862459978066,0.1,0.0,0.002253916926475687,0.0038462163545268237,0.004464989063404478,0.0010436902107083758,0.0048513779494923776,0.0005366240513636341,0.02593273873188722
HYBRID,high_dropout-run-0001,500,5.0,3.0,GRID_VOLTAGE_SAG,UNKNOWN,GRID_SAG_TO_UPS_RESPONSE|UPS_TRANSFER_PROPAGATION_EVIDENCE|ABSTAIN_OUT_OF_DISTRIBUTION,False,0.0037579870004265103,0.12501474630959492,0.0001646962295867135,0.0016944879754412644,0.0003326952963339386,0.07142857142857142,0.0,0.00021976922390957844,0.00034860486450023737,0.0002677013310641674,7.863108047462067e-05,0.00028027182021106445,0.0001698244403120196,0.8
HYBRID,high_dropout-run-0002,300,3.0,1.0,GRID_VOLTAGE_SWELL,UNKNOWN,GRID_SWELL_OBSERVED|ABSTAIN_OUT_OF_DISTRIBUTION|ABSTAIN_LOW_CONFIDENCE,False,0.0034185190015705302,0.0101333384373543,0.1426471711440214,0.0017530725320737035,0.0028717658389767523,0.0,0.0,0.0015968210144083172,0.001782445114795878,0.0022719971950301713,0.0003649694825620359,0.0011778040427237043,0.00041064855126847374,0.8349899666467853
HYBRID,high_dropout-run-0002,400,4.0,2.0,GRID_VOLTAGE_SWELL,UNKNOWN,GRID_SWELL_OBSERVED|ABSTAIN_OUT_OF_DISTRIBUTION|ABSTAIN_LOW_CONFIDENCE|ABSTAIN_LOW_MARGIN,False,0.0032770420002634637,0.006387383153041963,0.019258659622348028,0.0009590510382269264,0.003392635226412597,0.0,0.0,0.001214717163059864,0.0016288658582091335,0.003844111580120449,0.00022579190900365008,0.0007263698864684677,8.337477278622185e-05,0.9622790397903227
HYBRID,high_dropout-run-0002,500,5.0,3.0,GRID_VOLTAGE_SWELL,UNKNOWN,GRID_SWELL_OBSERVED|ABSTAIN_OUT_OF_DISTRIBUTION|ABSTAIN_LOW_CONFIDENCE|ABSTAIN_LOW_MARGIN,False,0.003435192000324605,0.015418304159971407,0.09541854850043917,0.0042265449040910525,0.010799241684294709,0.0,0.0,0.0054898142398216426,0.01164241383979214,0.006854611882573115,0.0026029166055015966,0.005305277340989319,0.0034716344018657958,0.83877069244066
HYBRID,high_dropout-run-0003,300,3.0,1.0,GRID_VOLTAGE_SWELL,UNKNOWN,GRID_SWELL_OBSERVED|ABSTAIN_OUT_OF_DISTRIBUTION|ABSTAIN_LOW_CONFIDENCE|ABSTAIN_RULE_MODEL_CONFLICT,False,0.0034903929990832694,0.006536228631834182,0.15655049011413932,0.0012138656151772956,0.004969524317601435,0.0,0.0,0.001913634976565434,0.002315613326565526,0.002522327239458836,0.000704416944936276,0.0003411531123888864,0.022932745721332765,0.8
HYBRID,high_dropout-run-0003,400,4.0,2.0,GRID_VOLTAGE_SWELL,UNKNOWN,GRID_SWELL_OBSERVED|ABSTAIN_OUT_OF_DISTRIBUTION,False,0.0033458440011600032,0.002797006759847242,0.18172053973989172,0.0005026272618650232,0.008155529409228021,0.0,0.0,0.0008621703658289485,0.0009953090654982058,0.0018622456360443598,0.00037285147436228627,0.00028902321573653786,0.0024426970716976016,0.8
HYBRID,high_dropout-run-0003,500,5.0,3.0,GRID_VOLTAGE_SWELL,GRID_VOLTAGE_SWELL,GRID_SWELL_OBSERVED,False,0.0036822080001002178,0.00959246501240542,0.808157176377855,0.005209513807905419,0.07226658110630879,0.0,0.0,0.006809331131107579,0.012133877997694817,0.013157425112248388,0.0029328180505009895,0.0067025621746373346,0.034271754969419053,0.02876649425991726
HYBRID,high_dropout-run-0004,300,3.0,1.0,GRID_INTERRUPTION,UNKNOWN,GRID_LOSS_TO_UPS_RESPONSE|UPS_TRANSFER_PROPAGATION_EVIDENCE|ABSTAIN_OUT_OF_DISTRIBUTION,False,0.0034506159972806927,0.001294989699352427,0.00011087358362694767,0.12053856969904148,0.003503959110380105,0.07142857142857144,0.0,0.0002399770483044391,0.0002758162251315737,0.0008491942770549269,5.142292881971882e-05,7.3055884284732635e-06,0.0016993204112884478,0.8
HYBRID,high_dropout-run-0004,400,4.0,2.0,GRID_INTERRUPTION,UNKNOWN,GRID_LOSS_TO_UPS_RESPONSE|UPS_TRANSFER_PROPAGATION_EVIDENCE|ABSTAIN_OUT_OF_DISTRIBUTION,False,0.0032358240023313556,0.0038394808450841326,0.00026258509442226105,0.12171032397559677,0.0001455912964659817,0.07142857142857144,0.0,0.00029864560503308857,0.00045253705467334016,0.0005762797214963491,0.0002352991029515265,0.00019438526743451257,0.0008563006082705735,0.8
HYBRID,high_dropout-run-0004,500,5.0,3.0,GRID_INTERRUPTION,UNKNOWN,GRID_LOSS_TO_UPS_RESPONSE|UPS_TRANSFER_PROPAGATION_EVIDENCE|ABSTAIN_OUT_OF_DISTRIBUTION,False,0.0034641199999896344,0.002910575747696057,5.3586611667168526e-05,0.12185242024453871,0.0020861491833144897,0.07142857142857142,0.0,0.00014490713246379628,6.869589360074141e-05,0.00030681211530519264,3.190307888558585e-05,1.204639332145532e-05,0.0011043321706353316,0.8
HYBRID,high_dropout-run-0005,300,3.0,1.0,GRID_INTERRUPTION,UNKNOWN,GRID_LOSS_TO_UPS_RESPONSE|UPS_TRANSFER_PROPAGATION_EVIDENCE|ABSTAIN_OUT_OF_DISTRIBUTION,False,0.003514042000460904,0.0028665297600588492,0.00019880163986294951,0.12322947623071498,0.0008591745140124683,0.07142857142857142,0.0,0.00026388099346160386,0.0005688429992867938,0.0002522486614234241,0.00013507068934428613,0.00015294529208232939,4.445779118084731e-05,0.8
HYBRID,high_dropout-run-0005,400,4.0,2.0,GRID_INTERRUPTION,UNKNOWN,GRID_LOSS_TO_UPS_RESPONSE|UPS_TRANSFER_PROPAGATION_EVIDENCE|ABSTAIN_OUT_OF_DISTRIBUTION,False,0.003302418001112528,0.002966487394736481,0.0004245733109862834,0.12006776401208016,0.0026053451084949637,0.07142857142857142,0.0,0.0003321713087768218,0.00011674617794041746,0.0005334274251105625,7.692120980636613e-05,0.0010462075756621741,0.0004017850478342787,0.8
HYBRID,high_dropout-run-0005,500,5.0,3.0,GRID_INTERRUPTION,UNKNOWN,GRID_LOSS_TO_UPS_RESPONSE|UPS_TRANSFER_PROPAGATION_EVIDENCE|ABSTAIN_OUT_OF_DISTRIBUTION,False,0.0036849280004389584,0.003208353184543697,6.383973312877353e-05,0.12388565614485235,0.0007083961092863042,0.07142857142857142,0.0,0.00015974027852968585,0.00019556184773726084,0.0001881363379774369,4.583697134386345e-05,4.5487435145241624e-05,7.04205288839286e-05,0.8
HYBRID,high_dropout-run-0006,300,3.0,1.0,GRID_FREQUENCY_DEVIATION,UNKNOWN,GRID_FREQUENCY_DEVIATION_OBSERVED|ABSTAIN_OUT_OF_DISTRIBUTION,False,0.0034273189994564746,0.00472688860429711,0.0017218166152756188,0.0014480014867131066,0.15995929381449764,0.0,0.0,0.001834179652579009,0.0034708176872480395,0.00241215343238078,0.0008113675341544747,0.022907556799067995,0.0007079243737861739,0.8
HYBRID,high_dropout-run-0006,400,4.0,2.0,GRID_FREQUENCY_DEVIATION,UNKNOWN,GRID_FREQUENCY_DEVIATION_OBSERVED|ABSTAIN_OUT_OF_DISTRIBUTION|ABSTAIN_LOW_CONFIDENCE|ABSTAIN_RULE_MODEL_CONFLICT,False,0.003213167998183053,0.0059450751781188384,0.004244123983652961,0.001328214389416732,0.16976167697948544,0.0,0.0,0.0013037987289087432,0.0024695585793172684,0.0008335323411893747,0.0006680590118924196,0.01343178275593985,1.4178052078341872e-05,0.8
HYBRID,high_dropout-run-0006,500,5.0,3.0,GRID_FREQUENCY_DEVIATION,GRID_FREQUENCY_DEVIATION,GRID_FREQUENCY_DEVIATION_OBSERVED,False,0.0034287590024177916,0.011150004963077935,0.013547234213562428,0.00401629840582493,0.8628563936296239,0.0,0.0,0.0036671928688142073,0.004485486040551051,0.005054025517379878,0.001932127752645043,0.009473227603362524,0.0013791326728417486,0.0824388763323163
HYBRID,high_dropout-run-0007,300,3.0,1.0,GRID_FREQUENCY_DEVIATION,UNKNOWN,GRID_FREQUENCY_DEVIATION_OBSERVED|ABSTAIN_OUT_OF_DISTRIBUTION,False,0.0035270350017526653,0.0014186353354058265,0.001006757731213906,0.0010293966609595763,0.17776302588889223,0.0,0.0,0.0007916583608199668,0.0006487348611996112,0.0012138206089335611,0.0003803360814025042,0.0010396819569010952,0.014707952514271682,0.8
HYBRID,high_dropout-run-0007,400,4.0,2.0,GRID_FREQUENCY_DEVIATION,UNKNOWN,GRID_FREQUENCY_DEVIATION_OBSERVED|ABSTAIN_OUT_OF_DISTRIBUTION|ABSTAIN_RULE_MODEL_CONFLICT,False,0.003298834999441169,0.0026375588950108,0.0009070536115636378,0.001178388444727293,0.16575254765509073,0.0,0.0,0.0011253911783773664,0.0006487937775555871,0.0018151979811922823,0.00020368902257936541,0.00141192868479533,0.024319450749107564,0.8
HYBRID,high_dropout-run-0007,500,5.0,3.0,GRID_FREQUENCY_DEVIATION,UNKNOWN,GRID_FREQUENCY_DEVIATION_OBSERVED|ABSTAIN_OUT_OF_DISTRIBUTION|ABSTAIN_LOW_CONFIDENCE|ABSTAIN_LOW_MARGIN|ABSTAIN_RULE_MODEL_CONFLICT,False,0.003751714000827633,0.01815423104625958,0.010665889246006059,0.006631168706258533,0.08534562363700139,0.0,0.0,0.006290628041673016,0.011529959564616348,0.007107827209446873,0.0025811245570101,0.005318675824706326,0.04637487216702173,0.8
HYBRID,high_dropout-run-0008,300,3.0,1.0,PUMP_TRIP,UNKNOWN,VFD_TO_MOTOR_TO_PUMP_LOSS|VFD_DERATING_PROPAGATION_EVIDENCE|ABSTAIN_OUT_OF_DISTRIBUTION,False,0.003510009999445174,0.0001910500882429702,0.0005978743058674952,0.00017781878650231566,0.002645762742371641,0.0,0.07142857142857142,0.12430114381176795,0.0001478888223644486,0.00023044870361430111,6.200221413512344e-05,7.213168905390336e-05,0.00014530740750839412,0.8
HYBRID,high_dropout-run-0008,400,4.0,2.0,PUMP_TRIP,UNKNOWN,VFD_TO_MOTOR_TO_PUMP_LOSS|VFD_DERATING_PROPAGATION_EVIDENCE|ABSTAIN_OUT_OF_DISTRIBUTION,False,0.003308147002826445,0.0009655673374894776,0.0005072188914287346,0.0004114540281993068,0.0023275521104861004,0.0,0.07142857142857142,0.12237108661799112,0.00027865869549622245,8.087808287901925e-05,6.335130238337521e-05,0.0015384932857130341,2.7168219362124566e-05,0.8
HYBRID,high_dropout-run-0008,500,5.0,3.0,PUMP_TRIP,PUMP_TRIP,VFD_TO_MOTOR_TO_PUMP_LOSS|VFD_DERATING_PROPAGATION_EVIDENCE,False,0.003429463002248667,0.002478792219973117,0.003118026003624859,0.0016920181051883394,0.09863845255284717,0.0,0.1,0.7759423201889395,0.0015316196889191365,0.0015869649988007348,0.0009884213275558103,0.0004502973356639734,0.008850535959328453,0.004722551619158829
HYBRID,high_dropout-run-0009,300,3.0,1.0,PUMP_TRIP,UNKNOWN,VFD_TO_MOTOR_TO_PUMP_LOSS|VFD_DERATING_PROPAGATION_EVIDENCE|ABSTAIN_OUT_OF_DISTRIBUTION,False,0.003510874001221964,0.0002372016788077994,0.00030115430632081315,0.00016941927377240042,0.0019242184689787182,0.0,0.07142857142857142,0.12415952240582329,0.00019029425123703945,3.6398557616251445e-05,4.559111641038482e-05,0.0014347068705197192,7.292164194213908e-05,0.8
HYBRID,high_dropout-run-0009,400,4.0,2.0,PUMP_TRIP,UNKNOWN,VFD_TO_MOTOR_TO_PUMP_LOSS|VFD_DERATING_PROPAGATION_EVIDENCE|ABSTAIN_OUT_OF_DISTRIBUTION,False,0.0033564369987288956,0.0010436084472485938,0.0001871130879527572,0.0002817318759101913,0.0013527909447191297,0.0,0.07142857142857142,0.12348014780517733,0.0011800101572118716,0.00013460431654505707,0.00013048457740330198,0.0007724764959600867,8.460863300216597e-06,0.8
HYBRID,high_dropout-run-0009,500,5.0,3.0,PUMP_TRIP,UNKNOWN,VFD_TO_MOTOR_TO_PUMP_LOSS|VFD_DERATING_PROPAGATION_EVIDENCE|ABSTAIN_OUT_OF_DISTRIBUTION,False,0.0037544029983109795,0.0005610279059670506,7.148190755159365e-05,0.00019561110979033695,8.832230307865275e-05,0.0,0.07142857142857142,0.12382463065161663,0.0008773925368603801,0.000191309883863842,0.00012240861137698548,0.0025807208731866765,5.852278813638529e-05,0.8
HYBRID,high_dropout-run-0010,300,3.0,1.0,VALVE_RESTRICTION,VALVE_RESTRICTION,VALVE_TO_TOOL_FLOW_RESTRICTION,False,0.0034780399982992094,0.008341333668797909,0.007415215504491393,0.0033308430736312547,0.016345186278753598,0.0,0.0,0.0037562608135784294,0.8713295975912393,0.009138872729933602,0.0010561862690188092,0.0023934814509647697,0.004078030748126027,0.07281499187146509
HYBRID,high_dropout-run-0010,400,4.0,2.0,VALVE_RESTRICTION,UNKNOWN,VALVE_TO_TOOL_FLOW_RESTRICTION|ABSTAIN_OUT_OF_DISTRIBUTION,False,0.003303570996649796,0.002549792616995476,0.0018325101853638207,0.0010041893009743227,0.02151573244803712,0.0,0.0,0.0009289793686100329,0.16932953869549047,0.0019680718816201346,0.0002680836768804047,0.0003434136973394655,0.0002596881286887018,0.8
HYBRID,high_dropout-run-0010,500,5.0,3.0,VALVE_RESTRICTION,UNKNOWN,VALVE_TO_TOOL_FLOW_RESTRICTION|ABSTAIN_OUT_OF_DISTRIBUTION,False,0.0034434799999871757,0.0006588671365772712,0.00020173540074695621,0.0006137806359556823,0.0018026526468336982,0.0,0.0,0.00039201313371758424,0.18688489531444102,0.0013001546920501034,0.0002955374134421758,2.7258100067682424e-05,0.007823105526167794,0.8
HYBRID,high_dropout-run-0011,300,3.0,1.0,VALVE_RESTRICTION,UNKNOWN,VALVE_TO_TOOL_FLOW_RESTRICTION|ABSTAIN_OUT_OF_DISTRIBUTION,False,0.0034740720002446324,0.00034986829496920025,0.0002683406428004875,0.0003699396612252467,0.002748904405323303,0.0,0.0,0.00025224413979417834,0.1951948123977698,0.00014112287782889975,8.491774700114581e-05,9.028374022381032e-05,0.0004995660930638827,0.8
HYBRID,high_dropout-run-0011,400,4.0,2.0,VALVE_RESTRICTION,UNKNOWN,VALVE_TO_TOOL_FLOW_RESTRICTION|ABSTAIN_OUT_OF_DISTRIBUTION,False,0.0033229630025743973,0.000617876580228831,0.0004480841129158682,0.0003279872383535512,0.0028453170372382845,0.0,0.0,0.0003980571622094008,0.19291527452224697,0.00023482182259063414,0.00018469697135937158,0.0003623408452781052,0.001665543707578944,0.8
HYBRID,high_dropout-run-0011,500,5.0,3.0,VALVE_RESTRICTION,UNKNOWN,VALVE_TO_TOOL_FLOW_RESTRICTION|ABSTAIN_OUT_OF_DISTRIBUTION,False,0.0037173450000409503,0.0027090170772293407,0.001680581750473355,0.0007194277448220737,0.003244846755157055,0.0,0.0,0.0007395167716659131,0.1879206404623154,0.00047774687311403455,0.00021175506540901313,0.00037844595736506,0.0019180215424487413,0.8
HYBRID,high_dropout-run-0012,300,3.0,1.0,TOOL_DEMAND_SPIKE,UNKNOWN,TOOL_DEMAND_TO_HYDRAULIC_RESPONSE|ABSTAIN_OUT_OF_DISTRIBUTION,False,0.0034541679997346364,0.000217025983195464,0.0001389552212647442,7.44542223720627e-05,0.0005895446100927855,0.0,0.0,0.00010658236706508517,0.00011796823318434707,0.19848862702158743,2.951789782209156e-05,7.924365435228428e-06,0.0002294000779807096,0.8
HYBRID,high_dropout-run-0012,400,4.0,2.0,TOOL_DEMAND_SPIKE,TOOL_DEMAND_SPIKE,TOOL_DEMAND_TO_HYDRAULIC_RESPONSE,False,0.003302770997834159,0.008036007984114052,0.0018931704939777483,0.006768060977135073,0.05470404677509677,0.0,0.0,0.004192337625723958,0.006004820069841128,0.7812032806309251,0.0011385623235040212,0.005188004142954352,0.0397948819719019,0.09107682700482582
HYBRID,high_dropout-run-0012,500,5.0,3.0,TOOL_DEMAND_SPIKE,UNKNOWN,TOOL_DEMAND_TO_HYDRAULIC_RESPONSE|ABSTAIN_OUT_OF_DISTRIBUTION,False,0.003473400000075344,0.0008967957813574995,0.0007595598189718648,0.0005821970846564305,0.004128875299431639,0.0,0.0,0.00036345084951628596,0.0005698541802446125,0.1901681281765251,0.0002182976060917338,3.6037964143380565e-05,0.00227680323906141,0.8
HYBRID,high_dropout-run-0013,300,3.0,1.0,TOOL_DEMAND_SPIKE,UNKNOWN,TOOL_DEMAND_TO_HYDRAULIC_RESPONSE|ABSTAIN_OUT_OF_DISTRIBUTION,False,0.003611774001910817,0.0013602750301790762,0.0007783077819028372,0.00027162826131176,0.0012327981586750221,0.0,0.0,0.00038787585744990875,0.0006534302677921016,0.19308860304582595,0.0002287919191334266,0.0019779221587544545,2.0367518975410396e-05,0.8
HYBRID,high_dropout-run-0013,400,4.0,2.0,TOOL_DEMAND_SPIKE,UNKNOWN,TOOL_DEMAND_TO_HYDRAULIC_RESPONSE|ABSTAIN_OUT_OF_DISTRIBUTION|ABSTAIN_LOW_CONFIDENCE|ABSTAIN_RULE_MODEL_CONFLICT,False,0.0034510320001572836,0.006164358784943298,0.0016873073667568205,0.0013791782552522915,0.0031928747674861676,0.0,0.0,0.0009808794396555735,0.0013531403289245116,0.18342458152658792,0.0002536316330556319,0.001425348729511622,0.00013869916782611788,0.8
HYBRID,high_dropout-run-0013,500,5.0,3.0,TOOL_DEMAND_SPIKE,UNKNOWN,TOOL_DEMAND_TO_HYDRAULIC_RESPONSE|ABSTAIN_OUT_OF_DISTRIBUTION,False,0.0037536340023507364,0.0006707205618675895,0.0005145368675934142,0.0002538142977262031,0.008024645940258814,0.0,0.0,0.0002604738480693188,0.0005123781464310782,0.18929360153744298,0.00015879065344939796,0.00017342938677681054,0.00013760876038434983,0.8
HYBRID,high_dropout-run-0014,300,3.0,1.0,THERMAL_EXCURSION,UNKNOWN,UPW_THERMAL_DEVIATION_OBSERVED|ABSTAIN_OUT_OF_DISTRIBUTION|ABSTAIN_LOW_CONFIDENCE,False,0.003413621998333838,0.006682245312246862,0.0018338572927030503,0.0028644945442622034,0.0036472717080637393,0.0,0.0,0.0028515718503581717,0.006947427661239965,0.008229981054779944,0.155115956759201,0.0004020098802954128,0.011425183936849595,0.8
HYBRID,high_dropout-run-0014,400,4.0,2.0,THERMAL_EXCURSION,UNKNOWN,UPW_THERMAL_DEVIATION_OBSERVED|ABSTAIN_OUT_OF_DISTRIBUTION,False,0.0032686570011719596,0.0012567970309109216,0.0014038175916398856,0.0012446178964114825,0.01139904893754497,0.0,0.0,0.0007749160796313928,0.0007154848004376237,0.0017750188097433502,0.1810060295030113,0.00015083761601060783,0.0002734317346584,0.8
HYBRID,high_dropout-run-0014,500,5.0,3.0,THERMAL_EXCURSION,UNKNOWN,UPW_THERMAL_DEVIATION_OBSERVED|ABSTAIN_OUT_OF_DISTRIBUTION,False,0.0034541679997346364,0.0006123623678058571,0.0007113139608748639,0.0004098202907131348,0.0006825768301834782,0.0,0.0,0.00023244755037141098,0.000283648049893767,0.00025132396017292583,0.19662208607943338,0.00017661968461129426,1.780122593983494e-05,0.8
HYBRID,high_dropout-run-0015,300,3.0,1.0,THERMAL_EXCURSION,UNKNOWN,UPW_THERMAL_DEVIATION_OBSERVED|ABSTAIN_OUT_OF_DISTRIBUTION|ABSTAIN_LOW_CONFIDENCE,False,0.0034784570016199723,0.01149098893418294,0.003162121463143598,0.003954613050557119,0.017529391498305874,0.0,0.0,0.00443470409926482,0.009621332129914345,0.006199304491421494,0.1350191635745782,0.007559437926573342,0.0010289428320582586,0.8
HYBRID,high_dropout-run-0015,400,4.0,2.0,THERMAL_EXCURSION,THERMAL_EXCURSION,UPW_THERMAL_DEVIATION_OBSERVED,False,0.003274641996540595,0.005634531210128478,0.001736276926552118,0.0014231802512267697,0.001302303796303557,0.0,0.0,0.0020021208092162648,0.0031741928965475104,0.004221699076793625,0.9467403662578137,0.0036473436847720975,0.000789687569290096,0.02932829752135602
HYBRID,high_dropout-run-0015,500,5.0,3.0,THERMAL_EXCURSION,UNKNOWN,UPW_THERMAL_DEVIATION_OBSERVED|ABSTAIN_OUT_OF_DISTRIBUTION,False,0.0036936649994459003,0.0019969806207042746,0.00020574145872700688,0.000640830410950985,0.008116888015516917,0.0,0.0,0.0005503437275884073,0.000634354704335385,0.0008660285994889585,0.18651207275637174,0.0002509153460772567,0.0002258443602390103,0.8
HYBRID,high_dropout-run-0016,300,3.0,1.0,PRESSURE_SENSOR_FAULT,UNKNOWN,PRESSURE_REDUNDANCY_RESIDUAL|ABSTAIN_OUT_OF_DISTRIBUTION|ABSTAIN_LOW_CONFIDENCE,False,0.0035175630000594538,0.01091188777033545,0.004650800152708041,0.004671673948129077,0.1083917837868483,0.0,0.0,0.00462985239300287,0.004976770391854304,0.03315282215952037,0.0008341242240184209,0.0037154537063952497,0.024064831467187887,0.8
HYBRID,high_dropout-run-0016,400,4.0,2.0,PRESSURE_SENSOR_FAULT,UNKNOWN,PRESSURE_REDUNDANCY_RESIDUAL|ABSTAIN_LOW_CONFIDENCE|ABSTAIN_LOW_MARGIN|ABSTAIN_RULE_MODEL_CONFLICT,False,0.003242865001084283,0.011153737335239992,0.013098751175703464,0.004128716877874097,0.06382881064936938,0.0,0.0,0.005277109483648053,0.0026802348754812193,0.01693563998778466,0.0013117439039045495,0.0744333831324931,0.0071518725785014265,0.8
HYBRID,high_dropout-run-0016,500,5.0,3.0,PRESSURE_SENSOR_FAULT,UNKNOWN,PRESSURE_REDUNDANCY_RESIDUAL|ABSTAIN_OUT_OF_DISTRIBUTION|ABSTAIN_LOW_CONFIDENCE|ABSTAIN_RULE_MODEL_CONFLICT,False,0.0033998299986706115,0.015466740265654408,0.005803662947005721,0.004372704363415946,0.01627902137694836,0.0,0.0,0.005669063597219625,0.0025849015647546815,0.024027305867641457,0.0013008060434307204,0.09613467154902844,0.028361122424900603,0.8
HYBRID,high_dropout-run-0017,300,3.0,1.0,PRESSURE_SENSOR_FAULT,UNKNOWN,PRESSURE_REDUNDANCY_RESIDUAL|ABSTAIN_OUT_OF_DISTRIBUTION|ABSTAIN_LOW_CONFIDENCE|ABSTAIN_RULE_MODEL_CONFLICT,False,0.0035883809978258796,0.016251563977612377,0.006758132789135968,0.005862067544646363,0.012157720351247561,0.0,0.0,0.0044743034631853605,0.008940364283266394,0.01567674237154844,0.0020638079387729287,0.0124394647423131,0.11537583253827147,0.8
HYBRID,high_dropout-run-0017,400,4.0,2.0,PRESSURE_SENSOR_FAULT,UNKNOWN,PRESSURE_REDUNDANCY_RESIDUAL|ABSTAIN_OUT_OF_DISTRIBUTION,False,0.003333459000714356,0.0004520102679428432,0.00035464300408443686,0.00020674289398544404,0.0023322230585283957,0.0,0.0,0.00019745595640465353,0.00034637758429427684,8.756676090454598e-05,0.00010808930508000144,0.19589985421548708,1.5036953288263567e-05,0.8
HYBRID,high_dropout-run-0017,500,5.0,3.0,PRESSURE_SENSOR_FAULT,UNKNOWN,PRESSURE_REDUNDANCY_RESIDUAL|ABSTAIN_LOW_CONFIDENCE,False,0.0037317140013328753,0.008480061999495131,0.010928435242093635,0.004692750078066048,0.08933522216447429,0.0,0.0,0.0034209507382686214,0.0026411273561478144,0.004427260527160679,0.0014655060283530472,0.02592630726444217,0.048682378601498516,0.8
HYBRID,high_dropout-run-0018,300,3.0,1.0,FLOW_SENSOR_FAULT,UNKNOWN,FLOW_REDUNDANCY_RESIDUAL|ABSTAIN_OUT_OF_DISTRIBUTION|ABSTAIN_LOW_CONFIDENCE|ABSTAIN_LOW_MARGIN|ABSTAIN_RULE_MODEL_CONFLICT,False,0.0035521239988156594,0.008777912407157576,0.0067228668918546015,0.0034381433218837526,0.005182076675060895,0.0,0.0,0.0030743399845135576,0.00195022990610271,0.002922677518672717,0.0005435822658349075,0.0005379186972247005,0.07073211899239812,0.8961181333392965
HYBRID,high_dropout-run-0018,400,4.0,2.0,FLOW_SENSOR_FAULT,UNKNOWN,FLOW_REDUNDANCY_RESIDUAL|ABSTAIN_OUT_OF_DISTRIBUTION|ABSTAIN_LOW_CONFIDENCE|ABSTAIN_LOW_MARGIN|ABSTAIN_RULE_MODEL_CONFLICT,False,0.0032678900024620816,0.020848959527582173,0.0048575320725767574,0.004566677692924136,0.04429523434126894,0.0,0.0,0.007250196793641433,0.01563462162677218,0.004321164565984838,0.0031616498915210205,0.08275796720839879,0.012305996279329712,0.8
HYBRID,high_dropout-run-0018,500,5.0,3.0,FLOW_SENSOR_FAULT,UNKNOWN,FLOW_REDUNDANCY_RESIDUAL|ABSTAIN_OUT_OF_DISTRIBUTION,False,0.0034516400010033976,0.003800137659543325,0.001516317346465282,0.002392059091073143,0.030427954271460105,0.0,0.0,0.0029841276570668593,0.0068578805472055086,0.0030664474967882307,0.0018265129885564808,0.002519333646390841,0.14460922929545017,0.8
HYBRID,high_dropout-run-0019,300,3.0,1.0,FLOW_SENSOR_FAULT,UNKNOWN,FLOW_REDUNDANCY_RESIDUAL|ABSTAIN_OUT_OF_DISTRIBUTION|ABSTAIN_LOW_CONFIDENCE|ABSTAIN_LOW_MARGIN|ABSTAIN_RULE_MODEL_CONFLICT,False,0.0035031299994443543,0.011852092618006136,0.003761035564482407,0.00491637630461139,0.02088775390813335,0.0,0.0,0.005174009164983025,0.0148659461382419,0.008833158377634655,0.003914277816548296,0.048409753068423385,0.07738559703893542,0.8
HYBRID,high_dropout-run-0019,400,4.0,2.0,FLOW_SENSOR_FAULT,UNKNOWN,FLOW_REDUNDANCY_RESIDUAL|ABSTAIN_LOW_CONFIDENCE,False,0.00325995399907697,0.01199443274833139,0.011507465633093374,0.005054864523638751,0.03750372043021304,0.0,0.0,0.00477915659730956,0.010208100040176329,0.015352128065004852,0.0034512469469855805,0.025254608119853778,0.07489427689539332,0.8
HYBRID,high_dropout-run-0019,500,5.0,3.0,FLOW_SENSOR_FAULT,UNKNOWN,FLOW_REDUNDANCY_RESIDUAL|ABSTAIN_OUT_OF_DISTRIBUTION|ABSTAIN_LOW_CONFIDENCE|ABSTAIN_LOW_MARGIN|ABSTAIN_RULE_MODEL_CONFLICT,False,0.00370851299885544,0.027094405966333845,0.009946646242589938,0.008306633165463881,0.045240406075465915,0.0,0.0,0.008483505629572617,0.0306840146313799,0.014985094840780843,0.009487010085344518,0.010452535196377873,0.03531974816669064,0.8
HYBRID,high_dropout-run-0020,300,3.0,1.0,UNKNOWN,UNKNOWN,ABSTAIN_OUT_OF_DISTRIBUTION|ABSTAIN_LOW_CONFIDENCE|ABSTAIN_LOW_MARGIN,False,0.0034876409990829416,0.0032240257117264934,0.002674175297811105,0.0010283499063734555,0.004568841909879475,0.0,0.0,0.000832839661865802,0.0007686358649114216,0.0004696242440973357,0.00031237289245432143,0.007320334958848373,0.00017079522940329492,0.9786300043226289
HYBRID,high_dropout-run-0020,400,4.0,2.0,UNKNOWN,UNKNOWN,ABSTAIN_LOW_CONFIDENCE|ABSTAIN_LOW_MARGIN,False,0.003243055998609634,0.005388829834901233,0.002995304092498441,0.0032028077799169,0.0689775367087917,0.0,0.0,0.002530074045991903,0.0023476145812396476,0.005648943875284628,0.0008419055199810965,0.003531222478746463,0.0040916702472853965,0.9004440908353626
HYBRID,high_dropout-run-0020,500,5.0,3.0,UNKNOWN,UNKNOWN,ABSTAIN_LOW_CONFIDENCE|ABSTAIN_LOW_MARGIN,False,0.0033690130003378727,0.004725348235416957,0.0023436553080551765,0.0009248243336770122,0.005058337502589356,0.0,0.0,0.001101616809699677,0.0012151740618840893,0.003069348125215557,0.0002521685293637391,0.0035153998867663945,0.0006442395408567823,0.9771498876664753
HYBRID,high_dropout-run-0021,300,3.0,1.0,UNKNOWN,UNKNOWN,ABSTAIN_OUT_OF_DISTRIBUTION|ABSTAIN_LOW_CONFIDENCE|ABSTAIN_LOW_MARGIN,False,0.0035302029973536264,0.00439113466387778,0.0005847512530632725,0.0012692374306708517,0.005207184910527443,0.0,0.0,0.0014796190098980114,0.0016653515098495845,0.002480251546447304,0.00048051736309920974,0.005691433667433853,0.003250598112389433,0.9734999205327433
HYBRID,high_dropout-run-0021,400,4.0,2.0,UNKNOWN,UNKNOWN,ABSTAIN_OUT_OF_DISTRIBUTION|ABSTAIN_LOW_CONFIDENCE|ABSTAIN_LOW_MARGIN,False,0.003278290001617279,0.006223527299973744,0.003024602198990838,0.0032217470363070967,0.05767116961408267,0.0,0.0,0.003168155758520654,0.007566423100658122,0.003442834779317778,0.0023836200895511216,0.009590571244796531,0.0022327288912854337,0.901474619986516
HYBRID,high_dropout-run-0021,500,5.0,3.0,UNKNOWN,UNKNOWN,ABSTAIN_LOW_CONFIDENCE|ABSTAIN_LOW_MARGIN,False,0.0037008969993621577,0.012123173778626145,0.008105375190992307,0.005850343702111186,0.06494263879073668,0.0,0.0,0.005077634844825374,0.008308208740113373,0.007578884859577251,0.0017001572161590651,0.005766772605455171,0.0782546437282406,0.8022921665431628
HYBRID,parameter_mismatch-run-0000,300,3.0,1.0,GRID_VOLTAGE_SAG,GRID_VOLTAGE_SAG,GRID_SAG_TO_UPS_RESPONSE|UPS_TRANSFER_PROPAGATION_EVIDENCE,False,0.004627009002433624,0.7411108315372851,0.009109025690666536,0.025969382057138748,0.02816711236062332,0.1,0.0,0.0064777551281749845,0.009099720855751559,0.0072985720309481136,0.009339366643335196,0.028381743823882692,0.01702841018128804,0.01801807969090557
HYBRID,parameter_mismatch-run-0000,400,4.0,2.0,GRID_VOLTAGE_SAG,GRID_VOLTAGE_SAG,GRID_SAG_TO_UPS_RESPONSE|UPS_TRANSFER_PROPAGATION_EVIDENCE,False,0.00379171500026132,0.8147206095800961,0.0034955041102279773,0.022277825489945877,0.022622298407782064,0.1,0.0,0.0034718814524839917,0.006204681134917241,0.004648583230866383,0.004466527109235328,0.004963532654405926,0.007169041411688974,0.005959515418350257
HYBRID,parameter_mismatch-run-0000,500,5.0,3.0,GRID_VOLTAGE_SAG,GRID_VOLTAGE_SAG,GRID_SAG_TO_UPS_RESPONSE|UPS_TRANSFER_PROPAGATION_EVIDENCE,False,0.003502073999698041,0.8397675682179909,0.003588894487511706,0.01968738796240014,0.005014862138817229,0.1,0.0,0.0025788629624106285,0.003498871532651167,0.003304389791297093,0.004246425183378694,0.009644687455818509,0.004346062342464932,0.0043219879252592505
HYBRID,parameter_mismatch-run-0001,300,3.0,1.0,GRID_VOLTAGE_SAG,GRID_VOLTAGE_SAG,GRID_SAG_TO_UPS_RESPONSE|UPS_TRANSFER_PROPAGATION_EVIDENCE,False,0.0034804730021278374,0.7977054516327263,0.006494409649093873,0.015236924263068996,0.01182648513535141,0.1,0.0,0.004813483006282503,0.010378760850703233,0.006112980803816138,0.008774634973658893,0.01764918054470855,0.006946527450262765,0.014061161690327003
HYBRID,parameter_mismatch-run-0001,400,4.0,2.0,GRID_VOLTAGE_SAG,GRID_VOLTAGE_SAG,GRID_SAG_TO_UPS_RESPONSE|UPS_TRANSFER_PROPAGATION_EVIDENCE,False,0.003269746001024032,0.8415505808272677,0.004387581671650887,0.012016855641706499,0.006285125861165603,0.1,0.0,0.0031893998641371393,0.006355428395487315,0.004064097335791613,0.004220472266875496,0.006533315750519086,0.005329667886664165,0.006067474498734363
HYBRID,parameter_mismatch-run-0001,500,5.0,3.0,GRID_VOLTAGE_SAG,GRID_VOLTAGE_SAG,GRID_SAG_TO_UPS_RESPONSE|UPS_TRANSFER_PROPAGATION_EVIDENCE,False,0.003471993000857765,0.8418632669113898,0.003335603450902039,0.016108357180905697,0.004776440103320766,0.1,0.0,0.002595880302512378,0.003305302152926175,0.0029324452250108456,0.00505987467836624,0.010957650870600416,0.0047469495895719645,0.004318229534493564
HYBRID,parameter_mismatch-run-0002,300,3.0,1.0,GRID_VOLTAGE_SWELL,GRID_VOLTAGE_SWELL,GRID_SWELL_OBSERVED,False,0.0034867130016209558,0.004141116485153819,0.9453096665471342,0.0017375033363673264,0.010946709824774114,0.0,0.0,0.002477074216539565,0.003912570947416914,0.0035300472282754026,0.0042083640355826055,0.011558599506701432,0.0052884005264787655,0.006889947345575983
HYBRID,parameter_mismatch-run-0002,400,4.0,2.0,GRID_VOLTAGE_SWELL,GRID_VOLTAGE_SWELL,GRID_SWELL_OBSERVED,False,0.00361436599996523,0.007324251954232163,0.9380435494585581,0.0019068180560134537,0.005765186275078538,0.0,0.0,0.002914585423680084,0.004884742777141425,0.0031683847340108168,0.0043395885283999186,0.007041269016498307,0.008596979253377516,0.016014644523009908
HYBRID,parameter_mismatch-run-0002,500,5.0,3.0,GRID_VOLTAGE_SWELL,GRID_VOLTAGE_SWELL,GRID_SWELL_OBSERVED,False,0.0034975609996763524,0.0028157158433016077,0.9657203992396405,0.0011512119418754065,0.004500606456495776,0.0,0.0,0.0017511508847428915,0.003397448193481011,0.002454410139133155,0.00369421138193397,0.0038923451137846147,0.007238504893004121,0.003383995912606928
HYBRID,parameter_mismatch-run-0003,300,3.0,1.0,GRID_VOLTAGE_SWELL,GRID_VOLTAGE_SWELL,GRID_SWELL_OBSERVED,False,0.0034294950019102544,0.003854682692272376,0.9681721395094219,0.001197556299726173,0.0042226980602379964,0.0,0.0,0.0016287358740556073,0.002209139005063736,0.0022453791423426147,0.002576872180436491,0.003632632396149255,0.004231024142940835,0.006029140697352909
HYBRID,parameter_mismatch-run-0003,400,4.0,2.0,GRID_VOLTAGE_SWELL,GRID_VOLTAGE_SWELL,GRID_SWELL_OBSERVED,False,0.0033355720006511547,0.0033061451662936107,0.9672041812466933,0.0009043922365332137,0.002767132263861187,0.0,0.0,0.0014720876829000418,0.003124873615308727,0.0014761962052346443,0.002466658762657285,0.0062722744747902215,0.000978006036651531,0.010028052309076212
HYBRID,parameter_mismatch-run-0003,500,5.0,3.0,GRID_VOLTAGE_SWELL,GRID_VOLTAGE_SWELL,GRID_SWELL_OBSERVED,False,0.003511961996991886,0.0028019332916904803,0.9694535338885278,0.000932722482465006,0.004340571426734768,0.0,0.0,0.0015069971888228286,0.0027681126232176087,0.002083156939140476,0.0025685339516387613,0.0056967766196946885,0.003984627554543863,0.0038630340335236977
HYBRID,parameter_mismatch-run-0004,300,3.0,1.0,GRID_INTERRUPTION,GRID_INTERRUPTION,GRID_LOSS_TO_UPS_RESPONSE|UPS_TRANSFER_PROPAGATION_EVIDENCE,False,0.0035398030013311654,0.016598568881930526,0.002929774523489036,0.8409542205939563,0.00632695191123781,0.1,0.0,0.002854632058669972,0.00433869034333546,0.004685736910897033,0.004224611300410196,0.007007682321470709,0.0057297581092199245,0.0043493730453831245
HYBRID,parameter_mismatch-run-0004,400,4.0,2.0,GRID_INTERRUPTION,GRID_INTERRUPTION,GRID_LOSS_TO_UPS_RESPONSE|UPS_TRANSFER_PROPAGATION_EVIDENCE,False,0.0035403799993218854,0.020678226456248765,0.0011843683992566612,0.8584596869436114,0.0025775031419891996,0.1,0.0,0.0016986723970498247,0.002801469711901255,0.001579401720668127,0.002044392773475272,0.0025255216041266356,0.0025114858197596533,0.003939271031913363
HYBRID,parameter_mismatch-run-0004,500,5.0,3.0,GRID_INTERRUPTION,GRID_INTERRUPTION,GRID_LOSS_TO_UPS_RESPONSE|UPS_TRANSFER_PROPAGATION_EVIDENCE,False,0.0035288590006530285,0.02247112169416995,0.0012725846707690462,0.8604823271949711,0.0018583849022507858,0.1,0.0,0.0013912966692211594,0.0019868575140214503,0.0013035463577871136,0.002573071464053667,0.0030680060231160306,0.001811499733017347,0.0017813037766223683
HYBRID,parameter_mismatch-run-0005,300,3.0,1.0,GRID_INTERRUPTION,GRID_INTERRUPTION,GRID_LOSS_TO_UPS_RESPONSE|UPS_TRANSFER_PROPAGATION_EVIDENCE,False,0.0034818500025721733,0.016206067328247097,0.003345761807991826,0.8443244335725275,0.004157373390848748,0.1,0.0,0.002509927425892163,0.004394716981693838,0.0023912472066054693,0.003826184823186123,0.008045043963333524,0.0012622927414247004,0.009536950758248848
HYBRID,parameter_mismatch-run-0005,400,4.0,2.0,GRID_INTERRUPTION,GRID_INTERRUPTION,GRID_LOSS_TO_UPS_RESPONSE|UPS_TRANSFER_PROPAGATION_EVIDENCE,False,0.0033185800020874012,0.021091915907368294,0.0014365259301846382,0.8513977128128642,0.0026803988176621056,0.1,0.0,0.0018687296608046542,0.0024418899848451543,0.0029116445585525776,0.0020998053551274727,0.006245681789256455,0.0035859528686446726,0.004239742314689736
HYBRID,parameter_mismatch-run-0005,500,5.0,3.0,GRID_INTERRUPTION,GRID_INTERRUPTION,GRID_LOSS_TO_UPS_RESPONSE|UPS_TRANSFER_PROPAGATION_EVIDENCE,False,0.0034769209996738937,0.027434744761983564,0.0014955860106741013,0.8550878681125041,0.002249195327129713,0.1,0.0,0.001391479497703903,0.00219672670468615,0.001564411070180942,0.001892287921762197,0.0029438193753021044,0.0023401783719998667,0.0014037028460733942
HYBRID,parameter_mismatch-run-0006,300,3.0,1.0,GRID_FREQUENCY_DEVIATION,UNKNOWN,GRID_FREQUENCY_DEVIATION_OBSERVED|ABSTAIN_LOW_CONFIDENCE,False,0.0036090540015720762,0.006635339340567277,0.008410018699922098,0.004189585781561216,0.11576125728077355,0.0,0.0,0.0038579124950377467,0.006101959840891648,0.004061703111512839,0.006289131425722293,0.02317800356092486,0.021515088463086435,0.8
HYBRID,parameter_mismatch-run-0006,400,4.0,2.0,GRID_FREQUENCY_DEVIATION,UNKNOWN,GRID_FREQUENCY_DEVIATION_OBSERVED|ABSTAIN_LOW_CONFIDENCE,False,0.0036035169978276826,0.013487055128004239,0.009814516332129064,0.00556482177018714,0.07559673263684777,0.0,0.0,0.006190253195231723,0.012051981969662638,0.009020913987909393,0.011684753656849317,0.03094090409268018,0.025648067230498495,0.8
HYBRID,parameter_mismatch-run-0006,500,5.0,3.0,GRID_FREQUENCY_DEVIATION,UNKNOWN,GRID_FREQUENCY_DEVIATION_OBSERVED|ABSTAIN_LOW_CONFIDENCE,False,0.003582108998671174,0.007591099646544076,0.006593211604037325,0.0037395043067032295,0.10817810483739151,0.0,0.0,0.004245658372861239,0.009383967274779158,0.004205400599805347,0.008423904884016654,0.03204960119629511,0.015589547277566305,0.8
HYBRID,parameter_mismatch-run-0007,300,3.0,1.0,GRID_FREQUENCY_DEVIATION,GRID_FREQUENCY_DEVIATION,GRID_FREQUENCY_DEVIATION_OBSERVED,False,0.003468056002020603,0.013116810721899361,0.02005802927383011,0.006777692375326754,0.8336486222533545,0.0,0.0,0.006377937454298243,0.012899593779741788,0.008463617357807053,0.008712007960547496,0.04017868306177011,0.005324905947054172,0.044442099814370487
HYBRID,parameter_mismatch-run-0007,400,4.0,2.0,GRID_FREQUENCY_DEVIATION,UNKNOWN,GRID_FREQUENCY_DEVIATION_OBSERVED|ABSTAIN_LOW_CONFIDENCE|ABSTAIN_LOW_MARGIN|ABSTAIN_RULE_MODEL_CONFLICT,False,0.003326450998429209,0.008062484934290673,0.007328972806236101,0.003415165873736868,0.08125230694218635,0.0,0.0,0.0036905994243593538,0.005666425869205999,0.005371460423358484,0.004516306939662402,0.012728131074038553,0.06796814571292516,0.8
HYBRID,parameter_mismatch-run-0007,500,5.0,3.0,GRID_FREQUENCY_DEVIATION,UNKNOWN,GRID_FREQUENCY_DEVIATION_OBSERVED|ABSTAIN_RULE_MODEL_CONFLICT,False,0.00354172299921629,0.0065737481063841115,0.003617939043157451,0.00264874344934933,0.15791685517291096,0.0,0.0,0.0022581038148588545,0.0035078116142568633,0.0022456680458029644,0.0033828301562470516,0.011954316803136729,0.005893983793895645,0.8
HYBRID,parameter_mismatch-run-0008,300,3.0,1.0,PUMP_TRIP,PUMP_TRIP,VFD_TO_MOTOR_TO_PUMP_LOSS|VFD_DERATING_PROPAGATION_EVIDENCE,False,0.003583067998988554,0.0013853767043471496,0.00200737786815956,0.0010344372347268053,0.007838076966760383,0.0,0.1,0.8715899982067513,0.0010326568698810095,0.0015208638872914505,0.0008411038556996159,0.000929905181048178,0.01104228416892877,0.0007779190564057993
HYBRID,parameter_mismatch-run-0008,400,4.0,2.0,PUMP_TRIP,PUMP_TRIP,VFD_TO_MOTOR_TO_PUMP_LOSS|VFD_DERATING_PROPAGATION_EVIDENCE,False,0.0035475469994707964,0.0031335436978721753,0.003245125843152513,0.002024524240697819,0.010093350038866657,0.0,0.1,0.8566197451621357,0.002752953528145292,0.0012122242892845905,0.0034478889506999555,0.008587842052757482,0.0047098040954280575,0.0041729981009598
HYBRID,parameter_mismatch-run-0008,500,5.0,3.0,PUMP_TRIP,PUMP_TRIP,VFD_TO_MOTOR_TO_PUMP_LOSS|VFD_DERATING_PROPAGATION_EVIDENCE,False,0.0034846009984903503,0.004006838707291526,0.00239477231536753,0.0016703788425170946,0.005233163570041568,0.0,0.1,0.8574411029287344,0.00287203588992171,0.0014869232304092926,0.0023790989752728725,0.005805012604437163,0.005267998120308178,0.011442674815698427
HYBRID,parameter_mismatch-run-0009,300,3.0,1.0,PUMP_TRIP,PUMP_TRIP,VFD_TO_MOTOR_TO_PUMP_LOSS|VFD_DERATING_PROPAGATION_EVIDENCE,False,0.0034934340001200326,0.001580511862533581,0.0027160189538198345,0.001062067738327871,0.002861465180205453,0.0,0.1,0.8794417029915496,0.001342486730746831,0.000960491313372393,0.0009159946286452648,0.0013452008587742455,0.006470002533742482,0.0013040572082824566
HYBRID,parameter_mismatch-run-0009,400,4.0,2.0,PUMP_TRIP,PUMP_TRIP,VFD_TO_MOTOR_TO_PUMP_LOSS|VFD_DERATING_PROPAGATION_EVIDENCE,False,0.0033241480014112312,0.0032977728988145987,0.003226742433968995,0.0019382493176560089,0.003311858474715728,0.0,0.1,0.8605804201482252,0.0031365495554692034,0.0010304571387528421,0.0028707287954791655,0.004218835245406167,0.009600234469180997,0.00678815152233114
HYBRID,parameter_mismatch-run-0009,500,5.0,3.0,PUMP_TRIP,PUMP_TRIP,VFD_TO_MOTOR_TO_PUMP_LOSS|VFD_DERATING_PROPAGATION_EVIDENCE,False,0.0035736919999180827,0.003051578869394104,0.002999826348898394,0.002189225114785631,0.012561882635598336,0.0,0.1,0.8565724853451513,0.0038551448406639907,0.0014891005221278244,0.0038112297321761072,0.002609525426455763,0.00766022452461078,0.0031997766401379068
HYBRID,parameter_mismatch-run-0010,300,3.0,1.0,VALVE_RESTRICTION,VALVE_RESTRICTION,VALVE_TO_TOOL_FLOW_RESTRICTION,False,0.003774243999941973,0.0030998468713485778,0.0018901142338231816,0.002063718220854469,0.007115055438959048,0.0,0.0,0.0020238289960144156,0.9644677532716833,0.0030704046780850947,0.003722113257723619,0.004457801209384935,0.00242990422367768,0.0056594595984458575
HYBRID,parameter_mismatch-run-0010,400,4.0,2.0,VALVE_RESTRICTION,VALVE_RESTRICTION,VALVE_TO_TOOL_FLOW_RESTRICTION,False,0.0035053699975833297,0.004480406535339017,0.004246162362949916,0.002745179995611925,0.004643340111205746,0.0,0.0,0.0027350238052415376,0.9491039158251334,0.0038748738899973796,0.004479197718448204,0.009765740812869014,0.005495785528684912,0.008430373414518957
HYBRID,parameter_mismatch-run-0010,500,5.0,3.0,VALVE_RESTRICTION,VALVE_RESTRICTION,VALVE_TO_TOOL_FLOW_RESTRICTION,False,0.0035028099991905037,0.004624789024053778,0.0031999534818751892,0.002063277493987656,0.0037756758028293057,0.0,0.0,0.002056499960635817,0.9554588826745152,0.002594939820574701,0.002721555823075618,0.006435723293862627,0.009058097781763896,0.008010604842826332
HYBRID,parameter_mismatch-run-0011,300,3.0,1.0,VALVE_RESTRICTION,VALVE_RESTRICTION,VALVE_TO_TOOL_FLOW_RESTRICTION,False,0.003561980000085896,0.0014951690042015941,0.0017319079003556039,0.0007787012577993479,0.00286562075049054,0.0,0.0,0.0007167887614440657,0.9859524191992807,0.00034413574418674,0.0011747766272506288,0.002798513349634723,0.0003866842783573007,0.0017552831269987575
HYBRID,parameter_mismatch-run-0011,400,4.0,2.0,VALVE_RESTRICTION,VALVE_RESTRICTION,VALVE_TO_TOOL_FLOW_RESTRICTION,False,0.0033608529993216507,0.0013740870608432443,0.00109562362775737,0.001056304747463586,0.0019860145006987493,0.0,0.0,0.0010750926554090332,0.9817432697740605,0.0004246108854301334,0.002179279738736312,0.0026586470299205514,0.0039264178753092025,0.002480652104371354
HYBRID,parameter_mismatch-run-0011,500,5.0,3.0,VALVE_RESTRICTION,VALVE_RESTRICTION,VALVE_TO_TOOL_FLOW_RESTRICTION,False,0.003513050000037765,0.0014783767228553227,0.0012371786846985242,0.0007503140085320505,0.0017137500484508922,0.0,0.0,0.0008161025139118957,0.9848690750028347,0.0005596399657209173,0.001035998314823339,0.00366203061458552,0.0020765221966390435,0.0018010119269474864
HYBRID,parameter_mismatch-run-0012,300,3.0,1.0,TOOL_DEMAND_SPIKE,TOOL_DEMAND_SPIKE,TOOL_DEMAND_TO_HYDRAULIC_RESPONSE,False,0.003793731997575378,0.002586747984785843,0.0026229253707797983,0.0012560227660519444,0.002486662630774333,0.0,0.0,0.0012890462484806246,0.002424735983751146,0.9752956783540512,0.0020766482599558636,0.0031528420033526206,0.001756869331882916,0.005051821066133766
HYBRID,parameter_mismatch-run-0012,400,4.0,2.0,TOOL_DEMAND_SPIKE,TOOL_DEMAND_SPIKE,TOOL_DEMAND_TO_HYDRAULIC_RESPONSE,False,0.0034691770015342627,0.0018757289691248354,0.0019217753705573052,0.0011063535809047486,0.0014462363355191151,0.0,0.0,0.000982534698174887,0.0017083551856137177,0.9804846853062504,0.0016774688235711677,0.0028864250157916486,0.002427484425644891,0.0034829522888470566
HYBRID,parameter_mismatch-run-0012,500,5.0,3.0,TOOL_DEMAND_SPIKE,TOOL_DEMAND_SPIKE,TOOL_DEMAND_TO_HYDRAULIC_RESPONSE,False,0.0035346189979463816,0.002601611694334852,0.00214168004985936,0.0019013299674760324,0.0022881466557314067,0.0,0.0,0.001572187134713131,0.0027198915576469337,0.965870697333021,0.003422296113351238,0.007741549377694564,0.00306381882073117,0.006676791295440369
HYBRID,parameter_mismatch-run-0013,300,3.0,1.0,TOOL_DEMAND_SPIKE,TOOL_DEMAND_SPIKE,TOOL_DEMAND_TO_HYDRAULIC_RESPONSE,False,0.0035605080011009704,0.001705664815481525,0.0018868975366786935,0.0011610361958771913,0.0024817628937920896,0.0,0.0,0.0011153147379516113,0.0018317457064606552,0.9772300047520258,0.002178257192406039,0.005377818549826056,0.0019131649460751596,0.003118332673425295
HYBRID,parameter_mismatch-run-0013,400,4.0,2.0,TOOL_DEMAND_SPIKE,TOOL_DEMAND_SPIKE,TOOL_DEMAND_TO_HYDRAULIC_RESPONSE,False,0.003369302001374308,0.0015918241701968828,0.0014515471299618211,0.00061000865758796,0.0013610059152728464,0.0,0.0,0.0006992674792515303,0.001390839092037902,0.9867337869116825,0.0009536147731193179,0.0014323691648587776,0.002003677111121964,0.0017720595949084616
HYBRID,parameter_mismatch-run-0013,500,5.0,3.0,TOOL_DEMAND_SPIKE,TOOL_DEMAND_SPIKE,TOOL_DEMAND_TO_HYDRAULIC_RESPONSE,False,0.003563996000593761,0.0025019450439013246,0.0021448887651173074,0.0016747113814960881,0.0036580514618167427,0.0,0.0,0.0016001063831165958,0.0032004210449586537,0.9643079212021735,0.004151080089703864,0.01062444879815556,0.0010883648530401625,0.005048060976520216
HYBRID,parameter_mismatch-run-0014,300,3.0,1.0,THERMAL_EXCURSION,THERMAL_EXCURSION,,False,0.003778018999582855,0.011200581642159996,0.008213735467335021,0.006795696860726522,0.01555572080701494,0.0,0.0,0.007659072582899683,0.01097119098113422,0.0080651769633938,0.7792207684886411,0.03507917446414306,0.03615033336844671,0.08108854837410498
HYBRID,parameter_mismatch-run-0014,400,4.0,2.0,THERMAL_EXCURSION,THERMAL_EXCURSION,UPW_THERMAL_DEVIATION_OBSERVED,False,0.0034386789993732236,0.0012824571824564424,0.0028352941030929,0.0010574715141043784,0.0034860927870580625,0.0,0.0,0.0010404088148802202,0.0016368102813113827,0.0016800906269157662,0.9806266449071434,0.002805629102022514,0.0025203132128575174,0.0010287874681575353
HYBRID,parameter_mismatch-run-0014,500,5.0,3.0,THERMAL_EXCURSION,THERMAL_EXCURSION,UPW_THERMAL_DEVIATION_OBSERVED,False,0.0035407949981163256,0.0006838908608249378,0.0011433038584337148,0.0006459872467609536,0.0012664386831478097,0.0,0.0,0.0005807955576208742,0.000632191420518345,0.0007526615096935248,0.9907828712264518,0.0011491991465980506,0.00092754711662971,0.0014351133733204221
HYBRID,parameter_mismatch-run-0015,300,3.0,1.0,THERMAL_EXCURSION,UNKNOWN,ABSTAIN_LOW_CONFIDENCE,False,0.003564571998140309,0.009103239581481999,0.009762013418810707,0.005086287143649358,0.008158699837032032,0.0,0.0,0.004884173088388774,0.013094678802235839,0.003568284961341963,0.12078193132809449,0.02088589578718676,0.004674796051778038,0.8
HYBRID,parameter_mismatch-run-0015,400,4.0,2.0,THERMAL_EXCURSION,UNKNOWN,UPW_THERMAL_DEVIATION_OBSERVED|ABSTAIN_LOW_CONFIDENCE,False,0.003454712001257576,0.004849477627449209,0.005080503252423573,0.003698831407753458,0.00615594908401691,0.0,0.0,0.0032289144860934093,0.004757860158256606,0.003118279731426245,0.14049816875431223,0.018136332668322274,0.010475682829946067,0.8
HYBRID,parameter_mismatch-run-0015,500,5.0,3.0,THERMAL_EXCURSION,THERMAL_EXCURSION,UPW_THERMAL_DEVIATION_OBSERVED,False,0.0035806369996862486,0.008653639672233067,0.01461028365375535,0.006062675793973919,0.030653387890266923,0.0,0.0,0.00583185410008311,0.008433152043022701,0.00852193378713097,0.8645696396975979,0.016579779668233575,0.017346505014743257,0.018737148678959332
HYBRID,parameter_mismatch-run-0016,300,3.0,1.0,PRESSURE_SENSOR_FAULT,PRESSURE_SENSOR_FAULT,PRESSURE_REDUNDANCY_RESIDUAL,False,0.0038900550025573466,0.01434857886168757,0.023947141098785256,0.008710790783753608,0.048502289984999204,0.0,0.0,0.009840437463444242,0.012463457209849838,0.015500214071759971,0.011482204170387108,0.7638818949019217,0.014517912966754401,0.07680507848665712
HYBRID,parameter_mismatch-run-0016,400,4.0,2.0,PRESSURE_SENSOR_FAULT,PRESSURE_SENSOR_FAULT,PRESSURE_REDUNDANCY_RESIDUAL,False,0.0034457839974493254,0.034294824643730515,0.02112928187570951,0.011435461383354337,0.09097939860717542,0.0,0.0,0.01291640666529945,0.0238578976214381,0.0283218701437947,0.014448174535255804,0.7002277044371787,0.02020154966959829,0.042187430417465
HYBRID,parameter_mismatch-run-0016,500,5.0,3.0,PRESSURE_SENSOR_FAULT,PRESSURE_SENSOR_FAULT,PRESSURE_REDUNDANCY_RESIDUAL,False,0.003532699000061257,0.01508951514929379,0.014656390393823519,0.009602372813561324,0.04815709282361681,0.0,0.0,0.012467632823041015,0.016646953377293175,0.028033872337480212,0.018110819975143237,0.7270425065443605,0.06380294204605426,0.04638990171633231
HYBRID,parameter_mismatch-run-0017,300,3.0,1.0,PRESSURE_SENSOR_FAULT,PRESSURE_SENSOR_FAULT,PRESSURE_REDUNDANCY_RESIDUAL,False,0.003616958001657622,0.0231492621306194,0.021317967840437768,0.013271039113981644,0.059762525294015455,0.0,0.0,0.011030270696436409,0.01845700386292436,0.009646297852242226,0.029285529561373043,0.5609723180861713,0.06887228812040229,0.18423549744139606
HYBRID,parameter_mismatch-run-0017,400,4.0,2.0,PRESSURE_SENSOR_FAULT,UNKNOWN,PRESSURE_REDUNDANCY_RESIDUAL|ABSTAIN_LOW_CONFIDENCE,False,0.0033976869999605697,0.006980118356006912,0.012282324738095532,0.004571719013419646,0.03710312833764616,0.0,0.0,0.003884987913400546,0.0074612359241658585,0.0038675173280075885,0.008306071714282605,0.09170306492158932,0.023839831753385787,0.8
HYBRID,parameter_mismatch-run-0017,500,5.0,3.0,PRESSURE_SENSOR_FAULT,UNKNOWN,PRESSURE_REDUNDANCY_RESIDUAL|ABSTAIN_LOW_CONFIDENCE,False,0.0035438029990473296,0.005248944598016171,0.004951856870111732,0.0035666257323781355,0.014371208729014923,0.0,0.0,0.00322556682638282,0.004576394640178734,0.0026173728505624995,0.007820631176971082,0.12208885097080449,0.03153254760557938,0.8
HYBRID,parameter_mismatch-run-0018,300,3.0,1.0,FLOW_SENSOR_FAULT,FLOW_SENSOR_FAULT,FLOW_REDUNDANCY_RESIDUAL,False,0.003936488999897847,0.01579332502741976,0.01862092519874687,0.007974268472887585,0.054052469784764634,0.0,0.0,0.010513286485075827,0.01943408962642992,0.010806592987249569,0.012615368048152897,0.04504379273927746,0.7734788314474469,0.0316670501825486
HYBRID,parameter_mismatch-run-0018,400,4.0,2.0,FLOW_SENSOR_FAULT,FLOW_SENSOR_FAULT,FLOW_REDUNDANCY_RESIDUAL,False,0.003430648001085501,0.019909706147273692,0.02327861041968165,0.011650940116258153,0.05864023425363062,0.0,0.0,0.013664790190064948,0.018335885376106562,0.011452123848190613,0.022075703902992502,0.06926671480698018,0.6909406659635271,0.06078462497529405
HYBRID,parameter_mismatch-run-0018,500,5.0,3.0,FLOW_SENSOR_FAULT,FLOW_SENSOR_FAULT,FLOW_REDUNDANCY_RESIDUAL,False,0.003504889999021543,0.019646023769683524,0.02662657633914435,0.01170562844847255,0.05267124319679563,0.0,0.0,0.0139313759559814,0.021797876912145787,0.008853775382459973,0.02068267147091404,0.051764447529472644,0.712068712936151,0.060251668058779066
HYBRID,parameter_mismatch-run-0019,300,3.0,1.0,FLOW_SENSOR_FAULT,FLOW_SENSOR_FAULT,FLOW_REDUNDANCY_RESIDUAL,False,0.003536763000738574,0.018022455595431183,0.020112438676225627,0.009755090185298769,0.04794932732743455,0.0,0.0,0.009039249629264015,0.020800465690231057,0.01618652750335037,0.01930999317466164,0.10351838091699886,0.6814148364110556,0.053891234890048295
HYBRID,parameter_mismatch-run-0019,400,4.0,2.0,FLOW_SENSOR_FAULT,FLOW_SENSOR_FAULT,FLOW_REDUNDANCY_RESIDUAL,False,0.003353141000843607,0.025021474632696935,0.022606372464774784,0.00994615663958999,0.043783433529926974,0.0,0.0,0.009038312223878542,0.01901477625936107,0.02202939491007763,0.0167276744541866,0.049085094926418826,0.7362466294191711,0.04650068053991767
HYBRID,parameter_mismatch-run-0019,500,5.0,3.0,FLOW_SENSOR_FAULT,FLOW_SENSOR_FAULT,FLOW_REDUNDANCY_RESIDUAL,False,0.003530714999214979,0.014259210542644007,0.017679664802647127,0.009883146128508734,0.02662806968880122,0.0,0.0,0.008819874794002707,0.022652403691757517,0.011116033645311578,0.026176932006145695,0.05647435243344445,0.7398330266916402,0.06647728557509675
HYBRID,parameter_mismatch-run-0020,300,3.0,1.0,UNKNOWN,UNKNOWN,ABSTAIN_LOW_CONFIDENCE|ABSTAIN_LOW_MARGIN,False,0.0037807070002600085,0.010475797333640792,0.013467910602708043,0.006730616616484369,0.054013871849067856,0.0,0.0,0.006385344560330775,0.009604726776465993,0.007584714675882041,0.015934004721599403,0.046419064560737584,0.029383948303083086,0.8
HYBRID,parameter_mismatch-run-0020,400,4.0,2.0,UNKNOWN,UNKNOWN,ABSTAIN_LOW_CONFIDENCE|ABSTAIN_LOW_MARGIN,False,0.0033638610002526548,0.013338084380682161,0.014976279484516714,0.007779790435630059,0.03522215971839988,0.0,0.0,0.007569877246690764,0.013665515638346157,0.009321060267153384,0.016803857369193063,0.04508278150861952,0.03624059395076828,0.8
HYBRID,parameter_mismatch-run-0020,500,5.0,3.0,UNKNOWN,UNKNOWN,ABSTAIN_LOW_CONFIDENCE|ABSTAIN_LOW_MARGIN,False,0.0034747450008580927,0.011813206744316745,0.012071860078761433,0.007135137864272132,0.03733011112464331,0.0,0.0,0.007012605065288224,0.01028963389938088,0.00930618336004571,0.013722355376560228,0.05218568682895724,0.039133219657774075,0.8
HYBRID,parameter_mismatch-run-0021,300,3.0,1.0,UNKNOWN,UNKNOWN,ABSTAIN_LOW_CONFIDENCE|ABSTAIN_LOW_MARGIN,False,0.0035390349985391367,0.013529896149938924,0.01725353505092369,0.0077297245103306956,0.03541866945863883,0.0,0.0,0.007579216753493643,0.014060882540948566,0.010817132710040698,0.014076354734104811,0.035802873948507216,0.04373171414307289,0.8
HYBRID,parameter_mismatch-run-0021,400,4.0,2.0,UNKNOWN,UNKNOWN,ABSTAIN_LOW_CONFIDENCE|ABSTAIN_LOW_MARGIN,False,0.0034272869997948874,0.017938770540155167,0.019613475697407946,0.007847657954909711,0.024932089153120812,0.0,0.0,0.007491186586392251,0.009423485347639088,0.00960983201115877,0.011737762778734895,0.038539868492973875,0.04893535692157316,0.8039305145159343
HYBRID,parameter_mismatch-run-0021,500,5.0,3.0,UNKNOWN,UNKNOWN,ABSTAIN_LOW_CONFIDENCE|ABSTAIN_LOW_MARGIN,False,0.003477625003142748,0.012784648223433675,0.009191799208470939,0.006371257634203323,0.03277823380961411,0.0,0.0,0.006632750730715502,0.007979881384245935,0.011499780897820968,0.007861408077359484,0.01606539741290225,0.0832305362782301,0.8056043063430037
HYBRID,pre_event-run-0000,150,1.5,-0.5,UNKNOWN,UNKNOWN,ABSTAIN_LOW_CONFIDENCE|ABSTAIN_LOW_MARGIN,False,0.003619358001742512,0.01126454966366428,0.011940699539428015,0.005761465797971531,0.042177445246201026,0.0,0.0,0.006506473035252202,0.009299877952484421,0.009425517274471766,0.01236911870691255,0.05158260175285437,0.03967225103075981,0.8
HYBRID,pre_event-run-0001,150,1.5,-0.5,UNKNOWN,UNKNOWN,ABSTAIN_LOW_CONFIDENCE|ABSTAIN_LOW_MARGIN,False,0.0028671400032180827,0.017945150783986546,0.01732676858162823,0.006316492837225957,0.07351536435368844,0.0,0.0,0.006229227207983578,0.008678634737112284,0.009090012932296821,0.008143358989622597,0.04718922765628581,0.005565761920169694,0.8
HYBRID,pre_event-run-0002,150,1.5,-0.5,UNKNOWN,UNKNOWN,ABSTAIN_LOW_CONFIDENCE|ABSTAIN_LOW_MARGIN,False,0.0027641599990602117,0.015212373422524452,0.015984491536841013,0.007300229469380757,0.04147192921601521,0.0,0.0,0.007310363338370745,0.016917818177237233,0.00949142301817367,0.01449546175657388,0.03805242482102258,0.0337634852438604,0.8
HYBRID,pre_event-run-0003,150,1.5,-0.5,UNKNOWN,UNKNOWN,ABSTAIN_LOW_CONFIDENCE|ABSTAIN_RULE_MODEL_CONFLICT,False,0.0028414109983714297,0.009634939090082733,0.006473606845970899,0.0049587390732848124,0.032906210836210925,0.0,0.0,0.005290638488927503,0.00887002847395952,0.0052475965245241335,0.00879410050814981,0.02618859386893974,0.09163554628994988,0.8
HYBRID,pre_event-run-0004,150,1.5,-0.5,UNKNOWN,UNKNOWN,ABSTAIN_LOW_CONFIDENCE|ABSTAIN_LOW_MARGIN,False,0.0028447069998946972,0.00830211473860675,0.014745257356082397,0.006497229341512999,0.054742071941558675,0.0,0.0,0.0067134516637969354,0.013614117935461769,0.005869733078481113,0.01198217858845839,0.06063685560635343,0.016896989749687532,0.8
HYBRID,pre_event-run-0005,150,1.5,-0.5,UNKNOWN,UNKNOWN,ABSTAIN_LOW_CONFIDENCE|ABSTAIN_LOW_MARGIN,False,0.002853636000509141,0.010863148984425645,0.01158847446148944,0.008479306238017388,0.052472107321308775,0.0,0.0,0.007168404203754423,0.01455578270458467,0.011450095766534522,0.016422731483007526,0.027151268884893186,0.03984867995198437,0.8
HYBRID,pre_event-run-0006,150,1.5,-0.5,UNKNOWN,UNKNOWN,ABSTAIN_LOW_CONFIDENCE|ABSTAIN_LOW_MARGIN,False,0.0030519780011672992,0.00881681883805735,0.008420131354699087,0.005882372996472935,0.008013034806989,0.0,0.0,0.005721672177467915,0.008302308129177084,0.006027026987416631,0.009594814493921118,0.0389244047158933,0.05641971274867818,0.8438777027512274
HYBRID,pre_event-run-0007,150,1.5,-0.5,UNKNOWN,UNKNOWN,ABSTAIN_LOW_CONFIDENCE|ABSTAIN_LOW_MARGIN,False,0.002776768000330776,0.015506007183076057,0.009785931736887752,0.006924253458467571,0.03383558819464802,0.0,0.0,0.00719225003599427,0.01896623239067675,0.007644286949656959,0.012795811175400703,0.0633883270337602,0.0239613118414317,0.8
HYBRID,pre_event-run-0008,150,1.5,-0.5,UNKNOWN,UNKNOWN,ABSTAIN_LOW_CONFIDENCE|ABSTAIN_LOW_MARGIN,False,0.0028754599989042617,0.014959008387885601,0.01653329158912271,0.00691345932609266,0.0391752743568668,0.0,0.0,0.007109375076506527,0.01477901841472453,0.01220037099418309,0.013229604344669466,0.04897460169958549,0.02612599581036307,0.8
HYBRID,pre_event-run-0009,150,1.5,-0.5,UNKNOWN,UNKNOWN,ABSTAIN_LOW_CONFIDENCE|ABSTAIN_LOW_MARGIN,False,0.0028011859976686537,0.011273196588415335,0.014172709080288953,0.006115205461198521,0.053179825545593425,0.0,0.0,0.006178763402440312,0.01247829100098092,0.00808423061450265,0.012097730561217032,0.049178548711872334,0.02724149903349051,0.8
HYBRID,pre_event-run-0010,150,1.5,-0.5,UNKNOWN,UNKNOWN,ABSTAIN_LOW_CONFIDENCE|ABSTAIN_LOW_MARGIN,False,0.0028157460001239087,0.01290007461634491,0.012610133035371403,0.005930990202367378,0.043232629834406684,0.0,0.0,0.006454887577160847,0.012306523797663588,0.010918490044002605,0.01144587201128172,0.06137304412301389,0.02282735475838693,0.8
HYBRID,pre_event-run-0011,150,1.5,-0.5,UNKNOWN,UNKNOWN,ABSTAIN_LOW_CONFIDENCE|ABSTAIN_LOW_MARGIN,False,0.00283507499989355,0.012413390812421805,0.012110469205487074,0.008775472166792427,0.05008516643827663,0.0,0.0,0.007149860166931995,0.014418390920992731,0.00995246330287355,0.015052900926178754,0.019486679268837136,0.050555206791207855,0.8
HYBRID,pre_event-run-0012,150,1.5,-0.5,UNKNOWN,UNKNOWN,ABSTAIN_LOW_CONFIDENCE|ABSTAIN_LOW_MARGIN,False,0.0028502749992185272,0.010595742605554985,0.01275576484243477,0.00603386125824689,0.04206844140304123,0.0,0.0,0.007099438986122778,0.013707895356465384,0.007833191154560347,0.013515118411383916,0.03389959488166115,0.052490951100528496,0.8
HYBRID,pre_event-run-0013,150,1.5,-0.5,UNKNOWN,UNKNOWN,ABSTAIN_LOW_CONFIDENCE|ABSTAIN_LOW_MARGIN|ABSTAIN_RULE_MODEL_CONFLICT,False,0.0030728749989066273,0.010454532749426034,0.00857491984165028,0.006247286215434311,0.02982453252558535,0.0,0.0,0.0066627954365642995,0.012460412395358562,0.0063356307555767506,0.015022759547116628,0.08372687581801382,0.02069025471527395,0.8
HYBRID,pre_event-run-0014,150,1.5,-0.5,UNKNOWN,UNKNOWN,ABSTAIN_LOW_CONFIDENCE|ABSTAIN_LOW_MARGIN,False,0.0028493149984569754,0.015009350974401947,0.014739809270669384,0.007282678680812301,0.04093520422643101,0.0,0.0,0.0074530676112665485,0.012340495168876782,0.011700562788847823,0.011819032419916225,0.03938910319904996,0.03933069565972797,0.8
HYBRID,pre_event-run-0015,150,1.5,-0.5,UNKNOWN,UNKNOWN,ABSTAIN_LOW_CONFIDENCE|ABSTAIN_LOW_MARGIN,False,0.0027715200012607966,0.00977430547507312,0.008169950143823596,0.007047761776042376,0.028221831624890687,0.0,0.0,0.006429769741719033,0.007845107975590246,0.005943489314055961,0.013262339738360265,0.04902267713868657,0.0642827670717581,0.8
HYBRID,pre_event-run-0016,150,1.5,-0.5,UNKNOWN,UNKNOWN,ABSTAIN_LOW_CONFIDENCE|ABSTAIN_LOW_MARGIN,False,0.0028126739998697303,0.012765397285169042,0.012244969589419672,0.007986043219069691,0.048218664162727624,0.0,0.0,0.006765815411186939,0.011591627948222527,0.008072112071326066,0.013075438775738453,0.04489200548421769,0.034387926052922235,0.8
HYBRID,pre_event-run-0017,150,1.5,-0.5,UNKNOWN,UNKNOWN,ABSTAIN_LOW_CONFIDENCE|ABSTAIN_LOW_MARGIN,False,0.0028096659989387263,0.015778114701165934,0.015244345773752393,0.007089834654089095,0.043887216770208314,0.0,0.0,0.0076264967718374255,0.01624084301307438,0.011201320230334827,0.014738097403500083,0.044447879406787384,0.02374585127525012,0.8
HYBRID,pre_event-run-0018,150,1.5,-0.5,UNKNOWN,UNKNOWN,ABSTAIN_LOW_CONFIDENCE|ABSTAIN_LOW_MARGIN,False,0.0028328029984550085,0.007789387544291629,0.0064468189440477905,0.004896295051175197,0.03732049977494868,0.0,0.0,0.00524028605168228,0.007592070546227973,0.004591437887632621,0.010784713700820866,0.0493981559797067,0.06594033451946621,0.8
HYBRID,pre_event-run-0019,150,1.5,-0.5,UNKNOWN,UNKNOWN,ABSTAIN_LOW_CONFIDENCE|ABSTAIN_LOW_MARGIN,False,0.0028799399988201912,0.012968508772876742,0.01283667700866242,0.007158930179627551,0.057743391208475894,0.0,0.0,0.00671938179024007,0.011551405354918198,0.008862655741173996,0.013224268868677105,0.0377393759488025,0.031195405126545506,0.8
HYBRID,pre_event-run-0020,150,1.5,-0.5,UNKNOWN,UNKNOWN,ABSTAIN_LOW_CONFIDENCE|ABSTAIN_LOW_MARGIN,False,0.0028829809998569544,0.014372075720585055,0.014863480181012897,0.0076595480364717175,0.024849345858178405,0.0,0.0,0.007874032018993572,0.015583606302489285,0.008980793691833714,0.017494796720917197,0.04731387984092486,0.04100844162859325,0.8
HYBRID,pre_event-run-0021,150,1.5,-0.5,UNKNOWN,UNKNOWN,ABSTAIN_LOW_CONFIDENCE|ABSTAIN_LOW_MARGIN,False,0.003031177999218926,0.014853631183847244,0.013892567942168392,0.007199677263025537,0.028434539055661037,0.0,0.0,0.007700054674298461,0.01882743841205353,0.00756792565608936,0.017142773303596315,0.06007709132179308,0.024304301187467015,0.8
