step_index,timestamp_s,mode,contact_pressure_pa,platen_angular_speed_rad_s,head_angular_speed_rad_s,relative_velocity_m_s,slurry_availability,interface_temperature_k,pressure_velocity_exposure,pad_surface_activity,pad_remaining_life,dresser_effectiveness,instantaneous_mrr_m_s,cumulative_removal_m,active_polish_time_s,stage_average_mrr_m_s,thermal_energy_residual_w
1,0.01,PREPARE,1000.0,0.4,0.4,0.08,0.024999999999999998,293.15,0.001659363787624316,1.0,1.0,1.0,0.0,0.0,0.0,0.0,0.0
2,0.02,PREPARE,2000.0,0.8,0.7733333333333334,0.160012500325559,0.049374999999999995,293.15,0.006637973715186416,1.0,1.0,1.0,0.0,0.0,0.0,0.0,0.0
3,0.03,PREPARE,3000.0,1.2000000000000002,1.121777777777778,0.24007171084776896,0.073140625,293.15,0.014938736378017632,1.0,1.0,1.0,0.0,0.0,0.0,0.0,0.0
4,0.04,PREPARE,4000.0,1.6,1.4469925925925928,0.3202058072315756,0.096312109375,293.15,0.026566896055354443,1.0,1.0,1.0,0.0,0.0,0.0,0.0,0.0
5,0.05,PREPARE,5000.0,2.0,1.7505264197530868,0.4004377642229613,0.118904306640625,293.15,0.04152949532180161,1.0,1.0,1.0,0.0,0.0,0.0,0.0,0.0
6,0.06,PREPARE,6000.0,2.4,2.0338246584362145,0.4807860803690194,0.1409316989746094,293.15,0.05983492585186387,1.0,1.0,1.0,0.0,0.0,0.0,0.0,0.0
7,0.07,PREPARE,7000.0,2.7733333333333334,2.2982363478738,0.5558119806253893,0.16240840650024416,293.15,0.08070074892053289,1.0,1.0,1.0,0.0,0.0,0.0,0.0,0.0
8,0.08,PREPARE,8000.0,3.121777777777778,2.54502059134888,0.6258552235967678,0.18334819633773805,293.15,0.1038521494331996,1.0,1.0,1.0,0.0,0.0,0.0,0.0,0.0
9,0.09,PREPARE,9000.0,3.4469925925925926,2.7753525519256215,0.6912404911529845,0.2037644914292946,293.15,0.12903968695037724,1.0,1.0,1.0,0.0,0.0,0.0,0.0,0.0
10,0.1,PREPARE,10000.0,3.7505264197530863,2.9903290484639133,0.7522742004682913,0.22367037914356222,293.15,0.15603707082763973,1.0,1.0,1.0,0.0,0.0,0.0,0.0,0.0
11,0.11,PREPARE,11000.0,4.033824658436214,3.190973778566319,0.8092440270304528,0.24307861966497316,293.15,0.18463915714827087,1.0,1.0,1.0,0.0,0.0,0.0,0.0,0.0
12,0.12,PREPARE,11950.0,4.2982363478738,3.3782421933285645,0.8624193812310477,0.2620016541733488,293.15,0.2137657064621754,1.0,1.0,1.0,0.0,0.0,0.0,0.0,0.0
13,0.13,PREPARE,12852.5,4.54502059134888,3.55302604710666,0.9120522400929606,0.2804516128190151,293.15,0.24314141965523703,1.0,1.0,1.0,0.0,0.0,0.0,0.0,0.0
14,0.14,PREPARE,13709.875,4.7753525519256215,3.716157643966216,0.9583781026033591,0.2984403224985397,293.15,0.27253482091024145,1.0,1.0,1.0,0.0,0.0,0.0,0.0,0.0
15,0.15,PREPARE,14524.38125,4.990329048463914,3.868413801035135,1.001616970832496,0.3159793144360762,293.15,0.3017525409191234,1.0,1.0,1.0,0.0,0.0,0.0,0.0,0.0
16,0.16,PREPARE,15298.1621875,5.1909737785663195,4.010519547632793,1.0419743132216455,0.3330798315751743,293.15,0.33063429216828905,1.0,1.0,1.0,0.0,0.0,0.0,0.0,0.0
17,0.17,PREPARE,16033.254078124999,5.378242193328565,4.143151577790607,1.079641990284459,0.3497528357857949,293.15,0.35904845579131484,1.0,1.0,1.0,0.0,0.0,0.0,0.0,0.0
18,0.18,PREPARE,16731.591374218748,5.553026047106661,4.266941472604566,1.1147991341624013,0.36600901489115006,293.15,0.38688820841882277,1.0,1.0,1.0,0.0,0.0,0.0,0.0,0.0
19,0.19,PREPARE,17395.01180550781,5.716157643966217,4.382478707764262,1.1476129789853053,0.3818587895188713,293.15,0.4140681255517845,1.0,1.0,1.0,0.0,0.0,0.0,0.0,0.0
20,0.2,PREPARE,18025.261215232418,5.868413801035136,4.490313460579978,1.1782396417873278,0.39731231978089954,293.15,0.440521205239875,1.0,1.0,1.0,0.0,0.0,0.0,0.0,0.0
21,0.21,PREPARE,18623.9981544708,6.010519547632794,4.590959229874646,1.2068248551691863,0.41237951178637705,293.15,0.4661962623128856,1.0,1.0,1.0,0.0,0.0,0.0,0.0,0.0
22,0.22,PREPARE,19192.798246747258,6.143151577790608,4.6848952812163365,1.2335046536288279,0.4270700239917176,293.15,0.4910556491598981,1.0,1.0,1.0,0.0,0.0,0.0,0.0,0.0
23,0.23,PREPARE,19733.158334409894,6.266941472604567,4.7725689291352476,1.2584060158313823,0.4413932733919247,293.15,0.5150732641497303,1.0,1.0,1.0,0.0,0.0,0.0,0.0,0.0
24,0.24,PREPARE,20246.5004176894,6.382478707764263,4.854397667192898,1.2816474652266083,0.45535844155712657,293.15,0.5382328133057508,1.0,1.0,1.0,0.0,0.0,0.0,0.0,0.0
25,0.25,PREPARE,20734.17539680493,6.490313460579979,4.9307711560467045,1.3033396314408767,0.4689744805181984,293.15,0.5605262948518014,1.0,1.0,1.0,0.0,0.0,0.0,0.0,0.0
26,0.26,PREPARE,21197.466626964684,6.590959229874647,5.002053078976924,1.3235857748230175,0.48225011850524346,293.15,0.5819526797910524,1.0,1.0,1.0,0.0,0.0,0.0,0.0,0.0
27,0.27,PREPARE,21637.59329561645,6.684895281216337,5.0685828737117955,1.3424822764387976,0.49519386554261235,293.15,0.6025167648176419,1.0,1.0,1.0,0.0,0.0,0.0,0.0,0.0
28,0.28,PREPARE,22055.713630835628,6.772568929135248,5.130677348797676,1.3601190957048397,0.5078140189040471,293.15,0.6222281766379715,1.0,1.0,1.0,0.0,0.0,0.0,0.0,0.0
29,0.29,PREPARE,22452.927949293848,6.854397667192899,5.188632192211164,1.3765801977397356,0.5201186684314459,293.15,0.6411005092355099,1.0,1.0,1.0,0.0,0.0,0.0,0.0,0.0
30,0.3,PREPARE,22830.281551829154,6.930771156046705,5.242723379397086,1.3919439523941741,0.5321157017206598,293.15,0.6591505777863729,1.0,1.0,1.0,0.0,0.0,0.0,0.0,0.0
31,0.31,PREPARE,23188.767474237695,7.002053078976925,5.293208487437281,1.4062835068067827,0.5438128091776433,293.15,0.6763977748551456,1.0,1.0,1.0,0.0,0.0,0.0,0.0,0.0
32,0.32,PREPARE,23529.32910052581,7.068582873711796,5.340327921608129,1.4196671332202908,0.5552174889482022,293.15,0.6928635162001174,1.0,1.0,1.0,0.0,0.0,0.0,0.0,0.0
33,0.33,PREPARE,23852.86264549952,7.1306773487976765,5.384306060167587,1.4321585536848396,0.5663370517244972,293.15,0.7085707650197859,1.0,1.0,1.0,0.0,0.0,0.0,0.0,0.0
34,0.34,PREPARE,24160.219513224543,7.1886321922111645,5.425352322823081,1.4438172431724599,0.5771786254313848,293.15,0.723543624800739,1.0,1.0,1.0,0.0,0.0,0.0,0.0,0.0
35,0.35000000000000003,PREPARE,24452.208537563318,7.242723379397087,5.463662167968209,1.4546987125292588,0.5877491597956002,293.15,0.7378069921008417,1.0,1.0,1.0,0.0,0.0,0.0,0.0,0.0
36,0.36,PREPARE,24729.59811068515,7.293208487437281,5.499418023436996,1.4648547725997842,0.5980554308007101,293.15,0.7513862616387937,1.0,1.0,1.0,0.0,0.0,0.0,0.0,0.0
37,0.37,PREPARE,24993.11820515089,7.340327921608129,5.532790155207863,1.4743337807713237,0.6081040450306924,293.15,0.7643070769772956,1.0,1.0,1.0,0.0,0.0,0.0,0.0,0.0
38,0.38,PREPARE,25243.462294893347,7.384306060167587,5.563937478194005,1.4831808711043863,0.6179014439049251,293.15,0.7765951208961688,1.0,1.0,1.0,0.0,0.0,0.0,0.0,0.0
39,0.39,PREPARE,25481.28918014868,7.425352322823081,5.5930083129810715,1.4914381691391496,0.6274539078073019,293.15,0.7882759402661891,1.0,1.0,1.0,0.0,0.0,0.0,0.0,0.0
40,0.4,PREPARE,25707.224721141247,7.463662167968209,5.6201410921156665,1.4991449923959652,0.6367675601121193,293.15,0.7993748008649915,1.0,1.0,1.0,0.0,0.0,0.0,0.0,0.0
41,0.41000000000000003,PREPARE,25921.863485084185,7.499418023436996,5.645465019307955,1.5063380375208788,0.6458483711093164,293.15,0.8099165681328986,1.0,1.0,1.0,0.0,0.0,0.0,0.0,0.0
42,0.42,PREPARE,26125.770310829976,7.532790155207863,5.669100684687424,1.513051554964306,0.6547021618315835,293.15,0.8199256103574629,1.0,1.0,1.0,0.0,0.0,0.0,0.0,0.0
43,0.43,PREPARE,26319.481795288477,7.563937478194005,5.691160639041596,1.5193175120222406,0.6633346077857939,293.15,0.8294257212084791,1.0,1.0,1.0,0.0,0.0,0.0,0.0,0.0
44,0.44,PREPARE,26503.507705524054,7.5930083129810715,5.711749929772156,1.5251657450144127,0.671751242591149,293.15,0.8384400589269454,1.0,1.0,1.0,0.0,0.0,0.0,0.0,0.0
45,0.45,PREPARE,26678.332320247853,7.6201410921156665,5.730966601120679,1.5306241013224806,0.6799574615263703,293.15,0.8469910998078638,1.0,1.0,1.0,0.0,0.0,0.0,0.0,0.0
46,0.46,PREPARE,26844.41570423546,7.645465019307955,5.748902161045967,1.5357185719633344,0.687958524988211,293.15,0.8551006039131427,1.0,1.0,1.0,0.0,0.0,0.0,0.0,0.0
47,0.47000000000000003,PREPARE,27002.19491902369,7.669100684687424,5.765642016976236,1.5404734153277637,0.6957595618635057,293.15,0.8627895912118536,1.0,1.0,1.0,0.0,0.0,0.0,0.0,0.0
48,0.48,PREPARE,27152.085173072504,7.691160639041596,5.781265882511153,1.544911272672857,0.7033655728169181,293.15,0.8700783265748161,1.0,1.0,1.0,0.0,0.0,0.0,0.0,0.0
49,0.49,PREPARE,27294.48091441888,7.711749929772156,5.7958481570104095,1.5490532759173918,0.7107814334964951,293.15,0.8769863122526139,1.0,1.0,1.0,0.0,0.0,0.0,0.0,0.0
50,0.5,PREPARE,27429.756868697936,7.730966601120679,5.809458279876382,1.5529191482529359,0.7180118976590828,293.15,0.8835322866438604,1.0,1.0,1.0,0.0,0.0,0.0,0.0,0.0
51,0.51,PREPARE,27558.26902526304,7.748902161045967,5.822161061217956,1.5565272980492821,0.7250616002176057,293.15,0.8897342283167542,1.0,1.0,1.0,0.0,0.0,0.0,0.0,0.0
52,0.52,PREPARE,27680.355573999885,7.765642016976236,5.834016990470093,1.5598949065009804,0.7319350602121656,293.15,0.8956093643841567,1.0,1.0,1.0,0.0,0.0,0.0,0.0,0.0
53,0.53,PREPARE,27796.33779529989,7.781265882511153,5.845082524438753,1.5630380094319931,0.7386366837068614,293.15,0.9011741824528741,1.0,1.0,1.0,0.0,0.0,0.0,0.0,0.0
54,0.54,PREPARE,27906.520905534893,7.7958481570104095,5.855410356142836,1.565971573647749,0.7451707666141899,293.15,0.906444445473464,1.0,1.0,1.0,0.0,0.0,0.0,0.0,0.0
55,0.55,PREPARE,28011.194860258147,7.809458279876382,5.865049665733314,1.5687095681979304,0.7515414974488351,293.15,0.9114352089095097,1.0,1.0,1.0,0.0,0.0,0.0,0.0,0.0
56,0.56,PREPARE,28110.63511724524,7.822161061217956,5.874046354684427,1.5712650308891554,0.7577529600126143,293.15,0.9161608397263981,1.0,1.0,1.0,0.0,0.0,0.0,0.0,0.0
57,0.5700000000000001,PREPARE,28205.10336138298,7.834016990470093,5.882443264372132,1.5736501303641075,0.7638091360122989,293.15,0.9206350367706355,1.0,1.0,1.0,0.0,0.0,0.0,0.0,0.0
58,0.58,PREPARE,28294.84819331383,7.845082524438753,5.8902803800806565,1.5758762240425943,0.7697139076119914,293.15,0.9248708521727742,1.0,1.0,1.0,0.0,0.0,0.0,0.0,0.0
59,0.59,PREPARE,28380.105783648138,7.855410356142836,5.897595021408613,1.577953912200322,0.7754710599216916,293.15,0.928880713461231,1.0,1.0,1.0,0.0,0.0,0.0,0.0,0.0
60,0.6,PREPARE,28461.100494465732,7.865049665733314,5.9044220199813715,1.579893088442811,0.7810842834236493,293.15,0.9326764461215536,1.0,1.0,1.0,0.0,0.0,0.0,0.0,0.0
61,0.61,PREPARE,28538.045469742447,7.874046354684427,5.910793885315947,1.5817029868147108,0.7865571763380581,293.15,0.9362692963768914,1.0,1.0,1.0,0.0,0.0,0.0,0.0,0.0
62,0.62,PREPARE,28611.143196255325,7.882443264372132,5.916740959628217,1.5833922257687798,0.7918932469296066,293.15,0.9396699540012708,1.0,1.0,1.0,0.0,0.0,0.0,0.0,0.0
63,0.63,PREPARE,28680.58603644256,7.8902803800806565,5.922291562319669,1.584968849203844,0.7970959157563664,293.15,0.9428885750084267,1.0,1.0,1.0,0.0,0.0,0.0,0.0,0.0
64,0.64,PREPARE,28746.556734620433,7.897595021408613,5.927472124831691,1.5864403647670948,0.8021685178624572,293.15,0.9459348040859575,1.0,1.0,1.0,0.0,0.0,0.0,0.0,0.0
65,0.65,PREPARE,28809.22889788941,7.9044220199813715,5.932307316509578,1.587813779603085,0.8071143049158959,293.15,0.948817796667966,1.0,1.0,1.0,0.0,0.0,0.0,0.0,0.0
66,0.66,PREPARE,28868.76745299494,7.910793885315947,5.936820162075606,1.5890956337196043,0.8119364472929985,293.15,0.9515462405595676,1.0,1.0,1.0,0.0,0.0,0.0,0.0,0.0
67,0.67,PREPARE,28925.329080345193,7.916740959628217,5.941032151270566,1.5902920311293038,0.8166380361106735,293.15,0.9541283770440794,1.0,1.0,1.0,0.0,0.0,0.0,0.0,0.0
68,0.68,PREPARE,28979.062626327934,7.922291562319669,5.944963341185861,1.591408668915314,0.8212220852079067,293.15,0.9565720214186956,1.0,1.0,1.0,0.0,0.0,0.0,0.0,0.0
69,0.6900000000000001,PREPARE,29030.109495011537,7.927472124831691,5.948632451773471,1.592450864359264,0.825691533077709,293.15,0.9588845829173165,1.0,1.0,1.0,0.0,0.0,0.0,0.0,0.0
70,0.7000000000000001,PREPARE,29078.60402026096,7.932307316509578,5.952056954988573,1.5934235802608412,0.8300492447507664,293.15,0.9610730839901919,1.0,1.0,1.0,0.0,0.0,0.0,0.0,0.0
71,0.71,PREPARE,29124.67381924791,7.936820162075606,5.955253157989335,1.5943314485694566,0.8342980136319972,293.15,0.9631441789194056,1.0,1.0,1.0,0.0,0.0,0.0,0.0,0.0
72,0.72,PREPARE,29168.440128285514,7.941032151270566,5.958236280790047,1.5951787924405296,0.8384405632911972,293.15,0.9651041717571758,1.0,1.0,1.0,0.0,0.0,0.0,0.0,0.0
73,0.73,PREPARE,29210.01812187124,7.944963341185861,5.961020528737377,1.5959696468214029,0.8424795492089173,293.15,0.9669590335806469,1.0,1.0,1.0,0.0,0.0,0.0,0.0,0.0
74,0.74,PREPARE,29249.517215777676,7.948632451773471,5.963619160154885,1.5967077776649152,0.8464175604786944,293.15,0.9687144190624956,1.0,1.0,1.0,0.0,0.0,0.0,0.0,0.0
75,0.75,PREPARE,29287.041354988793,7.952056954988573,5.966044549477893,1.597396699862105,0.850257121466727,293.15,0.9703756823613497,1.0,1.0,1.0,0.0,0.0,0.0,0.0,0.0
76,0.76,PREPARE,29322.689287239355,7.955253157989335,5.968308246179366,1.5980396939794366,0.8540006934300589,293.15,0.971947892339928,1.0,1.0,1.0,0.0,0.0,0.0,0.0,0.0
77,0.77,PREPARE,29356.554822877388,7.958236280790047,5.970421029767408,1.598639821880245,0.8576506760943075,293.15,0.973435847121972,1.0,1.0,1.0,0.0,0.0,0.0,0.0,0.0
78,0.78,PREPARE,29388.72708173352,7.961020528737377,5.972392961116247,1.5991999413047693,0.8612094091919498,293.15,0.9748440880016371,1.0,1.0,1.0,0.0,0.0,0.0,0.0,0.0
79,0.79,PREPARE,29419.290727646843,7.963619160154885,5.974233430375164,1.599722719478216,0.864679173962151,293.15,0.9761769127210537,1.0,1.0,1.0,0.0,0.0,0.0,0.0,0.0
80,0.8,PREPARE,29448.3261912645,7.966044549477893,5.975951201683486,1.6002106458116288,0.8680621946130972,293.15,0.9774383881333805,1.0,1.0,1.0,0.0,0.0,0.0,0.0,0.0
81,0.81,PREPARE,29475.909881701275,7.968308246179366,5.977554454904587,1.6006660437560563,0.8713606397477698,293.15,0.9786323622698992,1.0,1.0,1.0,0.0,0.0,0.0,0.0,0.0
82,0.8200000000000001,PREPARE,29502.11438761621,7.970421029767408,5.979050824577615,1.601091081866455,0.8745766237540755,293.15,0.9797624758305765,1.0,1.0,1.0,0.0,0.0,0.0,0.0,0.0
83,0.8300000000000001,PREPARE,29527.008668235398,7.972392961116247,5.980447436272441,1.601487784128011,0.8777122081602237,293.15,0.9808321731181517,1.0,1.0,1.0,0.0,0.0,0.0,0.0,0.0
84,0.84,PREPARE,29550.658234823626,7.974233430375164,5.9817509405209455,1.601858039594052,0.8807694029562181,293.15,0.9818447124361681,1.0,1.0,1.0,0.0,0.0,0.0,0.0,0.0
85,0.85,PREPARE,29573.125323082444,7.975951201683486,5.982967544486216,1.60220361138144,0.8837501678823126,293.15,0.9828031759715461,1.0,1.0,1.0,0.0,0.0,0.0,0.0,0.0
86,0.86,PREPARE,29594.469056928323,7.977554454904587,5.984103041520468,1.602526145066281,0.8866564136852548,293.15,0.9837104791823046,1.0,1.0,1.0,0.0,0.0,0.0,0.0,0.0
87,0.87,PREPARE,29614.745604081905,7.979050824577615,5.985162838752437,1.6028271765199293,0.8894900033431234,293.15,0.9845693797109016,1.0,1.0,1.0,0.0,0.0,0.0,0.0,0.0
88,0.88,PREPARE,29634.00832387781,7.980447436272441,5.986151982835608,1.6031081392225923,0.8922527532595453,293.15,0.9853824858434121,1.0,1.0,1.0,0.0,0.0,0.0,0.0,0.0
89,0.89,PREPARE,29652.30790768392,7.9817509405209455,5.987075183979901,1.6033703710893743,0.8949464344280567,293.15,0.986152264534427,1.0,1.0,1.0,0.0,0.0,0.0,0.0,0.0
90,0.9,PREPARE,29669.692512299724,7.982967544486216,5.98793683838124,1.6036151208412495,0.8975727735673552,293.15,0.9868810490171237,1.0,1.0,1.0,0.0,0.0,0.0,0.0,0.0
91,0.91,PREPARE,29686.207886684737,7.984103041520468,5.988741049155824,1.60384355395131,0.9001334542281714,293.15,0.9875710460174948,1.0,1.0,1.0,0.0,0.0,0.0,0.0,0.0
92,0.92,PREPARE,29701.8974923505,7.985162838752437,5.989491645878769,1.6040567581946044,0.902630117872467,293.15,0.9882243425911703,1.0,1.0,1.0,0.0,0.0,0.0,0.0,0.0
93,0.93,PREPARE,29716.802617732978,7.986151982835608,5.990192202820185,1.60425574882798,0.9050643649256553,293.15,0.988842912600727,1.0,1.0,1.0,0.0,0.0,0.0,0.0,0.0
94,0.9400000000000001,PREPARE,29730.96248684633,7.987075183979901,5.990846055965506,1.6044414734246182,0.907437755802514,293.15,0.9894286228507739,1.0,1.0,1.0,0.0,0.0,0.0,0.0,0.0
95,0.9500000000000001,PREPARE,29744.414362504012,7.98793683838124,5.99145631890114,1.604614816386259,0.9097518119074511,293.15,0.9899832388974975,1.0,1.0,1.0,0.0,0.0,0.0,0.0,0.0
96,0.96,PREPARE,29757.19364437881,7.988741049155824,5.992025897641064,1.604776603154618,0.9120080166097648,293.15,0.9905084305487359,1.0,1.0,1.0,0.0,0.0,0.0,0.0,0.0
97,0.97,PREPARE,29769.33396215987,7.989491645878769,5.992557504464993,1.6049276041420435,0.9142078161945207,293.15,0.9910057770700222,1.0,1.0,1.0,0.0,0.0,0.0,0.0,0.0
98,0.98,PREPARE,29780.867264051878,7.990192202820185,5.993053670833993,1.6050685384001304,0.9163526207896577,293.15,0.9914767721114153,1.0,1.0,1.0,0.0,0.0,0.0,0.0,0.0
99,0.99,PREPARE,29791.823900849286,7.990846055965506,5.99351675944506,1.605200077043759,0.9184438052699163,293.15,0.9919228283693248,1.0,1.0,1.0,0.0,0.0,0.0,0.0,0.0
100,1.0,PREPARE,29802.232705806822,7.99145631890114,5.9939489754820565,1.6053228464468734,0.9204827101381684,293.15,0.9923452819969139,1.0,1.0,1.0,0.0,0.0,0.0,0.0,0.0
101,1.01,POLISH,29812.12107051648,7.992025897641064,5.994352377116586,1.6054374312251973,0.9224706423847142,293.15027065037833,0.9927453967760745,0.9999980145092064,0.9999999007254603,1.0,1.5262950866687003e-09,1.5262950866687002e-11,0.01,1.5262950866687001e-09,3.243968649258022e-09
102,1.02,POLISH,29821.515016990656,7.992557504464993,5.994728885308814,1.6055443770201157,0.9244088763250964,293.15054127579947,0.9931243680633828,0.999996028264414,0.9999998014130235,1.0,1.5300835161671816e-09,3.056378602835882e-11,0.02,1.5281893014179409e-09,7.410960733977845e-09
103,1.03,POLISH,29830.439266141122,7.993053670833993,5.995080292954893,1.6056441930969536,0.926298654416969,293.1508118707373,0.993483326521856,0.9999940413056527,0.9999997020646908,1.0,1.533763250398304e-09,4.590141853234186e-11,0.03,1.5300472844113956e-09,-1.3224905615061289e-09
104,1.04,POLISH,29838.917302834067,7.99351675944506,5.995408273424567,1.6057373547700464,0.9281411880565448,293.1510824299631,0.9938233416498004,0.9999920536708132,0.9999996026823567,1.0,1.5373376747534589e-09,6.127479527987645e-11,0.04,1.5318698819969113e-09,1.30097248529637e-08
105,1.05,POLISH,29846.971437692362,7.9939489754820565,5.995714388529596,1.6058243056661323,0.9299376583551312,293.1513529485292,0.9941454251174829,0.9999900653957626,0.9999995032678142,1.0,1.5408100598773809e-09,7.668289587865026e-11,0.05,1.533657917573005e-09,-1.0671669770090375e-08
106,1.06,POLISH,29854.622865807745,7.994352377116586,5.996000095960956,1.605905459836857,0.931689216896253,293.1516234217544,0.9944505339218414,0.9999880765144538,0.9999994038227608,1.0,1.5441835656984767e-09,9.212473153563503e-11,0.060000000000000005,1.5354121922605837e-09,-1.2074423239027965e-08
107,1.07,POLISH,29861.891722517357,7.994728885308814,5.996266756230225,1.6059812037304435,0.9333969864738466,293.15189384520903,0.9947395733689574,0.9999860870590286,0.9999993043488035,1.0,1.5474612453342685e-09,1.0759934398897772e-10,0.07,1.5371334855568244e-09,6.375273642333923e-09
108,1.08,POLISH,29868.79713639149,7.995080292954893,5.99651563914821,1.6060518980319165,0.9350620618120005,293.1521642147018,0.9950133998935194,0.9999840970599159,0.9999992048474635,1.0,1.5506460488730268e-09,1.2310580447770798e-10,0.08,1.5388225559713497e-09,-1.1669499144772999e-08
109,1.09,POLISH,29875.357279571916,7.995408273424567,5.996747929871663,1.6061178793806483,0.9366855102667004,293.15243452626703,0.9952728237240485,0.9999821065459239,0.9999991053201811,1.0,1.553740827033051e-09,1.386432127480385e-10,0.09,1.5404801416448723e-09,-4.327461056163884e-09
110,1.1,POLISH,29881.58941559332,7.995714388529596,5.996964734546886,1.6061794619733993,0.9382683725100329,293.15270477615223,0.9955186114022117,0.9999801155443276,0.99999900576832,1.0,1.5567483347013962e-09,1.5421069609505245e-10,0.09999999999999999,1.5421069609505247e-09,2.9322109185159206e-09
111,1.11,POLISH,29887.509944813653,7.996000095960956,5.997167085577093,1.6062369390604905,0.939811663197282,293.15297496080694,0.9957514881641172,0.9999781240809512,0.9999989061931712,1.0,1.5596712343540808e-09,1.6980740843859327e-10,0.10999999999999999,1.5437037130781208e-09,-5.161467697689659e-09
112,1.12,POLISH,29893.13444757297,7.996266756230225,5.997355946538621,1.6062905843422315,0.94131637161735,293.1532450768718,0.9959721401910897,0.9999761321802464,0.9999988065959572,1.0,1.5625120993600712e-09,1.85432529432194e-10,0.11999999999999998,1.5452710786016169e-09,-3.374026391611551e-09
113,1.1300000000000001,POLISH,29898.477725194323,7.99651563914821,5.997532216769379,1.6063406532722537,0.9427834623269163,293.1535151211684,0.9961812167370178,0.9999741398653663,0.9999987069778355,1.0,1.5652734171714917e-09,2.010852636039089e-10,0.12999999999999998,1.5468097200300688e-09,7.67093411013775e-09
114,1.1400000000000001,POLISH,29903.553838934607,7.996747929871663,5.99769673565142,1.6063873842739544,0.9442138757687434,293.15378509068944,0.9963793321390082,0.999972147158235,0.9999986073399023,1.0,1.5679575924026698e-09,2.167648395279356e-10,0.13999999999999999,1.5483202823423973e-09,8.015263119887095e-09
115,1.1500000000000001,POLISH,29908.376146987877,7.996964734546886,5.997850286607992,1.606430999875843,0.9456085288745248,293.1540549825896,0.9965670677177213,0.999970154079614,0.9999985076831955,1.0,1.5705669498007522e-09,2.3247050902594313e-10,0.15,1.5498033935062875e-09,8.513580951330368e-09
116,1.16,POLISH,29912.957339638484,7.997167085577093,5.997993600834126,1.606471707771201,0.9469683156526617,293.1543247941771,0.9967449735734195,0.9999681606491644,0.9999984080086982,1.0,1.5731037371106893e-09,2.4820154639705004e-10,0.16,1.5512596649815627e-09,1.686203177087009e-09
117,1.17,POLISH,29917.30947265656,7.997355946538621,5.9981273607785175,1.6065097018070977,0.9482941077613452,293.15459452290526,0.9969135702834511,0.999966166885506,0.9999983083173412,1.0,1.575570127837481e-09,2.639572476754248e-10,0.17,1.5526896922083812e-09,1.1395457022445044e-08
118,1.18,POLISH,29921.443999023733,7.997532216769379,5.998252203393283,1.6065451629074667,0.9495867550673115,293.1548641663648,0.9970733505065684,0.9999641728062731,0.9999982086100061,1.0,1.577968223908588e-09,2.797369299145107e-10,0.18000000000000002,1.5540940550806149e-09,1.327637733083975e-08
119,1.19,POLISH,29925.371799072545,7.99769673565142,5.998368723167064,1.6065782599346519,0.9508470861906287,293.1551337222766,0.9972247804992114,0.9999621784281677,0.999998108887528,1.0,1.580300058239475e-09,2.955399304969055e-10,0.19000000000000003,1.5554733184047653e-09,9.370410225528758e-09
120,1.2,POLISH,29929.10320911892,7.997850286607992,5.998477474955926,1.6066091504935085,0.952075909035863,293.15540318848474,0.9973683015485875,0.9999601837670087,0.9999980091506979,1.0,1.5825675972052124e-09,3.113656064689576e-10,0.20000000000000004,1.5568280323447876e-09,5.77074388274923e-10
121,1.21,POLISH,29932.648048662973,7.997993600834126,5.998578976625532,1.606637981681907,0.9532740113099665,293.15567256294986,0.997504331327133,0.9999581888377798,0.9999979094002648,1.0,1.5847727430211048e-09,3.272133338991686e-10,0.21000000000000005,1.5581587328531836e-09,-1.6493117982463446e-09
122,1.22,POLISH,29936.015646229826,7.9981273607785175,5.998673711517163,1.6066648907911931,0.9544421610272174,293.15594184374305,0.9976332651726878,0.9999561936546738,0.9999978096369383,1.0,1.5869173360352597e-09,3.430825072595212e-10,0.22000000000000006,1.5594659420887323e-09,-1.0198789368587313e-08
123,1.23,POLISH,29939.214863918336,7.998252203393283,5.998762130749352,1.60669000595996,0.9555811070015369,293.15621102904,0.9977554772984758,0.9999541982311353,0.9999977098613906,1.0,1.5890031569360043e-09,3.5897253882888125e-10,0.23000000000000007,1.5607501688212225e-09,-2.2785684450354893e-09
124,1.24,POLISH,29942.25412072242,7.998368723167064,5.998844655366062,1.60671344678423,0.9566915793264984,293.1564801171153,0.9978713219367652,0.9999522025798999,0.9999976100742584,1.0,1.5910319288770102e-09,3.7488285811765133e-10,0.24000000000000007,1.5620119088235468e-09,7.67934693612915e-09
125,1.25,POLISH,29945.1414146863,7.998477474955926,5.998921678341658,1.6067353248869574,0.9577742898433359,293.15674910633726,0.9979811344198655,0.9999502067130329,0.9999975102761449,1.0,1.5930053195229415e-09,3.9081291131288076e-10,0.25000000000000006,1.5632516452515226e-09,-1.101739144360181e-08
126,1.26,POLISH,29947.884343951984,7.998578976625532,5.998993566452214,1.6067557444495693,0.9588299325972525,293.15701799516313,0.9980852322019234,0.9999482106419644,0.9999974104676217,1.0,1.5949249430183938e-09,4.0676216074306467e-10,0.26000000000000006,1.5644698490117868e-09,9.083123586606234e-09
127,1.27,POLISH,29950.490126754386,7.998673711517163,5.999060662022066,1.6067748027080642,0.9598591842823212,293.157286782134,0.9981839158247817,0.9999462143775233,0.9999973106492301,1.0,1.5967923618828382e-09,4.2273008436189304e-10,0.2700000000000001,1.5656669791181219e-09,-1.373007307847729e-08
128,1.28,POLISH,29952.965620416668,7.998762130749352,5.999123284553928,1.6067925904160432,0.9608627046752631,293.15755546587076,0.9982774698309945,0.9999442179299696,0.9999972108214832,1.0,1.5986090888342149e-09,4.387161752502352e-10,0.2800000000000001,1.566843483036554e-09,-1.0453504728502594e-08
129,1.29,POLISH,29955.317339395835,7.998844655366062,5.9991817322503325,1.606809192276867,0.9618411370583816,293.1578240450696,0.9983661636269132,0.9999422213090242,0.9999971109848669,1.0,1.600376588543766e-09,4.5471994113567286e-10,0.2900000000000001,1.567999797019561e-09,5.527482471734402e-09
130,1.3,POLISH,29957.551472426043,7.998921678341658,5.9992362834336435,1.6068246873470073,0.9627951086319221,293.15809251849817,0.9984502522986015,0.999940224523898,0.9999970111398416,1.0,1.602096279324627e-09,4.707409039289192e-10,0.3000000000000001,1.56913634642973e-09,-4.049667268191115e-09
131,1.31,POLISH,29959.67389880474,7.998993566452214,5.999287197871401,1.606839149412505,0.963725230916124,293.1583608849917,0.998529977383186,0.9999382275833184,0.9999969112868439,1.0,1.60376953475663e-09,4.867785992764855e-10,0.3100000000000001,1.5702535460531786e-09,-1.021402340484201e-08
132,1.32,POLISH,29961.690203864502,7.999060662022066,5.999334718013308,1.606852647340331,0.964632100143221,293.15862914344956,0.9986055675980988,0.9999362304955558,0.9999968114262872,1.0,1.6053976852497026e-09,5.028325761289825e-10,0.3200000000000001,1.57135180040307e-09,1.0675421435735188e-08
133,1.33,POLISH,29963.605693671278,7.999123284553928,5.9993790701457534,1.6068652454063272,0.9655162976396404,293.1588972928318,0.9986772395305403,0.999934233268447,0.9999967115585632,1.0,1.6069820195481682e-09,5.189023963244642e-10,0.3300000000000001,1.5724315040135273e-09,9.822343827181612e-09
134,1.34,POLISH,29965.425408987714,7.9991817322503325,5.9994204654693695,1.6068770036012792,0.9663783901986495,293.1591653321559,0.9987451982893533,0.9999322359094188,0.9999966116840433,1.0,1.6085237861781973e-09,5.349876341862461e-10,0.34000000000000014,1.5734930417242526e-09,2.9956481739645824e-09
135,1.35,POLISH,29967.154138538328,7.9992362834336435,5.999459101104745,1.6068879779165868,0.9672189304436832,293.1594332604939,0.9988096381213875,0.9999302384255094,0.9999965118030795,1.0,1.6100241948405797e-09,5.510878761346519e-10,0.35000000000000014,1.5745367889561475e-09,1.3548145716413273e-08
136,1.36,POLISH,29968.796431611412,7.999287197871401,5.999495161031096,1.6068982206108904,0.9680384571825912,293.1597010769694,0.9988707429943051,0.999928240823389,0.9999964119160052,1.0,1.6114844177509072e-09,5.67202720312161e-10,0.36000000000000015,1.5755631119782242e-09,-8.379259952562279e-09
137,1.37,POLISH,29970.35661003084,7.999334718013308,5.999528816962356,1.6069077804589216,0.9688374957530264,293.1599687807548,0.9989286871476858,0.9999262431093794,0.9999963120231364,1.0,1.6129055909292156e-09,5.833317762214532e-10,0.37000000000000016,1.576572368166089e-09,-6.5181211539311334e-09
138,1.3800000000000001,POLISH,29971.8387795293,7.9993790701457534,5.9995602291648655,1.6069167029837632,0.9696165583592007,293.160236371069,0.9989836356141695,0.999924245289472,0.9999962121247729,1.0,1.6142888154410246e-09,5.994746643758635e-10,0.38000000000000017,1.5775649062522715e-09,-4.390869889903115e-09
139,1.3900000000000001,POLISH,29973.246840552834,7.9994204654693695,5.999589547220541,1.6069250306736262,0.9703761444002207,293.16050384717465,0.9990357447122946,0.9999222473693459,0.9999961122211983,1.0,1.6156351585916904e-09,6.156310159617804e-10,0.3900000000000002,1.578541066568667e-09,-3.1905074138194323e-09
140,1.4000000000000001,POLISH,29974.584498525193,7.999459101104745,5.999616910739172,1.606932803184175,0.9711167407902151,293.16077120837605,0.9990851625125824,0.9999202493543838,0.9999960123126821,1.0,1.6169456550758786e-09,6.318004725125392e-10,0.4000000000000002,1.5795011812813473e-09,1.039836661220761e-08
141,1.41,POLISH,29975.855273598932,7.999495161031096,5.999642450023227,1.6069400575273622,0.9718388222704598,293.1610384540168,0.9991320292783455,0.9999182512496881,0.9999959123994792,1.0,1.6182213080839243e-09,6.479826855933785e-10,0.4100000000000002,1.5804455746179955e-09,3.024808847840177e-09
142,1.42,POLISH,29977.062509918986,7.999528816962356,5.9996662866883455,1.6069468282476773,0.9725428517136984,293.161305583478,0.9991764778826064,0.9999162530600952,0.9999958124818313,1.0,1.6194630903667787e-09,6.641773164970463e-10,0.4200000000000002,1.5813745630882047e-09,7.299092885659775e-09
143,1.43,POLISH,29978.209384423037,7.9995602291648655,5.9996885342424555,1.6069531475866445,0.9732292804208559,293.161572596176,0.9992186342024391,0.9999142547901898,0.9999957125599679,1.0,1.6206719452611672e-09,6.803840359496579e-10,0.4300000000000002,1.5822884556968781e-09,1.0222123592029675e-08
144,1.44,POLISH,29979.298915201885,7.999589547220541,5.999709298626292,1.6069590456363527,0.9738985484103345,293.1618394915606,0.9992586174919754,0.9999122564443181,0.9999956126341062,1.0,1.6218487876765335e-09,6.966025238264233e-10,0.4400000000000002,1.583187554150961e-09,-1.3380144991970155e-08
145,1.45,POLISH,29980.333969441792,7.999616910739172,5.999728678717872,1.6069645504827517,0.9745510847000761,293.1621062691137,0.9992965407352439,0.9999102580266004,0.9999955127044521,1.0,1.6229945050452818e-09,7.128324688768761e-10,0.45000000000000023,1.5840721530597239e-09,-7.774445975883282e-09
146,1.46,POLISH,29981.317270969703,7.999642450023227,5.999746766803347,1.6069696883393951,0.9751873075825742,293.162372928347,0.9993325109799494,0.9999082595409425,0.999995412771201,1.0,1.6241099582377673e-09,7.290735684592538e-10,0.46000000000000024,1.5849425401288117e-09,3.647755875135772e-09
147,1.47,POLISH,29982.251407421216,7.9996662866883455,5.999763649016457,1.606974483672266,0.9758076248930099,293.1626394688009,0.9993666296532372,0.999906260991048,0.999995312834538,1.0,1.62519598244344e-09,7.453255282836882e-10,0.47000000000000025,1.585798996348272e-09,-1.1872799632328679e-08
148,1.48,POLISH,29983.138837050155,7.9996885342424555,5.9997794057486935,1.6069789593162818,0.9764124342706846,293.1629058900428,0.9993989928604264,0.9999042623804276,0.9999952128946388,1.0,1.6262533880194722e-09,7.61588062163883e-10,0.48000000000000026,1.5866417961747553e-09,4.105430662093568e-09
149,1.49,POLISH,29983.98189519765,7.999709298626292,5.999794112032114,1.6069831365840326,0.9770021234139175,293.16317219166575,0.9994296916676473,0.9999022637124103,0.9999951129516697,1.0,1.6272829613081716e-09,7.778608917769647e-10,0.49000000000000027,1.5874712077080903e-09,-8.570339105062885e-09
150,1.5,POLISH,29984.782800437766,7.999728678717872,5.99980783789664,1.6069870353672688,0.9775770703285696,293.16343837328714,0.99945881236926,0.9999002649901524,0.9999950130057884,1.0,1.6282854654244106e-09,7.941437464312087e-10,0.5000000000000002,1.5882874928624168e-09,-1.0110312587130466e-08
151,1.51,POLISH,29985.54366041588,7.999746766803347,5.999820648703531,1.6069906742316251,0.9781376435703553,293.16370443454736,0.9994864367408877,0.9998982662166465,0.9999949130571447,1.0,1.6292616410142668e-09,8.104363628413514e-10,0.5100000000000002,1.5890909075320608e-09,-9.63154889177531e-09
152,1.52,POLISH,29986.266477395086,7.999763649016457,5.999832605456628,1.606994070505026,0.9786842024810963,293.16397037510865,0.9995126422788482,0.9998962673947303,0.9999948131058805,1.0,1.6302122069860138e-09,8.267384849112115e-10,0.5200000000000002,1.5898817017523292e-09,-1.3243493413028773e-08
153,1.53,POLISH,29986.95315352533,7.9997794057486935,5.999843765092853,1.6069972403602022,0.9792170974190689,293.164236194654,0.9995375024267259,0.9998942685270946,0.9999947131521302,1.0,1.6311378612145522e-09,8.43049863523357e-10,0.5300000000000002,1.5906601198553899e-09,1.2504415281000547e-09
154,1.54,POLISH,29987.605495849064,7.999794112032114,5.99985418075333,1.6070001988917006,0.9797366699835922,293.16450189288594,0.9995610867897873,0.9998922696162912,0.9999946131960215,1.0,1.6320392812203507e-09,8.593702563355605e-10,0.5400000000000003,1.5914264006214077e-09,-2.339191951250541e-09
155,1.55,POLISH,29988.22522105661,7.99980783789664,5.999863902036441,1.6070029601877678,0.9802432532340024,293.16476746952566,0.9995834613378977,0.9998902706647396,0.9999945132376753,1.0,1.63291712482388e-09,8.756994275837994e-10,0.5500000000000003,1.592180777425089e-09,-4.777149342771736e-09
156,1.56,POLISH,29988.81396000378,7.999820648703531,5.999872975234012,1.6070055373974312,0.9807371719031523,293.165032924312,0.9996046885975681,0.9998882716747343,0.9999944132772064,1.0,1.6337720307765305e-09,8.920371478915647e-10,0.5600000000000003,1.5929234783777933e-09,1.3438466339721344e-08
157,1.57,POLISH,29989.37326200359,7.999832605456628,5.999881443551744,1.6070079427931179,0.9812187426055735,293.1652982570005,0.9996248278337229,0.9998862726484514,0.9999943133147237,1.0,1.6346046193689276e-09,9.083831940852539e-10,0.5700000000000003,1.5936547264653569e-09,-1.0105907222168753e-08
158,1.58,POLISH,29989.904598903413,7.999843765092853,5.999889347314961,1.6070101878290928,0.9816882740404341,293.1655634673625,0.999643935221744,0.9998842735879547,0.9999942133503301,1.0,1.635415493017543e-09,9.247373490154294e-10,0.5800000000000003,1.594374739681774e-09,1.2026390550090582e-08
159,1.59,POLISH,29990.409368958244,7.99985418075333,5.999896724160631,1.6070122831960036,0.9821460671894233,293.16582855518453,0.9996620640103222,0.9998822744952013,0.9999941133841237,1.0,1.6362052368304442e-09,9.410994013837338e-10,0.5900000000000003,1.59508373115887e-09,1.0260691851726733e-08
160,1.6,POLISH,29990.888900510334,7.999863902036441,5.999903609216589,1.6070142388717876,0.9825924155096878,293.16609352026717,0.9996792646756127,0.9998802753720474,0.9999940134161972,1.0,1.636974419153017e-09,9.57469145575264e-10,0.6000000000000003,1.595781909292106e-09,-7.778368171784678e-09
161,1.61,POLISH,29991.344455484817,7.999872975234012,5.999910035268816,1.6070160641691866,0.9830276051219456,293.16635836242466,0.9996955850671662,0.9998782762202536,0.9999939134466387,1.0,1.6377235920944307e-09,9.738463814962083e-10,0.6100000000000003,1.5964694778626357e-09,-6.021082299412228e-09
162,1.62,POLISH,29991.777232710578,7.999881443551744,5.999916032917562,1.6070177677800925,0.9834519149938971,293.16662308148403,0.999711070546079,0.9998762770414897,0.9999938134755316,1.0,1.6384532920356032e-09,9.902309144165643e-10,0.6200000000000003,1.5971466361557481e-09,3.928164460376138e-09
163,1.6300000000000001,POLISH,29992.188371075048,7.999889347314961,5.999921630723057,1.6070193578169385,0.9838656171190496,293.1668876772844,0.9997257641157882,0.9998742778373395,0.9999937135029552,1.0,1.6391640401193925e-09,1.0066225548177584e-09,0.6300000000000003,1.5978135790758061e-09,1.3428689271677285e-09
164,1.6400000000000001,POLISH,29992.578952521297,7.999896724160631,5.999926855341521,1.607020841851329,0.9842689766910734,293.1671521496765,0.9997397065459005,0.9998722786093053,0.9999936135289845,1.0,1.6398563427236944e-09,1.0230211182449954e-09,0.6400000000000003,1.5984704972578044e-09,-4.088491323273047e-09
165,1.6500000000000001,POLISH,29992.950004895232,7.999903609216589,5.999931731652086,1.6070222269500933,0.9846622522737966,293.1674164985219,0.9997529364894407,0.999870279358812,0.9999935135536909,1.0,1.6405306919181199e-09,1.0394264251641766e-09,0.6500000000000004,1.5991175771756554e-09,1.1364363672328182e-08
166,1.6600000000000001,POLISH,29993.30250465047,7.999910035268816,5.99993628287528,1.6070235197089404,0.9850456959669517,293.16768072369257,0.9997654905938673,0.9998682800872113,0.9999934135771419,1.0,1.6411875659048798e-09,1.0558383008232255e-09,0.6600000000000004,1.5997550012473105e-09,1.3114231478539295e-08
167,1.67,POLISH,29993.637379417945,7.999916032917562,5.9999405306835945,1.6070247262838644,0.9854195535677779,293.16794482507026,0.9997774036061935,0.9998662807957852,0.9999933135994016,1.0,1.6418274294444885e-09,1.0722565751176703e-09,0.6700000000000004,1.6003829479368204e-09,7.211781394289574e-09
168,1.68,POLISH,29993.95551044705,7.999921630723057,5.999944495304688,1.6070258524204606,0.9857840647285835,293.1682088025461,0.9997887084725331,0.9998642814857501,0.9999932136205307,1.0,1.6424507342668716e-09,1.088681082460339e-09,0.6800000000000004,1.6010015918534388e-09,-1.985398512260872e-09
169,1.69,POLISH,29994.257734924697,7.999926855341521,5.9999481956177085,1.6070269034812834,0.9861394631103689,293.16847265601996,0.9997994364323681,0.9998622821582599,0.9999931136405871,1.0,1.6430579194684328e-09,1.1051116616550233e-09,0.6900000000000004,1.6016111038478589e-09,3.412992555240635e-09
170,1.7,POLISH,29994.544848178462,7.999931731652086,5.999951649243195,1.6070278844713854,0.9864859765326097,293.1687363854002,0.9998096171078227,0.999860282814409,0.9999930136596253,1.0,1.6436494118956178e-09,1.1215481557739795e-09,0.7000000000000004,1.6022116511056842e-09,1.3913393104303395e-08
171,1.71,POLISH,29994.81760576954,7.99993628287528,5.999954872626982,1.6070288000621467,0.9868238271192945,293.1689999906031,0.999819278588213,0.9998582834552356,0.9999929136776975,1.0,1.644225626515493e-09,1.1379904120391345e-09,0.7100000000000004,1.6028033972382167e-09,9.203517947753426e-09
172,1.72,POLISH,29995.07672548106,7.9999405306835945,5.999957881118516,1.6070296546135245,0.9871532314413122,293.1692634715523,0.9998284475101247,0.9998562840817251,0.9999928136948527,1.0,1.6447869667738248e-09,1.1544382817068727e-09,0.7200000000000004,1.6033865023706557e-09,3.768150236282963e-09
173,1.73,POLISH,29995.322889207007,7.999944495304688,5.999960689043949,1.6070304521948104,0.9874744006552794,293.16952682817885,0.9998371491332585,0.9998542846948119,0.9999927137111378,1.0,1.645333824941136e-09,1.170891619956284e-09,0.7300000000000004,1.6039611232277852e-09,7.851554073567968e-09
174,1.74,POLISH,29995.556744746656,7.9999481956177085,5.999963309774352,1.607031196604011,0.9877875406388974,293.1697900604203,0.9998454074122703,0.9998522852953826,0.9999926137265971,1.0,1.6458665824471943e-09,1.1873502857807559e-09,0.7400000000000004,1.6045274132172368e-09,-1.1042146752515691e-08
175,1.75,POLISH,29995.778907509324,7.999951649243195,5.999965755789395,1.6070318913859314,0.988092852122925,293.17005316822093,0.9998532450648219,0.9998502858842785,0.9999925137412726,1.0,1.6463856102043612e-09,1.2038141418827996e-09,0.7500000000000004,1.6050855225103984e-09,4.391353058963432e-09
176,1.76,POLISH,29995.98996213386,7.999954872626982,5.999968038736768,1.6070325398490573,0.9883905308198518,293.1703161515308,0.9998606836360402,0.9998482864622977,0.9999924137552043,1.0,1.6468912689202218e-09,1.2202830545720018e-09,0.7600000000000005,1.605635598121054e-09,-6.700417998217745e-09
177,1.77,POLISH,29996.190464027168,7.999957881118516,5.999970169487651,1.607033145081308,0.9886807675493555,293.17057901030597,0.999867743559584,0.9998462870301975,0.99999231376843,1.0,1.6473839093998941e-09,1.2367568936660008e-09,0.7700000000000005,1.6061777839818183e-09,-4.584734369927901e-09
178,1.78,POLISH,29996.38094082581,7.999960689043949,5.999972158188474,1.607033709964742,0.9889637483606216,293.17084174450787,0.9998744442154927,0.9998442875886964,0.9999922137809856,1.0,1.6478638728384025e-09,1.2532355323943848e-09,0.7800000000000005,1.606712221018441e-09,8.691074526723241e-10
179,1.79,POLISH,29996.561893784517,7.999963309774352,5.999974014309243,1.6070342371892807,0.9892396546516061,293.17110435410314,0.9998808039849925,0.9998422881384761,0.9999921137929052,1.0,1.6483314911034768e-09,1.2697188473054195e-09,0.7900000000000005,1.607239047222049e-09,-6.931770712981233e-10
180,1.8,POLISH,29996.73379909529,7.999965755789395,5.9999757466886265,1.6070347292655165,0.989508663285316,293.17136683906335,0.9998868403024199,0.9998402886801835,0.9999920138042212,1.0,1.6487870870091326e-09,1.2862067181755108e-09,0.8000000000000005,1.6077583977193875e-09,1.009652805805672e-09
181,1.81,POLISH,29996.897109140526,7.999968038736768,5.999977363576051,1.60703518853667,0.989770946703183,293.17162919936476,0.9998925697044199,0.9998382892144324,0.9999919138149642,1.0,1.6492309745803791e-09,1.3026990279213146e-09,0.8100000000000005,1.6082704048411283e-09,1.5622276805515867e-09
182,1.82,POLISH,29997.052253683498,7.999970169487651,5.999978872670981,1.607035617189747,0.9900266730356034,293.171891434988,0.9998980078765582,0.9998362897418053,0.9999918138251634,1.0,1.649663459309362e-09,1.3191956625144083e-09,0.8200000000000005,1.6087751981883018e-09,3.7072993563924683e-09
183,1.83,POLISH,29997.199640999323,7.999972158188474,5.999980281159583,1.6070360172659521,0.9902760062097133,293.17215354591804,0.9999031696974885,0.9998342902628546,0.9999917138348465,1.0,1.650084838403263e-09,1.335696510898441e-09,0.8300000000000005,1.6092729046969158e-09,1.1130538268844248e-08
184,1.84,POLISH,29997.339658949357,7.999974014309243,5.9999815957489435,1.6070363906704102,0.9905191060544705,293.1724155321436,0.9999080692808064,0.9998322907781051,0.9999916138440396,1.0,1.6504954010242583e-09,1.3522014649086836e-09,0.8400000000000005,1.6097636487008127e-09,-5.856122697878163e-09
185,1.85,POLISH,29997.47267600189,7.9999757466886265,5.999982822699014,1.6070367391812375,0.9907561284031087,293.17267739365735,0.9999127200147071,0.9998302912880542,0.9999915138527675,1.0,1.6508954285218101e-09,1.3687104191939017e-09,0.8500000000000005,1.6102475519928244e-09,-2.2325252757582348e-09
186,1.86,POLISH,29997.599042201793,7.999977363576051,5.999983967852413,1.60703706445801,0.990987225193031,293.1729391304555,0.9999171345995691,0.9998282917931743,0.9999914138610541,1.0,1.6512851946575784e-09,1.3852232711404775e-09,0.8600000000000005,1.6107247338842751e-09,-5.642220912704943e-09
187,1.87,POLISH,29997.719090091705,7.999978872670981,5.999985036662252,1.6070373680496641,0.9912125445632052,293.1732007425377,0.999921325083571,0.9998262922939136,0.9999913138689216,1.0,1.6516649658232103e-09,1.4017399207987097e-09,0.8700000000000006,1.6111953112628837e-09,-7.764100473650615e-09
188,1.8800000000000001,POLISH,29997.83313558712,7.999980281159583,5.999986034218101,1.607037651401875,0.991432230949125,293.1734622299067,0.9999253028964443,0.9998242927906973,0.9999912138763913,1.0,1.6520350012512578e-09,1.4182602708112222e-09,0.8800000000000006,1.6116593986491152e-09,2.5189876851072768e-09
189,1.8900000000000001,POLISH,29997.941478807763,7.9999815957489435,5.999986965270228,1.6070379158639383,0.9916464251753969,293.1737235925684,0.9999290788814649,0.999822293283929,0.9999911138834835,1.0,1.6523955532194796e-09,1.434784226343417e-09,0.8900000000000006,1.6121171082510293e-09,6.183284995131544e-09
190,1.9000000000000001,POLISH,29998.044404867374,7.999982822699014,5.999987834252213,1.607038162695197,0.991855264546012,293.1739848305316,0.9999326633257718,0.9998202937739918,0.9999910138902172,1.0,1.6527468672487448e-09,1.4513116950159044e-09,0.9000000000000006,1.6125685500176705e-09,6.6098664319724776e-09
191,1.9100000000000001,POLISH,29998.142184624005,7.999983967852413,5.999988645302065,1.6070383930710388,0.9920588829323618,293.1742459438077,0.9999360659891053,0.9998182942612494,0.9999909138966105,1.0,1.6530891822947746e-09,1.4678425868388523e-09,0.9100000000000006,1.6130138316910453e-09,-2.888413064283668e-09
192,1.92,POLISH,29998.235075392804,7.999985036662252,5.999989402281927,1.6070386080884909,0.9922574108590527,293.1745069324109,0.9999392961310449,0.9998162947460465,0.999990813902681,1.0,1.6534227309339328e-09,1.4843768141481917e-09,0.9200000000000006,1.613453058856729e-09,1.3920384844823275e-08
193,1.93,POLISH,29998.323321623164,7.999986034218101,5.9999901087964655,1.6070388087714467,0.9924509755875764,293.1747677963577,0.9999423625368286,0.9998142952287108,0.9999907139084447,1.0,1.6537477395432746e-09,1.5009142915436245e-09,0.9300000000000006,1.6138863349931435e-09,-9.55415657699632e-09
194,1.94,POLISH,29998.407155542005,7.999986965270228,5.999990768210035,1.6070389960755385,0.992639701197887,293.175028535667,0.9999452735418264,0.9998122957095529,0.9999906139139174,1.0,1.6540644284750477e-09,1.517454935828375e-09,0.9400000000000006,1.6143137615195469e-09,9.557368230161956e-09
195,1.95,POLISH,29998.486797764905,7.999987834252213,5.999991383662699,1.607039170892691,0.9928237086679399,293.17528915035996,0.9999480370547403,0.9998102961888679,0.9999905139191138,1.0,1.6543730122258453e-09,1.5339986659506334e-09,0.9500000000000006,1.614735437842771e-09,-1.2269282478882815e-08
196,1.96,POLISH,29998.56245787666,7.999988645302065,5.999991958085185,1.6070393340553664,0.9930031159512414,293.1755496404598,0.9999506605795978,0.9998082966669356,0.9999904139240477,1.0,1.6546736996005871e-09,1.5505454029466392e-09,0.9600000000000006,1.615151461402748e-09,1.291263629354944e-08
197,1.97,POLISH,29998.634334982824,7.999989402281927,5.999992494212839,1.60703948634053,0.9931780380524603,293.17581000599165,0.9999531512365996,0.9998062971440218,0.9999903139287326,1.0,1.6549666938715091e-09,1.5670950698853543e-09,0.9700000000000006,1.615561927716859e-09,5.861409135832218e-10
198,1.98,POLISH,29998.70261823368,7.9999901087964655,5.99999299459865,1.60703962847335,0.9933485871011488,293.17607024698265,0.9999555157818873,0.9998042976203787,0.999990213933181,1.0,1.6552521929323328e-09,1.5836475918146775e-09,0.9800000000000006,1.6159669304231392e-09,3.5227856187702855e-09
199,1.99,POLISH,29998.767487322,7.999990768210035,5.999993461625407,1.6070397611306482,0.9935148724236201,293.17633036346166,0.9999577606262813,0.9998022980962457,0.9999901139374049,1.0,1.6555303894477728e-09,1.6002028957091553e-09,0.9900000000000007,1.616366561322378e-09,1.0237073411190067e-08
200,2.0,POLISH,29998.8291129559,7.999991383662699,5.999993897517046,1.6070398849441265,0.9936770006130297,293.1765903554592,0.9999598918530481,0.9998002985718499,0.9999900139414157,1.0,1.6558014709985471e-09,1.6167609104191407e-09,1.0000000000000007,1.6167609104191397e-09,-7.246967470564414e-10
201,2.0100000000000002,POLISH,29998.887657308107,7.999991958085185,5.999994304349244,1.607040000503373,0.9938350755977039,293.1768502230075,0.9999619152347446,0.9997982990474071,0.9999899139452242,1.0,1.6560656202220316e-09,1.633321566621361e-09,1.0100000000000007,1.6171500659617426e-09,-6.3388085891347146e-09
202,2.02,POLISH,29998.943274442703,7.999992494212839,5.999994684059294,1.6070401083586698,0.9939891987077613,293.17710996614016,0.9999638362491909,0.999796299523122,0.9999898139488406,1.0,1.656323014948718e-09,1.6498847967708482e-09,1.0200000000000007,1.6175341144812226e-09,1.802845872589387e-09
203,2.0300000000000002,POLISH,29998.996110720567,7.99999299459865,5.99999503845534,1.6070402090236136,0.9941394687400672,293.17736958489235,0.9999656600946132,0.9997942999991888,0.9999897139522745,1.0,1.656573828334599e-09,1.6664505350541942e-09,1.0300000000000007,1.6179131408293137e-09,-1.3090328820908326e-08
204,2.04,POLISH,29999.04630518454,7.999993461625407,5.999995369224984,1.6070403029775608,0.9942859820215655,293.1776290793006,0.9999673917040032,0.9997923004757919,0.9999896139555353,1.0,1.6568182289896283e-09,1.6830187173440905e-09,1.0400000000000007,1.6182872282154706e-09,7.035453108983347e-09
205,2.05,POLISH,29999.093989925314,7.999993897517046,5.999995677943319,1.6070403906679118,0.9944288324710263,293.17788844940253,0.9999690357587355,0.9997903009531066,0.9999895139586318,1.0,1.6570563811023802e-09,1.6995892811551143e-09,1.0500000000000007,1.618656458242965e-09,-1.4188941577231162e-08
206,2.06,POLISH,29999.139290429048,7.999994304349244,5.999995966080431,1.6070404725122396,0.9945681116592506,293.17814769523727,0.9999705967014796,0.9997883014312989,0.9999894139615721,1.0,1.6572884445610311e-09,1.7161621656007246e-09,1.0600000000000007,1.6190209109440788e-09,-5.24312326888321e-09
207,2.07,POLISH,29999.182325907597,7.999994684059294,5.999996235008402,1.6070405489002784,0.9947039088677694,293.1784068168449,0.9999720787484423,0.9997863019105268,0.9999893139643643,1.0,1.6575145750707897e-09,1.7327373113514326e-09,1.0700000000000007,1.6193806648144218e-09,-4.187256763543701e-09
208,2.08,POLISH,29999.223209612217,7.99999503845534,5.999996486007842,1.6070406201957814,0.9948363111460752,293.17866581426676,0.9999734859009818,0.9997843023909398,0.9999892139670157,1.0,1.6577349242678847e-09,1.7493146605941114e-09,1.0800000000000007,1.6197357968463985e-09,1.0158970553675317e-08
209,2.09,POLISH,29999.262049131605,7.999995369224984,5.999996720273987,1.607040686738251,0.9949654033674233,293.178924687545,0.9999748219566169,0.9997823028726803,0.9999891139695335,1.0,1.6579496398302275e-09,1.7658941569924136e-09,1.0900000000000007,1.6200863825618461e-09,2.985984792758245e-09
210,2.1,POLISH,29999.298946675026,7.999995677943319,5.999996938922387,1.6070407488445557,0.9950912682832378,293.17918343672295,0.9999760905194724,0.9997803033558831,0.9999890139719244,1.0,1.6581588655848518e-09,1.782475745648262e-09,1.1000000000000008,1.6204324960438734e-09,-4.3372949676268036e-09
211,2.11,POLISH,29999.333999341274,7.999995966080431,5.9999971429942285,1.6070408068104407,0.9952139865761569,293.1794420618448,0.9999772950101815,0.9997783038406763,0.9999889139741949,1.0,1.6583627416122408e-09,1.7990593730643845e-09,1.1100000000000008,1.620774209967913e-09,7.504468158003874e-09
212,2.12,POLISH,29999.36729937421,7.999996235008402,5.9999973334612795,1.6070408609119329,0.9953336369117529,293.17970056295553,0.9999784386752805,0.9997763043271818,0.999988813976351,1.0,1.6585614043476317e-09,1.8156449871078609e-09,1.1200000000000008,1.6211115956320174e-09,-2.4146231680788333e-09
213,2.13,POLISH,29999.3989344055,7.999996486007842,5.999997511230528,1.607040911406659,0.9954502959889591,293.17995894010113,0.9999795245961168,0.9997743048155148,0.9999887139783985,1.0,1.6587549866794048e-09,1.8322325369746549e-09,1.1300000000000008,1.621444722986419e-09,5.542972303373972e-09
214,2.14,POLISH,29999.428987685227,7.999996720273987,5.999997677148492,1.60704095853507,0.995564038589235,293.18021719332825,0.9999805556973008,0.999772305305785,0.9999886139803429,1.0,1.6589436180446417e-09,1.8488219731551013e-09,1.1400000000000008,1.6217736606623684e-09,8.298513876070501e-09
215,2.15,POLISH,29999.457538300965,7.999996938922387,5.99999783200526,1.607041002521587,0.9956749376245042,293.1804753226843,0.9999815347547192,0.9997703057980964,0.9999885139821895,1.0,1.6591274245219467e-09,1.865413247400321e-09,1.1500000000000008,1.622098476000278e-09,4.143714704696322e-09
216,2.16,POLISH,29999.484661385915,7.9999971429942285,5.999997976538243,1.6070410435756695,0.9957830641838916,293.1807333282174,0.999982464403137,0.999768306292548,0.999988413983943,1.0,1.6593065289216114e-09,1.882006312689537e-09,1.1600000000000008,1.622419235077186e-09,1.166114316220046e-08
217,2.17,POLISH,29999.51042831662,7.9999973334612795,5.999998111435693,1.6070410818928131,0.9958884875792944,293.18099120997636,0.999983347143411,0.9997663067892334,0.9999883139856083,1.0,1.6594810508732201e-09,1.898601123198269e-09,1.1700000000000008,1.6227360027335621e-09,1.1856229775730753e-08
218,2.18,POLISH,29999.534906900786,7.999997511230528,5.99999823733998,1.6070411176554806,0.995991275389812,293.18124896801055,0.9999841853493276,0.9997643072882417,0.9999882139871897,1.0,1.659651106910752e-09,1.9151976342673765e-09,1.1800000000000008,1.6230488425994706e-09,4.000639819423668e-09
219,2.19,POLISH,29999.558161555746,7.999997677148492,5.999998354850648,1.6070411510339704,0.9960914935050668,293.18150660237,0.9999849812740917,0.9997623077896575,0.9999881139886916,1.0,1.6598168105552855e-09,1.9317958023729295e-09,1.1900000000000008,1.6233578171201077e-09,4.709391987489653e-09
220,2.2,POLISH,29999.580253477958,7.99999783200526,5.9999984645272715,1.6070411821872272,0.9961892061674401,293.18176411310526,0.9999857370564835,0.999760308293561,0.9999880139901178,1.0,1.6599782723953575e-09,1.9483955850968832e-09,1.2000000000000008,1.6236629875807348e-09,-9.778915455171955e-09
221,2.21,POLISH,29999.60124080406,7.999997976538243,5.99999856689212,1.6070412112636006,0.9962844760132541,293.18202150026747,0.9999864547266952,0.9997583088000285,0.9999879139914724,1.0,1.6601356001650598e-09,1.9649969410985336e-09,1.2100000000000009,1.6239644141310184e-09,9.22565845939971e-09
222,2.22,POLISH,29999.621178763857,7.999998111435693,5.999998662432645,1.607041238401549,0.9963773641129228,293.1822787639082,0.9999871362118717,0.9997563093091323,0.9999878139927587,1.0,1.660288898819942e-09,1.981599830086733e-09,1.2200000000000009,1.6242621558087962e-09,1.1571955838007852e-08
223,2.23,POLISH,29999.640119825664,7.99999823733998,5.999998751603802,1.6070412637303007,0.9964679300100997,293.18253590407943,0.9999877833413653,0.999754309820941,0.9999877139939803,1.0,1.6604382706107855e-09,1.998204212792841e-09,1.2300000000000009,1.624556270563284e-09,-1.0427612551211496e-08
224,2.24,POLISH,29999.658113834383,7.999998354850648,5.999998834830215,1.6070412873704687,0.9965562317598472,293.1827929208338,0.9999883978517207,0.99975231033552,0.9999876139951406,1.0,1.6605838151553135e-09,2.014810050944394e-09,1.2400000000000009,1.624846815277736e-09,5.72646285945666e-09
225,2.25,POLISH,29999.675208142664,7.9999984645272715,5.999998912508201,1.6070413094346259,0.996642325965851,293.1830498142241,0.9999889813914045,0.9997503108529311,0.9999875139962424,1.0,1.660725629507902e-09,2.031417307239473e-09,1.2500000000000009,1.6251338457915773e-09,-6.879048441987834e-09
226,2.2600000000000002,POLISH,29999.69144773553,7.99999856689212,5.999998985007655,1.607041330027839,0.9967262678167047,293.18330658430375,0.9999895355252929,0.9997483113732331,0.9999874139972889,1.0,1.6608638082273507e-09,2.0480259453217464e-09,1.260000000000001,1.6254174169220198e-09,1.051583353728347e-08
227,2.27,POLISH,29999.706875348755,7.999998662432645,5.999999052673811,1.6070413492481714,0.9968081111212871,293.18356323112636,0.9999900617389292,0.9997463118964818,0.9999873139982827,1.0,1.660998443442774e-09,2.0646359297561743e-09,1.270000000000001,1.6256975824851755e-09,-1.400522364747303e-08
228,2.2800000000000002,POLISH,29999.721531581316,7.999998751603802,5.99999911582889,1.6070413671871482,0.9968879083432549,293.183819754746,0.9999905614425624,0.9997443124227303,0.9999872139992265,1.0,1.6611296249176632e-09,2.081247226005351e-09,1.280000000000001,1.6259743953166794e-09,5.361471266951412e-10
229,2.29,POLISH,29999.73545500225,7.999998834830215,5.999999174773631,1.6070413839301936,0.9969657106346735,293.1840761552171,0.9999910359749802,0.999742312952029,0.999987114000123,1.0,1.6612574401121836e-09,2.097859800406473e-09,1.290000000000001,1.6262479072918382e-09,3.3153924050566275e-09
230,2.3000000000000003,POLISH,29999.74868225214,7.999998912508201,5.999999229788722,1.6070413995570354,0.9970415678688067,293.18433243259426,0.999991486607145,0.9997403134844255,0.9999870140009743,1.0,1.6613819742437515e-09,2.1144736201489103e-09,1.300000000000001,1.6265181693453145e-09,1.0068191613754607e-08
231,2.31,POLISH,29999.761248139534,7.999998985007655,5.999999281136141,1.6070414141420883,0.9971155286720865,293.1845885869324,0.9999919145456445,0.9997383140199653,0.9999869140017829,1.0,1.6615033103459447e-09,2.13108865325237e-09,1.310000000000001,1.6267852314903575e-09,-1.1064088312195963e-08
232,2.32,POLISH,29999.773185732556,7.999999052673811,5.999999329060398,1.6070414277548042,0.9971876404552844,293.1848446182869,0.9999923209359652,0.9997363145586914,0.9999868140025507,1.0,1.6616215293257978e-09,2.147704868545628e-09,1.320000000000001,1.6270491428375957e-09,2.0780248632945586e-09
233,2.33,POLISH,29999.78452644593,7.99999911582889,5.999999373789705,1.6070414404600053,0.9972579494439023,293.18510052671314,0.9999927068655993,0.9997343151006447,0.9999867140032801,1.0,1.661736710019528e-09,2.1643222356458233e-09,1.330000000000001,1.6273099516133999e-09,6.3146785578283016e-09
234,2.34,POLISH,29999.79530012363,7.999999174773631,5.999999415537058,1.6070414523181937,0.9973265007078048,293.1853563122669,0.9999930733669922,0.9997323156458641,0.9999866140039727,1.0,1.661848929246737e-09,2.1809407249382906e-09,1.340000000000001,1.6275677051778277e-09,-5.24244114785688e-09
235,2.35,POLISH,29999.805535117448,7.999999229788722,5.999999454501254,1.6070414633858354,0.9973933381901097,293.1856119750041,0.9999934214203394,0.9997303161943865,0.9999865140046306,1.0,1.6619582618631348e-09,2.197560307556922e-09,1.350000000000001,1.6278224500421633e-09,-3.577838469936978e-09
236,2.36,POLISH,29999.815258361574,7.999999281136141,5.999999490867837,1.6070414737156349,0.9974585047353569,293.185867514981,0.9999937519562417,0.9997283167462467,0.9999864140052553,1.0,1.6620647808118301e-09,2.2141809553650403e-09,1.360000000000001,1.6280742318860578e-09,-9.406051049154485e-09
237,2.37,POLISH,29999.824495443496,7.999999329060398,5.999999524809981,1.6070414833567808,0.997522042116973,293.1861229322539,0.999994065858223,0.9997263173014783,0.9999863140058488,1.0,1.6621685571732261e-09,2.2308026409367725e-09,1.370000000000001,1.6283230955742853e-09,-8.295359066323726e-09
238,2.38,POLISH,29999.833270671323,7.999999373789705,5.999999556489316,1.6070414923551837,0.9975839910640487,293.1863782268794,0.9999943639651205,0.9997243178601127,0.9999862140064124,1.0,1.6622696602135603e-09,2.247425337538908e-09,1.380000000000001,1.6285690851731205e-09,-7.842103855182359e-09
239,2.39,POLISH,29999.841607137758,7.999999415537058,5.999999586056695,1.6070415007536933,0.9976443912874475,293.18663339891424,0.9999946470733541,0.99972231842218,0.9999861140069477,1.0,1.6623681574321398e-09,2.2640490191132293e-09,1.390000000000001,1.6288122439663508e-09,-9.588760008227837e-09
240,2.4,POLISH,29999.84952678087,7.999999454501254,5.999999613652915,1.607041508592302,0.9977032815052613,293.1868884484153,0.9999949159390777,0.9997203189877084,0.9999860140074561,1.0,1.6624641146072895e-09,2.2806736602593024e-09,1.400000000000001,1.6290526144709291e-09,-9.334371497971006e-09
241,2.41,POLISH,29999.857050441824,7.999999490867837,5.9999996394093875,1.6070415159083369,0.9977606994676298,293.18714337543963,0.9999951712802236,0.9997183195567252,0.999985914007939,1.0,1.6625575958410717e-09,2.297299236217713e-09,1.410000000000001,1.6292902384522778e-09,2.57092835909134e-09
242,2.42,POLISH,29999.864197919735,7.999999524809981,5.999999663448762,1.607041522736636,0.9978166819809391,293.18739818004445,0.9999954137784401,0.9997163201292559,0.9999858140083976,1.0,1.6626486636027947e-09,2.3139257228537413e-09,1.420000000000001,1.6295251569392533e-09,1.2524793646662147e-08
243,2.43,POLISH,29999.870988023747,7.999999556489316,5.999999685885511,1.6070415291097153,0.9978712649314156,293.18765286228705,0.9999956440809314,0.9997143207053251,0.9999857140088332,1.0,1.662737378771355e-09,2.330553096641455e-09,1.430000000000001,1.6297574102387785e-09,1.1815231459877396e-08
244,2.44,POLISH,29999.87743862256,7.999999586056695,5.999999706826477,1.6070415350579226,0.9979244833081302,293.18790742222484,0.9999958628022046,0.9997123212849557,0.9999856140092469,1.0,1.6628238006764454e-09,2.3471813346482195e-09,1.440000000000001,1.6299870379501512e-09,-3.631640765888733e-09
245,2.45,POLISH,29999.88356669143,7.999999613652915,5.999999726371379,1.6070415406095828,0.9979763712254269,293.1881618599154,0.999996070525727,0.9997103218681698,0.9999855140096399,1.0,1.662907987138659e-09,2.363810414519606e-09,1.450000000000001,1.6302140789790373e-09,-5.069125563750276e-09
246,2.46,POLISH,29999.88938835686,7.9999996394093875,5.999999744613287,1.6070415457911322,0.9980269619447912,293.1884161754164,0.9999962678054983,0.9997083224549883,0.9999854140100131,1.0,1.6629899945085188e-09,2.3804403144646913e-09,1.460000000000001,1.6304385715511573e-09,1.201283339469228e-08
247,2.47,POLISH,29999.89491893902,7.999999663448762,5.999999761639068,1.6070415506272449,0.9980762878961714,293.1886703687856,0.9999964551675444,0.999706323045431,0.9999853140103675,1.0,1.6630698777044671e-09,2.3970710132417357e-09,1.470000000000001,1.6306605532256694e-09,-7.633218501723604e-10
248,2.48,POLISH,29999.900172992067,7.999999685885511,5.999999777529797,1.6070415551409505,0.9981243806987672,293.1889244400808,0.9999966331113341,0.9997043236395167,0.9999852140107042,1.0,1.663147690249847e-09,2.413702490144234e-09,1.480000000000001,1.6308800609082651e-09,-2.786620711958676e-09
249,2.49,POLISH,29999.905164342465,7.999999706826477,5.999999792361144,1.607041559353742,0.998171271181298,293.18917838936,0.9999968021111236,0.9997023242372632,0.999985114011024,1.0,1.6632234843088892e-09,2.4303347249873227e-09,1.490000000000001,1.6310971308639737e-09,-6.719545808664407e-09
250,2.5,POLISH,29999.90990612534,7.999999726371379,5.999999806203734,1.607041563285681,0.9982169894017655,293.18943221668115,0.9999969626172337,0.9997003248386878,0.9999850140113277,1.0,1.6632973107217544e-09,2.4469676980945402e-09,1.500000000000001,1.6313117987296923e-09,6.554728315677494e-09
251,2.5100000000000002,POLISH,29999.914410819074,7.999999744613287,5.999999819123485,1.6070415669554905,0.9982615646667213,293.18968592210234,0.9999971150572607,0.9996983254438062,0.9999849140116162,1.0,1.663369219038639e-09,2.4636013902849267e-09,1.5100000000000011,1.6315240995264404e-09,2.5057573793674237e-09
252,2.52,POLISH,29999.918690278122,7.999999761639068,5.99999983118192,1.6070415703806462,0.9983050255500533,293.1899395056817,0.9999972598372274,0.999696326052634,0.9999848140118902,1.0,1.6634392575529797e-09,2.4802357828604567e-09,1.5200000000000011,1.6317340676713518e-09,6.4486158635190804e-09
253,2.5300000000000002,POLISH,29999.922755764215,7.999999777529797,5.999999842436458,1.6070415735774584,0.998347399911302,293.1901929674774,0.9999973973426742,0.9996943266651857,0.9999847140121505,1.0,1.6635074733337793e-09,2.4968708575937945e-09,1.5300000000000011,1.6319417369894068e-09,-1.0273765838064719e-08
254,2.54,POLISH,29999.926617976005,7.999999792361144,5.999999852940694,1.6070415765611492,0.9983887149135194,293.19044630754775,0.999997527939695,0.999692327281475,0.9999846140123977,1.0,1.6635739122570778e-09,2.513506596716365e-09,1.5400000000000011,1.6321471407249112e-09,1.1640551633718133e-08
255,2.5500000000000003,POLISH,29999.930287077204,7.999999806203734,5.999999862744648,1.6070415793459274,0.9984289970406814,293.19069952595095,0.9999976519759213,0.999690327901515,0.9999845140126324,1.0,1.6636386190365948e-09,2.530142982906731e-09,1.5500000000000012,1.6323503115527284e-09,-8.022993824852165e-09
256,2.56,POLISH,29999.933772723343,7.999999819123485,5.999999871895005,1.607041581945054,0.9984682721146644,293.1909526227454,0.9999977697814555,0.9996883285253183,0.9999844140128554,1.0,1.6637016372535637e-09,2.5467799992792665e-09,1.5600000000000012,1.6325512815892723e-09,-4.98179986152536e-09
257,2.57,POLISH,29999.937084087178,7.99999983118192,5.999999880435338,1.6070415843709052,0.9985065653117978,293.19120559798944,0.9999978816697581,0.9996863291528966,0.9999843140130673,1.0,1.6637630093857822e-09,2.5634176293731243e-09,1.5700000000000012,1.6327500824032628e-09,2.110056129822624e-09
258,2.58,POLISH,29999.94022988282,7.999999842436458,5.9999998884063155,1.6070415866350332,0.9985439011790028,293.1914584517415,0.9999979879384872,0.9996843297842611,0.9999842140132685,1.0,1.6638227768358935e-09,2.580055857141483e-09,1.5800000000000012,1.6329467450262538e-09,-3.23642268540425e-09
259,2.59,POLISH,29999.94321838868,7.999999852940694,5.999999895845894,1.6070415887482195,0.9985803036495278,293.19171118405995,0.9999980888702987,0.9996823304194227,0.9999841140134597,1.0,1.6638809799589345e-09,2.5966946669410724e-09,1.5900000000000012,1.6331412999629374e-09,-7.0388495032602805e-09
260,2.6,POLISH,29999.946057469246,7.999999862744648,5.999999902789502,1.6070415907205267,0.9986157960582895,293.19196379500335,0.9999981847336044,0.9996803310583912,0.9999840140136412,1.0,1.6639376580891552e-09,2.613334043521964e-09,1.6000000000000012,1.6333337772012264e-09,6.63820287627459e-09
261,2.61,POLISH,29999.94875459578,7.999999871895005,5.999999909270201,1.6070415925613466,0.9986504011568323,293.1922162846301,0.9999982757832901,0.9996783317011764,0.9999839140138137,1.0,1.6639928495661362e-09,2.6299739720176253e-09,1.6100000000000012,1.6335242062221262e-09,-1.264396587430383e-09
262,2.62,POLISH,29999.951316865994,7.999999880435338,5.999999915318854,1.6070415942794452,0.9986841411279115,293.1924686529987,0.9999983622614004,0.9996763323477874,0.9999838140139775,1.0,1.6640465917602248e-09,2.6466144379352275e-09,1.6200000000000012,1.6337126160093985e-09,-1.1240175012972031e-08
263,2.63,POLISH,29999.953751022695,7.9999998884063155,5.999999920964264,1.6070415958830038,0.9987170375997136,293.19272090016767,0.9999984443977872,0.9996743329982329,0.9999837140141331,1.0,1.6640989210973093e-09,2.6632554271462007e-09,1.6300000000000012,1.6338990350590175e-09,-2.126952836078999e-09
264,2.64,POLISH,29999.95606347156,7.999999895845894,5.999999926233313,1.6070415973796583,0.9987491116597208,293.19297302619555,0.999998522410724,0.9996723336525212,0.9999836140142808,1.0,1.6641498730829374e-09,2.67989692587703e-09,1.6400000000000012,1.6340834913884316e-09,-8.03991895281797e-09
265,2.65,POLISH,29999.958260297983,7.999999902789502,5.999999931151092,1.6070415987765363,0.9987803838682278,293.19322503114086,0.9999985965074925,0.9996703343106599,0.9999835140144212,1.0,1.6641994823258177e-09,2.6965389207002882e-09,1.6500000000000012,1.634266012545628e-09,-4.796589792022132e-09
266,2.66,POLISH,29999.960347283082,7.999999909270201,5.99999993574102,1.6070416000802887,0.998810874271522,293.19347691506215,0.9999986668849353,0.9996683349726566,0.9999834140145545,1.0,1.6642477825606976e-09,2.713181398525895e-09,1.6600000000000013,1.6344466256180078e-09,4.7648001100242254e-09
267,2.67,POLISH,29999.96232991893,7.999999915318854,5.999999940024952,1.6070416012971247,0.998840602414734,293.1937286780179,0.999998733729985,0.9996663356385184,0.9999833140146811,1.0,1.6642948066706565e-09,2.7298243465926017e-09,1.6700000000000013,1.6346253572410776e-09,-9.304756076744525e-09
268,2.68,POLISH,29999.964213422983,7.999999920964264,5.999999944023289,1.607041602432838,0.9988695873543657,293.19398032006677,0.9999987972201626,0.9996643363082518,0.9999832140148014,1.0,1.6643405867088115e-09,2.74646775245969e-09,1.6800000000000013,1.634802233606957e-09,9.535710887575988e-09
269,2.69,POLISH,29999.966002751833,7.999999926233313,5.99999994775507,1.607041603492837,0.9988978476705066,293.1942318412672,0.9999988575240529,0.9996623369818634,0.9999831140149157,1.0,1.6643851539194634e-09,2.7631116039988844e-09,1.6900000000000013,1.6349772804727113e-09,5.337298603080853e-09
270,2.7,POLISH,29999.96770261424,7.999999931151092,5.999999951238065,1.6070416044821694,0.998925401478744,293.19448324167774,0.9999989148017555,0.999660337659359,0.9999830140150242,1.0,1.6644285387586924e-09,2.7797558893864715e-09,1.7000000000000013,1.6351505231685113e-09,8.49328785079706e-09
271,2.71,POLISH,29999.96931748353,7.99999993574102,5.999999954488861,1.6070416054055465,0.9989522664417754,293.1947345213569,0.9999989692053127,0.9996583383407446,0.9999829140151273,1.0,1.6644707709144216e-09,2.7964005970956156e-09,1.7100000000000013,1.6353219866056218e-09,-6.390280304913176e-09
272,2.72,POLISH,29999.970851609352,7.999999940024952,5.999999957522937,1.6070416062673651,0.998978459780731,293.19498568036323,0.9999990208791159,0.9996563390260255,0.9999828140152252,1.0,1.6645118793259599e-09,2.813045715888875e-09,1.7200000000000013,1.6354916952842285e-09,-6.893984050293511e-09
273,2.73,POLISH,29999.972309028886,7.999999944023289,5.999999960354741,1.607041607071729,0.9990039982862127,293.19523671875527,0.9999990699602905,0.9996543397152069,0.9999827140153181,1.0,1.6645518922030381e-09,2.8296912348109055e-09,1.7300000000000013,1.6356596733011003e-09,1.1921486020582961e-08
274,2.74,POLISH,29999.97369357744,7.99999994775507,5.999999962997759,1.607041607822469,0.9990288983290574,293.19548763659145,0.9999991165790649,0.9996523404082936,0.9999826140154064,1.0,1.6645908370443575e-09,2.846337143181349e-09,1.7400000000000013,1.635825944357096e-09,-9.73145120042318e-10
275,2.75,POLISH,29999.97500889857,7.999999951238065,5.999999965464575,1.6070416085231594,0.999053175870831,293.1957384339303,0.9999991608591143,0.9996503411052905,0.9999825140154903,1.0,1.6646287406556507e-09,2.8629834305879055e-09,1.7500000000000013,1.6359905317645162e-09,-1.0544312090132735e-08
276,2.7600000000000002,POLISH,29999.976258453644,7.999999954488861,5.999999967766937,1.607041609177137,0.9990768464740603,293.1959891108302,0.9999992029178948,0.9996483418062019,0.99998241401557,1.0,1.664665629167288e-09,2.8796300868795783e-09,1.7600000000000013,1.6361534584543045e-09,-9.389651722813142e-09
277,2.77,POLISH,29999.97744553096,7.999999957522937,5.999999969915808,1.6070416097875162,0.9990999253122087,293.1962396673498,0.9999992428669535,0.999646342511032,0.9999823140156456,1.0,1.664701528051416e-09,2.8962771021600926e-09,1.7700000000000014,1.6363147469831019e-09,1.0625342383718817e-08
278,2.7800000000000002,POLISH,29999.97857325441,7.999999960354741,5.9999999719214205,1.6070416103572036,0.9991224271794035,293.1964901035474,0.9999992808122292,0.9996443432197849,0.9999822140157175,1.0,1.6647364621386694e-09,2.9129244667814793e-09,1.7800000000000014,1.6364744195401557e-09,1.4808136938881944e-09
279,2.79,POLISH,29999.97964459169,7.999999962997759,5.999999973793326,1.6070416108889118,0.9991443664999183,293.1967404194814,0.9999993168543329,0.9996423439324643,0.9999821140157859,1.0,1.6647704556344396e-09,2.929572171337824e-09,1.7900000000000014,1.6366324979540903e-09,1.04327568806184e-09
280,2.8000000000000003,POLISH,29999.980662362108,7.999999965464575,5.999999975540438,1.6070416113851724,0.9991657573374204,293.1969906152102,0.999999351088817,0.9996403446490738,0.9999820140158507,1.0,1.6648035321347322e-09,2.946220206659171e-09,1.8000000000000014,1.6367890036995382e-09,-9.040647341862496e-09
281,2.81,POLISH,29999.981629244,7.999999967766937,5.9999999771710755,1.6070416118483495,0.9991866134039848,293.1972406907923,0.9999993836064301,0.9996383453696168,0.9999819140159124,1.0,1.6648357146416143e-09,2.962868563805587e-09,1.8100000000000014,1.636943957903638e-09,1.0278853324052761e-08
282,2.82,POLISH,29999.9825477818,7.999999969915808,5.999999978693004,1.607041612280648,0.9992069480688852,293.1974906462859,0.9999994144933594,0.9996363460940967,0.999981814015971,1.0,1.6648670255782668e-09,2.97951723406137e-09,1.8200000000000014,1.6370973813523997e-09,1.3338862459022494e-08
283,2.83,POLISH,29999.98342039271,7.9999999719214205,5.99999998011347,1.607041612684126,0.9992267743671631,293.19774048174946,0.9999994438314581,0.9996343468225164,0.9999817140160265,1.0,1.6648974868036437e-09,2.9961662089294065e-09,1.8300000000000014,1.6372492944969422e-09,1.1798647392424755e-08
284,2.84,POLISH,29999.984249373076,7.999999973793326,5.999999981439239,1.6070416130607061,0.999246105007984,293.19799019724115,0.9999994716984684,0.999632347554879,0.9999816140160793,1.0,1.6649271196267686e-09,3.012815480125674e-09,1.8400000000000014,1.6373997174596042e-09,-1.0629733537825814e-08
285,2.85,POLISH,29999.98503690442,7.999999975540438,5.9999999826766235,1.6070416134121808,0.9992649523827845,293.1982397928193,0.999999498168222,0.9996303482911871,0.9999815140161296,1.0,1.6649559448206468e-09,3.0294650395738805e-09,1.8500000000000014,1.637548670039934e-09,-1.2958906836502138e-08
286,2.86,POLISH,29999.9857850592,7.9999999771710755,5.999999983831516,1.607041613740224,0.9992833285732149,293.19848926854223,0.999999523310843,0.9996283490314436,0.9999814140161772,1.0,1.6649839826358387e-09,3.046114879400239e-09,1.8600000000000014,1.6376961717205573e-09,-1.0614101597639092e-08
287,2.87,POLISH,29999.986495806243,7.999999978693004,5.999999984909414,1.607041614046397,0.9993012453588845,293.19873862446815,0.9999995471929307,0.9996263497756508,0.9999813140162225,1.0,1.6650112528136706e-09,3.0627649919283755e-09,1.8700000000000014,1.637842241672927e-09,9.778375442692777e-09
288,2.88,POLISH,29999.98717101593,7.99999998011347,5.999999985915453,1.607041614332159,0.9993187142249125,293.1989878606552,0.9999995698777389,0.9996243505238112,0.9999812140162655,1.0,1.665037774599119e-09,3.0794153696743667e-09,1.8800000000000014,1.6379868987629598e-09,5.11442976858234e-09
289,2.89,POLISH,29999.987812465133,7.999999981439239,5.999999986854423,1.6070416145988702,0.9993357463692897,293.1992369771616,0.9999995914253428,0.9996223512759269,0.9999811140163064,1.0,1.665063566753357e-09,3.0960660053419e-09,1.8900000000000015,1.6381301615565596e-09,-1.0551872264841222e-08
290,2.9,POLISH,29999.988421841877,7.9999999826766235,5.999999987730795,1.6070416148478006,0.9993523527100574,293.1994859740455,0.9999996118928006,0.9996203520320003,0.9999810140163452,1.0,1.6650886475659853e-09,3.11271689181756e-09,1.9000000000000015,1.6382720483250302e-09,5.574619876824727e-09
291,2.91,POLISH,29999.989000749785,7.999999983831516,5.999999988548741,1.6070416150801354,0.999368543892306,293.199734851365,0.9999996313343038,0.9996183527920333,0.9999809140163821,1.0,1.6651130348669476e-09,3.1293680221662295e-09,1.9100000000000015,1.6384125770503807e-09,1.1335558269820467e-08
292,2.92,POLISH,29999.989550712296,7.999999984909414,5.999999989312158,1.6070416152969815,0.9993843302949984,293.19998360917816,0.9999996498013223,0.9996163535560278,0.9999808140164171,1.0,1.6651367460381435e-09,3.146019389626611e-09,1.9200000000000015,1.6385517654305252e-09,-6.755044523742981e-09
293,2.93,POLISH,29999.990073176683,7.999999985915453,5.999999990024681,1.6070416154993712,0.9993997220376234,293.20023224754306,0.999999667342741,0.9996143543239858,0.9999807140164504,1.0,1.665159798024743e-09,3.1626709876068584e-09,1.9300000000000015,1.6386896308843812e-09,-5.094690891382925e-09
294,2.94,POLISH,29999.99056951785,7.999999986854423,5.999999990689702,1.6070416156882679,0.9994147289866828,293.2004807665177,0.9999996840049898,0.999612355095909,0.999980614016482,1.0,1.6651822073462162e-09,3.1793228096803204e-09,1.9400000000000015,1.6388261905568648e-09,3.3300864288321463e-09
295,2.95,POLISH,29999.991041041958,7.999999987730795,5.999999991310388,1.6070416158645715,0.9994293607620157,293.20072916616016,0.9999996998321671,0.9996103558717989,0.999980514016512,1.0,1.6652039901070769e-09,3.195974849581391e-09,1.9500000000000015,1.638961461323789e-09,5.742478492720693e-09
296,2.96,POLISH,29999.99148898986,7.999999988548741,5.999999991889696,1.6070416160291217,0.9994436267429653,293.20097744652827,0.9999997148661569,0.9996083566516573,0.9999804140165405,1.0,1.6652251620073562e-09,3.2126271012014647e-09,1.9600000000000015,1.6390954597966644e-09,-1.0440530218147615e-08
297,2.97,POLISH,29999.99191454037,7.999999989312158,5.999999992430382,1.607041616182702,0.9994575360743911,293.20122560768004,0.9999997291467407,0.9996063574354854,0.9999803140165675,1.0,1.6652457383528068e-09,3.229279558584993e-09,1.9700000000000015,1.6392282023274062e-09,-7.802185564287356e-10
298,2.98,POLISH,29999.99231881335,7.999999990024681,5.999999992935023,1.6070416163260433,0.9994710976725314,293.20147364967335,0.9999997427117027,0.999604358223285,0.9999802140165932,1.0,1.665265734064851e-09,3.2459322159256414e-09,1.9800000000000015,1.639359705012949e-09,-5.911829248361755e-09
299,2.99,POLISH,29999.99270287268,7.999999990689702,5.999999993406021,1.6070416164598287,0.9994843202307181,293.20172157256604,0.9999997555969298,0.9996023590150571,0.9999801140166177,1.0,1.6652851636902693e-09,3.262585067562544e-09,1.9900000000000015,1.6394899836997696e-09,-9.490719321547658e-09
300,3.0,POLISH,29999.993067729047,7.999999991310388,5.99999999384562,1.607041616584695,0.9994972122249501,293.201969376416,0.9999997678365081,0.9996003598108032,0.9999800140166409,1.0,1.665304041410651e-09,3.279238107976651e-09,2.0000000000000013,1.6396190539883244e-09,4.978645051778585e-09
301,3.0100000000000002,POLISH,29999.993414342593,7.999999991889696,5.999999994255912,1.6070416167012374,0.9995097819193264,293.202217061281,0.9999997794628126,0.9995983606105244,0.999979914016663,1.0,1.6653223810515958e-09,3.295891331787167e-09,2.010000000000001,1.6397469312373956e-09,-2.7130653279527905e-09
302,3.02,POLISH,29999.993743625462,7.999999992430382,5.999999994638851,1.6070416168100097,0.9995220373713433,293.2024646272188,0.999999790506593,0.999596361414222,0.9999798140166839,1.0,1.665340196091689e-09,3.312544733748084e-09,2.020000000000001,1.6398736305683577e-09,1.258973725271062e-08
303,3.0300000000000002,POLISH,29999.99405644419,7.999999992935023,5.999999994996261,1.6070416169115305,0.9995339864370597,293.2027120742871,0.9999998009970567,0.999594362221897,0.9999797140167038,1.0,1.6653574996712438e-09,3.3291983087447966e-09,2.0300000000000007,1.6399991668693573e-09,1.0907271530413709e-08
304,3.04,POLISH,29999.99435362198,7.999999993406021,5.999999995329844,1.6070416170062836,0.9995456367761332,293.2029594025436,0.9999998109619437,0.9995923630335505,0.9999796140167228,1.0,1.6653743046008221e-09,3.345852051790805e-09,2.0400000000000005,1.6401235547994138e-09,9.18164744234673e-09
305,3.0500000000000003,POLISH,29999.994635940882,7.99999999384562,5.999999995641188,1.60704161709472,0.9995569958567299,293.203206612046,0.9999998204276045,0.9995903638491834,0.9999795140167407,1.0,1.6653906233695457e-09,3.3625059580245004e-09,2.0500000000000003,1.640246808792439e-09,-3.9706264942651615e-09
306,3.06,POLISH,29999.994904143838,7.999999994255912,5.999999995931775,1.6070416171772597,0.9995680709603116,293.2034537028519,0.9999998294190645,0.9995883646687967,0.9999794140167577,1.0,1.6654064681531813e-09,3.3791600227060323e-09,2.06,1.6403689430611806e-09,-1.1437990110607643e-08
307,3.0700000000000003,POLISH,29999.995158936646,7.999999994638851,5.99999999620299,1.6070416172542976,0.9995788691863039,293.2037006750189,0.9999998379600958,0.9995863654923913,0.9999793140167739,1.0,1.6654218508220407e-09,3.3958142412142527e-09,2.07,1.6404899716010884e-09,3.969034878537059e-09
308,3.08,POLISH,29999.995400989814,7.999999994996261,5.999999996456125,1.6070416173261992,0.9995893974566463,293.2039475286046,0.9999998460732764,0.999584366319968,0.9999792140167892,1.0,1.6654367829486624e-09,3.4124686090437392e-09,2.0799999999999996,1.6406099081941057e-09,2.6669226826925296e-09
309,3.09,POLISH,29999.995630940324,7.999999995329844,5.999999996692383,1.607041617393308,0.9995996625202301,293.20419426366647,0.9999998537800523,0.9995823671515277,0.9999791140168038,1.0,1.6654512758153115e-09,3.4291231218018923e-09,2.0899999999999994,1.6407287664123891e-09,1.9504113879520446e-09
310,3.1,POLISH,29999.995849393308,7.999999995641188,5.999999996912891,1.6070416174559425,0.9996096709572244,293.204440880262,0.9999998611007936,0.9995803679870711,0.9999790140168178,1.0,1.6654653404212808e-09,3.445777775206105e-09,2.099999999999999,1.6408465596219555e-09,-9.252218546862423e-09
311,3.11,POLISH,29999.996056923643,7.999999995931775,5.999999997118698,1.607041617514401,0.9996194291832938,293.2046873784486,0.999999868054848,0.9995783688265989,0.9999789140168309,1.0,1.6654789874900122e-09,3.462432565081005e-09,2.109999999999999,1.6409633009862591e-09,-1.3556444855566951e-08
312,3.12,POLISH,29999.99625407746,7.99999999620299,5.999999997310785,1.6070416175689626,0.9996289434537114,293.20493375828386,0.9999998746605935,0.9995763696701118,0.9999788140168434,1.0,1.6654922274760375e-09,3.4790874873557654e-09,2.1199999999999988,1.6410790034697017e-09,6.4641625385775114e-09
313,3.13,POLISH,29999.996441373587,7.999999996456125,5.9999999974900655,1.6070416176198867,0.9996382198673687,293.20518001982504,0.9999998809354858,0.9995743705176104,0.9999787140168553,1.0,1.6655050705717383e-09,3.4957425380614827e-09,2.1299999999999986,1.6411936798410728e-09,1.1428411994529597e-08
314,3.14,POLISH,29999.996619304908,7.999999996692383,5.999999997657395,1.607041617667416,0.9996472643706844,293.20542616312946,0.9999998868961054,0.9995723713690955,0.9999786140168666,1.0,1.6655175267139431e-09,3.5123977133286223e-09,2.1399999999999983,1.6413073426769276e-09,-9.620364949114446e-09
315,3.15,POLISH,29999.996788339664,7.999999996912891,5.9999999978135685,1.6070416177117766,0.9996560827614173,293.2056721882545,0.9999998925582012,0.9995703722245676,0.9999785140168773,1.0,1.6655296055903507e-09,3.529053009384526e-09,2.149999999999998,1.6414200043648972e-09,-1.0784162896015914e-08
316,3.16,POLISH,29999.996948922682,7.999999997118698,5.999999997959331,1.6070416177531799,0.9996646806923818,293.2059180952574,0.9999998979367322,0.9995683730840271,0.9999784140168875,1.0,1.6655413166457924e-09,3.545708422550984e-09,2.159999999999998,1.6415316771069386e-09,-2.9751276997558307e-09
317,3.17,POLISH,29999.997101476547,7.999999997310785,5.999999998095376,1.6070416177918232,0.9996730636750722,293.20616388419546,0.9999999030459069,0.9995663739474748,0.9999783140168972,1.0,1.6655526690883417e-09,3.562363949241867e-09,2.1699999999999977,1.641642372922521e-09,2.8961153475393075e-09
318,3.18,POLISH,29999.99724640272,7.9999999974900655,5.999999998222351,1.60704161782789,0.9996812370831955,293.20640955512584,0.9999999078992222,0.999564374814911,0.9999782140169063,1.0,1.6655636718952598e-09,3.57901958596082e-09,2.1799999999999975,1.6417521036517541e-09,-4.084043325747189e-09
319,3.19,POLISH,29999.997384082584,7.999999997657395,5.9999999983408605,1.607041617861552,0.9996892061561156,293.20665510810574,0.9999999125094979,0.9995623756863363,0.999978114016915,1.0,1.6655743338188008e-09,3.595675329299008e-09,2.1899999999999973,1.6418608809584533e-09,-6.4147087641686085e-09
320,3.2,POLISH,29999.997514878454,7.9999999978135685,5.99999999845147,1.6070416178929703,0.9996969760022126,293.2069005431923,0.9999999168889105,0.9995603765617511,0.9999780140169233,1.0,1.665584663391859e-09,3.6123311759329266e-09,2.199999999999997,1.6419687163331507e-09,1.3407671417553502e-08
321,3.21,POLISH,29999.99763913453,7.999999997959331,5.9999999985547054,1.607041617922294,0.9997045516021573,293.2071458604426,0.9999999210490267,0.9995583774411558,0.9999779140169313,1.0,1.6655946689334893e-09,3.6289871226222617e-09,2.209999999999997,1.6420756210960483e-09,-1.2379373970361485e-08
322,3.22,POLISH,29999.997757177804,7.999999998095376,5.999999998651059,1.6070416179496627,0.9997119378121034,293.20739105991373,0.9999999250008332,0.9995563783245509,0.9999778140169387,1.0,1.6656043585542708e-09,3.6456431662078042e-09,2.2199999999999966,1.6421816063999143e-09,-9.475215279053373e-09
323,3.23,POLISH,29999.997869318915,7.999999998222351,5.999999998740988,1.607041617975207,0.9997191393668009,293.20763614166276,0.9999999287547653,0.9995543792119367,0.9999777140169459,1.0,1.665613740161546e-09,3.66229930360942e-09,2.2299999999999964,1.6422866832329263e-09,1.1175444569744286e-08
324,3.24,POLISH,29999.99797585297,7.9999999983408605,5.999999998824922,1.607041617999048,0.9997261608826309,293.20788110574665,0.9999999323207359,0.9995523801033136,0.9999776140169526,1.0,1.665622821464528e-09,3.6789555318240652e-09,2.239999999999996,1.6423908624214605e-09,1.0182176879425242e-08
325,3.25,POLISH,29999.99807706032,7.99999999845147,5.99999999890326,1.6070416180212999,0.9997330068605651,293.20812595222236,0.9999999357081607,0.9995503809986819,0.999977514016959,1.0,1.665631609979272e-09,3.695611847923858e-09,2.249999999999996,1.6424941546328288e-09,4.957243504577491e-09
326,3.2600000000000002,POLISH,29999.998173207307,7.9999999985547054,5.999999998976376,1.6070416180420684,0.9997396816890509,293.20837068114685,0.9999999389259836,0.999548381898042,0.9999774140169652,1.0,1.6656401130335266e-09,3.7122682490541933e-09,2.259999999999996,1.6425965703779648e-09,1.2897160672764585e-08
327,3.27,POLISH,29999.998264546943,7.999999998651059,5.999999999044618,1.607041618061452,0.9997461896468246,293.20861529257695,0.9999999419826998,0.9995463828013942,0.999977314016971,1.0,1.6656483377714627e-09,3.728924732431908e-09,2.2699999999999956,1.6426981200140596e-09,-5.463078878165106e-09
328,3.2800000000000002,POLISH,29999.998351319595,7.999999998740988,5.99999999910831,1.6070416180795437,0.999752534905654,293.2088597865696,0.9999999448863793,0.9995443837087388,0.9999772140169765,1.0,1.6656562911582797e-09,3.745581295343491e-09,2.2799999999999954,1.6427988137471485e-09,-4.37115943441313e-09
329,3.29,POLISH,29999.998433753615,7.999999998824922,5.9999999991677555,1.6070416180964289,0.9997587215330126,293.20910416318156,0.9999999476446872,0.999542384620076,0.9999771140169817,1.0,1.6656639799847006e-09,3.762237935143338e-09,2.289999999999995,1.642898661634649e-09,5.073090392215818e-09
330,3.3000000000000003,POLISH,29999.998512065933,7.99999999890326,5.999999999223238,1.6070416181121887,0.9997647534946873,293.2093484224697,0.9999999502649045,0.9995403855354063,0.9999770140169867,1.0,1.665671410871348e-09,3.7788946492520515e-09,2.299999999999995,1.642997673587852e-09,1.1731714266716153e-08
331,3.31,POLISH,29999.998586462636,7.999999998976376,5.999999999275023,1.6070416181268978,0.9997706346573201,293.2095925644907,0.9999999527539474,0.9995383864547296,0.9999769140169914,1.0,1.6656785902730154e-09,3.795551435154781e-09,2.3099999999999947,1.643095859374368e-09,4.4271217802815954e-09
332,3.3200000000000003,POLISH,29999.998657139506,7.999999999044618,5.999999999323355,1.607041618140626,0.999776368790887,293.20983658930135,0.9999999551183857,0.9995363873780464,0.9999768140169959,1.0,1.6656855244828282e-09,3.812208290399609e-09,2.3199999999999945,1.643193228620525e-09,3.6207836728863185e-10
333,3.33,POLISH,29999.99872428253,7.99999999910831,5.999999999368464,1.6070416181534393,0.9997819595711148,293.21008049695826,0.9999999573644597,0.9995343883053569,0.9999767140170002,1.0,1.6656922196362984e-09,3.828865212595972e-09,2.3299999999999943,1.643289790813726e-09,-1.171173380498658e-08
334,3.34,POLISH,29999.998788068402,7.9999999991677555,5.999999999410567,1.6070416181653986,0.999787410581837,293.2103242875182,0.9999999594980971,0.9995323892366612,0.9999766140170042,1.0,1.6656986817152809e-09,3.845522199413125e-09,2.339999999999994,1.6433855553047586e-09,1.3756704220213578e-08
335,3.35,POLISH,29999.99884866498,7.999999999223238,5.999999999449862,1.60704161817656,0.999792725317291,293.21056796103767,0.9999999615249285,0.9995303901719597,0.999976514017008,1.0,1.6657049165518266e-09,3.862179248578643e-09,2.349999999999994,1.6434805313100654e-09,8.613412205704662e-09
336,3.36,POLISH,29999.998906231733,7.999999999275023,5.999999999486538,1.6070416181869778,0.9997979071843588,293.2108115175733,0.9999999634503027,0.9995283911112524,0.9999764140170116,1.0,1.665710929831942e-09,3.8788363578769625e-09,2.3599999999999937,1.6435747279139716e-09,-1.0104500347551948e-08
337,3.37,POLISH,29999.998960920148,7.999999999323355,5.999999999520768,1.6070416181967009,0.9998029595047498,293.21105495718166,0.9999999652793004,0.9995263920545395,0.9999763140170151,1.0,1.6657167270992507e-09,3.895493525147955e-09,2.3699999999999934,1.6436681540708718e-09,3.02784997074923e-09
338,3.38,POLISH,29999.99901287414,7.999999999368464,5.999999999552717,1.607041618205776,0.9998078855171311,293.2112982799193,0.9999999670167471,0.9995243930018214,0.9999762140170184,1.0,1.6657223137585646e-09,3.912150748285541e-09,2.3799999999999932,1.6437608186073747e-09,8.148944630193e-09
339,3.39,POLISH,29999.999062230432,7.999999999410567,5.999999999582536,1.607041618214246,0.9998126883792028,293.2115414858426,0.9999999686672272,0.999522393953098,0.9999761140170216,1.0,1.6657276950793659e-09,3.928808025236334e-09,2.389999999999993,1.6438527302244125e-09,-6.244093242457893e-09
340,3.4,POLISH,29999.99910911891,7.999999999449862,5.999999999610367,1.607041618222151,0.9998173711697227,293.2117845750081,0.9999999702350957,0.9995203949083696,0.9999760140170245,1.0,1.6657328761992004e-09,3.9454653539983266e-09,2.399999999999993,1.6439438974993077e-09,5.138957703820779e-09
341,3.41,POLISH,29999.999153662964,7.999999999486538,5.9999999996363425,1.6070416182295295,0.9998219368904796,293.2120275474722,0.9999999717244885,0.9995183958676364,0.9999759140170273,1.0,1.6657378621269848e-09,3.9621227326195966e-09,2.4099999999999926,1.6440343288878044e-09,2.299657353432849e-09
342,3.42,POLISH,29999.999195979817,7.999999999520768,5.999999999660586,1.6070416182364156,0.9998263884682176,293.21227040329126,0.9999999731393354,0.9995163968308983,0.9999758140170301,1.0,1.6657426577462337e-09,3.978780159197059e-09,2.4199999999999924,1.6441240327260625e-09,2.0179271587039693e-09
343,3.43,POLISH,29999.999236180825,7.999999999552717,5.999999999683213,1.6070416182428429,0.9998307287565121,293.21251314252163,0.9999999744833685,0.9995143977981557,0.9999757140170327,1.0,1.6657472678182005e-09,3.99543763187524e-09,2.429999999999992,1.6442130172326146e-09,-7.386546485577128e-09
344,3.44,POLISH,29999.999274371785,7.999999999582536,5.9999999997043325,1.6070416182488416,0.9998349605375993,293.21275576521964,0.9999999757601334,0.9995123987694086,0.999975614017035,1.0,1.6657516969849462e-09,4.01209514884509e-09,2.439999999999992,1.644301290510288e-09,-9.224720542988507e-09
345,3.45,POLISH,29999.999310653195,7.999999999610367,5.999999999724044,1.6070416182544405,0.9998390865241593,293.2129982714416,0.9999999769729976,0.999510399744657,0.9999755140170373,1.0,1.665755949772322e-09,4.028752708342813e-09,2.4499999999999917,1.6443888605480924e-09,1.3153140798749519e-08
346,3.46,POLISH,29999.999345120534,7.9999999996363425,5.999999999742441,1.607041618259666,0.9998431093610554,293.21324066124373,0.9999999781251605,0.9995084007239012,0.9999754140170395,1.0,1.6657600305928887e-09,4.045410308648742e-09,2.4599999999999915,1.6444757352230714e-09,-8.907889537113078e-09
347,3.47,POLISH,29999.999377864508,7.999999999660586,5.999999999759611,1.6070416182645435,0.9998470316270289,293.21348293468225,0.9999999792196613,0.9995064017071413,0.9999753140170415,1.0,1.6657639437487507e-09,4.0620679480862295e-09,2.4699999999999913,1.644561922302123e-09,-2.0349801843622117e-09
348,3.48,POLISH,29999.99940897128,7.999999999683213,5.999999999775637,1.6070416182690952,0.9998508558363532,293.21372509181333,0.9999999802593862,0.9995044026943773,0.9999752140170435,1.0,1.6657676934343265e-09,4.078725625020573e-09,2.479999999999991,1.6446474294437854e-09,-6.554884635079361e-09
349,3.49,POLISH,29999.99943852272,7.9999999997043325,5.999999999790595,1.607041618273344,0.9998545844404444,293.21396713269314,0.999999981247078,0.9995024036856095,0.9999751140170453,1.0,1.6657712837390483e-09,4.095383337857963e-09,2.489999999999991,1.6447322641999913e-09,-6.0186380324012134e-09
350,3.5,POLISH,29999.999466596582,7.999999999724044,5.9999999998045555,1.6070416182773095,0.9998582198294332,293.2142090573778,0.9999999821853409,0.9995004046808378,0.9999750140170471,1.0,1.66577471864999e-09,4.112041085044463e-09,2.4999999999999907,1.6448164340177915e-09,-1.243918745785777e-08
351,3.5100000000000002,POLISH,29999.999493266754,7.999999999742441,5.999999999817585,1.6070416182810106,0.9998617643336974,293.21445086592337,0.9999999830766498,0.9994984056800622,0.9999749140170489,1.0,1.6657780020544354e-09,4.128698865065008e-09,2.5099999999999905,1.6448999462410454e-09,-9.461942340749374e-09
352,3.52,POLISH,29999.999518603418,7.999999999759611,5.999999999829746,1.6070416182844647,0.999865220225355,293.21469255838593,0.9999999839233547,0.999496406683283,0.9999748140170505,1.0,1.6657811377423746e-09,4.145356676442432e-09,2.5199999999999902,1.6449828081120824e-09,-9.194536687573418e-09
353,3.5300000000000002,POLISH,29999.999542673246,7.999999999775637,5.999999999841096,1.6070416182876888,0.999868589719721,293.21493413482153,0.9999999847276885,0.9994944076905001,0.999974714017052,1.0,1.665784129408947e-09,4.162014517736522e-09,2.52999999999999,1.6450650267733353e-09,4.622933147402364e-09
354,3.54,POLISH,29999.999565539583,7.999999999790595,5.999999999851689,1.607041618290698,0.999871874976728,293.2151755952861,0.9999999854917722,0.9994924087017137,0.9999746140170535,1.0,1.6657869806568125e-09,4.17867238754309e-09,2.53999999999999,1.6451466092689395e-09,-8.633520565126673e-09
355,3.5500000000000003,POLISH,29999.999587262602,7.9999999998045555,5.9999999998615765,1.6070416182935066,0.9998750781023098,293.2154169398356,0.9999999862176203,0.9994904097169239,0.9999745140170548,1.0,1.6657896949984719e-09,4.195330284493074e-09,2.5499999999999896,1.6452275625463103e-09,-4.3904719859710895e-09
356,3.56,POLISH,29999.999607899474,7.999999999817585,5.999999999870805,1.6070416182961273,0.999878201149752,293.21565816852603,0.9999999869071472,0.9994884107361307,0.9999744140170561,1.0,1.6657922758585227e-09,4.2119882072516595e-09,2.5599999999999894,1.6453078934576864e-09,5.055440510659537e-09
357,3.5700000000000003,POLISH,29999.9996275045,7.999999999829746,5.999999999879417,1.607041618298574,0.9998812461210083,293.2158992814132,0.9999999875621705,0.9994864117593341,0.9999743140170574,1.0,1.6657947265758628e-09,4.2286461545174185e-09,2.569999999999989,1.6453876087616483e-09,7.353747832894442e-09
358,3.58,POLISH,29999.999646129276,7.999999999841096,5.999999999887456,1.6070416183008573,0.9998842149679831,293.216140278553,0.9999999881844172,0.9994844127865341,0.9999742140170585,1.0,1.6657970504058366e-09,4.245304125021477e-09,2.579999999999989,1.6454667151246105e-09,-9.899721931105887e-09
359,3.59,POLISH,29999.99966382281,7.999999999851689,5.99999999989496,1.6070416183029885,0.9998871095937835,293.2163811600012,0.9999999887755278,0.999482413817731,0.9999741140170597,1.0,1.6657992505223283e-09,4.2619621175267e-09,2.5899999999999888,1.645545219122285e-09,-2.319197278666252e-09
360,3.6,POLISH,29999.99968063167,7.9999999998615765,5.999999999901962,1.6070416183049778,0.9998899318539389,293.2166219258137,0.9999999893370608,0.9994804148529246,0.9999740140170608,1.0,1.6658013300198007e-09,4.2786201308268975e-09,2.5999999999999885,1.6456231272411217e-09,-1.0810069284161727e-08
361,3.61,POLISH,29999.999696600087,7.999999999870805,5.999999999908498,1.607041618306834,0.9998926835575904,293.2168625760462,0.9999999898704965,0.9994784158921152,0.9999739140170618,1.0,1.6658032919152862e-09,4.29527816374605e-09,2.6099999999999883,1.64570044587972e-09,8.920807204049197e-09
362,3.62,POLISH,29999.999711770084,7.999999999879417,5.999999999914598,1.6070416183085667,0.9998953664686506,293.2171031107544,0.9999999903772411,0.9994764169353026,0.9999738140170628,1.0,1.6658051391503241e-09,4.311936215137554e-09,2.619999999999988,1.6457771813502188e-09,-1.2545982031042513e-08
363,3.63,POLISH,29999.99972618158,7.999999999887456,5.999999999920291,1.6070416183101839,0.9998979823069344,293.2173435299941,0.9999999908586307,0.999474417982487,0.9999737140170637,1.0,1.6658068745928533e-09,4.328594283883482e-09,2.629999999999988,1.6458533398796585e-09,-2.6009416842498467e-09
364,3.64,POLISH,29999.999739872503,7.99999999989496,5.999999999925605,1.6070416183116936,0.999900532749261,293.21758383382087,0.9999999913159341,0.9994724190336685,0.9999736140170645,1.0,1.6658085010390524e-09,4.345252368893873e-09,2.6399999999999877,1.6459289276113232e-09,-2.332853910047561e-09
365,3.65,POLISH,29999.999752878877,7.999999999901962,5.999999999930565,1.6070416183131022,0.9999030194305295,293.2178240222904,0.9999999917503565,0.9994704200888469,0.9999735140170654,1.0,1.6658100212151396e-09,4.361910469106024e-09,2.6499999999999875,1.6460039506060547e-09,3.9474201685152366e-09
366,3.66,POLISH,29999.999765234934,7.999999999908498,5.999999999935194,1.6070416183144172,0.9999054439447662,293.2180640954583,0.9999999921630434,0.9994684211480224,0.9999734140170662,1.0,1.6658114377791225e-09,4.378568583483815e-09,2.6599999999999873,1.6460784148435473e-09,3.4691680639298283e-09
367,3.67,POLISH,29999.999776973185,7.999999999914598,5.999999999939514,1.6070416183156442,0.9999078078461471,293.21830405338017,0.9999999925550819,0.999466422211195,0.9999733140170669,1.0,1.6658127533225065e-09,4.39522671101704e-09,2.669999999999987,1.6461523262236186e-09,1.1832227642116777e-08
368,3.68,POLISH,29999.999788124525,7.999999999920291,5.9999999999435465,1.6070416183167897,0.9999101126499934,293.21854389611144,0.999999992927506,0.9994644232783647,0.9999732140170676,1.0,1.6658139703719607e-09,4.4118848507207594e-09,2.679999999999987,1.6462256905674557e-09,-1.2244441904840642e-08
369,3.69,POLISH,29999.999798718298,7.999999999925605,5.99999999994731,1.6070416183178589,0.9999123598337436,293.21878362370774,0.999999993281297,0.9994624243495316,0.9999731140170683,1.0,1.6658150913909404e-09,4.428543001634669e-09,2.6899999999999866,1.6462985136188442e-09,3.5808085385724553e-09
370,3.7,POLISH,29999.999808782384,7.999999999930565,5.9999999999508224,1.6070416183188563,0.9999145508379,293.2190232362245,0.9999999936173873,0.9994604254246956,0.999973014017069,1.0,1.6658161187812687e-09,4.445201162822481e-09,2.6999999999999864,1.6463708010453719e-09,-1.0468255595696974e-08
371,3.71,POLISH,29999.999818343265,7.999999999935194,5.999999999954101,1.6070416183197875,0.9999166870669526,293.21926273371713,0.999999993936663,0.9994584265038569,0.9999729140170696,1.0,1.6658170548846823e-09,4.461859333371328e-09,2.709999999999986,1.6464425584396129e-09,-1.0558267149463063e-08
372,3.72,POLISH,29999.9998274261,7.999999999939514,5.9999999999571605,1.6070416183206566,0.9999187698902787,293.21950211624113,0.999999994239965,0.9994564275870154,0.9999728140170702,1.0,1.6658179019843315e-09,4.478517512391171e-09,2.719999999999986,1.646513791320292e-09,-9.721318861011241e-09
373,3.73,POLISH,29999.999836054798,7.9999999999435465,5.999999999960017,1.607041618321468,0.9999208006430218,293.2197413838519,0.999999994528093,0.9994544286741711,0.9999727140170707,1.0,1.665818662306252e-09,4.495175699014234e-09,2.7299999999999858,1.6465845051334276e-09,7.382894295915321e-09
374,3.74,POLISH,29999.99984425206,7.99999999994731,5.999999999962682,1.607041618322225,0.9999227806269463,293.21998053660474,0.9999999948018059,0.9994524297653241,0.9999726140170712,1.0,1.6658193380207893e-09,4.511833892394442e-09,2.7399999999999856,1.6466547052534546e-09,-7.835581072868081e-10
375,3.75,POLISH,29999.999852039455,7.9999999999508224,5.99999999996517,1.6070416183229315,0.9999247111112727,293.220219574555,0.9999999950618257,0.9994504308604745,0.9999725140170717,1.0,1.6658199312439984e-09,4.528492091706881e-09,2.7499999999999853,1.6467243969843293e-09,9.44442035688553e-09
376,3.7600000000000002,POLISH,29999.99985943748,7.999999999954101,5.999999999967492,1.6070416183235912,0.9999265933334909,293.220458497758,0.9999999953088369,0.9994484319596221,0.9999724140170722,1.0,1.6658204440389954e-09,4.545150296147271e-09,2.759999999999985,1.6467935855606142e-09,-3.5538221254682867e-09
377,3.77,POLISH,29999.99986646561,7.9999999999571605,5.999999999969659,1.6070416183242067,0.9999284285001536,293.22069730626896,0.999999995543491,0.999446433062767,0.9999723140170726,1.0,1.6658208784172905e-09,4.561808504931444e-09,2.769999999999985,1.6468622761485448e-09,3.80521214538021e-09
378,3.7800000000000002,POLISH,29999.99987314233,7.999999999960017,5.999999999971681,1.607041618324781,0.9999302177876498,293.2209360001431,0.9999999957664056,0.9994444341699094,0.999972214017073,1.0,1.665821236340073e-09,4.578466717294845e-09,2.7799999999999847,1.6469304738470756e-09,-1.0179945775234955e-08
379,3.79,POLISH,29999.999879485214,7.999999999962682,5.99999999997357,1.6070416183253178,0.9999319623429586,293.22117457943574,0.9999999959781689,0.999442435281049,0.9999721140170734,1.0,1.6658215197194765e-09,4.59512493249204e-09,2.7899999999999845,1.6469981836889124e-09,-2.006004251597915e-09
380,3.8000000000000003,POLISH,29999.999885510955,7.99999999996517,5.999999999975332,1.607041618325818,0.9999336632843846,293.22141304420194,0.9999999961793383,0.9994404363961861,0.9999720140170738,1.0,1.6658217304198018e-09,4.611783149796238e-09,2.7999999999999843,1.6470654106415228e-09,-1.3453529845719459e-08
381,3.81,POLISH,29999.999891235406,7.999999999967492,5.999999999976977,1.6070416183262852,0.999935321702275,293.2216513944969,0.9999999963704439,0.9994384375153206,0.9999719140170742,1.0,1.6658218702587162e-09,4.628441368498825e-09,2.809999999999984,1.647132159608132e-09,-1.0975327313644812e-09
382,3.8200000000000003,POLISH,29999.999896673635,7.999999999969659,5.999999999978511,1.607041618326721,0.9999369386597181,293.22188963037576,0.9999999965519896,0.9994364386384524,0.9999718140170746,1.0,1.6658219410084214e-09,4.645099587908909e-09,2.819999999999984,1.6471984354287006e-09,-6.796170737288776e-09
383,3.83,POLISH,29999.999901839954,7.999999999971681,5.999999999979944,1.6070416183271279,0.9999385151932252,293.2221277518936,0.9999999967244535,0.9994344397655817,0.9999717140170749,1.0,1.6658219443967897e-09,4.661757807352877e-09,2.8299999999999836,1.6472642428808846e-09,1.2798906823263678e-08
384,3.84,POLISH,29999.999906747955,7.99999999997357,5.999999999981281,1.6070416183275078,0.9999400523133946,293.2223657591054,0.9999999968882898,0.9994324408967084,0.9999716140170751,1.0,1.6658218821084735e-09,4.678416026173962e-09,2.8399999999999834,1.647329586680982e-09,-1.2667939586208377e-08
385,3.85,POLISH,29999.999911410556,7.999999999975332,5.999999999982529,1.6070416183278624,0.9999415510055597,293.22260365206625,0.9999999970439304,0.9994304420318325,0.9999715140170754,1.0,1.665821755785988e-09,4.695074243731822e-09,2.849999999999983,1.6473944714848594e-09,-1.1515211895130051e-08
386,3.86,POLISH,29999.999915840028,7.999999999976977,5.999999999983693,1.607041618328193,0.9999430122304207,293.2228414308312,0.9999999971917855,0.999428443170954,0.9999714140170757,1.0,1.6658215670307658e-09,4.71173245940213e-09,2.859999999999983,1.6474589018888664e-09,2.6708733003033558e-09
387,3.87,POLISH,29999.999920048027,7.999999999978511,5.99999999998478,1.607041618328502,0.9999444369246602,293.2230790954551,0.9999999973322443,0.999426444314073,0.999971314017076,1.0,1.6658213174041824e-09,4.728390672576172e-09,2.869999999999983,1.6475228824307318e-09,-1.2160995765952975e-08
388,3.88,POLISH,29999.999924045627,7.999999999979944,5.9999999999857945,1.6070416183287901,0.9999458260015437,293.22331664599295,0.9999999974656769,0.9994244454611895,0.9999712140170762,1.0,1.6658210084285612e-09,4.7450488826604575e-09,2.8799999999999826,1.6475864175904465e-09,-1.2853320185968187e-08
389,3.89,POLISH,29999.999927843346,7.999999999981281,5.999999999986741,1.6070416183290592,0.9999471803515051,293.2235540824997,0.999999997592435,0.9994224466123034,0.9999711140170765,1.0,1.6658206415881497e-09,4.761707089076339e-09,2.8899999999999824,1.6476495117911309e-09,-1.3107083418617549e-08
390,3.9,POLISH,29999.99993145118,7.999999999982529,5.999999999987625,1.60704161832931,0.9999485008427175,293.22379140503017,0.9999999977128522,0.9994204477674148,0.9999710140170768,1.0,1.6658202183300722e-09,4.7783652912596395e-09,2.899999999999982,1.6477121693998859e-09,1.756561118781974e-09
391,3.91,POLISH,29999.999934878622,7.999999999983693,5.99999999998845,1.6070416183295444,0.9999497883216495,293.22402861363923,0.9999999978272459,0.9994184489265237,0.9999709140170769,1.0,1.6658197400652582e-09,4.795023488660292e-09,2.909999999999982,1.6477743947286329e-09,-1.0455011079102405e-08
392,3.92,POLISH,29999.99993813469,7.99999999998478,5.99999999998922,1.607041618329763,0.9999510436136082,293.2242657083817,0.9999999979359178,0.9994164500896299,0.9999708140170771,1.0,1.66581920816935e-09,4.811681680741985e-09,2.9199999999999817,1.6478361920349368e-09,-6.723794854224252e-09
393,3.93,POLISH,29999.999941227954,7.9999999999857945,5.999999999989939,1.607041618329967,0.999952267523268,293.22450268931243,0.9999999980391535,0.9994144512567336,0.9999707140170773,1.0,1.6658186239835825e-09,4.828339866981821e-09,2.9299999999999815,1.6478975655228163e-09,-8.886900104698725e-10
394,3.94,POLISH,29999.999944166557,7.999999999986741,5.999999999990609,1.6070416183301575,0.9999534608351863,293.2247395564861,0.9999999981372254,0.9994124524278347,0.9999706140170774,1.0,1.665817988815647e-09,4.8449980468699774e-09,2.9399999999999813,1.6479585193435401e-09,-6.828813070569595e-09
395,3.95,POLISH,29999.99994695823,7.999999999987625,5.9999999999912355,1.6070416183303353,0.9999546243143067,293.22497630995747,0.9999999982303919,0.9994104536029333,0.9999705140170776,1.0,1.6658173039405291e-09,4.8616562199093824e-09,2.949999999999981,1.6480190575964115e-09,-1.0041404152616451e-08
396,3.96,POLISH,29999.99994961032,7.99999999998845,5.99999999999182,1.6070416183305014,0.999955758706449,293.2252129497813,0.999999998318898,0.9994084547820296,0.9999704140170778,1.0,1.6658165706013251e-09,4.878314385615395e-09,2.959999999999981,1.6480791843295361e-09,3.950532345697866e-09
397,3.97,POLISH,29999.9999521298,7.99999999998922,5.999999999992365,1.6070416183306566,0.9999568647387879,293.22544947601216,0.9999999984029773,0.9994064559651232,0.9999703140170779,1.0,1.6658157900100453e-09,4.894972543515496e-09,2.9699999999999807,1.6481389035405817e-09,-7.244750577228842e-09
398,3.98,POLISH,29999.99995452331,7.999999999989939,5.999999999992874,1.6070416183308007,0.9999579431203182,293.2256858887048,0.9999999984828509,0.9994044571522144,0.9999702140170781,1.0,1.6658149633483843e-09,4.91163069314898e-09,2.9799999999999804,1.648198219177521e-09,-8.060823120104033e-10
399,3.99,POLISH,29999.999956797146,7.999999999990609,5.999999999993349,1.6070416183309357,0.9999589945423102,293.2259221879138,0.9999999985587292,0.999402458343303,0.9999701140170782,1.0,1.6658140917684856e-09,4.928288834066665e-09,2.9899999999999802,1.6482571351393636e-09,9.233204423253483e-09
400,4.0,POLISH,29999.99995895729,7.9999999999912355,5.9999999999937925,1.6070416183310618,0.9999600196787525,293.22615837369375,0.9999999986308125,0.9994004595383891,0.9999700140170784,1.0,1.6658131763936788e-09,4.944946965830602e-09,2.99999999999998,1.6483156552768782e-09,8.80214656717726e-09
401,4.01,POLISH,29999.999961009427,7.99999999999182,5.999999999994206,1.6070416183311793,0.9999610191867837,293.2263944460992,0.9999999986992901,0.9993984607374726,0.9999699140170786,1.0,1.6658122183191988e-09,4.961605088013794e-09,3.00999999999998,1.648373783393298e-09,1.2214130151733116e-08
402,4.0200000000000005,POLISH,29999.999962958955,7.999999999992365,5.999999999994593,1.607041618331289,0.9999619937071141,293.2266304051847,0.9999999987643426,0.9993964619405536,0.9999698140170787,1.0,1.6658112186128906e-09,4.9782632001999224e-09,3.0199999999999796,1.6484315232450186e-09,5.337327024790284e-09
403,4.03,POLISH,29999.999964811006,7.999999999992874,5.999999999994953,1.6070416183313914,0.9999629438644363,293.22686625100476,0.9999999988261415,0.9993944631476321,0.9999697140170789,1.0,1.6658101783158946e-09,4.994921301983081e-09,3.0299999999999794,1.6484888785422823e-09,2.4251107788586523e-09
404,4.04,POLISH,29999.999966570456,7.999999999993349,5.99999999999529,1.6070416183314868,0.9999638702678254,293.2271019836138,0.9999999988848494,0.9993924643587081,0.9999696140170791,1.0,1.6658090984433122e-09,5.011579392967514e-09,3.039999999999979,1.6485458529498516e-09,-1.071356336979079e-08
405,4.05,POLISH,29999.999968241933,7.9999999999937925,5.999999999995604,1.6070416183315763,0.9999647735111298,293.22733760306636,0.9999999989406206,0.9993904655737815,0.9999695140170791,1.0,1.665807979984861e-09,5.028237472767363e-09,3.049999999999979,1.6486024500876715e-09,8.5380094105858e-09
406,4.0600000000000005,POLISH,29999.999969829838,7.999999999994206,5.9999999999958975,1.6070416183316594,0.9999656541733515,293.22757310941677,0.9999999989936026,0.9993884667928524,0.9999694140170792,1.0,1.665806823905507e-09,5.044895541006418e-09,3.0599999999999787,1.6486586735315207e-09,-1.0898631330746866e-08
407,4.07,POLISH,29999.999971338348,7.999999999994593,5.999999999996171,1.607041618331737,0.9999665128190177,293.2278085027195,0.9999999990439346,0.9993864680159208,0.9999693140170792,1.0,1.6658056311460834e-09,5.0615535973178785e-09,3.0699999999999785,1.6487145268136528e-09,1.9442722987150773e-09
408,4.08,POLISH,29999.99997277143,7.999999999994953,5.999999999996426,1.6070416183318095,0.9999673499985423,293.22804378302885,0.9999999990917493,0.9993844692429866,0.9999692140170793,1.0,1.6658044026238973e-09,5.078211641344118e-09,3.0799999999999783,1.6487700134234265e-09,4.353779559096438e-09
409,4.09,POLISH,29999.99997413286,7.99999999999529,5.999999999996664,1.6070416183318774,0.9999681662485788,293.2282789503992,0.9999999991371725,0.9993824704740498,0.9999691140170793,1.0,1.6658031392333137e-09,5.094869672736451e-09,3.089999999999978,1.6488251368079247e-09,1.041240693666623e-08
410,4.1,POLISH,29999.999975426217,7.999999999995604,5.999999999996886,1.6070416183319407,0.9999689620923643,293.22851400488486,0.9999999991803237,0.9993804717091105,0.9999690140170794,1.0,1.6658018418463334e-09,5.111527691154914e-09,3.099999999999978,1.6488799003725648e-09,5.760611543337291e-09
411,4.11,POLISH,29999.999976654908,7.9999999999958975,5.999999999997094,1.6070416183319998,0.9999697380400552,293.22874894654007,0.9999999992213167,0.9993784729481686,0.9999689140170794,1.0,1.665800511313151e-09,5.128185696268046e-09,3.1099999999999777,1.6489343074816986e-09,4.426837563187291e-09
412,4.12,POLISH,29999.99997782216,7.999999999996171,5.9999999999972875,1.6070416183320546,0.9999704945890538,293.22898377541907,0.9999999992602594,0.9993764741912242,0.9999688140170795,1.0,1.6657991484627e-09,5.1448436877526726e-09,3.1199999999999775,1.6489883614592019e-09,-8.001777018762368e-09
413,4.13,POLISH,29999.999978931053,7.999999999996426,5.999999999997469,1.6070416183321057,0.9999712322243275,293.22921849157615,0.9999999992972542,0.9993744754382773,0.9999687140170795,1.0,1.665797754103184e-09,5.1615016652937044e-09,3.1299999999999772,1.6490420655890549e-09,1.0872369671233173e-08
414,4.14,POLISH,29999.9999799845,7.999999999996664,5.9999999999976374,1.6070416183321539,0.9999719514187193,293.2294530950654,0.9999999993323991,0.9993724766893277,0.9999686140170796,1.0,1.6657963290225971e-09,5.1781596285839305e-09,3.139999999999977,1.6490954231159136e-09,-1.0245472026326752e-08
415,4.15,POLISH,29999.999980985274,7.999999999996886,5.999999999997795,1.6070416183321983,0.9999726526332513,293.2296875859411,0.999999999365786,0.9993704779443756,0.9999685140170796,1.0,1.6657948739892273e-09,5.194817577323823e-09,3.149999999999977,1.6491484372456702e-09,-6.007496722304495e-10
416,4.16,POLISH,29999.99998193601,7.999999999997094,5.999999999997942,1.6070416183322402,0.99997333631742,293.22992196425736,0.9999999993975032,0.999368479203421,0.9999684140170797,1.0,1.6657933897521514e-09,5.211475511221345e-09,3.1599999999999766,1.6492011111460075e-09,-3.117051505796553e-09
417,4.17,POLISH,29999.99998283921,7.9999999999972875,5.999999999998079,1.607041618332279,0.9999740029094846,293.23015623006825,0.9999999994276341,0.9993664804664637,0.9999683140170798,1.0,1.6657918770417136e-09,5.228133429991762e-09,3.1699999999999764,1.6492534479469403e-09,-3.919680580111162e-09
418,4.18,POLISH,29999.99998369725,7.999999999997469,5.999999999998207,1.6070416183323157,0.9999746528367475,293.2303903834279,0.9999999994562582,0.9993644817335039,0.9999682140170798,1.0,1.6657903365699953e-09,5.2447913333574616e-09,3.179999999999976,1.6493054507413525e-09,1.0848438591892773e-08
419,4.19,POLISH,29999.999984512386,7.9999999999976374,5.999999999998327,1.6070416183323495,0.9999752865158288,293.2306244243903,0.9999999994834504,0.9993624830045414,0.9999681140170799,1.0,1.6657887690312708e-09,5.2614492210477745e-09,3.189999999999976,1.6493571225855217e-09,-1.8164598714065505e-09
420,4.2,POLISH,29999.999985286766,7.999999999997795,5.999999999998439,1.6070416183323815,0.999975904352933,293.2308583530096,0.9999999995092829,0.9993604842795765,0.9999680140170799,1.0,1.6657871751024544e-09,5.278107092798799e-09,3.1999999999999758,1.6494084664996372e-09,3.027196271432331e-10
421,4.21,POLISH,29999.999986022427,7.999999999997942,5.9999999999985425,1.6070416183324108,0.9999765067441098,293.23109216933966,0.9999999995338233,0.9993584855586088,0.99996791401708,1.0,1.665785555443533e-09,5.294764948353235e-09,3.2099999999999755,1.64945948546831e-09,2.576626911832136e-09
422,4.22,POLISH,29999.999986721305,7.999999999998079,5.999999999998639,1.6070416183324383,0.9999770940755071,293.2313258734345,0.9999999995571364,0.9993564868416386,0.99996781401708,1.0,1.6657839106979897e-09,5.311422787460214e-09,3.2199999999999753,1.649510182441073e-09,-9.654215205046057e-09
423,4.23,POLISH,29999.99998738524,7.999999999998207,5.99999999999873,1.607041618332464,0.9999776667236194,293.23155946534814,0.9999999995792835,0.9993544881286658,0.9999677140170801,1.0,1.6657822414932174e-09,5.328080609875147e-09,3.229999999999975,1.6495605603328755e-09,5.76446268496511e-09
424,4.24,POLISH,29999.999988015978,7.999999999998327,5.999999999998814,1.607041618332488,0.9999782250555289,293.23179294513443,0.999999999600323,0.9993524894196903,0.9999676140170801,1.0,1.66578054844092e-09,5.3447384153595555e-09,3.239999999999975,1.6496106220245669e-09,5.719556384065072e-09
425,4.25,POLISH,29999.999988615178,7.999999999998439,5.999999999998893,1.6070416183325107,0.9999787694291407,293.23202631284727,0.9999999996203105,0.9993504907147123,0.9999675140170802,1.0,1.6657788321375066e-09,5.36139620368093e-09,3.2499999999999747,1.649660370363376e-09,3.898719569406239e-09
426,4.26,POLISH,29999.99998918442,7.9999999999985425,5.999999999998967,1.6070416183325316,0.9999793001934122,293.23225956854054,0.9999999996392982,0.9993484920137315,0.9999674140170802,1.0,1.6657770931644715e-09,5.378053974612575e-09,3.2599999999999745,1.6497098081633793e-09,1.3974201351629745e-08
427,4.2700000000000005,POLISH,29999.9999897252,7.999999999998639,5.999999999999036,1.6070416183325509,0.9999798176885769,293.232492712268,0.9999999996573363,0.9993464933167482,0.9999673140170803,1.0,1.6657753320887685e-09,5.394711727933462e-09,3.2699999999999743,1.6497589382059647e-09,-7.239933097480389e-09
428,4.28,POLISH,29999.99999023894,7.99999999999873,5.9999999999991,1.6070416183325693,0.9999803222463625,293.2327257440836,0.9999999996744723,0.9993444946237622,0.9999672140170803,1.0,1.6657735494631763e-09,5.4113694634280935e-09,3.279999999999974,1.6498077632402855e-09,1.0715098142100032e-08
429,4.29,POLISH,29999.999990726992,7.999999999998814,5.999999999999161,1.6070416183325862,0.9999808141902033,293.232958664041,0.9999999996907514,0.9993424959347735,0.9999671140170804,1.0,1.6657717458266497e-09,5.42802718088636e-09,3.289999999999974,1.6498562859837093e-09,-3.7974245969962794e-09
430,4.3,POLISH,29999.99999119064,7.999999999998893,5.999999999999217,1.6070416183326022,0.9999812938354483,293.233191472194,0.9999999997062161,0.9993404972497822,0.9999670140170804,1.0,1.665769921704667e-09,5.444684880103407e-09,3.2999999999999736,1.6499045091222577e-09,-8.782521376815566e-09
431,4.3100000000000005,POLISH,29999.99999163111,7.999999999998967,5.999999999999269,1.607041618332617,0.9999817614895621,293.23342416859634,0.9999999997209076,0.9993384985687883,0.9999669140170805,1.0,1.6657680776095682e-09,5.461342560879502e-09,3.3099999999999734,1.649952435311041e-09,9.332893569080625e-09
432,4.32,POLISH,29999.999992049554,7.999999999999036,5.999999999999318,1.6070416183326313,0.9999822174523231,293.2336567533017,0.9999999997348645,0.9993364998917917,0.9999668140170805,1.0,1.6657662140408817e-09,5.478000223019911e-09,3.319999999999973,1.6500000671746852e-09,7.264929990924429e-09
433,4.33,POLISH,29999.999992447076,7.9999999999991,5.999999999999363,1.6070416183326435,0.999982662016015,293.2338892263638,0.9999999997481231,0.9993345012187924,0.9999667140170806,1.0,1.665764331485644e-09,5.494657866334767e-09,3.329999999999973,1.6500474073077512e-09,-1.467483912165335e-09
434,4.34,POLISH,29999.999992824723,7.999999999999161,5.999999999999406,1.607041618332656,0.9999830954656147,293.23412158783617,0.9999999997607188,0.9993325025497904,0.9999666140170806,1.0,1.665762430418715e-09,5.511315490638954e-09,3.3399999999999728,1.6500944582751494e-09,-3.358707090228563e-09
435,4.3500000000000005,POLISH,29999.999993183486,7.999999999999217,5.999999999999446,1.6070416183326672,0.9999835180789743,293.2343538377725,0.9999999997726847,0.9993305038847858,0.9999665140170807,1.0,1.6657605113030808e-09,5.5279730957519855e-09,3.3499999999999726,1.6501412226125465e-09,-1.3337327686713252e-08
436,4.36,POLISH,29999.99999352431,7.999999999999269,5.999999999999483,1.607041618332678,0.9999839301269999,293.23458597622647,0.9999999997840523,0.9993285052237785,0.9999664140170808,1.0,1.6657585745901504e-09,5.544630681497887e-09,3.3599999999999723,1.6501877028267656e-09,1.0485024404260912e-08
437,4.37,POLISH,29999.999993848094,7.999999999999318,5.999999999999518,1.6070416183326877,0.999984331873825,293.2348180032515,0.999999999794851,0.9993265065667685,0.9999663140170808,1.0,1.6657566207200445e-09,5.561288247705088e-09,3.369999999999972,1.650233901396182e-09,-3.6886831367155537e-09
438,4.38,POLISH,29999.99999415569,7.999999999999363,5.99999999999955,1.6070416183326968,0.9999847235769793,293.2350499189012,0.9999999998051098,0.9993245079137557,0.9999662140170809,1.0,1.6657546501218811e-09,5.577945794206307e-09,3.379999999999972,1.6502798207711104e-09,-1.4021765082361526e-08
439,4.39,POLISH,29999.999994447906,7.999999999999406,5.99999999999958,1.6070416183327056,0.9999851054875548,293.2352817232291,0.9999999998148558,0.9993225092647402,0.9999661140170809,1.0,1.6657526632140469e-09,5.594603320838447e-09,3.3899999999999717,1.650325463374187e-09,-7.097497700669919e-09
440,4.4,POLISH,29999.99999472551,7.999999999999446,5.999999999999608,1.6070416183327132,0.999985477850366,293.23551341628865,0.9999999998241144,0.999320510619722,0.999966014017081,1.0,1.6657506604044678e-09,5.611260827442492e-09,3.3999999999999715,1.6503708316007468e-09,2.0676793610618915e-09
441,4.41,POLISH,29999.999994989234,7.999999999999483,5.999999999999634,1.607041618332721,0.9999858409041068,293.2357449981333,0.9999999998329099,0.9993185119787011,0.999965914017081,1.0,1.6657486420908687e-09,5.627918313863401e-09,3.4099999999999713,1.6504159278191932e-09,-1.5680541309848195e-09
442,4.42,POLISH,29999.99999523977,7.999999999999518,5.999999999999658,1.6070416183327279,0.9999861948815041,293.23597646881655,0.9999999998412654,0.9993165133416775,0.9999658140170811,1.0,1.6657466086610307e-09,5.644575779950011e-09,3.419999999999971,1.6504607543713622e-09,-4.649322704608494e-09
443,4.43,POLISH,29999.99999547778,7.99999999999955,5.999999999999681,1.6070416183327343,0.9999865400094665,293.23620782839174,0.999999999849203,0.9993145147086511,0.9999657140170811,1.0,1.665744560493039e-09,5.661233225554942e-09,3.429999999999971,1.6505053135728833e-09,6.168036748022132e-09
444,4.44,POLISH,29999.999995703893,7.99999999999958,5.9999999999997025,1.6070416183327405,0.9999868765092299,293.23643907691223,0.9999999998567438,0.9993125160796219,0.9999656140170812,1.0,1.6657424979555256e-09,5.677890650534497e-09,3.4399999999999706,1.6505496077135307e-09,-1.262593229967024e-08
445,4.45,POLISH,29999.999995918697,7.999999999999608,5.999999999999722,1.6070416183327463,0.9999872045964991,293.23667021443146,0.9999999998639076,0.99931051745459,0.9999655140170812,1.0,1.6657404214079039e-09,5.6945480547485765e-09,3.4499999999999704,1.6505936390575725e-09,9.107907317229547e-09
446,4.46,POLISH,29999.999996122762,7.999999999999634,5.999999999999741,1.6070416183327514,0.9999875244815867,293.23690124100267,0.9999999998707129,0.9993085188335553,0.9999654140170813,1.0,1.6657383312006002e-09,5.7112054380605825e-09,3.45999999999997,1.6506374098441133e-09,-5.830287364005926e-10
447,4.47,POLISH,29999.999996316623,7.999999999999658,5.9999999999997575,1.607041618332756,0.999987836369547,293.2371321566792,0.9999999998771781,0.9993065202165179,0.9999653140170813,1.0,1.6657362276752821e-09,5.727862800337335e-09,3.46999999999997,1.6506809222874308e-09,-1.5518253349000588e-11
448,4.48,POLISH,29999.999996500792,7.999999999999681,5.9999999999997735,1.6070416183327607,0.9999881404603084,293.2373629615143,0.9999999998833198,0.9993045216034777,0.9999652140170814,1.0,1.6657341111650697e-09,5.744520141448986e-09,3.47999999999997,1.6507241785773092e-09,-4.346176751823805e-09
449,4.49,POLISH,29999.999996675753,7.9999999999997025,5.999999999999789,1.607041618332765,0.9999884369488007,293.2375936555612,0.9999999998891544,0.9993025229944348,0.9999651140170814,1.0,1.665731981994758e-09,5.7611774612689335e-09,3.4899999999999696,1.6507671808793649e-09,-3.3307401281490456e-10
450,4.5,POLISH,29999.999996841965,7.999999999999722,5.999999999999803,1.607041618332769,0.9999887260250807,293.2378242388732,0.9999999998946973,0.999300524389389,0.9999650140170815,1.0,1.6657298404810178e-09,5.777834759673744e-09,3.4999999999999694,1.6508099313353699e-09,-3.1657805266149808e-09
451,4.51,POLISH,29999.999996999868,7.999999999999741,5.999999999999816,1.6070416183327727,0.9999890078744537,293.2380547115034,0.999999999899963,0.9992985257883404,0.9999649140170815,1.0,1.6657276869326038e-09,5.79449203654307e-09,3.509999999999969,1.6508524320635673e-09,3.6499159250524826e-10
452,4.5200000000000005,POLISH,29999.999997149876,7.9999999999997575,5.999999999999829,1.6070416183327763,0.9999892826775924,293.23828507350504,0.9999999999049657,0.999296527191289,0.9999648140170816,1.0,1.665725521650551e-09,5.811149291759576e-09,3.519999999999969,1.650894685158985e-09,-4.962473099112685e-09
453,4.53,POLISH,29999.999997292383,7.9999999999997735,5.99999999999984,1.6070416183327794,0.9999895506106525,293.2385153249312,0.9999999999097178,0.9992945285982349,0.9999647140170816,1.0,1.6657233449283656e-09,5.827806525208859e-09,3.5299999999999687,1.6509366926937424e-09,-5.970676397737407e-09
454,4.54,POLISH,29999.999997427763,7.999999999999789,5.999999999999851,1.6070416183327823,0.9999898118453863,293.23874546583505,0.9999999999142324,0.9992925300091778,0.9999646140170817,1.0,1.6657211570522167e-09,5.844463736779381e-09,3.5399999999999685,1.650978456717354e-09,1.050884179676359e-08
455,4.55,POLISH,29999.999997556377,7.999999999999803,5.999999999999861,1.6070416183327854,0.9999900665492516,293.23897549626963,0.9999999999185213,0.999290531424118,0.9999645140170818,1.0,1.6657189583011179e-09,5.8611209263623925e-09,3.5499999999999683,1.6510199792570266e-09,7.926388434498222e-10
456,4.5600000000000005,POLISH,29999.99999767856,7.999999999999816,5.999999999999869,1.6070416183327878,0.9999903148855203,293.23920541628803,0.9999999999225956,0.9992885328430553,0.9999644140170818,1.0,1.6657167489471065e-09,5.877778093851864e-09,3.559999999999968,1.651061262317954e-09,6.426589038710517e-09
457,4.57,POLISH,29999.99999779463,7.999999999999829,5.999999999999878,1.6070416183327905,0.9999905570133822,293.2394352259433,0.9999999999264663,0.9992865342659898,0.9999643140170819,1.0,1.6657145292554175e-09,5.894435239144418e-09,3.569999999999968,1.6511023078836052e-09,1.2118476888645091e-08
458,4.58,POLISH,29999.9999979049,7.99999999999984,5.999999999999886,1.6070416183327927,0.9999907930880477,293.23966492528837,0.9999999999301433,0.9992845356929214,0.9999642140170819,1.0,1.6657122994846555e-09,5.911092362139265e-09,3.5799999999999677,1.6511431179160107e-09,2.554315869929269e-09
459,4.59,POLISH,29999.999998009655,7.999999999999851,5.999999999999894,1.607041618332795,0.9999910232608465,293.23989451437626,0.9999999999336365,0.9992825371238502,0.999964114017082,1.0,1.6657100598869574e-09,5.9277494627381345e-09,3.5899999999999674,1.6511836943560412e-09,-9.179800031233754e-09
460,4.6000000000000005,POLISH,29999.99999810917,7.999999999999861,5.999999999999901,1.6070416183327967,0.9999912476793253,293.24012399325994,0.9999999999369549,0.9992805385587761,0.999964014017082,1.0,1.6657078107081568e-09,5.944406540845216e-09,3.5999999999999672,1.6512240391236861e-09,-1.0005535955315281e-08
461,4.61,POLISH,29999.99999820371,7.999999999999869,5.999999999999908,1.607041618332799,0.9999914664873422,293.2403533619924,0.9999999999401074,0.9992785399976991,0.9999639140170821,1.0,1.6657055521879405e-09,5.961063596367095e-09,3.609999999999967,1.6512641541183238e-09,1.314762698712002e-08
462,4.62,POLISH,29999.999998293526,7.999999999999878,5.999999999999914,1.6070416183328005,0.9999916798251586,293.2405826206264,0.9999999999431023,0.9992765414406193,0.9999638140170821,1.0,1.6657032845600038e-09,5.977720629212695e-09,3.619999999999967,1.6513040412189915e-09,-1.1922196563318721e-08
463,4.63,POLISH,29999.99999837885,7.999999999999886,5.999999999999919,1.6070416183328022,0.9999918878295296,293.240811769215,0.9999999999459475,0.9992745428875365,0.9999637140170822,1.0,1.6657010080521966e-09,5.994377639293217e-09,3.6299999999999666,1.651343702284648e-09,1.3064848758403969e-08
464,4.64,POLISH,29999.99999845991,7.999999999999894,5.9999999999999245,1.6070416183328038,0.9999920906337914,293.24104080781086,0.9999999999486504,0.9992725443384508,0.9999636140170822,1.0,1.665698722886673e-09,6.011034626522083e-09,3.6399999999999664,1.6513831391544337e-09,-1.2529454807008733e-08
465,4.65,POLISH,29999.999998536914,7.999999999999901,5.99999999999993,1.6070416183328051,0.9999922883679466,293.24126973646696,0.9999999999512181,0.9992705457933623,0.9999635140170823,1.0,1.6656964292800327e-09,6.0276915908148835e-09,3.649999999999966,1.6514223536479285e-09,9.546951673655713e-09
466,4.66,POLISH,29999.999998610067,7.999999999999908,5.999999999999934,1.6070416183328062,0.999992481158748,293.24149855523603,0.9999999999536573,0.9992685472522708,0.9999634140170823,1.0,1.665694127443459e-09,6.0443485320893184e-09,3.659999999999966,1.651461347565403e-09,7.049919759083423e-09
467,4.67,POLISH,29999.999998679563,7.999999999999914,5.999999999999939,1.6070416183328076,0.9999926691297792,293.24172726417083,0.9999999999559746,0.9992665487151764,0.9999633140170824,1.0,1.6656918175828566e-09,6.061005450265147e-09,3.6699999999999657,1.6515001226880663e-09,-7.047418648653547e-09
468,4.68,POLISH,29999.999998745585,7.999999999999919,5.999999999999943,1.6070416183328087,0.9999928524015348,293.24195586332416,0.999999999958176,0.999264550182079,0.9999632140170824,1.0,1.6656894998989805e-09,6.077662345264137e-09,3.6799999999999655,1.6515386807783134e-09,8.643354476589593e-09
469,4.69,POLISH,29999.999998808307,7.9999999999999245,5.999999999999947,1.6070416183328098,0.9999930310914964,293.2421843527487,0.9999999999602674,0.9992625516529787,0.9999631140170825,1.0,1.6656871745875667e-09,6.094319217010012e-09,3.6899999999999653,1.6515770235799647e-09,1.0252520610265492e-08
470,4.7,POLISH,29999.99999886789,7.99999999999993,5.99999999999995,1.607041618332811,0.999993205314209,293.2424127324972,0.9999999999622541,0.9992605531278755,0.9999630140170825,1.0,1.6656848418394576e-09,6.1109760654284064e-09,3.699999999999965,1.6516151528185038e-09,1.0720157206378644e-08
471,4.71,POLISH,29999.999998924497,7.999999999999934,5.999999999999954,1.6070416183328116,0.9999933751813538,293.24264100262224,0.9999999999641416,0.9992585546067694,0.9999629140170826,1.0,1.6656825018407235e-09,6.127632890446813e-09,3.709999999999965,1.651653070201313e-09,-5.441592065835721e-09
472,4.72,POLISH,29999.999998978274,7.999999999999939,5.9999999999999565,1.6070416183328127,0.9999935408018199,293.2428691631765,0.9999999999659347,0.9992565560896602,0.9999628140170826,1.0,1.665680154772783e-09,6.144289691994541e-09,3.7199999999999647,1.651690777417903e-09,3.1030822356115095e-09
473,4.73,POLISH,29999.999999029358,7.999999999999943,5.999999999999959,1.6070416183328136,0.9999937022817744,293.24309721421264,0.9999999999676382,0.9992545575765481,0.9999627140170827,1.0,1.6656778008125181e-09,6.1609464700026665e-09,3.7299999999999645,1.6517282761401408e-09,-7.567464876956365e-09
474,4.74,POLISH,29999.99999907789,7.999999999999947,5.999999999999962,1.607041618332814,0.9999938597247301,293.2433251557832,0.9999999999692563,0.999252559067433,0.9999626140170828,1.0,1.665675440132389e-09,6.17760322440399e-09,3.7399999999999642,1.651765568022473e-09,3.857053343381267e-09
475,4.75,POLISH,29999.999999123993,7.99999999999995,5.9999999999999645,1.607041618332815,0.9999940132316119,293.2435529879408,0.9999999999707935,0.999250560562315,0.9999625140170828,1.0,1.6656730729005429e-09,6.194259955132996e-09,3.749999999999964,1.651802654702148e-09,-6.570346045009501e-09
476,4.76,POLISH,29999.999999167794,7.999999999999954,5.999999999999967,1.6070416183328156,0.9999941629008215,293.24378071073795,0.999999999972254,0.999248562061194,0.9999624140170829,1.0,1.6656706992809242e-09,6.210916662125805e-09,3.759999999999964,1.6518395377994322e-09,2.435712076476193e-09
477,4.7700000000000005,POLISH,29999.999999209405,7.9999999999999565,5.999999999999969,1.607041618332816,0.999994308828301,293.24400832422714,0.9999999999736414,0.9992465635640698,0.9999623140170829,1.0,1.6656683194333768e-09,6.227573345320139e-09,3.7699999999999636,1.6518762189178246e-09,-1.3096496331854723e-08
478,4.78,POLISH,29999.999999248936,7.999999999999959,5.999999999999971,1.6070416183328167,0.9999944511075934,293.2442358284609,0.9999999999749594,0.9992445650709427,0.999962214017083,1.0,1.6656659335137499e-09,6.244230004655277e-09,3.7799999999999634,1.651912699644269e-09,-1.190626619518298e-08
479,4.79,POLISH,29999.99999928649,7.999999999999962,5.9999999999999725,1.6070416183328171,0.9999945898299036,293.24446322349166,0.9999999999762115,0.9992425665818127,0.999962114017083,1.0,1.6656635416739946e-09,6.260886640072016e-09,3.789999999999963,1.6519489815493606e-09,-9.567855840941775e-09
480,4.8,POLISH,29999.999999322165,7.9999999999999645,5.999999999999974,1.6070416183328178,0.9999947250841561,293.24469050937194,0.999999999977401,0.9992405680966795,0.9999620140170831,1.0,1.6656611440622634e-09,6.277543251512639e-09,3.799999999999963,1.6519850661875526e-09,6.7472569753590506e-09
481,4.8100000000000005,POLISH,29999.999999356056,7.999999999999967,5.999999999999976,1.6070416183328184,0.9999948569570521,293.24491768615405,0.9999999999785312,0.9992385696155434,0.9999619140170831,1.0,1.6656587408230052e-09,6.294199838920869e-09,3.8099999999999627,1.652020955097357e-09,-6.980855005167541e-09
482,4.82,POLISH,29999.999999388252,7.999999999999969,5.999999999999978,1.6070416183328184,0.9999949855331258,293.24514475389043,0.9999999999796045,0.9992365711384041,0.9999618140170832,1.0,1.665656332097055e-09,6.310856402241839e-09,3.8199999999999625,1.6520566498015446e-09,-9.539107281852921e-09
483,4.83,POLISH,29999.99999941884,7.999999999999971,5.99999999999998,1.6070416183328189,0.9999951108947976,293.24537171263347,0.9999999999806244,0.9992345726652619,0.9999617140170832,1.0,1.6656539180217298e-09,6.327512941422056e-09,3.8299999999999623,1.6520921518073416e-09,1.1872387517541938e-08
484,4.84,POLISH,29999.999999447897,7.9999999999999725,5.999999999999981,1.6070416183328193,0.9999952331224277,293.2455985624355,0.9999999999815931,0.9992325741961167,0.9999616140170833,1.0,1.665651498730911e-09,6.344169456409365e-09,3.839999999999962,1.6521274626066217e-09,1.3205536220084468e-08
485,4.8500000000000005,POLISH,29999.9999994755,7.999999999999974,5.999999999999982,1.6070416183328198,0.999995352294367,293.24582530334874,0.9999999999825134,0.9992305757309683,0.9999615140170833,1.0,1.6656490743551338e-09,6.360825947152916e-09,3.849999999999962,1.6521625836760985e-09,7.2236616688314825e-09
486,4.86,POLISH,29999.999999501728,7.999999999999976,5.999999999999983,1.60704161833282,0.9999954684870078,293.24605193542556,0.9999999999833878,0.9992285772698168,0.9999614140170834,1.0,1.6656466450216698e-09,6.377482413603133e-09,3.8599999999999617,1.652197516477512e-09,6.685525022476213e-09
487,4.87,POLISH,29999.99999952664,7.999999999999978,5.999999999999984,1.6070416183328202,0.9999955817748326,293.24627845871817,0.9999999999842186,0.9992265788126623,0.9999613140170834,1.0,1.6656442108546072e-09,6.394138855711679e-09,3.8699999999999615,1.6522322624578147e-09,-4.076269988217973e-09
488,4.88,POLISH,29999.99999955031,7.99999999999998,5.999999999999985,1.6070416183328209,0.9999956922304618,293.2465048732788,0.9999999999850079,0.9992245803595047,0.9999612140170835,1.0,1.6656417719749335e-09,6.410795273431429e-09,3.8799999999999613,1.6522668230493538e-09,-1.23255432527003e-08
489,4.89,POLISH,29999.999999572792,7.999999999999981,5.999999999999986,1.607041618332821,0.9999957999247002,293.2467311791597,0.9999999999857573,0.999222581910344,0.9999611140170835,1.0,1.6656393285006092e-09,6.427451666716435e-09,3.889999999999961,1.6523011996700514e-09,-5.330178964868537e-09
490,4.9,POLISH,29999.999999594154,7.999999999999982,5.999999999999987,1.607041618332821,0.9999959049265827,293.2469573764131,0.9999999999864696,0.9992205834651802,0.9999610140170836,1.0,1.665636880546648e-09,6.444108035521902e-09,3.899999999999961,1.652335393723581e-09,1.2157954643043922e-09
491,4.91,POLISH,29999.999999614447,7.999999999999983,5.999999999999988,1.6070416183328216,0.9999960073034182,293.24718346509104,0.9999999999871462,0.9992185850240133,0.9999609140170836,1.0,1.6656344282251856e-09,6.460764379804154e-09,3.9099999999999606,1.6523694065995445e-09,-8.399226203437138e-09
492,4.92,POLISH,29999.999999633725,7.999999999999984,5.9999999999999885,1.6070416183328216,0.9999961071208328,293.24740944524575,0.9999999999877888,0.9992165865868433,0.9999608140170837,1.0,1.6656319716455555e-09,6.477420699520609e-09,3.9199999999999604,1.6524032396736414e-09,6.9388192969199736e-09
493,4.93,POLISH,29999.99999965204,7.999999999999985,5.999999999999989,1.607041618332822,0.9999962044428119,293.2476353169293,0.9999999999883994,0.9992145881536701,0.9999607140170838,1.0,1.665629510914357e-09,6.494076994629753e-09,3.92999999999996,1.652436894307842e-09,3.088558742092573e-09
494,4.94,POLISH,29999.999999669435,7.999999999999986,5.99999999999999,1.607041618332822,0.9999962993317416,293.24786108019373,0.9999999999889794,0.9992125897244939,0.9999606140170838,1.0,1.6656270461355245e-09,6.5107332650911084e-09,3.93999999999996,1.652470371850552e-09,-7.279012947947194e-09
495,4.95,POLISH,29999.999999685962,7.999999999999987,5.999999999999991,1.607041618332822,0.999996391848448,293.24808673509114,0.9999999999895304,0.9992105912993144,0.9999605140170839,1.0,1.6656245774103939e-09,6.527389510865212e-09,3.9499999999999598,1.6525036736367794e-09,-1.1496766205709719e-08
496,4.96,POLISH,29999.999999701664,7.999999999999988,5.999999999999992,1.6070416183328224,0.9999964820522368,293.2483122816736,0.999999999990054,0.9992085928781319,0.9999604140170839,1.0,1.6656221048377676e-09,6.5440457319135895e-09,3.9599999999999596,1.652536800988297e-09,3.098691081504512e-09
497,4.97,POLISH,29999.99999971658,7.9999999999999885,5.999999999999993,1.6070416183328224,0.9999965700009309,293.248537719993,0.9999999999905511,0.9992065944609462,0.999960314017084,1.0,1.6656196285139765e-09,6.5607019281987294e-09,3.9699999999999593,1.6525697552138027e-09,-7.676092650399369e-09
498,4.98,POLISH,29999.99999973075,7.999999999999989,5.999999999999994,1.6070416183328229,0.9999966557509076,293.24876305010145,0.9999999999910236,0.9992045960477572,0.999960214017084,1.0,1.665617148532945e-09,6.577358099684059e-09,3.979999999999959,1.652602537609077e-09,-2.7704629701474914e-09
499,4.99,POLISH,29999.999999744214,7.99999999999999,5.999999999999994,1.6070416183328229,0.9999967393571348,293.24898827205084,0.9999999999914726,0.9992025976385651,0.9999601140170841,1.0,1.665614664986247e-09,6.594014246333921e-09,3.989999999999959,1.65263514945714e-09,2.03309014068509e-09
500,5.0,POLISH,29999.999999757005,7.999999999999991,5.999999999999994,1.607041618332823,0.9999968208732065,293.2492133858931,0.9999999999918989,0.9992005992333699,0.9999600140170841,1.0,1.6656121779631695e-09,6.610670368113553e-09,3.9999999999999587,1.6526675920284053e-09,-9.065004746844352e-09
501,5.01,POLISH,29999.999999769156,7.999999999999992,5.999999999999994,1.607041618332823,0.9999969003513763,293.24943839168014,0.9999999999923042,0.9991986008321715,0.9999599140170842,1.0,1.6656096875507644e-09,6.6273264649890605e-09,4.009999999999959,1.65269986658083e-09,4.962231514582527e-09
502,5.0200000000000005,POLISH,29999.9999997807,7.999999999999993,5.999999999999994,1.6070416183328238,0.9999969778425919,293.24966328946385,0.9999999999926891,0.9991966024349699,0.9999598140170842,1.0,1.665607193833909e-09,6.6439825369274e-09,4.019999999999959,1.6527319743600668e-09,-1.1316103609715356e-10
503,5.03,POLISH,29999.999999791664,7.999999999999994,5.999999999999994,1.6070416183328238,0.9999970533965271,293.24988807929606,0.9999999999930546,0.9991946040417651,0.9999597140170843,1.0,1.665604696895357e-09,6.660638583896353e-09,4.0299999999999585,1.6527639165996084e-09,-1.1705978408826923e-08
504,5.04,POLISH,29999.99999980208,7.999999999999994,5.999999999999994,1.6070416183328238,0.9999971270616139,293.25011276122865,0.9999999999934017,0.999192605652557,0.9999596140170843,1.0,1.6656021968157947e-09,6.677294605864512e-09,4.039999999999958,1.6527956945209357e-09,1.1187509585397493e-08
505,5.05,POLISH,29999.999999811975,7.999999999999994,5.999999999999994,1.6070416183328238,0.9999971988850735,293.25033733531336,0.9999999999937316,0.9991906072673457,0.9999595140170844,1.0,1.66559969367389e-09,6.693950602801251e-09,4.049999999999958,1.6528273093336593e-09,-4.105288553546416e-09
506,5.0600000000000005,POLISH,29999.999999821375,7.999999999999994,5.999999999999994,1.6070416183328238,0.9999972689129467,293.25056180160203,0.999999999994045,0.9991886088861311,0.9999594140170844,1.0,1.665597187546345e-09,6.710606574676714e-09,4.059999999999958,1.652858762235661e-09,1.180778497200663e-08
507,5.07,POLISH,29999.999999830306,7.999999999999994,5.999999999999994,1.6070416183328238,0.9999973371901231,293.25078616014633,0.9999999999943426,0.9991866105089133,0.9999593140170845,1.0,1.6655946785079417e-09,6.727262521461794e-09,4.069999999999958,1.6528900544132343e-09,-1.3765458106718143e-08
508,5.08,POLISH,29999.99999983879,7.999999999999994,5.999999999999994,1.6070416183328238,0.9999974037603699,293.25101041099805,0.9999999999946254,0.9991846121356923,0.9999592140170845,1.0,1.6655921666315962e-09,6.74391844312811e-09,4.079999999999957,1.6529211870412207e-09,-1.1452257808741706e-08
509,5.09,POLISH,29999.999999846852,7.999999999999994,5.999999999999994,1.6070416183328238,0.9999974686663607,293.2512345542089,0.9999999999948942,0.9991826137664681,0.9999591140170846,1.0,1.6655896519883984e-09,6.7605743396479935e-09,4.089999999999957,1.6529521612831454e-09,2.8793607498300844e-09
510,5.1000000000000005,POLISH,29999.99999985451,7.999999999999994,5.999999999999994,1.6070416183328238,0.9999975319497018,293.2514585898306,0.9999999999951494,0.9991806154012406,0.9999590140170846,1.0,1.6655871346476616e-09,6.77723021099447e-09,4.099999999999957,1.6529829782913516e-09,1.3345058391678322e-08
511,5.11,POLISH,29999.999999861786,7.999999999999994,5.999999999999994,1.6070416183328238,0.9999975936509592,293.2516825179147,0.999999999995392,0.9991786170400098,0.9999589140170847,1.0,1.6655846146769663e-09,6.79388605714124e-09,4.109999999999957,1.6530136392071318e-09,4.044181878271047e-09
512,5.12,POLISH,29999.999999868698,7.999999999999994,5.999999999999994,1.6070416183328238,0.9999976538096852,293.2519063385128,0.9999999999956224,0.9991766186827757,0.9999588140170848,1.0,1.665582092142204e-09,6.810541878062662e-09,4.119999999999957,1.6530441451608577e-09,-1.2518498238023312e-08
513,5.13,POLISH,29999.999999875265,7.999999999999994,5.999999999999994,1.6070416183328238,0.999997712464443,293.25213005167666,0.9999999999958412,0.9991746203295384,0.9999587140170848,1.0,1.6655795671076173e-09,6.827197673733739e-09,4.129999999999956,1.6530744972721092e-09,4.580883228300081e-09
514,5.14,POLISH,29999.9999998815,7.999999999999994,5.999999999999994,1.6070416183328238,0.9999977696528319,293.2523536574578,0.9999999999960492,0.9991726219802978,0.9999586140170849,1.0,1.6655770396358445e-09,6.843853444130098e-09,4.139999999999956,1.6531046966497995e-09,1.1012289746759052e-08
515,5.15,POLISH,29999.999999887426,7.999999999999994,5.999999999999994,1.6070416183328238,0.9999978254115112,293.25257715590766,0.9999999999962467,0.9991706236350538,0.9999585140170849,1.0,1.6655745097879567e-09,6.860509189227977e-09,4.149999999999956,1.6531347443923012e-09,-9.162434366771777e-09
516,5.16,POLISH,29999.999999893054,7.999999999999994,5.999999999999994,1.6070416183328238,0.9999978797762233,293.2528005470779,0.9999999999964343,0.9991686252938066,0.999958414017085,1.0,1.6655719776234973e-09,6.8771649090042115e-09,4.159999999999956,1.6531646415875684e-09,1.3367653650675493e-08
517,5.17,POLISH,29999.999999898402,7.999999999999994,5.999999999999994,1.6070416183328238,0.9999979327818178,293.25302383102,0.9999999999966125,0.999166626956556,0.999958314017085,1.0,1.6655694432005227e-09,6.893820603436217e-09,4.1699999999999555,1.653194389313259e-09,5.8298894600739e-09
518,5.18,POLISH,29999.99999990348,7.999999999999994,5.999999999999994,1.6070416183328238,0.9999979844622724,293.25324700778543,0.9999999999967818,0.9991646286233021,0.9999582140170851,1.0,1.665566906575637e-09,6.910476272501974e-09,4.179999999999955,1.6532239886368535e-09,9.095217023968871e-09
519,5.19,POLISH,29999.99999990831,7.999999999999994,5.999999999999994,1.6070416183328238,0.9999980348507156,293.2534700774256,0.9999999999969428,0.9991626302940448,0.9999581140170851,1.0,1.6655643678040295e-09,6.927131916180014e-09,4.189999999999955,1.6532534406157728e-09,7.202530127869977e-09
520,5.2,POLISH,29999.999999912892,7.999999999999994,5.999999999999994,1.6070416183328238,0.9999980839794477,293.253693039992,0.9999999999970955,0.9991606319687842,0.9999580140170852,1.0,1.665561826939508e-09,6.943787534449409e-09,4.199999999999955,1.653282746297496e-09,1.2596601095538063e-08
521,5.21,POLISH,29999.999999917247,7.999999999999994,5.999999999999994,1.6070416183328238,0.9999981318799614,293.253915895536,0.9999999999972407,0.9991586336475203,0.9999579140170852,1.0,1.6655592840345371e-09,6.960443127289754e-09,4.209999999999955,1.6533119067196744e-09,9.298375402977399e-09
522,5.22,POLISH,29999.999999921383,7.999999999999994,5.999999999999994,1.6070416183328238,0.9999981785829624,293.254138644109,0.9999999999973785,0.999156635330253,0.9999578140170853,1.0,1.6655567391402687e-09,6.977098694681157e-09,4.2199999999999545,1.6533409229102447e-09,9.73459179931524e-09
523,5.23,POLISH,29999.999999925312,7.999999999999994,5.999999999999994,1.6070416183328238,0.9999982241183883,293.2543612857623,0.9999999999975095,0.9991546370169824,0.9999577140170853,1.0,1.6655541923065763e-09,6.993754236604223e-09,4.229999999999954,1.6533697958875409e-09,-2.0916104404022917e-09
524,5.24,POLISH,29999.999999929045,7.999999999999994,5.999999999999994,1.6070416183328238,0.9999982685154286,293.2545838205472,0.9999999999976339,0.9991526387077083,0.9999576140170854,1.0,1.6655516435820856e-09,7.010409753040044e-09,4.239999999999954,1.6533985266604057e-09,-1.3771114026894793e-08
525,5.25,POLISH,29999.999999932592,7.999999999999994,5.999999999999994,1.6070416183328238,0.999998311802543,293.25480624851514,0.9999999999977521,0.999150640402431,0.9999575140170854,1.0,1.6655490930142079e-09,7.027065243970186e-09,4.249999999999954,1.653427116228297e-09,-1.289684803396085e-08
526,5.26,POLISH,29999.99999993596,7.999999999999994,5.999999999999994,1.6070416183328238,0.9999983540074794,293.25502856971735,0.9999999999978645,0.9991486421011502,0.9999574140170855,1.0,1.6655465406491678e-09,7.0437207093766774e-09,4.259999999999954,1.6534555655813977e-09,1.2936453686052118e-08
527,5.2700000000000005,POLISH,29999.999999939162,7.999999999999994,5.999999999999994,1.6070416183328238,0.9999983951572924,293.25525078420503,0.9999999999979712,0.999146643803866,0.9999573140170855,1.0,1.6655439865320347e-09,7.060376149241998e-09,4.269999999999953,1.6534838757007202e-09,-9.1331031626396e-09
528,5.28,POLISH,29999.999999942203,7.999999999999994,5.999999999999994,1.6070416183328238,0.9999984352783601,293.25547289202945,0.9999999999980725,0.9991446455105784,0.9999572140170856,1.0,1.6655414307067512e-09,7.077031563549066e-09,4.279999999999953,1.653512047558211e-09,-9.901540920509433e-09
529,5.29,POLISH,29999.999999945092,7.999999999999994,5.999999999999994,1.6070416183328238,0.9999984743964011,293.2556948932418,0.9999999999981688,0.9991426472212873,0.9999571140170856,1.0,1.6655388732161613e-09,7.093686952281228e-09,4.289999999999953,1.6535400821168545e-09,-5.4046296327214804e-09
530,5.3,POLISH,29999.99999994784,7.999999999999994,5.999999999999994,1.6070416183328238,0.9999985125364911,293.2559167878933,0.9999999999982604,0.9991406489359929,0.9999570140170857,1.0,1.6655363141020386e-09,7.110342315422248e-09,4.299999999999953,1.6535679803307734e-09,-1.1693472856677545e-08
531,5.3100000000000005,POLISH,29999.999999950447,7.999999999999994,5.999999999999994,1.6070416183328238,0.9999985497230788,293.2561385760351,0.9999999999983473,0.999138650654695,0.9999569140170858,1.0,1.6655337534051102e-09,7.126997652956299e-09,4.3099999999999525,1.6535957431453311e-09,1.2008783301098447e-08
532,5.32,POLISH,29999.999999952925,7.999999999999994,5.999999999999994,1.6070416183328238,0.9999985859800018,293.25636025771826,0.9999999999984299,0.9991366523773937,0.9999568140170858,1.0,1.6655311911650866e-09,7.14365296486795e-09,4.319999999999952,1.6536233714972288e-09,-7.195851026153832e-09
533,5.33,POLISH,29999.99999995528,7.999999999999994,5.999999999999994,1.6070416183328238,0.9999986213305018,293.25658183299396,0.9999999999985084,0.999134654104089,0.9999567140170859,1.0,1.6655286274206863e-09,7.160308251142157e-09,4.329999999999952,1.6536508663146042e-09,-1.3938006304670125e-10
534,5.34,POLISH,29999.999999957516,7.999999999999994,5.999999999999994,1.6070416183328238,0.9999986557972392,293.25680330191324,0.999999999998583,0.9991326558347807,0.9999566140170859,1.0,1.665526062209657e-09,7.176963511764253e-09,4.339999999999952,1.6536782285171274e-09,-1.1315066217321146e-08
535,5.3500000000000005,POLISH,29999.99999995964,7.999999999999994,5.999999999999994,1.6070416183328238,0.9999986894023083,293.2570246645272,0.9999999999986537,0.9991306575694691,0.999956514017086,1.0,1.6655234955688043e-09,7.193618746719941e-09,4.349999999999952,1.6537054590160967e-09,2.0094148567295633e-11
536,5.36,POLISH,29999.99999996166,7.999999999999994,5.999999999999994,1.6070416183328238,0.9999987221672506,293.2572459208868,0.9999999999987211,0.999128659308154,0.999956414017086,1.0,1.665520927534015e-09,7.210273955995281e-09,4.3599999999999515,1.6537325587145324e-09,-1.064387333826744e-08
537,5.37,POLISH,29999.999999963577,7.999999999999994,5.999999999999994,1.6070416183328238,0.9999987541130694,293.25746707104315,0.999999999998785,0.9991266610508354,0.9999563140170861,1.0,1.6655183581402757e-09,7.2269291395766836e-09,4.369999999999951,1.6537595285072687e-09,-2.5807196379901143e-09
538,5.38,POLISH,29999.9999999654,7.999999999999994,5.999999999999994,1.6070416183328238,0.9999987852602427,293.2576881150472,0.9999999999988457,0.9991246627975132,0.9999562140170861,1.0,1.6655157874217003e-09,7.243584297450901e-09,4.379999999999951,1.6537863692810461e-09,8.104592552626855e-09
539,5.39,POLISH,29999.99999996713,7.999999999999994,5.999999999999994,1.6070416183328238,0.9999988156287366,293.25790905294986,0.9999999999989034,0.9991226645481877,0.9999561140170862,1.0,1.6655132154115492e-09,7.260239429605016e-09,4.389999999999951,1.653813081914601e-09,5.292065452522365e-09
540,5.4,POLISH,29999.999999968775,7.999999999999994,5.999999999999994,1.6070416183328238,0.9999988452380182,293.2581298848021,0.9999999999989583,0.9991206663028586,0.9999560140170862,1.0,1.6655106421422513e-09,7.276894536026439e-09,4.399999999999951,1.6538396672787546e-09,1.268190885639342e-09
541,5.41,POLISH,29999.999999970336,7.999999999999994,5.999999999999994,1.6070416183328238,0.9999988741070678,293.2583506106548,0.9999999999990103,0.9991186680615259,0.9999559140170863,1.0,1.6655080676454249e-09,7.293549616702893e-09,4.40999999999995,1.6538661262365023e-09,8.318167488141626e-09
542,5.42,POLISH,29999.99999997182,7.999999999999994,5.999999999999994,1.6070416183328238,0.999998902254391,293.2585712305589,0.9999999999990598,0.9991166698241898,0.9999558140170863,1.0,1.6655054919518966e-09,7.3102046716224115e-09,4.41999999999995,1.6538924596430982e-09,1.030412022373639e-08
543,5.43,POLISH,29999.999999973228,7.999999999999994,5.999999999999994,1.6070416183328238,0.9999989296980313,293.2587917445652,0.9999999999991067,0.9991146715908501,0.9999557140170864,1.0,1.6655029150917246e-09,7.326859700773329e-09,4.42999999999995,1.6539186683461426e-09,-8.926846817303158e-09
544,5.44,POLISH,29999.999999974567,7.999999999999994,5.999999999999994,1.6070416183328238,0.9999989564555805,293.25901215272455,0.9999999999991513,0.9991126733615069,0.9999556140170864,1.0,1.6655003370942133e-09,7.343514704144271e-09,4.43999999999995,1.6539447531856653e-09,-8.699188924765622e-09
545,5.45,POLISH,29999.99999997584,7.999999999999994,5.999999999999994,1.6070416183328238,0.999998982544191,293.2592324550878,0.9999999999991938,0.9991106751361601,0.9999555140170865,1.0,1.6654977579879357e-09,7.3601696817241505e-09,4.4499999999999496,1.65397071499421e-09,-5.168288907952956e-09
546,5.46,POLISH,29999.999999977048,7.999999999999994,5.999999999999994,1.6070416183328238,0.9999990079805862,293.2594526517057,0.9999999999992341,0.9991086769148099,0.9999554140170865,1.0,1.6654951778007506e-09,7.376824633502158e-09,4.459999999999949,1.6539965545969152e-09,1.3917173191657639e-08
547,5.47,POLISH,29999.999999978194,7.999999999999994,5.999999999999994,1.6070416183328238,0.9999990327810715,293.25967274262905,0.9999999999992722,0.9991066786974561,0.9999553140170866,1.0,1.6654925965598193e-09,7.3934795594677565e-09,4.469999999999949,1.6540222728115975e-09,3.963890549130156e-09
548,5.48,POLISH,29999.999999979285,7.999999999999994,5.999999999999994,1.6070416183328238,0.9999990569615447,293.25989272790855,0.9999999999993087,0.9991046804840986,0.9999552140170866,1.0,1.6654900142916242e-09,7.410134459610673e-09,4.479999999999949,1.6540478704488298e-09,5.615248710455489e-09
549,5.49,POLISH,29999.999999980322,7.999999999999994,5.999999999999994,1.6070416183328238,0.9999990805375061,293.2601126075949,0.9999999999993432,0.9991026822747376,0.9999551140170867,1.0,1.6654874310219865e-09,7.426789333920893e-09,4.489999999999949,1.6540733483120216e-09,2.6835778044187464e-09
550,5.5,POLISH,29999.999999981304,7.999999999999994,5.999999999999994,1.6070416183328238,0.9999991035240684,293.26033238173886,0.9999999999993759,0.9991006840693731,0.9999550140170868,1.0,1.6654848467760812e-09,7.443444182388653e-09,4.4999999999999485,1.6540987071974973e-09,7.3883512641259586e-09
551,5.51,POLISH,29999.99999998224,7.999999999999994,5.999999999999994,1.6070416183328238,0.9999991259359667,293.260552050391,0.9999999999994071,0.999098685868005,0.9999549140170868,1.0,1.6654822615784538e-09,7.460099005004438e-09,4.509999999999948,1.654123947894573e-09,3.5259404285170604e-09
552,5.5200000000000005,POLISH,29999.999999983127,7.999999999999994,5.999999999999994,1.6070416183328238,0.9999991477875676,293.26077161360206,0.9999999999994367,0.9990966876706332,0.9999548140170869,1.0,1.6654796754530363e-09,7.476753801758969e-09,4.519999999999948,1.6541490711856316e-09,3.299888362562342e-09
553,5.53,POLISH,29999.99999998397,7.999999999999994,5.999999999999994,1.6070416183328238,0.9999991690928784,293.26099107142255,0.9999999999994648,0.9990946894772579,0.9999547140170869,1.0,1.6654770884231623e-09,7.4934085726432e-09,4.529999999999948,1.6541740778462002e-09,-9.509122378403845e-09
554,5.54,POLISH,29999.99999998477,7.999999999999994,5.999999999999994,1.6070416183328238,0.9999991898655565,293.26121042390315,0.9999999999994915,0.9990926912878789,0.999954614017087,1.0,1.6654745005115819e-09,7.510063317648316e-09,4.539999999999948,1.6541989686450226e-09,5.708315597985347e-09
555,5.55,POLISH,29999.99999998553,7.999999999999994,5.999999999999994,1.6070416183328238,0.9999992101189176,293.2614296710944,0.9999999999995168,0.9990906931024963,0.999954514017087,1.0,1.6654719117404766e-09,7.526718036765721e-09,4.549999999999947,1.6542237443441336e-09,4.309157475290704e-09
556,5.5600000000000005,POLISH,29999.999999986256,7.999999999999994,5.999999999999994,1.6070416183328238,0.9999992298659446,293.2616488130468,0.9999999999995409,0.9990886949211101,0.9999544140170871,1.0,1.665469322131473e-09,7.543372729987036e-09,4.559999999999947,1.6542484056989306e-09,-1.5346159898399492e-09
557,5.57,POLISH,29999.999999986943,7.999999999999994,5.999999999999994,1.6070416183328238,0.9999992491192959,293.2618678498109,0.9999999999995639,0.9990866967437202,0.9999543140170871,1.0,1.6654667317056577e-09,7.560027397304093e-09,4.569999999999947,1.654272953458245e-09,3.480806753941579e-10
558,5.58,POLISH,29999.999999987594,7.999999999999994,5.999999999999994,1.6070416183328238,0.9999992678913135,293.26208678143723,0.9999999999995856,0.9990846985703267,0.9999542140170872,1.0,1.6654641404835896e-09,7.576682038708928e-09,4.579999999999947,1.6542973883644138e-09,-6.294328613876132e-09
559,5.59,POLISH,29999.999999988213,7.999999999999994,5.999999999999994,1.6070416183328238,0.9999992861940307,293.2623056079762,0.9999999999996062,0.9990827004009295,0.9999541140170872,1.0,1.6654615484853134e-09,7.59333665419378e-09,4.589999999999947,1.6543217111533484e-09,-9.306361903327343e-09
560,5.6000000000000005,POLISH,29999.999999988802,7.999999999999994,5.999999999999994,1.6070416183328238,0.9999993040391799,293.2625243294783,0.9999999999996259,0.9990807022355287,0.9999540140170873,1.0,1.665458955730374e-09,7.609991243751084e-09,4.599999999999946,1.6543459225546028e-09,3.466610110081092e-09
561,5.61,POLISH,29999.999999989363,7.999999999999994,5.999999999999994,1.6070416183328238,0.9999993214382004,293.2627429459939,0.9999999999996445,0.9990787040741242,0.9999539140170873,1.0,1.6654563622378245e-09,7.626645807373462e-09,4.609999999999946,1.6543700232914429e-09,-1.2665111626120051e-08
562,5.62,POLISH,29999.999999989894,7.999999999999994,5.999999999999994,1.6070416183328238,0.9999993384022453,293.2629614575735,0.9999999999996623,0.999076705916716,0.9999538140170874,1.0,1.6654537680262452e-09,7.643300345053725e-09,4.619999999999946,1.654394014080912e-09,1.1267388799751643e-08
563,5.63,POLISH,29999.9999999904,7.999999999999994,5.999999999999994,1.6070416183328238,0.9999993549421892,293.2631798642674,0.9999999999996791,0.9990747077633042,0.9999537140170874,1.0,1.6654511731137503e-09,7.659954856784861e-09,4.629999999999946,1.6544178956338987e-09,2.1509549696929753e-09
564,5.64,POLISH,29999.99999999088,7.999999999999994,5.999999999999994,1.6070416183328238,0.9999993710686345,293.2633981661259,0.9999999999996951,0.9990727096138887,0.9999536140170875,1.0,1.6654485775180009e-09,7.676609342560042e-09,4.6399999999999455,1.654441668655201e-09,5.175877504370874e-10
565,5.65,POLISH,29999.999999991334,7.999999999999994,5.999999999999994,1.6070416183328238,0.9999993867919186,293.2636163631994,0.9999999999997102,0.9990707114684695,0.9999535140170875,1.0,1.665445981256216e-09,7.693263802372603e-09,4.649999999999945,1.6544653338435901e-09,-9.931468980539648e-09
566,5.66,POLISH,29999.999999991767,7.999999999999994,5.999999999999994,1.6070416183328238,0.9999994021221206,293.2638344555382,0.9999999999997247,0.9990687133270465,0.9999534140170876,1.0,1.6654433843451861e-09,7.709918236216055e-09,4.659999999999945,1.6544888918918768e-09,1.1334108762639516e-08
567,5.67,POLISH,29999.99999999218,7.999999999999994,5.999999999999994,1.6070416183328238,0.9999994170690676,293.2640524431925,0.9999999999997384,0.9990667151896199,0.9999533140170876,1.0,1.6654407868012806e-09,7.726572644084068e-09,4.669999999999945,1.654512343486972e-09,-8.829402986521018e-09
568,5.68,POLISH,29999.99999999257,7.999999999999994,5.999999999999994,1.6070416183328238,0.9999994316423408,293.2642703262126,0.9999999999997515,0.9990647170561895,0.9999532140170877,1.0,1.665438188640459e-09,7.743227025970472e-09,4.679999999999945,1.6545356893099494e-09,-1.4988330576670705e-09
569,5.69,POLISH,29999.999999992942,7.999999999999994,5.999999999999994,1.6070416183328238,0.9999994458512823,293.26448810464876,0.9999999999997639,0.9990627189267554,0.9999531140170878,1.0,1.665435589878283e-09,7.759881381869255e-09,4.689999999999944,1.654558930036108e-09,-1.1411273703743063e-08
570,5.7,POLISH,29999.999999993295,7.999999999999994,5.999999999999994,1.6070416183328238,0.9999994597050003,293.26470577855116,0.9999999999997756,0.9990607208013175,0.9999530140170878,1.0,1.665432990529925e-09,7.776535711774554e-09,4.699999999999944,1.6545820663350311e-09,1.933202042891935e-09
571,5.71,POLISH,29999.99999999363,7.999999999999994,5.999999999999994,1.6070416183328238,0.9999994732123753,293.26492334796995,0.9999999999997867,0.9990587226798758,0.9999529140170879,1.0,1.6654303906101774e-09,7.793190015680656e-09,4.709999999999944,1.6546050988706472e-09,-6.217618420123472e-09
572,5.72,POLISH,29999.99999999395,7.999999999999994,5.999999999999994,1.6070416183328238,0.9999994863820659,293.26514081295534,0.9999999999997975,0.9990567245624304,0.9999528140170879,1.0,1.6654277901334637e-09,7.80984429358199e-09,4.719999999999944,1.6546280283012889e-09,4.621099947144103e-09
573,5.73,POLISH,29999.999999994252,7.999999999999994,5.999999999999994,1.6070416183328238,0.9999994992225143,293.2653581735574,0.9999999999998075,0.9990547264489813,0.999952714017088,1.0,1.6654251891138457e-09,7.82649854547313e-09,4.729999999999944,1.654650855279751e-09,-1.0317819487681845e-08
574,5.74,POLISH,29999.99999999454,7.999999999999994,5.999999999999994,1.6070416183328238,0.9999995117419515,293.26557542982624,0.9999999999998171,0.9990527283395284,0.999952614017088,1.0,1.6654225875650346e-09,7.84315277134878e-09,4.739999999999943,1.6546735804533488e-09,-1.0564505714683037e-08
575,5.75,POLISH,29999.999999994812,7.999999999999994,5.999999999999994,1.6070416183328238,0.9999995239484026,293.265792581812,0.9999999999998261,0.9990507302340718,0.9999525140170881,1.0,1.6654199855003984e-09,7.859806971203783e-09,4.749999999999943,1.6546962044639742e-09,-1.2479503652684798e-08
576,5.76,POLISH,29999.99999999507,7.999999999999994,5.999999999999994,1.6070416183328238,0.9999995358496926,293.2660096295647,0.9999999999998348,0.9990487321326113,0.9999524140170881,1.0,1.6654173829329706e-09,7.876461145033112e-09,4.759999999999943,1.6547187279481526e-09,-4.0158596448236494e-09
577,5.7700000000000005,POLISH,29999.999999995318,7.999999999999994,5.999999999999994,1.6070416183328238,0.9999995474534503,293.26622657313436,0.999999999999843,0.999046734035147,0.9999523140170882,1.0,1.6654147798754594e-09,7.893115292831867e-09,4.769999999999943,1.6547411515370988e-09,-1.5490684290853096e-09
578,5.78,POLISH,29999.99999999555,7.999999999999994,5.999999999999994,1.6070416183328238,0.9999995587671141,293.26644341257105,0.9999999999998508,0.9990447359416789,0.9999522140170882,1.0,1.6654121763402551e-09,7.90976941459527e-09,4.7799999999999425,1.6547634758567708e-09,6.952859621378593e-09
579,5.79,POLISH,29999.999999995773,7.999999999999994,5.999999999999994,1.6070416183328238,0.9999995697979362,293.2666601479247,0.9999999999998582,0.999042737852207,0.9999521140170883,1.0,1.665409572339438e-09,7.926423510318665e-09,4.789999999999942,1.654785701527925e-09,5.099678901387961e-09
580,5.8,POLISH,29999.999999995984,7.999999999999994,5.999999999999994,1.6070416183328238,0.9999995805529879,293.2668767792453,0.9999999999998652,0.9990407397667312,0.9999520140170883,1.0,1.6654069678847868e-09,7.943077579997512e-09,4.799999999999942,1.6548078291661685e-09,4.9085997488873545e-09
581,5.8100000000000005,POLISH,29999.999999996184,7.999999999999994,5.999999999999994,1.6070416183328238,0.9999995910391631,293.26709330658275,0.9999999999998719,0.9990387416852518,0.9999519140170884,1.0,1.6654043629877849e-09,7.95973162362739e-09,4.809999999999942,1.654829859382014e-09,-1.0025544838754286e-08
582,5.82,POLISH,29999.999999996373,7.999999999999994,5.999999999999994,1.6070416183328238,0.9999996012631841,293.267309729987,0.9999999999998782,0.9990367436077684,0.9999518140170884,1.0,1.6654017576596294e-09,7.976385641203987e-09,4.819999999999942,1.6548517927809304e-09,7.213998287625145e-10
583,5.83,POLISH,29999.999999996555,7.999999999999994,5.999999999999994,1.6070416183328238,0.9999996112316045,293.2675260495079,0.9999999999998843,0.9990347455342812,0.9999517140170885,1.0,1.6653991519112374e-09,7.9930396327231e-09,4.8299999999999415,1.6548736299633947e-09,-7.678522706555668e-09
584,5.84,POLISH,29999.999999996726,7.999999999999994,5.999999999999994,1.6070416183328238,0.9999996209508144,293.2677422651954,0.99999999999989,0.9990327474647901,0.9999516140170885,1.0,1.6653965457532522e-09,8.009693598180633e-09,4.839999999999941,1.6548953715249443e-09,5.184119800105691e-09
585,5.8500000000000005,POLISH,29999.99999999689,7.999999999999994,5.999999999999994,1.6070416183328238,0.9999996304270441,293.26795837709926,0.9999999999998954,0.9990307493992951,0.9999515140170886,1.0,1.6653939391960524e-09,8.026347537572593e-09,4.849999999999941,1.6549170180562249e-09,-5.533365765586495e-09
586,5.86,POLISH,29999.999999997046,7.999999999999994,5.999999999999994,1.6070416183328238,0.999999639666368,293.26817438526933,0.9999999999999006,0.9990287513377963,0.9999514140170886,1.0,1.6653913322497556e-09,8.043001450895091e-09,4.859999999999941,1.654938570143043e-09,5.637872391162091e-10
587,5.87,POLISH,29999.999999997195,7.999999999999994,5.999999999999994,1.6070416183328238,0.9999996486747088,293.2683902897554,0.9999999999999056,0.9990267532802937,0.9999513140170887,1.0,1.6653887249242278e-09,8.059655338144334e-09,4.869999999999941,1.6549600283664132e-09,7.039986371637497e-09
588,5.88,POLISH,29999.999999997337,7.999999999999994,5.999999999999994,1.6070416183328238,0.9999996574578411,293.26860609060725,0.9999999999999103,0.9990247552267871,0.9999512140170888,1.0,1.6653861172290875e-09,8.076309199316625e-09,4.87999999999994,1.6549813933026073e-09,-2.5544295567669906e-09
589,5.89,POLISH,29999.99999999747,7.999999999999994,5.999999999999994,1.6070416183328238,0.9999996660213951,293.26882178787463,0.9999999999999148,0.9990227571772767,0.9999511140170888,1.0,1.6653835091737134e-09,8.092963034408362e-09,4.88999999999994,1.6550026655232029e-09,1.2160043638687057e-08
590,5.9,POLISH,29999.9999999976,7.999999999999994,5.999999999999994,1.6070416183328238,0.9999996743708602,293.26903738160723,0.9999999999999191,0.9990207591317624,0.9999510140170889,1.0,1.665380900767248e-09,8.109616843416035e-09,4.89999999999994,1.6550238455951294e-09,6.311125844149501e-09
591,5.91,POLISH,29999.99999999772,7.999999999999994,5.999999999999994,1.6070416183328238,0.9999996825115888,293.26925287185475,0.9999999999999231,0.9990187610902441,0.9999509140170889,1.0,1.6653782920186079e-09,8.126270626336221e-09,4.90999999999994,1.655044934080717e-09,-8.157925890373008e-09
592,5.92,POLISH,29999.99999999783,7.999999999999994,5.999999999999994,1.6070416183328238,0.9999996904487991,293.2694682586669,0.9999999999999268,0.9990167630527219,0.999950814017089,1.0,1.665375682936484e-09,8.142924383165585e-09,4.9199999999999395,1.655065931537741e-09,9.117528065871738e-09
593,5.93,POLISH,29999.99999999794,7.999999999999994,5.999999999999994,1.6070416183328238,0.9999996981875792,293.26968354209333,0.9999999999999305,0.9990147650191958,0.999950714017089,1.0,1.6653730735293526e-09,8.159578113900879e-09,4.929999999999939,1.6550868385194684e-09,1.3250044617052481e-08
594,5.94,POLISH,29999.999999998043,7.999999999999994,5.999999999999994,1.6070416183328238,0.9999997057328897,293.2698987221836,0.9999999999999338,0.9990127669896658,0.9999506140170891,1.0,1.6653704638054758e-09,8.176231818538933e-09,4.939999999999939,1.6551076555747033e-09,-1.2253636327841377e-08
595,5.95,POLISH,29999.99999999814,7.999999999999994,5.999999999999994,1.6070416183328238,0.9999997130895674,293.2701137989874,0.9999999999999372,0.9990107689641318,0.9999505140170891,1.0,1.6653678537729105e-09,8.192885497076662e-09,4.949999999999939,1.6551283832478309e-09,1.3641141549669555e-09
596,5.96,POLISH,29999.999999998236,7.999999999999994,5.999999999999994,1.6070416183328238,0.9999997202623282,293.27032877255425,0.9999999999999403,0.9990087709425939,0.9999504140170892,1.0,1.665365243439512e-09,8.209539149511057e-09,4.959999999999939,1.6551490220788625e-09,9.201102102451841e-09
597,5.97,POLISH,29999.999999998323,7.999999999999994,5.999999999999994,1.6070416183328238,0.99999972725577,293.2705436429337,0.9999999999999432,0.999006772925052,0.9999503140170892,1.0,1.6653626328129384e-09,8.226192775839186e-09,4.9699999999999385,1.6551695726034785e-09,-5.25091081726714e-09
598,5.98,POLISH,29999.999999998407,7.999999999999994,5.999999999999994,1.6070416183328238,0.9999997340743758,293.27075841017535,0.999999999999946,0.9990047749115062,0.9999502140170893,1.0,1.6653600219006574e-09,8.242846376058192e-09,4.979999999999938,1.6551900353530713e-09,-1.6707843997210148e-09
599,5.99,POLISH,29999.999999998487,7.999999999999994,5.999999999999994,1.6070416183328238,0.9999997407225164,293.27097307432865,0.9999999999999487,0.9990027769019564,0.9999501140170893,1.0,1.665357410709949e-09,8.259499950165292e-09,4.989999999999938,1.6552104108547885e-09,3.4325324804740376e-09
600,6.0,POLISH,29999.999999998563,7.999999999999994,5.999999999999994,1.6070416183328238,0.9999997472044535,293.2711876354431,0.9999999999999513,0.9990007788964026,0.9999500140170894,1.0,1.665354799247912e-09,8.276153498157771e-09,4.999999999999938,1.6552306996315749e-09,-6.464063062594505e-09
601,6.01,HOLD,28499.999999998636,7.599999999999993,5.599999999999994,1.5274134176601746,0.9749997535243422,293.27112970775573,0.9029279206113127,0.9990007788964026,0.9999500140170894,1.0,0.0,8.276153498157771e-09,4.999999999999938,1.6552306996315749e-09,6.546869713019987e-10
602,6.0200000000000005,HOLD,27074.999999998705,7.199999999999993,5.226666666666661,1.4476190529868282,0.9506247596862336,293.27107204396066,0.8129697329655425,0.9990007788964026,0.9999500140170894,1.0,0.0,8.276153498157771e-09,4.999999999999938,1.6552306996315749e-09,-1.3685905742022442e-08
603,6.03,HOLD,25721.24999999877,6.799999999999993,4.878222222222217,1.3676520732461441,0.9268591406940778,293.2710146378046,0.7296579521791255,0.9990007788964026,0.9999500140170894,1.0,0.0,8.276153498157771e-09,4.999999999999938,1.6552306996315749e-09,1.5111218942820415e-09
604,6.04,HOLD,24435.187499998832,6.399999999999992,4.553007407407402,1.2875104737394434,0.9036876621767259,293.2709574831947,0.6525564215873346,0.9990007788964026,0.9999500140170894,1.0,0.0,8.276153498157771e-09,4.999999999999938,1.6552306996315749e-09,6.249873507613302e-09
605,6.05,HOLD,23213.428124998893,5.999999999999992,4.249473580246908,1.207196512210748,0.8810954706223078,293.2709005741942,0.5812579078905107,0.9990007788964026,0.9999500140170894,1.0,0.0,8.276153498157771e-09,4.999999999999938,1.6552306996315749e-09,-4.940741149539463e-09
606,6.0600000000000005,HOLD,22052.756718748948,5.5999999999999925,3.966175341563781,1.1267167447300315,0.85906808385675,293.2708439050185,0.5153820116629194,0.9990007788964026,0.9999500140170894,1.0,0.0,8.276153498157771e-09,4.999999999999938,1.6552306996315749e-09,-1.2279741667953203e-09
607,6.07,HOLD,20950.1188828115,5.2266666666666595,3.7017636521261954,1.0516022950813626,0.8375913817603313,293.27078747003145,0.4569720503411218,0.9990007788964026,0.9999500140170894,1.0,0.0,8.276153498157771e-09,4.999999999999938,1.6552306996315749e-09,2.55016630035243e-09
608,6.08,HOLD,19902.612938670925,4.878222222222216,3.454979408651116,0.981495475409272,0.8166515972163231,293.270731263741,0.4051818846357947,0.9990007788964026,0.9999500140170894,1.0,0.0,8.276153498157771e-09,4.999999999999938,1.6552306996315749e-09,7.447418681749696e-09
609,6.09,HOLD,18907.48229173738,4.553007407407401,3.224647448074375,0.9160624437153204,0.796235307285915,293.27067528079596,0.35926127104373795,0.9990007788964026,0.9999500140170894,1.0,0.0,8.276153498157771e-09,4.999999999999938,1.6552306996315749e-09,8.160093045717076e-09
610,6.1000000000000005,HOLD,17962.10817715051,4.2494735802469075,3.009670951536083,0.854991614134299,0.7763294246037671,293.27061951598193,0.318544993658781,0.9990007788964026,0.9999500140170894,1.0,0.0,8.276153498157771e-09,4.999999999999938,1.6552306996315749e-09,5.723350682274031e-10
611,6.11,HOLD,17064.002768292983,3.96617534156378,2.8090262214336774,0.7979921731920123,0.7569211889886729,293.2705639642181,0.2824432277107858,0.9990007788964026,0.9999500140170894,1.0,0.0,8.276153498157771e-09,4.999999999999938,1.6552306996315749e-09,-9.351907692689565e-09
612,6.12,HOLD,16210.802629878333,3.701763652126195,2.6217578066714324,0.7447926949792115,0.7379981592639561,293.27050862055376,0.2504329952368967,0.9990007788964026,0.9999500140170894,1.0,0.0,8.276153498157771e-09,4.999999999999938,1.6552306996315749e-09,4.631690586620607e-09
613,6.13,HOLD,15400.262498384416,3.4549794086511154,2.446973952893337,0.6951398486472642,0.7195482052823572,293.2704534801646,0.2220505891100484,0.9990007788964026,0.9999500140170894,1.0,0.0,8.276153498157771e-09,4.999999999999938,1.6552306996315749e-09,-1.3166875589831761e-08
614,6.140000000000001,HOLD,14630.249373465196,3.2246474480743745,2.283842356033781,0.6487971920707799,0.7015595001502982,293.27039853834987,0.19688485567757627,0.9990007788964026,0.9999500140170894,1.0,0.0,8.276153498157771e-09,4.999999999999938,1.6552306996315749e-09,1.1236046759677265e-08
615,6.15,HOLD,13898.736904791936,3.0096709515360827,2.1315861989648623,0.6055440459327278,0.6840205126465407,293.27034379052895,0.17457123870078428,0.9990007788964026,0.9999500140170894,1.0,0.0,8.276153498157771e-09,4.999999999999938,1.6552306996315749e-09,1.1229158047854071e-08
616,6.16,HOLD,13203.800059552339,2.809026221433677,1.989480452367205,0.565174442870546,0.6669199998303772,293.27028923223827,0.1547864983146954,0.9990007788964026,0.9999500140170894,1.0,0.0,8.276153498157771e-09,4.999999999999938,1.6552306996315749e-09,-6.455593393184245e-09
617,6.17,HOLD,12543.610056574722,2.621757806671432,1.8568484222093913,0.5274961466791763,0.6502469998346178,293.2702348591284,0.1372440285056966,0.9990007788964026,0.9999500140170894,1.0,0.0,8.276153498157771e-09,4.999999999999938,1.6552306996315749e-09,-2.3739232801744947e-09
618,6.18,HOLD,11916.429553745986,2.4469739528933365,1.7330585273954318,0.49232973690056453,0.6339908248387524,293.2701806669609,0.12168970527505098,0.9990007788964026,0.9999500140170894,1.0,0.0,8.276153498157771e-09,4.999999999999938,1.6552306996315749e-09,-7.66124941264934e-10
619,6.19,HOLD,11320.608076058686,2.2838423560337806,1.6175212922357363,0.4595077544405268,0.6181410542177835,293.27012665160584,0.10789820534387852,0.9990007788964026,0.9999500140170894,1.0,0.0,8.276153498157771e-09,4.999999999999938,1.6552306996315749e-09,1.40197080611415e-08
620,6.2,HOLD,10754.577672255753,2.131586198964862,1.5096865394200205,0.42887390414449167,0.6026875278623389,293.2700728090384,0.0956697420715723,0.9990007788964026,0.9999500140170894,1.0,0.0,8.276153498157771e-09,4.999999999999938,1.6552306996315749e-09,3.234642775851171e-09
621,6.21,HOLD,10216.848788642965,1.9894804523672045,1.4090407701253524,0.40028231053485896,0.5876203396657804,293.27001913533684,0.08482717130346078,0.9990007788964026,0.9999500140170894,1.0,0.0,8.276153498157771e-09,4.999999999999938,1.6552306996315749e-09,7.773127919108447e-09
622,6.22,HOLD,9706.006349210817,1.8568484222093908,1.3151047187836622,0.3735968231658683,0.5729298311741359,293.26996562667927,0.07521342522240189,0.9990007788964026,0.9999500140170894,1.0,0.0,8.276153498157771e-09,4.999999999999938,1.6552306996315749e-09,-9.6194341381306e-10
623,6.23,HOLD,9220.706031750276,1.7330585273954315,1.2274310708647513,0.34869036828814376,0.5586065853947825,293.26991227934144,0.06668923703052967,0.9990007788964026,0.9999500140170894,1.0,0.0,8.276153498157771e-09,4.999999999999938,1.6552306996315749e-09,-1.3515375485440018e-08
624,6.24,HOLD,8759.670730162763,1.617521292235736,1.1456023328071012,0.3254443437356008,0.544641420759913,293.2698590896942,0.05913112350040299,0.9990007788964026,0.9999500140170894,1.0,0.0,8.276153498157771e-09,4.999999999999938,1.6552306996315749e-09,1.2449277164705563e-08
625,6.25,HOLD,8321.687193654625,1.5096865394200203,1.0692288439532944,0.3037480541532275,0.5310253852409151,293.2698060542008,0.05242959617035731,0.9990007788964026,0.9999500140170894,1.0,0.0,8.276153498157771e-09,4.999999999999938,1.6552306996315749e-09,5.7654929719319625e-09
626,6.26,HOLD,7905.602833971894,1.4090407701253522,0.9979469210230748,0.2834981838763456,0.5177497506098923,293.26975316941474,0.04648757527105015,0.9990007788964026,0.9999500140170894,1.0,0.0,8.276153498157771e-09,4.999999999999938,1.6552306996315749e-09,5.66983260341658e-09
627,6.2700000000000005,HOLD,7510.322692273299,1.3151047187836622,0.9314171262882032,0.2645983049512559,0.5048060068446449,293.2697004319774,0.041218983406997804,0.9990007788964026,0.9999500140170894,1.0,0.0,8.276153498157771e-09,4.999999999999938,1.6552306996315749e-09,-1.1247994535779071e-08
628,6.28,HOLD,7134.806557659635,1.2274310708647513,0.869322651202323,0.24695841795450557,0.4921858566735288,293.26964783861587,0.03654749862087139,0.9990007788964026,0.9999500140170894,1.0,0.0,8.276153498157771e-09,4.999999999999938,1.6552306996315749e-09,9.292072888911207e-09
629,6.29,HOLD,6778.066229776653,1.1456023328071012,0.8113678077888348,0.23049452342420518,0.4798812102566906,293.26959538614045,0.03240544877717263,0.9990007788964026,0.9999500140170894,1.0,0.0,8.276153498157771e-09,4.999999999999938,1.6552306996315749e-09,-5.98799232420788e-10
630,6.3,HOLD,6439.1629182878205,1.0692288439532944,0.7572766206029125,0.2151282218625915,0.4678841800002734,293.26954307144285,0.028732831249093062,0.9990007788964026,0.9999500140170894,1.0,0.0,8.276153498157771e-09,4.999999999999938,1.6552306996315749e-09,-3.819810245886401e-09
631,6.3100000000000005,HOLD,6117.2047723734295,0.9979469210230748,0.7067915125627183,0.2007863404050854,0.45618707550026655,293.26949089149394,0.025476443707529182,0.9990007788964026,0.9999500140170894,1.0,0.0,8.276153498157771e-09,4.999999999999938,1.6552306996315749e-09,2.5413626758563623e-10
632,6.32,HOLD,5811.344533754758,0.9314171262882032,0.6596720783918705,0.1874005843780797,0.44478239861275987,293.26943884334173,0.022589113420675874,0.9990007788964026,0.9999500140170894,1.0,0.0,8.276153498157771e-09,4.999999999999938,1.6552306996315749e-09,5.512681866548519e-09
633,6.33,HOLD,5520.77730706702,0.869322651202323,0.6156939398324124,0.17490721208620774,0.4336628386474409,293.26938692410937,0.020029013899665944,0.9990007788964026,0.9999500140170894,1.0,0.0,8.276153498157771e-09,4.999999999999938,1.6552306996315749e-09,1.1589946780077298e-09
634,6.34,HOLD,5244.738441713669,0.8113678077888348,0.5746476771769182,0.16324673128046055,0.42282126768125483,293.2693351309933,0.017759058991037135,0.9990007788964026,0.9999500140170894,1.0,0.0,8.276153498157771e-09,4.999999999999938,1.6552306996315749e-09,2.8789841621801315e-09
635,6.3500000000000005,HOLD,4982.5015196279855,0.7572766206029125,0.5363378320317903,0.15236361586176317,0.41225073598922346,293.26928346126124,0.015746365638719593,0.9990007788964026,0.9999500140170894,1.0,0.0,8.276153498157771e-09,4.999999999999938,1.6552306996315749e-09,-5.625935273201321e-10
636,6.36,HOLD,4733.376443646586,0.7067915125627183,0.5005819765630043,0.14220604147097896,0.40194446758949287,293.2692319122506,0.01396177753299804,0.9990007788964026,0.9999500140170894,1.0,0.0,8.276153498157771e-09,4.999999999999938,1.6552306996315749e-09,1.3597510672980206e-08
637,6.37,HOLD,4496.707621464257,0.6596720783918705,0.46720984479213734,0.13272563870624704,0.39189585589975556,293.2691804813663,0.012379442745924927,0.9990007788964026,0.9999500140170894,1.0,0.0,8.276153498157771e-09,4.999999999999938,1.6552306996315749e-09,-6.821260001288465e-09
638,6.38,HOLD,4271.872240391043,0.6156939398324124,0.43606252180599486,0.12387726279249722,0.3820984595022617,293.26912916607944,0.0109764392347201,0.9990007788964026,0.9999500140170894,1.0,0.0,8.276153498157771e-09,4.999999999999938,1.6552306996315749e-09,-1.309114594505445e-08
639,6.390000000000001,HOLD,4058.2786283714913,0.5746476771769182,0.4069916870189285,0.11561877860633074,0.3725459980147051,293.2690779639255,0.009732442788118488,0.9990007788964026,0.9999500140170894,1.0,0.0,8.276153498157771e-09,4.999999999999938,1.6552306996315749e-09,8.32064017686207e-09
640,6.4,HOLD,3855.364696952917,0.5363378320317903,0.3798589078843333,0.10791086003257534,0.36323234806433746,293.2690268725025,0.00862943260546506,0.9990007788964026,0.9999500140170894,1.0,0.0,8.276153498157771e-09,4.999999999999938,1.6552306996315749e-09,1.3867406778445002e-08
641,6.41,HOLD,3662.596462105271,0.5005819765630043,0.3545349806920444,0.10071680269707034,0.35415153936272903,293.26897588946946,0.007651430243512353,0.9990007788964026,0.9999500140170894,1.0,0.0,8.276153498157771e-09,4.999999999999938,1.6552306996315749e-09,-4.708947898279803e-09
642,6.42,HOLD,3479.4666390000075,0.46720984479213734,0.33089931531257477,0.0940023491839323,0.3452977508786608,293.2689250125451,0.00678426814924762,0.9990007788964026,0.9999500140170894,1.0,0.0,8.276153498157771e-09,4.999999999999938,1.6552306996315749e-09,-1.2676000693545575e-08
643,6.43,HOLD,3305.493307050007,0.43606252180599486,0.30883936095840314,0.0877355259050035,0.3366653071066943,293.268874239506,0.006015384425666222,0.9990007788964026,0.9999500140170894,1.0,0.0,8.276153498157771e-09,4.999999999999938,1.6552306996315749e-09,-9.326690530997439e-09
644,6.44,HOLD,3140.2186416975064,0.4069916870189285,0.28825007022784294,0.08188649084466991,0.32824867442902694,293.26882356818527,0.005333640857424051,0.9990007788964026,0.9999500140170894,1.0,0.0,8.276153498157771e-09,4.999999999999938,1.6552306996315749e-09,9.188056537823286e-09
645,6.45,HOLD,2983.2077096126313,0.3798589078843333,0.2690333988793201,0.07642739145502526,0.3200424575683013,293.26877299647106,0.004729161560249326,0.9990007788964026,0.9999500140170894,1.0,0.0,8.276153498157771e-09,4.999999999999938,1.6552306996315749e-09,2.292747325327582e-09
646,6.46,HOLD,2834.0473241319996,0.3545349806920444,0.2510978389540321,0.07133223202469025,0.31204139612909376,293.26872252230515,0.004193189916754402,0.9990007788964026,0.9999500140170894,1.0,0.0,8.276153498157771e-09,4.999999999999938,1.6552306996315749e-09,8.432031961547182e-09
647,6.47,HOLD,2692.3449579253997,0.33089931531257477,0.2343579830237633,0.06657674988971088,0.3042403612258664,293.2686721436816,0.0037179617261889025,0.9990007788964026,0.9999500140170894,1.0,0.0,8.276153498157771e-09,4.999999999999938,1.6552306996315749e-09,1.3260422093708257e-08
648,6.48,HOLD,2557.72771002913,0.30883936095840314,0.21873411748884575,0.0621382998970635,0.2966343521952197,293.26862185864536,0.003296592730554161,0.9990007788964026,0.9999500140170894,1.0,0.0,8.276153498157771e-09,4.999999999999938,1.6552306996315749e-09,-1.1219189133271357e-08
649,6.49,HOLD,2429.8413245276734,0.28825007022784294,0.20415184298958935,0.0579957465705926,0.2892184933903392,293.26857166529106,0.002922978887758022,0.9990007788964026,0.9999500140170894,1.0,0.0,8.276153498157771e-09,4.999999999999938,1.6552306996315749e-09,-1.0194895594395348e-08
650,6.5,HOLD,2308.34925830129,0.2690333988793201,0.19054172012361673,0.054129363465886426,0.28198803105558073,293.2685215617617,0.002591707947145447,0.9990007788964026,0.9999500140170894,1.0,0.0,8.276153498157771e-09,4.999999999999938,1.6552306996315749e-09,-4.890068794338731e-09
651,6.51,HOLD,2192.9317953862255,0.2510978389540321,0.17783893878204227,0.05052073923482733,0.27493833027919123,293.2684715462474,0.002297981046468964,0.9990007788964026,0.9999500140170894,1.0,0.0,8.276153498157771e-09,4.999999999999938,1.6552306996315749e-09,4.757900740059995e-09
652,6.5200000000000005,HOLD,2083.285205616914,0.2343579830237633,0.1659830095299061,0.04715268995250552,0.26806487202221146,293.2684216169841,0.0020375431945358147,0.9990007788964026,0.9999500140170894,1.0,0.0,8.276153498157771e-09,4.999999999999938,1.6552306996315749e-09,-4.222499683237402e-09
653,6.53,HOLD,1979.1209453360684,0.21873411748884575,0.1549174755612457,0.04400917728900515,0.2613632502216562,293.2683717722526,0.001806621632488422,0.9990007788964026,0.9999500140170894,1.0,0.0,8.276153498157771e-09,4.999999999999938,1.6552306996315749e-09,-8.074419355352802e-09
654,6.54,HOLD,1880.164898069265,0.20415184298958935,0.14458964385716264,0.04107523213640481,0.2548291689661148,293.26832201037723,0.0016018711808064006,0.9990007788964026,0.9999500140170894,1.0,0.0,8.276153498157771e-09,4.999999999999938,1.6552306996315749e-09,-8.225867986766389e-09
655,6.55,HOLD,1786.1566531658018,0.19054172012361673,0.13495033426668512,0.03833688332731115,0.2484584397419619,293.26827232972494,0.0014203257803150088,0.9990007788964026,0.9999500140170894,1.0,0.0,8.276153498157771e-09,4.999999999999938,1.6552306996315749e-09,1.0846264331121347e-08
656,6.5600000000000005,HOLD,1696.8488205075116,0.17783893878204227,0.1259536453155728,0.0357810911054904,0.24224697874841286,293.2682227287039,0.0012593555252126407,0.9990007788964026,0.9999500140170894,1.0,0.0,8.276153498157771e-09,4.999999999999938,1.6552306996315749e-09,1.0465289079775175e-08
657,6.57,HOLD,1612.006379482136,0.1659830095299061,0.11755673562786793,0.03339568503179104,0.23619080427970254,293.2681732057627,0.0011166285656885417,0.9990007788964026,0.9999500140170894,1.0,0.0,8.276153498157771e-09,4.999999999999938,1.6552306996315749e-09,-2.523631081885469e-09
658,6.58,HOLD,1531.4060605080292,0.1549174755612457,0.1097196199193434,0.031169306029671637,0.23028603417270999,293.2681237593893,0.0009900773282438401,0.9990007788964026,0.9999500140170894,1.0,0.0,8.276153498157771e-09,4.999999999999938,1.6552306996315749e-09,1.0685351270467436e-08
659,6.59,HOLD,1454.8357574826277,0.14458964385716264,0.10240497859138717,0.029091352294360197,0.22452888331839224,293.2680743881099,0.0008778685643762048,0.9990007788964026,0.9999500140170894,1.0,0.0,8.276153498157771e-09,4.999999999999938,1.6552306996315749e-09,-6.042387923343995e-09
660,6.6000000000000005,HOLD,1382.0939696084963,0.13495033426668512,0.09557798001862802,0.027151928808069516,0.21891566123543243,293.26802509048804,0.0007783767937469017,0.9990007788964026,0.9999500140170894,1.0,0.0,8.276153498157771e-09,4.999999999999938,1.6552306996315749e-09,1.0667555727650324e-08
661,6.61,HOLD,1312.9892711280716,0.1259536453155728,0.08920611468405282,0.025341800220864883,0.21344276970454662,293.2679758651237,0.0006901607571222528,0.9990007788964026,0.9999500140170894,1.0,0.0,8.276153498157771e-09,4.999999999999938,1.6552306996315749e-09,3.824695227194752e-09
662,6.62,HOLD,1247.339807571668,0.11755673562786793,0.08325904037178262,0.02365234687280722,0.20810670046193294,293.2679267106522,0.0006119425379817308,0.9990007788964026,0.9999500140170894,1.0,0.0,8.276153498157771e-09,4.999999999999938,1.6552306996315749e-09,1.1172101466172535e-08
663,6.63,HOLD,1184.9728171930847,0.1097196199193434,0.07770843768033045,0.022075523747953407,0.20290403295038462,293.26787762574355,0.0005425890503438013,0.9990007788964026,0.9999500140170894,1.0,0.0,8.276153498157771e-09,4.999999999999938,1.6552306996315749e-09,1.1209266403966467e-08
664,6.640000000000001,HOLD,1125.7241763334305,0.10240497859138717,0.07252787516830841,0.020603822164756515,0.197831432126625,293.2678286091013,0.00048109562463817047,0.9990007788964026,0.9999500140170894,1.0,0.0,8.276153498157771e-09,4.999999999999938,1.6552306996315749e-09,-3.1672762190737558e-09
665,6.65,HOLD,1069.437967516759,0.09557798001862802,0.06769268349042118,0.01923023402043941,0.19288564632345936,293.26777965946184,0.0004265714538458445,0.9990007788964026,0.9999500140170894,1.0,0.0,8.276153498157771e-09,4.999999999999938,1.6552306996315749e-09,-7.535724932949961e-09
666,6.66,HOLD,1015.9660691409211,0.08920611468405282,0.0631798379243931,0.017948218419076782,0.18806350516537287,293.2677307755936,0.00037822668907664883,0.9990007788964026,0.9999500140170894,1.0,0.0,8.276153498157771e-09,4.999999999999938,1.6552306996315749e-09,-1.3786518593406072e-08
667,6.67,HOLD,965.1677656838751,0.08325904037178262,0.058967848729433565,0.016751670524471664,0.18336191753623854,293.2676819562961,0.0003353609976479619,0.9990007788964026,0.9999500140170894,1.0,0.0,8.276153498157771e-09,4.999999999999938,1.6552306996315749e-09,4.405158904319251e-09
668,6.68,HOLD,916.9093773996814,0.07770843768033045,0.055036658814137995,0.015634892489506887,0.17877786959783257,293.2676332003992,0.00029735341791452627,0.9990007788964026,0.9999500140170894,1.0,0.0,8.276153498157771e-09,4.999999999999938,1.6552306996315749e-09,-1.2536965243725717e-08
669,6.69,HOLD,871.0639085296973,0.07252787516830841,0.051367548226528795,0.014592566323539759,0.17430842285788675,293.26758450676243,0.00026365336388421327,0.9990007788964026,0.9999500140170894,1.0,0.0,8.276153498157771e-09,4.999999999999938,1.6552306996315749e-09,7.072330276969296e-09
670,6.7,HOLD,827.5107131032124,0.06769268349042118,0.04794304501142688,0.013619728568637107,0.16995071228643957,293.2675358742741,0.00023377264931066902,0.9990007788964026,0.9999500140170894,1.0,0.0,8.276153498157771e-09,4.999999999999938,1.6552306996315749e-09,5.260964996978146e-10
671,6.71,HOLD,786.1351774480518,0.0631798379243931,0.04474684201066508,0.0127117466640613,0.16570194447927858,293.2674873018505,0.00020727841572212654,0.9990007788964026,0.9999500140170894,1.0,0.0,8.276153498157771e-09,4.999999999999938,1.6552306996315749e-09,-1.1613565220613964e-08
672,6.72,HOLD,746.8284185756492,0.058967848729433565,0.04176371920995407,0.011864296886457213,0.16155939586729662,293.2674387884356,0.00018378686194028555,0.9990007788964026,0.9999500140170894,1.0,0.0,8.276153498157771e-09,4.999999999999938,1.6552306996315749e-09,8.267992512855926e-09
673,6.73,HOLD,709.4869976468667,0.055036658814137995,0.0389794712626238,0.0110733437606934,0.1575204109706142,293.2673903329997,0.00016295768425371988,0.9990007788964026,0.9999500140170894,1.0,0.0,8.276153498157771e-09,4.999999999999938,1.6552306996315749e-09,-8.006793450476835e-09
674,6.74,HOLD,674.0126477645234,0.051367548226528795,0.036380839845115545,0.010335120843313839,0.15358240069634885,293.2673419345394,0.00014448914670496494,0.9990007788964026,0.9999500140170894,1.0,0.0,8.276153498157771e-09,4.999999999999938,1.6552306996315749e-09,1.2415409145205558e-08
675,6.75,HOLD,640.3120153762973,0.04794304501142688,0.03395545052210784,0.009646112787092917,0.14974284067894011,293.2672935920764,0.00012811371007840228,0.9990007788964026,0.9999500140170894,1.0,0.0,8.276153498157771e-09,4.999999999999938,1.6552306996315749e-09,-9.438522852178721e-09
676,6.76,HOLD,608.2964146074823,0.04474684201066508,0.03169175382063399,0.009003038601286723,0.1459992696619666,293.26724530465725,0.00011359415626951668,0.9990007788964026,0.9999500140170894,1.0,0.0,8.276153498157771e-09,4.999999999999938,1.6552306996315749e-09,-2.6631141736288555e-10
677,6.7700000000000005,HOLD,577.8815938771082,0.04176371920995407,0.02957897023259172,0.008402836027867608,0.14234928792041746,293.26719707135254,0.00010072015189230475,0.9990007788964026,0.9999500140170894,1.0,0.0,8.276153498157771e-09,4.999999999999938,1.6552306996315749e-09,1.5210090964501433e-09
678,6.78,HOLD,548.9875141832529,0.0389794712626238,0.027607038883752273,0.0078426469593431,0.138790555722407,293.2671488912563,8.930520134451022e-05,0.9990007788964026,0.9999500140170894,1.0,0.0,8.276153498157771e-09,4.999999999999938,1.6552306996315749e-09,8.239837256951432e-09
679,6.79,HOLD,521.5381384740903,0.036380839845115545,0.025766569624835454,0.007319803828720226,0.13532079182934684,293.2671007634853,7.91839451921324e-05,0.9990007788964026,0.9999500140170894,1.0,0.0,8.276153498157771e-09,4.999999999999938,1.6552306996315749e-09,-1.014672790233817e-08
680,6.8,HOLD,495.4612315503858,0.03395545052210784,0.02404879831651309,0.006831816906805544,0.13193777203361318,293.2670526871788,7.020976473702406e-05,0.9990007788964026,0.9999500140170894,1.0,0.0,8.276153498157771e-09,4.999999999999938,1.6552306996315749e-09,8.427434750046814e-09
681,6.8100000000000005,HOLD,470.6881699728665,0.03169175382063399,0.022445545095412217,0.006376362446351842,0.12863932773277284,293.26700466149765,6.225265806682801e-05,0.9990007788964026,0.9999500140170894,1.0,0.0,8.276153498157771e-09,4.999999999999938,1.6552306996315749e-09,1.1778858777233836e-08
682,6.82,HOLD,447.1537614742232,0.02957897023259172,0.020949175422384735,0.005951271616595052,0.12542334453945353,293.26695668562377,5.519735681925418e-05,0.9990007788964026,0.9999500140170894,1.0,0.0,8.276153498157771e-09,4.999999999999938,1.6552306996315749e-09,-3.2893758827867714e-09
683,6.83,HOLD,424.79607340051206,0.027607038883752273,0.019552563727559084,0.005554520175488715,0.12228776092596719,293.2669087587598,4.8941656379738706e-05,0.9990007788964026,0.9999500140170894,1.0,0.0,8.276153498157771e-09,4.999999999999938,1.6552306996315749e-09,1.971592666905053e-09
684,6.84,HOLD,403.55626973048646,0.025766569624835454,0.018249059479055144,0.0051842188304561335,0.11923056690281801,293.2668608801285,4.3394935323368315e-05,0.9990007788964026,0.9999500140170894,1.0,0.0,8.276153498157771e-09,4.999999999999938,1.6552306996315749e-09,-1.2292691309312431e-08
685,6.8500000000000005,HOLD,383.37845624396215,0.02404879831651309,0.0170324555137848,0.004838604241759059,0.11624980273024756,293.2668130489721,3.847684265338658e-05,0.9990007788964026,0.9999500140170894,1.0,0.0,8.276153498157771e-09,4.999999999999938,1.6552306996315749e-09,-7.447127359228034e-10
686,6.86,HOLD,364.20953343176404,0.022445545095412217,0.015896958479532482,0.004516030625641787,0.11334355766199136,293.26676526455196,3.41161338193361e-05,0.9990007788964026,0.9999500140170894,1.0,0.0,8.276153498157771e-09,4.999999999999938,1.6552306996315749e-09,-9.880899654035602e-09
687,6.87,HOLD,345.99905676017585,0.020949175422384735,0.01483716124756365,0.0042149619172656685,0.11050996872044158,293.26671752614806,3.0249638653144666e-05,0.9990007788964026,0.9999500140170894,1.0,0.0,8.276153498157771e-09,4.999999999999938,1.6552306996315749e-09,-1.3901907180979833e-08
688,6.88,HOLD,328.69910392216707,0.019552563727559084,0.01384801716439274,0.003933964456114623,0.10774721950243055,293.2666698330585,2.6821346272454943e-05,0.9990007788964026,0.9999500140170894,1.0,0.0,8.276153498157771e-09,4.999999999999938,1.6552306996315749e-09,-6.147701014924678e-09
689,6.890000000000001,HOLD,312.2641487260587,0.018249059479055144,0.012924816020099891,0.0036717001590403147,0.10505353901486979,293.26662218459893,2.378159369491004e-05,0.9990007788964026,0.9999500140170894,1.0,0.0,8.276153498157771e-09,4.999999999999938,1.6552306996315749e-09,-5.1459281280585856e-09
690,6.9,HOLD,296.65094128975574,0.0170324555137848,0.012063161618759899,0.003426920148437627,0.10242720053949804,293.2665745801024,2.1086346409486905e-05,0.9990007788964026,0.9999500140170894,1.0,0.0,8.276153498157771e-09,4.999999999999938,1.6552306996315749e-09,-3.664297310024267e-09
691,6.91,HOLD,281.8183942252679,0.015896958479532482,0.011258950844175905,0.0031984588052084524,0.09986652052601058,293.2665270189185,1.8696560483078384e-05,0.9990007788964026,0.9999500140170894,1.0,0.0,8.276153498157771e-09,4.999999999999938,1.6552306996315749e-09,-2.8563462706188147e-09
692,6.92,HOLD,267.72747451400454,0.01483716124756365,0.010508354121230844,0.0029852282181945557,0.09736985751286031,293.2664795004134,1.657761696166284e-05,0.9990007788964026,0.9999500140170894,1.0,0.0,8.276153498157771e-09,4.999999999999938,1.6552306996315749e-09,1.0569305430863096e-08
693,6.93,HOLD,254.34110078830432,0.01384801716439274,0.009807797179815454,0.002786213003648251,0.09493561107503881,293.26643202396906,1.4698820372674382e-05,0.9990007788964026,0.9999500140170894,1.0,0.0,8.276153498157771e-09,4.999999999999938,1.6552306996315749e-09,2.0671286904416775e-09
694,6.94,HOLD,241.6240457488891,0.012924816020099891,0.009153944034494424,0.0026004654700717013,0.09256222079816284,293.26638458898293,1.3032954063771287e-05,0.9990007788964026,0.9999500140170894,1.0,0.0,8.276153498157771e-09,4.999999999999938,1.6552306996315749e-09,-2.3827411155252776e-09
695,6.95,HOLD,229.54284346144465,0.012063161618759899,0.008543681098861462,0.0024271011054002546,0.09024816527820877,293.2663371948677,1.1555885936543875e-05,0.9990007788964026,0.9999500140170894,1.0,0.0,8.276153498157771e-09,4.999999999999938,1.6552306996315749e-09,-6.683784192773601e-09
696,6.96,HOLD,218.06570128837242,0.011258950844175905,0.007974102358937364,0.002265294365040238,0.08799196114625354,293.2662898410507,1.0246218863735569e-05,0.9990007788964026,0.9999500140170894,1.0,0.0,8.276153498157771e-09,4.999999999999938,1.6552306996315749e-09,7.171696125851668e-09
697,6.97,HOLD,207.1624162239538,0.010508354121230844,0.0074424955350082065,0.002114274740704222,0.0857921621175972,293.2662425269737,9.084980725845537e-06,0.9990007788964026,0.9999500140170894,1.0,0.0,8.276153498157771e-09,4.999999999999938,1.6552306996315749e-09,-1.1061072058282662e-08
698,6.98,HOLD,196.80429541275612,0.009807797179815454,0.006946329166007659,0.0019733230913239405,0.08364735806465727,293.2661952520925,8.055349576916376e-06,0.9990007788964026,0.9999500140170894,1.0,0.0,8.276153498157771e-09,4.999999999999938,1.6552306996315749e-09,-1.4158608507841564e-08
699,6.99,HOLD,186.96408064211832,0.009153944034494424,0.006483240554940482,0.0018417682185690111,0.08155617411304084,293.2661480158764,7.142409958199187e-06,0.9990007788964026,0.9999500140170894,1.0,0.0,8.276153498157771e-09,4.999999999999938,1.6552306996315749e-09,-4.157413968641777e-09
700,7.0,HOLD,177.6158766100124,0.008543681098861462,0.00605102451794445,0.00171898367066441,0.07951726976021481,293.2661008178082,6.332936829603278e-06,0.9990007788964026,0.9999500140170894,1.0,0.0,8.276153498157771e-09,4.999999999999938,1.6552306996315749e-09,-8.492435199514148e-09
