scenario,topology,step_index,source_time_s,timestamp_s,event_active,grid_voltage_pu,ups_output_voltage_pu,ups_mode,battery_energy_j,vfd_available_output_pu,vfd_tripped,motor_speed_rad_s,pump_flow_m3_s,pump_head_pa,pump_operating_point_residual_pa,upw_supply_pressure_pa,upw_tool_flow_m3_s,upw_temperature_k,upw_mass_balance_residual_m3_s,pressure_support,flow_support,hydraulic_support,effective_availability,dressing_availability,slurry_utility_availability,coolant_temperature_k,cooling_conductance_factor,cmp_mode,cmp_pad_surface_activity,cmp_interface_temperature_k,cmp_mrr_m_s,cmp_cumulative_removal_m
healthy_25pct_400ms_sag,NO_CONNECTION,1,0.0,0.01,False,1.0,1.0,GRID,3600000.0,1.0,False,188.49995111039513,0.00020000082829812828,199998.13591130078,0.0,299998.2218258083,0.0001,293.15,-9.049260353641732e-13,1.0,1.0,1.0,1.0,1.0,1.0,293.15,1.0,DRESS,0.50009,293.15,0.0,0.0
healthy_25pct_400ms_sag,NO_CONNECTION,2,0.01,0.02,False,1.0,1.0,GRID,3600000.0,1.0,False,188.49995355487536,0.000200000790528252,199998.22182580832,2.9103830456733704e-11,299998.30378219485,0.0001,293.15,-4.90576754566549e-13,1.0,1.0,1.0,1.0,1.0,1.0,293.15,1.0,DRESS,0.5001799837820032,293.15,0.0,0.0
healthy_25pct_400ms_sag,NO_CONNECTION,3,0.02,0.03,False,1.0,1.0,GRID,3600000.0,1.0,False,188.49995587713158,0.00020000075447806147,199998.30378219482,-2.9103830456733704e-11,299998.38195508346,0.0001,293.15,4.274760395925176e-14,1.0,1.0,1.0,1.0,1.0,1.0,293.15,1.0,DRESS,0.5002699513489355,293.15,0.0,0.0
healthy_25pct_400ms_sag,NO_CONNECTION,4,0.03,0.04,False,1.0,1.0,GRID,3600000.0,1.0,False,188.499958083275,0.00020000072007321434,199998.3819550835,2.9103830456733704e-11,299998.4565190971,0.0001,293.15,5.333931874743185e-13,1.0,1.0,1.0,1.0,1.0,1.0,293.15,1.0,DRESS,0.5003599027037219,293.15,0.0,0.0
healthy_25pct_400ms_sag,NO_CONNECTION,5,0.04,0.05,False,1.0,1.0,GRID,3600000.0,1.0,False,188.49996017911124,0.00020000068723871993,199998.45651909706,-2.9103830456733704e-11,299998.5276488587,0.0001,293.15,8.190578445511165e-13,1.0,1.0,1.0,1.0,1.0,1.0,293.15,1.0,DRESS,0.5004498378492871,293.15,0.0,0.0
healthy_25pct_400ms_sag,NO_CONNECTION,6,0.05,0.06,False,1.0,1.0,GRID,3600000.0,1.0,False,188.49996217015567,0.00020000065589897146,199998.5276488587,-2.9103830456733704e-11,299998.59551899135,0.0001,293.15,7.368232716672808e-13,1.0,1.0,1.0,1.0,1.0,1.0,293.15,1.0,DRESS,0.5005397567885552,293.15,0.0,0.0
healthy_25pct_400ms_sag,NO_CONNECTION,7,0.06,0.07,False,1.0,1.0,GRID,3600000.0,1.0,False,188.4999640616479,0.00020000062597777684,199998.59551899135,0.0,299998.66030411795,0.0001,293.15,1.2318592652005916e-13,1.0,1.0,1.0,1.0,1.0,1.0,293.15,1.0,DRESS,0.5006296595244499,293.15,0.0,0.0
healthy_25pct_400ms_sag,NO_CONNECTION,8,0.07,0.08,False,1.0,1.0,GRID,3600000.0,1.0,False,188.4999658585655,0.00020000059739838798,199998.66030411798,2.9103830456733704e-11,299998.72212065384,0.0001,293.15,7.343260114445962e-15,1.0,1.0,1.0,1.0,1.0,1.0,293.15,1.0,DRESS,0.5007195460598943,293.15,0.0,0.0
healthy_25pct_400ms_sag,NO_CONNECTION,9,0.08,0.09,False,1.0,1.0,GRID,3600000.0,1.0,False,188.49996756563723,0.00020000057011263246,199998.72212065384,0.0,299998.78108501434,0.0001,293.15,2.829151713248024e-13,1.0,1.0,1.0,1.0,1.0,1.0,293.15,1.0,DRESS,0.5008094163978108,293.15,0.0,0.0
healthy_25pct_400ms_sag,NO_CONNECTION,10,0.09,0.1,False,1.0,1.0,GRID,3600000.0,1.0,False,188.49996918735536,0.00020000054407183582,199998.78108501434,0.0,299998.8373136148,0.0001,293.15,8.43019573419629e-13,1.0,1.0,1.0,1.0,1.0,1.0,293.15,1.0,DRESS,0.5008992705411216,293.15,0.0,0.0
healthy_25pct_400ms_sag,NO_CONNECTION,11,0.1,0.11,False,1.0,1.0,GRID,3600000.0,1.0,False,188.4999707279876,0.00020000051922684726,199998.8373136148,0.0,299998.89098107815,0.0001,293.15,3.8704094128860966e-13,1.0,1.0,1.0,1.0,1.0,1.0,293.15,1.0,DRESS,0.5009891084927481,293.15,0.0,0.0
healthy_25pct_400ms_sag,NO_CONNECTION,12,0.11,0.12,False,1.0,1.0,GRID,3600000.0,1.0,False,188.49997219158823,0.00020000049549895912,199998.89098107818,2.9103830456733704e-11,299998.94220381975,0.0001,293.15,-5.778283396475709e-14,1.0,1.0,1.0,1.0,1.0,1.0,293.15,1.0,DRESS,0.5010789302556113,293.15,0.0,0.0
healthy_25pct_400ms_sag,NO_CONNECTION,13,0.12,0.13,False,1.0,1.0,GRID,3600000.0,1.0,False,188.4999735820088,0.00020000047283813736,199998.94220381975,0.0,299998.9910982549,0.0001,293.15,-5.99693455701322e-13,1.0,1.0,1.0,1.0,1.0,1.0,293.15,1.0,DRESS,0.5011687358326317,293.15,0.0,0.0
healthy_25pct_400ms_sag,NO_CONNECTION,14,0.13,0.14,False,1.0,1.0,GRID,3600000.0,1.0,False,188.49997490290838,0.00020000045119393932,199998.99109825492,0.0,299999.0377225913,0.0001,293.15,-1.5408418247914462e-13,1.0,1.0,1.0,1.0,1.0,1.0,293.15,1.0,DRESS,0.5012585252267291,293.15,0.0,0.0
healthy_25pct_400ms_sag,NO_CONNECTION,15,0.14,0.15,False,1.0,1.0,GRID,3600000.0,1.0,False,188.49997615776294,0.0002000004305446376,199999.0377225913,0.0,299999.08219324425,0.0001,293.15,3.495671254624316e-14,1.0,1.0,1.0,1.0,1.0,1.0,293.15,1.0,DRESS,0.5013482984408228,293.15,0.0,0.0
healthy_25pct_400ms_sag,NO_CONNECTION,16,0.15,0.16,False,1.0,1.0,GRID,3600000.0,1.0,False,188.4999773498748,0.00020000041083903262,199999.08219324428,2.9103830456733704e-11,299999.12462662905,0.0001,293.15,-1.4197803197870254e-13,1.0,1.0,1.0,1.0,1.0,1.0,293.15,1.0,DRESS,0.5014380554778319,293.15,0.0,0.0
healthy_25pct_400ms_sag,NO_CONNECTION,17,0.16,0.17,False,1.0,1.0,GRID,3600000.0,1.0,False,188.49997848238107,0.00020000039202557404,199999.12462662905,0.0,299999.16513916105,0.0001,293.15,-7.946464032583145e-13,1.0,1.0,1.0,1.0,1.0,1.0,293.15,1.0,DRESS,0.5015277963406747,293.15,0.0,0.0
healthy_25pct_400ms_sag,NO_CONNECTION,18,0.17,0.18,False,1.0,1.0,GRID,3600000.0,1.0,False,188.49997955826203,0.00020000037405237873,199999.16513916108,2.9103830456733704e-11,299999.2037890479,0.0001,293.15,-8.398821444095437e-13,1.0,1.0,1.0,1.0,1.0,1.0,293.15,1.0,DRESS,0.5016175210322689,293.15,0.0,0.0
healthy_25pct_400ms_sag,NO_CONNECTION,19,0.18,0.19,False,1.0,1.0,GRID,3600000.0,1.0,False,188.49998058034893,0.0002000003568963511,199999.2037890479,0.0,299999.2405762896,0.0001,293.15,8.633723559214895e-13,1.0,1.0,1.0,1.0,1.0,1.0,293.15,1.0,DRESS,0.5017072295555317,293.15,0.0,0.0
healthy_25pct_400ms_sag,NO_CONNECTION,20,0.19,0.2,False,1.0,1.0,GRID,3600000.0,1.0,False,188.49998155133147,0.0002000003405631989,199999.2405762896,0.0,299999.2757337168,0.0001,293.15,-4.5220332036203095e-13,1.0,1.0,1.0,1.0,1.0,1.0,293.15,1.0,DRESS,0.5017969219133801,293.15,0.0,0.0
healthy_25pct_400ms_sag,NO_CONNECTION,21,0.2,0.21,False,1.0,1.0,GRID,3600000.0,1.0,False,188.4999824737649,0.00020000032494192955,199999.2757337168,0.0,299999.3092613295,0.0001,293.15,-2.4098892261075216e-13,1.0,1.0,1.0,1.0,1.0,1.0,293.15,1.0,DRESS,0.5018865981087302,293.15,0.0,0.0
healthy_25pct_400ms_sag,NO_CONNECTION,22,0.21,0.22,False,1.0,1.0,GRID,3600000.0,1.0,False,188.49998335007666,0.0002000003100376942,199999.3092613295,2.9103830456733704e-11,299999.341275543,0.0001,293.15,-8.843473371135391e-13,1.0,1.0,1.0,1.0,1.0,1.0,293.15,1.0,DRESS,0.5019762581444976,293.15,0.0,0.0
healthy_25pct_400ms_sag,NO_CONNECTION,23,0.22,0.23,False,1.0,1.0,GRID,3600000.0,1.0,False,188.49998418257283,0.00020000029579717897,199999.34127554297,0.0,299999.3717763573,0.0001,293.15,-1.0728606154519466e-13,1.0,1.0,1.0,1.0,1.0,1.0,293.15,1.0,DRESS,0.5020659020235977,293.15,0.0,0.0
healthy_25pct_400ms_sag,NO_CONNECTION,24,0.23,0.24,False,1.0,1.0,GRID,3600000.0,1.0,False,188.49998497344419,0.0002000002822250329,199999.37177635735,5.820766091346741e-11,299999.40088018775,0.0001,293.15,-2.9167011687813993e-13,1.0,1.0,1.0,1.0,1.0,1.0,293.15,1.0,DRESS,0.502155529748945,293.15,0.0,0.0
healthy_25pct_400ms_sag,NO_CONNECTION,25,0.24,0.25,False,1.0,1.0,GRID,3600000.0,1.0,False,188.499985724772,0.000200000269267465,199999.4008801878,5.820766091346741e-11,299999.42858703434,0.0001,293.15,8.370159231517708e-13,1.0,1.0,1.0,1.0,1.0,1.0,293.15,1.0,DRESS,0.5022451413234535,293.15,0.0,0.0
healthy_25pct_400ms_sag,NO_CONNECTION,26,0.25,0.26,False,1.0,1.0,GRID,3600000.0,1.0,False,188.4999864385334,0.0002000002569286709,199999.4285870343,-5.820766091346741e-11,299999.4550133124,0.0001,293.15,8.964535971184254e-13,1.0,1.0,1.0,1.0,1.0,1.0,293.15,1.0,DRESS,0.502334736750037,293.15,0.0,0.0
healthy_25pct_400ms_sag,NO_CONNECTION,27,0.26,0.27,False,1.0,1.0,GRID,3600000.0,1.0,False,188.49998711660672,0.00020000024515442886,199999.4550133124,0.0,299999.48027543724,0.0001,293.15,-2.2578648857256728e-13,1.0,1.0,1.0,1.0,1.0,1.0,293.15,1.0,DRESS,0.5024243160316085,293.15,0.0,0.0
healthy_25pct_400ms_sag,NO_CONNECTION,28,0.27,0.28,False,1.0,1.0,GRID,3600000.0,1.0,False,188.49998776077638,0.00020000023389031817,199999.4802754372,-2.9103830456733704e-11,299999.50437340885,0.0001,293.15,-2.5581862583136824e-13,1.0,1.0,1.0,1.0,1.0,1.0,293.15,1.0,DRESS,0.5025138791710805,293.15,0.0,0.0
healthy_25pct_400ms_sag,NO_CONNECTION,29,0.28,0.29,False,1.0,1.0,GRID,3600000.0,1.0,False,188.49998837273756,0.0002000002231399359,199999.50437340885,0.0,299999.52730722725,0.0001,293.15,8.099542699946803e-13,1.0,1.0,1.0,1.0,1.0,1.0,293.15,1.0,DRESS,0.502603426171365,293.15,0.0,0.0
healthy_25pct_400ms_sag,NO_CONNECTION,30,0.29,0.3,False,1.0,1.0,GRID,3600000.0,1.0,False,188.49998895410067,0.00020000021290669958,199999.52730722725,0.0,299999.54919330776,0.0001,293.15,5.884356191329038e-13,1.0,1.0,1.0,1.0,1.0,1.0,293.15,1.0,DRESS,0.5026929570353735,293.15,0.0,0.0
healthy_25pct_400ms_sag,NO_CONNECTION,31,0.3,0.31,False,1.0,1.0,GRID,3600000.0,1.0,False,188.49998950639565,0.00020000020313564812,199999.54919330773,-2.9103830456733704e-11,299999.570089858,0.0001,293.15,1.5971375047151282e-13,1.0,1.0,1.0,1.0,1.0,1.0,293.15,1.0,DRESS,0.5027824717660171,293.15,0.0,0.0
healthy_25pct_400ms_sag,NO_CONNECTION,32,0.31,0.32,False,1.0,1.0,GRID,3600000.0,1.0,False,188.49999003107587,0.00020000019380076196,199999.57008985805,2.9103830456733704e-11,299999.5900550857,0.0001,293.15,-5.313347765240248e-13,1.0,1.0,1.0,1.0,1.0,1.0,293.15,1.0,DRESS,0.5028719703662061,293.15,0.0,0.0
healthy_25pct_400ms_sag,NO_CONNECTION,33,0.32,0.33,False,1.0,1.0,GRID,3600000.0,1.0,False,188.49999052952208,0.00020000018487586734,199999.59005508572,0.0,299999.6090307832,0.0001,293.15,8.465265852663434e-13,1.0,1.0,1.0,1.0,1.0,1.0,293.15,1.0,DRESS,0.5029614528388505,293.15,0.0,0.0
healthy_25pct_400ms_sag,NO_CONNECTION,34,0.33,0.34,False,1.0,1.0,GRID,3600000.0,1.0,False,188.49999100304598,0.00020000017639285145,199999.60903078318,0.0,299999.6271915734,0.0001,293.15,-4.1873934387202097e-13,1.0,1.0,1.0,1.0,1.0,1.0,293.15,1.0,DRESS,0.5030509191868596,293.15,0.0,0.0
healthy_25pct_400ms_sag,NO_CONNECTION,35,0.34,0.35000000000000003,False,1.0,1.0,GRID,3600000.0,1.0,False,188.49999145289368,0.0002000001682670473,199999.62719157335,-2.9103830456733704e-11,299999.64453745633,0.0001,293.15,-9.193399101888024e-13,1.0,1.0,1.0,1.0,1.0,1.0,293.15,1.0,DRESS,0.5031403694131423,293.15,0.0,0.0
healthy_25pct_400ms_sag,NO_CONNECTION,36,0.35000000000000003,0.36,False,1.0,1.0,GRID,3600000.0,1.0,False,188.49999188024898,0.0002000001605009669,199999.64453745636,2.9103830456733704e-11,299999.66106843203,0.0001,293.15,-6.527630985655148e-13,1.0,1.0,1.0,1.0,1.0,1.0,293.15,1.0,DRESS,0.503229803520607,293.15,0.0,0.0
healthy_25pct_400ms_sag,NO_CONNECTION,37,0.36,0.37,False,1.0,1.0,GRID,3600000.0,1.0,False,188.49999228623653,0.00020000015309699687,199999.66106843197,-5.820766091346741e-11,299999.6767845005,0.0001,293.15,3.833776910299737e-13,1.0,1.0,1.0,1.0,1.0,1.0,293.15,1.0,DRESS,0.5033192215121614,293.15,0.0,0.0
healthy_25pct_400ms_sag,NO_CONNECTION,38,0.37,0.38,False,1.0,1.0,GRID,3600000.0,1.0,False,188.4999926719247,0.0002000001460574043,199999.67678450048,0.0,299999.691802077,0.0001,293.15,-1.9516451389007533e-13,1.0,1.0,1.0,1.0,1.0,1.0,293.15,1.0,DRESS,0.5034086233907128,293.15,0.0,0.0
healthy_25pct_400ms_sag,NO_CONNECTION,39,0.38,0.39,False,1.0,1.0,GRID,3600000.0,1.0,False,188.49999303832845,0.00020000013932613544,199999.691802077,0.0,299999.7061211616,0.0001,293.15,-1.161370576530749e-13,1.0,1.0,1.0,1.0,1.0,1.0,293.15,1.0,DRESS,0.503498009159168,293.15,0.0,0.0
healthy_25pct_400ms_sag,NO_CONNECTION,40,0.39,0.4,False,1.0,1.0,GRID,3600000.0,1.0,False,188.49999338641203,0.0002000001329052364,199999.70612116155,-2.9103830456733704e-11,299999.71974175423,0.0001,293.15,6.22506193185944e-13,1.0,1.0,1.0,1.0,1.0,1.0,293.15,1.0,DRESS,0.5035873788204331,293.15,0.0,0.0
healthy_25pct_400ms_sag,NO_CONNECTION,41,0.4,0.41000000000000003,False,1.0,1.0,GRID,3600000.0,1.0,False,188.49999371709143,0.0002000001267966509,199999.71974175423,0.0,299999.7327802703,0.0001,293.15,-3.638051242639105e-13,1.0,1.0,1.0,1.0,1.0,1.0,293.15,1.0,DRESS,0.5036767323774141,293.15,0.0,0.0
healthy_25pct_400ms_sag,NO_CONNECTION,42,0.41000000000000003,0.42,False,1.0,1.0,GRID,3600000.0,1.0,False,188.49999403123687,0.00020000012094401813,199999.73278027028,0.0,299999.7452367097,0.0001,293.15,-8.031254410427255e-13,1.0,1.0,1.0,1.0,1.0,1.0,293.15,1.0,DRESS,0.5037660698330159,293.15,0.0,0.0
healthy_25pct_400ms_sag,NO_CONNECTION,43,0.42,0.43,False,1.0,1.0,GRID,3600000.0,1.0,False,188.49999432967502,0.00020000011534909216,199999.74523670977,5.820766091346741e-11,299999.75711107254,0.0001,293.15,-6.937006400082157e-13,1.0,1.0,1.0,1.0,1.0,1.0,293.15,1.0,DRESS,0.5038553911901433,293.15,0.0,0.0
healthy_25pct_400ms_sag,NO_CONNECTION,44,0.43,0.44,False,1.0,1.0,GRID,3600000.0,1.0,False,188.49999461319126,0.00020000011001353974,199999.75711107254,0.0,299999.76840335876,0.0001,293.15,-3.386399071314623e-14,1.0,1.0,1.0,1.0,1.0,1.0,293.15,1.0,DRESS,0.5039446964517005,293.15,0.0,0.0
healthy_25pct_400ms_sag,NO_CONNECTION,45,0.44,0.45,False,1.0,1.0,GRID,3600000.0,1.0,False,188.4999948825317,0.00020000010493894405,199999.76840335876,0.0,299999.779171776,0.0001,293.15,-1.5289353984270574e-14,1.0,1.0,1.0,1.0,1.0,1.0,293.15,1.0,DRESS,0.504033985620591,293.15,0.0,0.0
healthy_25pct_400ms_sag,NO_CONNECTION,46,0.45,0.46,False,1.0,1.0,GRID,3600000.0,1.0,False,188.4999951384051,0.00020000010009770533,199999.77917177603,0.0,299999.789474532,0.0001,293.15,-6.946803137071487e-13,1.0,1.0,1.0,1.0,1.0,1.0,293.15,1.0,DRESS,0.5041232586997179,293.15,0.0,0.0
healthy_25pct_400ms_sag,NO_CONNECTION,47,0.46,0.47000000000000003,False,1.0,1.0,GRID,3600000.0,1.0,False,188.49999538148484,0.00020000009546214867,199999.789474532,0.0,299999.79925341904,0.0001,293.15,2.576984773575919e-13,1.0,1.0,1.0,1.0,1.0,1.0,293.15,1.0,DRESS,0.5042125156919837,293.15,0.0,0.0
healthy_25pct_400ms_sag,NO_CONNECTION,48,0.47000000000000003,0.48,False,1.0,1.0,GRID,3600000.0,1.0,False,188.4999956124106,0.00020000009106273535,199999.799253419,-2.9103830456733704e-11,299999.8085666448,0.0001,293.15,5.148980308962333e-13,1.0,1.0,1.0,1.0,1.0,1.0,293.15,1.0,DRESS,0.5043017566002905,293.15,0.0,0.0
healthy_25pct_400ms_sag,NO_CONNECTION,49,0.48,0.49,False,1.0,1.0,GRID,3600000.0,1.0,False,188.49999583179007,0.00020000008687165102,199999.8085666448,0.0,299999.8174724169,0.0001,293.15,2.0000172308226267e-14,1.0,1.0,1.0,1.0,1.0,1.0,293.15,1.0,DRESS,0.5043909814275399,293.15,0.0,0.0
healthy_25pct_400ms_sag,NO_CONNECTION,50,0.49,0.5,False,1.0,1.0,GRID,3600000.0,1.0,False,188.49999604020056,0.00020000008286101702,199999.81747241694,2.9103830456733704e-11,299999.8259707354,0.0001,293.15,-9.072055335689336e-14,1.0,1.0,1.0,1.0,1.0,1.0,293.15,1.0,DRESS,0.5044801901766328,293.15,0.0,0.0
healthy_25pct_400ms_sag,NO_CONNECTION,51,0.5,0.51,False,1.0,1.0,GRID,3600000.0,1.0,False,188.49999623819053,0.00020000007903199724,199999.82597073537,-2.9103830456733704e-11,299999.83406160027,0.0001,293.15,1.8389975848553892e-13,1.0,1.0,1.0,1.0,1.0,1.0,293.15,1.0,DRESS,0.5045693828504697,293.15,0.0,0.0
healthy_25pct_400ms_sag,NO_CONNECTION,52,0.51,0.52,False,1.0,1.0,GRID,3600000.0,1.0,False,188.499996426281,0.00020000007538569712,199999.83406160027,0.0,299999.8417450115,0.0001,293.15,8.44966560370641e-13,1.0,1.0,1.0,1.0,1.0,1.0,293.15,1.0,DRESS,0.5046585594519506,293.15,0.0,0.0
healthy_25pct_400ms_sag,NO_CONNECTION,53,0.52,0.53,False,1.0,1.0,GRID,3600000.0,1.0,False,188.49999660496695,0.00020000007192316722,199999.84174501145,-5.820766091346741e-11,299999.8490791768,0.0001,293.15,7.002733229443173e-13,1.0,1.0,1.0,1.0,1.0,1.0,293.15,1.0,DRESS,0.5047477199839748,293.15,0.0,0.0
healthy_25pct_400ms_sag,NO_CONNECTION,54,0.53,0.54,False,1.0,1.0,GRID,3600000.0,1.0,False,188.4999967747186,0.00020000006861630143,199999.84907917678,0.0,299999.8560640961,0.0001,293.15,8.858671798504507e-13,1.0,1.0,1.0,1.0,1.0,1.0,293.15,1.0,DRESS,0.5048368644494413,293.15,0.0,0.0
healthy_25pct_400ms_sag,NO_CONNECTION,55,0.54,0.55,False,1.0,1.0,GRID,3600000.0,1.0,False,188.49999693598267,0.00020000006546604774,199999.85606409606,-2.9103830456733704e-11,299999.86281618476,0.0001,293.15,-9.838179630770095e-13,1.0,1.0,1.0,1.0,1.0,1.0,293.15,1.0,DRESS,0.5049259928512484,293.15,0.0,0.0
healthy_25pct_400ms_sag,NO_CONNECTION,56,0.55,0.56,False,1.0,1.0,GRID,3600000.0,1.0,False,188.49999708918352,0.00020000006241509903,199999.8628161848,2.9103830456733704e-11,299999.86921902746,0.0001,293.15,-2.512687079887533e-13,1.0,1.0,1.0,1.0,1.0,1.0,293.15,1.0,DRESS,0.505015105192294,293.15,0.0,0.0
healthy_25pct_400ms_sag,NO_CONNECTION,57,0.56,0.5700000000000001,False,1.0,1.0,GRID,3600000.0,1.0,False,188.49999723472433,0.0002000000595225185,199999.86921902746,0.0,299999.8752726242,0.0001,293.15,8.142716823077462e-13,1.0,1.0,1.0,1.0,1.0,1.0,293.15,1.0,DRESS,0.5051042014754753,293.15,0.0,0.0
healthy_25pct_400ms_sag,NO_CONNECTION,58,0.5700000000000001,0.58,False,1.0,1.0,GRID,3600000.0,1.0,False,188.4999973729881,0.00020000005678911885,199999.8752726242,0.0,299999.8810933903,0.0001,293.15,-1.7289812702207807e-13,1.0,1.0,1.0,1.0,1.0,1.0,293.15,1.0,DRESS,0.5051932817036893,293.15,0.0,0.0
healthy_25pct_400ms_sag,NO_CONNECTION,59,0.58,0.59,False,1.0,1.0,GRID,3600000.0,1.0,False,188.4999975043387,0.00020000005415746457,199999.88109339026,-2.9103830456733704e-11,299999.88668132573,0.0001,293.15,-9.419072553168516e-13,1.0,1.0,1.0,1.0,1.0,1.0,293.15,1.0,DRESS,0.5052823458798321,293.15,0.0,0.0
healthy_25pct_400ms_sag,NO_CONNECTION,60,0.59,0.6,False,1.0,1.0,GRID,3600000.0,1.0,False,188.49999762912176,0.00020000005162828914,199999.8866813257,-2.9103830456733704e-11,299999.8919200152,0.0001,293.15,8.944918807388099e-13,1.0,1.0,1.0,1.0,1.0,1.0,293.15,1.0,DRESS,0.5053713940067995,293.15,0.0,0.0
healthy_25pct_400ms_sag,NO_CONNECTION,61,0.6,0.61,False,1.0,1.0,GRID,3600000.0,1.0,False,188.49999774766567,0.00020000004926049706,199999.8919200152,-2.9103830456733704e-11,299999.89692587405,0.0001,293.15,6.803832519088075e-13,1.0,1.0,1.0,1.0,1.0,1.0,293.15,1.0,DRESS,0.5054604260874869,293.15,0.0,0.0
healthy_25pct_400ms_sag,NO_CONNECTION,62,0.61,0.62,False,1.0,1.0,GRID,3600000.0,1.0,False,188.49999786028238,0.0002000000469965426,199999.89692587405,0.0,299999.90169890225,0.0001,293.15,6.865275703612641e-13,1.0,1.0,1.0,1.0,1.0,1.0,293.15,1.0,DRESS,0.5055494421247887,293.15,0.0,0.0
healthy_25pct_400ms_sag,NO_CONNECTION,63,0.62,0.63,False,1.0,1.0,GRID,3600000.0,1.0,False,188.49999796726826,0.00020000004483705476,199999.90169890225,0.0,299999.9062390998,0.0001,293.15,9.13553835986573e-13,1.0,1.0,1.0,1.0,1.0,1.0,293.15,1.0,DRESS,0.5056384421215994,293.15,0.0,0.0
healthy_25pct_400ms_sag,NO_CONNECTION,64,0.63,0.64,False,1.0,1.0,GRID,3600000.0,1.0,False,188.49999806890486,0.00020000004278263094,199999.9062390998,0.0,299999.91060467437,0.0001,293.15,1.6880237713266105e-13,1.0,1.0,1.0,1.0,1.0,1.0,293.15,1.0,DRESS,0.5057274260808124,293.15,0.0,0.0
healthy_25pct_400ms_sag,NO_CONNECTION,65,0.64,0.65,False,1.0,1.0,GRID,3600000.0,1.0,False,188.4999981654596,0.00020000004080473474,199999.91060467437,0.0,299999.9147374183,0.0001,293.15,7.811470882027785e-13,1.0,1.0,1.0,1.0,1.0,1.0,293.15,1.0,DRESS,0.5058163940053211,293.15,0.0,0.0
healthy_25pct_400ms_sag,NO_CONNECTION,66,0.65,0.66,False,1.0,1.0,GRID,3600000.0,1.0,False,188.49999825718663,0.00020000003893300941,199999.91473741826,-2.9103830456733704e-11,299999.91869553924,0.0001,293.15,4.228209503440798e-13,1.0,1.0,1.0,1.0,1.0,1.0,293.15,1.0,DRESS,0.5059053458980178,293.15,0.0,0.0
healthy_25pct_400ms_sag,NO_CONNECTION,67,0.66,0.67,False,1.0,1.0,GRID,3600000.0,1.0,False,188.4999983443273,0.00020000003713886317,199999.9186955393,5.820766091346741e-11,299999.92253724486,0.0001,293.15,-9.63871665316845e-13,1.0,1.0,1.0,1.0,1.0,1.0,293.15,1.0,DRESS,0.505994281761795,293.15,0.0,0.0
healthy_25pct_400ms_sag,NO_CONNECTION,68,0.67,0.68,False,1.0,1.0,GRID,3600000.0,1.0,False,188.49999842711094,0.00020000003539367883,199999.92253724483,-2.9103830456733704e-11,299999.92614611983,0.0001,293.15,1.4311937540038202e-13,1.0,1.0,1.0,1.0,1.0,1.0,293.15,1.0,DRESS,0.5060832015995439,293.15,0.0,0.0
healthy_25pct_400ms_sag,NO_CONNECTION,69,0.68,0.6900000000000001,False,1.0,1.0,GRID,3600000.0,1.0,False,188.4999985057554,0.00020000003375612646,199999.92614611983,0.0,299999.9296385795,0.0001,293.15,-9.123563883550708e-13,1.0,1.0,1.0,1.0,1.0,1.0,293.15,1.0,DRESS,0.5061721054141558,293.15,0.0,0.0
healthy_25pct_400ms_sag,NO_CONNECTION,70,0.6900000000000001,0.7000000000000001,False,1.0,1.0,GRID,3600000.0,1.0,False,188.49999858046763,0.00020000003216843744,199999.9296385795,0.0,299999.9328982085,0.0001,293.15,5.267529641639284e-13,1.0,1.0,1.0,1.0,1.0,1.0,293.15,1.0,DRESS,0.5062609932085211,293.15,0.0,0.0
healthy_25pct_400ms_sag,NO_CONNECTION,71,0.7000000000000001,0.71,False,1.0,1.0,GRID,3600000.0,1.0,False,188.49999865144426,0.00020000003068923664,199999.93289820853,2.9103830456733704e-11,299999.9360414222,0.0001,293.15,-1.9574823912401892e-13,1.0,1.0,1.0,1.0,1.0,1.0,293.15,1.0,DRESS,0.5063498649855299,293.15,0.0,0.0
healthy_25pct_400ms_sag,NO_CONNECTION,72,0.71,0.72,False,1.0,1.0,GRID,3600000.0,1.0,False,188.49999871887204,0.00020000002926071284,199999.93604142216,-2.9103830456733704e-11,299999.93906822056,0.0001,293.15,-8.093647936103045e-13,1.0,1.0,1.0,1.0,1.0,1.0,293.15,1.0,DRESS,0.5064387207480716,293.15,0.0,0.0
healthy_25pct_400ms_sag,NO_CONNECTION,73,0.72,0.73,False,1.0,1.0,GRID,3600000.0,1.0,False,188.49999878292843,0.00020000002788324255,199999.93906822053,-2.9103830456733704e-11,299999.94192039594,0.0001,293.15,-1.2046312948890588e-13,1.0,1.0,1.0,1.0,1.0,1.0,293.15,1.0,DRESS,0.5065275604990352,293.15,0.0,0.0
healthy_25pct_400ms_sag,NO_CONNECTION,74,0.73,0.74,False,1.0,1.0,GRID,3600000.0,1.0,False,188.499998843782,0.00020000002658628724,199999.94192039594,0.0,299999.944656156,0.0001,293.15,-4.569920185543522e-13,1.0,1.0,1.0,1.0,1.0,1.0,293.15,1.0,DRESS,0.5066163842413092,293.15,0.0,0.0
healthy_25pct_400ms_sag,NO_CONNECTION,75,0.74,0.75,False,1.0,1.0,GRID,3600000.0,1.0,False,188.4999989015929,0.00020000002534108306,199999.944656156,0.0,299999.9472172931,0.0001,293.15,5.096949002181964e-13,1.0,1.0,1.0,1.0,1.0,1.0,293.15,1.0,DRESS,0.5067051919777814,293.15,0.0,0.0
healthy_25pct_400ms_sag,NO_CONNECTION,76,0.75,0.76,False,1.0,1.0,GRID,3600000.0,1.0,False,188.49999895651325,0.0002000000241770565,199999.94721729308,0.0,299999.94966201484,0.0001,293.15,4.5161390306667535e-13,1.0,1.0,1.0,1.0,1.0,1.0,293.15,1.0,DRESS,0.5067939837113393,293.15,0.0,0.0
healthy_25pct_400ms_sag,NO_CONNECTION,77,0.76,0.77,False,1.0,1.0,GRID,3600000.0,1.0,False,188.49999900868758,0.0002000000230654105,199999.9496620148,-2.9103830456733704e-11,299999.9519903213,0.0001,293.15,5.041211344853818e-13,1.0,1.0,1.0,1.0,1.0,1.0,293.15,1.0,DRESS,0.5068827594448697,293.15,0.0,0.0
healthy_25pct_400ms_sag,NO_CONNECTION,78,0.77,0.78,False,1.0,1.0,GRID,3600000.0,1.0,False,188.4999990582532,0.00020000002200643642,199999.95199032128,0.0,299999.9542022124,0.0001,293.15,6.675079331506026e-13,1.0,1.0,1.0,1.0,1.0,1.0,293.15,1.0,DRESS,0.506971519181259,293.15,0.0,0.0
healthy_25pct_400ms_sag,NO_CONNECTION,79,0.78,0.79,False,1.0,1.0,GRID,3600000.0,1.0,False,188.49999910534052,0.00020000002100041108,199999.95420221236,-2.9103830456733704e-11,299999.9562976882,0.0001,293.15,9.420511229820213e-13,1.0,1.0,1.0,1.0,1.0,1.0,293.15,1.0,DRESS,0.5070602629233931,293.15,0.0,0.0
healthy_25pct_400ms_sag,NO_CONNECTION,80,0.79,0.8,False,1.0,1.0,GRID,3600000.0,1.0,False,188.4999991500735,0.00020000002004759738,199999.9562976882,0.0,299999.9583349563,0.0001,293.15,1.3475658306241368e-13,1.0,1.0,1.0,1.0,1.0,1.0,293.15,1.0,DRESS,0.5071489906741572,293.15,0.0,0.0
healthy_25pct_400ms_sag,NO_CONNECTION,81,0.8,0.81,False,1.0,1.0,GRID,3600000.0,1.0,False,188.49999919256982,0.00020000001911914123,199999.95833495632,0.0,299999.9602558091,0.0001,293.15,5.741804552433417e-13,1.0,1.0,1.0,1.0,1.0,1.0,293.15,1.0,DRESS,0.5072377024364362,293.15,0.0,0.0
healthy_25pct_400ms_sag,NO_CONNECTION,82,0.81,0.8200000000000001,False,1.0,1.0,GRID,3600000.0,1.0,False,188.49999923294132,0.00020000001824438388,199999.9602558091,-2.9103830456733704e-11,299999.9621184543,0.0001,293.15,-6.774625673812506e-14,1.0,1.0,1.0,1.0,1.0,1.0,293.15,1.0,DRESS,0.5073263982131142,293.15,0.0,0.0
healthy_25pct_400ms_sag,NO_CONNECTION,83,0.8200000000000001,0.8300000000000001,False,1.0,1.0,GRID,3600000.0,1.0,False,188.49999927129426,0.00020000001739444692,199999.96211845425,-2.9103830456733704e-11,299999.9638646841,0.0001,293.15,5.375083163934257e-13,1.0,1.0,1.0,1.0,1.0,1.0,293.15,1.0,DRESS,0.5074150780070752,293.15,0.0,0.0
healthy_25pct_400ms_sag,NO_CONNECTION,84,0.8300000000000001,0.84,False,1.0,1.0,GRID,3600000.0,1.0,False,188.49999930772955,0.00020000001659864833,199999.96386468413,2.9103830456733704e-11,299999.9655527063,0.0001,293.15,6.185185447583435e-14,1.0,1.0,1.0,1.0,1.0,1.0,293.15,1.0,DRESS,0.5075037418212023,293.15,0.0,0.0
healthy_25pct_400ms_sag,NO_CONNECTION,85,0.84,0.85,False,1.0,1.0,GRID,3600000.0,1.0,False,188.49999934234307,0.00020000001582808776,199999.9655527063,2.9103830456733704e-11,299999.9671243131,0.0001,293.15,8.337943123480955e-13,1.0,1.0,1.0,1.0,1.0,1.0,293.15,1.0,DRESS,0.5075923896583782,293.15,0.0,0.0
healthy_25pct_400ms_sag,NO_CONNECTION,86,0.85,0.86,False,1.0,1.0,GRID,3600000.0,1.0,False,188.4999993752259,0.0002000000151120623,199999.96712431317,5.820766091346741e-11,299999.9686377123,0.0001,293.15,5.252224718511878e-13,1.0,1.0,1.0,1.0,1.0,1.0,293.15,1.0,DRESS,0.507681021521485,293.15,0.0,0.0
healthy_25pct_400ms_sag,NO_CONNECTION,87,0.86,0.87,False,1.0,1.0,GRID,3600000.0,1.0,False,188.4999994064646,0.0002000000144216518,199999.96863771227,-2.9103830456733704e-11,299999.9701511115,0.0001,293.15,-9.218876329637412e-13,1.0,1.0,1.0,1.0,1.0,1.0,293.15,1.0,DRESS,0.5077696374134045,293.15,0.0,0.0
healthy_25pct_400ms_sag,NO_CONNECTION,88,0.87,0.88,False,1.0,1.0,GRID,3600000.0,1.0,False,188.49999943614137,0.00020000001372792682,199999.97015111148,0.0,299999.97154809535,0.0001,293.15,1.4201895410547473e-14,1.0,1.0,1.0,1.0,1.0,1.0,293.15,1.0,DRESS,0.5078582373370178,293.15,0.0,0.0
healthy_25pct_400ms_sag,NO_CONNECTION,89,0.88,0.89,False,1.0,1.0,GRID,3600000.0,1.0,False,188.4999994643343,0.00020000001308926078,199999.97154809535,0.0,299999.97288687155,0.0001,293.15,-1.2969901519964527e-13,1.0,1.0,1.0,1.0,1.0,1.0,293.15,1.0,DRESS,0.5079468212952056,293.15,0.0,0.0
healthy_25pct_400ms_sag,NO_CONNECTION,90,0.89,0.9,False,1.0,1.0,GRID,3600000.0,1.0,False,188.4999994911176,0.00020000001247670729,199999.97288687155,0.0,299999.9741092324,0.0001,293.15,9.748734843472934e-13,1.0,1.0,1.0,1.0,1.0,1.0,293.15,1.0,DRESS,0.508035389290848,293.15,0.0,0.0
healthy_25pct_400ms_sag,NO_CONNECTION,91,0.9,0.91,False,1.0,1.0,GRID,3600000.0,1.0,False,188.4999995165617,0.0002000000119195197,199999.9741092324,-2.9103830456733704e-11,299999.97527338564,0.0001,293.15,9.99762496097302e-13,1.0,1.0,1.0,1.0,1.0,1.0,293.15,1.0,DRESS,0.5081239413268245,293.15,0.0,0.0
healthy_25pct_400ms_sag,NO_CONNECTION,92,0.91,0.92,False,1.0,1.0,GRID,3600000.0,1.0,False,188.49999954073363,0.0002000000113887363,199999.97527338567,2.9103830456733704e-11,299999.97643753886,0.0001,293.15,-1.1309751149924653e-13,1.0,1.0,1.0,1.0,1.0,1.0,293.15,1.0,DRESS,0.5082124774060142,293.15,0.0,0.0
healthy_25pct_400ms_sag,NO_CONNECTION,93,0.92,0.93,False,1.0,1.0,GRID,3600000.0,1.0,False,188.49999956369695,0.00020000001085538824,199999.97643753886,0.0,299999.9775434844,0.0001,293.15,-3.526511873318287e-14,1.0,1.0,1.0,1.0,1.0,1.0,293.15,1.0,DRESS,0.5083009975312957,293.15,0.0,0.0
healthy_25pct_400ms_sag,NO_CONNECTION,94,0.93,0.9400000000000001,False,1.0,1.0,GRID,3600000.0,1.0,False,188.49999958551209,0.00020000001034870758,199999.9775434844,-2.9103830456733704e-11,299999.9785912223,0.0001,293.15,9.833848470773643e-14,1.0,1.0,1.0,1.0,1.0,1.0,293.15,1.0,DRESS,0.5083895017055469,293.15,0.0,0.0
healthy_25pct_400ms_sag,NO_CONNECTION,95,0.9400000000000001,0.9500000000000001,False,1.0,1.0,GRID,3600000.0,1.0,False,188.49999960623649,0.00020000000986881614,199999.97859122232,0.0,299999.97958075255,0.0001,293.15,2.8783514959516834e-13,1.0,1.0,1.0,1.0,1.0,1.0,293.15,1.0,DRESS,0.5084779899316454,293.15,0.0,0.0
healthy_25pct_400ms_sag,NO_CONNECTION,96,0.9500000000000001,0.96,False,1.0,1.0,GRID,3600000.0,1.0,False,188.49999962592466,0.00020000000941582967,199999.97958075258,2.9103830456733704e-11,299999.9805120751,0.0001,293.15,5.333406145110322e-13,1.0,1.0,1.0,1.0,1.0,1.0,293.15,1.0,DRESS,0.5085664622124683,293.15,0.0,0.0
healthy_25pct_400ms_sag,NO_CONNECTION,97,0.96,0.97,False,1.0,1.0,GRID,3600000.0,1.0,False,188.49999964462842,0.00020000000898985808,199999.9805120751,-2.9103830456733704e-11,299999.9814433977,0.0001,293.15,-3.5829227659853924e-13,1.0,1.0,1.0,1.0,1.0,1.0,293.15,1.0,DRESS,0.5086549185508918,293.15,0.0,0.0
healthy_25pct_400ms_sag,NO_CONNECTION,98,0.97,0.98,False,1.0,1.0,GRID,3600000.0,1.0,False,188.499999662397,0.00020000000856190198,199999.98144339767,-2.9103830456733704e-11,299999.9823165126,0.0001,293.15,-5.865259721047419e-14,1.0,1.0,1.0,1.0,1.0,1.0,293.15,1.0,DRESS,0.5087433589497922,293.15,0.0,0.0
healthy_25pct_400ms_sag,NO_CONNECTION,99,0.98,0.99,False,1.0,1.0,GRID,3600000.0,1.0,False,188.49999967927715,0.00020000000816116457,199999.9823165126,0.0,299999.9831896275,0.0001,293.15,-8.959474709444714e-13,1.0,1.0,1.0,1.0,1.0,1.0,293.15,1.0,DRESS,0.5088317834120446,293.15,0.0,0.0
healthy_25pct_400ms_sag,NO_CONNECTION,100,0.99,1.0,False,1.0,1.0,GRID,3600000.0,1.0,False,188.4999996953133,0.00020000000775863608,199999.98318962753,0.0,299999.9840045348,0.0001,293.15,-5.417763660657911e-13,1.0,1.0,1.0,1.0,1.0,1.0,293.15,1.0,DRESS,0.5089201919405241,293.15,0.0,0.0
healthy_25pct_400ms_sag,NO_CONNECTION,101,1.0,1.01,True,0.75,0.96,TRANSFER,3599973.6842105263,1.0,False,188.49999971054763,0.00020000000738350994,199999.98400453478,0.0,299999.9847612344,0.0001,293.15,-1.3109909696457835e-13,1.0,1.0,1.0,1.0,1.0,1.0,293.15,1.0,DRESS,0.5090085845381049,293.15,0.0,0.0
healthy_25pct_400ms_sag,NO_CONNECTION,102,1.01,1.02,True,0.75,0.9279999999999999,TRANSFER,3599947.3684210526,1.0,False,188.49999972502025,0.00020000000703587127,199999.98476123434,-2.9103830456733704e-11,299999.98551793396,0.0001,293.15,-8.570875530567601e-13,1.0,1.0,1.0,1.0,1.0,1.0,293.15,1.0,DRESS,0.5090969612076611,293.15,0.0,0.0
healthy_25pct_400ms_sag,NO_CONNECTION,103,1.02,1.03,True,0.75,0.9024,TRANSFER,3599921.052631579,1.0,False,188.49999973876925,0.00020000000668669708,199999.98551793396,0.0,299999.9862164259,0.0001,293.15,-3.91354497636735e-13,1.0,1.0,1.0,1.0,1.0,1.0,293.15,1.0,DRESS,0.509185321952066,293.15,0.0,0.0
healthy_25pct_400ms_sag,NO_CONNECTION,104,1.03,1.04,True,0.75,0.88192,TRANSFER,3599894.736842105,0.9548000000000001,False,188.0739897518308,0.000199094980234418,199999.98621642592,2.9103830456733704e-11,299955.83925629035,0.0001,293.15,-1.9101619045708865e-13,1.0,1.0,1.0,1.0,1.0,1.0,293.15,1.0,DRESS,0.5092736667741924,293.15,0.0,0.0
healthy_25pct_400ms_sag,NO_CONNECTION,105,1.04,1.05,True,0.75,0.8655360000000001,TRANSFER,3599868.4210526315,0.9138400000000002,False,187.28323226423925,0.0001974319257666258,199955.83925629038,2.9103830456733704e-11,299831.64442237467,0.0001,293.15,2.337520766345128e-13,1.0,1.0,1.0,1.0,1.0,1.0,293.15,1.0,DRESS,0.5093619956769125,293.15,0.0,0.0
healthy_25pct_400ms_sag,NO_CONNECTION,106,1.05,1.06,True,0.75,0.8924288,BATTERY,3599842.1052631577,0.981072,False,187.16567425102727,0.00019724374643984813,199831.64442237464,-2.9103830456733704e-11,299701.2993087992,0.0001,293.15,-9.430423018108927e-13,1.0,1.0,1.0,1.0,1.0,1.0,293.15,1.0,DRESS,0.5094503086630984,293.15,0.0,0.0
healthy_25pct_400ms_sag,NO_CONNECTION,107,1.06,1.07,True,0.75,0.91394304,BATTERY,3599815.789473684,1.0,False,187.2323905384759,0.00019745228007011473,199701.29930879924,2.9103830456733704e-11,299584.30563565344,0.0001,293.15,7.152034244380838e-13,1.0,1.0,1.0,1.0,1.0,1.0,293.15,1.0,DRESS,0.509538605735621,293.15,0.0,0.0
healthy_25pct_400ms_sag,NO_CONNECTION,108,1.07,1.08,True,0.75,0.931154432,BATTERY,3599789.4736842103,1.0,False,187.2957710115521,0.00019764677244566738,199584.3056356534,-2.9103830456733704e-11,299479.6529179439,0.0001,293.15,3.4088624672386236e-13,1.0,1.0,1.0,1.0,1.0,1.0,293.15,1.0,DRESS,0.5096268868973514,293.15,0.0,0.0
healthy_25pct_400ms_sag,NO_CONNECTION,109,1.08,1.09,True,0.75,0.9449235456,BATTERY,3599763.1578947366,1.0,False,187.35598246097447,0.00019782812419917158,199479.6529179439,0.0,299386.39912288636,0.0001,293.15,5.388790944606248e-13,1.0,1.0,1.0,1.0,1.0,1.0,293.15,1.0,DRESS,0.5097151521511596,293.15,0.0,0.0
healthy_25pct_400ms_sag,NO_CONNECTION,110,1.09,1.1,True,0.75,0.95593883648,BATTERY,3599736.842105263,1.0,False,187.41318333792574,0.00019799717839048567,199386.39912288636,0.0,299303.66636253893,0.0001,293.15,4.16164715112444e-13,1.0,1.0,1.0,1.0,1.0,1.0,293.15,1.0,DRESS,0.5098034014999154,293.15,0.0,0.0
healthy_25pct_400ms_sag,NO_CONNECTION,111,1.1,1.11,True,0.75,0.964751069184,BATTERY,3599710.526315789,1.0,False,187.46752417102945,0.00019815472429016945,199303.66636253893,0.0,299230.63670285046,0.0001,293.15,-8.674863291234064e-13,1.0,1.0,1.0,1.0,1.0,1.0,293.15,1.0,DRESS,0.509891634946488,293.15,0.0,0.0
healthy_25pct_400ms_sag,NO_CONNECTION,112,1.11,1.12,True,0.75,0.9718008553472,BATTERY,3599684.2105263155,1.0,False,187.51914796247797,0.00019830150096443103,199230.63670285046,0.0,299166.54808912426,0.0001,293.15,-8.056071369726039e-13,1.0,1.0,1.0,1.0,1.0,1.0,293.15,1.0,DRESS,0.5099798524937462,293.15,0.0,0.0
healthy_25pct_400ms_sag,NO_CONNECTION,113,1.12,1.1300000000000001,True,0.75,0.97744068427776,BATTERY,3599657.894736842,1.0,False,187.56819056435407,0.00019843820067587075,199166.54808912426,0.0,299110.6908535585,0.0001,293.15,-3.959286232405718e-14,1.0,1.0,1.0,1.0,1.0,1.0,293.15,1.0,DRESS,0.510068054144558,293.15,0.0,0.0
healthy_25pct_400ms_sag,NO_CONNECTION,114,1.1300000000000001,1.1400000000000001,True,0.75,0.9819525474222079,BATTERY,3599631.578947368,1.0,False,187.61478103613638,0.00019856547187824397,199110.69085355848,0.0,299062.40433920175,0.0001,293.15,-4.2222692949242654e-15,1.0,1.0,1.0,1.0,1.0,1.0,293.15,1.0,DRESS,0.5101562399017912,293.15,0.0,0.0
healthy_25pct_400ms_sag,NO_CONNECTION,115,1.1400000000000001,1.1500000000000001,True,0.75,0.9855620379377663,BATTERY,3599605.2631578944,1.0,False,187.65904198432955,0.00019868392205189944,199062.40433920172,-2.9103830456733704e-11,299021.0736403242,0.0001,293.15,-7.907111851748828e-13,1.0,1.0,1.0,1.0,1.0,1.0,293.15,1.0,DRESS,0.5102444097683128,293.15,0.0,0.0
healthy_25pct_400ms_sag,NO_CONNECTION,116,1.1500000000000001,1.16,True,0.75,0.988449630350213,BATTERY,3599578.9473684207,1.0,False,187.70108988511308,0.00019879412038973341,199021.07364032418,0.0,298986.12645920366,0.0001,293.15,7.825418774475086e-13,1.0,1.0,1.0,1.0,1.0,1.0,293.15,1.0,DRESS,0.5103325637469894,293.15,0.0,0.0
healthy_25pct_400ms_sag,NO_CONNECTION,117,1.16,1.17,True,0.75,0.9907597042801705,BATTERY,3599552.631578947,1.0,False,187.74103539085743,0.00019889660034242516,198986.12645920366,0.0,298957.03066140413,0.0001,293.15,9.677136484593642e-13,1.0,1.0,1.0,1.0,1.0,1.0,293.15,1.0,DRESS,0.5104207018406873,293.15,0.0,0.0
healthy_25pct_400ms_sag,NO_CONNECTION,118,1.17,1.18,True,0.75,0.9926077634241364,BATTERY,3599526.3157894732,1.0,False,187.77898362131455,0.00019899186173826097,198957.03066140413,0.0,298933.2914818078,0.0001,293.15,-4.1071685547611043e-13,1.0,1.0,1.0,1.0,1.0,1.0,293.15,1.0,DRESS,0.5105088240522719,293.15,0.0,0.0
healthy_25pct_400ms_sag,NO_CONNECTION,119,1.18,1.19,True,0.75,0.9940862107393091,BATTERY,3599499.9999999995,1.0,False,187.81503444024884,0.0001990803730117268,198933.29148180783,0.0,298914.44890527055,0.0001,293.15,8.983715411307918e-14,1.0,1.0,1.0,1.0,1.0,1.0,293.15,1.0,DRESS,0.5105969303846083,293.15,0.0,0.0
healthy_25pct_400ms_sag,NO_CONNECTION,120,1.19,1.2,True,0.75,0.9952689685914473,BATTERY,3599473.684210526,1.0,False,187.8492827182364,0.00019916257328319738,198914.44890527058,2.9103830456733704e-11,298900.0756293535,0.0001,293.15,9.868610854653658e-13,1.0,1.0,1.0,1.0,1.0,1.0,293.15,1.0,DRESS,0.510685020840561,293.15,0.0,0.0
healthy_25pct_400ms_sag,NO_CONNECTION,121,1.2,1.21,True,0.75,0.9962151748731578,BATTERY,3599447.368421052,1.0,False,187.88181858232457,0.0001992388740908618,198900.07562935352,0.0,298889.77496884763,0.0001,293.15,-1.834442038260826e-13,1.0,1.0,1.0,1.0,1.0,1.0,293.15,1.0,DRESS,0.5107730954229941,293.15,0.0,0.0
healthy_25pct_400ms_sag,NO_CONNECTION,122,1.21,1.22,True,0.75,0.9969721398985263,BATTERY,3599421.0526315784,1.0,False,187.91272765320835,0.00019930966110168395,198889.77496884766,2.9103830456733704e-11,298883.17852746695,0.0001,293.15,6.655640518956647e-13,1.0,1.0,1.0,1.0,1.0,1.0,293.15,1.0,DRESS,0.5108611541347712,293.15,0.0,0.0
healthy_25pct_400ms_sag,NO_CONNECTION,123,1.22,1.23,True,0.75,0.997577711918821,BATTERY,3599394.7368421047,1.0,False,187.94209127054793,0.0001993752958931082,198883.17852746695,0.0,298879.94474265724,0.0001,293.15,-7.820262514745281e-13,1.0,1.0,1.0,1.0,1.0,1.0,293.15,1.0,DRESS,0.5109491969787551,293.15,0.0,0.0
healthy_25pct_400ms_sag,NO_CONNECTION,124,1.23,1.24,True,0.75,0.9980621695350569,BATTERY,3599368.421052631,1.0,False,187.96998670702052,0.0001994361172545408,198879.94474265727,2.9103830456733704e-11,298879.7567319125,0.0001,293.15,-8.965204257143692e-13,1.0,1.0,1.0,1.0,1.0,1.0,293.15,1.0,DRESS,0.5110372239578084,293.15,0.0,0.0
healthy_25pct_400ms_sag,NO_CONNECTION,125,1.24,1.25,True,0.75,0.9984497356280455,BATTERY,3599342.1052631573,1.0,False,187.9964873716695,0.00019949244280078807,198879.7567319125,0.0,298882.32089579105,0.0001,293.15,-9.246786664249955e-13,1.0,1.0,1.0,1.0,1.0,1.0,293.15,1.0,DRESS,0.511125235074793,293.15,0.0,0.0
healthy_25pct_400ms_sag,NO_CONNECTION,126,1.25,1.26,True,0.75,0.9987597885024364,BATTERY,3599315.7894736836,1.0,False,188.02166300308602,0.0001995445701705432,198882.320895791,-5.820766091346741e-11,298887.36528810114,0.0001,293.15,-3.1970903572165125e-13,1.0,1.0,1.0,1.0,1.0,1.0,293.15,1.0,DRESS,0.5112132303325704,293.15,0.0,0.0
healthy_25pct_400ms_sag,NO_CONNECTION,127,1.26,1.27,True,0.75,0.9990078308019491,BATTERY,3599289.47368421,1.0,False,188.04557985293172,0.00019959277830920887,198887.3652881011,-2.9103830456733704e-11,298894.63821891695,0.0001,293.15,5.834340692837866e-13,1.0,1.0,1.0,1.0,1.0,1.0,293.15,1.0,DRESS,0.5113012097340014,293.15,0.0,0.0
healthy_25pct_400ms_sag,NO_CONNECTION,128,1.27,1.28,True,0.75,0.9992062646415593,BATTERY,3599263.157894736,1.0,False,188.06830086028515,0.00019963732860507716,198894.63821891695,0.0,298903.90697401017,0.0001,293.15,1.620773663535947e-14,1.0,1.0,1.0,1.0,1.0,1.0,293.15,1.0,DRESS,0.5113891732819466,293.15,0.0,0.0
healthy_25pct_400ms_sag,NO_CONNECTION,129,1.28,1.29,True,0.75,0.9993650117132474,BATTERY,3599236.8421052624,1.0,False,188.0898858172709,0.00019967846593962752,198903.90697401014,-2.9103830456733704e-11,298914.9563596584,0.0001,293.15,4.683390394461789e-14,1.0,1.0,1.0,1.0,1.0,1.0,293.15,1.0,DRESS,0.5114771209792657,293.15,0.0,0.0
healthy_25pct_400ms_sag,NO_CONNECTION,130,1.29,1.3,True,0.75,0.9994920093705979,BATTERY,3599210.5263157887,1.0,False,188.11039152640734,0.00019971641979979327,198914.95635965842,2.9103830456733704e-11,298927.58765490726,0.0001,293.15,6.736231202172477e-14,1.0,1.0,1.0,1.0,1.0,1.0,293.15,1.0,DRESS,0.5115650528288181,293.15,0.0,0.0
healthy_25pct_400ms_sag,NO_CONNECTION,131,1.3,1.31,True,0.75,0.9995936074964783,BATTERY,3599184.210526315,1.0,False,188.12987195008697,0.00019975140516254841,198927.5876549073,2.9103830456733704e-11,298941.6175056249,0.0001,293.15,-6.046167190977869e-13,1.0,1.0,1.0,1.0,1.0,1.0,293.15,1.0,DRESS,0.5116529688334629,293.15,0.0,0.0
healthy_25pct_400ms_sag,NO_CONNECTION,132,1.31,1.32,True,0.75,0.9996748859971827,BATTERY,3599157.8947368413,1.0,False,188.14837835258263,0.00019978362338685254,198941.61750562492,2.9103830456733704e-11,298956.8767603487,0.0001,293.15,-8.779755134507311e-14,1.0,1.0,1.0,1.0,1.0,1.0,293.15,1.0,DRESS,0.5117408689960582,293.15,0.0,0.0
healthy_25pct_400ms_sag,NO_CONNECTION,133,1.32,1.33,True,0.75,0.9997399087977461,BATTERY,3599131.5789473676,1.0,False,188.1659594349535,0.0001998132631144509,198956.87676034862,-5.820766091346741e-11,298973.2097135857,0.0001,293.15,-8.07081888302316e-13,1.0,1.0,1.0,1.0,1.0,1.0,293.15,1.0,DRESS,0.5118287533194619,293.15,0.0,0.0
healthy_25pct_400ms_sag,NO_CONNECTION,134,1.33,1.34,True,0.75,0.9997919270381969,BATTERY,3599105.263157894,1.0,False,188.18266146320582,0.0001998405009478961,198973.20971358567,0.0,298990.4729416594,0.0001,293.15,-8.440792554875563e-14,1.0,1.0,1.0,1.0,1.0,1.0,293.15,1.0,DRESS,0.5119166218065313,293.15,0.0,0.0
healthy_25pct_400ms_sag,NO_CONNECTION,135,1.34,1.35,True,0.75,0.9998335416305575,BATTERY,3599078.94736842,1.0,False,188.19852839004554,0.00019986550231500174,198990.4729416594,0.0,299008.5346624255,0.0001,293.15,5.684664278996625e-13,1.0,1.0,1.0,1.0,1.0,1.0,293.15,1.0,DRESS,0.5120044744601232,293.15,0.0,0.0
healthy_25pct_400ms_sag,NO_CONNECTION,136,1.35,1.36,True,0.75,0.999866833304446,BATTERY,3599052.6315789465,1.0,False,188.21360197054327,0.0001998884220547987,199008.53466242552,0.0,299027.2739203647,0.0001,293.15,-6.416683808831879e-14,1.0,1.0,1.0,1.0,1.0,1.0,293.15,1.0,DRESS,0.512092311283094,293.15,0.0,0.0
healthy_25pct_400ms_sag,NO_CONNECTION,137,1.36,1.37,True,0.75,0.9998934666435568,BATTERY,3599026.315789473,1.0,False,188.2279218720161,0.00019990940507570078,199027.27392036465,-2.9103830456733704e-11,299046.57965525985,0.0001,293.15,5.501674500855797e-13,1.0,1.0,1.0,1.0,1.0,1.0,293.15,1.0,DRESS,0.5121801322782992,293.15,0.0,0.0
healthy_25pct_400ms_sag,NO_CONNECTION,138,1.37,1.3800000000000001,True,0.75,0.9999147733148455,BATTERY,3598999.999999999,1.0,False,188.2415257784153,0.00019992858705767844,199046.57965525982,-2.9103830456733704e-11,299066.3502365351,0.0001,293.15,3.139064052159713e-13,1.0,1.0,1.0,1.0,1.0,1.0,293.15,1.0,DRESS,0.5122679374485942,293.15,0.0,0.0
healthy_25pct_400ms_sag,NO_CONNECTION,139,1.3800000000000001,1.3900000000000001,True,0.75,0.9999318186518764,BATTERY,3598973.6842105254,1.0,False,188.25444948949453,0.00019994609490820553,199066.35023653507,0.0,299086.4926483482,0.0001,293.15,3.47768628124776e-13,1.0,1.0,1.0,1.0,1.0,1.0,293.15,1.0,DRESS,0.5123557267968338,293.15,0.0,0.0
healthy_25pct_400ms_sag,NO_CONNECTION,140,1.3900000000000001,1.4000000000000001,True,0.75,0.9999454549215011,BATTERY,3598947.3684210517,1.0,False,188.2667270150198,0.00019996204738049832,199086.4926483482,0.0,299106.921965722,0.0001,293.15,5.016166843663811e-14,1.0,1.0,1.0,1.0,1.0,1.0,293.15,1.0,DRESS,0.5124435003258722,293.15,0.0,0.0
healthy_25pct_400ms_sag,NO_CONNECTION,141,1.4000000000000001,1.41,False,1.0,0.9999563639372009,RECOVERY,3598952.3684210517,1.0,False,188.2783906642688,0.00019997655553453597,199106.921965722,0.0,299127.56071425974,0.0001,293.15,2.0665111169156542e-13,1.0,1.0,1.0,1.0,1.0,1.0,293.15,1.0,DRESS,0.5125312580385629,293.15,0.0,0.0
healthy_25pct_400ms_sag,NO_CONNECTION,142,1.41,1.42,False,1.0,0.9999650911497607,RECOVERY,3598957.3684210517,1.0,False,188.28947113105536,0.00019998972324539893,199127.56071425977,2.9103830456733704e-11,299148.3384044841,0.0001,293.15,2.3866989169275615e-13,1.0,1.0,1.0,1.0,1.0,1.0,293.15,1.0,DRESS,0.5126189999377593,293.15,0.0,0.0
healthy_25pct_400ms_sag,NO_CONNECTION,143,1.42,1.43,False,1.0,0.9999720729198086,RECOVERY,3598962.3684210517,1.0,False,188.29999757450258,0.00020000164761404157,199148.3384044841,0.0,299169.19100796804,0.0001,293.15,4.0378651454032766e-14,1.0,1.0,1.0,1.0,1.0,1.0,293.15,1.0,DRESS,0.512706726026314,293.15,0.0,0.0
healthy_25pct_400ms_sag,NO_CONNECTION,144,1.43,1.44,False,1.0,0.9999776583358468,RECOVERY,3598967.3684210517,1.0,False,188.30999769577744,0.00020001241939755974,199169.19100796804,0.0,299190.06049167365,0.0001,293.15,-5.223892905598737e-13,1.0,1.0,1.0,1.0,1.0,1.0,293.15,1.0,DRESS,0.5127944363070791,293.15,0.0,0.0
healthy_25pct_400ms_sag,NO_CONNECTION,145,1.44,1.45,False,1.0,0.9999821266686775,RECOVERY,3598972.3684210517,1.0,False,188.31949781098857,0.0002000221234013116,199190.06049167365,0.0,299210.8942940831,0.0001,293.15,2.060806462247762e-13,1.0,1.0,1.0,1.0,1.0,1.0,293.15,1.0,DRESS,0.5128821307829063,293.15,0.0,0.0
healthy_25pct_400ms_sag,NO_CONNECTION,146,1.45,1.46,False,1.0,0.999985701334942,RECOVERY,3598977.3684210517,1.0,False,188.32852292043913,0.0002000308388916315,199210.89429408312,0.0,299231.6450923681,0.0001,293.15,3.797472817929751e-13,1.0,1.0,1.0,1.0,1.0,1.0,293.15,1.0,DRESS,0.5129698094566467,293.15,0.0,0.0
healthy_25pct_400ms_sag,NO_CONNECTION,147,1.46,1.47,False,1.0,0.9999885610679536,RECOVERY,3598982.3684210517,1.0,False,188.33709677441718,0.0002000386398550346,199231.6450923681,-2.9103830456733704e-11,299252.2702785209,0.0001,293.15,9.927190368442664e-13,1.0,1.0,1.0,1.0,1.0,1.0,293.15,1.0,DRESS,0.513057472331151,293.15,0.0,0.0
healthy_25pct_400ms_sag,NO_CONNECTION,148,1.47,1.48,False,1.0,0.999990848854363,RECOVERY,3598987.3684210517,1.0,False,188.34524193569632,0.00020004559539538484,199252.2702785209,2.9103830456733704e-11,299272.73178473115,0.0001,293.15,-6.211860984616798e-13,1.0,1.0,1.0,1.0,1.0,1.0,293.15,1.0,DRESS,0.5131451194092691,293.15,0.0,0.0
healthy_25pct_400ms_sag,NO_CONNECTION,149,1.48,1.49,False,1.0,0.9999926790834903,RECOVERY,3598992.3684210517,1.0,False,188.3529798389115,0.00020005176994935753,199272.73178473115,0.0,299292.9953848943,0.0001,293.15,2.536471341953373e-13,1.0,1.0,1.0,1.0,1.0,1.0,293.15,1.0,DRESS,0.5132327506938508,293.15,0.0,0.0
healthy_25pct_400ms_sag,NO_CONNECTION,150,1.49,1.5,False,1.0,0.9999941432667923,RECOVERY,3598997.3684210517,1.0,False,188.36033084696592,0.00020005722375707053,199292.99538489434,2.9103830456733704e-11,299313.0308110267,0.0001,293.15,-1.7109044378085437e-13,1.0,1.0,1.0,1.0,1.0,1.0,293.15,1.0,DRESS,0.513320366187745,293.15,0.0,0.0
healthy_25pct_400ms_sag,NO_CONNECTION,151,1.5,1.51,False,1.0,0.9999953146134338,RECOVERY,3599002.3684210517,1.0,False,188.36731430461762,0.00020006201291902786,199313.03081102672,2.9103830456733704e-11,299332.81117118895,0.0001,293.15,1.3018821749226164e-13,1.0,1.0,1.0,1.0,1.0,1.0,293.15,1.0,DRESS,0.5134079658938003,293.15,0.0,0.0
healthy_25pct_400ms_sag,NO_CONNECTION,152,1.51,1.52,False,1.0,0.999996251690747,RECOVERY,3599007.3684210517,1.0,False,188.37394858938674,0.00020006618979624872,199332.81117118895,0.0,299352.31283307076,0.0001,293.15,1.4207725272569034e-13,1.0,1.0,1.0,1.0,1.0,1.0,293.15,1.0,DRESS,0.5134955498148648,293.15,0.0,0.0
healthy_25pct_400ms_sag,NO_CONNECTION,153,1.52,1.53,False,1.0,0.9999970013525976,RECOVERY,3599012.3684210517,1.0,False,188.3802511599174,0.00020006980317197978,199352.31283307078,2.9103830456733704e-11,299371.5150747448,0.0001,293.15,8.011260567606461e-13,1.0,1.0,1.0,1.0,1.0,1.0,293.15,1.0,DRESS,0.513583117953786,293.15,0.0,0.0
healthy_25pct_400ms_sag,NO_CONNECTION,154,1.53,1.54,False,1.0,0.9999976010820781,RECOVERY,3599017.3684210517,1.0,False,188.38623860192155,0.00020007289852445233,199371.5150747448,-2.9103830456733704e-11,299390.3999682516,0.0001,293.15,6.701912272651039e-13,1.0,1.0,1.0,1.0,1.0,1.0,293.15,1.0,DRESS,0.5136706703134108,293.15,0.0,0.0
healthy_25pct_400ms_sag,NO_CONNECTION,155,1.54,1.55,False,1.0,0.9999980808656626,RECOVERY,3599022.3684210517,1.0,False,188.39192667182547,0.00020007551817821577,199390.3999682516,0.0,299408.95203035325,0.0001,293.15,9.210059033489158e-13,1.0,1.0,1.0,1.0,1.0,1.0,293.15,1.0,DRESS,0.5137582068965859,293.15,0.0,0.0
healthy_25pct_400ms_sag,NO_CONNECTION,156,1.55,1.56,False,1.0,0.9999984646925301,RECOVERY,3599027.3684210517,1.0,False,188.3973303382342,0.00020007770156707253,199408.95203035325,0.0,299427.15810611844,0.0001,293.15,9.987094598350737e-13,1.0,1.0,1.0,1.0,1.0,1.0,293.15,1.0,DRESS,0.5138457277061571,293.15,0.0,0.0
healthy_25pct_400ms_sag,NO_CONNECTION,157,1.56,1.57,False,1.0,0.9999987717540241,RECOVERY,3599032.3684210517,1.0,False,188.4024638213225,0.0002000794853761204,199427.15810611844,0.0,299445.00719429925,0.0001,293.15,1.5354574134182364e-14,1.0,1.0,1.0,1.0,1.0,1.0,293.15,1.0,DRESS,0.5139332327449699,293.15,0.0,0.0
healthy_25pct_400ms_sag,NO_CONNECTION,158,1.57,1.58,False,1.0,0.9999990174032193,RECOVERY,3599037.3684210517,1.0,False,188.40734063025639,0.00020008090370861412,199445.00719429928,2.9103830456733704e-11,299462.4901562929,0.0001,293.15,-6.094056276528589e-13,1.0,1.0,1.0,1.0,1.0,1.0,293.15,1.0,DRESS,0.5140207220158693,293.15,0.0,0.0
healthy_25pct_400ms_sag,NO_CONNECTION,159,1.58,1.59,False,1.0,0.9999992139225754,RECOVERY,3599042.3684210517,1.0,False,188.41197359874357,0.0002000819883069598,199462.49015629292,0.0,299479.5995997265,0.0001,293.15,-3.615751085168654e-13,1.0,1.0,1.0,1.0,1.0,1.0,293.15,1.0,DRESS,0.5141081955216997,293.15,0.0,0.0
healthy_25pct_400ms_sag,NO_CONNECTION,160,1.59,1.6,False,1.0,0.9999993711380604,RECOVERY,3599047.3684210517,1.0,False,188.41637491880638,0.00020008276868259685,199479.59959972653,2.9103830456733704e-11,299496.32976204157,0.0001,293.15,5.552746407997032e-13,1.0,1.0,1.0,1.0,1.0,1.0,293.15,1.0,DRESS,0.514195653265305,293.15,0.0,0.0
healthy_25pct_400ms_sag,NO_CONNECTION,161,1.6,1.61,False,1.0,0.9999994969104483,RECOVERY,3599052.3684210517,1.0,False,188.42055617286607,0.0002000832722422468,199496.32976204157,0.0,299512.67645228654,0.0001,293.15,2.1120407016651517e-13,1.0,1.0,1.0,1.0,1.0,1.0,293.15,1.0,DRESS,0.5142830952495288,293.15,0.0,0.0
healthy_25pct_400ms_sag,NO_CONNECTION,162,1.61,1.62,False,1.0,0.9999995975283587,RECOVERY,3599057.3684210517,1.0,False,188.42452836422277,0.00020008352438162532,199512.67645228654,0.0,299528.63676007837,0.0001,293.15,-1.5425045030756612e-13,1.0,1.0,1.0,1.0,1.0,1.0,293.15,1.0,DRESS,0.5143705214772137,293.15,0.0,0.0
healthy_25pct_400ms_sag,NO_CONNECTION,163,1.62,1.6300000000000001,False,1.0,0.999999678022687,RECOVERY,3599062.3684210517,1.0,False,188.42830194601163,0.00020008354869225698,199528.63676007834,-2.9103830456733704e-11,299544.2089391872,0.0001,293.15,6.404862024626331e-13,1.0,1.0,1.0,1.0,1.0,1.0,293.15,1.0,DRESS,0.5144579319512024,293.15,0.0,0.0
healthy_25pct_400ms_sag,NO_CONNECTION,164,1.6300000000000001,1.6400000000000001,False,1.0,0.9999997424181496,RECOVERY,3599067.3684210517,1.0,False,188.43188684871106,0.0002000833670779176,199544.2089391872,-2.9103830456733704e-11,299559.3925239518,0.0001,293.15,-8.793503013401401e-13,1.0,1.0,1.0,1.0,1.0,1.0,293.15,1.0,DRESS,0.5145453266743365,293.15,0.0,0.0
healthy_25pct_400ms_sag,NO_CONNECTION,165,1.6400000000000001,1.6500000000000001,False,1.0,0.9999997939345197,RECOVERY,3599072.3684210517,1.0,False,188.43529250627552,0.00020008299975177518,199559.39252395183,0.0,299574.18786361814,0.0001,293.15,-9.733600297486446e-13,1.0,1.0,1.0,1.0,1.0,1.0,293.15,1.0,DRESS,0.5146327056494574,293.15,0.0,0.0
healthy_25pct_400ms_sag,NO_CONNECTION,166,1.6500000000000001,1.6600000000000001,False,1.0,0.9999998351476157,GRID,3599077.3684210517,1.0,False,188.43852788096174,0.00020008246552166218,199574.1878636181,-2.9103830456733704e-11,299588.5962387547,0.0001,293.15,-1.0044625289474672e-13,1.0,1.0,1.0,1.0,1.0,1.0,293.15,1.0,DRESS,0.514720068879406,293.15,0.0,0.0
healthy_25pct_400ms_sag,NO_CONNECTION,167,1.6600000000000001,1.67,False,1.0,0.9999998681180926,GRID,3599082.3684210517,1.0,False,188.44160148691367,0.00020008178178179006,199588.5962387547,0.0,299602.6198612526,0.0001,293.15,-5.987945746073634e-13,1.0,1.0,1.0,1.0,1.0,1.0,293.15,1.0,DRESS,0.5148074163670228,293.15,0.0,0.0
healthy_25pct_400ms_sag,NO_CONNECTION,168,1.67,1.68,False,1.0,0.9999998944944741,GRID,3599087.3684210517,1.0,False,188.44452141256798,0.0002000809645601396,199602.6198612526,0.0,299616.2615250796,0.0001,293.15,5.210597573114959e-13,1.0,1.0,1.0,1.0,1.0,1.0,293.15,1.0,DRESS,0.5148947481151473,293.15,0.0,0.0
healthy_25pct_400ms_sag,NO_CONNECTION,169,1.68,1.69,False,1.0,0.9999999155955793,GRID,3599092.3684210517,1.0,False,188.4472953419396,0.00020008002873802424,199616.26152507964,2.9103830456733704e-11,299629.5248391107,0.0001,293.15,3.7847613510798674e-14,1.0,1.0,1.0,1.0,1.0,1.0,293.15,1.0,DRESS,0.5149820641266191,293.15,0.0,0.0
healthy_25pct_400ms_sag,NO_CONNECTION,170,1.69,1.7,False,1.0,0.9999999324764635,GRID,3599097.3684210517,1.0,False,188.44993057484263,0.00020007898797647672,199629.5248391107,2.9103830456733704e-11,299642.41387788206,0.0001,293.15,2.6210786143769245e-13,1.0,1.0,1.0,1.0,1.0,1.0,293.15,1.0,DRESS,0.5150693644042768,293.15,0.0,0.0
healthy_25pct_400ms_sag,NO_CONNECTION,171,1.7,1.71,False,1.0,0.9999999459811708,GRID,3599102.3684210517,1.0,False,188.4524340461005,0.0002000778549314128,199642.41387788203,-2.9103830456733704e-11,299654.93329800665,0.0001,293.15,-1.2008233547884371e-13,1.0,1.0,1.0,1.0,1.0,1.0,293.15,1.0,DRESS,0.5151566489509587,293.15,0.0,0.0
healthy_25pct_400ms_sag,NO_CONNECTION,172,1.71,1.72,False,1.0,0.9999999567849367,GRID,3599107.3684210517,1.0,False,188.45481234379548,0.00020007664123402444,199654.93329800665,0.0,299667.08816355094,0.0001,293.15,-1.586368227598398e-13,1.0,1.0,1.0,1.0,1.0,1.0,293.15,1.0,DRESS,0.5152439177695026,293.15,0.0,0.0
healthy_25pct_400ms_sag,NO_CONNECTION,173,1.72,1.73,False,1.0,0.9999999654279493,GRID,3599112.3684210517,1.0,False,188.4570717266057,0.00020007535761470323,199667.0881635509,-2.9103830456733704e-11,299678.88394603506,0.0001,293.15,-7.996587333275462e-15,1.0,1.0,1.0,1.0,1.0,1.0,293.15,1.0,DRESS,0.5153311708627458,293.15,0.0,0.0
healthy_25pct_400ms_sag,NO_CONNECTION,174,1.73,1.74,False,1.0,0.9999999723423595,GRID,3599117.3684210517,1.0,False,188.45921814027542,0.00020007401393785286,199678.88394603506,0.0,299690.3264662251,0.0001,293.15,3.009396995987507e-13,1.0,1.0,1.0,1.0,1.0,1.0,293.15,1.0,DRESS,0.515418408233525,293.15,0.0,0.0
healthy_25pct_400ms_sag,NO_CONNECTION,175,1.74,1.75,False,1.0,0.9999999778738876,GRID,3599122.3684210517,1.0,False,188.46125723326165,0.00020007261926405307,199690.3264662251,0.0,299701.4218941331,0.0001,293.15,-2.4117354381672587e-13,1.0,1.0,1.0,1.0,1.0,1.0,293.15,1.0,DRESS,0.5155056298846764,293.15,0.0,0.0
healthy_25pct_400ms_sag,NO_CONNECTION,176,1.75,1.76,False,1.0,0.9999999822991101,GRID,3599127.3684210517,1.0,False,188.46319437159858,0.00020007118188147726,199701.4218941331,0.0,299712.1765743941,0.0001,293.15,-1.0940113301754115e-14,1.0,1.0,1.0,1.0,1.0,1.0,293.15,1.0,DRESS,0.5155928358190357,293.15,0.0,0.0
healthy_25pct_400ms_sag,NO_CONNECTION,177,1.76,1.77,False,1.0,0.9999999858392881,GRID,3599132.3684210517,1.0,False,188.46503465301865,0.00020006970942301945,199712.1765743941,0.0,299722.5971426815,0.0001,293.15,-5.140687555553302e-13,1.0,1.0,1.0,1.0,1.0,1.0,293.15,1.0,DRESS,0.5156800260394382,293.15,0.0,0.0
healthy_25pct_400ms_sag,NO_CONNECTION,178,1.77,1.78,False,1.0,0.9999999886714305,GRID,3599137.3684210517,1.0,False,188.4667829203677,0.00020006820883646401,199722.59714268142,-5.820766091346741e-11,299732.6903510839,0.0001,293.15,-5.071258354655966e-13,1.0,1.0,1.0,1.0,1.0,1.0,293.15,1.0,DRESS,0.5157672005487185,293.15,0.0,0.0
healthy_25pct_400ms_sag,NO_CONNECTION,179,1.78,1.79,False,1.0,0.9999999909371444,GRID,3599142.3684210517,1.0,False,188.4684437743493,0.00020006668649870634,199732.69035108387,0.0,299742.4630681053,0.0001,293.15,6.242255860368325e-13,1.0,1.0,1.0,1.0,1.0,1.0,293.15,1.0,DRESS,0.5158543593497109,293.15,0.0,0.0
healthy_25pct_400ms_sag,NO_CONNECTION,180,1.79,1.8,False,1.0,0.9999999927497155,GRID,3599147.3684210517,1.0,False,188.47002158563186,0.00020006514824134788,199742.46306810534,5.820766091346741e-11,299751.9223950803,0.0001,293.15,5.043067580129483e-13,1.0,1.0,1.0,1.0,1.0,1.0,293.15,1.0,DRESS,0.515941502445249,293.15,0.0,0.0
healthy_25pct_400ms_sag,NO_CONNECTION,181,1.8,1.81,False,1.0,0.9999999941997724,GRID,3599152.3684210517,1.0,False,188.47152050635026,0.00020006359931682398,199751.92239508033,0.0,299761.07543334365,0.0001,293.15,8.34885733678631e-13,1.0,1.0,1.0,1.0,1.0,1.0,293.15,1.0,DRESS,0.5160286298381659,293.15,0.0,0.0
healthy_25pct_400ms_sag,NO_CONNECTION,182,1.81,1.82,False,1.0,0.9999999953598179,GRID,3599157.3684210517,1.0,False,188.47294448103275,0.00020006204453788305,199761.07543334365,0.0,299769.9294006452,0.0001,293.15,4.915294896203153e-13,1.0,1.0,1.0,1.0,1.0,1.0,293.15,1.0,DRESS,0.5161157415312944,293.15,0.0,0.0
healthy_25pct_400ms_sag,NO_CONNECTION,183,1.82,1.83,False,1.0,0.9999999962878543,GRID,3599162.3684210517,1.0,False,188.47429725698112,0.00020006048824134748,199769.9294006452,0.0,299778.4915147349,0.0001,293.15,2.0218545912595065e-13,1.0,1.0,1.0,1.0,1.0,1.0,293.15,1.0,DRESS,0.5162028375274664,293.15,0.0,0.0
healthy_25pct_400ms_sag,NO_CONNECTION,184,1.83,1.84,False,1.0,0.9999999970302834,GRID,3599167.3684210517,1.0,False,188.47558239413206,0.00020005893436715686,199778.49151473492,0.0,299786.7689933628,0.0001,293.15,2.9791825853699527e-13,1.0,1.0,1.0,1.0,1.0,1.0,293.15,1.0,DRESS,0.5162899178295138,293.15,0.0,0.0
healthy_25pct_400ms_sag,NO_CONNECTION,185,1.84,1.85,False,1.0,0.9999999976242268,GRID,3599172.3684210517,1.0,False,188.47680327442546,0.00020005738647818175,199786.7689933628,2.9103830456733704e-11,299794.76905427873,0.0001,293.15,7.327234413724162e-13,1.0,1.0,1.0,1.0,1.0,1.0,293.15,1.0,DRESS,0.5163769824402675,293.15,0.0,0.0
healthy_25pct_400ms_sag,NO_CONNECTION,186,1.85,1.86,False,1.0,0.9999999980993814,GRID,3599177.3684210517,1.0,False,188.4779631107042,0.00020005584777904858,199794.76905427873,0.0,299802.4989734404,0.0001,293.15,-9.090456631907487e-14,1.0,1.0,1.0,1.0,1.0,1.0,293.15,1.0,DRESS,0.5164640313625583,293.15,0.0,0.0
healthy_25pct_400ms_sag,NO_CONNECTION,187,1.86,1.87,False,1.0,0.9999999984795052,GRID,3599182.3684210517,1.0,False,188.47906495516898,0.00020005432110492864,199802.49897344038,0.0,299809.96591039,0.0001,293.15,-5.892591850599099e-13,1.0,1.0,1.0,1.0,1.0,1.0,293.15,1.0,DRESS,0.5165510645992161,293.15,0.0,0.0
healthy_25pct_400ms_sag,NO_CONNECTION,188,1.87,1.8800000000000001,False,1.0,0.9999999987836041,GRID,3599187.3684210517,1.0,False,188.48011170741054,0.00020005280902581798,199809.96591039,-2.9103830456733704e-11,299817.1769082546,0.0001,293.15,6.143985835597186e-13,1.0,1.0,1.0,1.0,1.0,1.0,293.15,1.0,DRESS,0.5166380821530705,293.15,0.0,0.0
healthy_25pct_400ms_sag,NO_CONNECTION,189,1.8800000000000001,1.8900000000000001,False,1.0,0.9999999990268833,GRID,3599192.3684210517,1.0,False,188.48110612204002,0.00020005131386268386,199817.17690825465,2.9103830456733704e-11,299824.1391265765,0.0001,293.15,-6.704157629939269e-14,1.0,1.0,1.0,1.0,1.0,1.0,293.15,1.0,DRESS,0.5167250840269506,293.15,0.0,0.0
healthy_25pct_400ms_sag,NO_CONNECTION,190,1.8900000000000001,1.9000000000000001,False,1.0,0.9999999992215066,GRID,3599197.3684210517,1.0,False,188.482050815938,0.0002000498375864192,199824.1391265765,2.9103830456733704e-11,299830.8595502749,0.0001,293.15,-6.626867771914907e-13,1.0,1.0,1.0,1.0,1.0,1.0,293.15,1.0,DRESS,0.516812070223685,293.15,0.0,0.0
healthy_25pct_400ms_sag,NO_CONNECTION,191,1.9000000000000001,1.9100000000000001,False,1.0,0.9999999993772053,GRID,3599202.3684210517,1.0,False,188.4829482751411,0.0002000483819778974,199830.8595502749,0.0,299837.3450478539,0.0001,293.15,-4.976091207976384e-13,1.0,1.0,1.0,1.0,1.0,1.0,293.15,1.0,DRESS,0.5168990407461018,293.15,0.0,0.0
healthy_25pct_400ms_sag,NO_CONNECTION,192,1.9100000000000001,1.92,False,1.0,0.9999999995017642,GRID,3599207.3684210517,1.0,False,188.48380086138405,0.00020004694861272434,199837.34504785392,2.9103830456733704e-11,299843.6023714021,0.0001,293.15,9.560593419374874e-13,1.0,1.0,1.0,1.0,1.0,1.0,293.15,1.0,DRESS,0.5169859955970284,293.15,0.0,0.0
healthy_25pct_400ms_sag,NO_CONNECTION,193,1.92,1.93,False,1.0,0.9999999996014114,GRID,3599212.3684210517,1.0,False,188.48461081831485,0.00020004553887439483,199843.60237140208,0.0,299849.6383894235,0.0001,293.15,-6.807450133130081e-13,1.0,1.0,1.0,1.0,1.0,1.0,293.15,1.0,DRESS,0.517072934779292,293.15,0.0,0.0
healthy_25pct_400ms_sag,NO_CONNECTION,194,1.93,1.94,False,1.0,0.9999999996811291,GRID,3599217.3684210517,1.0,False,188.48538027739912,0.00020004415385040347,199849.6383894235,0.0,299855.4596211761,0.0001,293.15,-5.952372703938006e-13,1.0,1.0,1.0,1.0,1.0,1.0,293.15,1.0,DRESS,0.5171598582957189,293.15,0.0,0.0
healthy_25pct_400ms_sag,NO_CONNECTION,195,1.94,1.95,False,1.0,0.9999999997449033,GRID,3599222.3684210517,1.0,False,188.48611126352915,0.00020004279457689768,199855.45962117615,2.9103830456733704e-11,299861.07252771035,0.0001,293.15,1.8235801215849245e-13,1.0,1.0,1.0,1.0,1.0,1.0,293.15,1.0,DRESS,0.5172467661491351,293.15,0.0,0.0
healthy_25pct_400ms_sag,NO_CONNECTION,196,1.95,1.96,False,1.0,0.9999999997959226,GRID,3599227.3684210517,1.0,False,188.4868057003527,0.00020004146190447659,199861.07252771032,-2.9103830456733704e-11,299866.4835700765,0.0001,293.15,-7.278852152107279e-13,1.0,1.0,1.0,1.0,1.0,1.0,293.15,1.0,DRESS,0.5173336583423663,293.15,0.0,0.0
healthy_25pct_400ms_sag,NO_CONNECTION,197,1.96,1.97,False,1.0,0.999999999836738,GRID,3599232.3684210517,1.0,False,188.48746541533507,0.00020004015647981228,199866.48357007647,-5.820766091346741e-11,299871.6989182867,0.0001,293.15,5.646520740020264e-14,1.0,1.0,1.0,1.0,1.0,1.0,293.15,1.0,DRESS,0.5174205348782374,293.15,0.0,0.0
healthy_25pct_400ms_sag,NO_CONNECTION,198,1.97,1.98,False,1.0,0.9999999998693905,GRID,3599237.3684210517,1.0,False,188.48809214456833,0.00020003887890132467,199871.69891828674,2.9103830456733704e-11,299876.72474235296,0.0001,293.15,4.8823147665764155e-14,1.0,1.0,1.0,1.0,1.0,1.0,293.15,1.0,DRESS,0.5175073957595728,293.15,0.0,0.0
healthy_25pct_400ms_sag,NO_CONNECTION,199,1.98,1.99,False,1.0,0.9999999998955124,GRID,3599242.3684210517,1.0,False,188.4886875373399,0.0002000376295833693,199876.72474235296,0.0,299881.56703766435,0.0001,293.15,1.5830928148511856e-13,1.0,1.0,1.0,1.0,1.0,1.0,293.15,1.0,DRESS,0.5175942409891966,293.15,0.0,0.0
healthy_25pct_400ms_sag,NO_CONNECTION,200,1.99,2.0,False,1.0,0.9999999999164099,GRID,3599247.3684210517,1.0,False,188.4892531604729,0.00020003640885272572,199881.56703766435,0.0,299886.23168319464,0.0001,293.15,1.0052272653647064e-13,1.0,1.0,1.0,1.0,1.0,1.0,293.15,1.0,DRESS,0.5176810705699321,293.15,0.0,0.0
healthy_25pct_400ms_sag,NO_CONNECTION,201,2.0,2.0100000000000002,False,1.0,0.9999999999331279,GRID,3599252.3684210517,1.0,False,188.48979050244927,0.00020003521692823448,199886.23168319464,0.0,299890.7243832946,0.0001,293.15,7.345882897158147e-13,1.0,1.0,1.0,1.0,1.0,1.0,293.15,1.0,DRESS,0.5177678845046023,293.15,0.0,0.0
healthy_25pct_400ms_sag,NO_CONNECTION,202,2.0100000000000002,2.02,False,1.0,0.9999999999465023,GRID,3599257.3684210517,1.0,False,188.4903009773268,0.00020003405395819558,199890.72438329458,0.0,299895.05084231496,0.0001,293.15,-6.433694283673549e-13,1.0,1.0,1.0,1.0,1.0,1.0,293.15,1.0,DRESS,0.5178546827960296,293.15,0.0,0.0
healthy_25pct_400ms_sag,NO_CONNECTION,203,2.02,2.0300000000000002,False,1.0,0.9999999999572019,GRID,3599262.3684210517,1.0,False,188.49078592846047,0.00020003291994095704,199895.05084231496,0.0,299899.21641536057,0.0001,293.15,2.723645300196842e-13,1.0,1.0,1.0,1.0,1.0,1.0,293.15,1.0,DRESS,0.5179414654470361,293.15,0.0,0.0
healthy_25pct_400ms_sag,NO_CONNECTION,204,2.0300000000000002,2.04,False,1.0,0.9999999999657615,GRID,3599267.3684210517,1.0,False,188.49124663203744,0.00020003181490699985,199899.2164153606,2.9103830456733704e-11,299903.2264575362,0.0001,293.15,8.34718732940683e-13,1.0,1.0,1.0,1.0,1.0,1.0,293.15,1.0,DRESS,0.518028232460443,293.15,0.0,0.0
healthy_25pct_400ms_sag,NO_CONNECTION,205,2.04,2.05,False,1.0,0.9999999999726092,GRID,3599272.3684210517,1.0,False,188.49168430043557,0.00020003073875146242,199903.22645753622,0.0,299907.0862075314,0.0001,293.15,6.477932854818508e-13,1.0,1.0,1.0,1.0,1.0,1.0,293.15,1.0,DRESS,0.5181149838390714,293.15,0.0,0.0
healthy_25pct_400ms_sag,NO_CONNECTION,206,2.05,2.06,False,1.0,0.9999999999780874,GRID,3599277.3684210517,1.0,False,188.4921000854138,0.0002000296912991001,199907.08620753133,-5.820766091346741e-11,299910.80078762025,0.0001,293.15,-6.964870943400033e-13,1.0,1.0,1.0,1.0,1.0,1.0,293.15,1.0,DRESS,0.5182017195857415,293.15,0.0,0.0
healthy_25pct_400ms_sag,NO_CONNECTION,207,2.06,2.07,False,1.0,0.9999999999824699,GRID,3599282.3684210517,1.0,False,188.49249508114312,0.0002000286723107096,199910.80078762025,0.0,299914.37502903864,0.0001,293.15,-3.217757007820405e-14,1.0,1.0,1.0,1.0,1.0,1.0,293.15,1.0,DRESS,0.5182884397032732,293.15,0.0,0.0
healthy_25pct_400ms_sag,NO_CONNECTION,208,2.07,2.08,False,1.0,0.9999999999859759,GRID,3599287.3684210517,1.0,False,188.49287032708597,0.0002000276815765322,199914.37502903864,0.0,299917.8137630224,0.0001,293.15,1.5345284723849826e-14,1.0,1.0,1.0,1.0,1.0,1.0,293.15,1.0,DRESS,0.518375144194486,293.15,0.0,0.0
healthy_25pct_400ms_sag,NO_CONNECTION,209,2.08,2.09,False,1.0,0.9999999999887808,GRID,3599292.3684210517,1.0,False,188.49322681073167,0.00020002671877655502,199917.81376302242,0.0,299921.12170439214,0.0001,293.15,-9.030352908667328e-13,1.0,1.0,1.0,1.0,1.0,1.0,293.15,1.0,DRESS,0.5184618330621987,293.15,0.0,0.0
healthy_25pct_400ms_sag,NO_CONNECTION,210,2.09,2.1,False,1.0,0.9999999999910246,GRID,3599297.3684210517,1.0,False,188.49356547019508,0.0002000257835442193,199921.12170439214,0.0,299924.30333513767,0.0001,293.15,-7.382601366198829e-13,1.0,1.0,1.0,1.0,1.0,1.0,293.15,1.0,DRESS,0.5185485063092298,293.15,0.0,0.0
healthy_25pct_400ms_sag,NO_CONNECTION,211,2.1,2.11,False,1.0,0.9999999999928197,GRID,3599302.3684210517,1.0,False,188.49388719668534,0.0002000248755298552,199924.30333513764,-2.9103830456733704e-11,299927.36307904124,0.0001,293.15,-8.877369829871844e-13,1.0,1.0,1.0,1.0,1.0,1.0,293.15,1.0,DRESS,0.5186351639383969,293.15,0.0,0.0
healthy_25pct_400ms_sag,NO_CONNECTION,212,2.11,2.12,False,1.0,0.9999999999942558,GRID,3599307.3684210517,1.0,False,188.49419283685106,0.00020002399431835445,199927.36307904124,0.0,299930.30512705445,0.0001,293.15,7.945630172694975e-13,1.0,1.0,1.0,1.0,1.0,1.0,293.15,1.0,DRESS,0.5187218059525175,293.15,0.0,0.0
healthy_25pct_400ms_sag,NO_CONNECTION,213,2.12,2.13,False,1.0,0.9999999999954047,GRID,3599312.3684210517,1.0,False,188.4944831950085,0.00020002313952119654,199930.30512705445,0.0,299933.1337865442,0.0001,293.15,-5.618705820746955e-13,1.0,1.0,1.0,1.0,1.0,1.0,293.15,1.0,DRESS,0.5188084323544083,293.15,0.0,0.0
healthy_25pct_400ms_sag,NO_CONNECTION,214,2.13,2.14,False,1.0,0.9999999999963237,GRID,3599317.3684210517,1.0,False,188.49475903525808,0.00020002231060633428,199933.13378654423,2.9103830456733704e-11,299935.85301563144,0.0001,293.15,-4.832261126643992e-13,1.0,1.0,1.0,1.0,1.0,1.0,293.15,1.0,DRESS,0.5188950431468858,293.15,0.0,0.0
healthy_25pct_400ms_sag,NO_CONNECTION,215,2.14,2.15,False,1.0,0.999999999997059,GRID,3599322.3684210517,1.0,False,188.49502108349517,0.00020002150713526186,199935.85301563144,0.0,299938.4666560218,0.0001,293.15,9.99444236141103e-13,1.0,1.0,1.0,1.0,1.0,1.0,293.15,1.0,DRESS,0.5189816383327658,293.15,0.0,0.0
healthy_25pct_400ms_sag,NO_CONNECTION,216,2.15,2.16,False,1.0,0.9999999999976472,GRID,3599327.3684210517,1.0,False,188.4952700293204,0.00020002072865066509,199938.46665602177,0.0,299940.97866583616,0.0001,293.15,-8.785406283758287e-13,1.0,1.0,1.0,1.0,1.0,1.0,293.15,1.0,DRESS,0.5190682179148635,293.15,0.0,0.0
healthy_25pct_400ms_sag,NO_CONNECTION,217,2.16,2.17,False,1.0,0.9999999999981177,GRID,3599332.3684210517,1.0,False,188.4955065278544,0.00020001997456386733,199940.97866583613,-2.9103830456733704e-11,299943.39253753424,0.0001,293.15,8.611385747289753e-13,1.0,1.0,1.0,1.0,1.0,1.0,293.15,1.0,DRESS,0.5191547818959936,293.15,0.0,0.0
healthy_25pct_400ms_sag,NO_CONNECTION,218,2.17,2.18,False,1.0,0.9999999999984942,GRID,3599337.3684210517,1.0,False,188.49573120146167,0.00020001924444949362,199943.39253753424,0.0,299945.7119964063,0.0001,293.15,-7.261511427986851e-13,1.0,1.0,1.0,1.0,1.0,1.0,293.15,1.0,DRESS,0.5192413302789707,293.15,0.0,0.0
healthy_25pct_400ms_sag,NO_CONNECTION,219,2.18,2.19,False,1.0,0.9999999999987954,GRID,3599342.3684210517,1.0,False,188.49594464138858,0.00020001853769973515,199945.71199640632,0.0,299947.9404184967,0.0001,293.15,-9.513214364522478e-13,1.0,1.0,1.0,1.0,1.0,1.0,293.15,1.0,DRESS,0.5193278630666083,293.15,0.0,0.0
healthy_25pct_400ms_sag,NO_CONNECTION,220,2.19,2.2,False,1.0,0.9999999999990363,GRID,3599347.3684210517,1.0,False,188.49614740931915,0.00020001785381865887,199947.94041849673,0.0,299950.0810634345,0.0001,293.15,3.8818655429958124e-13,1.0,1.0,1.0,1.0,1.0,1.0,293.15,1.0,DRESS,0.5194143802617198,293.15,0.0,0.0
healthy_25pct_400ms_sag,NO_CONNECTION,221,2.2,2.21,False,1.0,0.9999999999992291,GRID,3599352.3684210517,1.0,False,188.4963400388532,0.00020001719230893986,199950.08106343445,-2.9103830456733704e-11,299952.13724905625,0.0001,293.15,-2.8023644602775954e-14,1.0,1.0,1.0,1.0,1.0,1.0,293.15,1.0,DRESS,0.519500881867118,293.15,0.0,0.0
healthy_25pct_400ms_sag,NO_CONNECTION,222,2.21,2.22,False,1.0,0.9999999999993833,GRID,3599357.3684210517,1.0,False,188.49652303691053,0.0002000165525875361,199952.13724905625,0.0,299954.11206036806,0.0001,293.15,3.3111584709109976e-13,1.0,1.0,1.0,1.0,1.0,1.0,293.15,1.0,DRESS,0.519587367885615,293.15,0.0,0.0
healthy_25pct_400ms_sag,NO_CONNECTION,223,2.22,2.23,False,1.0,0.9999999999995066,GRID,3599362.3684210517,1.0,False,188.496696885065,0.0002000159341340251,199954.11206036806,0.0,299956.00858237594,0.0001,293.15,-5.973205252892935e-13,1.0,1.0,1.0,1.0,1.0,1.0,293.15,1.0,DRESS,0.5196738383200227,293.15,0.0,0.0
healthy_25pct_400ms_sag,NO_CONNECTION,224,2.23,2.24,False,1.0,0.9999999999996053,GRID,3599367.3684210517,1.0,False,188.49686204081175,0.00020001533637688693,199956.00858237594,0.0,299957.8296672553,0.0001,293.15,-1.5432749371129596e-13,1.0,1.0,1.0,1.0,1.0,1.0,293.15,1.0,DRESS,0.5197602931731522,293.15,0.0,0.0
healthy_25pct_400ms_sag,NO_CONNECTION,225,2.24,2.25,False,1.0,0.9999999999996843,GRID,3599372.3684210517,1.0,False,188.49701893877116,0.00020001475881246508,199957.8296672553,2.9103830456733704e-11,299959.5781089738,0.0001,293.15,9.23607802652384e-13,1.0,1.0,1.0,1.0,1.0,1.0,293.15,1.0,DRESS,0.5198467324478144,293.15,0.0,0.0
healthy_25pct_400ms_sag,NO_CONNECTION,226,2.25,2.2600000000000002,False,1.0,0.9999999999997474,GRID,3599377.3684210517,1.0,False,188.4971679918326,0.00020001420092008841,199959.57810897383,2.9103830456733704e-11,299961.2567014992,0.0001,293.15,7.188303506041556e-13,1.0,1.0,1.0,1.0,1.0,1.0,293.15,1.0,DRESS,0.5199331561468195,293.15,0.0,0.0
healthy_25pct_400ms_sag,NO_CONNECTION,227,2.2600000000000002,2.27,False,1.0,0.9999999999997979,GRID,3599382.3684210517,1.0,False,188.49730959224098,0.0002000136621352748,199961.25670149922,0.0,299962.86812238395,0.0001,293.15,-3.436117530953371e-13,1.0,1.0,1.0,1.0,1.0,1.0,293.15,1.0,DRESS,0.520019564272977,293.15,0.0,0.0
healthy_25pct_400ms_sag,NO_CONNECTION,228,2.27,2.2800000000000002,False,1.0,0.9999999999998384,GRID,3599387.3684210517,1.0,False,188.49744411262893,0.0002000131419101246,199962.86812238395,0.0,299964.41481634974,0.0001,293.15,6.226338720831895e-13,1.0,1.0,1.0,1.0,1.0,1.0,293.15,1.0,DRESS,0.5201059568290964,293.15,0.0,0.0
healthy_25pct_400ms_sag,NO_CONNECTION,229,2.2800000000000002,2.29,False,1.0,0.9999999999998707,GRID,3599392.3684210517,1.0,False,188.49757190699748,0.00020001263977360536,199964.4148163498,5.820766091346741e-11,299965.8993445337,0.0001,293.15,-4.623402312030795e-13,1.0,1.0,1.0,1.0,1.0,1.0,293.15,1.0,DRESS,0.5201923338179864,293.15,0.0,0.0
healthy_25pct_400ms_sag,NO_CONNECTION,230,2.29,2.3000000000000003,False,1.0,0.9999999999998965,GRID,3599397.3684210517,1.0,False,188.4976933116476,0.00020001215515891762,199965.89934453368,0.0,299967.3240352422,0.0001,293.15,-6.728738378135608e-13,1.0,1.0,1.0,1.0,1.0,1.0,293.15,1.0,DRESS,0.5202786952424548,293.15,0.0,0.0
healthy_25pct_400ms_sag,NO_CONNECTION,231,2.3000000000000003,2.31,False,1.0,0.9999999999999172,GRID,3599402.3684210517,1.0,False,188.4978086460652,0.00020001168757998394,199967.3240352422,0.0,299968.6911003664,0.0001,293.15,7.273164530477863e-13,1.0,1.0,1.0,1.0,1.0,1.0,293.15,1.0,DRESS,0.5203650411053098,293.15,0.0,0.0
healthy_25pct_400ms_sag,NO_CONNECTION,232,2.31,2.32,False,1.0,0.9999999999999337,GRID,3599407.3684210517,1.0,False,188.49791821376195,0.00020001123657503,199968.6911003664,0.0,299970.00286821276,0.0001,293.15,-2.1600329652256196e-13,1.0,1.0,1.0,1.0,1.0,1.0,293.15,1.0,DRESS,0.5204513714093583,293.15,0.0,0.0
healthy_25pct_400ms_sag,NO_CONNECTION,233,2.32,2.33,False,1.0,0.9999999999999469,GRID,3599412.3684210517,1.0,False,188.49802230307384,0.00020001080159187044,199970.0028682128,2.9103830456733704e-11,299971.26143425703,0.0001,293.15,-4.461435051688537e-13,1.0,1.0,1.0,1.0,1.0,1.0,293.15,1.0,DRESS,0.5205376861574069,293.15,0.0,0.0
healthy_25pct_400ms_sag,NO_CONNECTION,234,2.33,2.34,False,1.0,0.9999999999999576,GRID,3599417.3684210517,1.0,False,188.49812118792013,0.00020001038216413205,199971.26143425703,0.0,299972.4687775597,0.0001,293.15,9.092988590800528e-13,1.0,1.0,1.0,1.0,1.0,1.0,293.15,1.0,DRESS,0.520623985352262,293.15,0.0,0.0
healthy_25pct_400ms_sag,NO_CONNECTION,235,2.34,2.35,False,1.0,0.999999999999966,GRID,3599422.3684210517,1.0,False,188.49821512852412,0.00020000997785457963,199972.4687775597,0.0,299973.62699359655,0.0001,293.15,3.7044231612387736e-14,1.0,1.0,1.0,1.0,1.0,1.0,293.15,1.0,DRESS,0.5207102689967291,293.15,0.0,0.0
healthy_25pct_400ms_sag,NO_CONNECTION,236,2.35,2.36,False,1.0,0.9999999999999728,GRID,3599427.3684210517,1.0,False,188.49830437209792,0.00020000958814015964,199973.62699359655,0.0,299974.73794501275,0.0001,293.15,1.3932936943781503e-13,1.0,1.0,1.0,1.0,1.0,1.0,293.15,1.0,DRESS,0.5207965370936135,293.15,0.0,0.0
healthy_25pct_400ms_sag,NO_CONNECTION,237,2.36,2.37,False,1.0,0.9999999999999782,GRID,3599432.3684210517,1.0,False,188.49838915349304,0.00020000921258799507,199974.73794501275,0.0,299975.80349445343,0.0001,293.15,-1.4804527937789626e-13,1.0,1.0,1.0,1.0,1.0,1.0,293.15,1.0,DRESS,0.5208827896457198,293.15,0.0,0.0
healthy_25pct_400ms_sag,NO_CONNECTION,238,2.37,2.38,False,1.0,0.9999999999999826,GRID,3599437.3684210517,1.0,False,188.4984696958184,0.00020000885074028733,199975.80349445346,2.9103830456733704e-11,299976.8253881484,0.0001,293.15,1.7231316579738901e-13,1.0,1.0,1.0,1.0,1.0,1.0,293.15,1.0,DRESS,0.520969026655852,293.15,0.0,0.0
healthy_25pct_400ms_sag,NO_CONNECTION,239,2.38,2.39,False,1.0,0.999999999999986,GRID,3599442.3684210517,1.0,False,188.49854621102747,0.0002000085021737677,199976.8253881484,-2.9103830456733704e-11,299977.80537232757,0.0001,293.15,-1.959788548908026e-13,1.0,1.0,1.0,1.0,1.0,1.0,293.15,1.0,DRESS,0.5210552481268138,293.15,0.0,0.0
healthy_25pct_400ms_sag,NO_CONNECTION,240,2.39,2.4,False,1.0,0.9999999999999888,GRID,3599447.3684210517,1.0,False,188.4986189004761,0.0002000081664426755,199977.80537232757,0.0,299978.74507680535,0.0001,293.15,-1.852829207332197e-13,1.0,1.0,1.0,1.0,1.0,1.0,293.15,1.0,DRESS,0.5211414540614084,293.15,0.0,0.0
healthy_25pct_400ms_sag,NO_CONNECTION,241,2.4,2.41,False,1.0,0.999999999999991,GRID,3599452.3684210517,1.0,False,188.49868795545228,0.00020000784313808825,199978.74507680538,2.9103830456733704e-11,299979.64607318863,0.0001,293.15,1.738283361662243e-13,1.0,1.0,1.0,1.0,1.0,1.0,293.15,1.0,DRESS,0.5212276444624384,293.15,0.0,0.0
healthy_25pct_400ms_sag,NO_CONNECTION,242,2.41,2.42,False,1.0,0.9999999999999928,GRID,3599457.3684210517,1.0,False,188.49875355767966,0.0002000075318598872,199979.6460731886,-2.9103830456733704e-11,299980.50993308425,0.0001,293.15,-3.045672671308909e-13,1.0,1.0,1.0,1.0,1.0,1.0,293.15,1.0,DRESS,0.5213138193327059,293.15,0.0,0.0
healthy_25pct_400ms_sag,NO_CONNECTION,243,2.42,2.43,False,1.0,0.9999999999999942,GRID,3599462.3684210517,1.0,False,188.49881587979567,0.00020000723218866975,199980.50993308422,-2.9103830456733704e-11,299981.3381116837,0.0001,293.15,-4.3916165680144055e-13,1.0,1.0,1.0,1.0,1.0,1.0,293.15,1.0,DRESS,0.5213999786750125,293.15,0.0,0.0
healthy_25pct_400ms_sag,NO_CONNECTION,244,2.43,2.44,False,1.0,0.9999999999999953,GRID,3599467.3684210517,1.0,False,188.49887508580588,0.00020000694374491882,199981.33811168373,0.0,299982.1320059709,0.0001,293.15,-1.4381062096549515e-13,1.0,1.0,1.0,1.0,1.0,1.0,293.15,1.0,DRESS,0.5214861224921593,293.15,0.0,0.0
healthy_25pct_400ms_sag,NO_CONNECTION,245,2.44,2.45,False,1.0,0.9999999999999962,GRID,3599472.3684210517,1.0,False,188.4989313315156,0.00020000666616081666,199982.13200597093,0.0,299982.89295472205,0.0001,293.15,7.084332014258819e-13,1.0,1.0,1.0,1.0,1.0,1.0,293.15,1.0,DRESS,0.5215722507869469,293.15,0.0,0.0
healthy_25pct_400ms_sag,NO_CONNECTION,246,2.45,2.46,False,1.0,0.999999999999997,GRID,3599477.3684210517,1.0,False,188.49898476493982,0.00020000639908111459,199982.89295472208,2.9103830456733704e-11,299983.62235492095,0.0001,293.15,-1.003240258882567e-13,1.0,1.0,1.0,1.0,1.0,1.0,293.15,1.0,DRESS,0.5216583635621754,293.15,0.0,0.0
healthy_25pct_400ms_sag,NO_CONNECTION,247,2.46,2.47,False,1.0,0.9999999999999976,GRID,3599482.3684210517,1.0,False,188.49903552669284,0.0002000061421057542,199983.62235492095,0.0,299984.3214289285,0.0001,293.15,-8.886149737148027e-14,1.0,1.0,1.0,1.0,1.0,1.0,293.15,1.0,DRESS,0.5217444608206445,293.15,0.0,0.0
healthy_25pct_400ms_sag,NO_CONNECTION,248,2.47,2.48,False,1.0,0.999999999999998,GRID,3599487.3684210517,1.0,False,188.49908375035818,0.0002000058949070641,199984.32142892852,0.0,299984.991340898,0.0001,293.15,9.97226033845734e-13,1.0,1.0,1.0,1.0,1.0,1.0,293.15,1.0,DRESS,0.5218305425651532,293.15,0.0,0.0
healthy_25pct_400ms_sag,NO_CONNECTION,249,2.48,2.49,False,1.0,0.9999999999999984,GRID,3599492.3684210517,1.0,False,188.49912956284027,0.00020000565717230058,199984.99134089798,0.0,299985.63337139785,0.0001,293.15,-1.2339586275488199e-13,1.0,1.0,1.0,1.0,1.0,1.0,293.15,1.0,DRESS,0.5219166087985,293.15,0.0,0.0
healthy_25pct_400ms_sag,NO_CONNECTION,250,2.49,2.5,False,1.0,0.9999999999999988,GRID,3599497.3684210517,1.0,False,188.49917308469824,0.00020000542851704713,199985.63337139785,0.0,299986.2486263737,0.0001,293.15,-8.956568315789301e-13,1.0,1.0,1.0,1.0,1.0,1.0,293.15,1.0,DRESS,0.522002659523483,293.15,0.0,0.0
healthy_25pct_400ms_sag,NO_CONNECTION,251,2.5,2.5100000000000002,False,1.0,0.999999999999999,GRID,3599502.3684210517,1.0,False,188.49921443046333,0.00020000520863140288,199986.24862637374,2.9103830456733704e-11,299986.83815356344,0.0001,293.15,-9.891734751179345e-13,1.0,1.0,1.0,1.0,1.0,1.0,293.15,1.0,DRESS,0.5220886947428999,293.15,0.0,0.0
healthy_25pct_400ms_sag,NO_CONNECTION,252,2.5100000000000002,2.52,False,1.0,0.9999999999999992,GRID,3599507.3684210517,1.0,False,188.49925370894016,0.0002000049972224163,199986.83815356347,2.9103830456733704e-11,299987.4029424973,0.0001,293.15,-2.7509228077038882e-14,1.0,1.0,1.0,1.0,1.0,1.0,293.15,1.0,DRESS,0.5221747144595476,293.15,0.0,0.0
healthy_25pct_400ms_sag,NO_CONNECTION,253,2.52,2.5300000000000002,False,1.0,0.9999999999999993,GRID,3599512.3684210517,1.0,False,188.49929102349316,0.00020000479401469323,199987.40294249725,-2.9103830456733704e-11,299987.94404091313,0.0001,293.15,2.5919623976588296e-14,1.0,1.0,1.0,1.0,1.0,1.0,293.15,1.0,DRESS,0.5222607186762226,293.15,0.0,0.0
healthy_25pct_400ms_sag,NO_CONNECTION,254,2.5300000000000002,2.54,False,1.0,0.9999999999999994,GRID,3599517.3684210517,1.0,False,188.4993264723185,0.0002000045986927675,199987.9440409131,-2.9103830456733704e-11,299988.46238013357,0.0001,293.15,7.182920219991734e-13,1.0,1.0,1.0,1.0,1.0,1.0,293.15,1.0,DRESS,0.5223467073957212,293.15,0.0,0.0
healthy_25pct_400ms_sag,NO_CONNECTION,255,2.54,2.5500000000000003,False,1.0,0.9999999999999996,GRID,3599522.3684210517,1.0,False,188.49936014870258,0.00020000441098895917,199988.46238013357,0.0,299988.9589496888,0.0001,293.15,1.2300969541985988e-13,1.0,1.0,1.0,1.0,1.0,1.0,293.15,1.0,DRESS,0.5224326806208388,293.15,0.0,0.0
healthy_25pct_400ms_sag,NO_CONNECTION,256,2.5500000000000003,2.56,False,1.0,0.9999999999999997,GRID,3599527.3684210517,1.0,False,188.49939214126744,0.00020000423059658582,199988.9589496888,-2.9103830456733704e-11,299989.4346226938,0.0001,293.15,-1.7486079370476697e-13,1.0,1.0,1.0,1.0,1.0,1.0,293.15,1.0,DRESS,0.5225186383543704,293.15,0.0,0.0
healthy_25pct_400ms_sag,NO_CONNECTION,257,2.56,2.57,False,1.0,0.9999999999999998,GRID,3599532.3684210517,1.0,False,188.49942253420406,0.00020000405725776734,199989.43462269375,-5.820766091346741e-11,299989.8902140558,0.0001,293.15,3.2350005866420115e-13,1.0,1.0,1.0,1.0,1.0,1.0,293.15,1.0,DRESS,0.5226045805991106,293.15,0.0,0.0
healthy_25pct_400ms_sag,NO_CONNECTION,258,2.57,2.58,False,1.0,0.9999999999999998,GRID,3599537.3684210517,1.0,False,188.49945140749386,0.00020000389073479257,199989.89021405578,0.0,299990.326538682,0.0001,293.15,9.729274227619176e-13,1.0,1.0,1.0,1.0,1.0,1.0,293.15,1.0,DRESS,0.5226905073578535,293.15,0.0,0.0
healthy_25pct_400ms_sag,NO_CONNECTION,259,2.58,2.59,False,1.0,0.9999999999999998,GRID,3599542.3684210517,1.0,False,188.49947883711917,0.0002000037307814635,199990.32653868198,0.0,299990.74446968734,0.0001,293.15,-7.348735335499732e-14,1.0,1.0,1.0,1.0,1.0,1.0,293.15,1.0,DRESS,0.5227764186333924,293.15,0.0,0.0
healthy_25pct_400ms_sag,NO_CONNECTION,260,2.59,2.6,False,1.0,0.9999999999999998,GRID,3599547.3684210517,1.0,False,188.49950489526321,0.0002000035771144156,199990.74446968734,0.0,299991.1447055638,0.0001,293.15,4.410489822692077e-14,1.0,1.0,1.0,1.0,1.0,1.0,293.15,1.0,DRESS,0.5228623144285205,293.15,0.0,0.0
healthy_25pct_400ms_sag,NO_CONNECTION,261,2.6,2.61,False,1.0,0.9999999999999998,GRID,3599552.3684210517,1.0,False,188.49952965050005,0.00020000342952993457,199991.14470556384,5.820766091346741e-11,299991.52794480324,0.0001,293.15,7.727438578338851e-13,1.0,1.0,1.0,1.0,1.0,1.0,293.15,1.0,DRESS,0.5229481947460303,293.15,0.0,0.0
healthy_25pct_400ms_sag,NO_CONNECTION,262,2.61,2.62,False,1.0,0.9999999999999998,GRID,3599557.3684210517,1.0,False,188.49955316797505,0.0002000032878170295,199991.52794480324,0.0,299991.89500231296,0.0001,293.15,-8.343214021134259e-13,1.0,1.0,1.0,1.0,1.0,1.0,293.15,1.0,DRESS,0.5230340595887137,293.15,0.0,0.0
healthy_25pct_400ms_sag,NO_CONNECTION,263,2.62,2.63,False,1.0,0.9999999999999998,GRID,3599562.3684210517,1.0,False,188.4995755095763,0.00020000315169958985,199991.89500231296,0.0,299992.24646016955,0.0001,293.15,-6.876268483652631e-13,1.0,1.0,1.0,1.0,1.0,1.0,293.15,1.0,DRESS,0.5231199089593624,293.15,0.0,0.0
healthy_25pct_400ms_sag,NO_CONNECTION,264,2.63,2.64,False,1.0,0.9999999999999998,GRID,3599567.3684210517,1.0,False,188.49959673409748,0.00020000302101135114,199992.24646016955,0.0,299992.58290044963,0.0001,293.15,7.555247172238882e-13,1.0,1.0,1.0,1.0,1.0,1.0,293.15,1.0,DRESS,0.5232057428607674,293.15,0.0,0.0
healthy_25pct_400ms_sag,NO_CONNECTION,265,2.64,2.65,False,1.0,0.9999999999999998,GRID,3599572.3684210517,1.0,False,188.4996168973926,0.0002000028955798103,199992.58290044966,2.9103830456733704e-11,299992.9050216451,0.0001,293.15,6.450778322962729e-13,1.0,1.0,1.0,1.0,1.0,1.0,293.15,1.0,DRESS,0.523291561295719,293.15,0.0,0.0
healthy_25pct_400ms_sag,NO_CONNECTION,266,2.65,2.66,False,1.0,0.9999999999999998,GRID,3599577.3684210517,1.0,False,188.49963605252296,0.00020000277516833053,199992.90502164513,0.0,299993.21340583265,0.0001,293.15,7.816638075735949e-13,1.0,1.0,1.0,1.0,1.0,1.0,293.15,1.0,DRESS,0.5233773642670073,293.15,0.0,0.0
healthy_25pct_400ms_sag,NO_CONNECTION,267,2.66,2.67,False,1.0,0.9999999999999998,GRID,3599582.3684210517,1.0,False,188.49965424989682,0.00020000265959285135,199993.21340583265,0.0,299993.5086350888,0.0001,293.15,6.901838822682906e-13,1.0,1.0,1.0,1.0,1.0,1.0,293.15,1.0,DRESS,0.5234631517774219,293.15,0.0,0.0
healthy_25pct_400ms_sag,NO_CONNECTION,268,2.67,2.68,False,1.0,0.9999999999999998,GRID,3599587.3684210517,1.0,False,188.49967153740198,0.00020000254866396313,199993.50863508877,-2.9103830456733704e-11,299993.7912914902,0.0001,293.15,-1.098098868781854e-13,1.0,1.0,1.0,1.0,1.0,1.0,293.15,1.0,DRESS,0.5235489238297516,293.15,0.0,0.0
healthy_25pct_400ms_sag,NO_CONNECTION,269,2.68,2.69,False,1.0,0.9999999999999998,GRID,3599592.3684210517,1.0,False,188.49968796053187,0.00020000244218717475,199993.79129149023,2.9103830456733704e-11,299994.0618406981,0.0001,293.15,2.8266717091949586e-13,1.0,1.0,1.0,1.0,1.0,1.0,293.15,1.0,DRESS,0.523634680426785,293.15,0.0,0.0
healthy_25pct_400ms_sag,NO_CONNECTION,270,2.69,2.7,False,1.0,0.9999999999999998,GRID,3599597.3684210517,1.0,False,188.4997035625053,0.0002000023400213747,199994.0618406981,-2.9103830456733704e-11,299994.3208647892,0.0001,293.15,-8.92841193773225e-13,1.0,1.0,1.0,1.0,1.0,1.0,293.15,1.0,DRESS,0.52372042157131,293.15,0.0,0.0
healthy_25pct_400ms_sag,NO_CONNECTION,271,2.7,2.71,False,1.0,0.9999999999999998,GRID,3599602.3684210517,1.0,False,188.49971838438003,0.00020000224196265826,199994.32086478922,2.9103830456733704e-11,299994.56871300936,0.0001,293.15,6.417501843523466e-13,1.0,1.0,1.0,1.0,1.0,1.0,293.15,1.0,DRESS,0.5238061472661142,293.15,0.0,0.0
healthy_25pct_400ms_sag,NO_CONNECTION,272,2.71,2.72,False,1.0,0.9999999999999998,GRID,3599607.3684210517,1.0,False,188.49973246516103,0.00020000214791917817,199994.5687130094,2.9103830456733704e-11,299994.80596743524,0.0001,293.15,-1.530571177609423e-13,1.0,1.0,1.0,1.0,1.0,1.0,293.15,1.0,DRESS,0.5238918575139845,293.15,0.0,0.0
healthy_25pct_400ms_sag,NO_CONNECTION,273,2.72,2.73,False,1.0,0.9999999999999998,GRID,3599612.3684210517,1.0,False,188.49974584190298,0.00020000205767853405,199994.80596743527,2.9103830456733704e-11,299995.0329773128,0.0001,293.15,9.923263924981052e-13,1.0,1.0,1.0,1.0,1.0,1.0,293.15,1.0,DRESS,0.5239775523177074,293.15,0.0,0.0
healthy_25pct_400ms_sag,NO_CONNECTION,274,2.73,2.74,False,1.0,0.9999999999999998,GRID,3599617.3684210517,1.0,False,188.49975854980784,0.00020000197114080777,199995.03297731277,-2.9103830456733704e-11,299995.25032471865,0.0001,293.15,-9.696685766622819e-13,1.0,1.0,1.0,1.0,1.0,1.0,293.15,1.0,DRESS,0.5240632316800689,293.15,0.0,0.0
healthy_25pct_400ms_sag,NO_CONNECTION,275,2.74,2.75,False,1.0,0.9999999999999998,GRID,3599622.3684210517,1.0,False,188.49977062231744,0.0002000018880859317,199995.25032471863,-2.9103830456733704e-11,299995.45824248344,0.0001,293.15,6.093943134400445e-13,1.0,1.0,1.0,1.0,1.0,1.0,293.15,1.0,DRESS,0.5241488956038544,293.15,0.0,0.0
healthy_25pct_400ms_sag,NO_CONNECTION,276,2.75,2.7600000000000002,False,1.0,0.9999999999999998,GRID,3599627.3684210517,1.0,False,188.49978209120158,0.0002000018084649109,199995.45824248347,2.9103830456733704e-11,299995.65719626844,0.0001,293.15,7.91076628574165e-13,1.0,1.0,1.0,1.0,1.0,1.0,293.15,1.0,DRESS,0.5242345440918488,293.15,0.0,0.0
healthy_25pct_400ms_sag,NO_CONNECTION,277,2.7600000000000002,2.77,False,1.0,0.9999999999999998,GRID,3599632.3684210517,1.0,False,188.4997929866415,0.00020000173210896508,199995.65719626847,2.9103830456733704e-11,299995.84765173495,0.0001,293.15,-8.262325724852216e-13,1.0,1.0,1.0,1.0,1.0,1.0,293.15,1.0,DRESS,0.5243201771468367,293.15,0.0,0.0
healthy_25pct_400ms_sag,NO_CONNECTION,278,2.77,2.7800000000000002,False,1.0,0.9999999999999998,GRID,3599637.3684210517,1.0,False,188.49980333730943,0.00020000165884611148,199995.84765173495,0.0,299996.0298417136,0.0001,293.15,1.2568149374949571e-13,1.0,1.0,1.0,1.0,1.0,1.0,293.15,1.0,DRESS,0.524405794771602,293.15,0.0,0.0
healthy_25pct_400ms_sag,NO_CONNECTION,279,2.7800000000000002,2.79,False,1.0,0.9999999999999998,GRID,3599642.3684210517,1.0,False,188.49981317044396,0.00020000158861773905,199996.0298417136,0.0,299996.20417365804,0.0001,293.15,-1.0797869488726102e-13,1.0,1.0,1.0,1.0,1.0,1.0,293.15,1.0,DRESS,0.5244913969689281,293.15,0.0,0.0
healthy_25pct_400ms_sag,NO_CONNECTION,280,2.79,2.8000000000000003,False,1.0,0.9999999999999998,GRID,3599647.3684210517,1.0,False,188.49982251192176,0.00020000152127503583,199996.20417365804,0.0,299996.37093860656,0.0001,293.15,5.067621967672023e-13,1.0,1.0,1.0,1.0,1.0,1.0,293.15,1.0,DRESS,0.5245769837415981,293.15,0.0,0.0
healthy_25pct_400ms_sag,NO_CONNECTION,281,2.8000000000000003,2.81,False,1.0,0.9999999999999998,GRID,3599652.3684210517,1.0,False,188.49983138632567,0.00020000145672465118,199996.37093860653,-2.9103830456733704e-11,299996.5305440128,0.0001,293.15,-6.554797075130737e-13,1.0,1.0,1.0,1.0,1.0,1.0,293.15,1.0,DRESS,0.5246625550923943,293.15,0.0,0.0
healthy_25pct_400ms_sag,NO_CONNECTION,282,2.81,2.82,False,1.0,0.9999999999999998,GRID,3599657.3684210517,1.0,False,188.4998398170094,0.00020000139481241887,199996.53054401278,0.0,299996.6831644997,0.0001,293.15,8.20430715552233e-13,1.0,1.0,1.0,1.0,1.0,1.0,293.15,1.0,DRESS,0.5247481110240988,293.15,0.0,0.0
healthy_25pct_400ms_sag,NO_CONNECTION,283,2.82,2.83,False,1.0,0.9999999999999998,GRID,3599662.3684210517,1.0,False,188.4998478261589,0.00020000133549810895,199996.68316449967,-2.9103830456733704e-11,299996.82920752093,0.0001,293.15,3.39238419256967e-14,1.0,1.0,1.0,1.0,1.0,1.0,293.15,1.0,DRESS,0.5248336515394929,293.15,0.0,0.0
healthy_25pct_400ms_sag,NO_CONNECTION,284,2.83,2.84,False,1.0,0.9999999999999998,GRID,3599667.3684210517,1.0,False,188.49985543485096,0.00020000127862272293,199996.82920752093,0.0,299996.9689641148,0.0001,293.15,-9.912115334251724e-13,1.0,1.0,1.0,1.0,1.0,1.0,293.15,1.0,DRESS,0.5249191766413576,293.15,0.0,0.0
healthy_25pct_400ms_sag,NO_CONNECTION,285,2.84,2.85,False,1.0,0.9999999999999998,GRID,3599672.3684210517,1.0,False,188.49986266310842,0.00020000122408323314,199996.96896411476,-2.9103830456733704e-11,299997.10260890424,0.0001,293.15,-1.1700813278360745e-13,1.0,1.0,1.0,1.0,1.0,1.0,293.15,1.0,DRESS,0.5250046863324732,293.15,0.0,0.0
healthy_25pct_400ms_sag,NO_CONNECTION,286,2.85,2.86,False,1.0,0.9999999999999998,GRID,3599677.3684210517,1.0,False,188.499869529953,0.00020000117183269456,199997.1026089042,-2.9103830456733704e-11,299997.2304329276,0.0001,293.15,1.357634257834937e-13,1.0,1.0,1.0,1.0,1.0,1.0,293.15,1.0,DRESS,0.5250901806156199,293.15,0.0,0.0
healthy_25pct_400ms_sag,NO_CONNECTION,287,2.86,2.87,False,1.0,0.9999999999999998,GRID,3599682.3684210517,1.0,False,188.49987605345535,0.0002000011217639364,199997.2304329276,0.0,299997.3526690155,0.0001,293.15,7.076702505243171e-13,1.0,1.0,1.0,1.0,1.0,1.0,293.15,1.0,DRESS,0.5251756594935769,293.15,0.0,0.0
healthy_25pct_400ms_sag,NO_CONNECTION,288,2.87,2.88,False,1.0,0.9999999999999998,GRID,3599687.3684210517,1.0,False,188.49988225078258,0.0002000010737969743,199997.35266901553,0.0,299997.46966641396,0.0001,293.15,-9.842013976806968e-13,1.0,1.0,1.0,1.0,1.0,1.0,293.15,1.0,DRESS,0.5252611229691233,293.15,0.0,0.0
healthy_25pct_400ms_sag,NO_CONNECTION,289,2.88,2.89,False,1.0,0.9999999999999998,GRID,3599692.3684210517,1.0,False,188.49988813824345,0.00020000102779179485,199997.46966641396,0.0,299997.58154153824,0.0001,293.15,-4.814597917393646e-13,1.0,1.0,1.0,1.0,1.0,1.0,293.15,1.0,DRESS,0.5253465710450375,293.15,0.0,0.0
healthy_25pct_400ms_sag,NO_CONNECTION,290,2.89,2.9,False,1.0,0.9999999999999998,GRID,3599697.3684210517,1.0,False,188.49989373133127,0.00020000098372306883,199997.58154153824,0.0,299997.688527219,0.0001,293.15,-2.541558538061866e-13,1.0,1.0,1.0,1.0,1.0,1.0,293.15,1.0,DRESS,0.5254320037240973,293.15,0.0,0.0
healthy_25pct_400ms_sag,NO_CONNECTION,291,2.9,2.91,False,1.0,0.9999999999999998,GRID,3599702.3684210517,1.0,False,188.4998990447647,0.0002000009415056158,199997.688527219,0.0,299997.7908562869,0.0001,293.15,-5.038853633390697e-13,1.0,1.0,1.0,1.0,1.0,1.0,293.15,1.0,DRESS,0.5255174210090803,293.15,0.0,0.0
healthy_25pct_400ms_sag,NO_CONNECTION,292,2.91,2.92,False,1.0,0.9999999999999998,GRID,3599707.3684210517,1.0,False,188.49990409252646,0.00020000090105269335,199997.7908562869,2.9103830456733704e-11,299997.8886451572,0.0001,293.15,9.527080513382086e-13,1.0,1.0,1.0,1.0,1.0,1.0,293.15,1.0,DRESS,0.5256028229027633,293.15,0.0,0.0
healthy_25pct_400ms_sag,NO_CONNECTION,293,2.92,2.93,False,1.0,0.9999999999999998,GRID,3599712.3684210517,1.0,False,188.49990888790015,0.00020000086233428315,199997.88864515722,0.0,299997.98224307597,0.0001,293.15,-7.456298133179453e-13,1.0,1.0,1.0,1.0,1.0,1.0,293.15,1.0,DRESS,0.5256882094079228,293.15,0.0,0.0
healthy_25pct_400ms_sag,NO_CONNECTION,294,2.93,2.94,False,1.0,0.9999999999999998,GRID,3599717.3684210517,1.0,False,188.49991344350514,0.00020000082520254213,199997.98224307597,0.0,299998.0717082508,0.0001,293.15,4.4920257292387846e-14,1.0,1.0,1.0,1.0,1.0,1.0,293.15,1.0,DRESS,0.5257735805273347,293.15,0.0,0.0
healthy_25pct_400ms_sag,NO_CONNECTION,295,2.94,2.95,False,1.0,0.9999999999999998,GRID,3599722.3684210517,1.0,False,188.49991777132988,0.0002000007896538071,199998.07170825082,2.9103830456733704e-11,299998.1572153047,0.0001,293.15,9.050771135159809e-13,1.0,1.0,1.0,1.0,1.0,1.0,293.15,1.0,DRESS,0.5258589362637744,293.15,0.0,0.0
healthy_25pct_400ms_sag,NO_CONNECTION,296,2.95,2.96,False,1.0,0.9999999999999998,GRID,3599727.3684210517,1.0,False,188.49992188276337,0.00020000075562493524,199998.15721530467,0.0,299998.2390552759,0.0001,293.15,-7.021275992255087e-13,1.0,1.0,1.0,1.0,1.0,1.0,293.15,1.0,DRESS,0.5259442766200169,293.15,0.0,0.0
healthy_25pct_400ms_sag,NO_CONNECTION,297,2.96,2.97,False,1.0,0.9999999999999998,GRID,3599732.3684210517,1.0,False,188.4999257886252,0.00020000072299336787,199998.2390552759,-2.9103830456733704e-11,299998.3172863722,0.0001,293.15,-2.71743571655184e-13,1.0,1.0,1.0,1.0,1.0,1.0,293.15,1.0,DRESS,0.5260296015988365,293.15,0.0,0.0
healthy_25pct_400ms_sag,NO_CONNECTION,298,2.97,2.98,False,1.0,0.9999999999999998,GRID,3599737.3684210517,1.0,False,188.49992949919394,0.00020000069175181312,199998.31728637218,0.0,299998.3920250088,0.0001,293.15,9.66576465134139e-13,1.0,1.0,1.0,1.0,1.0,1.0,293.15,1.0,DRESS,0.5261149112030072,293.15,0.0,0.0
healthy_25pct_400ms_sag,NO_CONNECTION,299,2.98,2.99,False,1.0,0.9999999999999998,GRID,3599742.3684210517,1.0,False,188.49993302423425,0.00020000066186278486,199998.39202500877,-2.9103830456733704e-11,299998.4635040164,0.0001,293.15,5.306246197640871e-13,1.0,1.0,1.0,1.0,1.0,1.0,293.15,1.0,DRESS,0.5262002054353024,293.15,0.0,0.0
healthy_25pct_400ms_sag,NO_CONNECTION,300,2.99,3.0,False,1.0,0.9999999999999998,GRID,3599747.3684210517,1.0,False,188.49993637302254,0.00020000063322955333,199998.4635040164,0.0,299998.5318398103,0.0001,293.15,5.937699187581845e-13,1.0,1.0,1.0,1.0,1.0,1.0,293.15,1.0,DRESS,0.5262854842984951,293.15,0.0,0.0
healthy_25pct_400ms_sag,NO_CONNECTION,301,3.0,3.0100000000000002,False,1.0,0.9999999999999998,GRID,3599752.3684210517,1.0,False,188.4999395543714,0.000200000605812612,199998.5318398103,0.0,299998.5972070135,0.0001,293.15,-1.349588865142356e-13,1.0,1.0,1.0,1.0,1.0,1.0,293.15,1.0,DRESS,0.5263707477953575,293.15,0.0,0.0
healthy_25pct_400ms_sag,NO_CONNECTION,302,3.0100000000000002,3.02,False,1.0,0.9999999999999998,GRID,3599757.3684210517,1.0,False,188.4999425766528,0.00020000057954241548,199998.59720701352,0.0,299998.6596638337,0.0001,293.15,5.740954293984222e-13,1.0,1.0,1.0,1.0,1.0,1.0,293.15,1.0,DRESS,0.5264559959286618,293.15,0.0,0.0
healthy_25pct_400ms_sag,NO_CONNECTION,303,3.02,3.0300000000000002,False,1.0,0.9999999999999998,GRID,3599762.3684210517,1.0,False,188.49994544782018,0.00020000055440673773,199998.65966383365,-2.9103830456733704e-11,299998.7193848938,0.0001,293.15,2.930888913727543e-13,1.0,1.0,1.0,1.0,1.0,1.0,293.15,1.0,DRESS,0.5265412287011791,293.15,0.0,0.0
healthy_25pct_400ms_sag,NO_CONNECTION,304,3.0300000000000002,3.04,False,1.0,0.9999999999999998,GRID,3599767.3684210517,1.0,False,188.49994817542918,0.000200000530334301,199998.71938489377,0.0,299998.77648660913,0.0001,293.15,5.668931957967149e-14,1.0,1.0,1.0,1.0,1.0,1.0,293.15,1.0,DRESS,0.5266264461156807,293.15,0.0,0.0
healthy_25pct_400ms_sag,NO_CONNECTION,305,3.04,3.0500000000000003,False,1.0,0.9999999999999998,GRID,3599772.3684210517,1.0,False,188.49995076665772,0.00020000050728212989,199998.7764866091,-2.9103830456733704e-11,299998.8310271874,0.0001,293.15,9.56970653978826e-13,1.0,1.0,1.0,1.0,1.0,1.0,293.15,1.0,DRESS,0.5267116481749367,293.15,0.0,0.0
healthy_25pct_400ms_sag,NO_CONNECTION,306,3.0500000000000003,3.06,False,1.0,0.9999999999999998,GRID,3599777.3684210517,1.0,False,188.49995322832484,0.00020000048523559095,199998.8310271874,0.0,299998.8831812516,0.0001,293.15,5.63681584048082e-13,1.0,1.0,1.0,1.0,1.0,1.0,293.15,1.0,DRESS,0.526796834881717,293.15,0.0,0.0
healthy_25pct_400ms_sag,NO_CONNECTION,307,3.06,3.0700000000000003,False,1.0,0.9999999999999998,GRID,3599782.3684210517,1.0,False,188.4999555669086,0.00020000046412111967,199998.8831812516,0.0,299998.933065217,0.0001,293.15,-9.079689636870397e-14,1.0,1.0,1.0,1.0,1.0,1.0,293.15,1.0,DRESS,0.5268820062387912,293.15,0.0,0.0
healthy_25pct_400ms_sag,NO_CONNECTION,308,3.0700000000000003,3.08,False,1.0,0.9999999999999998,GRID,3599787.3684210517,1.0,False,188.49995778856317,0.00020000044389356818,199998.933065217,0.0,299998.9807372913,0.0001,293.15,8.343677745248596e-14,1.0,1.0,1.0,1.0,1.0,1.0,293.15,1.0,DRESS,0.5269671622489281,293.15,0.0,0.0
healthy_25pct_400ms_sag,NO_CONNECTION,309,3.08,3.09,False,1.0,0.9999999999999998,GRID,3599792.3684210517,1.0,False,188.499959899135,0.00020000042453623913,199998.98073729128,0.0,299999.0263138898,0.0001,293.15,-1.5267567429495943e-13,1.0,1.0,1.0,1.0,1.0,1.0,293.15,1.0,DRESS,0.5270523029148962,293.15,0.0,0.0
healthy_25pct_400ms_sag,NO_CONNECTION,310,3.09,3.1,False,1.0,0.9999999999999998,GRID,3599797.3684210517,1.0,False,188.49996190417826,0.00020000040600271117,199999.02631388977,0.0,299999.0699114278,0.0001,293.15,-9.037632171501093e-13,1.0,1.0,1.0,1.0,1.0,1.0,293.15,1.0,DRESS,0.5271374282394634,293.15,0.0,0.0
healthy_25pct_400ms_sag,NO_CONNECTION,311,3.1,3.11,False,1.0,0.9999999999999998,GRID,3599802.3684210517,1.0,False,188.49996380896934,0.00020000038824597363,199999.0699114278,0.0,299999.11152990535,0.0001,293.15,1.1146989093483605e-13,1.0,1.0,1.0,1.0,1.0,1.0,293.15,1.0,DRESS,0.5272225382253971,293.15,0.0,0.0
healthy_25pct_400ms_sag,NO_CONNECTION,312,3.11,3.12,False,1.0,0.9999999999999998,GRID,3599807.3684210517,1.0,False,188.49996561852086,0.00020000037127666345,199999.11152990532,-2.9103830456733704e-11,299999.15128573775,0.0001,293.15,5.171464878507129e-13,1.0,1.0,1.0,1.0,1.0,1.0,293.15,1.0,DRESS,0.5273076328754641,293.15,0.0,0.0
healthy_25pct_400ms_sag,NO_CONNECTION,313,3.12,3.13,False,1.0,0.9999999999999998,GRID,3599812.3684210517,1.0,False,188.49996733759482,0.00020000035504667835,199999.15128573778,2.9103830456733704e-11,299999.189353548,0.0001,293.15,-9.863004060391533e-13,1.0,1.0,1.0,1.0,1.0,1.0,293.15,1.0,DRESS,0.527392712192431,293.15,0.0,0.0
healthy_25pct_400ms_sag,NO_CONNECTION,314,3.13,3.14,False,1.0,0.9999999999999998,GRID,3599817.3684210517,1.0,False,188.4999689707151,0.00020000033947830688,199999.189353548,0.0,299999.2256751284,0.0001,293.15,2.0913448002446033e-13,1.0,1.0,1.0,1.0,1.0,1.0,293.15,1.0,DRESS,0.5274777761790636,293.15,0.0,0.0
healthy_25pct_400ms_sag,NO_CONNECTION,315,3.14,3.15,False,1.0,0.9999999999999998,GRID,3599822.3684210517,1.0,False,188.49997052217932,0.0002000003246097726,199999.2256751284,0.0,299999.2603668943,0.0001,293.15,5.910073683701139e-13,1.0,1.0,1.0,1.0,1.0,1.0,293.15,1.0,DRESS,0.5275628248381273,293.15,0.0,0.0
healthy_25pct_400ms_sag,NO_CONNECTION,316,3.15,3.16,False,1.0,0.9999999999999998,GRID,3599827.3684210517,1.0,False,188.49997199607037,0.00020000031039153207,199999.2603668943,0.0,299999.293545261,0.0001,293.15,5.156713001484861e-14,1.0,1.0,1.0,1.0,1.0,1.0,293.15,1.0,DRESS,0.5276478581723871,293.15,0.0,0.0
healthy_25pct_400ms_sag,NO_CONNECTION,317,3.16,3.17,False,1.0,0.9999999999999998,GRID,3599832.3684210517,1.0,False,188.49997339626685,0.00020000029677360814,199999.29354526105,2.9103830456733704e-11,299999.32521022856,0.0001,293.15,8.691431163101202e-13,1.0,1.0,1.0,1.0,1.0,1.0,293.15,1.0,DRESS,0.5277328761846074,293.15,0.0,0.0
healthy_25pct_400ms_sag,NO_CONNECTION,318,3.17,3.18,False,1.0,0.9999999999999998,GRID,3599837.3684210517,1.0,False,188.4999747264535,0.00020000028376382015,199999.32521022853,-2.9103830456733704e-11,299999.35547821224,0.0001,293.15,6.650405269883823e-13,1.0,1.0,1.0,1.0,1.0,1.0,293.15,1.0,DRESS,0.527817878877552,293.15,0.0,0.0
healthy_25pct_400ms_sag,NO_CONNECTION,319,3.18,3.19,False,1.0,0.9999999999999998,GRID,3599842.3684210517,1.0,False,188.49997599013082,0.00020000027131138854,199999.35547821224,0.0,299999.3844656274,0.0001,293.15,-6.697278522776473e-13,1.0,1.0,1.0,1.0,1.0,1.0,293.15,1.0,DRESS,0.5279028662539845,293.15,0.0,0.0
healthy_25pct_400ms_sag,NO_CONNECTION,320,3.19,3.2,False,1.0,0.9999999999999998,GRID,3599847.3684210517,1.0,False,188.4999771906243,0.00020000025936516282,199999.38446562737,0.0,299999.41217247397,0.0001,293.15,-8.58006061490109e-13,1.0,1.0,1.0,1.0,1.0,1.0,293.15,1.0,DRESS,0.5279878383166677,293.15,0.0,0.0
healthy_25pct_400ms_sag,NO_CONNECTION,321,3.2,3.21,False,1.0,0.9999999999999998,GRID,3599852.3684210517,1.0,False,188.49997833109308,0.0002000002479318466,199999.41217247397,0.0,299999.438598752,0.0001,293.15,1.0690950783074085e-13,1.0,1.0,1.0,1.0,1.0,1.0,293.15,1.0,DRESS,0.5280727950683641,293.15,0.0,0.0
healthy_25pct_400ms_sag,NO_CONNECTION,322,3.21,3.22,False,1.0,0.9999999999999998,GRID,3599857.3684210517,1.0,False,188.49997941453842,0.00020000023701780882,199999.438598752,-2.9103830456733704e-11,299999.46386087686,0.0001,293.15,-1.5512634959131005e-13,1.0,1.0,1.0,1.0,1.0,1.0,293.15,1.0,DRESS,0.5281577365118355,293.15,0.0,0.0
healthy_25pct_400ms_sag,NO_CONNECTION,323,3.22,3.23,False,1.0,0.9999999999999998,GRID,3599862.3684210517,1.0,False,188.4999804438115,0.00020000022657089213,199999.46386087686,0.0,299999.4879588485,0.0001,293.15,6.320355225514937e-13,1.0,1.0,1.0,1.0,1.0,1.0,293.15,1.0,DRESS,0.5282426626498434,293.15,0.0,0.0
healthy_25pct_400ms_sag,NO_CONNECTION,324,3.23,3.24,False,1.0,0.9999999999999998,GRID,3599867.3684210517,1.0,False,188.49998142162093,0.00020000021659684434,199999.48795884848,0.0,299999.5110090822,0.0001,293.15,8.762879311064312e-14,1.0,1.0,1.0,1.0,1.0,1.0,293.15,1.0,DRESS,0.5283275734851488,293.15,0.0,0.0
healthy_25pct_400ms_sag,NO_CONNECTION,325,3.24,3.25,False,1.0,0.9999999999999998,GRID,3599872.3684210517,1.0,False,188.49998235053988,0.00020000020704291822,199999.5110090822,0.0,299999.533011578,0.0001,293.15,4.872127039919476e-13,1.0,1.0,1.0,1.0,1.0,1.0,293.15,1.0,DRESS,0.528412469020512,293.15,0.0,0.0
healthy_25pct_400ms_sag,NO_CONNECTION,326,3.25,3.2600000000000002,False,1.0,0.9999999999999998,GRID,3599877.3684210517,1.0,False,188.4999832330129,0.00020000019791430114,199999.53301157802,0.0,299999.5540827513,0.0001,293.15,-5.505395136084833e-13,1.0,1.0,1.0,1.0,1.0,1.0,293.15,1.0,DRESS,0.528497349258693,293.15,0.0,0.0
healthy_25pct_400ms_sag,NO_CONNECTION,327,3.2600000000000002,3.27,False,1.0,0.9999999999999998,GRID,3599882.3684210517,1.0,False,188.49998407136226,0.00020000018915771356,199999.55408275127,0.0,299999.57422260195,0.0001,293.15,-7.506009339465797e-13,1.0,1.0,1.0,1.0,1.0,1.0,293.15,1.0,DRESS,0.5285822142024511,293.15,0.0,0.0
healthy_25pct_400ms_sag,NO_CONNECTION,328,3.27,3.2800000000000002,False,1.0,0.9999999999999998,GRID,3599887.3684210517,1.0,False,188.49998486779415,0.000200000180777837,199999.57422260195,0.0,299999.59343113005,0.0001,293.15,-1.0829006690929087e-13,1.0,1.0,1.0,1.0,1.0,1.0,293.15,1.0,DRESS,0.5286670638545454,293.15,0.0,0.0
healthy_25pct_400ms_sag,NO_CONNECTION,329,3.2800000000000002,3.29,False,1.0,0.9999999999999998,GRID,3599892.3684210517,1.0,False,188.49998562440445,0.00020000017277911896,199999.59343113005,0.0,299999.61176654324,0.0001,293.15,1.8758358039627422e-13,1.0,1.0,1.0,1.0,1.0,1.0,293.15,1.0,DRESS,0.5287518982177343,293.15,0.0,0.0
healthy_25pct_400ms_sag,NO_CONNECTION,330,3.29,3.3000000000000003,False,1.0,0.9999999999999998,GRID,3599897.3684210517,1.0,False,188.49998634318422,0.0002000001651366808,199999.61176654324,0.0,299999.6292870492,0.0001,293.15,8.303750048674428e-14,1.0,1.0,1.0,1.0,1.0,1.0,293.15,1.0,DRESS,0.5288367172947757,293.15,0.0,0.0
healthy_25pct_400ms_sag,NO_CONNECTION,331,3.3000000000000003,3.31,False,1.0,0.9999999999999998,GRID,3599902.3684210517,1.0,False,188.499987026025,0.00020000015782543264,199999.6292870492,2.9103830456733704e-11,299999.6460508555,0.0001,293.15,-4.761219895990877e-13,1.0,1.0,1.0,1.0,1.0,1.0,293.15,1.0,DRESS,0.5289215210884269,293.15,0.0,0.0
healthy_25pct_400ms_sag,NO_CONNECTION,332,3.31,3.3200000000000003,False,1.0,0.9999999999999998,GRID,3599907.3684210517,1.0,False,188.49998767472374,0.00020000015082008383,199999.64605085552,0.0,299999.6619997546,0.0001,293.15,8.422247263755346e-13,1.0,1.0,1.0,1.0,1.0,1.0,293.15,1.0,DRESS,0.5290063096014451,293.15,0.0,0.0
healthy_25pct_400ms_sag,NO_CONNECTION,333,3.3200000000000003,3.33,False,1.0,0.9999999999999998,GRID,3599912.3684210517,1.0,False,188.49998829098755,0.00020000014415336073,199999.66199975467,5.820766091346741e-11,299999.67725016177,0.0001,293.15,5.201366540165967e-13,1.0,1.0,1.0,1.0,1.0,1.0,293.15,1.0,DRESS,0.5290910828365866,293.15,0.0,0.0
healthy_25pct_400ms_sag,NO_CONNECTION,334,3.33,3.34,False,1.0,0.9999999999999998,GRID,3599917.3684210517,1.0,False,188.49998887643818,0.00020000013777049714,199999.67725016177,0.0,299999.691802077,0.0001,293.15,8.311540746017837e-13,1.0,1.0,1.0,1.0,1.0,1.0,293.15,1.0,DRESS,0.5291758407966073,293.15,0.0,0.0
healthy_25pct_400ms_sag,NO_CONNECTION,335,3.34,3.35,False,1.0,0.9999999999999998,GRID,3599922.3684210517,1.0,False,188.49998943261627,0.00020000013167476233,199999.691802077,0.0,299999.7057719156,0.0001,293.15,-6.079678698412452e-13,1.0,1.0,1.0,1.0,1.0,1.0,293.15,1.0,DRESS,0.5292605834842627,293.15,0.0,0.0
healthy_25pct_400ms_sag,NO_CONNECTION,336,3.35,3.36,False,1.0,0.9999999999999998,GRID,3599927.3684210517,1.0,False,188.49998996098546,0.0002000001258110546,199999.70577191561,0.0,299999.7190432623,0.0001,293.15,8.624896754910102e-13,1.0,1.0,1.0,1.0,1.0,1.0,293.15,1.0,DRESS,0.5293453109023079,293.15,0.0,0.0
healthy_25pct_400ms_sag,NO_CONNECTION,337,3.36,3.37,False,1.0,0.9999999999999998,GRID,3599932.3684210517,1.0,False,188.49999046293618,0.000200000120240532,199999.7190432623,0.0,299999.7317325324,0.0001,293.15,5.888642226831325e-13,1.0,1.0,1.0,1.0,1.0,1.0,293.15,1.0,DRESS,0.5294300230534971,293.15,0.0,0.0
healthy_25pct_400ms_sag,NO_CONNECTION,338,3.37,3.38,False,1.0,0.9999999999999998,GRID,3599937.3684210517,1.0,False,188.49999093978937,0.00020000011490779013,199999.73173253238,0.0,299999.74383972585,0.0001,293.15,8.44057796746392e-13,1.0,1.0,1.0,1.0,1.0,1.0,293.15,1.0,DRESS,0.5295147199405843,293.15,0.0,0.0
healthy_25pct_400ms_sag,NO_CONNECTION,339,3.38,3.39,False,1.0,0.9999999999999998,GRID,3599942.3684210517,1.0,False,188.4999913927999,0.00020000010981549172,199999.7438397259,5.820766091346741e-11,299999.75548125803,0.0001,293.15,-7.557809494343135e-13,1.0,1.0,1.0,1.0,1.0,1.0,293.15,1.0,DRESS,0.529599401566323,293.15,0.0,0.0
healthy_25pct_400ms_sag,NO_CONNECTION,340,3.39,3.4,False,1.0,0.9999999999999998,GRID,3599947.3684210517,1.0,False,188.49999182315992,0.0002000001049079591,199999.75548125798,-5.820766091346741e-11,299999.7665407136,0.0001,293.15,4.484908158828277e-13,1.0,1.0,1.0,1.0,1.0,1.0,293.15,1.0,DRESS,0.5296840679334662,293.15,0.0,0.0
healthy_25pct_400ms_sag,NO_CONNECTION,341,3.4,3.41,False,1.0,0.9999999999999998,GRID,3599952.3684210517,1.0,False,188.49999223200192,0.00020000010024580285,199999.76654071364,2.9103830456733704e-11,299999.7771345079,0.0001,293.15,-1.9733682244706843e-13,1.0,1.0,1.0,1.0,1.0,1.0,293.15,1.0,DRESS,0.5297687190447663,293.15,0.0,0.0
healthy_25pct_400ms_sag,NO_CONNECTION,342,3.41,3.42,False,1.0,0.9999999999999998,GRID,3599957.3684210517,1.0,False,188.49999262040183,0.00020000009577309866,199999.77713450792,2.9103830456733704e-11,299999.7872626409,0.0001,293.15,-4.2088176856452144e-13,1.0,1.0,1.0,1.0,1.0,1.0,293.15,1.0,DRESS,0.5298533549029752,293.15,0.0,0.0
healthy_25pct_400ms_sag,NO_CONNECTION,343,3.42,3.43,False,1.0,0.9999999999999998,GRID,3599962.3684210517,1.0,False,188.49999298938172,0.00020000009149201534,199999.78726264092,2.9103830456733704e-11,299999.7969251126,0.0001,293.15,-2.1997521154877148e-13,1.0,1.0,1.0,1.0,1.0,1.0,293.15,1.0,DRESS,0.5299379755108446,293.15,0.0,0.0
healthy_25pct_400ms_sag,NO_CONNECTION,344,3.43,3.44,False,1.0,0.9999999999999998,GRID,3599967.3684210517,1.0,False,188.49999333991263,0.00020000008740461348,199999.79692511258,-2.9103830456733704e-11,299999.80612192303,0.0001,293.15,4.0744346969673195e-13,1.0,1.0,1.0,1.0,1.0,1.0,293.15,1.0,DRESS,0.5300225808711253,293.15,0.0,0.0
healthy_25pct_400ms_sag,NO_CONNECTION,345,3.44,3.45,False,1.0,0.9999999999999998,GRID,3599972.3684210517,1.0,False,188.49999367291701,0.00020000008351285048,199999.80612192303,0.0,299999.8149694875,0.0001,293.15,-9.231824403240309e-13,1.0,1.0,1.0,1.0,1.0,1.0,293.15,1.0,DRESS,0.5301071709865678,293.15,0.0,0.0
healthy_25pct_400ms_sag,NO_CONNECTION,346,3.45,3.46,False,1.0,0.9999999999999998,GRID,3599977.3684210517,1.0,False,188.49999398927116,0.00020000007976037827,199999.8149694875,0.0,299999.82335139066,0.0001,293.15,4.466195008224753e-13,1.0,1.0,1.0,1.0,1.0,1.0,293.15,1.0,DRESS,0.530191745859922,293.15,0.0,0.0
healthy_25pct_400ms_sag,NO_CONNECTION,347,3.46,3.47,False,1.0,0.9999999999999998,GRID,3599982.3684210517,1.0,False,188.4999942898076,0.0002000000762071712,199999.82335139063,-2.9103830456733704e-11,299999.83138404787,0.0001,293.15,-1.3799685894857983e-13,1.0,1.0,1.0,1.0,1.0,1.0,293.15,1.0,DRESS,0.5302763054939374,293.15,0.0,0.0
healthy_25pct_400ms_sag,NO_CONNECTION,348,3.47,3.48,False,1.0,0.9999999999999998,GRID,3599987.3684210517,1.0,False,188.49999457531723,0.0002000000727966998,199999.83138404784,-2.9103830456733704e-11,299999.8390674591,0.0001,293.15,-4.0525457122021105e-13,1.0,1.0,1.0,1.0,1.0,1.0,293.15,1.0,DRESS,0.5303608498913631,293.15,0.0,0.0
healthy_25pct_400ms_sag,NO_CONNECTION,349,3.48,3.49,False,1.0,0.9999999999999998,GRID,3599992.3684210517,1.0,False,188.49999484655137,0.0002000000695305585,199999.83906745916,5.820766091346741e-11,299999.8464016244,0.0001,293.15,-3.535591811725327e-13,1.0,1.0,1.0,1.0,1.0,1.0,293.15,1.0,DRESS,0.5304453790549476,293.15,0.0,0.0
healthy_25pct_400ms_sag,NO_CONNECTION,350,3.49,3.5,False,1.0,0.9999999999999998,GRID,3599997.3684210517,1.0,False,188.4999951042238,0.00020000006641026196,199999.84640162432,-5.820766091346741e-11,299999.8533865437,0.0001,293.15,1.860391452436317e-14,1.0,1.0,1.0,1.0,1.0,1.0,293.15,1.0,DRESS,0.5305298929874388,293.15,0.0,0.0
healthy_25pct_400ms_sag,NO_CONNECTION,351,3.5,3.5100000000000002,False,1.0,0.9999999999999998,GRID,3600000.0,1.0,False,188.49999534901264,0.000200000063437249,199999.85338654366,-2.9103830456733704e-11,299999.86002221704,0.0001,293.15,7.126736012311377e-13,1.0,1.0,1.0,1.0,1.0,1.0,293.15,1.0,DRESS,0.5306143916915842,293.15,0.0,0.0
healthy_25pct_400ms_sag,NO_CONNECTION,352,3.5100000000000002,3.52,False,1.0,0.9999999999999998,GRID,3600000.0,1.0,False,188.49999558156202,0.00020000006061288668,199999.86002221704,0.0,299999.86642505974,0.0001,293.15,-6.564971981835969e-13,1.0,1.0,1.0,1.0,1.0,1.0,293.15,1.0,DRESS,0.5306988751701307,293.15,0.0,0.0
healthy_25pct_400ms_sag,NO_CONNECTION,353,3.52,3.5300000000000002,False,1.0,0.9999999999999998,GRID,3600000.0,1.0,False,188.4999958024839,0.00020000005788026588,199999.8664250597,-2.9103830456733704e-11,299999.87247865647,0.0001,293.15,5.690029382995163e-13,1.0,1.0,1.0,1.0,1.0,1.0,293.15,1.0,DRESS,0.530783343425825,293.15,0.0,0.0
healthy_25pct_400ms_sag,NO_CONNECTION,354,3.5300000000000002,3.54,False,1.0,0.9999999999999998,GRID,3600000.0,1.0,False,188.4999960123597,0.00020000005529882803,199999.87247865647,0.0,299999.87829942256,0.0001,293.15,-2.662050809822125e-13,1.0,1.0,1.0,1.0,1.0,1.0,293.15,1.0,DRESS,0.530867796461413,293.15,0.0,0.0
healthy_25pct_400ms_sag,NO_CONNECTION,355,3.54,3.5500000000000003,False,1.0,0.9999999999999998,GRID,3600000.0,1.0,False,188.49999621174172,0.00020000005281153743,199999.8782994226,2.9103830456733704e-11,299999.883887358,0.0001,293.15,-8.908505351587233e-13,1.0,1.0,1.0,1.0,1.0,1.0,293.15,1.0,DRESS,0.5309522342796402,293.15,0.0,0.0
healthy_25pct_400ms_sag,NO_CONNECTION,356,3.5500000000000003,3.56,False,1.0,0.9999999999999998,GRID,3600000.0,1.0,False,188.49999640115462,0.0002000000504195075,199999.88388735804,2.9103830456733704e-11,299999.88918425515,0.0001,293.15,-1.1056294931238387e-13,1.0,1.0,1.0,1.0,1.0,1.0,293.15,1.0,DRESS,0.5310366568832516,293.15,0.0,0.0
healthy_25pct_400ms_sag,NO_CONNECTION,357,3.56,3.5700000000000003,False,1.0,0.9999999999999998,GRID,3600000.0,1.0,False,188.4999965810969,0.0002000000481528999,199999.88918425512,-2.9103830456733704e-11,299999.89424832165,0.0001,293.15,-2.5259093102726564e-13,1.0,1.0,1.0,1.0,1.0,1.0,293.15,1.0,DRESS,0.5311210642749918,293.15,0.0,0.0
healthy_25pct_400ms_sag,NO_CONNECTION,358,3.5700000000000003,3.58,False,1.0,0.9999999999999998,GRID,3600000.0,1.0,False,188.49999675204205,0.00020000004598361553,199999.89424832162,-2.9103830456733704e-11,299999.8990795575,0.0001,293.15,-1.8088035355548615e-13,1.0,1.0,1.0,1.0,1.0,1.0,293.15,1.0,DRESS,0.5312054564576048,293.15,0.0,0.0
healthy_25pct_400ms_sag,NO_CONNECTION,359,3.58,3.59,False,1.0,0.9999999999999998,GRID,3600000.0,1.0,False,188.49999691443995,0.00020000004391260894,199999.8990795575,0.0,299999.9036779627,0.0001,293.15,1.0552332824816382e-13,1.0,1.0,1.0,1.0,1.0,1.0,293.15,1.0,DRESS,0.531289833433834,293.15,0.0,0.0
healthy_25pct_400ms_sag,NO_CONNECTION,360,3.59,3.6,False,1.0,0.9999999999999998,GRID,3600000.0,1.0,False,188.49999706871796,0.00020000004194078717,199999.90367796272,0.0,299999.90810174495,0.0001,293.15,-5.857298955753997e-13,1.0,1.0,1.0,1.0,1.0,1.0,293.15,1.0,DRESS,0.5313741952064225,293.15,0.0,0.0
healthy_25pct_400ms_sag,NO_CONNECTION,361,3.6,3.61,False,1.0,0.9999999999999998,GRID,3600000.0,1.0,False,188.49999721528206,0.00020000004003990776,199999.90810174498,2.9103830456733704e-11,299999.91229269654,0.0001,293.15,7.452776948097988e-14,1.0,1.0,1.0,1.0,1.0,1.0,293.15,1.0,DRESS,0.5314585417781129,293.15,0.0,0.0
healthy_25pct_400ms_sag,NO_CONNECTION,362,3.61,3.62,False,1.0,0.9999999999999998,GRID,3600000.0,1.0,False,188.49999735451797,0.00020000003823989314,199999.9122926965,-2.9103830456733704e-11,299999.9162508175,0.0001,293.15,9.520655536729718e-13,1.0,1.0,1.0,1.0,1.0,1.0,293.15,1.0,DRESS,0.5315428731516473,293.15,0.0,0.0
healthy_25pct_400ms_sag,NO_CONNECTION,363,3.62,3.63,False,1.0,0.9999999999999998,GRID,3600000.0,1.0,False,188.49999748679207,0.00020000003654152074,199999.91625081748,0.0,299999.9200925231,0.0001,293.15,-3.3885322282476233e-13,1.0,1.0,1.0,1.0,1.0,1.0,293.15,1.0,DRESS,0.531627189329767,293.15,0.0,0.0
healthy_25pct_400ms_sag,NO_CONNECTION,364,3.63,3.64,False,1.0,0.9999999999999998,GRID,3600000.0,1.0,False,188.49999761245246,0.00020000003488732158,199999.92009252307,-2.9103830456733704e-11,299999.9237013981,0.0001,293.15,8.5912300711033e-13,1.0,1.0,1.0,1.0,1.0,1.0,293.15,1.0,DRESS,0.5317114903152134,293.15,0.0,0.0
healthy_25pct_400ms_sag,NO_CONNECTION,365,3.64,3.65,False,1.0,0.9999999999999998,GRID,3600000.0,1.0,False,188.49999773182984,0.00020000003333620504,199999.92370139807,0.0,299999.92719385773,0.0001,293.15,-1.0991693395311522e-13,1.0,1.0,1.0,1.0,1.0,1.0,293.15,1.0,DRESS,0.5317957761107267,293.15,0.0,0.0
healthy_25pct_400ms_sag,NO_CONNECTION,366,3.65,3.66,False,1.0,0.9999999999999998,GRID,3600000.0,1.0,False,188.49999784523834,0.00020000003183063013,199999.9271938577,-2.9103830456733704e-11,299999.93056990206,0.0001,293.15,-9.752075633574034e-13,1.0,1.0,1.0,1.0,1.0,1.0,293.15,1.0,DRESS,0.5318800467190472,293.15,0.0,0.0
healthy_25pct_400ms_sag,NO_CONNECTION,367,3.66,3.67,False,1.0,0.9999999999999998,GRID,3600000.0,1.0,False,188.49999795297643,0.0002000000303712301,199999.93056990206,0.0,299999.93371311575,0.0001,293.15,6.503984270643831e-13,1.0,1.0,1.0,1.0,1.0,1.0,293.15,1.0,DRESS,0.5319643021429143,293.15,0.0,0.0
healthy_25pct_400ms_sag,NO_CONNECTION,368,3.67,3.68,False,1.0,0.9999999999999998,GRID,3600000.0,1.0,False,188.4999980553276,0.0002000000290168143,199999.93371311578,2.9103830456733704e-11,299999.9367399141,0.0001,293.15,1.1088988288807598e-13,1.0,1.0,1.0,1.0,1.0,1.0,293.15,1.0,DRESS,0.5320485423850673,293.15,0.0,0.0
healthy_25pct_400ms_sag,NO_CONNECTION,369,3.68,3.69,False,1.0,0.9999999999999998,GRID,3600000.0,1.0,False,188.49999815256123,0.0002000000277097466,199999.93673991412,0.0,299999.93965029716,0.0001,293.15,-3.2306290617938743e-13,1.0,1.0,1.0,1.0,1.0,1.0,293.15,1.0,DRESS,0.5321327674482446,293.15,0.0,0.0
healthy_25pct_400ms_sag,NO_CONNECTION,370,3.69,3.7,False,1.0,0.9999999999999998,GRID,3600000.0,1.0,False,188.49999824493318,0.00020000002645057,199999.93965029714,-2.9103830456733704e-11,299999.9424442649,0.0001,293.15,-6.509169445849785e-13,1.0,1.0,1.0,1.0,1.0,1.0,293.15,1.0,DRESS,0.5322169773351842,293.15,0.0,0.0
healthy_25pct_400ms_sag,NO_CONNECTION,371,3.7,3.71,False,1.0,0.9999999999999998,GRID,3600000.0,1.0,False,188.49999833268652,0.00020000002523980022,199999.9424442649,0.0,299999.9451218173,0.0001,293.15,-8.721564638027058e-13,1.0,1.0,1.0,1.0,1.0,1.0,293.15,1.0,DRESS,0.5323011720486239,293.15,0.0,0.0
healthy_25pct_400ms_sag,NO_CONNECTION,372,3.71,3.72,False,1.0,0.9999999999999998,GRID,3600000.0,1.0,False,188.4999984160522,0.00020000002407792746,199999.9451218173,0.0,299999.9476829544,0.0001,293.15,-9.862913366879766e-13,1.0,1.0,1.0,1.0,1.0,1.0,293.15,1.0,DRESS,0.5323853515913007,293.15,0.0,0.0
healthy_25pct_400ms_sag,NO_CONNECTION,373,3.72,3.73,False,1.0,0.9999999999999998,GRID,3600000.0,1.0,False,188.49999849524957,0.00020000002296541715,199999.94768295437,0.0,299999.95012767613,0.0001,293.15,-9.928560881430885e-13,1.0,1.0,1.0,1.0,1.0,1.0,293.15,1.0,DRESS,0.5324695159659513,293.15,0.0,0.0
healthy_25pct_400ms_sag,NO_CONNECTION,374,3.73,3.74,False,1.0,0.9999999999999998,GRID,3600000.0,1.0,False,188.4999985704871,0.00020000002190271161,199999.95012767613,0.0,299999.95245598257,0.0001,293.15,-8.914084043392554e-13,1.0,1.0,1.0,1.0,1.0,1.0,293.15,1.0,DRESS,0.5325536651753116,293.15,0.0,0.0
healthy_25pct_400ms_sag,NO_CONNECTION,375,3.74,3.75,False,1.0,0.9999999999999998,GRID,3600000.0,1.0,False,188.49999864196275,0.00020000002089023093,199999.9524559826,2.9103830456733704e-11,299999.9546678737,0.0001,293.15,-6.815282111447348e-13,1.0,1.0,1.0,1.0,1.0,1.0,293.15,1.0,DRESS,0.5326377992221173,293.15,0.0,0.0
healthy_25pct_400ms_sag,NO_CONNECTION,376,3.75,3.7600000000000002,False,1.0,0.9999999999999998,GRID,3600000.0,1.0,False,188.4999987098646,0.00020000001992837434,199999.95466787365,-2.9103830456733704e-11,299999.9567633495,0.0001,293.15,-3.6281626466204265e-13,1.0,1.0,1.0,1.0,1.0,1.0,293.15,1.0,DRESS,0.5327219181091035,293.15,0.0,0.0
healthy_25pct_400ms_sag,NO_CONNECTION,377,3.7600000000000002,3.77,False,1.0,0.9999999999999998,GRID,3600000.0,1.0,False,188.49999877437136,0.00020000001901752088,199999.95676334944,-2.9103830456733704e-11,299999.95874240994,0.0001,293.15,6.510648574084281e-14,1.0,1.0,1.0,1.0,1.0,1.0,293.15,1.0,DRESS,0.5328060218390049,293.15,0.0,0.0
healthy_25pct_400ms_sag,NO_CONNECTION,378,3.77,3.7800000000000002,False,1.0,0.9999999999999998,GRID,3600000.0,1.0,False,188.4999988356528,0.00020000001815803092,199999.95874240994,0.0,299999.9606050551,0.0001,293.15,6.0260037465596e-13,1.0,1.0,1.0,1.0,1.0,1.0,293.15,1.0,DRESS,0.5328901104145557,293.15,0.0,0.0
healthy_25pct_400ms_sag,NO_CONNECTION,379,3.7800000000000002,3.79,False,1.0,0.9999999999999998,GRID,3600000.0,1.0,False,188.49999889387016,0.00020000001735024657,199999.96060505512,2.9103830456733704e-11,299999.9624094926,0.0001,293.15,5.67505092398393e-14,1.0,1.0,1.0,1.0,1.0,1.0,293.15,1.0,DRESS,0.5329741838384894,293.15,0.0,0.0
healthy_25pct_400ms_sag,NO_CONNECTION,380,3.79,3.8000000000000003,False,1.0,0.9999999999999998,GRID,3600000.0,1.0,False,188.49999894917664,0.00020000001656538913,199999.96240949258,0.0,299999.96409751475,0.0001,293.15,7.561884105000717e-13,1.0,1.0,1.0,1.0,1.0,1.0,293.15,1.0,DRESS,0.533058242113539,293.15,0.0,0.0
healthy_25pct_400ms_sag,NO_CONNECTION,381,3.8000000000000003,3.81,False,1.0,0.9999999999999998,GRID,3600000.0,1.0,False,188.4999990017178,0.00020000001583287132,199999.96409751475,0.0,299999.96572732925,0.0001,293.15,3.729165717544749e-13,1.0,1.0,1.0,1.0,1.0,1.0,293.15,1.0,DRESS,0.5331422852424375,293.15,0.0,0.0
healthy_25pct_400ms_sag,NO_CONNECTION,382,3.81,3.8200000000000003,False,1.0,0.9999999999999998,GRID,3600000.0,1.0,False,188.49999905163193,0.00020000001512388268,199999.96572732925,0.0,299999.9672989361,0.0001,293.15,4.2277734048008095e-14,1.0,1.0,1.0,1.0,1.0,1.0,293.15,1.0,DRESS,0.5332263132279167,293.15,0.0,0.0
healthy_25pct_400ms_sag,NO_CONNECTION,383,3.8200000000000003,3.83,False,1.0,0.9999999999999998,GRID,3600000.0,1.0,False,188.49999909905034,0.00020000001443870193,199999.96729893616,5.820766091346741e-11,299999.9687541276,0.0001,293.15,9.578076585982018e-13,1.0,1.0,1.0,1.0,1.0,1.0,293.15,1.0,DRESS,0.5333103260727085,293.15,0.0,0.0
healthy_25pct_400ms_sag,NO_CONNECTION,384,3.83,3.84,False,1.0,0.9999999999999998,GRID,3600000.0,1.0,False,188.4999991440978,0.00020000001380669766,199999.96875412765,2.9103830456733704e-11,299999.9701511115,0.0001,293.15,7.914646710368753e-13,1.0,1.0,1.0,1.0,1.0,1.0,293.15,1.0,DRESS,0.533394323779544,293.15,0.0,0.0
healthy_25pct_400ms_sag,NO_CONNECTION,385,3.84,3.85,False,1.0,0.9999999999999998,GRID,3600000.0,1.0,False,188.49999918689292,0.00020000001319901768,199999.97015111145,-2.9103830456733704e-11,299999.97154809535,0.0001,293.15,-5.147072422136503e-13,1.0,1.0,1.0,1.0,1.0,1.0,293.15,1.0,DRESS,0.5334783063511539,293.15,0.0,0.0
healthy_25pct_400ms_sag,NO_CONNECTION,386,3.85,3.86,False,1.0,0.9999999999999998,GRID,3600000.0,1.0,False,188.49999922754827,0.00020000001258679707,199999.97154809535,0.0,299999.9728286639,0.0001,293.15,5.610943128305997e-13,1.0,1.0,1.0,1.0,1.0,1.0,293.15,1.0,DRESS,0.5335622737902683,293.15,0.0,0.0
healthy_25pct_400ms_sag,NO_CONNECTION,387,3.86,3.87,False,1.0,0.9999999999999998,GRID,3600000.0,1.0,False,188.49999926617085,0.00020000001202847057,199999.97282866386,-2.9103830456733704e-11,299999.9741092324,0.0001,293.15,-6.375164507627444e-13,1.0,1.0,1.0,1.0,1.0,1.0,293.15,1.0,DRESS,0.533646226099617,293.15,0.0,0.0
healthy_25pct_400ms_sag,NO_CONNECTION,388,3.87,3.88,False,1.0,0.9999999999999998,GRID,3600000.0,1.0,False,188.4999993028623,0.00020000001146604617,199999.97410923243,0.0,299999.97527338564,0.0001,293.15,5.462889743432912e-13,1.0,1.0,1.0,1.0,1.0,1.0,293.15,1.0,DRESS,0.533730163281929,293.15,0.0,0.0
healthy_25pct_400ms_sag,NO_CONNECTION,389,3.88,3.89,False,1.0,0.9999999999999998,GRID,3600000.0,1.0,False,188.4999993377192,0.00020000001095793647,199999.97527338564,0.0,299999.97643753886,0.0001,293.15,-5.438973300605026e-13,1.0,1.0,1.0,1.0,1.0,1.0,293.15,1.0,DRESS,0.5338140853399332,293.15,0.0,0.0
healthy_25pct_400ms_sag,NO_CONNECTION,390,3.89,3.9,False,1.0,0.9999999999999998,GRID,3600000.0,1.0,False,188.49999937083325,0.00020000001044612846,199999.97643753883,-2.9103830456733704e-11,299999.97748527676,0.0001,293.15,7.487321369457561e-13,1.0,1.0,1.0,1.0,1.0,1.0,293.15,1.0,DRESS,0.5338979922763578,293.15,0.0,0.0
healthy_25pct_400ms_sag,NO_CONNECTION,391,3.9,3.91,False,1.0,0.9999999999999998,GRID,3600000.0,1.0,False,188.4999994022916,0.0002000000099890146,199999.97748527682,5.820766091346741e-11,299999.97853301466,0.0001,293.15,-2.322506683499751e-13,1.0,1.0,1.0,1.0,1.0,1.0,293.15,1.0,DRESS,0.5339818840939304,293.15,0.0,0.0
healthy_25pct_400ms_sag,NO_CONNECTION,392,3.91,3.92,False,1.0,0.9999999999999998,GRID,3600000.0,1.0,False,188.49999943217702,0.00020000000952856303,199999.97853301468,2.9103830456733704e-11,299999.9795225449,0.0001,293.15,-2.3314122984606534e-14,1.0,1.0,1.0,1.0,1.0,1.0,293.15,1.0,DRESS,0.5340657607953784,293.15,0.0,0.0
healthy_25pct_400ms_sag,NO_CONNECTION,393,3.92,3.93,False,1.0,0.9999999999999998,GRID,3600000.0,1.0,False,188.49999946056818,0.0002000000090940444,199999.97952254495,5.820766091346741e-11,299999.9805120751,0.0001,293.15,-9.525978725451204e-13,1.0,1.0,1.0,1.0,1.0,1.0,293.15,1.0,DRESS,0.5341496223834283,293.15,0.0,0.0
healthy_25pct_400ms_sag,NO_CONNECTION,394,3.93,3.94,False,1.0,0.9999999999999998,GRID,3600000.0,1.0,False,188.49999948753975,0.00020000000865651348,199999.98051207507,-5.820766091346741e-11,299999.9814433977,0.0001,293.15,-6.91636875267514e-13,1.0,1.0,1.0,1.0,1.0,1.0,293.15,1.0,DRESS,0.5342334688608066,293.15,0.0,0.0
healthy_25pct_400ms_sag,NO_CONNECTION,395,3.94,3.95,False,1.0,0.9999999999999998,GRID,3600000.0,1.0,False,188.49999951316278,0.00020000000824522464,199999.98144339767,-2.9103830456733704e-11,299999.98225830495,0.0001,293.15,8.179270943268325e-13,1.0,1.0,1.0,1.0,1.0,1.0,293.15,1.0,DRESS,0.5343173002302388,293.15,0.0,0.0
healthy_25pct_400ms_sag,NO_CONNECTION,396,3.95,3.96,False,1.0,0.9999999999999998,GRID,3600000.0,1.0,False,188.49999953750464,0.00020000000788942483,199999.98225830492,-2.9103830456733704e-11,299999.9830732122,0.0001,293.15,5.467366088942311e-14,1.0,1.0,1.0,1.0,1.0,1.0,293.15,1.0,DRESS,0.5344011164944503,293.15,0.0,0.0
healthy_25pct_400ms_sag,NO_CONNECTION,397,3.96,3.97,False,1.0,0.9999999999999998,GRID,3600000.0,1.0,False,188.4999995606294,0.00020000000753104231,199999.98307321218,-2.9103830456733704e-11,299999.98388811946,0.0001,293.15,-7.111624776481183e-13,1.0,1.0,1.0,1.0,1.0,1.0,293.15,1.0,DRESS,0.5344849176561658,293.15,0.0,0.0
healthy_25pct_400ms_sag,NO_CONNECTION,398,3.97,3.98,False,1.0,0.9999999999999998,GRID,3600000.0,1.0,False,188.49999958259792,0.0002000000071702063,199999.98388811946,0.0,299999.9845866114,0.0001,293.15,9.070619819487302e-13,1.0,1.0,1.0,1.0,1.0,1.0,293.15,1.0,DRESS,0.5345687037181096,293.15,0.0,0.0
healthy_25pct_400ms_sag,NO_CONNECTION,399,3.98,3.99,False,1.0,0.9999999999999998,GRID,3600000.0,1.0,False,188.49999960346804,0.00020000000686524707,199999.9845866114,0.0,299999.9852851033,0.0001,293.15,2.528567898682835e-13,1.0,1.0,1.0,1.0,1.0,1.0,293.15,1.0,DRESS,0.5346524746830055,293.15,0.0,0.0
healthy_25pct_400ms_sag,NO_CONNECTION,400,3.99,4.0,False,1.0,0.9999999999999998,GRID,3600000.0,1.0,False,188.49999962329463,0.00020000000655807343,199999.98528510332,0.0,299999.98598359525,0.0001,293.15,-4.0356281738682913e-13,1.0,1.0,1.0,1.0,1.0,1.0,293.15,1.0,DRESS,0.5347362305535767,293.15,0.0,0.0
healthy_25pct_400ms_sag,NO_CONNECTION,401,4.0,4.01,False,1.0,0.9999999999999998,GRID,3600000.0,1.0,False,188.4999996421299,0.00020000000624879622,199999.98598359528,2.9103830456733704e-11,299999.9866238795,0.0001,293.15,1.3117105979957432e-13,1.0,1.0,1.0,1.0,1.0,1.0,293.15,1.0,DRESS,0.5348199713325461,293.15,0.0,0.0
healthy_25pct_400ms_sag,NO_CONNECTION,402,4.01,4.0200000000000005,False,1.0,0.9999999999999998,GRID,3600000.0,1.0,False,188.4999996600234,0.0002000000059666244,199999.9866238795,-2.9103830456733704e-11,299999.9872641638,0.0001,293.15,-4.71142901710582e-13,1.0,1.0,1.0,1.0,1.0,1.0,293.15,1.0,DRESS,0.534903697022636,293.15,0.0,0.0
healthy_25pct_400ms_sag,NO_CONNECTION,403,4.0200000000000005,4.03,False,1.0,0.9999999999999998,GRID,3600000.0,1.0,False,188.49999967702223,0.00020000000568255405,199999.9872641638,0.0,299999.9878462404,0.0001,293.15,1.179016574041202e-13,1.0,1.0,1.0,1.0,1.0,1.0,293.15,1.0,DRESS,0.534987407626568,293.15,0.0,0.0
healthy_25pct_400ms_sag,NO_CONNECTION,404,4.03,4.04,False,1.0,0.9999999999999998,GRID,3600000.0,1.0,False,188.4999996931711,0.00020000000542578394,199999.9878462404,0.0,299999.988428317,0.0001,293.15,-4.2990675038975865e-13,1.0,1.0,1.0,1.0,1.0,1.0,293.15,1.0,DRESS,0.5350711031470637,293.15,0.0,0.0
healthy_25pct_400ms_sag,NO_CONNECTION,405,4.04,4.05,False,1.0,0.9999999999999998,GRID,3600000.0,1.0,False,188.49999970851255,0.00020000000516730044,199999.98842831698,-2.9103830456733704e-11,299999.9890103936,0.0001,293.15,-9.794285635343978e-13,1.0,1.0,1.0,1.0,1.0,1.0,293.15,1.0,DRESS,0.5351547835868439,293.15,0.0,0.0
healthy_25pct_400ms_sag,NO_CONNECTION,406,4.05,4.0600000000000005,False,1.0,0.9999999999999998,GRID,3600000.0,1.0,False,188.49999972308692,0.00020000000490718917,199999.98901039362,0.0,299999.9894760549,0.0001,293.15,8.559359633824452e-13,1.0,1.0,1.0,1.0,1.0,1.0,293.15,1.0,DRESS,0.5352384489486288,293.15,0.0,0.0
healthy_25pct_400ms_sag,NO_CONNECTION,407,4.0600000000000005,4.07,False,1.0,0.9999999999999998,GRID,3600000.0,1.0,False,188.49999973693258,0.00020000000470373925,199999.9894760549,0.0,299999.9899417162,0.0001,293.15,4.196554079715848e-13,1.0,1.0,1.0,1.0,1.0,1.0,293.15,1.0,DRESS,0.5353220992351383,293.15,0.0,0.0
healthy_25pct_400ms_sag,NO_CONNECTION,408,4.07,4.08,False,1.0,0.9999999999999998,GRID,3600000.0,1.0,False,188.49999975008595,0.00020000000449882024,199999.9899417162,0.0,299999.9904073775,0.0001,293.15,-1.8094241382993397e-14,1.0,1.0,1.0,1.0,1.0,1.0,293.15,1.0,DRESS,0.5354057344490918,293.15,0.0,0.0
healthy_25pct_400ms_sag,NO_CONNECTION,409,4.08,4.09,False,1.0,0.9999999999999998,GRID,3600000.0,1.0,False,188.49999976258164,0.0002000000042925057,199999.99040737742,-5.820766091346741e-11,299999.99087303877,0.0001,293.15,-4.572394351164135e-13,1.0,1.0,1.0,1.0,1.0,1.0,293.15,1.0,DRESS,0.5354893545932081,293.15,0.0,0.0
healthy_25pct_400ms_sag,NO_CONNECTION,410,4.09,4.1,False,1.0,0.9999999999999998,GRID,3600000.0,1.0,False,188.49999977445256,0.00020000000408486535,199999.99087303877,0.0,299999.99133870006,0.0001,293.15,-8.977104319239303e-13,1.0,1.0,1.0,1.0,1.0,1.0,293.15,1.0,DRESS,0.5355729596702057,293.15,0.0,0.0
healthy_25pct_400ms_sag,NO_CONNECTION,411,4.1,4.11,False,1.0,0.9999999999999998,GRID,3600000.0,1.0,False,188.49999978572993,0.00020000000387596542,199999.99133870006,0.0,299999.9917461537,0.0001,293.15,-1.4618394710876137e-13,1.0,1.0,1.0,1.0,1.0,1.0,293.15,1.0,DRESS,0.5356565496828023,293.15,0.0,0.0
healthy_25pct_400ms_sag,NO_CONNECTION,412,4.11,4.12,False,1.0,0.9999999999999998,GRID,3600000.0,1.0,False,188.49999979644343,0.00020000000369497286,199999.9917461537,2.9103830456733704e-11,299999.9921536073,0.0001,293.15,-5.309033301956902e-13,1.0,1.0,1.0,1.0,1.0,1.0,293.15,1.0,DRESS,0.5357401246337153,293.15,0.0,0.0
healthy_25pct_400ms_sag,NO_CONNECTION,413,4.12,4.13,False,1.0,0.9999999999999998,GRID,3600000.0,1.0,False,188.49999980662125,0.00020000000351284354,199999.99215360734,2.9103830456733704e-11,299999.9925028533,0.0001,293.15,2.7649758134115577e-13,1.0,1.0,1.0,1.0,1.0,1.0,293.15,1.0,DRESS,0.5358236845256618,293.15,0.0,0.0
healthy_25pct_400ms_sag,NO_CONNECTION,414,4.13,4.14,False,1.0,0.9999999999999998,GRID,3600000.0,1.0,False,188.4999998162902,0.0002000000033587382,199999.99250285325,-2.9103830456733704e-11,299999.99285209924,0.0001,293.15,-5.2230728422864575e-14,1.0,1.0,1.0,1.0,1.0,1.0,293.15,1.0,DRESS,0.535907229361358,293.15,0.0,0.0
healthy_25pct_400ms_sag,NO_CONNECTION,415,4.14,4.15,False,1.0,0.9999999999999998,GRID,3600000.0,1.0,False,188.4999998254757,0.00020000000320360699,199999.99285209927,2.9103830456733704e-11,299999.9932013452,0.0001,293.15,-3.81984937387545e-13,1.0,1.0,1.0,1.0,1.0,1.0,293.15,1.0,DRESS,0.53599075914352,293.15,0.0,0.0
healthy_25pct_400ms_sag,NO_CONNECTION,416,4.15,4.16,False,1.0,0.9999999999999998,GRID,3600000.0,1.0,False,188.4999998342019,0.00020000000304750114,199999.99320134523,2.9103830456733704e-11,299999.99355059117,0.0001,293.15,-7.127137492375998e-13,1.0,1.0,1.0,1.0,1.0,1.0,293.15,1.0,DRESS,0.5360742738748631,293.15,0.0,0.0
healthy_25pct_400ms_sag,NO_CONNECTION,417,4.16,4.17,False,1.0,0.9999999999999998,GRID,3600000.0,1.0,False,188.4999998424918,0.0002000000028904695,199999.99355059114,-2.9103830456733704e-11,299999.9938416295,0.0001,293.15,1.488886650687773e-13,1.0,1.0,1.0,1.0,1.0,1.0,293.15,1.0,DRESS,0.5361577735581022,293.15,0.0,0.0
healthy_25pct_400ms_sag,NO_CONNECTION,418,4.17,4.18,False,1.0,0.9999999999999998,GRID,3600000.0,1.0,False,188.4999998503672,0.00020000000276166206,199999.99384162953,5.820766091346741e-11,299999.9941326678,0.0001,293.15,-1.2543793044203532e-13,1.0,1.0,1.0,1.0,1.0,1.0,293.15,1.0,DRESS,0.5362412581959519,293.15,0.0,0.0
healthy_25pct_400ms_sag,NO_CONNECTION,419,4.18,4.19,False,1.0,0.9999999999999998,GRID,3600000.0,1.0,False,188.49999985784885,0.00020000000263201907,199999.99413266778,0.0,299999.9943654984,0.0001,293.15,7.926569735869706e-13,1.0,1.0,1.0,1.0,1.0,1.0,293.15,1.0,DRESS,0.536324727791126,293.15,0.0,0.0
healthy_25pct_400ms_sag,NO_CONNECTION,420,4.19,4.2,False,1.0,0.9999999999999998,GRID,3600000.0,1.0,False,188.4999998649564,0.00020000000253068612,199999.99436549845,2.9103830456733704e-11,299999.99459832907,0.0001,293.15,5.749087095057933e-13,1.0,1.0,1.0,1.0,1.0,1.0,293.15,1.0,DRESS,0.5364081823463381,293.15,0.0,0.0
healthy_25pct_400ms_sag,NO_CONNECTION,421,4.2,4.21,False,1.0,0.9999999999999998,GRID,3600000.0,1.0,False,188.49999987170858,0.00020000000242859905,199999.99459832904,-2.9103830456733704e-11,299999.9948311597,0.0001,293.15,3.564063150510165e-13,1.0,1.0,1.0,1.0,1.0,1.0,293.15,1.0,DRESS,0.5364916218643012,293.15,0.0,0.0
healthy_25pct_400ms_sag,NO_CONNECTION,422,4.21,4.22,False,1.0,0.9999999999999998,GRID,3600000.0,1.0,False,188.49999987812316,0.00020000000232579554,199999.9948311597,0.0,299999.99506399035,0.0001,293.15,1.3718749335318849e-13,1.0,1.0,1.0,1.0,1.0,1.0,293.15,1.0,DRESS,0.5365750463477277,293.15,0.0,0.0
healthy_25pct_400ms_sag,NO_CONNECTION,423,4.22,4.23,False,1.0,0.9999999999999998,GRID,3600000.0,1.0,False,188.499999884217,0.00020000000222231143,199999.99506399038,2.9103830456733704e-11,299999.995296821,0.0001,293.15,-8.271194981094447e-14,1.0,1.0,1.0,1.0,1.0,1.0,293.15,1.0,DRESS,0.5366584557993296,293.15,0.0,0.0
healthy_25pct_400ms_sag,NO_CONNECTION,424,4.23,4.24,False,1.0,0.9999999999999998,GRID,3600000.0,1.0,False,188.49999989000617,0.0002000000021181808,199999.995296821,0.0,299999.99552965164,0.0001,293.15,-3.032578891780034e-13,1.0,1.0,1.0,1.0,1.0,1.0,293.15,1.0,DRESS,0.5367418502218184,293.15,0.0,0.0
healthy_25pct_400ms_sag,NO_CONNECTION,425,4.24,4.25,False,1.0,0.9999999999999998,GRID,3600000.0,1.0,False,188.49999989550585,0.00020000000201343595,199999.99552965164,0.0,299999.9957624823,0.0001,293.15,-5.244180697333568e-13,1.0,1.0,1.0,1.0,1.0,1.0,293.15,1.0,DRESS,0.5368252296179052,293.15,0.0,0.0
healthy_25pct_400ms_sag,NO_CONNECTION,426,4.25,4.26,False,1.0,0.9999999999999998,GRID,3600000.0,1.0,False,188.49999990073056,0.00020000000190810755,199999.99576248226,-2.9103830456733704e-11,299999.99599531293,0.0001,293.15,-7.461617950029962e-13,1.0,1.0,1.0,1.0,1.0,1.0,293.15,1.0,DRESS,0.5369085939903004,293.15,0.0,0.0
healthy_25pct_400ms_sag,NO_CONNECTION,427,4.26,4.2700000000000005,False,1.0,0.9999999999999998,GRID,3600000.0,1.0,False,188.49999990569404,0.00020000000180222477,199999.99599531296,2.9103830456733704e-11,299999.9962281436,0.0001,293.15,-9.684598863959546e-13,1.0,1.0,1.0,1.0,1.0,1.0,293.15,1.0,DRESS,0.5369919433417142,293.15,0.0,0.0
healthy_25pct_400ms_sag,NO_CONNECTION,428,4.2700000000000005,4.28,False,1.0,0.9999999999999998,GRID,3600000.0,1.0,False,188.49999991040934,0.00020000000169581537,199999.99622814357,0.0,299999.99640276656,0.0001,293.15,1.9724380549004967e-15,1.0,1.0,1.0,1.0,1.0,1.0,293.15,1.0,DRESS,0.537075277674856,293.15,0.0,0.0
healthy_25pct_400ms_sag,NO_CONNECTION,429,4.28,4.29,False,1.0,0.9999999999999998,GRID,3600000.0,1.0,False,188.4999999148889,0.00020000000161800958,199999.99640276656,0.0,299999.99657738954,0.0001,293.15,-1.6314484431369957e-13,1.0,1.0,1.0,1.0,1.0,1.0,293.15,1.0,DRESS,0.537158596992435,293.15,0.0,0.0
healthy_25pct_400ms_sag,NO_CONNECTION,430,4.29,4.3,False,1.0,0.9999999999999998,GRID,3600000.0,1.0,False,188.49999991914444,0.00020000000153972842,199999.99657738954,0.0,299999.99669380486,0.0001,293.15,8.645195583717457e-13,1.0,1.0,1.0,1.0,1.0,1.0,293.15,1.0,DRESS,0.5372419012971597,293.15,0.0,0.0
healthy_25pct_400ms_sag,NO_CONNECTION,431,4.3,4.3100000000000005,False,1.0,0.9999999999999998,GRID,3600000.0,1.0,False,188.49999992318723,0.00020000000149009964,199999.99669380486,0.0,299999.9968102202,0.0001,293.15,7.566831026779158e-13,1.0,1.0,1.0,1.0,1.0,1.0,293.15,1.0,DRESS,0.5373251905917381,293.15,0.0,0.0
healthy_25pct_400ms_sag,NO_CONNECTION,432,4.3100000000000005,4.32,False,1.0,0.9999999999999998,GRID,3600000.0,1.0,False,188.49999992702786,0.00020000000144004186,199999.99681022018,0.0,299999.9969266355,0.0001,293.15,6.484176688420148e-13,1.0,1.0,1.0,1.0,1.0,1.0,293.15,1.0,DRESS,0.537408464878878,293.15,0.0,0.0
healthy_25pct_400ms_sag,NO_CONNECTION,433,4.32,4.33,False,1.0,0.9999999999999998,GRID,3600000.0,1.0,False,188.49999993067647,0.0002000000013895766,199999.9969266355,0.0,299999.9970430508,0.0001,293.15,5.397447376195851e-13,1.0,1.0,1.0,1.0,1.0,1.0,293.15,1.0,DRESS,0.5374917241612862,293.15,0.0,0.0
healthy_25pct_400ms_sag,NO_CONNECTION,434,4.33,4.34,False,1.0,0.9999999999999998,GRID,3600000.0,1.0,False,188.49999993414264,0.0002000000013387242,199999.9970430508,-2.9103830456733704e-11,299999.99715946615,0.0001,293.15,4.306846784589424e-13,1.0,1.0,1.0,1.0,1.0,1.0,293.15,1.0,DRESS,0.5375749684416696,293.15,0.0,0.0
healthy_25pct_400ms_sag,NO_CONNECTION,435,4.34,4.3500000000000005,False,1.0,0.9999999999999998,GRID,3600000.0,1.0,False,188.49999993743552,0.0002000000012875041,199999.99715946612,-2.9103830456733704e-11,299999.99727588147,0.0001,293.15,3.212569256840283e-13,1.0,1.0,1.0,1.0,1.0,1.0,293.15,1.0,DRESS,0.5376581977227343,293.15,0.0,0.0
healthy_25pct_400ms_sag,NO_CONNECTION,436,4.3500000000000005,4.36,False,1.0,0.9999999999999998,GRID,3600000.0,1.0,False,188.49999994056375,0.00020000000123593457,199999.9972758815,2.9103830456733704e-11,299999.9973922968,0.0001,293.15,2.1147973454892217e-13,1.0,1.0,1.0,1.0,1.0,1.0,293.15,1.0,DRESS,0.5377414120071857,293.15,0.0,0.0
healthy_25pct_400ms_sag,NO_CONNECTION,437,4.36,4.37,False,1.0,0.9999999999999998,GRID,3600000.0,1.0,False,188.49999994353556,0.00020000000118403313,199999.99739229682,2.9103830456733704e-11,299999.9975087121,0.0001,293.15,1.0137062847123674e-13,1.0,1.0,1.0,1.0,1.0,1.0,293.15,1.0,DRESS,0.5378246112977293,293.15,0.0,0.0
healthy_25pct_400ms_sag,NO_CONNECTION,438,4.37,4.38,False,1.0,0.9999999999999998,GRID,3600000.0,1.0,False,188.49999994635877,0.0002000000011318164,199999.9975087121,0.0,299999.99762512743,0.0001,293.15,-9.053750045680313e-15,1.0,1.0,1.0,1.0,1.0,1.0,293.15,1.0,DRESS,0.5379077955970695,293.15,0.0,0.0
healthy_25pct_400ms_sag,NO_CONNECTION,439,4.38,4.39,False,1.0,0.9999999999999998,GRID,3600000.0,1.0,False,188.49999994904084,0.00020000000107930012,199999.99762512743,0.0,299999.99774154276,0.0001,293.15,-1.197776936228551e-13,1.0,1.0,1.0,1.0,1.0,1.0,293.15,1.0,DRESS,0.5379909649079105,293.15,0.0,0.0
healthy_25pct_400ms_sag,NO_CONNECTION,440,4.39,4.4,False,1.0,0.9999999999999998,GRID,3600000.0,1.0,False,188.4999999515888,0.0002000000010264993,199999.99774154276,0.0,299999.9978579581,0.0001,293.15,-2.3078618606019873e-13,1.0,1.0,1.0,1.0,1.0,1.0,293.15,1.0,DRESS,0.5380741192329561,293.15,0.0,0.0
healthy_25pct_400ms_sag,NO_CONNECTION,441,4.4,4.41,False,1.0,0.9999999999999998,GRID,3600000.0,1.0,False,188.49999995400935,0.0002000000009734281,199999.99785795805,-2.9103830456733704e-11,299999.9979743734,0.0001,293.15,-3.4206503786177877e-13,1.0,1.0,1.0,1.0,1.0,1.0,293.15,1.0,DRESS,0.5381572585749095,293.15,0.0,0.0
healthy_25pct_400ms_sag,NO_CONNECTION,442,4.41,4.42,False,1.0,0.9999999999999998,GRID,3600000.0,1.0,False,188.4999999563089,0.00020000000092010008,199999.9979743734,0.0,299999.9980907887,0.0001,293.15,-4.5360072360549347e-13,1.0,1.0,1.0,1.0,1.0,1.0,293.15,1.0,DRESS,0.5382403829364732,293.15,0.0,0.0
healthy_25pct_400ms_sag,NO_CONNECTION,443,4.42,4.43,False,1.0,0.9999999999999998,GRID,3600000.0,1.0,False,188.49999995849345,0.0002000000008665281,199999.99809078872,0.0,299999.99820720404,0.0001,293.15,-5.653803548380174e-13,1.0,1.0,1.0,1.0,1.0,1.0,293.15,1.0,DRESS,0.5383234923203497,293.15,0.0,0.0
healthy_25pct_400ms_sag,NO_CONNECTION,444,4.43,4.44,False,1.0,0.9999999999999998,GRID,3600000.0,1.0,False,188.49999996056877,0.0002000000008127243,199999.99820720401,-2.9103830456733704e-11,299999.99832361937,0.0001,293.15,-6.773918291526002e-13,1.0,1.0,1.0,1.0,1.0,1.0,293.15,1.0,DRESS,0.5384065867292406,293.15,0.0,0.0
healthy_25pct_400ms_sag,NO_CONNECTION,445,4.44,4.45,False,1.0,0.9999999999999998,GRID,3600000.0,1.0,False,188.49999996254033,0.0002000000007587003,199999.99832361937,0.0,299999.9984400347,0.0001,293.15,-7.896234913758877e-13,1.0,1.0,1.0,1.0,1.0,1.0,293.15,1.0,DRESS,0.538489666165847,293.15,0.0,0.0
healthy_25pct_400ms_sag,NO_CONNECTION,446,4.45,4.46,False,1.0,0.9999999999999998,GRID,3600000.0,1.0,False,188.49999996441332,0.00020000000070446715,199999.9984400347,0.0,299999.99855645,0.0001,293.15,-9.020642961982476e-13,1.0,1.0,1.0,1.0,1.0,1.0,293.15,1.0,DRESS,0.5385727306328699,293.15,0.0,0.0
healthy_25pct_400ms_sag,NO_CONNECTION,447,4.46,4.47,False,1.0,0.9999999999999998,GRID,3600000.0,1.0,False,188.49999996619266,0.00020000000065003527,199999.99855645,0.0,299999.99861465767,0.0001,293.15,1.785532046652202e-13,1.0,1.0,1.0,1.0,1.0,1.0,293.15,1.0,DRESS,0.5386557801330094,293.15,0.0,0.0
healthy_25pct_400ms_sag,NO_CONNECTION,448,4.47,4.48,False,1.0,0.9999999999999998,GRID,3600000.0,1.0,False,188.499999967883,0.0002000000006245184,199999.99861465767,0.0,299999.99867286533,0.0001,293.15,1.2393252223075188e-13,1.0,1.0,1.0,1.0,1.0,1.0,293.15,1.0,DRESS,0.5387388146689653,293.15,0.0,0.0
healthy_25pct_400ms_sag,NO_CONNECTION,449,4.48,4.49,False,1.0,0.9999999999999998,GRID,3600000.0,1.0,False,188.49999996948887,0.00020000000059882222,199999.99867286533,0.0,299999.998731073,0.0001,293.15,6.91324992044273e-14,1.0,1.0,1.0,1.0,1.0,1.0,293.15,1.0,DRESS,0.5388218342434371,293.15,0.0,0.0
healthy_25pct_400ms_sag,NO_CONNECTION,450,4.49,4.5,False,1.0,0.9999999999999998,GRID,3600000.0,1.0,False,188.49999997101443,0.00020000000057295567,199999.998731073,0.0,299999.99878928065,0.0001,293.15,1.4162120911750929e-14,1.0,1.0,1.0,1.0,1.0,1.0,293.15,1.0,DRESS,0.5389048388591233,293.15,0.0,0.0
healthy_25pct_400ms_sag,NO_CONNECTION,451,4.5,4.51,False,1.0,0.9999999999999998,GRID,3600000.0,1.0,False,188.4999999724637,0.0002000000005469272,199999.99878928065,0.0,299999.9988474883,0.0001,293.15,-4.0970169422858995e-14,1.0,1.0,1.0,1.0,1.0,1.0,293.15,1.0,DRESS,0.5389878285187224,293.15,0.0,0.0
healthy_25pct_400ms_sag,NO_CONNECTION,452,4.51,4.5200000000000005,False,1.0,0.9999999999999998,GRID,3600000.0,1.0,False,188.49999997384052,0.000200000000520745,199999.99884748834,2.9103830456733704e-11,299999.998905696,0.0001,293.15,-9.625621317805452e-14,1.0,1.0,1.0,1.0,1.0,1.0,293.15,1.0,DRESS,0.5390708032249323,293.15,0.0,0.0
healthy_25pct_400ms_sag,NO_CONNECTION,453,4.5200000000000005,4.53,False,1.0,0.9999999999999998,GRID,3600000.0,1.0,False,188.49999997514848,0.0002000000004944167,199999.99890569597,0.0,299999.99896390364,0.0001,293.15,-1.5168835317599247e-13,1.0,1.0,1.0,1.0,1.0,1.0,293.15,1.0,DRESS,0.5391537629804501,293.15,0.0,0.0
healthy_25pct_400ms_sag,NO_CONNECTION,454,4.53,4.54,False,1.0,0.9999999999999998,GRID,3600000.0,1.0,False,188.49999997639105,0.00020000000046794964,199999.99896390364,0.0,299999.9990221113,0.0001,293.15,-2.0725923039442709e-13,1.0,1.0,1.0,1.0,1.0,1.0,293.15,1.0,DRESS,0.539236707787973,293.15,0.0,0.0
healthy_25pct_400ms_sag,NO_CONNECTION,455,4.54,4.55,False,1.0,0.9999999999999998,GRID,3600000.0,1.0,False,188.4999999775715,0.0002000000004413507,199999.9990221113,0.0,299999.9990221113,0.0001,293.15,9.302950391368997e-13,1.0,1.0,1.0,1.0,1.0,1.0,293.15,1.0,DRESS,0.539319637650197,293.15,0.0,0.0
healthy_25pct_400ms_sag,NO_CONNECTION,456,4.55,4.5600000000000005,False,1.0,0.9999999999999998,GRID,3600000.0,1.0,False,188.49999997869293,0.00020000000044373038,199999.99902211133,2.9103830456733704e-11,299999.9990221113,0.0001,293.15,9.326747273802338e-13,1.0,1.0,1.0,1.0,1.0,1.0,293.15,1.0,DRESS,0.5394025525698182,293.15,0.0,0.0
healthy_25pct_400ms_sag,NO_CONNECTION,457,4.5600000000000005,4.57,False,1.0,0.9999999999999998,GRID,3600000.0,1.0,False,188.4999999797583,0.00020000000044599113,199999.99902211127,-2.9103830456733704e-11,299999.9990221113,0.0001,293.15,9.349354786452463e-13,1.0,1.0,1.0,1.0,1.0,1.0,293.15,1.0,DRESS,0.539485452549532,293.15,0.0,0.0
healthy_25pct_400ms_sag,NO_CONNECTION,458,4.57,4.58,False,1.0,0.9999999999999998,GRID,3600000.0,1.0,False,188.49999998077038,0.0002000000004481388,199999.9990221113,0.0,299999.9990221113,0.0001,293.15,9.370831476236685e-13,1.0,1.0,1.0,1.0,1.0,1.0,293.15,1.0,DRESS,0.5395683375920332,293.15,0.0,0.0
healthy_25pct_400ms_sag,NO_CONNECTION,459,4.58,4.59,False,1.0,0.9999999999999998,GRID,3600000.0,1.0,False,188.49999998173186,0.00020000000045017905,199999.99902211127,-2.9103830456733704e-11,299999.9990221113,0.0001,293.15,9.391233992718517e-13,1.0,1.0,1.0,1.0,1.0,1.0,293.15,1.0,DRESS,0.5396512077000163,293.15,0.0,0.0
healthy_25pct_400ms_sag,NO_CONNECTION,460,4.59,4.6000000000000005,False,1.0,0.9999999999999998,GRID,3600000.0,1.0,False,188.49999998264528,0.00020000000045211736,199999.9990221113,0.0,299999.9990221113,0.0001,293.15,9.41061708810767e-13,1.0,1.0,1.0,1.0,1.0,1.0,293.15,1.0,DRESS,0.5397340628761752,293.15,0.0,0.0
healthy_25pct_400ms_sag,NO_CONNECTION,461,4.6000000000000005,4.61,False,1.0,0.9999999999999998,GRID,3600000.0,1.0,False,188.49999998351302,0.0002000000004539587,199999.99902211133,2.9103830456733704e-11,299999.9990221113,0.0001,293.15,9.429030635704078e-13,1.0,1.0,1.0,1.0,1.0,1.0,293.15,1.0,DRESS,0.5398169031232034,293.15,0.0,0.0
healthy_25pct_400ms_sag,NO_CONNECTION,462,4.61,4.62,False,1.0,0.9999999999999998,GRID,3600000.0,1.0,False,188.49999998433736,0.00020000000045570802,199999.9990221113,0.0,299999.9990221113,0.0001,293.15,9.446523695656045e-13,1.0,1.0,1.0,1.0,1.0,1.0,293.15,1.0,DRESS,0.5398997284437939,293.15,0.0,0.0
healthy_25pct_400ms_sag,NO_CONNECTION,463,4.62,4.63,False,1.0,0.9999999999999998,GRID,3600000.0,1.0,False,188.4999999851205,0.00020000000045736977,199999.99902211133,2.9103830456733704e-11,299999.9990221113,0.0001,293.15,9.46314126235373e-13,1.0,1.0,1.0,1.0,1.0,1.0,293.15,1.0,DRESS,0.5399825388406391,293.15,0.0,0.0
healthy_25pct_400ms_sag,NO_CONNECTION,464,4.63,4.64,False,1.0,0.9999999999999998,GRID,3600000.0,1.0,False,188.49999998586446,0.00020000000045894854,199999.99902211124,-5.820766091346741e-11,299999.9990221113,0.0001,293.15,9.478928872288378e-13,1.0,1.0,1.0,1.0,1.0,1.0,293.15,1.0,DRESS,0.5400653343164309,293.15,0.0,0.0
healthy_25pct_400ms_sag,NO_CONNECTION,465,4.64,4.65,False,1.0,0.9999999999999998,GRID,3600000.0,1.0,False,188.49999998657125,0.00020000000046044834,199999.99902211133,2.9103830456733704e-11,299999.9990221113,0.0001,293.15,9.493926911990913e-13,1.0,1.0,1.0,1.0,1.0,1.0,293.15,1.0,DRESS,0.5401481148738609,293.15,0.0,0.0
healthy_25pct_400ms_sag,NO_CONNECTION,466,4.65,4.66,False,1.0,0.9999999999999998,GRID,3600000.0,1.0,False,188.4999999872427,0.00020000000046187312,199999.99902211127,-2.9103830456733704e-11,299999.9990221113,0.0001,293.15,9.508174683790088e-13,1.0,1.0,1.0,1.0,1.0,1.0,293.15,1.0,DRESS,0.5402308805156203,293.15,0.0,0.0
healthy_25pct_400ms_sag,NO_CONNECTION,467,4.66,4.67,False,1.0,0.9999999999999998,GRID,3600000.0,1.0,False,188.49999998788056,0.0002000000004632267,199999.9990221113,0.0,299999.9990221113,0.0001,293.15,9.521710405812484e-13,1.0,1.0,1.0,1.0,1.0,1.0,293.15,1.0,DRESS,0.5403136312443994,293.15,0.0,0.0
healthy_25pct_400ms_sag,NO_CONNECTION,468,4.67,4.68,False,1.0,0.9999999999999998,GRID,3600000.0,1.0,False,188.49999998848654,0.00020000000046451263,199999.99902211127,-2.9103830456733704e-11,299999.9990221113,0.0001,293.15,9.53456985672979e-13,1.0,1.0,1.0,1.0,1.0,1.0,293.15,1.0,DRESS,0.5403963670628883,293.15,0.0,0.0
healthy_25pct_400ms_sag,NO_CONNECTION,469,4.68,4.69,False,1.0,0.9999999999999998,GRID,3600000.0,1.0,False,188.49999998906222,0.00020000000046573418,199999.9990221113,0.0,299999.9990221113,0.0001,293.15,9.546785291556642e-13,1.0,1.0,1.0,1.0,1.0,1.0,293.15,1.0,DRESS,0.5404790879737765,293.15,0.0,0.0
healthy_25pct_400ms_sag,NO_CONNECTION,470,4.69,4.7,False,1.0,0.9999999999999998,GRID,3600000.0,1.0,False,188.4999999896091,0.0002000000004668947,199999.9990221113,0.0,299999.9990221113,0.0001,293.15,9.558390591610927e-13,1.0,1.0,1.0,1.0,1.0,1.0,293.15,1.0,DRESS,0.5405617939797532,293.15,0.0,0.0
healthy_25pct_400ms_sag,NO_CONNECTION,471,4.7,4.71,False,1.0,0.9999999999999998,GRID,3600000.0,1.0,False,188.49999999012866,0.00020000000046799718,199999.9990221113,0.0,299999.9990221113,0.0001,293.15,9.569415301401846e-13,1.0,1.0,1.0,1.0,1.0,1.0,293.15,1.0,DRESS,0.540644485083507,293.15,0.0,0.0
healthy_25pct_400ms_sag,NO_CONNECTION,472,4.71,4.72,False,1.0,0.9999999999999998,GRID,3600000.0,1.0,False,188.49999999062223,0.00020000000046904457,199999.9990221113,0.0,299999.9990221113,0.0001,293.15,9.579889236489142e-13,1.0,1.0,1.0,1.0,1.0,1.0,293.15,1.0,DRESS,0.5407271612877259,293.15,0.0,0.0
healthy_25pct_400ms_sag,NO_CONNECTION,473,4.72,4.73,False,1.0,0.9999999999999998,GRID,3600000.0,1.0,False,188.49999999109113,0.0002000000004700396,199999.99902211133,2.9103830456733704e-11,299999.9990221113,0.0001,293.15,9.589839501927128e-13,1.0,1.0,1.0,1.0,1.0,1.0,293.15,1.0,DRESS,0.5408098225950976,293.15,0.0,0.0
healthy_25pct_400ms_sag,NO_CONNECTION,474,4.73,4.74,False,1.0,0.9999999999999998,GRID,3600000.0,1.0,False,188.49999999153658,0.00020000000047098486,199999.99902211127,-2.9103830456733704e-11,299999.9990221113,0.0001,293.15,9.599292118567943e-13,1.0,1.0,1.0,1.0,1.0,1.0,293.15,1.0,DRESS,0.5408924690083091,293.15,0.0,0.0
healthy_25pct_400ms_sag,NO_CONNECTION,475,4.74,4.75,False,1.0,0.9999999999999998,GRID,3600000.0,1.0,False,188.49999999195975,0.00020000000047188282,199999.99902211135,5.820766091346741e-11,299999.9990221113,0.0001,293.15,9.60827175201101e-13,1.0,1.0,1.0,1.0,1.0,1.0,293.15,1.0,DRESS,0.5409751005300473,293.15,0.0,0.0
healthy_25pct_400ms_sag,NO_CONNECTION,476,4.75,4.76,False,1.0,0.9999999999999998,GRID,3600000.0,1.0,False,188.49999999236178,0.00020000000047273593,199999.99902211133,2.9103830456733704e-11,299999.9990221113,0.0001,293.15,9.616802796805213e-13,1.0,1.0,1.0,1.0,1.0,1.0,293.15,1.0,DRESS,0.5410577171629981,293.15,0.0,0.0
healthy_25pct_400ms_sag,NO_CONNECTION,477,4.76,4.7700000000000005,False,1.0,0.9999999999999998,GRID,3600000.0,1.0,False,188.49999999274368,0.0002000000004735463,199999.9990221113,0.0,299999.9990221113,0.0001,293.15,9.624906394892913e-13,1.0,1.0,1.0,1.0,1.0,1.0,293.15,1.0,DRESS,0.5411403189098474,293.15,0.0,0.0
healthy_25pct_400ms_sag,NO_CONNECTION,478,4.7700000000000005,4.78,False,1.0,0.9999999999999998,GRID,3600000.0,1.0,False,188.49999999310648,0.00020000000047431618,199999.9990221113,0.0,299999.9990221113,0.0001,293.15,9.632605314519732e-13,1.0,1.0,1.0,1.0,1.0,1.0,293.15,1.0,DRESS,0.5412229057732802,293.15,0.0,0.0
healthy_25pct_400ms_sag,NO_CONNECTION,479,4.78,4.79,False,1.0,0.9999999999999998,GRID,3600000.0,1.0,False,188.49999999345115,0.00020000000047504758,199999.99902211133,2.9103830456733704e-11,299999.9990221113,0.0001,293.15,9.63991934237532e-13,1.0,1.0,1.0,1.0,1.0,1.0,293.15,1.0,DRESS,0.5413054777559814,293.15,0.0,0.0
healthy_25pct_400ms_sag,NO_CONNECTION,480,4.79,4.8,False,1.0,0.9999999999999998,GRID,3600000.0,1.0,False,188.4999999937786,0.00020000000047574242,199999.99902211127,-2.9103830456733704e-11,299999.9990221113,0.0001,293.15,9.646867723048236e-13,1.0,1.0,1.0,1.0,1.0,1.0,293.15,1.0,DRESS,0.541388034860635,293.15,0.0,0.0
healthy_25pct_400ms_sag,NO_CONNECTION,481,4.8,4.8100000000000005,False,1.0,0.9999999999999998,GRID,3600000.0,1.0,False,188.49999999408968,0.00020000000047640254,199999.99902211133,2.9103830456733704e-11,299999.9990221113,0.0001,293.15,9.653468887975414e-13,1.0,1.0,1.0,1.0,1.0,1.0,293.15,1.0,DRESS,0.541470577089925,293.15,0.0,0.0
healthy_25pct_400ms_sag,NO_CONNECTION,482,4.8100000000000005,4.82,False,1.0,0.9999999999999998,GRID,3600000.0,1.0,False,188.4999999943852,0.00020000000047702964,199999.99902211133,2.9103830456733704e-11,299999.9990221113,0.0001,293.15,9.65973991334107e-13,1.0,1.0,1.0,1.0,1.0,1.0,293.15,1.0,DRESS,0.5415531044465344,293.15,0.0,0.0
healthy_25pct_400ms_sag,NO_CONNECTION,483,4.82,4.83,False,1.0,0.9999999999999998,GRID,3600000.0,1.0,False,188.49999999466596,0.0002000000004776254,199999.9990221113,0.0,299999.9990221113,0.0001,293.15,9.665697604278878e-13,1.0,1.0,1.0,1.0,1.0,1.0,293.15,1.0,DRESS,0.5416356169331461,293.15,0.0,0.0
healthy_25pct_400ms_sag,NO_CONNECTION,484,4.83,4.84,False,1.0,0.9999999999999998,GRID,3600000.0,1.0,False,188.49999999493267,0.0002000000004781914,199999.9990221113,0.0,299999.9990221113,0.0001,293.15,9.671357410669795e-13,1.0,1.0,1.0,1.0,1.0,1.0,293.15,1.0,DRESS,0.5417181145524423,293.15,0.0,0.0
healthy_25pct_400ms_sag,NO_CONNECTION,485,4.84,4.8500000000000005,False,1.0,0.9999999999999998,GRID,3600000.0,1.0,False,188.49999999518604,0.00020000000047872905,199999.99902211133,2.9103830456733704e-11,299999.9990221113,0.0001,293.15,9.67673396924315e-13,1.0,1.0,1.0,1.0,1.0,1.0,293.15,1.0,DRESS,0.541800597307105,293.15,0.0,0.0
healthy_25pct_400ms_sag,NO_CONNECTION,486,4.8500000000000005,4.86,False,1.0,0.9999999999999998,GRID,3600000.0,1.0,False,188.49999999542675,0.00020000000047923987,199999.99902211127,-2.9103830456733704e-11,299999.9990221113,0.0001,293.15,9.681842187778816e-13,1.0,1.0,1.0,1.0,1.0,1.0,293.15,1.0,DRESS,0.5418830651998153,293.15,0.0,0.0
healthy_25pct_400ms_sag,NO_CONNECTION,487,4.86,4.87,False,1.0,0.9999999999999998,GRID,3600000.0,1.0,False,188.4999999956554,0.00020000000047972507,199999.9990221113,0.0,299999.9990221113,0.0001,293.15,9.686694263551232e-13,1.0,1.0,1.0,1.0,1.0,1.0,293.15,1.0,DRESS,0.5419655182332542,293.15,0.0,0.0
healthy_25pct_400ms_sag,NO_CONNECTION,488,4.87,4.88,False,1.0,0.9999999999999998,GRID,3600000.0,1.0,False,188.49999999587263,0.00020000000048018602,199999.9990221113,0.0,299999.9990221113,0.0001,293.15,9.691303749087554e-13,1.0,1.0,1.0,1.0,1.0,1.0,293.15,1.0,DRESS,0.542047956410102,293.15,0.0,0.0
healthy_25pct_400ms_sag,NO_CONNECTION,489,4.88,4.89,False,1.0,0.9999999999999998,GRID,3600000.0,1.0,False,188.499999996079,0.00020000000048062396,199999.99902211127,-2.9103830456733704e-11,299999.9990221113,0.0001,293.15,9.695683112712766e-13,1.0,1.0,1.0,1.0,1.0,1.0,293.15,1.0,DRESS,0.5421303797330385,293.15,0.0,0.0
healthy_25pct_400ms_sag,NO_CONNECTION,490,4.89,4.9,False,1.0,0.9999999999999998,GRID,3600000.0,1.0,False,188.49999999627505,0.00020000000048103997,199999.99902211127,-2.9103830456733704e-11,299999.9990221113,0.0001,293.15,9.699843196448593e-13,1.0,1.0,1.0,1.0,1.0,1.0,293.15,1.0,DRESS,0.5422127882047431,293.15,0.0,0.0
healthy_25pct_400ms_sag,NO_CONNECTION,491,4.9,4.91,False,1.0,0.9999999999999998,GRID,3600000.0,1.0,False,188.4999999964613,0.00020000000048143516,199999.99902211127,-2.9103830456733704e-11,299999.9990221113,0.0001,293.15,9.703795113367303e-13,1.0,1.0,1.0,1.0,1.0,1.0,293.15,1.0,DRESS,0.5422951818278947,293.15,0.0,0.0
healthy_25pct_400ms_sag,NO_CONNECTION,492,4.91,4.92,False,1.0,0.9999999999999998,GRID,3600000.0,1.0,False,188.49999999663822,0.0002000000004818106,199999.9990221113,0.0,299999.9990221113,0.0001,293.15,9.707549434440077e-13,1.0,1.0,1.0,1.0,1.0,1.0,293.15,1.0,DRESS,0.5423775606051717,293.15,0.0,0.0
healthy_25pct_400ms_sag,NO_CONNECTION,493,4.92,4.93,False,1.0,0.9999999999999998,GRID,3600000.0,1.0,False,188.4999999968063,0.0002000000004821673,199999.9990221113,0.0,299999.9990221113,0.0001,293.15,9.711116459587554e-13,1.0,1.0,1.0,1.0,1.0,1.0,293.15,1.0,DRESS,0.5424599245392521,293.15,0.0,0.0
healthy_25pct_400ms_sag,NO_CONNECTION,494,4.93,4.94,False,1.0,0.9999999999999998,GRID,3600000.0,1.0,False,188.49999999696598,0.0002000000004825061,199999.99902211133,2.9103830456733704e-11,299999.9990221113,0.0001,293.15,9.714504591376572e-13,1.0,1.0,1.0,1.0,1.0,1.0,293.15,1.0,DRESS,0.5425422736328133,293.15,0.0,0.0
healthy_25pct_400ms_sag,NO_CONNECTION,495,4.94,4.95,False,1.0,0.9999999999999998,GRID,3600000.0,1.0,False,188.4999999971177,0.00020000000048282803,199999.9990221113,0.0,299999.9990221113,0.0001,293.15,9.717723858677224e-13,1.0,1.0,1.0,1.0,1.0,1.0,293.15,1.0,DRESS,0.5426246078885322,293.15,0.0,0.0
healthy_25pct_400ms_sag,NO_CONNECTION,496,4.95,4.96,False,1.0,0.9999999999999998,GRID,3600000.0,1.0,False,188.49999999726182,0.0002000000004831339,199999.99902211133,2.9103830456733704e-11,299999.9990221113,0.0001,293.15,9.720782393005806e-13,1.0,1.0,1.0,1.0,1.0,1.0,293.15,1.0,DRESS,0.5427069273090853,293.15,0.0,0.0
healthy_25pct_400ms_sag,NO_CONNECTION,497,4.96,4.97,False,1.0,0.9999999999999998,GRID,3600000.0,1.0,False,188.49999999739873,0.0002000000004834244,199999.9990221113,0.0,299999.9990221113,0.0001,293.15,9.72368751272698e-13,1.0,1.0,1.0,1.0,1.0,1.0,293.15,1.0,DRESS,0.5427892318971488,293.15,0.0,0.0
healthy_25pct_400ms_sag,NO_CONNECTION,498,4.97,4.98,False,1.0,0.9999999999999998,GRID,3600000.0,1.0,False,188.4999999975288,0.0002000000004837004,199999.9990221113,0.0,299999.9990221113,0.0001,293.15,9.726447620407586e-13,1.0,1.0,1.0,1.0,1.0,1.0,293.15,1.0,DRESS,0.542871521655398,293.15,0.0,0.0
healthy_25pct_400ms_sag,NO_CONNECTION,499,4.98,4.99,False,1.0,0.9999999999999998,GRID,3600000.0,1.0,False,188.49999999765234,0.00020000000048396257,199999.9990221113,0.0,299999.9990221113,0.0001,293.15,9.729069221260656e-13,1.0,1.0,1.0,1.0,1.0,1.0,293.15,1.0,DRESS,0.542953796586508,293.15,0.0,0.0
healthy_25pct_400ms_sag,NO_CONNECTION,500,4.99,5.0,False,1.0,0.9999999999999998,GRID,3600000.0,1.0,False,188.49999999776972,0.00020000000048421167,199999.9990221113,0.0,299999.9990221113,0.0001,293.15,9.73156017575194e-13,1.0,1.0,1.0,1.0,1.0,1.0,293.15,1.0,DRESS,0.5430360566931532,293.15,0.0,0.0
healthy_25pct_400ms_sag,NO_CONNECTION,501,5.0,5.01,False,1.0,0.9999999999999998,GRID,3600000.0,1.0,False,188.49999999788125,0.0002000000004844483,199999.99902211133,2.9103830456733704e-11,299999.9990221113,0.0001,293.15,9.73392644699339e-13,1.0,1.0,1.0,1.0,1.0,1.0,293.15,1.0,DRESS,0.5431183019780079,293.15,0.0,0.0
healthy_25pct_400ms_sag,NO_CONNECTION,502,5.01,5.0200000000000005,False,1.0,0.9999999999999998,GRID,3600000.0,1.0,False,188.49999999798717,0.0002000000004846731,199999.9990221113,0.0,299999.9990221113,0.0001,293.15,9.73617454019804e-13,1.0,1.0,1.0,1.0,1.0,1.0,293.15,1.0,DRESS,0.5432005324437456,293.15,0.0,0.0
healthy_25pct_400ms_sag,NO_CONNECTION,503,5.0200000000000005,5.03,False,1.0,0.9999999999999998,GRID,3600000.0,1.0,False,188.49999999808782,0.00020000000048488666,199999.9990221113,0.0,299999.9990221113,0.0001,293.15,9.738310147427293e-13,1.0,1.0,1.0,1.0,1.0,1.0,293.15,1.0,DRESS,0.5432827480930392,293.15,0.0,0.0
healthy_25pct_400ms_sag,NO_CONNECTION,504,5.03,5.04,False,1.0,0.9999999999999998,GRID,3600000.0,1.0,False,188.49999999818343,0.00020000000048508957,199999.99902211133,2.9103830456733704e-11,299999.9990221113,0.0001,293.15,9.7403392317931e-13,1.0,1.0,1.0,1.0,1.0,1.0,293.15,1.0,DRESS,0.5433649489285617,293.15,0.0,0.0
healthy_25pct_400ms_sag,NO_CONNECTION,505,5.04,5.05,False,1.0,0.9999999999999998,GRID,3600000.0,1.0,False,188.49999999827426,0.0002000000004852823,199999.99902211133,2.9103830456733704e-11,299999.9990221113,0.0001,293.15,9.742266401154692e-13,1.0,1.0,1.0,1.0,1.0,1.0,293.15,1.0,DRESS,0.5434471349529849,293.15,0.0,0.0
healthy_25pct_400ms_sag,NO_CONNECTION,506,5.05,5.0600000000000005,False,1.0,0.9999999999999998,GRID,3600000.0,1.0,False,188.49999999836055,0.00020000000048546538,199999.99902211133,2.9103830456733704e-11,299999.9990221113,0.0001,293.15,9.744097347573477e-13,1.0,1.0,1.0,1.0,1.0,1.0,293.15,1.0,DRESS,0.5435293061689807,293.15,0.0,0.0
healthy_25pct_400ms_sag,NO_CONNECTION,507,5.0600000000000005,5.07,False,1.0,0.9999999999999998,GRID,3600000.0,1.0,False,188.49999999844252,0.00020000000048563934,199999.9990221113,0.0,299999.9990221113,0.0001,293.15,9.74583694995923e-13,1.0,1.0,1.0,1.0,1.0,1.0,293.15,1.0,DRESS,0.54361146257922,293.15,0.0,0.0
healthy_25pct_400ms_sag,NO_CONNECTION,508,5.07,5.08,False,1.0,0.9999999999999998,GRID,3600000.0,1.0,False,188.4999999985204,0.0002000000004858046,199999.9990221113,0.0,299999.9990221113,0.0001,293.15,9.747489545120641e-13,1.0,1.0,1.0,1.0,1.0,1.0,293.15,1.0,DRESS,0.5436936041863736,293.15,0.0,0.0
healthy_25pct_400ms_sag,NO_CONNECTION,509,5.08,5.09,False,1.0,0.9999999999999998,GRID,3600000.0,1.0,False,188.49999999859438,0.00020000000048596157,199999.99902211135,5.820766091346741e-11,299999.9990221113,0.0001,293.15,9.749059198815857e-13,1.0,1.0,1.0,1.0,1.0,1.0,293.15,1.0,DRESS,0.5437757309931117,293.15,0.0,0.0
healthy_25pct_400ms_sag,NO_CONNECTION,510,5.09,5.1000000000000005,False,1.0,0.9999999999999998,GRID,3600000.0,1.0,False,188.49999999866466,0.00020000000048611073,199999.99902211135,5.820766091346741e-11,299999.9990221113,0.0001,293.15,9.750550789954654e-13,1.0,1.0,1.0,1.0,1.0,1.0,293.15,1.0,DRESS,0.5438578430021042,293.15,0.0,0.0
healthy_25pct_400ms_sag,NO_CONNECTION,511,5.1000000000000005,5.11,False,1.0,0.9999999999999998,GRID,3600000.0,1.0,False,188.49999999873143,0.0002000000004862524,199999.99902211133,2.9103830456733704e-11,299999.9990221113,0.0001,293.15,9.75196757114355e-13,1.0,1.0,1.0,1.0,1.0,1.0,293.15,1.0,DRESS,0.54393994021602,293.15,0.0,0.0
healthy_25pct_400ms_sag,NO_CONNECTION,512,5.11,5.12,False,1.0,0.9999999999999998,GRID,3600000.0,1.0,False,188.49999999879486,0.00020000000048638704,199999.9990221113,0.0,299999.9990221113,0.0001,293.15,9.753313879191233e-13,1.0,1.0,1.0,1.0,1.0,1.0,293.15,1.0,DRESS,0.5440220226375281,293.15,0.0,0.0
healthy_25pct_400ms_sag,NO_CONNECTION,513,5.12,5.13,False,1.0,0.9999999999999998,GRID,3600000.0,1.0,False,188.49999999885512,0.0002000000004865149,199999.99902211127,-2.9103830456733704e-11,299999.9990221113,0.0001,293.15,9.754592424603137e-13,1.0,1.0,1.0,1.0,1.0,1.0,293.15,1.0,DRESS,0.5441040902692967,293.15,0.0,0.0
healthy_25pct_400ms_sag,NO_CONNECTION,514,5.13,5.14,False,1.0,0.9999999999999998,GRID,3600000.0,1.0,False,188.49999999891236,0.0002000000004866364,199999.99902211124,-5.820766091346741e-11,299999.9990221113,0.0001,293.15,9.75580754418795e-13,1.0,1.0,1.0,1.0,1.0,1.0,293.15,1.0,DRESS,0.5441861431139937,293.15,0.0,0.0
healthy_25pct_400ms_sag,NO_CONNECTION,515,5.14,5.15,False,1.0,0.9999999999999998,GRID,3600000.0,1.0,False,188.49999999896673,0.00020000000048675176,199999.99902211127,-2.9103830456733704e-11,299999.9990221113,0.0001,293.15,9.756961135299475e-13,1.0,1.0,1.0,1.0,1.0,1.0,293.15,1.0,DRESS,0.5442681811742862,293.15,0.0,0.0
healthy_25pct_400ms_sag,NO_CONNECTION,516,5.15,5.16,False,1.0,0.9999999999999998,GRID,3600000.0,1.0,False,188.4999999990184,0.00020000000048686137,199999.99902211133,2.9103830456733704e-11,299999.9990221113,0.0001,293.15,9.758057263695857e-13,1.0,1.0,1.0,1.0,1.0,1.0,293.15,1.0,DRESS,0.5443502044528412,293.15,0.0,0.0
healthy_25pct_400ms_sag,NO_CONNECTION,517,5.16,5.17,False,1.0,0.9999999999999998,GRID,3600000.0,1.0,False,188.49999999906748,0.00020000000048696554,199999.99902211124,-5.820766091346741e-11,299999.9990221113,0.0001,293.15,9.759098910933073e-13,1.0,1.0,1.0,1.0,1.0,1.0,293.15,1.0,DRESS,0.544432212952325,293.15,0.0,0.0
healthy_25pct_400ms_sag,NO_CONNECTION,518,5.17,5.18,False,1.0,0.9999999999999998,GRID,3600000.0,1.0,False,188.4999999991141,0.00020000000048706442,199999.99902211133,2.9103830456733704e-11,299999.9990221113,0.0001,293.15,9.76008770331438e-13,1.0,1.0,1.0,1.0,1.0,1.0,293.15,1.0,DRESS,0.5445142066754034,293.15,0.0,0.0
healthy_25pct_400ms_sag,NO_CONNECTION,519,5.18,5.19,False,1.0,0.9999999999999998,GRID,3600000.0,1.0,False,188.49999999915838,0.0002000000004871584,199999.9990221113,0.0,299999.9990221113,0.0001,293.15,9.761027435547381e-13,1.0,1.0,1.0,1.0,1.0,1.0,293.15,1.0,DRESS,0.5445961856247419,293.15,0.0,0.0
healthy_25pct_400ms_sag,NO_CONNECTION,520,5.19,5.2,False,1.0,0.9999999999999998,GRID,3600000.0,1.0,False,188.49999999920047,0.00020000000048724776,199999.99902211127,-2.9103830456733704e-11,299999.9990221113,0.0001,293.15,9.761921089188053e-13,1.0,1.0,1.0,1.0,1.0,1.0,293.15,1.0,DRESS,0.5446781498030053,293.15,0.0,0.0
healthy_25pct_400ms_sag,NO_CONNECTION,521,5.2,5.21,False,1.0,0.9999999999999998,GRID,3600000.0,1.0,False,188.49999999924046,0.0002000000004873326,199999.99902211127,-2.9103830456733704e-11,299999.9990221113,0.0001,293.15,9.762769477388022e-13,1.0,1.0,1.0,1.0,1.0,1.0,293.15,1.0,DRESS,0.5447600992128581,293.15,0.0,0.0
healthy_25pct_400ms_sag,NO_CONNECTION,522,5.21,5.22,False,1.0,0.9999999999999998,GRID,3600000.0,1.0,False,188.49999999927843,0.00020000000048741318,199999.99902211127,-2.9103830456733704e-11,299999.9990221113,0.0001,293.15,9.763575310652722e-13,1.0,1.0,1.0,1.0,1.0,1.0,293.15,1.0,DRESS,0.5448420338569642,293.15,0.0,0.0
healthy_25pct_400ms_sag,NO_CONNECTION,523,5.22,5.23,False,1.0,0.9999999999999998,GRID,3600000.0,1.0,False,188.4999999993145,0.00020000000048748967,199999.99902211133,2.9103830456733704e-11,299999.9990221113,0.0001,293.15,9.76434021528541e-13,1.0,1.0,1.0,1.0,1.0,1.0,293.15,1.0,DRESS,0.5449239537379871,293.15,0.0,0.0
healthy_25pct_400ms_sag,NO_CONNECTION,524,5.23,5.24,False,1.0,0.9999999999999998,GRID,3600000.0,1.0,False,188.49999999934877,0.00020000000048756245,199999.9990221113,0.0,299999.9990221113,0.0001,293.15,9.765067985993692e-13,1.0,1.0,1.0,1.0,1.0,1.0,293.15,1.0,DRESS,0.5450058588585897,293.15,0.0,0.0
healthy_25pct_400ms_sag,NO_CONNECTION,525,5.24,5.25,False,1.0,0.9999999999999998,GRID,3600000.0,1.0,False,188.49999999938134,0.00020000000048763154,199999.9990221113,0.0,299999.9990221113,0.0001,293.15,9.765758893828108e-13,1.0,1.0,1.0,1.0,1.0,1.0,293.15,1.0,DRESS,0.5450877492214345,293.15,0.0,0.0
healthy_25pct_400ms_sag,NO_CONNECTION,526,5.25,5.26,False,1.0,0.9999999999999998,GRID,3600000.0,1.0,False,188.49999999941227,0.00020000000048769716,199999.99902211133,2.9103830456733704e-11,299999.9990221113,0.0001,293.15,9.766415107193005e-13,1.0,1.0,1.0,1.0,1.0,1.0,293.15,1.0,DRESS,0.5451696248291836,293.15,0.0,0.0
healthy_25pct_400ms_sag,NO_CONNECTION,527,5.26,5.2700000000000005,False,1.0,0.9999999999999998,GRID,3600000.0,1.0,False,188.49999999944166,0.00020000000048775953,199999.99902211133,2.9103830456733704e-11,299999.9990221113,0.0001,293.15,9.767038794492727e-13,1.0,1.0,1.0,1.0,1.0,1.0,293.15,1.0,DRESS,0.5452514856844985,293.15,0.0,0.0
healthy_25pct_400ms_sag,NO_CONNECTION,528,5.2700000000000005,5.28,False,1.0,0.9999999999999998,GRID,3600000.0,1.0,False,188.49999999946957,0.00020000000048781878,199999.99902211124,-5.820766091346741e-11,299999.9990221113,0.0001,293.15,9.76763131097999e-13,1.0,1.0,1.0,1.0,1.0,1.0,293.15,1.0,DRESS,0.5453333317900403,293.15,0.0,0.0
healthy_25pct_400ms_sag,NO_CONNECTION,529,5.28,5.29,False,1.0,0.9999999999999998,GRID,3600000.0,1.0,False,188.49999999949608,0.00020000000048787502,199999.9990221113,0.0,299999.9990221113,0.0001,293.15,9.768193740856967e-13,1.0,1.0,1.0,1.0,1.0,1.0,293.15,1.0,DRESS,0.5454151631484695,293.15,0.0,0.0
healthy_25pct_400ms_sag,NO_CONNECTION,530,5.29,5.3,False,1.0,0.9999999999999998,GRID,3600000.0,1.0,False,188.49999999952126,0.00020000000048792845,199999.9990221113,0.0,299999.9990221113,0.0001,293.15,9.76872798147746e-13,1.0,1.0,1.0,1.0,1.0,1.0,293.15,1.0,DRESS,0.5454969797624463,293.15,0.0,0.0
healthy_25pct_400ms_sag,NO_CONNECTION,531,5.3,5.3100000000000005,False,1.0,0.9999999999999998,GRID,3600000.0,1.0,False,188.4999999995452,0.00020000000048797927,199999.9990221113,0.0,299999.9990221113,0.0001,293.15,9.769236201245812e-13,1.0,1.0,1.0,1.0,1.0,1.0,293.15,1.0,DRESS,0.5455787816346301,293.15,0.0,0.0
healthy_25pct_400ms_sag,NO_CONNECTION,532,5.3100000000000005,5.32,False,1.0,0.9999999999999998,GRID,3600000.0,1.0,False,188.49999999956793,0.0002000000004880275,199999.99902211133,2.9103830456733704e-11,299999.9990221113,0.0001,293.15,9.769718400162025e-13,1.0,1.0,1.0,1.0,1.0,1.0,293.15,1.0,DRESS,0.5456605687676803,293.15,0.0,0.0
healthy_25pct_400ms_sag,NO_CONNECTION,533,5.32,5.33,False,1.0,0.9999999999999998,GRID,3600000.0,1.0,False,188.49999999958953,0.0002000000004880733,199999.99902211133,2.9103830456733704e-11,299999.9990221113,0.0001,293.15,9.7701764755799e-13,1.0,1.0,1.0,1.0,1.0,1.0,293.15,1.0,DRESS,0.5457423411642554,293.15,0.0,0.0
healthy_25pct_400ms_sag,NO_CONNECTION,534,5.33,5.34,False,1.0,0.9999999999999998,GRID,3600000.0,1.0,False,188.49999999961005,0.00020000000048811685,199999.99902211135,5.820766091346741e-11,299999.9990221113,0.0001,293.15,9.770612053802696e-13,1.0,1.0,1.0,1.0,1.0,1.0,293.15,1.0,DRESS,0.5458240988270135,293.15,0.0,0.0
healthy_25pct_400ms_sag,NO_CONNECTION,535,5.34,5.3500000000000005,False,1.0,0.9999999999999998,GRID,3600000.0,1.0,False,188.49999999962955,0.00020000000048815827,199999.99902211127,-2.9103830456733704e-11,299999.9990221113,0.0001,293.15,9.771026219032586e-13,1.0,1.0,1.0,1.0,1.0,1.0,293.15,1.0,DRESS,0.5459058417586126,293.15,0.0,0.0
healthy_25pct_400ms_sag,NO_CONNECTION,536,5.3500000000000005,5.36,False,1.0,0.9999999999999998,GRID,3600000.0,1.0,False,188.49999999964808,0.00020000000048819757,199999.99902211133,2.9103830456733704e-11,299999.9990221113,0.0001,293.15,9.771419242320112e-13,1.0,1.0,1.0,1.0,1.0,1.0,293.15,1.0,DRESS,0.5459875699617095,293.15,0.0,0.0
healthy_25pct_400ms_sag,NO_CONNECTION,537,5.36,5.37,False,1.0,0.9999999999999998,GRID,3600000.0,1.0,False,188.49999999966568,0.00020000000048823492,199999.9990221113,0.0,299999.9990221113,0.0001,293.15,9.771792749968533e-13,1.0,1.0,1.0,1.0,1.0,1.0,293.15,1.0,DRESS,0.5460692834389612,293.15,0.0,0.0
healthy_25pct_400ms_sag,NO_CONNECTION,538,5.37,5.38,False,1.0,0.9999999999999998,GRID,3600000.0,1.0,False,188.4999999996824,0.00020000000048827035,199999.99902211133,2.9103830456733704e-11,299999.9990221113,0.0001,293.15,9.772147013028393e-13,1.0,1.0,1.0,1.0,1.0,1.0,293.15,1.0,DRESS,0.5461509821930239,293.15,0.0,0.0
healthy_25pct_400ms_sag,NO_CONNECTION,539,5.38,5.39,False,1.0,0.9999999999999998,GRID,3600000.0,1.0,False,188.49999999969828,0.0002000000004883041,199999.9990221113,0.0,299999.9990221113,0.0001,293.15,9.772484470954579e-13,1.0,1.0,1.0,1.0,1.0,1.0,293.15,1.0,DRESS,0.5462326662265534,293.15,0.0,0.0
healthy_25pct_400ms_sag,NO_CONNECTION,540,5.39,5.4,False,1.0,0.9999999999999998,GRID,3600000.0,1.0,False,188.49999999971337,0.00020000000048833613,199999.9990221113,0.0,299999.9990221113,0.0001,293.15,9.772804852696548e-13,1.0,1.0,1.0,1.0,1.0,1.0,293.15,1.0,DRESS,0.546314335542205,293.15,0.0,0.0
healthy_25pct_400ms_sag,NO_CONNECTION,541,5.4,5.41,False,1.0,0.9999999999999998,GRID,3600000.0,1.0,False,188.4999999997277,0.0002000000004883665,199999.9990221113,0.0,299999.9990221113,0.0001,293.15,9.773108429304844e-13,1.0,1.0,1.0,1.0,1.0,1.0,293.15,1.0,DRESS,0.5463959901426334,293.15,0.0,0.0
healthy_25pct_400ms_sag,NO_CONNECTION,542,5.41,5.42,False,1.0,0.9999999999999998,GRID,3600000.0,1.0,False,188.4999999997413,0.00020000000048839544,199999.99902211127,-2.9103830456733704e-11,299999.9990221113,0.0001,293.15,9.773397911284898e-13,1.0,1.0,1.0,1.0,1.0,1.0,293.15,1.0,DRESS,0.5464776300304931,293.15,0.0,0.0
healthy_25pct_400ms_sag,NO_CONNECTION,543,5.42,5.43,False,1.0,0.9999999999999998,GRID,3600000.0,1.0,False,188.49999999975424,0.00020000000048842287,199999.9990221113,0.0,299999.9990221113,0.0001,293.15,9.773672214434537e-13,1.0,1.0,1.0,1.0,1.0,1.0,293.15,1.0,DRESS,0.5465592552084378,293.15,0.0,0.0
healthy_25pct_400ms_sag,NO_CONNECTION,544,5.43,5.44,False,1.0,0.9999999999999998,GRID,3600000.0,1.0,False,188.49999999976652,0.0002000000004884489,199999.99902211127,-2.9103830456733704e-11,299999.9990221113,0.0001,293.15,9.773932422955933e-13,1.0,1.0,1.0,1.0,1.0,1.0,293.15,1.0,DRESS,0.5466408656791211,293.15,0.0,0.0
healthy_25pct_400ms_sag,NO_CONNECTION,545,5.44,5.45,False,1.0,0.9999999999999998,GRID,3600000.0,1.0,False,188.4999999997782,0.00020000000048847366,199999.9990221113,0.0,299999.9990221113,0.0001,293.15,9.774180163152346e-13,1.0,1.0,1.0,1.0,1.0,1.0,293.15,1.0,DRESS,0.5467224614451957,293.15,0.0,0.0
healthy_25pct_400ms_sag,NO_CONNECTION,546,5.45,5.46,False,1.0,0.9999999999999998,GRID,3600000.0,1.0,False,188.49999999978928,0.0002000000004884972,199999.99902211133,2.9103830456733704e-11,299999.9990221113,0.0001,293.15,9.774415435023776e-13,1.0,1.0,1.0,1.0,1.0,1.0,293.15,1.0,DRESS,0.546804042509314,293.15,0.0,0.0
healthy_25pct_400ms_sag,NO_CONNECTION,547,5.46,5.47,False,1.0,0.9999999999999998,GRID,3600000.0,1.0,False,188.49999999979983,0.00020000000048851958,199999.9990221113,0.0,299999.9990221113,0.0001,293.15,9.774639322772394e-13,1.0,1.0,1.0,1.0,1.0,1.0,293.15,1.0,DRESS,0.5468856088741281,293.15,0.0,0.0
healthy_25pct_400ms_sag,NO_CONNECTION,548,5.47,5.48,False,1.0,0.9999999999999998,GRID,3600000.0,1.0,False,188.49999999980983,0.0002000000004885408,199999.9990221113,0.0,299999.9990221113,0.0001,293.15,9.774851555347658e-13,1.0,1.0,1.0,1.0,1.0,1.0,293.15,1.0,DRESS,0.5469671605422893,293.15,0.0,0.0
healthy_25pct_400ms_sag,NO_CONNECTION,549,5.48,5.49,False,1.0,0.9999999999999998,GRID,3600000.0,1.0,False,188.49999999981935,0.00020000000048856102,199999.9990221113,0.0,299999.9990221113,0.0001,293.15,9.775053759052826e-13,1.0,1.0,1.0,1.0,1.0,1.0,293.15,1.0,DRESS,0.5470486975164487,293.15,0.0,0.0
healthy_25pct_400ms_sag,NO_CONNECTION,550,5.49,5.5,False,1.0,0.9999999999999998,GRID,3600000.0,1.0,False,188.4999999998284,0.00020000000048858021,199999.99902211127,-2.9103830456733704e-11,299999.9990221113,0.0001,293.15,9.775245662837356e-13,1.0,1.0,1.0,1.0,1.0,1.0,293.15,1.0,DRESS,0.5471302197992568,293.15,0.0,0.0
healthy_25pct_400ms_sag,NO_CONNECTION,551,5.5,5.51,False,1.0,0.9999999999999998,GRID,3600000.0,1.0,False,188.49999999983697,0.0002000000004885984,199999.9990221113,0.0,299999.9990221113,0.0001,293.15,9.77542753775179e-13,1.0,1.0,1.0,1.0,1.0,1.0,293.15,1.0,DRESS,0.5472117273933635,293.15,0.0,0.0
healthy_25pct_400ms_sag,NO_CONNECTION,552,5.51,5.5200000000000005,False,1.0,0.9999999999999998,GRID,3600000.0,1.0,False,188.49999999984513,0.0002000000004886157,199999.99902211135,5.820766091346741e-11,299999.9990221113,0.0001,293.15,9.775600467998302e-13,1.0,1.0,1.0,1.0,1.0,1.0,293.15,1.0,DRESS,0.5472932203014186,293.15,0.0,0.0
healthy_25pct_400ms_sag,NO_CONNECTION,553,5.5200000000000005,5.53,False,1.0,0.9999999999999998,GRID,3600000.0,1.0,False,188.49999999985286,0.00020000000048863212,199999.99902211133,2.9103830456733704e-11,299999.9990221113,0.0001,293.15,9.775764724627434e-13,1.0,1.0,1.0,1.0,1.0,1.0,293.15,1.0,DRESS,0.5473746985260709,293.15,0.0,0.0
healthy_25pct_400ms_sag,NO_CONNECTION,554,5.53,5.54,False,1.0,0.9999999999999998,GRID,3600000.0,1.0,False,188.49999999986022,0.00020000000048864776,199999.99902211127,-2.9103830456733704e-11,299999.9990221113,0.0001,293.15,9.775921120790815e-13,1.0,1.0,1.0,1.0,1.0,1.0,293.15,1.0,DRESS,0.547456162069969,293.15,0.0,0.0
healthy_25pct_400ms_sag,NO_CONNECTION,555,5.54,5.55,False,1.0,0.9999999999999998,GRID,3600000.0,1.0,False,188.4999999998672,0.00020000000048866256,199999.99902211133,2.9103830456733704e-11,299999.9990221113,0.0001,293.15,9.77606911438736e-13,1.0,1.0,1.0,1.0,1.0,1.0,293.15,1.0,DRESS,0.5475376109357613,293.15,0.0,0.0
healthy_25pct_400ms_sag,NO_CONNECTION,556,5.55,5.5600000000000005,False,1.0,0.9999999999999998,GRID,3600000.0,1.0,False,188.49999999987386,0.0002000000004886767,199999.99902211133,2.9103830456733704e-11,299999.9990221113,0.0001,293.15,9.776210602770868e-13,1.0,1.0,1.0,1.0,1.0,1.0,293.15,1.0,DRESS,0.547619045126095,293.15,0.0,0.0
healthy_25pct_400ms_sag,NO_CONNECTION,557,5.5600000000000005,5.57,False,1.0,0.9999999999999998,GRID,3600000.0,1.0,False,188.49999999988017,0.00020000000048869007,199999.9990221113,0.0,299999.9990221113,0.0001,293.15,9.776344230688627e-13,1.0,1.0,1.0,1.0,1.0,1.0,293.15,1.0,DRESS,0.5477004646436177,293.15,0.0,0.0
healthy_25pct_400ms_sag,NO_CONNECTION,558,5.57,5.58,False,1.0,0.9999999999999998,GRID,3600000.0,1.0,False,188.49999999988617,0.0002000000004887028,199999.99902211133,2.9103830456733704e-11,299999.9990221113,0.0001,293.15,9.776471624443894e-13,1.0,1.0,1.0,1.0,1.0,1.0,293.15,1.0,DRESS,0.5477818694909757,293.15,0.0,0.0
healthy_25pct_400ms_sag,NO_CONNECTION,559,5.58,5.59,False,1.0,0.9999999999999998,GRID,3600000.0,1.0,False,188.49999999989186,0.00020000000048871485,199999.99902211127,-2.9103830456733704e-11,299999.9990221113,0.0001,293.15,9.77659197088504e-13,1.0,1.0,1.0,1.0,1.0,1.0,293.15,1.0,DRESS,0.5478632596708155,293.15,0.0,0.0
healthy_25pct_400ms_sag,NO_CONNECTION,560,5.59,5.6000000000000005,False,1.0,0.9999999999999998,GRID,3600000.0,1.0,False,188.49999999989726,0.00020000000048872634,199999.9990221113,0.0,299999.9990221113,0.0001,293.15,9.776706896315324e-13,1.0,1.0,1.0,1.0,1.0,1.0,293.15,1.0,DRESS,0.5479446351857827,293.15,0.0,0.0
healthy_25pct_400ms_sag,NO_CONNECTION,561,5.6000000000000005,5.61,False,1.0,0.9999999999999998,GRID,3600000.0,1.0,False,188.4999999999024,0.0002000000004887372,199999.99902211133,2.9103830456733704e-11,299999.9990221113,0.0001,293.15,9.776815587583115e-13,1.0,1.0,1.0,1.0,1.0,1.0,293.15,1.0,DRESS,0.5480259960385225,293.15,0.0,0.0
healthy_25pct_400ms_sag,NO_CONNECTION,562,5.61,5.62,False,1.0,0.9999999999999998,GRID,3600000.0,1.0,False,188.4999999999073,0.00020000000048874762,199999.9990221113,0.0,299999.9990221113,0.0001,293.15,9.776919670991674e-13,1.0,1.0,1.0,1.0,1.0,1.0,293.15,1.0,DRESS,0.5481073422316798,293.15,0.0,0.0
healthy_25pct_400ms_sag,NO_CONNECTION,563,5.62,5.63,False,1.0,0.9999999999999998,GRID,3600000.0,1.0,False,188.49999999991192,0.00020000000048875745,199999.9990221113,0.0,299999.9990221113,0.0001,293.15,9.777018062338827e-13,1.0,1.0,1.0,1.0,1.0,1.0,293.15,1.0,DRESS,0.5481886737678987,293.15,0.0,0.0
healthy_25pct_400ms_sag,NO_CONNECTION,564,5.63,5.64,False,1.0,0.9999999999999998,GRID,3600000.0,1.0,False,188.49999999991633,0.0002000000004887668,199999.99902211133,2.9103830456733704e-11,299999.9990221113,0.0001,293.15,9.777111574776204e-13,1.0,1.0,1.0,1.0,1.0,1.0,293.15,1.0,DRESS,0.5482699906498232,293.15,0.0,0.0
healthy_25pct_400ms_sag,NO_CONNECTION,565,5.64,5.65,False,1.0,0.9999999999999998,GRID,3600000.0,1.0,False,188.4999999999205,0.00020000000048877564,199999.99902211127,-2.9103830456733704e-11,299999.9990221113,0.0001,293.15,9.777199937253261e-13,1.0,1.0,1.0,1.0,1.0,1.0,293.15,1.0,DRESS,0.5483512928800964,293.15,0.0,0.0
healthy_25pct_400ms_sag,NO_CONNECTION,566,5.65,5.66,False,1.0,0.9999999999999998,GRID,3600000.0,1.0,False,188.49999999992448,0.00020000000048878413,199999.99902211133,2.9103830456733704e-11,299999.9990221113,0.0001,293.15,9.777284776073258e-13,1.0,1.0,1.0,1.0,1.0,1.0,293.15,1.0,DRESS,0.5484325804613615,293.15,0.0,0.0
healthy_25pct_400ms_sag,NO_CONNECTION,567,5.66,5.67,False,1.0,0.9999999999999998,GRID,3600000.0,1.0,False,188.49999999992826,0.00020000000048879212,199999.99902211127,-2.9103830456733704e-11,299999.9990221113,0.0001,293.15,9.77736473598348e-13,1.0,1.0,1.0,1.0,1.0,1.0,293.15,1.0,DRESS,0.5485138533962605,293.15,0.0,0.0
healthy_25pct_400ms_sag,NO_CONNECTION,568,5.67,5.68,False,1.0,0.9999999999999998,GRID,3600000.0,1.0,False,188.49999999993184,0.0002000000004887997,199999.9990221113,0.0,299999.9990221113,0.0001,293.15,9.777440630135553e-13,1.0,1.0,1.0,1.0,1.0,1.0,293.15,1.0,DRESS,0.5485951116874355,293.15,0.0,0.0
healthy_25pct_400ms_sag,NO_CONNECTION,569,5.68,5.69,False,1.0,0.9999999999999998,GRID,3600000.0,1.0,False,188.49999999993526,0.00020000000048880695,199999.9990221113,0.0,299999.9990221113,0.0001,293.15,9.777513000630567e-13,1.0,1.0,1.0,1.0,1.0,1.0,293.15,1.0,DRESS,0.5486763553375279,293.15,0.0,0.0
healthy_25pct_400ms_sag,NO_CONNECTION,570,5.69,5.7,False,1.0,0.9999999999999998,GRID,3600000.0,1.0,False,188.4999999999385,0.0002000000004888138,199999.99902211135,5.820766091346741e-11,299999.9990221113,0.0001,293.15,9.777581576417976e-13,1.0,1.0,1.0,1.0,1.0,1.0,293.15,1.0,DRESS,0.5487575843491787,293.15,0.0,0.0
healthy_25pct_400ms_sag,NO_CONNECTION,571,5.7,5.71,False,1.0,0.9999999999999998,GRID,3600000.0,1.0,False,188.49999999994156,0.00020000000048882037,199999.9990221113,0.0,299999.9990221113,0.0001,293.15,9.777647170649412e-13,1.0,1.0,1.0,1.0,1.0,1.0,293.15,1.0,DRESS,0.5488387987250283,293.15,0.0,0.0
healthy_25pct_400ms_sag,NO_CONNECTION,572,5.71,5.72,False,1.0,0.9999999999999998,GRID,3600000.0,1.0,False,188.4999999999445,0.00020000000048882657,199999.9990221113,0.0,299999.9990221113,0.0001,293.15,9.777709241223786e-13,1.0,1.0,1.0,1.0,1.0,1.0,293.15,1.0,DRESS,0.5489199984677168,293.15,0.0,0.0
healthy_25pct_400ms_sag,NO_CONNECTION,573,5.72,5.73,False,1.0,0.9999999999999998,GRID,3600000.0,1.0,False,188.49999999994728,0.00020000000048883248,199999.9990221113,0.0,299999.9990221113,0.0001,293.15,9.777768330242187e-13,1.0,1.0,1.0,1.0,1.0,1.0,293.15,1.0,DRESS,0.5490011835798836,293.15,0.0,0.0
healthy_25pct_400ms_sag,NO_CONNECTION,574,5.73,5.74,False,1.0,0.9999999999999998,GRID,3600000.0,1.0,False,188.49999999994992,0.0002000000004888381,199999.99902211133,2.9103830456733704e-11,299999.9990221113,0.0001,293.15,9.777824437704613e-13,1.0,1.0,1.0,1.0,1.0,1.0,293.15,1.0,DRESS,0.5490823540641677,293.15,0.0,0.0
healthy_25pct_400ms_sag,NO_CONNECTION,575,5.74,5.75,False,1.0,0.9999999999999998,GRID,3600000.0,1.0,False,188.49999999995242,0.0002000000004888434,199999.99902211133,2.9103830456733704e-11,299999.9990221113,0.0001,293.15,9.777877563611065e-13,1.0,1.0,1.0,1.0,1.0,1.0,293.15,1.0,DRESS,0.5491635099232078,293.15,0.0,0.0
healthy_25pct_400ms_sag,NO_CONNECTION,576,5.75,5.76,False,1.0,0.9999999999999998,GRID,3600000.0,1.0,False,188.4999999999548,0.0002000000004888485,199999.99902211124,-5.820766091346741e-11,299999.9990221113,0.0001,293.15,9.777928521113172e-13,1.0,1.0,1.0,1.0,1.0,1.0,293.15,1.0,DRESS,0.5492446511596419,293.15,0.0,0.0
healthy_25pct_400ms_sag,NO_CONNECTION,577,5.76,5.7700000000000005,False,1.0,0.9999999999999998,GRID,3600000.0,1.0,False,188.49999999995708,0.00020000000048885324,199999.99902211133,2.9103830456733704e-11,299999.9990221113,0.0001,293.15,9.777975954958218e-13,1.0,1.0,1.0,1.0,1.0,1.0,293.15,1.0,DRESS,0.5493257777761077,293.15,0.0,0.0
healthy_25pct_400ms_sag,NO_CONNECTION,578,5.7700000000000005,5.78,False,1.0,0.9999999999999998,GRID,3600000.0,1.0,False,188.49999999995924,0.00020000000048885785,199999.9990221113,0.0,299999.9990221113,0.0001,293.15,9.778022033550549e-13,1.0,1.0,1.0,1.0,1.0,1.0,293.15,1.0,DRESS,0.5494068897752422,293.15,0.0,0.0
healthy_25pct_400ms_sag,NO_CONNECTION,579,5.78,5.79,False,1.0,0.9999999999999998,GRID,3600000.0,1.0,False,188.4999999999613,0.0002000000004888622,199999.9990221113,0.0,299999.9990221113,0.0001,293.15,9.778065401637448e-13,1.0,1.0,1.0,1.0,1.0,1.0,293.15,1.0,DRESS,0.5494879871596822,293.15,0.0,0.0
healthy_25pct_400ms_sag,NO_CONNECTION,580,5.79,5.8,False,1.0,0.9999999999999998,GRID,3600000.0,1.0,False,188.49999999996322,0.00020000000048886634,199999.99902211127,-2.9103830456733704e-11,299999.9990221113,0.0001,293.15,9.778106872370546e-13,1.0,1.0,1.0,1.0,1.0,1.0,293.15,1.0,DRESS,0.5495690699320638,293.15,0.0,0.0
healthy_25pct_400ms_sag,NO_CONNECTION,581,5.8,5.8100000000000005,False,1.0,0.9999999999999998,GRID,3600000.0,1.0,False,188.49999999996507,0.00020000000048887024,199999.99902211127,-2.9103830456733704e-11,299999.9990221113,0.0001,293.15,9.778145903648755e-13,1.0,1.0,1.0,1.0,1.0,1.0,293.15,1.0,DRESS,0.5496501380950227,293.15,0.0,0.0
healthy_25pct_400ms_sag,NO_CONNECTION,582,5.8100000000000005,5.82,False,1.0,0.9999999999999998,GRID,3600000.0,1.0,False,188.4999999999668,0.00020000000048887392,199999.9990221113,0.0,299999.9990221113,0.0001,293.15,9.77818276652262e-13,1.0,1.0,1.0,1.0,1.0,1.0,293.15,1.0,DRESS,0.5497311916511942,293.15,0.0,0.0
healthy_25pct_400ms_sag,NO_CONNECTION,583,5.82,5.83,False,1.0,0.9999999999999998,GRID,3600000.0,1.0,False,188.49999999996845,0.00020000000048887745,199999.9990221113,0.0,299999.9990221113,0.0001,293.15,9.778218003093225e-13,1.0,1.0,1.0,1.0,1.0,1.0,293.15,1.0,DRESS,0.549812230603213,293.15,0.0,0.0
healthy_25pct_400ms_sag,NO_CONNECTION,584,5.83,5.84,False,1.0,0.9999999999999998,GRID,3600000.0,1.0,False,188.49999999997004,0.00020000000048888078,199999.9990221113,0.0,299999.9990221113,0.0001,293.15,9.77825134231003e-13,1.0,1.0,1.0,1.0,1.0,1.0,293.15,1.0,DRESS,0.5498932549537134,293.15,0.0,0.0
healthy_25pct_400ms_sag,NO_CONNECTION,585,5.84,5.8500000000000005,False,1.0,0.9999999999999998,GRID,3600000.0,1.0,False,188.49999999997155,0.00020000000048888398,199999.99902211133,2.9103830456733704e-11,299999.9990221113,0.0001,293.15,9.778283326274118e-13,1.0,1.0,1.0,1.0,1.0,1.0,293.15,1.0,DRESS,0.5499742647053293,293.15,0.0,0.0
healthy_25pct_400ms_sag,NO_CONNECTION,586,5.8500000000000005,5.86,False,1.0,0.9999999999999998,GRID,3600000.0,1.0,False,188.49999999997297,0.000200000000488887,199999.9990221113,0.0,299999.9990221113,0.0001,293.15,9.778313412884404e-13,1.0,1.0,1.0,1.0,1.0,1.0,293.15,1.0,DRESS,0.5500552598606938,293.15,0.0,0.0
healthy_25pct_400ms_sag,NO_CONNECTION,587,5.86,5.87,False,1.0,0.9999999999999998,GRID,3600000.0,1.0,False,188.49999999997434,0.0002000000004888899,199999.99902211133,2.9103830456733704e-11,299999.9990221113,0.0001,293.15,9.778342415292518e-13,1.0,1.0,1.0,1.0,1.0,1.0,293.15,1.0,DRESS,0.5501362404224399,293.15,0.0,0.0
healthy_25pct_400ms_sag,NO_CONNECTION,588,5.87,5.88,False,1.0,0.9999999999999998,GRID,3600000.0,1.0,False,188.4999999999756,0.0002000000004888926,199999.99902211133,2.9103830456733704e-11,299999.9990221113,0.0001,293.15,9.77836952034683e-13,1.0,1.0,1.0,1.0,1.0,1.0,293.15,1.0,DRESS,0.5502172063931999,293.15,0.0,0.0
healthy_25pct_400ms_sag,NO_CONNECTION,589,5.88,5.89,False,1.0,0.9999999999999998,GRID,3600000.0,1.0,False,188.49999999997684,0.0002000000004888952,199999.99902211127,-2.9103830456733704e-11,299999.9990221113,0.0001,293.15,9.77839554119897e-13,1.0,1.0,1.0,1.0,1.0,1.0,293.15,1.0,DRESS,0.5502981577756059,293.15,0.0,0.0
healthy_25pct_400ms_sag,NO_CONNECTION,590,5.89,5.9,False,1.0,0.9999999999999998,GRID,3600000.0,1.0,False,188.499999999978,0.00020000000048889767,199999.9990221113,0.0,299999.9990221113,0.0001,293.15,9.778420206798394e-13,1.0,1.0,1.0,1.0,1.0,1.0,293.15,1.0,DRESS,0.5503790945722891,293.15,0.0,0.0
healthy_25pct_400ms_sag,NO_CONNECTION,591,5.9,5.91,False,1.0,0.9999999999999998,GRID,3600000.0,1.0,False,188.4999999999791,0.00020000000048890003,199999.9990221113,0.0,299999.9990221113,0.0001,293.15,9.778443788195645e-13,1.0,1.0,1.0,1.0,1.0,1.0,293.15,1.0,DRESS,0.5504600167858805,293.15,0.0,0.0
healthy_25pct_400ms_sag,NO_CONNECTION,592,5.91,5.92,False,1.0,0.9999999999999998,GRID,3600000.0,1.0,False,188.49999999998016,0.00020000000048890225,199999.99902211127,-2.9103830456733704e-11,299999.9990221113,0.0001,293.15,9.778466014340181e-13,1.0,1.0,1.0,1.0,1.0,1.0,293.15,1.0,DRESS,0.5505409244190107,293.15,0.0,0.0
healthy_25pct_400ms_sag,NO_CONNECTION,593,5.92,5.93,False,1.0,0.9999999999999998,GRID,3600000.0,1.0,False,188.49999999998116,0.0002000000004889044,199999.9990221113,0.0,299999.9990221113,0.0001,293.15,9.778487427333088e-13,1.0,1.0,1.0,1.0,1.0,1.0,293.15,1.0,DRESS,0.5506218174743096,293.15,0.0,0.0
healthy_25pct_400ms_sag,NO_CONNECTION,594,5.93,5.94,False,1.0,0.9999999999999998,GRID,3600000.0,1.0,False,188.4999999999821,0.00020000000048890634,199999.9990221113,0.0,299999.9990221113,0.0001,293.15,9.778506942972193e-13,1.0,1.0,1.0,1.0,1.0,1.0,293.15,1.0,DRESS,0.5507026959544067,293.15,0.0,0.0
healthy_25pct_400ms_sag,NO_CONNECTION,595,5.94,5.95,False,1.0,0.9999999999999998,GRID,3600000.0,1.0,False,188.499999999983,0.0002000000004889083,199999.9990221113,0.0,299999.9990221113,0.0001,293.15,9.778526458611297e-13,1.0,1.0,1.0,1.0,1.0,1.0,293.15,1.0,DRESS,0.5507835598619311,293.15,0.0,0.0
healthy_25pct_400ms_sag,NO_CONNECTION,596,5.95,5.96,False,1.0,0.9999999999999998,GRID,3600000.0,1.0,False,188.49999999998386,0.00020000000048891014,199999.9990221113,0.0,299999.9990221113,0.0001,293.15,9.77854489004823e-13,1.0,1.0,1.0,1.0,1.0,1.0,293.15,1.0,DRESS,0.5508644091995113,293.15,0.0,0.0
healthy_25pct_400ms_sag,NO_CONNECTION,597,5.96,5.97,False,1.0,0.9999999999999998,GRID,3600000.0,1.0,False,188.49999999998465,0.00020000000048891182,199999.9990221113,0.0,299999.9990221113,0.0001,293.15,9.778561695181903e-13,1.0,1.0,1.0,1.0,1.0,1.0,293.15,1.0,DRESS,0.5509452439697755,293.15,0.0,0.0
healthy_25pct_400ms_sag,NO_CONNECTION,598,5.97,5.98,False,1.0,0.9999999999999998,GRID,3600000.0,1.0,False,188.49999999998542,0.0002000000004889134,199999.9990221113,0.0,299999.9990221113,0.0001,293.15,9.778577416113404e-13,1.0,1.0,1.0,1.0,1.0,1.0,293.15,1.0,DRESS,0.5510260641753513,293.15,0.0,0.0
healthy_25pct_400ms_sag,NO_CONNECTION,599,5.98,5.99,False,1.0,0.9999999999999998,GRID,3600000.0,1.0,False,188.49999999998616,0.000200000000488915,199999.99902211127,-2.9103830456733704e-11,299999.9990221113,0.0001,293.15,9.778593408095448e-13,1.0,1.0,1.0,1.0,1.0,1.0,293.15,1.0,DRESS,0.5511068698188658,293.15,0.0,0.0
healthy_25pct_400ms_sag,NO_CONNECTION,600,5.99,6.0,False,1.0,0.9999999999999998,GRID,3600000.0,1.0,False,188.49999999998684,0.00020000000048891643,199999.9990221113,0.0,299999.9990221113,0.0001,293.15,9.778607773774234e-13,1.0,1.0,1.0,1.0,1.0,1.0,293.15,1.0,DRESS,0.5511876609029458,293.15,0.0,0.0
healthy_25pct_400ms_sag,NO_CONNECTION,601,6.0,6.01,False,1.0,0.9999999999999998,GRID,3600000.0,1.0,False,188.4999999999875,0.0002000000004889178,199999.9990221113,0.0,299999.9990221113,0.0001,293.15,9.778621597351933e-13,1.0,1.0,1.0,1.0,1.0,1.0,293.15,1.0,PREPARE,0.5511876609029458,293.15,0.0,0.0
healthy_25pct_400ms_sag,NO_CONNECTION,602,6.01,6.0200000000000005,False,1.0,0.9999999999999998,GRID,3600000.0,1.0,False,188.49999999998812,0.0002000000004889191,199999.9990221113,0.0,299999.9990221113,0.0001,293.15,9.778634607778003e-13,1.0,1.0,1.0,1.0,1.0,1.0,293.15,1.0,PREPARE,0.5511876609029458,293.15,0.0,0.0
healthy_25pct_400ms_sag,NO_CONNECTION,603,6.0200000000000005,6.03,False,1.0,0.9999999999999998,GRID,3600000.0,1.0,False,188.49999999998872,0.0002000000004889204,199999.99902211135,5.820766091346741e-11,299999.9990221113,0.0001,293.15,9.778647618204073e-13,1.0,1.0,1.0,1.0,1.0,1.0,293.15,1.0,PREPARE,0.5511876609029458,293.15,0.0,0.0
healthy_25pct_400ms_sag,NO_CONNECTION,604,6.03,6.04,False,1.0,0.9999999999999998,GRID,3600000.0,1.0,False,188.49999999998929,0.0002000000004889216,199999.99902211135,5.820766091346741e-11,299999.9990221113,0.0001,293.15,9.77865954442797e-13,1.0,1.0,1.0,1.0,1.0,1.0,293.15,1.0,PREPARE,0.5511876609029458,293.15,0.0,0.0
healthy_25pct_400ms_sag,NO_CONNECTION,605,6.04,6.05,False,1.0,0.9999999999999998,GRID,3600000.0,1.0,False,188.49999999998983,0.00020000000048892274,199999.99902211133,2.9103830456733704e-11,299999.9990221113,0.0001,293.15,9.778670928550781e-13,1.0,1.0,1.0,1.0,1.0,1.0,293.15,1.0,PREPARE,0.5511876609029458,293.15,0.0,0.0
healthy_25pct_400ms_sag,NO_CONNECTION,606,6.05,6.0600000000000005,False,1.0,0.9999999999999998,GRID,3600000.0,1.0,False,188.49999999999034,0.00020000000048892383,199999.9990221113,0.0,299999.9990221113,0.0001,293.15,9.778681770572506e-13,1.0,1.0,1.0,1.0,1.0,1.0,293.15,1.0,PREPARE,0.5511876609029458,293.15,0.0,0.0
healthy_25pct_400ms_sag,NO_CONNECTION,607,6.0600000000000005,6.07,False,1.0,0.9999999999999998,GRID,3600000.0,1.0,False,188.49999999999082,0.00020000000048892486,199999.9990221113,0.0,299999.9990221113,0.0001,293.15,9.778692070493145e-13,1.0,1.0,1.0,1.0,1.0,1.0,293.15,1.0,PREPARE,0.5511876609029458,293.15,0.0,0.0
healthy_25pct_400ms_sag,NO_CONNECTION,608,6.07,6.08,False,1.0,0.9999999999999998,GRID,3600000.0,1.0,False,188.49999999999127,0.00020000000048892586,199999.99902211124,-5.820766091346741e-11,299999.9990221113,0.0001,293.15,9.77870209936324e-13,1.0,1.0,1.0,1.0,1.0,1.0,293.15,1.0,PREPARE,0.5511876609029458,293.15,0.0,0.0
healthy_25pct_400ms_sag,NO_CONNECTION,609,6.08,6.09,False,1.0,0.9999999999999998,GRID,3600000.0,1.0,False,188.4999999999917,0.0002000000004889267,199999.99902211135,5.820766091346741e-11,299999.9990221113,0.0001,293.15,9.778710501930077e-13,1.0,1.0,1.0,1.0,1.0,1.0,293.15,1.0,PREPARE,0.5511876609029458,293.15,0.0,0.0
healthy_25pct_400ms_sag,NO_CONNECTION,610,6.09,6.1000000000000005,False,1.0,0.9999999999999998,GRID,3600000.0,1.0,False,188.49999999999213,0.00020000000048892765,199999.9990221113,0.0,299999.9990221113,0.0001,293.15,9.778719988699086e-13,1.0,1.0,1.0,1.0,1.0,1.0,293.15,1.0,PREPARE,0.5511876609029458,293.15,0.0,0.0
healthy_25pct_400ms_sag,NO_CONNECTION,611,6.1000000000000005,6.11,False,1.0,0.9999999999999998,GRID,3600000.0,1.0,False,188.49999999999253,0.0002000000004889285,199999.9990221113,0.0,299999.9990221113,0.0001,293.15,9.778728391265923e-13,1.0,1.0,1.0,1.0,1.0,1.0,293.15,1.0,PREPARE,0.5511876609029458,293.15,0.0,0.0
healthy_25pct_400ms_sag,NO_CONNECTION,612,6.11,6.12,False,1.0,0.9999999999999998,GRID,3600000.0,1.0,False,188.4999999999929,0.00020000000048892925,199999.9990221113,0.0,299999.9990221113,0.0001,293.15,9.77873598068113e-13,1.0,1.0,1.0,1.0,1.0,1.0,293.15,1.0,PREPARE,0.5511876609029458,293.15,0.0,0.0
healthy_25pct_400ms_sag,NO_CONNECTION,613,6.12,6.13,False,1.0,0.9999999999999998,GRID,3600000.0,1.0,False,188.49999999999324,0.00020000000048893,199999.9990221113,0.0,299999.9990221113,0.0001,293.15,9.778743570096338e-13,1.0,1.0,1.0,1.0,1.0,1.0,293.15,1.0,PREPARE,0.5511876609029458,293.15,0.0,0.0
healthy_25pct_400ms_sag,NO_CONNECTION,614,6.13,6.140000000000001,False,1.0,0.9999999999999998,GRID,3600000.0,1.0,False,188.49999999999358,0.00020000000048893074,199999.99902211127,-2.9103830456733704e-11,299999.9990221113,0.0001,293.15,9.778750888461002e-13,1.0,1.0,1.0,1.0,1.0,1.0,293.15,1.0,PREPARE,0.5511876609029458,293.15,0.0,0.0
healthy_25pct_400ms_sag,NO_CONNECTION,615,6.140000000000001,6.15,False,1.0,0.9999999999999998,GRID,3600000.0,1.0,False,188.4999999999939,0.00020000000048893136,199999.99902211133,2.9103830456733704e-11,299999.9990221113,0.0001,293.15,9.778757122623494e-13,1.0,1.0,1.0,1.0,1.0,1.0,293.15,1.0,PREPARE,0.5511876609029458,293.15,0.0,0.0
healthy_25pct_400ms_sag,NO_CONNECTION,616,6.15,6.16,False,1.0,0.9999999999999998,GRID,3600000.0,1.0,False,188.4999999999942,0.00020000000048893204,199999.9990221113,0.0,299999.9990221113,0.0001,293.15,9.778763898887072e-13,1.0,1.0,1.0,1.0,1.0,1.0,293.15,1.0,PREPARE,0.5511876609029458,293.15,0.0,0.0
healthy_25pct_400ms_sag,NO_CONNECTION,617,6.16,6.17,False,1.0,0.9999999999999998,GRID,3600000.0,1.0,False,188.4999999999945,0.0002000000004889327,199999.9990221113,0.0,299999.9990221113,0.0001,293.15,9.778770404100107e-13,1.0,1.0,1.0,1.0,1.0,1.0,293.15,1.0,PREPARE,0.5511876609029458,293.15,0.0,0.0
healthy_25pct_400ms_sag,NO_CONNECTION,618,6.17,6.18,False,1.0,0.9999999999999998,GRID,3600000.0,1.0,False,188.49999999999477,0.00020000000048893326,199999.9990221113,0.0,299999.9990221113,0.0001,293.15,9.778776096161512e-13,1.0,1.0,1.0,1.0,1.0,1.0,293.15,1.0,PREPARE,0.5511876609029458,293.15,0.0,0.0
healthy_25pct_400ms_sag,NO_CONNECTION,619,6.18,6.19,False,1.0,0.9999999999999998,GRID,3600000.0,1.0,False,188.49999999999503,0.0002000000004889338,199999.99902211127,-2.9103830456733704e-11,299999.9990221113,0.0001,293.15,9.778781517172375e-13,1.0,1.0,1.0,1.0,1.0,1.0,293.15,1.0,PREPARE,0.5511876609029458,293.15,0.0,0.0
healthy_25pct_400ms_sag,NO_CONNECTION,620,6.19,6.2,False,1.0,0.9999999999999998,GRID,3600000.0,1.0,False,188.49999999999528,0.00020000000048893437,199999.9990221113,0.0,299999.9990221113,0.0001,293.15,9.77878720923378e-13,1.0,1.0,1.0,1.0,1.0,1.0,293.15,1.0,PREPARE,0.5511876609029458,293.15,0.0,0.0
healthy_25pct_400ms_sag,NO_CONNECTION,621,6.2,6.21,False,1.0,0.9999999999999998,GRID,3600000.0,1.0,False,188.4999999999955,0.0002000000004889348,199999.9990221113,0.0,299999.9990221113,0.0001,293.15,9.77879154604247e-13,1.0,1.0,1.0,1.0,1.0,1.0,293.15,1.0,PREPARE,0.5511876609029458,293.15,0.0,0.0
healthy_25pct_400ms_sag,NO_CONNECTION,622,6.21,6.22,False,1.0,0.9999999999999998,GRID,3600000.0,1.0,False,188.49999999999574,0.0002000000004889353,199999.9990221113,0.0,299999.9990221113,0.0001,293.15,9.778796424952246e-13,1.0,1.0,1.0,1.0,1.0,1.0,293.15,1.0,PREPARE,0.5511876609029458,293.15,0.0,0.0
healthy_25pct_400ms_sag,NO_CONNECTION,623,6.22,6.23,False,1.0,0.9999999999999998,GRID,3600000.0,1.0,False,188.49999999999596,0.00020000000048893578,199999.99902211133,2.9103830456733704e-11,299999.9990221113,0.0001,293.15,9.778801303862023e-13,1.0,1.0,1.0,1.0,1.0,1.0,293.15,1.0,PREPARE,0.5511876609029458,293.15,0.0,0.0
healthy_25pct_400ms_sag,NO_CONNECTION,624,6.23,6.24,False,1.0,0.9999999999999998,GRID,3600000.0,1.0,False,188.49999999999616,0.00020000000048893624,199999.9990221113,0.0,299999.9990221113,0.0001,293.15,9.778805911721256e-13,1.0,1.0,1.0,1.0,1.0,1.0,293.15,1.0,PREPARE,0.5511876609029458,293.15,0.0,0.0
healthy_25pct_400ms_sag,NO_CONNECTION,625,6.24,6.25,False,1.0,0.9999999999999998,GRID,3600000.0,1.0,False,188.49999999999636,0.0002000000004889366,199999.99902211135,5.820766091346741e-11,299999.9990221113,0.0001,293.15,9.778809435378316e-13,1.0,1.0,1.0,1.0,1.0,1.0,293.15,1.0,PREPARE,0.5511876609029458,293.15,0.0,0.0
healthy_25pct_400ms_sag,NO_CONNECTION,626,6.25,6.26,False,1.0,0.9999999999999998,GRID,3600000.0,1.0,False,188.49999999999653,0.00020000000048893697,199999.99902211135,5.820766091346741e-11,299999.9990221113,0.0001,293.15,9.77881323008592e-13,1.0,1.0,1.0,1.0,1.0,1.0,293.15,1.0,PREPARE,0.5511876609029458,293.15,0.0,0.0
healthy_25pct_400ms_sag,NO_CONNECTION,627,6.26,6.2700000000000005,False,1.0,0.9999999999999998,GRID,3600000.0,1.0,False,188.4999999999967,0.00020000000048893732,199999.99902211133,2.9103830456733704e-11,299999.9990221113,0.0001,293.15,9.77881675374298e-13,1.0,1.0,1.0,1.0,1.0,1.0,293.15,1.0,PREPARE,0.5511876609029458,293.15,0.0,0.0
healthy_25pct_400ms_sag,NO_CONNECTION,628,6.2700000000000005,6.28,False,1.0,0.9999999999999998,GRID,3600000.0,1.0,False,188.49999999999687,0.00020000000048893773,199999.99902211133,2.9103830456733704e-11,299999.9990221113,0.0001,293.15,9.778820819501127e-13,1.0,1.0,1.0,1.0,1.0,1.0,293.15,1.0,PREPARE,0.5511876609029458,293.15,0.0,0.0
healthy_25pct_400ms_sag,NO_CONNECTION,629,6.28,6.29,False,1.0,0.9999999999999998,GRID,3600000.0,1.0,False,188.49999999999704,0.00020000000048893808,199999.9990221113,0.0,299999.9990221113,0.0001,293.15,9.778824343158188e-13,1.0,1.0,1.0,1.0,1.0,1.0,293.15,1.0,PREPARE,0.5511876609029458,293.15,0.0,0.0
healthy_25pct_400ms_sag,NO_CONNECTION,630,6.29,6.3,False,1.0,0.9999999999999998,GRID,3600000.0,1.0,False,188.4999999999972,0.00020000000048893843,199999.99902211124,-5.820766091346741e-11,299999.9990221113,0.0001,293.15,9.778827866815248e-13,1.0,1.0,1.0,1.0,1.0,1.0,293.15,1.0,PREPARE,0.5511876609029458,293.15,0.0,0.0
healthy_25pct_400ms_sag,NO_CONNECTION,631,6.3,6.3100000000000005,False,1.0,0.9999999999999998,GRID,3600000.0,1.0,False,188.49999999999733,0.00020000000048893868,199999.99902211127,-2.9103830456733704e-11,299999.9990221113,0.0001,293.15,9.778830306270136e-13,1.0,1.0,1.0,1.0,1.0,1.0,293.15,1.0,PREPARE,0.5511876609029458,293.15,0.0,0.0
healthy_25pct_400ms_sag,NO_CONNECTION,632,6.3100000000000005,6.32,False,1.0,0.9999999999999998,GRID,3600000.0,1.0,False,188.49999999999747,0.00020000000048893898,199999.99902211127,-2.9103830456733704e-11,299999.9990221113,0.0001,293.15,9.77883328782611e-13,1.0,1.0,1.0,1.0,1.0,1.0,293.15,1.0,PREPARE,0.5511876609029458,293.15,0.0,0.0
healthy_25pct_400ms_sag,NO_CONNECTION,633,6.32,6.33,False,1.0,0.9999999999999998,GRID,3600000.0,1.0,False,188.49999999999758,0.00020000000048893928,199999.99902211124,-5.820766091346741e-11,299999.9990221113,0.0001,293.15,9.778836269382085e-13,1.0,1.0,1.0,1.0,1.0,1.0,293.15,1.0,PREPARE,0.5511876609029458,293.15,0.0,0.0
healthy_25pct_400ms_sag,NO_CONNECTION,634,6.33,6.34,False,1.0,0.9999999999999998,GRID,3600000.0,1.0,False,188.4999999999977,0.00020000000048893946,199999.9990221113,0.0,299999.9990221113,0.0001,293.15,9.778838166735887e-13,1.0,1.0,1.0,1.0,1.0,1.0,293.15,1.0,PREPARE,0.5511876609029458,293.15,0.0,0.0
healthy_25pct_400ms_sag,NO_CONNECTION,635,6.34,6.3500000000000005,False,1.0,0.9999999999999998,GRID,3600000.0,1.0,False,188.4999999999978,0.00020000000048893968,199999.99902211133,2.9103830456733704e-11,299999.9990221113,0.0001,293.15,9.778840335140232e-13,1.0,1.0,1.0,1.0,1.0,1.0,293.15,1.0,PREPARE,0.5511876609029458,293.15,0.0,0.0
healthy_25pct_400ms_sag,NO_CONNECTION,636,6.3500000000000005,6.36,False,1.0,0.9999999999999998,GRID,3600000.0,1.0,False,188.49999999999793,0.00020000000048893995,199999.9990221113,0.0,299999.9990221113,0.0001,293.15,9.778843045645663e-13,1.0,1.0,1.0,1.0,1.0,1.0,293.15,1.0,PREPARE,0.5511876609029458,293.15,0.0,0.0
healthy_25pct_400ms_sag,NO_CONNECTION,637,6.36,6.37,False,1.0,0.9999999999999998,GRID,3600000.0,1.0,False,188.49999999999804,0.0002000000004889402,199999.9990221113,0.0,299999.9990221113,0.0001,293.15,9.778845485100551e-13,1.0,1.0,1.0,1.0,1.0,1.0,293.15,1.0,PREPARE,0.5511876609029458,293.15,0.0,0.0
healthy_25pct_400ms_sag,NO_CONNECTION,638,6.37,6.38,False,1.0,0.9999999999999998,GRID,3600000.0,1.0,False,188.49999999999812,0.00020000000048894036,199999.9990221113,0.0,299999.9990221113,0.0001,293.15,9.77884711140381e-13,1.0,1.0,1.0,1.0,1.0,1.0,293.15,1.0,PREPARE,0.5511876609029458,293.15,0.0,0.0
healthy_25pct_400ms_sag,NO_CONNECTION,639,6.38,6.390000000000001,False,1.0,0.9999999999999998,GRID,3600000.0,1.0,False,188.4999999999982,0.00020000000048894055,199999.99902211127,-2.9103830456733704e-11,299999.9990221113,0.0001,293.15,9.778849008757612e-13,1.0,1.0,1.0,1.0,1.0,1.0,293.15,1.0,PREPARE,0.5511876609029458,293.15,0.0,0.0
healthy_25pct_400ms_sag,NO_CONNECTION,640,6.390000000000001,6.4,False,1.0,0.9999999999999998,GRID,3600000.0,1.0,False,188.4999999999983,0.00020000000048894074,199999.9990221113,0.0,299999.9990221113,0.0001,293.15,9.778850906111414e-13,1.0,1.0,1.0,1.0,1.0,1.0,293.15,1.0,PREPARE,0.5511876609029458,293.15,0.0,0.0
healthy_25pct_400ms_sag,NO_CONNECTION,641,6.4,6.41,False,1.0,0.9999999999999998,GRID,3600000.0,1.0,False,188.49999999999838,0.00020000000048894096,199999.9990221113,0.0,299999.9990221113,0.0001,293.15,9.778853074515759e-13,1.0,1.0,1.0,1.0,1.0,1.0,293.15,1.0,PREPARE,0.5511876609029458,293.15,0.0,0.0
healthy_25pct_400ms_sag,NO_CONNECTION,642,6.41,6.42,False,1.0,0.9999999999999998,GRID,3600000.0,1.0,False,188.49999999999847,0.00020000000048894112,199999.9990221113,0.0,299999.9990221113,0.0001,293.15,9.778854700819017e-13,1.0,1.0,1.0,1.0,1.0,1.0,293.15,1.0,PREPARE,0.5511876609029458,293.15,0.0,0.0
healthy_25pct_400ms_sag,NO_CONNECTION,643,6.42,6.43,False,1.0,0.9999999999999998,GRID,3600000.0,1.0,False,188.49999999999855,0.0002000000004889413,199999.9990221113,0.0,299999.9990221113,0.0001,293.15,9.77885659817282e-13,1.0,1.0,1.0,1.0,1.0,1.0,293.15,1.0,PREPARE,0.5511876609029458,293.15,0.0,0.0
healthy_25pct_400ms_sag,NO_CONNECTION,644,6.43,6.44,False,1.0,0.9999999999999998,GRID,3600000.0,1.0,False,188.49999999999864,0.00020000000048894147,199999.9990221113,0.0,299999.9990221113,0.0001,293.15,9.778858224476078e-13,1.0,1.0,1.0,1.0,1.0,1.0,293.15,1.0,PREPARE,0.5511876609029458,293.15,0.0,0.0
healthy_25pct_400ms_sag,NO_CONNECTION,645,6.44,6.45,False,1.0,0.9999999999999998,GRID,3600000.0,1.0,False,188.4999999999987,0.00020000000048894158,199999.9990221113,0.0,299999.9990221113,0.0001,293.15,9.77885930867825e-13,1.0,1.0,1.0,1.0,1.0,1.0,293.15,1.0,PREPARE,0.5511876609029458,293.15,0.0,0.0
healthy_25pct_400ms_sag,NO_CONNECTION,646,6.45,6.46,False,1.0,0.9999999999999998,GRID,3600000.0,1.0,False,188.49999999999875,0.0002000000004889417,199999.9990221113,0.0,299999.9990221113,0.0001,293.15,9.778860392880423e-13,1.0,1.0,1.0,1.0,1.0,1.0,293.15,1.0,PREPARE,0.5511876609029458,293.15,0.0,0.0
healthy_25pct_400ms_sag,NO_CONNECTION,647,6.46,6.47,False,1.0,0.9999999999999998,GRID,3600000.0,1.0,False,188.4999999999988,0.00020000000048894182,199999.99902211127,-2.9103830456733704e-11,299999.9990221113,0.0001,293.15,9.778861748133139e-13,1.0,1.0,1.0,1.0,1.0,1.0,293.15,1.0,PREPARE,0.5511876609029458,293.15,0.0,0.0
healthy_25pct_400ms_sag,NO_CONNECTION,648,6.47,6.48,False,1.0,0.9999999999999998,GRID,3600000.0,1.0,False,188.49999999999886,0.00020000000048894196,199999.9990221113,0.0,299999.9990221113,0.0001,293.15,9.778863103385854e-13,1.0,1.0,1.0,1.0,1.0,1.0,293.15,1.0,PREPARE,0.5511876609029458,293.15,0.0,0.0
healthy_25pct_400ms_sag,NO_CONNECTION,649,6.48,6.49,False,1.0,0.9999999999999998,GRID,3600000.0,1.0,False,188.49999999999892,0.00020000000048894204,199999.99902211133,2.9103830456733704e-11,299999.9990221113,0.0001,293.15,9.778863916537484e-13,1.0,1.0,1.0,1.0,1.0,1.0,293.15,1.0,PREPARE,0.5511876609029458,293.15,0.0,0.0
healthy_25pct_400ms_sag,NO_CONNECTION,650,6.49,6.5,False,1.0,0.9999999999999998,GRID,3600000.0,1.0,False,188.49999999999898,0.00020000000048894215,199999.99902211135,5.820766091346741e-11,299999.9990221113,0.0001,293.15,9.778865000739656e-13,1.0,1.0,1.0,1.0,1.0,1.0,293.15,1.0,PREPARE,0.5511876609029458,293.15,0.0,0.0
healthy_25pct_400ms_sag,NO_CONNECTION,651,6.5,6.51,False,1.0,0.9999999999999998,GRID,3600000.0,1.0,False,188.49999999999903,0.0002000000004889423,199999.9990221113,0.0,299999.9990221113,0.0001,293.15,9.778866627042915e-13,1.0,1.0,1.0,1.0,1.0,1.0,293.15,1.0,PREPARE,0.5511876609029458,293.15,0.0,0.0
healthy_25pct_400ms_sag,NO_CONNECTION,652,6.51,6.5200000000000005,False,1.0,0.9999999999999998,GRID,3600000.0,1.0,False,188.4999999999991,0.00020000000048894242,199999.9990221113,0.0,299999.9990221113,0.0001,293.15,9.778867711245087e-13,1.0,1.0,1.0,1.0,1.0,1.0,293.15,1.0,PREPARE,0.5511876609029458,293.15,0.0,0.0
healthy_25pct_400ms_sag,NO_CONNECTION,653,6.5200000000000005,6.53,False,1.0,0.9999999999999998,GRID,3600000.0,1.0,False,188.49999999999915,0.00020000000048894253,199999.9990221113,0.0,299999.9990221113,0.0001,293.15,9.77886879544726e-13,1.0,1.0,1.0,1.0,1.0,1.0,293.15,1.0,PREPARE,0.5511876609029458,293.15,0.0,0.0
healthy_25pct_400ms_sag,NO_CONNECTION,654,6.53,6.54,False,1.0,0.9999999999999998,GRID,3600000.0,1.0,False,188.4999999999992,0.00020000000048894266,199999.9990221113,0.0,299999.9990221113,0.0001,293.15,9.778870150699975e-13,1.0,1.0,1.0,1.0,1.0,1.0,293.15,1.0,PREPARE,0.5511876609029458,293.15,0.0,0.0
healthy_25pct_400ms_sag,NO_CONNECTION,655,6.54,6.55,False,1.0,0.9999999999999998,GRID,3600000.0,1.0,False,188.49999999999923,0.00020000000048894272,199999.9990221113,0.0,299999.9990221113,0.0001,293.15,9.778870692801062e-13,1.0,1.0,1.0,1.0,1.0,1.0,293.15,1.0,PREPARE,0.5511876609029458,293.15,0.0,0.0
healthy_25pct_400ms_sag,NO_CONNECTION,656,6.55,6.5600000000000005,False,1.0,0.9999999999999998,GRID,3600000.0,1.0,False,188.49999999999926,0.0002000000004889428,199999.9990221113,0.0,299999.9990221113,0.0001,293.15,9.77887150595269e-13,1.0,1.0,1.0,1.0,1.0,1.0,293.15,1.0,PREPARE,0.5511876609029458,293.15,0.0,0.0
healthy_25pct_400ms_sag,NO_CONNECTION,657,6.5600000000000005,6.57,False,1.0,0.9999999999999998,GRID,3600000.0,1.0,False,188.4999999999993,0.00020000000048894283,199999.99902211133,2.9103830456733704e-11,299999.9990221113,0.0001,293.15,9.778871777003234e-13,1.0,1.0,1.0,1.0,1.0,1.0,293.15,1.0,PREPARE,0.5511876609029458,293.15,0.0,0.0
healthy_25pct_400ms_sag,NO_CONNECTION,658,6.57,6.58,False,1.0,0.9999999999999998,GRID,3600000.0,1.0,False,188.49999999999932,0.00020000000048894288,199999.99902211133,2.9103830456733704e-11,299999.9990221113,0.0001,293.15,9.77887231910432e-13,1.0,1.0,1.0,1.0,1.0,1.0,293.15,1.0,PREPARE,0.5511876609029458,293.15,0.0,0.0
healthy_25pct_400ms_sag,NO_CONNECTION,659,6.58,6.59,False,1.0,0.9999999999999998,GRID,3600000.0,1.0,False,188.49999999999935,0.000200000000488943,199999.9990221113,0.0,299999.9990221113,0.0001,293.15,9.778873403306493e-13,1.0,1.0,1.0,1.0,1.0,1.0,293.15,1.0,PREPARE,0.5511876609029458,293.15,0.0,0.0
healthy_25pct_400ms_sag,NO_CONNECTION,660,6.59,6.6000000000000005,False,1.0,0.9999999999999998,GRID,3600000.0,1.0,False,188.49999999999937,0.00020000000048894302,199999.99902211127,-2.9103830456733704e-11,299999.9990221113,0.0001,293.15,9.778873674357036e-13,1.0,1.0,1.0,1.0,1.0,1.0,293.15,1.0,PREPARE,0.5511876609029458,293.15,0.0,0.0
healthy_25pct_400ms_sag,NO_CONNECTION,661,6.6000000000000005,6.61,False,1.0,0.9999999999999998,GRID,3600000.0,1.0,False,188.4999999999994,0.00020000000048894307,199999.9990221113,0.0,299999.9990221113,0.0001,293.15,9.778874216458122e-13,1.0,1.0,1.0,1.0,1.0,1.0,293.15,1.0,PREPARE,0.5511876609029458,293.15,0.0,0.0
healthy_25pct_400ms_sag,NO_CONNECTION,662,6.61,6.62,False,1.0,0.9999999999999998,GRID,3600000.0,1.0,False,188.49999999999943,0.00020000000048894315,199999.9990221113,0.0,299999.9990221113,0.0001,293.15,9.778875029609752e-13,1.0,1.0,1.0,1.0,1.0,1.0,293.15,1.0,PREPARE,0.5511876609029458,293.15,0.0,0.0
healthy_25pct_400ms_sag,NO_CONNECTION,663,6.62,6.63,False,1.0,0.9999999999999998,GRID,3600000.0,1.0,False,188.49999999999946,0.00020000000048894318,199999.9990221113,0.0,299999.9990221113,0.0001,293.15,9.778875300660295e-13,1.0,1.0,1.0,1.0,1.0,1.0,293.15,1.0,PREPARE,0.5511876609029458,293.15,0.0,0.0
healthy_25pct_400ms_sag,NO_CONNECTION,664,6.63,6.640000000000001,False,1.0,0.9999999999999998,GRID,3600000.0,1.0,False,188.4999999999995,0.00020000000048894326,199999.99902211135,5.820766091346741e-11,299999.9990221113,0.0001,293.15,9.778876113811924e-13,1.0,1.0,1.0,1.0,1.0,1.0,293.15,1.0,PREPARE,0.5511876609029458,293.15,0.0,0.0
healthy_25pct_400ms_sag,NO_CONNECTION,665,6.640000000000001,6.65,False,1.0,0.9999999999999998,GRID,3600000.0,1.0,False,188.49999999999952,0.00020000000048894334,199999.9990221113,0.0,299999.9990221113,0.0001,293.15,9.778876926963553e-13,1.0,1.0,1.0,1.0,1.0,1.0,293.15,1.0,PREPARE,0.5511876609029458,293.15,0.0,0.0
healthy_25pct_400ms_sag,NO_CONNECTION,666,6.65,6.66,False,1.0,0.9999999999999998,GRID,3600000.0,1.0,False,188.49999999999955,0.00020000000048894337,199999.9990221113,0.0,299999.9990221113,0.0001,293.15,9.778877198014096e-13,1.0,1.0,1.0,1.0,1.0,1.0,293.15,1.0,PREPARE,0.5511876609029458,293.15,0.0,0.0
healthy_25pct_400ms_sag,NO_CONNECTION,667,6.66,6.67,False,1.0,0.9999999999999998,GRID,3600000.0,1.0,False,188.49999999999957,0.00020000000048894345,199999.9990221113,0.0,299999.9990221113,0.0001,293.15,9.778878011165726e-13,1.0,1.0,1.0,1.0,1.0,1.0,293.15,1.0,PREPARE,0.5511876609029458,293.15,0.0,0.0
healthy_25pct_400ms_sag,NO_CONNECTION,668,6.67,6.68,False,1.0,0.9999999999999998,GRID,3600000.0,1.0,False,188.4999999999996,0.0002000000004889435,199999.9990221113,0.0,299999.9990221113,0.0001,293.15,9.778878553266812e-13,1.0,1.0,1.0,1.0,1.0,1.0,293.15,1.0,PREPARE,0.5511876609029458,293.15,0.0,0.0
healthy_25pct_400ms_sag,NO_CONNECTION,669,6.68,6.69,False,1.0,0.9999999999999998,GRID,3600000.0,1.0,False,188.49999999999963,0.00020000000048894356,199999.99902211133,2.9103830456733704e-11,299999.9990221113,0.0001,293.15,9.778879095367898e-13,1.0,1.0,1.0,1.0,1.0,1.0,293.15,1.0,PREPARE,0.5511876609029458,293.15,0.0,0.0
healthy_25pct_400ms_sag,NO_CONNECTION,670,6.69,6.7,False,1.0,0.9999999999999998,GRID,3600000.0,1.0,False,188.49999999999966,0.00020000000048894364,199999.99902211133,2.9103830456733704e-11,299999.9990221113,0.0001,293.15,9.778879908519528e-13,1.0,1.0,1.0,1.0,1.0,1.0,293.15,1.0,PREPARE,0.5511876609029458,293.15,0.0,0.0
healthy_25pct_400ms_sag,NO_CONNECTION,671,6.7,6.71,False,1.0,0.9999999999999998,GRID,3600000.0,1.0,False,188.4999999999997,0.0002000000004889437,199999.99902211127,-2.9103830456733704e-11,299999.9990221113,0.0001,293.15,9.778880450620614e-13,1.0,1.0,1.0,1.0,1.0,1.0,293.15,1.0,PREPARE,0.5511876609029458,293.15,0.0,0.0
healthy_25pct_400ms_sag,NO_CONNECTION,672,6.71,6.72,False,1.0,0.9999999999999998,GRID,3600000.0,1.0,False,188.49999999999972,0.00020000000048894372,199999.99902211135,5.820766091346741e-11,299999.9990221113,0.0001,293.15,9.778880721671157e-13,1.0,1.0,1.0,1.0,1.0,1.0,293.15,1.0,PREPARE,0.5511876609029458,293.15,0.0,0.0
healthy_25pct_400ms_sag,NO_CONNECTION,673,6.72,6.73,False,1.0,0.9999999999999998,GRID,3600000.0,1.0,False,188.49999999999972,0.00020000000048894372,199999.99902211135,5.820766091346741e-11,299999.9990221113,0.0001,293.15,9.778880721671157e-13,1.0,1.0,1.0,1.0,1.0,1.0,293.15,1.0,PREPARE,0.5511876609029458,293.15,0.0,0.0
healthy_25pct_400ms_sag,NO_CONNECTION,674,6.73,6.74,False,1.0,0.9999999999999998,GRID,3600000.0,1.0,False,188.49999999999972,0.00020000000048894372,199999.99902211135,5.820766091346741e-11,299999.9990221113,0.0001,293.15,9.778880721671157e-13,1.0,1.0,1.0,1.0,1.0,1.0,293.15,1.0,PREPARE,0.5511876609029458,293.15,0.0,0.0
healthy_25pct_400ms_sag,NO_CONNECTION,675,6.74,6.75,False,1.0,0.9999999999999998,GRID,3600000.0,1.0,False,188.49999999999972,0.00020000000048894372,199999.99902211135,5.820766091346741e-11,299999.9990221113,0.0001,293.15,9.778880721671157e-13,1.0,1.0,1.0,1.0,1.0,1.0,293.15,1.0,PREPARE,0.5511876609029458,293.15,0.0,0.0
healthy_25pct_400ms_sag,NO_CONNECTION,676,6.75,6.76,False,1.0,0.9999999999999998,GRID,3600000.0,1.0,False,188.49999999999972,0.00020000000048894372,199999.99902211135,5.820766091346741e-11,299999.9990221113,0.0001,293.15,9.778880721671157e-13,1.0,1.0,1.0,1.0,1.0,1.0,293.15,1.0,PREPARE,0.5511876609029458,293.15,0.0,0.0
healthy_25pct_400ms_sag,NO_CONNECTION,677,6.76,6.7700000000000005,False,1.0,0.9999999999999998,GRID,3600000.0,1.0,False,188.49999999999972,0.00020000000048894372,199999.99902211135,5.820766091346741e-11,299999.9990221113,0.0001,293.15,9.778880721671157e-13,1.0,1.0,1.0,1.0,1.0,1.0,293.15,1.0,PREPARE,0.5511876609029458,293.15,0.0,0.0
healthy_25pct_400ms_sag,NO_CONNECTION,678,6.7700000000000005,6.78,False,1.0,0.9999999999999998,GRID,3600000.0,1.0,False,188.49999999999972,0.00020000000048894372,199999.99902211135,5.820766091346741e-11,299999.9990221113,0.0001,293.15,9.778880721671157e-13,1.0,1.0,1.0,1.0,1.0,1.0,293.15,1.0,PREPARE,0.5511876609029458,293.15,0.0,0.0
healthy_25pct_400ms_sag,NO_CONNECTION,679,6.78,6.79,False,1.0,0.9999999999999998,GRID,3600000.0,1.0,False,188.49999999999972,0.00020000000048894372,199999.99902211135,5.820766091346741e-11,299999.9990221113,0.0001,293.15,9.778880721671157e-13,1.0,1.0,1.0,1.0,1.0,1.0,293.15,1.0,PREPARE,0.5511876609029458,293.15,0.0,0.0
healthy_25pct_400ms_sag,NO_CONNECTION,680,6.79,6.8,False,1.0,0.9999999999999998,GRID,3600000.0,1.0,False,188.49999999999972,0.00020000000048894372,199999.99902211135,5.820766091346741e-11,299999.9990221113,0.0001,293.15,9.778880721671157e-13,1.0,1.0,1.0,1.0,1.0,1.0,293.15,1.0,PREPARE,0.5511876609029458,293.15,0.0,0.0
healthy_25pct_400ms_sag,NO_CONNECTION,681,6.8,6.8100000000000005,False,1.0,0.9999999999999998,GRID,3600000.0,1.0,False,188.49999999999972,0.00020000000048894372,199999.99902211135,5.820766091346741e-11,299999.9990221113,0.0001,293.15,9.778880721671157e-13,1.0,1.0,1.0,1.0,1.0,1.0,293.15,1.0,PREPARE,0.5511876609029458,293.15,0.0,0.0
healthy_25pct_400ms_sag,NO_CONNECTION,682,6.8100000000000005,6.82,False,1.0,0.9999999999999998,GRID,3600000.0,1.0,False,188.49999999999972,0.00020000000048894372,199999.99902211135,5.820766091346741e-11,299999.9990221113,0.0001,293.15,9.778880721671157e-13,1.0,1.0,1.0,1.0,1.0,1.0,293.15,1.0,PREPARE,0.5511876609029458,293.15,0.0,0.0
healthy_25pct_400ms_sag,NO_CONNECTION,683,6.82,6.83,False,1.0,0.9999999999999998,GRID,3600000.0,1.0,False,188.49999999999972,0.00020000000048894372,199999.99902211135,5.820766091346741e-11,299999.9990221113,0.0001,293.15,9.778880721671157e-13,1.0,1.0,1.0,1.0,1.0,1.0,293.15,1.0,PREPARE,0.5511876609029458,293.15,0.0,0.0
healthy_25pct_400ms_sag,NO_CONNECTION,684,6.83,6.84,False,1.0,0.9999999999999998,GRID,3600000.0,1.0,False,188.49999999999972,0.00020000000048894372,199999.99902211135,5.820766091346741e-11,299999.9990221113,0.0001,293.15,9.778880721671157e-13,1.0,1.0,1.0,1.0,1.0,1.0,293.15,1.0,PREPARE,0.5511876609029458,293.15,0.0,0.0
healthy_25pct_400ms_sag,NO_CONNECTION,685,6.84,6.8500000000000005,False,1.0,0.9999999999999998,GRID,3600000.0,1.0,False,188.49999999999972,0.00020000000048894372,199999.99902211135,5.820766091346741e-11,299999.9990221113,0.0001,293.15,9.778880721671157e-13,1.0,1.0,1.0,1.0,1.0,1.0,293.15,1.0,PREPARE,0.5511876609029458,293.15,0.0,0.0
healthy_25pct_400ms_sag,NO_CONNECTION,686,6.8500000000000005,6.86,False,1.0,0.9999999999999998,GRID,3600000.0,1.0,False,188.49999999999972,0.00020000000048894372,199999.99902211135,5.820766091346741e-11,299999.9990221113,0.0001,293.15,9.778880721671157e-13,1.0,1.0,1.0,1.0,1.0,1.0,293.15,1.0,PREPARE,0.5511876609029458,293.15,0.0,0.0
healthy_25pct_400ms_sag,NO_CONNECTION,687,6.86,6.87,False,1.0,0.9999999999999998,GRID,3600000.0,1.0,False,188.49999999999972,0.00020000000048894372,199999.99902211135,5.820766091346741e-11,299999.9990221113,0.0001,293.15,9.778880721671157e-13,1.0,1.0,1.0,1.0,1.0,1.0,293.15,1.0,PREPARE,0.5511876609029458,293.15,0.0,0.0
healthy_25pct_400ms_sag,NO_CONNECTION,688,6.87,6.88,False,1.0,0.9999999999999998,GRID,3600000.0,1.0,False,188.49999999999972,0.00020000000048894372,199999.99902211135,5.820766091346741e-11,299999.9990221113,0.0001,293.15,9.778880721671157e-13,1.0,1.0,1.0,1.0,1.0,1.0,293.15,1.0,PREPARE,0.5511876609029458,293.15,0.0,0.0
healthy_25pct_400ms_sag,NO_CONNECTION,689,6.88,6.890000000000001,False,1.0,0.9999999999999998,GRID,3600000.0,1.0,False,188.49999999999972,0.00020000000048894372,199999.99902211135,5.820766091346741e-11,299999.9990221113,0.0001,293.15,9.778880721671157e-13,1.0,1.0,1.0,1.0,1.0,1.0,293.15,1.0,PREPARE,0.5511876609029458,293.15,0.0,0.0
healthy_25pct_400ms_sag,NO_CONNECTION,690,6.890000000000001,6.9,False,1.0,0.9999999999999998,GRID,3600000.0,1.0,False,188.49999999999972,0.00020000000048894372,199999.99902211135,5.820766091346741e-11,299999.9990221113,0.0001,293.15,9.778880721671157e-13,1.0,1.0,1.0,1.0,1.0,1.0,293.15,1.0,PREPARE,0.5511876609029458,293.15,0.0,0.0
healthy_25pct_400ms_sag,NO_CONNECTION,691,6.9,6.91,False,1.0,0.9999999999999998,GRID,3600000.0,1.0,False,188.49999999999972,0.00020000000048894372,199999.99902211135,5.820766091346741e-11,299999.9990221113,0.0001,293.15,9.778880721671157e-13,1.0,1.0,1.0,1.0,1.0,1.0,293.15,1.0,PREPARE,0.5511876609029458,293.15,0.0,0.0
healthy_25pct_400ms_sag,NO_CONNECTION,692,6.91,6.92,False,1.0,0.9999999999999998,GRID,3600000.0,1.0,False,188.49999999999972,0.00020000000048894372,199999.99902211135,5.820766091346741e-11,299999.9990221113,0.0001,293.15,9.778880721671157e-13,1.0,1.0,1.0,1.0,1.0,1.0,293.15,1.0,PREPARE,0.5511876609029458,293.15,0.0,0.0
healthy_25pct_400ms_sag,NO_CONNECTION,693,6.92,6.93,False,1.0,0.9999999999999998,GRID,3600000.0,1.0,False,188.49999999999972,0.00020000000048894372,199999.99902211135,5.820766091346741e-11,299999.9990221113,0.0001,293.15,9.778880721671157e-13,1.0,1.0,1.0,1.0,1.0,1.0,293.15,1.0,PREPARE,0.5511876609029458,293.15,0.0,0.0
healthy_25pct_400ms_sag,NO_CONNECTION,694,6.93,6.94,False,1.0,0.9999999999999998,GRID,3600000.0,1.0,False,188.49999999999972,0.00020000000048894372,199999.99902211135,5.820766091346741e-11,299999.9990221113,0.0001,293.15,9.778880721671157e-13,1.0,1.0,1.0,1.0,1.0,1.0,293.15,1.0,PREPARE,0.5511876609029458,293.15,0.0,0.0
healthy_25pct_400ms_sag,NO_CONNECTION,695,6.94,6.95,False,1.0,0.9999999999999998,GRID,3600000.0,1.0,False,188.49999999999972,0.00020000000048894372,199999.99902211135,5.820766091346741e-11,299999.9990221113,0.0001,293.15,9.778880721671157e-13,1.0,1.0,1.0,1.0,1.0,1.0,293.15,1.0,PREPARE,0.5511876609029458,293.15,0.0,0.0
healthy_25pct_400ms_sag,NO_CONNECTION,696,6.95,6.96,False,1.0,0.9999999999999998,GRID,3600000.0,1.0,False,188.49999999999972,0.00020000000048894372,199999.99902211135,5.820766091346741e-11,299999.9990221113,0.0001,293.15,9.778880721671157e-13,1.0,1.0,1.0,1.0,1.0,1.0,293.15,1.0,PREPARE,0.5511876609029458,293.15,0.0,0.0
healthy_25pct_400ms_sag,NO_CONNECTION,697,6.96,6.97,False,1.0,0.9999999999999998,GRID,3600000.0,1.0,False,188.49999999999972,0.00020000000048894372,199999.99902211135,5.820766091346741e-11,299999.9990221113,0.0001,293.15,9.778880721671157e-13,1.0,1.0,1.0,1.0,1.0,1.0,293.15,1.0,PREPARE,0.5511876609029458,293.15,0.0,0.0
healthy_25pct_400ms_sag,NO_CONNECTION,698,6.97,6.98,False,1.0,0.9999999999999998,GRID,3600000.0,1.0,False,188.49999999999972,0.00020000000048894372,199999.99902211135,5.820766091346741e-11,299999.9990221113,0.0001,293.15,9.778880721671157e-13,1.0,1.0,1.0,1.0,1.0,1.0,293.15,1.0,PREPARE,0.5511876609029458,293.15,0.0,0.0
healthy_25pct_400ms_sag,NO_CONNECTION,699,6.98,6.99,False,1.0,0.9999999999999998,GRID,3600000.0,1.0,False,188.49999999999972,0.00020000000048894372,199999.99902211135,5.820766091346741e-11,299999.9990221113,0.0001,293.15,9.778880721671157e-13,1.0,1.0,1.0,1.0,1.0,1.0,293.15,1.0,PREPARE,0.5511876609029458,293.15,0.0,0.0
healthy_25pct_400ms_sag,NO_CONNECTION,700,6.99,7.0,False,1.0,0.9999999999999998,GRID,3600000.0,1.0,False,188.49999999999972,0.00020000000048894372,199999.99902211135,5.820766091346741e-11,299999.9990221113,0.0001,293.15,9.778880721671157e-13,1.0,1.0,1.0,1.0,1.0,1.0,293.15,1.0,PREPARE,0.5511876609029458,293.15,0.0,0.0
healthy_25pct_400ms_sag,NO_CONNECTION,701,7.0,7.01,False,1.0,0.9999999999999998,GRID,3600000.0,1.0,False,188.49999999999972,0.00020000000048894372,199999.99902211135,5.820766091346741e-11,299999.9990221113,0.0001,293.15,9.778880721671157e-13,1.0,1.0,1.0,1.0,1.0,1.0,293.15,1.0,POLISH,0.5511865654042062,293.15027092754167,9.502175039076342e-10,9.502175039076341e-12
healthy_25pct_400ms_sag,NO_CONNECTION,702,7.01,7.0200000000000005,False,1.0,0.9999999999999998,GRID,3600000.0,1.0,False,188.49999999999972,0.00020000000048894372,199999.99902211135,5.820766091346741e-11,299999.9990221113,0.0001,293.15,9.778880721671157e-13,1.0,1.0,1.0,1.0,1.0,1.0,293.15,1.0,POLISH,0.551185469564263,293.15054181159815,9.525113115868001e-10,1.902728815494434e-11
healthy_25pct_400ms_sag,NO_CONNECTION,703,7.0200000000000005,7.03,False,1.0,0.9999999999999998,GRID,3600000.0,1.0,False,188.49999999999972,0.00020000000048894372,199999.99902211135,5.820766091346741e-11,299999.9990221113,0.0001,293.15,9.778880721671157e-13,1.0,1.0,1.0,1.0,1.0,1.0,293.15,1.0,POLISH,0.5511843734002577,293.1508126478693,9.547414920282836e-10,2.8574703075227177e-11
healthy_25pct_400ms_sag,NO_CONNECTION,704,7.03,7.04,False,1.0,0.9999999999999998,GRID,3600000.0,1.0,False,188.49999999999972,0.00020000000048894372,199999.99902211135,5.820766091346741e-11,299999.9990221113,0.0001,293.15,9.778880721671157e-13,1.0,1.0,1.0,1.0,1.0,1.0,293.15,1.0,POLISH,0.5511832769284768,293.1510834322717,9.56909904678068e-10,3.8143802122007855e-11
healthy_25pct_400ms_sag,NO_CONNECTION,705,7.04,7.05,False,1.0,0.9999999999999998,GRID,3600000.0,1.0,False,188.49999999999972,0.00020000000048894372,199999.99902211135,5.820766091346741e-11,299999.9990221113,0.0001,293.15,9.778880721671157e-13,1.0,1.0,1.0,1.0,1.0,1.0,293.15,1.0,POLISH,0.5511821801643941,293.15135416092767,9.59018352260607e-10,4.773398564461393e-11
healthy_25pct_400ms_sag,NO_CONNECTION,706,7.05,7.0600000000000005,False,1.0,0.9999999999999998,GRID,3600000.0,1.0,False,188.49999999999972,0.00020000000048894372,199999.99902211135,5.820766091346741e-11,299999.9990221113,0.0001,293.15,9.778880721671157e-13,1.0,1.0,1.0,1.0,1.0,1.0,293.15,1.0,POLISH,0.5511810831227114,293.15162483015513,9.610685824738453e-10,5.734467146935238e-11
healthy_25pct_400ms_sag,NO_CONNECTION,707,7.0600000000000005,7.07,False,1.0,0.9999999999999998,GRID,3600000.0,1.0,False,188.49999999999972,0.00020000000048894372,199999.99902211135,5.820766091346741e-11,299999.9990221113,0.0001,293.15,9.778880721671157e-13,1.0,1.0,1.0,1.0,1.0,1.0,293.15,1.0,POLISH,0.5511799858173969,293.15189543645806,9.63062289645222e-10,6.697529436580461e-11
healthy_25pct_400ms_sag,NO_CONNECTION,708,7.07,7.08,False,1.0,0.9999999999999998,GRID,3600000.0,1.0,False,188.49999999999972,0.00020000000048894372,199999.99902211135,5.820766091346741e-11,299999.9990221113,0.0001,293.15,9.778880721671157e-13,1.0,1.0,1.0,1.0,1.0,1.0,293.15,1.0,POLISH,0.5511788882617219,293.15216597651704,9.650011163482016e-10,7.662530552928662e-11
healthy_25pct_400ms_sag,NO_CONNECTION,709,7.08,7.09,False,1.0,0.9999999999999998,GRID,3600000.0,1.0,False,188.49999999999972,0.00020000000048894372,199999.99902211135,5.820766091346741e-11,299999.9990221113,0.0001,293.15,9.778880721671157e-13,1.0,1.0,1.0,1.0,1.0,1.0,293.15,1.0,POLISH,0.5511777904682955,293.15243644718066,9.668866549790567e-10,8.629417207907718e-11
healthy_25pct_400ms_sag,NO_CONNECTION,710,7.09,7.1000000000000005,False,1.0,0.9999999999999998,GRID,3600000.0,1.0,False,188.49999999999972,0.00020000000048894372,199999.99902211135,5.820766091346741e-11,299999.9990221113,0.0001,293.15,9.778880721671157e-13,1.0,1.0,1.0,1.0,1.0,1.0,293.15,1.0,POLISH,0.5511766924490976,293.1527068454571,9.6872044929378e-10,9.598137657201498e-11
healthy_25pct_400ms_sag,NO_CONNECTION,711,7.1000000000000005,7.11,False,1.0,0.9999999999999998,GRID,3600000.0,1.0,False,188.49999999999972,0.00020000000048894372,199999.99902211135,5.820766091346741e-11,299999.9990221113,0.0001,293.15,9.778880721671157e-13,1.0,1.0,1.0,1.0,1.0,1.0,293.15,1.0,POLISH,0.5511755942155103,293.15297716850614,9.705039959051387e-10,1.0568641653106637e-10
healthy_25pct_400ms_sag,NO_CONNECTION,712,7.11,7.12,False,1.0,0.9999999999999998,GRID,3600000.0,1.0,False,188.49999999999972,0.00020000000048894372,199999.99902211135,5.820766091346741e-11,299999.9990221113,0.0001,293.15,9.778880721671157e-13,1.0,1.0,1.0,1.0,1.0,1.0,293.15,1.0,POLISH,0.5511744957783477,293.1532474136318,9.722387457400163e-10,1.1540880398846653e-10
healthy_25pct_400ms_sag,NO_CONNECTION,713,7.12,7.13,False,1.0,0.9999999999999998,GRID,3600000.0,1.0,False,188.49999999999972,0.00020000000048894372,199999.99902211135,5.820766091346741e-11,299999.9990221113,0.0001,293.15,9.778880721671157e-13,1.0,1.0,1.0,1.0,1.0,1.0,293.15,1.0,POLISH,0.5511733971478842,293.1535175782751,9.73926105457279e-10,1.251480650430393e-10
healthy_25pct_400ms_sag,NO_CONNECTION,714,7.13,7.140000000000001,False,1.0,0.9999999999999998,GRID,3600000.0,1.0,False,188.49999999999972,0.00020000000048894372,199999.99902211135,5.820766091346741e-11,299999.9990221113,0.0001,293.15,9.778880721671157e-13,1.0,1.0,1.0,1.0,1.0,1.0,293.15,1.0,POLISH,0.5511722983338815,293.1537876600073,9.75567438826513e-10,1.3490373943130444e-10
healthy_25pct_400ms_sag,NO_CONNECTION,715,7.140000000000001,7.15,False,1.0,0.9999999999999998,GRID,3600000.0,1.0,False,188.49999999999972,0.00020000000048894372,199999.99902211135,5.820766091346741e-11,299999.9990221113,0.0001,293.15,9.778880721671157e-13,1.0,1.0,1.0,1.0,1.0,1.0,293.15,1.0,POLISH,0.5511711993456141,293.1540576565233,9.771640680680544e-10,1.4467538011198498e-10
healthy_25pct_400ms_sag,NO_CONNECTION,716,7.15,7.16,False,1.0,0.9999999999999998,GRID,3600000.0,1.0,False,188.49999999999972,0.00020000000048894372,199999.99902211135,5.820766091346741e-11,299999.9990221113,0.0001,293.15,9.778880721671157e-13,1.0,1.0,1.0,1.0,1.0,1.0,293.15,1.0,POLISH,0.5511701001918936,293.1543275656358,9.787172751548007e-10,1.54462552863533e-10
healthy_25pct_400ms_sag,NO_CONNECTION,717,7.16,7.17,False,1.0,0.9999999999999998,GRID,3600000.0,1.0,False,188.49999999999972,0.00020000000048894372,199999.99902211135,5.820766091346741e-11,299999.9990221113,0.0001,293.15,9.778880721671157e-13,1.0,1.0,1.0,1.0,1.0,1.0,293.15,1.0,POLISH,0.5511690008810918,293.1545973852691,9.802283030763653e-10,1.6426483589429667e-10
healthy_25pct_400ms_sag,NO_CONNECTION,718,7.17,7.18,False,1.0,0.9999999999999998,GRID,3600000.0,1.0,False,188.49999999999972,0.00020000000048894372,199999.99902211135,5.820766091346741e-11,299999.9990221113,0.0001,293.15,9.778880721671157e-13,1.0,1.0,1.0,1.0,1.0,1.0,293.15,1.0,POLISH,0.5511679014211627,293.1548671134538,9.816983570661806e-10,1.7408181946495846e-10
healthy_25pct_400ms_sag,NO_CONNECTION,719,7.18,7.19,False,1.0,0.9999999999999998,GRID,3600000.0,1.0,False,188.49999999999972,0.00020000000048894372,199999.99902211135,5.820766091346741e-11,299999.9990221113,0.0001,293.15,9.778880721671157e-13,1.0,1.0,1.0,1.0,1.0,1.0,293.15,1.0,POLISH,0.5511668018196632,293.15513674832147,9.83128605792198e-10,1.8391310552288045e-10
healthy_25pct_400ms_sag,NO_CONNECTION,720,7.19,7.2,False,1.0,0.9999999999999998,GRID,3600000.0,1.0,False,188.49999999999972,0.00020000000048894372,199999.99902211135,5.820766091346741e-11,299999.9990221113,0.0001,293.15,9.778880721671157e-13,1.0,1.0,1.0,1.0,1.0,1.0,293.15,1.0,POLISH,0.551165702083773,293.15540628809964,9.845201825118872e-10,1.9375830734799933e-10
healthy_25pct_400ms_sag,NO_CONNECTION,721,7.2,7.21,False,1.0,0.9999999999999998,GRID,3600000.0,1.0,False,188.49999999999972,0.00020000000048894372,199999.99902211135,5.820766091346741e-11,299999.9990221113,0.0001,293.15,9.778880721671157e-13,1.0,1.0,1.0,1.0,1.0,1.0,293.15,1.0,POLISH,0.5511646022203136,293.155675731107,9.858741861922383e-10,2.036170492099217e-10
healthy_25pct_400ms_sag,NO_CONNECTION,722,7.21,7.22,False,1.0,0.9999999999999998,GRID,3600000.0,1.0,False,188.49999999999972,0.00020000000048894372,199999.99902211135,5.820766091346741e-11,299999.9990221113,0.0001,293.15,9.778880721671157e-13,1.0,1.0,1.0,1.0,1.0,1.0,293.15,1.0,POLISH,0.5511635022357658,293.15594507574895,9.87191682595528e-10,2.1348896603587698e-10
healthy_25pct_400ms_sag,NO_CONNECTION,723,7.22,7.23,False,1.0,0.9999999999999998,GRID,3600000.0,1.0,False,188.49999999999972,0.00020000000048894372,199999.99902211135,5.820766091346741e-11,299999.9990221113,0.0001,293.15,9.778880721671157e-13,1.0,1.0,1.0,1.0,1.0,1.0,293.15,1.0,POLISH,0.551162402136287,293.1562143205132,9.884737053316068e-10,2.2337370308919305e-10
healthy_25pct_400ms_sag,NO_CONNECTION,724,7.23,7.24,False,1.0,0.9999999999999998,GRID,3600000.0,1.0,False,188.49999999999972,0.00020000000048894372,199999.99902211135,5.820766091346741e-11,299999.9990221113,0.0001,293.15,9.778880721671157e-13,1.0,1.0,1.0,1.0,1.0,1.0,293.15,1.0,POLISH,0.5511613019277269,293.15648346396574,9.897212568774887e-10,2.3327091565796795e-10
healthy_25pct_400ms_sag,NO_CONNECTION,725,7.24,7.25,False,1.0,0.9999999999999998,GRID,3600000.0,1.0,False,188.49999999999972,0.00020000000048894372,199999.99902211135,5.820766091346741e-11,299999.9990221113,0.0001,293.15,9.778880721671157e-13,1.0,1.0,1.0,1.0,1.0,1.0,293.15,1.0,POLISH,0.5511602016156437,293.15675250474703,9.909353095650367e-10,2.431802687536183e-10
healthy_25pct_400ms_sag,NO_CONNECTION,726,7.25,7.26,False,1.0,0.9999999999999998,GRID,3600000.0,1.0,False,188.49999999999972,0.00020000000048894372,199999.99902211135,5.820766091346741e-11,299999.9990221113,0.0001,293.15,9.778880721671157e-13,1.0,1.0,1.0,1.0,1.0,1.0,293.15,1.0,POLISH,0.5511591012053177,293.1570214415682,9.921168065375414e-10,2.531014368189937e-10
healthy_25pct_400ms_sag,NO_CONNECTION,727,7.26,7.2700000000000005,False,1.0,0.9999999999999998,GRID,3600000.0,1.0,False,188.49999999999972,0.00020000000048894372,199999.99902211135,5.820766091346741e-11,299999.9990221113,0.0001,293.15,9.778880721671157e-13,1.0,1.0,1.0,1.0,1.0,1.0,293.15,1.0,POLISH,0.5511580007017658,293.1572902732076,9.932666626759885e-10,2.630341034457536e-10
healthy_25pct_400ms_sag,NO_CONNECTION,728,7.2700000000000005,7.28,False,1.0,0.9999999999999998,GRID,3600000.0,1.0,False,188.49999999999972,0.00020000000048894372,199999.99902211135,5.820766091346741e-11,299999.9990221113,0.0001,293.15,9.778880721671157e-13,1.0,1.0,1.0,1.0,1.0,1.0,293.15,1.0,POLISH,0.5511569001097543,293.1575589985074,9.943857654958296e-10,2.729779611007119e-10
healthy_25pct_400ms_sag,NO_CONNECTION,729,7.28,7.29,False,1.0,0.9999999999999998,GRID,3600000.0,1.0,False,188.49999999999972,0.00020000000048894372,199999.99902211135,5.820766091346741e-11,299999.9990221113,0.0001,293.15,9.778880721671157e-13,1.0,1.0,1.0,1.0,1.0,1.0,293.15,1.0,POLISH,0.5511557994338114,293.15782761637047,9.954749760150402e-10,2.829327108608623e-10
healthy_25pct_400ms_sag,NO_CONNECTION,730,7.29,7.3,False,1.0,0.9999999999999998,GRID,3600000.0,1.0,False,188.49999999999972,0.00020000000048894372,199999.99902211135,5.820766091346741e-11,299999.9990221113,0.0001,293.15,9.778880721671157e-13,1.0,1.0,1.0,1.0,1.0,1.0,293.15,1.0,POLISH,0.5511546986782396,293.15809612575737,9.965351295942753e-10,2.928980621568051e-10
healthy_25pct_400ms_sag,NO_CONNECTION,731,7.3,7.3100000000000005,False,1.0,0.9999999999999998,GRID,3600000.0,1.0,False,188.49999999999972,0.00020000000048894372,199999.99902211135,5.820766091346741e-11,299999.9990221113,0.0001,293.15,9.778880721671157e-13,1.0,1.0,1.0,1.0,1.0,1.0,293.15,1.0,POLISH,0.5511535978471264,293.1583645256835,9.97567036749901e-10,3.028737325243041e-10
healthy_25pct_400ms_sag,NO_CONNECTION,732,7.3100000000000005,7.32,False,1.0,0.9999999999999998,GRID,3600000.0,1.0,False,188.49999999999972,0.00020000000048894372,199999.99902211135,5.820766091346741e-11,299999.9990221113,0.0001,293.15,9.778880721671157e-13,1.0,1.0,1.0,1.0,1.0,1.0,293.15,1.0,POLISH,0.551152496944355,293.1586328152164,9.98571483940687e-10,3.12859447363711e-10
healthy_25pct_400ms_sag,NO_CONNECTION,733,7.32,7.33,False,1.0,0.9999999999999998,GRID,3600000.0,1.0,False,188.49999999999972,0.00020000000048894372,199999.99902211135,5.820766091346741e-11,299999.9990221113,0.0001,293.15,9.778880721671157e-13,1.0,1.0,1.0,1.0,1.0,1.0,293.15,1.0,POLISH,0.551151395973615,293.158900993473,9.995492343289325e-10,3.2285493970700033e-10
healthy_25pct_400ms_sag,NO_CONNECTION,734,7.33,7.34,False,1.0,0.9999999999999998,GRID,3600000.0,1.0,False,188.49999999999972,0.00020000000048894372,199999.99902211135,5.820766091346741e-11,299999.9990221113,0.0001,293.15,9.778880721671157e-13,1.0,1.0,1.0,1.0,1.0,1.0,293.15,1.0,POLISH,0.5511502949384115,293.15916905961745,1.0005010285167819e-09,3.3285994999216816e-10
healthy_25pct_400ms_sag,NO_CONNECTION,735,7.34,7.3500000000000005,False,1.0,0.9999999999999998,GRID,3600000.0,1.0,False,188.49999999999972,0.00020000000048894372,199999.99902211135,5.820766091346741e-11,299999.9990221113,0.0001,293.15,9.778880721671157e-13,1.0,1.0,1.0,1.0,1.0,1.0,293.15,1.0,POLISH,0.5511491938420748,293.15943701285846,1.0014275852584803e-09,3.4287422584475296e-10
healthy_25pct_400ms_sag,NO_CONNECTION,736,7.3500000000000005,7.36,False,1.0,0.9999999999999998,GRID,3600000.0,1.0,False,188.49999999999972,0.00020000000048894372,199999.99902211135,5.820766091346741e-11,299999.9990221113,0.0001,293.15,9.778880721671157e-13,1.0,1.0,1.0,1.0,1.0,1.0,293.15,1.0,POLISH,0.5511480926877689,293.15970485244736,1.002329602149302e-09,3.52897521866246e-10
healthy_25pct_400ms_sag,NO_CONNECTION,737,7.36,7.37,False,1.0,0.9999999999999998,GRID,3600000.0,1.0,False,188.49999999999972,0.00020000000048894372,199999.99902211135,5.820766091346741e-11,299999.9990221113,0.0001,293.15,9.778880721671157e-13,1.0,1.0,1.0,1.0,1.0,1.0,293.15,1.0,POLISH,0.5511469914784995,293.15997257767583,1.0032077562918738e-09,3.629295994291647e-10
healthy_25pct_400ms_sag,NO_CONNECTION,738,7.37,7.38,False,1.0,0.9999999999999998,GRID,3600000.0,1.0,False,188.49999999999972,0.00020000000048894372,199999.99902211135,5.820766091346741e-11,299999.9990221113,0.0001,293.15,9.778880721671157e-13,1.0,1.0,1.0,1.0,1.0,1.0,293.15,1.0,POLISH,0.5511458902171226,293.1602401878739,1.0040627049405967e-09,3.729702264785707e-10
healthy_25pct_400ms_sag,NO_CONNECTION,739,7.38,7.390000000000001,False,1.0,0.9999999999999998,GRID,3600000.0,1.0,False,188.49999999999972,0.00020000000048894372,199999.99902211135,5.820766091346741e-11,299999.9990221113,0.0001,293.15,9.778880721671157e-13,1.0,1.0,1.0,1.0,1.0,1.0,293.15,1.0,POLISH,0.5511447889063512,293.1605076824082,1.0048950861248588e-09,3.8301917733981926e-10
healthy_25pct_400ms_sag,NO_CONNECTION,740,7.390000000000001,7.4,False,1.0,0.9999999999999998,GRID,3600000.0,1.0,False,188.49999999999972,0.00020000000048894372,199999.99902211135,5.820766091346741e-11,299999.9990221113,0.0001,293.15,9.778880721671157e-13,1.0,1.0,1.0,1.0,1.0,1.0,293.15,1.0,POLISH,0.5511436875487632,293.1607750606799,1.0057055192517113e-09,3.9307623253233637e-10
healthy_25pct_400ms_sag,NO_CONNECTION,741,7.4,7.41,False,1.0,0.9999999999999998,GRID,3600000.0,1.0,False,188.49999999999972,0.00020000000048894372,199999.99902211135,5.820766091346741e-11,299999.9990221113,0.0001,293.15,9.778880721671157e-13,1.0,1.0,1.0,1.0,1.0,1.0,293.15,1.0,POLISH,0.5511425861468074,293.1610423221232,1.0064946056886707e-09,4.031411785892231e-10
healthy_25pct_400ms_sag,NO_CONNECTION,742,7.41,7.42,False,1.0,0.9999999999999998,GRID,3600000.0,1.0,False,188.49999999999972,0.00020000000048894372,199999.99902211135,5.820766091346741e-11,299999.9990221113,0.0001,293.15,9.778880721671157e-13,1.0,1.0,1.0,1.0,1.0,1.0,293.15,1.0,POLISH,0.5511414847028105,293.1613094662036,1.0072629293272843e-09,4.1321380788249593e-10
healthy_25pct_400ms_sag,NO_CONNECTION,743,7.42,7.43,False,1.0,0.9999999999999998,GRID,3600000.0,1.0,False,188.49999999999972,0.00020000000048894372,199999.99902211135,5.820766091346741e-11,299999.9990221113,0.0001,293.15,9.778880721671157e-13,1.0,1.0,1.0,1.0,1.0,1.0,293.15,1.0,POLISH,0.5511403832189831,293.1615764924163,1.0080110571280896e-09,4.2329391845377685e-10
healthy_25pct_400ms_sag,NO_CONNECTION,744,7.43,7.44,False,1.0,0.9999999999999998,GRID,3600000.0,1.0,False,188.49999999999972,0.00020000000048894372,199999.99902211135,5.820766091346741e-11,299999.9990221113,0.0001,293.15,9.778880721671157e-13,1.0,1.0,1.0,1.0,1.0,1.0,293.15,1.0,POLISH,0.551139281697425,293.16184340028497,1.008739539647575e-09,4.3338131385025263e-10
healthy_25pct_400ms_sag,NO_CONNECTION,745,7.44,7.45,False,1.0,0.9999999999999998,GRID,3600000.0,1.0,False,188.49999999999972,0.00020000000048894372,199999.99902211135,5.820766091346741e-11,299999.9990221113,0.0001,293.15,9.778880721671157e-13,1.0,1.0,1.0,1.0,1.0,1.0,293.15,1.0,POLISH,0.5511381801401314,293.1621101893599,1.0094489115477362e-09,4.4347580296573e-10
healthy_25pct_400ms_sag,NO_CONNECTION,746,7.45,7.46,False,1.0,0.9999999999999998,GRID,3600000.0,1.0,False,188.49999999999972,0.00020000000048894372,199999.99902211135,5.820766091346741e-11,299999.9990221113,0.0001,293.15,9.778880721671157e-13,1.0,1.0,1.0,1.0,1.0,1.0,293.15,1.0,POLISH,0.551137078548998,293.1623768592171,1.0101396920888052e-09,4.5357719988661803e-10
healthy_25pct_400ms_sag,NO_CONNECTION,747,7.46,7.47,False,1.0,0.9999999999999998,GRID,3600000.0,1.0,False,188.49999999999972,0.00020000000048894372,199999.99902211135,5.820766091346741e-11,299999.9990221113,0.0001,293.15,9.778880721671157e-13,1.0,1.0,1.0,1.0,1.0,1.0,293.15,1.0,POLISH,0.5511359769258254,293.1626434094568,1.010812385605707e-09,4.636853237426751e-10
healthy_25pct_400ms_sag,NO_CONNECTION,748,7.47,7.48,False,1.0,0.9999999999999998,GRID,3600000.0,1.0,False,188.49999999999972,0.00020000000048894372,199999.99902211135,5.820766091346741e-11,299999.9990221113,0.0001,293.15,9.778880721671157e-13,1.0,1.0,1.0,1.0,1.0,1.0,293.15,1.0,POLISH,0.5511348752723246,293.16290983970225,1.0114674819688007e-09,4.737999985623632e-10
healthy_25pct_400ms_sag,NO_CONNECTION,749,7.48,7.49,False,1.0,0.9999999999999998,GRID,3600000.0,1.0,False,188.49999999999972,0.00020000000048894372,199999.99902211135,5.820766091346741e-11,299999.9990221113,0.0001,293.15,9.778880721671157e-13,1.0,1.0,1.0,1.0,1.0,1.0,293.15,1.0,POLISH,0.5511337735901211,293.16317614959877,1.0121054570294163e-09,4.839210531326573e-10
healthy_25pct_400ms_sag,NO_CONNECTION,750,7.49,7.5,False,1.0,0.9999999999999998,GRID,3600000.0,1.0,False,188.49999999999972,0.00020000000048894372,199999.99902211135,5.820766091346741e-11,299999.9990221113,0.0001,293.15,9.778880721671157e-13,1.0,1.0,1.0,1.0,1.0,1.0,293.15,1.0,POLISH,0.551132671880759,293.16344233881233,1.0127267730507146e-09,4.940483208631644e-10
healthy_25pct_400ms_sag,NO_CONNECTION,751,7.5,7.51,False,1.0,0.9999999999999998,GRID,3600000.0,1.0,False,188.49999999999972,0.00020000000048894372,199999.99902211135,5.820766091346741e-11,299999.9990221113,0.0001,293.15,9.778880721671157e-13,1.0,1.0,1.0,1.0,1.0,1.0,293.15,1.0,POLISH,0.5511315701457055,293.1637084070288,1.013331879124356e-09,5.04181639654408e-10
healthy_25pct_400ms_sag,NO_CONNECTION,752,7.51,7.5200000000000005,False,1.0,0.9999999999999998,GRID,3600000.0,1.0,False,188.49999999999972,0.00020000000048894372,199999.99902211135,5.820766091346741e-11,299999.9990221113,0.0001,293.15,9.778880721671157e-13,1.0,1.0,1.0,1.0,1.0,1.0,293.15,1.0,POLISH,0.5511304683863544,293.1639743539529,1.0139212115734675e-09,5.143208517701427e-10
healthy_25pct_400ms_sag,NO_CONNECTION,753,7.5200000000000005,7.53,False,1.0,0.9999999999999998,GRID,3600000.0,1.0,False,188.49999999999972,0.00020000000048894372,199999.99902211135,5.820766091346741e-11,299999.9990221113,0.0001,293.15,9.778880721671157e-13,1.0,1.0,1.0,1.0,1.0,1.0,293.15,1.0,POLISH,0.5511293666040299,293.1642401793071,1.014495194342364e-09,5.244658037135664e-10
healthy_25pct_400ms_sag,NO_CONNECTION,754,7.53,7.54,False,1.0,0.9999999999999998,GRID,3600000.0,1.0,False,188.49999999999972,0.00020000000048894372,199999.99902211135,5.820766091346741e-11,299999.9990221113,0.0001,293.15,9.778880721671157e-13,1.0,1.0,1.0,1.0,1.0,1.0,293.15,1.0,POLISH,0.55112826479999,293.164505882831,1.0150542393734899e-09,5.346163461073013e-10
healthy_25pct_400ms_sag,NO_CONNECTION,755,7.54,7.55,False,1.0,0.9999999999999998,GRID,3600000.0,1.0,False,188.49999999999972,0.00020000000048894372,199999.99902211135,5.820766091346741e-11,299999.9990221113,0.0001,293.15,9.778880721671157e-13,1.0,1.0,1.0,1.0,1.0,1.0,293.15,1.0,POLISH,0.5511271629754299,293.16477146428025,1.0155987469719992e-09,5.447723335770213e-10
healthy_25pct_400ms_sag,NO_CONNECTION,756,7.55,7.5600000000000005,False,1.0,0.9999999999999998,GRID,3600000.0,1.0,False,188.49999999999972,0.00020000000048894372,199999.99902211135,5.820766091346741e-11,299999.9990221113,0.0001,293.15,9.778880721671157e-13,1.0,1.0,1.0,1.0,1.0,1.0,293.15,1.0,POLISH,0.5511260611314851,293.1650369234259,1.0161291061584145e-09,5.549336246386054e-10
healthy_25pct_400ms_sag,NO_CONNECTION,757,7.5600000000000005,7.57,False,1.0,0.9999999999999998,GRID,3600000.0,1.0,False,188.49999999999972,0.00020000000048894372,199999.99902211135,5.820766091346741e-11,299999.9990221113,0.0001,293.15,9.778880721671157e-13,1.0,1.0,1.0,1.0,1.0,1.0,293.15,1.0,POLISH,0.5511249592692344,293.16530226005347,1.0166456950097615e-09,5.65100081588703e-10
healthy_25pct_400ms_sag,NO_CONNECTION,758,7.57,7.58,False,1.0,0.9999999999999998,GRID,3600000.0,1.0,False,188.49999999999972,0.00020000000048894372,199999.99902211135,5.820766091346741e-11,299999.9990221113,0.0001,293.15,9.778880721671157e-13,1.0,1.0,1.0,1.0,1.0,1.0,293.15,1.0,POLISH,0.5511238573897027,293.1655674739625,1.017148880989579e-09,5.752715703985988e-10
healthy_25pct_400ms_sag,NO_CONNECTION,759,7.58,7.59,False,1.0,0.9999999999999998,GRID,3600000.0,1.0,False,188.49999999999972,0.00020000000048894372,199999.99902211135,5.820766091346741e-11,299999.9990221113,0.0001,293.15,9.778880721671157e-13,1.0,1.0,1.0,1.0,1.0,1.0,293.15,1.0,POLISH,0.5511227554938636,293.16583256496557,1.0176390212671844e-09,5.854479606112706e-10
healthy_25pct_400ms_sag,NO_CONNECTION,760,7.59,7.6000000000000005,False,1.0,0.9999999999999998,GRID,3600000.0,1.0,False,188.49999999999972,0.00020000000048894372,199999.99902211135,5.820766091346741e-11,299999.9990221113,0.0001,293.15,9.778880721671157e-13,1.0,1.0,1.0,1.0,1.0,1.0,293.15,1.0,POLISH,0.5511216535826421,293.1660975328878,1.01811646302657e-09,5.956291252415363e-10
healthy_25pct_400ms_sag,NO_CONNECTION,761,7.6000000000000005,7.61,False,1.0,0.9999999999999998,GRID,3600000.0,1.0,False,188.49999999999972,0.00020000000048894372,199999.99902211135,5.820766091346741e-11,299999.9990221113,0.0001,293.15,9.778880721671157e-13,1.0,1.0,1.0,1.0,1.0,1.0,293.15,1.0,POLISH,0.5511205516569171,293.1663623775662,1.0185815437652745e-09,6.05814940679189e-10
healthy_25pct_400ms_sag,NO_CONNECTION,762,7.61,7.62,False,1.0,0.9999999999999998,GRID,3600000.0,1.0,False,188.49999999999972,0.00020000000048894372,199999.99902211135,5.820766091346741e-11,299999.9990221113,0.0001,293.15,9.778880721671157e-13,1.0,1.0,1.0,1.0,1.0,1.0,293.15,1.0,POLISH,0.5511194497175235,293.16662709884906,1.0190345915835872e-09,6.160052865950249e-10
healthy_25pct_400ms_sag,NO_CONNECTION,763,7.62,7.63,False,1.0,0.9999999999999998,GRID,3600000.0,1.0,False,188.49999999999972,0.00020000000048894372,199999.99902211135,5.820766091346741e-11,299999.9990221113,0.0001,293.15,9.778880721671157e-13,1.0,1.0,1.0,1.0,1.0,1.0,293.15,1.0,POLISH,0.5511183477652545,293.1668916965955,1.0194759254644102e-09,6.26200045849669e-10
healthy_25pct_400ms_sag,NO_CONNECTION,764,7.63,7.640000000000001,False,1.0,0.9999999999999998,GRID,3600000.0,1.0,False,188.49999999999972,0.00020000000048894372,199999.99902211135,5.820766091346741e-11,299999.9990221113,0.0001,293.15,9.778880721671157e-13,1.0,1.0,1.0,1.0,1.0,1.0,293.15,1.0,POLISH,0.5511172458008636,293.1671561706746,1.0199058555441025e-09,6.3639910440511e-10
healthy_25pct_400ms_sag,NO_CONNECTION,765,7.640000000000001,7.65,False,1.0,0.9999999999999998,GRID,3600000.0,1.0,False,188.49999999999972,0.00020000000048894372,199999.99902211135,5.820766091346741e-11,299999.9990221113,0.0001,293.15,9.778880721671157e-13,1.0,1.0,1.0,1.0,1.0,1.0,293.15,1.0,POLISH,0.5511161438250668,293.1674205209654,1.0203246833746117e-09,6.466023512388561e-10
healthy_25pct_400ms_sag,NO_CONNECTION,766,7.65,7.66,False,1.0,0.9999999999999998,GRID,3600000.0,1.0,False,188.49999999999972,0.00020000000048894372,199999.99902211135,5.820766091346741e-11,299999.9990221113,0.0001,293.15,9.778880721671157e-13,1.0,1.0,1.0,1.0,1.0,1.0,293.15,1.0,POLISH,0.5511150418385442,293.16768474735596,1.020732702177203e-09,6.568096782606281e-10
healthy_25pct_400ms_sag,NO_CONNECTION,767,7.66,7.67,False,1.0,0.9999999999999998,GRID,3600000.0,1.0,False,188.49999999999972,0.00020000000048894372,199999.99902211135,5.820766091346741e-11,299999.9990221113,0.0001,293.15,9.778880721671157e-13,1.0,1.0,1.0,1.0,1.0,1.0,293.15,1.0,POLISH,0.551113939841942,293.1679488497432,1.02113019708806e-09,6.670209802315087e-10
healthy_25pct_400ms_sag,NO_CONNECTION,768,7.67,7.68,False,1.0,0.9999999999999998,GRID,3600000.0,1.0,False,188.49999999999972,0.00020000000048894372,199999.99902211135,5.820766091346741e-11,299999.9990221113,0.0001,293.15,9.778880721671157e-13,1.0,1.0,1.0,1.0,1.0,1.0,293.15,1.0,POLISH,0.5511128378358741,293.1682128280322,1.0215174453960507e-09,6.772361546854692e-10
healthy_25pct_400ms_sag,NO_CONNECTION,769,7.68,7.69,False,1.0,0.9999999999999998,GRID,3600000.0,1.0,False,188.49999999999972,0.00020000000048894372,199999.99902211135,5.820766091346741e-11,299999.9990221113,0.0001,293.15,9.778880721671157e-13,1.0,1.0,1.0,1.0,1.0,1.0,293.15,1.0,POLISH,0.5511117358209235,293.16847668213614,1.0218947167729151e-09,6.874551018531983e-10
healthy_25pct_400ms_sag,NO_CONNECTION,770,7.69,7.7,False,1.0,0.9999999999999998,GRID,3600000.0,1.0,False,188.49999999999972,0.00020000000048894372,199999.99902211135,5.820766091346741e-11,299999.9990221113,0.0001,293.15,9.778880721671157e-13,1.0,1.0,1.0,1.0,1.0,1.0,293.15,1.0,POLISH,0.5511106337976446,293.1687404119755,1.0222622734961445e-09,6.976777245881597e-10
healthy_25pct_400ms_sag,NO_CONNECTION,771,7.7,7.71,False,1.0,0.9999999999999998,GRID,3600000.0,1.0,False,188.49999999999972,0.00020000000048894372,199999.99902211135,5.820766091346741e-11,299999.9990221113,0.0001,293.15,9.778880721671157e-13,1.0,1.0,1.0,1.0,1.0,1.0,293.15,1.0,POLISH,0.5511095317665636,293.16900401747796,1.0226203706647948e-09,7.079039282948076e-10
healthy_25pct_400ms_sag,NO_CONNECTION,772,7.71,7.72,False,1.0,0.9999999999999998,GRID,3600000.0,1.0,False,188.49999999999972,0.00020000000048894372,199999.99902211135,5.820766091346741e-11,299999.9990221113,0.0001,293.15,9.778880721671157e-13,1.0,1.0,1.0,1.0,1.0,1.0,293.15,1.0,POLISH,0.5511084297281806,293.16926749857805,1.0229692564084774e-09,7.181336208588924e-10
healthy_25pct_400ms_sag,NO_CONNECTION,773,7.72,7.73,False,1.0,0.9999999999999998,GRID,3600000.0,1.0,False,188.49999999999972,0.00020000000048894372,199999.99902211135,5.820766091346741e-11,299999.9990221113,0.0001,293.15,9.778880721671157e-13,1.0,1.0,1.0,1.0,1.0,1.0,293.15,1.0,POLISH,0.5511073276829708,293.16953085521664,1.0233091720897677e-09,7.283667125797901e-10
healthy_25pct_400ms_sag,NO_CONNECTION,774,7.73,7.74,False,1.0,0.9999999999999998,GRID,3600000.0,1.0,False,188.49999999999972,0.00020000000048894372,199999.99902211135,5.820766091346741e-11,299999.9990221113,0.0001,293.15,9.778880721671157e-13,1.0,1.0,1.0,1.0,1.0,1.0,293.15,1.0,POLISH,0.5511062256313853,293.16979408734073,1.0236403525002414e-09,7.386031161047925e-10
healthy_25pct_400ms_sag,NO_CONNECTION,775,7.74,7.75,False,1.0,0.9999999999999998,GRID,3600000.0,1.0,False,188.49999999999972,0.00020000000048894372,199999.99902211135,5.820766091346741e-11,299999.9990221113,0.0001,293.15,9.778880721671157e-13,1.0,1.0,1.0,1.0,1.0,1.0,293.15,1.0,POLISH,0.5511051235738531,293.1700571949031,1.0239630260503692e-09,7.488427463652961e-10
healthy_25pct_400ms_sag,NO_CONNECTION,776,7.75,7.76,False,1.0,0.9999999999999998,GRID,3600000.0,1.0,False,188.49999999999972,0.00020000000048894372,199999.99902211135,5.820766091346741e-11,299999.9990221113,0.0001,293.15,9.778880721671157e-13,1.0,1.0,1.0,1.0,1.0,1.0,293.15,1.0,POLISH,0.5511040215107815,293.1703201778621,1.0242774149534732e-09,7.590855205148308e-10
healthy_25pct_400ms_sag,NO_CONNECTION,777,7.76,7.7700000000000005,False,1.0,0.9999999999999998,GRID,3600000.0,1.0,False,188.49999999999972,0.00020000000048894372,199999.99902211135,5.820766091346741e-11,299999.9990221113,0.0001,293.15,9.778880721671157e-13,1.0,1.0,1.0,1.0,1.0,1.0,293.15,1.0,POLISH,0.5511029194425576,293.1705830361812,1.0245837354039423e-09,7.693313578688702e-10
healthy_25pct_400ms_sag,NO_CONNECTION,778,7.7700000000000005,7.78,False,1.0,0.9999999999999998,GRID,3600000.0,1.0,False,188.49999999999972,0.00020000000048894372,199999.99902211135,5.820766091346741e-11,299999.9990221113,0.0001,293.15,9.778880721671157e-13,1.0,1.0,1.0,1.0,1.0,1.0,293.15,1.0,POLISH,0.551101817369549,293.170845769829,1.0248821977499086e-09,7.795801798463693e-10
healthy_25pct_400ms_sag,NO_CONNECTION,779,7.78,7.79,False,1.0,0.9999999999999998,GRID,3600000.0,1.0,False,188.49999999999972,0.00020000000048894372,199999.99902211135,5.820766091346741e-11,299999.9990221113,0.0001,293.15,9.778880721671157e-13,1.0,1.0,1.0,1.0,1.0,1.0,293.15,1.0,POLISH,0.551100715292105,293.1711083787787,1.0251730066605663e-09,7.89831909912975e-10
healthy_25pct_400ms_sag,NO_CONNECTION,780,7.79,7.8,False,1.0,0.9999999999999998,GRID,3600000.0,1.0,False,188.49999999999972,0.00020000000048894372,199999.99902211135,5.820766091346741e-11,299999.9990221113,0.0001,293.15,9.778880721671157e-13,1.0,1.0,1.0,1.0,1.0,1.0,293.15,1.0,POLISH,0.5510996132105576,293.171370863008,1.0254563612883177e-09,8.000864735258582e-10
healthy_25pct_400ms_sag,NO_CONNECTION,781,7.8,7.8100000000000005,False,1.0,0.9999999999999998,GRID,3600000.0,1.0,False,188.49999999999972,0.00020000000048894372,199999.99902211135,5.820766091346741e-11,299999.9990221113,0.0001,293.15,9.778880721671157e-13,1.0,1.0,1.0,1.0,1.0,1.0,293.15,1.0,POLISH,0.5510985111252218,293.17163322249894,1.025732455425917e-09,8.103437980801173e-10
healthy_25pct_400ms_sag,NO_CONNECTION,782,7.8100000000000005,7.82,False,1.0,0.9999999999999998,GRID,3600000.0,1.0,False,188.49999999999972,0.00020000000048894372,199999.99902211135,5.820766091346741e-11,299999.9990221113,0.0001,293.15,9.778880721671157e-13,1.0,1.0,1.0,1.0,1.0,1.0,293.15,1.0,POLISH,0.5510974090363973,293.17189545723755,1.0260014776587792e-09,8.206038128567051e-10
healthy_25pct_400ms_sag,NO_CONNECTION,783,7.82,7.83,False,1.0,0.9999999999999998,GRID,3600000.0,1.0,False,188.49999999999972,0.00020000000048894372,199999.99902211135,5.820766091346741e-11,299999.9990221113,0.0001,293.15,9.778880721671157e-13,1.0,1.0,1.0,1.0,1.0,1.0,293.15,1.0,POLISH,0.5510963069443685,293.1721575672137,1.0262636115126235e-09,8.308664489718313e-10
healthy_25pct_400ms_sag,NO_CONNECTION,784,7.83,7.84,False,1.0,0.9999999999999998,GRID,3600000.0,1.0,False,188.49999999999972,0.00020000000048894372,199999.99902211135,5.820766091346741e-11,299999.9990221113,0.0001,293.15,9.778880721671157e-13,1.0,1.0,1.0,1.0,1.0,1.0,293.15,1.0,POLISH,0.5510952048494059,293.1724195524209,1.026519035596596e-09,8.411316393277973e-10
healthy_25pct_400ms_sag,NO_CONNECTION,785,7.84,7.8500000000000005,False,1.0,0.9999999999999998,GRID,3600000.0,1.0,False,188.49999999999972,0.00020000000048894372,199999.99902211135,5.820766091346741e-11,299999.9990221113,0.0001,293.15,9.778880721671157e-13,1.0,1.0,1.0,1.0,1.0,1.0,293.15,1.0,POLISH,0.5510941027517662,293.1726814128561,1.0267679237420317e-09,8.513993185652176e-10
healthy_25pct_400ms_sag,NO_CONNECTION,786,7.8500000000000005,7.86,False,1.0,0.9999999999999998,GRID,3600000.0,1.0,False,188.49999999999972,0.00020000000048894372,199999.99902211135,5.820766091346741e-11,299999.9990221113,0.0001,293.15,9.778880721671157e-13,1.0,1.0,1.0,1.0,1.0,1.0,293.15,1.0,POLISH,0.5510930006516934,293.1729431485196,1.0270104451369941e-09,8.616694230165876e-10
healthy_25pct_400ms_sag,NO_CONNECTION,787,7.86,7.87,False,1.0,0.9999999999999998,GRID,3600000.0,1.0,False,188.49999999999972,0.00020000000048894372,199999.99902211135,5.820766091346741e-11,299999.9990221113,0.0001,293.15,9.778880721671157e-13,1.0,1.0,1.0,1.0,1.0,1.0,293.15,1.0,POLISH,0.5510918985494193,293.17320475941483,1.02724676445674e-09,8.71941890661155e-10
healthy_25pct_400ms_sag,NO_CONNECTION,788,7.87,7.88,False,1.0,0.9999999999999998,GRID,3600000.0,1.0,False,188.49999999999972,0.00020000000048894372,199999.99902211135,5.820766091346741e-11,299999.9990221113,0.0001,293.15,9.778880721671157e-13,1.0,1.0,1.0,1.0,1.0,1.0,293.15,1.0,POLISH,0.5510907964451641,293.1734662455481,1.027477041990233e-09,8.822166610810573e-10
healthy_25pct_400ms_sag,NO_CONNECTION,789,7.88,7.890000000000001,False,1.0,0.9999999999999998,GRID,3600000.0,1.0,False,188.49999999999972,0.00020000000048894372,199999.99902211135,5.820766091346741e-11,299999.9990221113,0.0001,293.15,9.778880721671157e-13,1.0,1.0,1.0,1.0,1.0,1.0,293.15,1.0,POLISH,0.551089694339137,293.17372760692865,1.0277014337628509e-09,8.924936754186859e-10
healthy_25pct_400ms_sag,NO_CONNECTION,790,7.890000000000001,7.9,False,1.0,0.9999999999999998,GRID,3600000.0,1.0,False,188.49999999999972,0.00020000000048894372,199999.99902211135,5.820766091346741e-11,299999.9990221113,0.0001,293.15,9.778880721671157e-13,1.0,1.0,1.0,1.0,1.0,1.0,293.15,1.0,POLISH,0.5510885922315367,293.1739888435683,1.0279200916553943e-09,9.027728763352398e-10
healthy_25pct_400ms_sag,NO_CONNECTION,791,7.9,7.91,False,1.0,0.9999999999999998,GRID,3600000.0,1.0,False,188.49999999999972,0.00020000000048894372,199999.99902211135,5.820766091346741e-11,299999.9990221113,0.0001,293.15,9.778880721671157e-13,1.0,1.0,1.0,1.0,1.0,1.0,293.15,1.0,POLISH,0.5510874901225521,293.1742499554814,1.0281331635195384e-09,9.130542079704351e-10
healthy_25pct_400ms_sag,NO_CONNECTION,792,7.91,7.92,False,1.0,0.9999999999999998,GRID,3600000.0,1.0,False,188.49999999999972,0.00020000000048894372,199999.99902211135,5.820766091346741e-11,299999.9990221113,0.0001,293.15,9.778880721671157e-13,1.0,1.0,1.0,1.0,1.0,1.0,293.15,1.0,POLISH,0.5510863880123624,293.1745109426848,1.0283407932898243e-09,9.233376159033334e-10
healthy_25pct_400ms_sag,NO_CONNECTION,793,7.92,7.930000000000001,False,1.0,0.9999999999999998,GRID,3600000.0,1.0,False,188.49999999999972,0.00020000000048894372,199999.99902211135,5.820766091346741e-11,299999.9990221113,0.0001,293.15,9.778880721671157e-13,1.0,1.0,1.0,1.0,1.0,1.0,293.15,1.0,POLISH,0.5510852859011383,293.1747718051975,1.028543121092317e-09,9.336230471142566e-10
healthy_25pct_400ms_sag,NO_CONNECTION,794,7.930000000000001,7.94,False,1.0,0.9999999999999998,GRID,3600000.0,1.0,False,188.49999999999972,0.00020000000048894372,199999.99902211135,5.820766091346741e-11,299999.9990221113,0.0001,293.15,9.778880721671157e-13,1.0,1.0,1.0,1.0,1.0,1.0,293.15,1.0,POLISH,0.5510841837890413,293.1750325430408,1.0287402833500307e-09,9.43910449947757e-10
healthy_25pct_400ms_sag,NO_CONNECTION,795,7.94,7.95,False,1.0,0.9999999999999998,GRID,3600000.0,1.0,False,188.49999999999972,0.00020000000048894372,199999.99902211135,5.820766091346741e-11,299999.9990221113,0.0001,293.15,9.778880721671157e-13,1.0,1.0,1.0,1.0,1.0,1.0,293.15,1.0,POLISH,0.5510830816762256,293.175293156238,1.0289324128852323e-09,9.541997740766094e-10
healthy_25pct_400ms_sag,NO_CONNECTION,796,7.95,7.96,False,1.0,0.9999999999999998,GRID,3600000.0,1.0,False,188.49999999999972,0.00020000000048894372,199999.99902211135,5.820766091346741e-11,299999.9990221113,0.0001,293.15,9.778880721671157e-13,1.0,1.0,1.0,1.0,1.0,1.0,293.15,1.0,POLISH,0.551081979562837,293.1755536448144,1.0291196390187151e-09,9.644909704667965e-10
healthy_25pct_400ms_sag,NO_CONNECTION,797,7.96,7.97,False,1.0,0.9999999999999998,GRID,3600000.0,1.0,False,188.49999999999972,0.00020000000048894372,199999.99902211135,5.820766091346741e-11,299999.9990221113,0.0001,293.15,9.778880721671157e-13,1.0,1.0,1.0,1.0,1.0,1.0,293.15,1.0,POLISH,0.5510808774490145,293.175814008797,1.0293020876661533e-09,9.74783991343458e-10
healthy_25pct_400ms_sag,NO_CONNECTION,798,7.97,7.98,False,1.0,0.9999999999999998,GRID,3600000.0,1.0,False,188.49999999999972,0.00020000000048894372,199999.99902211135,5.820766091346741e-11,299999.9990221113,0.0001,293.15,9.778880721671157e-13,1.0,1.0,1.0,1.0,1.0,1.0,293.15,1.0,POLISH,0.5510797753348898,293.17607424821466,1.029479881431616e-09,9.850787901577742e-10
healthy_25pct_400ms_sag,NO_CONNECTION,799,7.98,7.99,False,1.0,0.9999999999999998,GRID,3600000.0,1.0,False,188.49999999999972,0.00020000000048894372,199999.99902211135,5.820766091346741e-11,299999.9990221113,0.0001,293.15,9.778880721671157e-13,1.0,1.0,1.0,1.0,1.0,1.0,293.15,1.0,POLISH,0.5510786732205883,293.176334363098,1.0296531396983464e-09,9.953753215547577e-10
healthy_25pct_400ms_sag,NO_CONNECTION,800,7.99,8.0,False,1.0,0.9999999999999998,GRID,3600000.0,1.0,False,188.49999999999972,0.00020000000048894372,199999.99902211135,5.820766091346741e-11,299999.9990221113,0.0001,293.15,9.778880721671157e-13,1.0,1.0,1.0,1.0,1.0,1.0,293.15,1.0,POLISH,0.5510775711062291,293.1765943534791,1.0298219787168805e-09,1.0056735413419266e-09
healthy_25pct_400ms_sag,NO_CONNECTION,801,8.0,8.01,False,1.0,0.9999999999999998,GRID,3600000.0,1.0,False,188.49999999999972,0.00020000000048894372,199999.99902211135,5.820766091346741e-11,299999.9990221113,0.0001,293.15,9.778880721671157e-13,1.0,1.0,1.0,1.0,1.0,1.0,293.15,1.0,POLISH,0.5510764689919252,293.1768542193916,1.0299865116906023e-09,1.0159734064588326e-09
healthy_25pct_400ms_sag,NO_CONNECTION,802,8.01,8.02,False,1.0,0.9999999999999998,GRID,3600000.0,1.0,False,188.49999999999972,0.00020000000048894372,199999.99902211135,5.820766091346741e-11,299999.9990221113,0.0001,293.15,9.778880721671157e-13,1.0,1.0,1.0,1.0,1.0,1.0,293.15,1.0,POLISH,0.5510753668777839,293.17711396087043,1.030146848858806e-09,1.0262748749474206e-09
healthy_25pct_400ms_sag,NO_CONNECTION,803,8.02,8.03,False,1.0,0.9999999999999998,GRID,3600000.0,1.0,False,188.49999999999972,0.00020000000048894372,199999.99902211135,5.820766091346741e-11,299999.9990221113,0.0001,293.15,9.778880721671157e-13,1.0,1.0,1.0,1.0,1.0,1.0,293.15,1.0,POLISH,0.5510742647639074,293.17737357795204,1.0303030975773497e-09,1.0365779059231942e-09
healthy_25pct_400ms_sag,NO_CONNECTION,804,8.03,8.040000000000001,False,1.0,0.9999999999999998,GRID,3600000.0,1.0,False,188.49999999999972,0.00020000000048894372,199999.99902211135,5.820766091346741e-11,299999.9990221113,0.0001,293.15,9.778880721671157e-13,1.0,1.0,1.0,1.0,1.0,1.0,293.15,1.0,POLISH,0.5510731626503926,293.17763307067406,1.0304553623969812e-09,1.046882459547164e-09
healthy_25pct_400ms_sag,NO_CONNECTION,805,8.040000000000001,8.05,False,1.0,0.9999999999999998,GRID,3600000.0,1.0,False,188.49999999999972,0.00020000000048894372,199999.99902211135,5.820766091346741e-11,299999.9990221113,0.0001,293.15,9.778880721671157e-13,1.0,1.0,1.0,1.0,1.0,1.0,293.15,1.0,POLISH,0.5510720605373316,293.1778924390754,1.0306037451393933e-09,1.0571884969985579e-09
healthy_25pct_400ms_sag,NO_CONNECTION,806,8.05,8.06,False,1.0,0.9999999999999998,GRID,3600000.0,1.0,False,188.49999999999972,0.00020000000048894372,199999.99902211135,5.820766091346741e-11,299999.9990221113,0.0001,293.15,9.778880721671157e-13,1.0,1.0,1.0,1.0,1.0,1.0,293.15,1.0,POLISH,0.5510709584248119,293.178151683196,1.0307483449711016e-09,1.0674959804482688e-09
healthy_25pct_400ms_sag,NO_CONNECTION,807,8.06,8.07,False,1.0,0.9999999999999998,GRID,3600000.0,1.0,False,188.49999999999972,0.00020000000048894372,199999.99902211135,5.820766091346741e-11,299999.9990221113,0.0001,293.15,9.778880721671157e-13,1.0,1.0,1.0,1.0,1.0,1.0,293.15,1.0,POLISH,0.5510698563129166,293.17841080307704,1.0308892584751938e-09,1.0778048730330208e-09
healthy_25pct_400ms_sag,NO_CONNECTION,808,8.07,8.08,False,1.0,0.9999999999999998,GRID,3600000.0,1.0,False,188.49999999999972,0.00020000000048894372,199999.99902211135,5.820766091346741e-11,299999.9990221113,0.0001,293.15,9.778880721671157e-13,1.0,1.0,1.0,1.0,1.0,1.0,293.15,1.0,POLISH,0.5510687542017247,293.17866979876067,1.0310265797210265e-09,1.088115138830231e-09
healthy_25pct_400ms_sag,NO_CONNECTION,809,8.08,8.09,False,1.0,0.9999999999999998,GRID,3600000.0,1.0,False,188.49999999999972,0.00020000000048894372,199999.99902211135,5.820766091346741e-11,299999.9990221113,0.0001,293.15,9.778880721671157e-13,1.0,1.0,1.0,1.0,1.0,1.0,293.15,1.0,POLISH,0.5510676520913113,293.1789286702899,1.031160400331934e-09,1.0984267428335503e-09
healthy_25pct_400ms_sag,NO_CONNECTION,810,8.09,8.1,False,1.0,0.9999999999999998,GRID,3600000.0,1.0,False,188.49999999999972,0.00020000000048894372,199999.99902211135,5.820766091346741e-11,299999.9990221113,0.0001,293.15,9.778880721671157e-13,1.0,1.0,1.0,1.0,1.0,1.0,293.15,1.0,POLISH,0.5510665499817474,293.1791874177089,1.031290809551004e-09,1.1087396509290602e-09
healthy_25pct_400ms_sag,NO_CONNECTION,811,8.1,8.11,False,1.0,0.9999999999999998,GRID,3600000.0,1.0,False,188.49999999999972,0.00020000000048894372,199999.99902211135,5.820766091346741e-11,299999.9990221113,0.0001,293.15,9.778880721671157e-13,1.0,1.0,1.0,1.0,1.0,1.0,293.15,1.0,POLISH,0.551065447873101,293.1794460410624,1.031417894304986e-09,1.11905382987211e-09
healthy_25pct_400ms_sag,NO_CONNECTION,812,8.11,8.120000000000001,False,1.0,0.9999999999999998,GRID,3600000.0,1.0,False,188.49999999999972,0.00020000000048894372,199999.99902211135,5.820766091346741e-11,299999.9990221113,0.0001,293.15,9.778880721671157e-13,1.0,1.0,1.0,1.0,1.0,1.0,293.15,1.0,POLISH,0.5510643457654363,293.1797045403963,1.031541739266389e-09,1.129369247264774e-09
healthy_25pct_400ms_sag,NO_CONNECTION,813,8.120000000000001,8.13,False,1.0,0.9999999999999998,GRID,3600000.0,1.0,False,188.49999999999972,0.00020000000048894372,199999.99902211135,5.820766091346741e-11,299999.9990221113,0.0001,293.15,9.778880721671157e-13,1.0,1.0,1.0,1.0,1.0,1.0,293.15,1.0,POLISH,0.5510632436588144,293.1799629157571,1.0316624269138185e-09,1.1396858715339122e-09
healthy_25pct_400ms_sag,NO_CONNECTION,814,8.13,8.14,False,1.0,0.9999999999999998,GRID,3600000.0,1.0,False,188.49999999999972,0.00020000000048894372,199999.99902211135,5.820766091346741e-11,299999.9990221113,0.0001,293.15,9.778880721671157e-13,1.0,1.0,1.0,1.0,1.0,1.0,293.15,1.0,POLISH,0.5510621415532935,293.180221167192,1.0317800375906157e-09,1.1500036719098183e-09
healthy_25pct_400ms_sag,NO_CONNECTION,815,8.14,8.15,False,1.0,0.9999999999999998,GRID,3600000.0,1.0,False,188.49999999999972,0.00020000000048894372,199999.99902211135,5.820766091346741e-11,299999.9990221113,0.0001,293.15,9.778880721671157e-13,1.0,1.0,1.0,1.0,1.0,1.0,293.15,1.0,POLISH,0.5510610394489286,293.180479294749,1.0318946495618435e-09,1.1603226184054368e-09
healthy_25pct_400ms_sag,NO_CONNECTION,816,8.15,8.16,False,1.0,0.9999999999999998,GRID,3600000.0,1.0,False,188.49999999999972,0.00020000000048894372,199999.99902211135,5.820766091346741e-11,299999.9990221113,0.0001,293.15,9.778880721671157e-13,1.0,1.0,1.0,1.0,1.0,1.0,293.15,1.0,POLISH,0.5510599373457721,293.18073729847674,1.0320063390696704e-09,1.1706426817961335e-09
healthy_25pct_400ms_sag,NO_CONNECTION,817,8.16,8.17,False,1.0,0.9999999999999998,GRID,3600000.0,1.0,False,188.49999999999972,0.00020000000048894372,199999.99902211135,5.820766091346741e-11,299999.9990221113,0.0001,293.15,9.778880721671157e-13,1.0,1.0,1.0,1.0,1.0,1.0,293.15,1.0,POLISH,0.5510588352438738,293.1809951784245,1.0321151803872078e-09,1.1809638336000055e-09
healthy_25pct_400ms_sag,NO_CONNECTION,818,8.17,8.18,False,1.0,0.9999999999999998,GRID,3600000.0,1.0,False,188.49999999999972,0.00020000000048894372,199999.99902211135,5.820766091346741e-11,299999.9990221113,0.0001,293.15,9.778880721671157e-13,1.0,1.0,1.0,1.0,1.0,1.0,293.15,1.0,POLISH,0.551057733143281,293.18125293464215,1.0322212458708347e-09,1.1912860460587138e-09
healthy_25pct_400ms_sag,NO_CONNECTION,819,8.18,8.19,False,1.0,0.9999999999999998,GRID,3600000.0,1.0,False,188.49999999999972,0.00020000000048894372,199999.99902211135,5.820766091346741e-11,299999.9990221113,0.0001,293.15,9.778880721671157e-13,1.0,1.0,1.0,1.0,1.0,1.0,293.15,1.0,POLISH,0.5510566310440387,293.1815105671801,1.0323246060110676e-09,1.2016092921188245e-09
healthy_25pct_400ms_sag,NO_CONNECTION,820,8.19,8.2,False,1.0,0.9999999999999998,GRID,3600000.0,1.0,False,188.49999999999972,0.00020000000048894372,199999.99902211135,5.820766091346741e-11,299999.9990221113,0.0001,293.15,9.778880721671157e-13,1.0,1.0,1.0,1.0,1.0,1.0,293.15,1.0,POLISH,0.5510555289461895,293.1817680760893,1.0324253294820141e-09,1.2119335454136446e-09
healthy_25pct_400ms_sag,NO_CONNECTION,821,8.2,8.21,False,1.0,0.9999999999999998,GRID,3600000.0,1.0,False,188.49999999999972,0.00020000000048894372,199999.99902211135,5.820766091346741e-11,299999.9990221113,0.0001,293.15,9.778880721671157e-13,1.0,1.0,1.0,1.0,1.0,1.0,293.15,1.0,POLISH,0.5510544268497739,293.18202546142123,1.03252348318945e-09,1.222258780245539e-09
healthy_25pct_400ms_sag,NO_CONNECTION,822,8.21,8.22,False,1.0,0.9999999999999998,GRID,3600000.0,1.0,False,188.49999999999972,0.00020000000048894372,199999.99902211135,5.820766091346741e-11,299999.9990221113,0.0001,293.15,9.778880721671157e-13,1.0,1.0,1.0,1.0,1.0,1.0,293.15,1.0,POLISH,0.5510533247548305,293.1822827232278,1.0326191323175677e-09,1.2325849715687149e-09
healthy_25pct_400ms_sag,NO_CONNECTION,823,8.22,8.23,False,1.0,0.9999999999999998,GRID,3600000.0,1.0,False,188.49999999999972,0.00020000000048894372,199999.99902211135,5.820766091346741e-11,299999.9990221113,0.0001,293.15,9.778880721671157e-13,1.0,1.0,1.0,1.0,1.0,1.0,293.15,1.0,POLISH,0.5510522226613959,293.18253986156134,1.0327123403744267e-09,1.2429120949724592e-09
healthy_25pct_400ms_sag,NO_CONNECTION,824,8.23,8.24,False,1.0,0.9999999999999998,GRID,3600000.0,1.0,False,188.49999999999972,0.00020000000048894372,199999.99902211135,5.820766091346741e-11,299999.9990221113,0.0001,293.15,9.778880721671157e-13,1.0,1.0,1.0,1.0,1.0,1.0,293.15,1.0,POLISH,0.5510511205695047,293.1827968764747,1.0328031692361533e-09,1.2532401266648207e-09
healthy_25pct_400ms_sag,NO_CONNECTION,825,8.24,8.25,False,1.0,0.9999999999999998,GRID,3600000.0,1.0,False,188.49999999999972,0.00020000000048894372,199999.99902211135,5.820766091346741e-11,299999.9990221113,0.0001,293.15,9.778880721671157e-13,1.0,1.0,1.0,1.0,1.0,1.0,293.15,1.0,POLISH,0.5510500184791901,293.18305376802107,1.0328916791899234e-09,1.2635690434567198e-09
healthy_25pct_400ms_sag,NO_CONNECTION,826,8.25,8.26,False,1.0,0.9999999999999998,GRID,3600000.0,1.0,False,188.49999999999972,0.00020000000048894372,199999.99902211135,5.820766091346741e-11,299999.9990221113,0.0001,293.15,9.778880721671157e-13,1.0,1.0,1.0,1.0,1.0,1.0,293.15,1.0,POLISH,0.5510489163904834,293.18331053625406,1.0329779289757587e-09,1.2738988227464775e-09
healthy_25pct_400ms_sag,NO_CONNECTION,827,8.26,8.27,False,1.0,0.9999999999999998,GRID,3600000.0,1.0,False,188.49999999999972,0.00020000000048894372,199999.99902211135,5.820766091346741e-11,299999.9990221113,0.0001,293.15,9.778880721671157e-13,1.0,1.0,1.0,1.0,1.0,1.0,293.15,1.0,POLISH,0.5510478143034144,293.18356718122755,1.0330619758271818e-09,1.2842294425047492e-09
healthy_25pct_400ms_sag,NO_CONNECTION,828,8.27,8.28,False,1.0,0.9999999999999998,GRID,3600000.0,1.0,False,188.49999999999972,0.00020000000048894372,199999.99902211135,5.820766091346741e-11,299999.9990221113,0.0001,293.15,9.778880721671157e-13,1.0,1.0,1.0,1.0,1.0,1.0,293.15,1.0,POLISH,0.5510467122180115,293.1838237029958,1.0331438755107536e-09,1.2945608812598568e-09
healthy_25pct_400ms_sag,NO_CONNECTION,829,8.28,8.290000000000001,False,1.0,0.9999999999999998,GRID,3600000.0,1.0,False,188.49999999999972,0.00020000000048894372,199999.99902211135,5.820766091346741e-11,299999.9990221113,0.0001,293.15,9.778880721671157e-13,1.0,1.0,1.0,1.0,1.0,1.0,293.15,1.0,POLISH,0.5510456101343015,293.18408010161346,1.0332236823645336e-09,1.3048931180835022e-09
healthy_25pct_400ms_sag,NO_CONNECTION,830,8.290000000000001,8.3,False,1.0,0.9999999999999998,GRID,3600000.0,1.0,False,188.49999999999972,0.00020000000048894372,199999.99902211135,5.820766091346741e-11,299999.9990221113,0.0001,293.15,9.778880721671157e-13,1.0,1.0,1.0,1.0,1.0,1.0,293.15,1.0,POLISH,0.5510445080523101,293.1843363771353,1.0333014493354871e-09,1.3152261325768572e-09
healthy_25pct_400ms_sag,NO_CONNECTION,831,8.3,8.31,False,1.0,0.9999999999999998,GRID,3600000.0,1.0,False,188.49999999999972,0.00020000000048894372,199999.99902211135,5.820766091346741e-11,299999.9990221113,0.0001,293.15,9.778880721671157e-13,1.0,1.0,1.0,1.0,1.0,1.0,293.15,1.0,POLISH,0.5510434059720614,293.1845925296165,1.033377228015878e-09,1.325559904857016e-09
healthy_25pct_400ms_sag,NO_CONNECTION,832,8.31,8.32,False,1.0,0.9999999999999998,GRID,3600000.0,1.0,False,188.49999999999972,0.00020000000048894372,199999.99902211135,5.820766091346741e-11,299999.9990221113,0.0001,293.15,9.778880721671157e-13,1.0,1.0,1.0,1.0,1.0,1.0,293.15,1.0,POLISH,0.5510423038935784,293.1848485591125,1.0334510686786687e-09,1.3358944155438027e-09
healthy_25pct_400ms_sag,NO_CONNECTION,833,8.32,8.33,False,1.0,0.9999999999999998,GRID,3600000.0,1.0,False,188.49999999999972,0.00020000000048894372,199999.99902211135,5.820766091346741e-11,299999.9990221113,0.0001,293.15,9.778880721671157e-13,1.0,1.0,1.0,1.0,1.0,1.0,293.15,1.0,POLISH,0.5510412018168833,293.18510446567893,1.0335230203119625e-09,1.3462296457469224e-09
healthy_25pct_400ms_sag,NO_CONNECTION,834,8.33,8.34,False,1.0,0.9999999999999998,GRID,3600000.0,1.0,False,188.49999999999972,0.00020000000048894372,199999.99902211135,5.820766091346741e-11,299999.9990221113,0.0001,293.15,9.778880721671157e-13,1.0,1.0,1.0,1.0,1.0,1.0,293.15,1.0,POLISH,0.5510400997419967,293.1853602493717,1.0335931306525107e-09,1.3565655770534474e-09
healthy_25pct_400ms_sag,NO_CONNECTION,835,8.34,8.35,False,1.0,0.9999999999999998,GRID,3600000.0,1.0,False,188.49999999999972,0.00020000000048894372,199999.99902211135,5.820766091346741e-11,299999.9990221113,0.0001,293.15,9.778880721671157e-13,1.0,1.0,1.0,1.0,1.0,1.0,293.15,1.0,POLISH,0.5510389976689385,293.1856159102469,1.0336614462183161e-09,1.3669021915156306e-09
healthy_25pct_400ms_sag,NO_CONNECTION,836,8.35,8.36,False,1.0,0.9999999999999998,GRID,3600000.0,1.0,False,188.49999999999972,0.00020000000048894372,199999.99902211135,5.820766091346741e-11,299999.9990221113,0.0001,293.15,9.778880721671157e-13,1.0,1.0,1.0,1.0,1.0,1.0,293.15,1.0,POLISH,0.5510378955977273,293.18587144836084,1.0337280123403526e-09,1.377239471639034e-09
healthy_25pct_400ms_sag,NO_CONNECTION,837,8.36,8.370000000000001,False,1.0,0.9999999999999998,GRID,3600000.0,1.0,False,188.49999999999972,0.00020000000048894372,199999.99902211135,5.820766091346741e-11,299999.9990221113,0.0001,293.15,9.778880721671157e-13,1.0,1.0,1.0,1.0,1.0,1.0,293.15,1.0,POLISH,0.5510367935283811,293.18612686376997,1.0337928731934352e-09,1.3875774003709683e-09
healthy_25pct_400ms_sag,NO_CONNECTION,838,8.370000000000001,8.38,False,1.0,0.9999999999999998,GRID,3600000.0,1.0,False,188.49999999999972,0.00020000000048894372,199999.99902211135,5.820766091346741e-11,299999.9990221113,0.0001,293.15,9.778880721671157e-13,1.0,1.0,1.0,1.0,1.0,1.0,293.15,1.0,POLISH,0.5510356914609168,293.186382156531,1.0338560718262558e-09,1.3979159610892309e-09
healthy_25pct_400ms_sag,NO_CONNECTION,839,8.38,8.39,False,1.0,0.9999999999999998,GRID,3600000.0,1.0,False,188.49999999999972,0.00020000000048894372,199999.99902211135,5.820766091346741e-11,299999.9990221113,0.0001,293.15,9.778880721671157e-13,1.0,1.0,1.0,1.0,1.0,1.0,293.15,1.0,POLISH,0.5510345893953505,293.1866373267008,1.033917650190613e-09,1.408255137591137e-09
healthy_25pct_400ms_sag,NO_CONNECTION,840,8.39,8.4,False,1.0,0.9999999999999998,GRID,3600000.0,1.0,False,188.49999999999972,0.00020000000048894372,199999.99902211135,5.820766091346741e-11,299999.9990221113,0.0001,293.15,9.778880721671157e-13,1.0,1.0,1.0,1.0,1.0,1.0,293.15,1.0,POLISH,0.5510334873316977,293.1868923743363,1.0339776491698581e-09,1.4185949140828356e-09
healthy_25pct_400ms_sag,NO_CONNECTION,841,8.4,8.41,False,1.0,0.9999999999999998,GRID,3600000.0,1.0,False,188.49999999999972,0.00020000000048894372,199999.99902211135,5.820766091346741e-11,299999.9990221113,0.0001,293.15,9.778880721671157e-13,1.0,1.0,1.0,1.0,1.0,1.0,293.15,1.0,POLISH,0.5510323852699726,293.1871472994947,1.0340361086065817e-09,1.4289352751689014e-09
healthy_25pct_400ms_sag,NO_CONNECTION,842,8.41,8.42,False,1.0,0.9999999999999998,GRID,3600000.0,1.0,False,188.49999999999972,0.00020000000048894372,199999.99902211135,5.820766091346741e-11,299999.9990221113,0.0001,293.15,9.778880721671157e-13,1.0,1.0,1.0,1.0,1.0,1.0,293.15,1.0,POLISH,0.5510312832101891,293.18740210223325,1.0340930673295555e-09,1.439276205842197e-09
healthy_25pct_400ms_sag,NO_CONNECTION,843,8.42,8.43,False,1.0,0.9999999999999998,GRID,3600000.0,1.0,False,188.49999999999972,0.00020000000048894372,199999.99902211135,5.820766091346741e-11,299999.9990221113,0.0001,293.15,9.778880721671157e-13,1.0,1.0,1.0,1.0,1.0,1.0,293.15,1.0,POLISH,0.5510301811523605,293.18765678260934,1.0341485631799577e-09,1.4496176914739966e-09
healthy_25pct_400ms_sag,NO_CONNECTION,844,8.43,8.44,False,1.0,0.9999999999999998,GRID,3600000.0,1.0,False,188.49999999999972,0.00020000000048894372,199999.99902211135,5.820766091346741e-11,299999.9990221113,0.0001,293.15,9.778880721671157e-13,1.0,1.0,1.0,1.0,1.0,1.0,293.15,1.0,POLISH,0.5510290790964991,293.1879113406805,1.0342026330369011e-09,1.4599597178043657e-09
healthy_25pct_400ms_sag,NO_CONNECTION,845,8.44,8.45,False,1.0,0.9999999999999998,GRID,3600000.0,1.0,False,188.49999999999972,0.00020000000048894372,199999.99902211135,5.820766091346741e-11,299999.9990221113,0.0001,293.15,9.778880721671157e-13,1.0,1.0,1.0,1.0,1.0,1.0,293.15,1.0,POLISH,0.5510279770426169,293.1881657765044,1.0342553128422769e-09,1.4703022709327884e-09
healthy_25pct_400ms_sag,NO_CONNECTION,846,8.45,8.46,False,1.0,0.9999999999999998,GRID,3600000.0,1.0,False,188.49999999999972,0.00020000000048894372,199999.99902211135,5.820766091346741e-11,299999.9990221113,0.0001,293.15,9.778880721671157e-13,1.0,1.0,1.0,1.0,1.0,1.0,293.15,1.0,POLISH,0.5510268749907249,293.18842009013866,1.0343066376249428e-09,1.4806453373090377e-09
healthy_25pct_400ms_sag,NO_CONNECTION,847,8.46,8.47,False,1.0,0.9999999999999998,GRID,3600000.0,1.0,False,188.49999999999972,0.00020000000048894372,199999.99902211135,5.820766091346741e-11,299999.9990221113,0.0001,293.15,9.778880721671157e-13,1.0,1.0,1.0,1.0,1.0,1.0,293.15,1.0,POLISH,0.5510257729408339,293.18867428164117,1.0343566415242662e-09,1.4909889037242803e-09
healthy_25pct_400ms_sag,NO_CONNECTION,848,8.47,8.48,False,1.0,0.9999999999999998,GRID,3600000.0,1.0,False,188.49999999999972,0.00020000000048894372,199999.99902211135,5.820766091346741e-11,299999.9990221113,0.0001,293.15,9.778880721671157e-13,1.0,1.0,1.0,1.0,1.0,1.0,293.15,1.0,POLISH,0.551024670892954,293.1889283510698,1.034405357813044e-09,1.5013329573024108e-09
healthy_25pct_400ms_sag,NO_CONNECTION,849,8.48,8.49,False,1.0,0.9999999999999998,GRID,3600000.0,1.0,False,188.49999999999972,0.00020000000048894372,199999.99902211135,5.820766091346741e-11,299999.9990221113,0.0001,293.15,9.778880721671157e-13,1.0,1.0,1.0,1.0,1.0,1.0,293.15,1.0,POLISH,0.551023568847095,293.18918229848254,1.0344528189198159e-09,1.511677485491609e-09
healthy_25pct_400ms_sag,NO_CONNECTION,850,8.49,8.5,False,1.0,0.9999999999999998,GRID,3600000.0,1.0,False,188.49999999999972,0.00020000000048894372,199999.99902211135,5.820766091346741e-11,299999.9990221113,0.0001,293.15,9.778880721671157e-13,1.0,1.0,1.0,1.0,1.0,1.0,293.15,1.0,POLISH,0.5510224668032659,293.1894361239374,1.0344990564505879e-09,1.5220224760561149e-09
healthy_25pct_400ms_sag,NO_CONNECTION,851,8.5,8.51,False,1.0,0.9999999999999998,GRID,3600000.0,1.0,False,188.49999999999972,0.00020000000048894372,199999.99902211135,5.820766091346741e-11,299999.9990221113,0.0001,293.15,9.778880721671157e-13,1.0,1.0,1.0,1.0,1.0,1.0,293.15,1.0,POLISH,0.5510213647614756,293.1896898274926,1.0345441012099823e-09,1.5323679170682146e-09
healthy_25pct_400ms_sag,NO_CONNECTION,852,8.51,8.52,False,1.0,0.9999999999999998,GRID,3600000.0,1.0,False,188.49999999999972,0.00020000000048894372,199999.99902211135,5.820766091346741e-11,299999.9990221113,0.0001,293.15,9.778880721671157e-13,1.0,1.0,1.0,1.0,1.0,1.0,293.15,1.0,POLISH,0.5510202627217321,293.18994340920625,1.0345879832218285e-09,1.542713796900433e-09
healthy_25pct_400ms_sag,NO_CONNECTION,853,8.52,8.53,False,1.0,0.9999999999999998,GRID,3600000.0,1.0,False,188.49999999999972,0.00020000000048894372,199999.99902211135,5.820766091346741e-11,299999.9990221113,0.0001,293.15,9.778880721671157e-13,1.0,1.0,1.0,1.0,1.0,1.0,293.15,1.0,POLISH,0.5510191606840434,293.19019686913657,1.0346307317492137e-09,1.553060104217925e-09
healthy_25pct_400ms_sag,NO_CONNECTION,854,8.53,8.540000000000001,False,1.0,0.9999999999999998,GRID,3600000.0,1.0,False,188.49999999999972,0.00020000000048894372,199999.99902211135,5.820766091346741e-11,299999.9990221113,0.0001,293.15,9.778880721671157e-13,1.0,1.0,1.0,1.0,1.0,1.0,293.15,1.0,POLISH,0.551018058648417,293.1904502073419,1.0346723753140036e-09,1.5634068279710652e-09
healthy_25pct_400ms_sag,NO_CONNECTION,855,8.540000000000001,8.55,False,1.0,0.9999999999999998,GRID,3600000.0,1.0,False,188.49999999999972,0.00020000000048894372,199999.99902211135,5.820766091346741e-11,299999.9990221113,0.0001,293.15,9.778880721671157e-13,1.0,1.0,1.0,1.0,1.0,1.0,293.15,1.0,POLISH,0.5510169566148599,293.19070342388045,1.0347129417158535e-09,1.5737539573882237e-09
healthy_25pct_400ms_sag,NO_CONNECTION,856,8.55,8.56,False,1.0,0.9999999999999998,GRID,3600000.0,1.0,False,188.49999999999972,0.00020000000048894372,199999.99902211135,5.820766091346741e-11,299999.9990221113,0.0001,293.15,9.778880721671157e-13,1.0,1.0,1.0,1.0,1.0,1.0,293.15,1.0,POLISH,0.5510158545833789,293.1909565188107,1.034752458050716e-09,1.584101481968731e-09
healthy_25pct_400ms_sag,NO_CONNECTION,857,8.56,8.57,False,1.0,0.9999999999999998,GRID,3600000.0,1.0,False,188.49999999999972,0.00020000000048894372,199999.99902211135,5.820766091346741e-11,299999.9990221113,0.0001,293.15,9.778880721671157e-13,1.0,1.0,1.0,1.0,1.0,1.0,293.15,1.0,POLISH,0.5510147525539804,293.19120949219104,1.0347909507288673e-09,1.5944493914760196e-09
healthy_25pct_400ms_sag,NO_CONNECTION,858,8.57,8.58,False,1.0,0.9999999999999998,GRID,3600000.0,1.0,False,188.49999999999972,0.00020000000048894372,199999.99902211135,5.820766091346741e-11,299999.9990221113,0.0001,293.15,9.778880721671157e-13,1.0,1.0,1.0,1.0,1.0,1.0,293.15,1.0,POLISH,0.5510136505266703,293.1914623440798,1.034828445492461e-09,1.6047976759309442e-09
healthy_25pct_400ms_sag,NO_CONNECTION,859,8.58,8.59,False,1.0,0.9999999999999998,GRID,3600000.0,1.0,False,188.49999999999972,0.00020000000048894372,199999.99902211135,5.820766091346741e-11,299999.9990221113,0.0001,293.15,9.778880721671157e-13,1.0,1.0,1.0,1.0,1.0,1.0,293.15,1.0,POLISH,0.5510125485014545,293.1917150745356,1.0348649674326184e-09,1.6151463256052704e-09
healthy_25pct_400ms_sag,NO_CONNECTION,860,8.59,8.6,False,1.0,0.9999999999999998,GRID,3600000.0,1.0,False,188.49999999999972,0.00020000000048894372,199999.99902211135,5.820766091346741e-11,299999.9990221113,0.0001,293.15,9.778880721671157e-13,1.0,1.0,1.0,1.0,1.0,1.0,293.15,1.0,POLISH,0.5510114464783386,293.1919676836168,1.034900541006079e-09,1.6254953310153312e-09
healthy_25pct_400ms_sag,NO_CONNECTION,861,8.6,8.61,False,1.0,0.9999999999999998,GRID,3600000.0,1.0,False,188.49999999999972,0.00020000000048894372,199999.99902211135,5.820766091346741e-11,299999.9990221113,0.0001,293.15,9.778880721671157e-13,1.0,1.0,1.0,1.0,1.0,1.0,293.15,1.0,POLISH,0.5510103444573277,293.1922201713819,1.0349351900514107e-09,1.6358446829158453e-09
healthy_25pct_400ms_sag,NO_CONNECTION,862,8.61,8.620000000000001,False,1.0,0.9999999999999998,GRID,3600000.0,1.0,False,188.49999999999972,0.00020000000048894372,199999.99902211135,5.820766091346741e-11,299999.9990221113,0.0001,293.15,9.778880721671157e-13,1.0,1.0,1.0,1.0,1.0,1.0,293.15,1.0,POLISH,0.5510092424384266,293.19247253788944,1.0349689378047998e-09,1.6461943722938933e-09
healthy_25pct_400ms_sag,NO_CONNECTION,863,8.620000000000001,8.63,False,1.0,0.9999999999999998,GRID,3600000.0,1.0,False,188.49999999999972,0.00020000000048894372,199999.99902211135,5.820766091346741e-11,299999.9990221113,0.0001,293.15,9.778880721671157e-13,1.0,1.0,1.0,1.0,1.0,1.0,293.15,1.0,POLISH,0.5510081404216403,293.192724783198,1.0350018069154303e-09,1.6565443903630476e-09
healthy_25pct_400ms_sag,NO_CONNECTION,864,8.63,8.64,False,1.0,0.9999999999999998,GRID,3600000.0,1.0,False,188.49999999999972,0.00020000000048894372,199999.99902211135,5.820766091346741e-11,299999.9990221113,0.0001,293.15,9.778880721671157e-13,1.0,1.0,1.0,1.0,1.0,1.0,293.15,1.0,POLISH,0.5510070384069731,293.1929769073661,1.0350338194604596e-09,1.6668947285576522e-09
healthy_25pct_400ms_sag,NO_CONNECTION,865,8.64,8.65,False,1.0,0.9999999999999998,GRID,3600000.0,1.0,False,188.49999999999972,0.00020000000048894372,199999.99902211135,5.820766091346741e-11,299999.9990221113,0.0001,293.15,9.778880721671157e-13,1.0,1.0,1.0,1.0,1.0,1.0,293.15,1.0,POLISH,0.5510059363944292,293.1932289104522,1.035064996959609e-09,1.6772453785272482e-09
healthy_25pct_400ms_sag,NO_CONNECTION,866,8.65,8.66,False,1.0,0.9999999999999998,GRID,3600000.0,1.0,False,188.49999999999972,0.00020000000048894372,199999.99902211135,5.820766091346741e-11,299999.9990221113,0.0001,293.15,9.778880721671157e-13,1.0,1.0,1.0,1.0,1.0,1.0,293.15,1.0,POLISH,0.5510048343840127,293.19348079251495,1.0350953603893718e-09,1.687596332131142e-09
healthy_25pct_400ms_sag,NO_CONNECTION,867,8.66,8.67,False,1.0,0.9999999999999998,GRID,3600000.0,1.0,False,188.49999999999972,0.00020000000048894372,199999.99902211135,5.820766091346741e-11,299999.9990221113,0.0001,293.15,9.778880721671157e-13,1.0,1.0,1.0,1.0,1.0,1.0,293.15,1.0,POLISH,0.5510037323757274,293.1937325536129,1.035124930196856e-09,1.6979475814331106e-09
healthy_25pct_400ms_sag,NO_CONNECTION,868,8.67,8.68,False,1.0,0.9999999999999998,GRID,3600000.0,1.0,False,188.49999999999972,0.00020000000048894372,199999.99902211135,5.820766091346741e-11,299999.9990221113,0.0001,293.15,9.778880721671157e-13,1.0,1.0,1.0,1.0,1.0,1.0,293.15,1.0,POLISH,0.551002630369577,293.19398419380457,1.0351537263132622e-09,1.7082991186962432e-09
healthy_25pct_400ms_sag,NO_CONNECTION,869,8.68,8.69,False,1.0,0.9999999999999998,GRID,3600000.0,1.0,False,188.49999999999972,0.00020000000048894372,199999.99902211135,5.820766091346741e-11,299999.9990221113,0.0001,293.15,9.778880721671157e-13,1.0,1.0,1.0,1.0,1.0,1.0,293.15,1.0,POLISH,0.5510015283655648,293.1942357131485,1.0351817681670202e-09,1.7186509363779133e-09
healthy_25pct_400ms_sag,NO_CONNECTION,870,8.69,8.700000000000001,False,1.0,0.9999999999999998,GRID,3600000.0,1.0,False,188.49999999999972,0.00020000000048894372,199999.99902211135,5.820766091346741e-11,299999.9990221113,0.0001,293.15,9.778880721671157e-13,1.0,1.0,1.0,1.0,1.0,1.0,293.15,1.0,POLISH,0.5510004263636943,293.19448711170327,1.0352090746965795e-09,1.7290030271248792e-09
healthy_25pct_400ms_sag,NO_CONNECTION,871,8.700000000000001,8.71,False,1.0,0.9999999999999998,GRID,3600000.0,1.0,False,188.49999999999972,0.00020000000048894372,199999.99902211135,5.820766091346741e-11,299999.9990221113,0.0001,293.15,9.778880721671157e-13,1.0,1.0,1.0,1.0,1.0,1.0,293.15,1.0,POLISH,0.5509993243639684,293.1947383895274,1.0352356643628702e-09,1.7393553837685079e-09
healthy_25pct_400ms_sag,NO_CONNECTION,872,8.71,8.72,False,1.0,0.9999999999999998,GRID,3600000.0,1.0,False,188.49999999999972,0.00020000000048894372,199999.99902211135,5.820766091346741e-11,299999.9990221113,0.0001,293.15,9.778880721671157e-13,1.0,1.0,1.0,1.0,1.0,1.0,293.15,1.0,POLISH,0.5509982223663902,293.19498954667944,1.0352615551614437e-09,1.7497079993201224e-09
healthy_25pct_400ms_sag,NO_CONNECTION,873,8.72,8.73,False,1.0,0.9999999999999998,GRID,3600000.0,1.0,False,188.49999999999972,0.00020000000048894372,199999.99902211135,5.820766091346741e-11,299999.9990221113,0.0001,293.15,9.778880721671157e-13,1.0,1.0,1.0,1.0,1.0,1.0,293.15,1.0,POLISH,0.5509971203709624,293.19524058321787,1.0352867646342985e-09,1.7600608669664654e-09
healthy_25pct_400ms_sag,NO_CONNECTION,874,8.73,8.74,False,1.0,0.9999999999999998,GRID,3600000.0,1.0,False,188.49999999999972,0.00020000000048894372,199999.99902211135,5.820766091346741e-11,299999.9990221113,0.0001,293.15,9.778880721671157e-13,1.0,1.0,1.0,1.0,1.0,1.0,293.15,1.0,POLISH,0.5509960183776877,293.19549149920124,1.0353113098814008e-09,1.7704139800652795e-09
healthy_25pct_400ms_sag,NO_CONNECTION,875,8.74,8.75,False,1.0,0.9999999999999998,GRID,3600000.0,1.0,False,188.49999999999972,0.00020000000048894372,199999.99902211135,5.820766091346741e-11,299999.9990221113,0.0001,293.15,9.778880721671157e-13,1.0,1.0,1.0,1.0,1.0,1.0,293.15,1.0,POLISH,0.5509949163865688,293.19574229468805,1.0353352075719081e-09,1.7807673321409985e-09
healthy_25pct_400ms_sag,NO_CONNECTION,876,8.75,8.76,False,1.0,0.9999999999999998,GRID,3600000.0,1.0,False,188.49999999999972,0.00020000000048894372,199999.99902211135,5.820766091346741e-11,299999.9990221113,0.0001,293.15,9.778880721671157e-13,1.0,1.0,1.0,1.0,1.0,1.0,293.15,1.0,POLISH,0.550993814397608,293.1959929697367,1.0353584739551042e-09,1.7911209168805496e-09
healthy_25pct_400ms_sag,NO_CONNECTION,877,8.76,8.77,False,1.0,0.9999999999999998,GRID,3600000.0,1.0,False,188.49999999999972,0.00020000000048894372,199999.99902211135,5.820766091346741e-11,299999.9990221113,0.0001,293.15,9.778880721671157e-13,1.0,1.0,1.0,1.0,1.0,1.0,293.15,1.0,POLISH,0.5509927124108075,293.19624352440576,1.0353811248710528e-09,1.80147472812926e-09
healthy_25pct_400ms_sag,NO_CONNECTION,878,8.77,8.78,False,1.0,0.9999999999999998,GRID,3600000.0,1.0,False,188.49999999999972,0.00020000000048894372,199999.99902211135,5.820766091346741e-11,299999.9990221113,0.0001,293.15,9.778880721671157e-13,1.0,1.0,1.0,1.0,1.0,1.0,293.15,1.0,POLISH,0.5509916104261696,293.1964939587536,1.0354031757609747e-09,1.8118287598868698e-09
healthy_25pct_400ms_sag,NO_CONNECTION,879,8.78,8.790000000000001,False,1.0,0.9999999999999998,GRID,3600000.0,1.0,False,188.49999999999972,0.00020000000048894372,199999.99902211135,5.820766091346741e-11,299999.9990221113,0.0001,293.15,9.778880721671157e-13,1.0,1.0,1.0,1.0,1.0,1.0,293.15,1.0,POLISH,0.5509905084436963,293.19674427283866,1.0354246416773615e-09,1.8221830063036435e-09
healthy_25pct_400ms_sag,NO_CONNECTION,880,8.790000000000001,8.8,False,1.0,0.9999999999999998,GRID,3600000.0,1.0,False,188.49999999999972,0.00020000000048894372,199999.99902211135,5.820766091346741e-11,299999.9990221113,0.0001,293.15,9.778880721671157e-13,1.0,1.0,1.0,1.0,1.0,1.0,293.15,1.0,POLISH,0.5509894064633897,293.19699446671933,1.0354455372938277e-09,1.8325374616765818e-09
healthy_25pct_400ms_sag,NO_CONNECTION,881,8.8,8.81,False,1.0,0.9999999999999998,GRID,3600000.0,1.0,False,188.49999999999972,0.00020000000048894372,199999.99902211135,5.820766091346741e-11,299999.9990221113,0.0001,293.15,9.778880721671157e-13,1.0,1.0,1.0,1.0,1.0,1.0,293.15,1.0,POLISH,0.5509883044852515,293.19724454045405,1.0354658769147094e-09,1.842892120445729e-09
healthy_25pct_400ms_sag,NO_CONNECTION,882,8.81,8.82,False,1.0,0.9999999999999998,GRID,3600000.0,1.0,False,188.49999999999972,0.00020000000048894372,199999.99902211135,5.820766091346741e-11,299999.9990221113,0.0001,293.15,9.778880721671157e-13,1.0,1.0,1.0,1.0,1.0,1.0,293.15,1.0,POLISH,0.5509872025092835,293.19749449410114,1.0354856744844185e-09,1.853246977190573e-09
healthy_25pct_400ms_sag,NO_CONNECTION,883,8.82,8.83,False,1.0,0.9999999999999998,GRID,3600000.0,1.0,False,188.49999999999972,0.00020000000048894372,199999.99902211135,5.820766091346741e-11,299999.9990221113,0.0001,293.15,9.778880721671157e-13,1.0,1.0,1.0,1.0,1.0,1.0,293.15,1.0,POLISH,0.5509861005354874,293.1977443277189,1.0355049435965535e-09,1.8636020266265385e-09
healthy_25pct_400ms_sag,NO_CONNECTION,884,8.83,8.84,False,1.0,0.9999999999999998,GRID,3600000.0,1.0,False,188.49999999999972,0.00020000000048894372,199999.99902211135,5.820766091346741e-11,299999.9990221113,0.0001,293.15,9.778880721671157e-13,1.0,1.0,1.0,1.0,1.0,1.0,293.15,1.0,POLISH,0.5509849985638647,293.1979940413657,1.0355236975027834e-09,1.873957263601566e-09
healthy_25pct_400ms_sag,NO_CONNECTION,885,8.84,8.85,False,1.0,0.9999999999999998,GRID,3600000.0,1.0,False,188.49999999999972,0.00020000000048894372,199999.99902211135,5.820766091346741e-11,299999.9990221113,0.0001,293.15,9.778880721671157e-13,1.0,1.0,1.0,1.0,1.0,1.0,293.15,1.0,POLISH,0.5509838965944172,293.1982436350998,1.0355419491214942e-09,1.884312683092781e-09
healthy_25pct_400ms_sag,NO_CONNECTION,886,8.85,8.86,False,1.0,0.9999999999999998,GRID,3600000.0,1.0,False,188.49999999999972,0.00020000000048894372,199999.99902211135,5.820766091346741e-11,299999.9990221113,0.0001,293.15,9.778880721671157e-13,1.0,1.0,1.0,1.0,1.0,1.0,293.15,1.0,POLISH,0.550982794627146,293.19849310897945,1.0355597110462255e-09,1.8946682802032435e-09
healthy_25pct_400ms_sag,NO_CONNECTION,887,8.86,8.870000000000001,False,1.0,0.9999999999999998,GRID,3600000.0,1.0,False,188.49999999999972,0.00020000000048894372,199999.99902211135,5.820766091346741e-11,299999.9990221113,0.0001,293.15,9.778880721671157e-13,1.0,1.0,1.0,1.0,1.0,1.0,293.15,1.0,POLISH,0.5509816926620528,293.1987424630629,1.0355769955538806e-09,1.9050240501587824e-09
healthy_25pct_400ms_sag,NO_CONNECTION,888,8.870000000000001,8.88,False,1.0,0.9999999999999998,GRID,3600000.0,1.0,False,188.49999999999972,0.00020000000048894372,199999.99902211135,5.820766091346741e-11,299999.9990221113,0.0001,293.15,9.778880721671157e-13,1.0,1.0,1.0,1.0,1.0,1.0,293.15,1.0,POLISH,0.5509805906991386,293.19899169740836,1.0355938146127354e-09,1.91537998830491e-09
healthy_25pct_400ms_sag,NO_CONNECTION,889,8.88,8.89,False,1.0,0.9999999999999998,GRID,3600000.0,1.0,False,188.49999999999972,0.00020000000048894372,199999.99902211135,5.820766091346741e-11,299999.9990221113,0.0001,293.15,9.778880721671157e-13,1.0,1.0,1.0,1.0,1.0,1.0,293.15,1.0,POLISH,0.5509794887384049,293.199240812074,1.0356101798902353e-09,1.925736090103812e-09
healthy_25pct_400ms_sag,NO_CONNECTION,890,8.89,8.9,False,1.0,0.9999999999999998,GRID,3600000.0,1.0,False,188.49999999999972,0.00020000000048894372,199999.99902211135,5.820766091346741e-11,299999.9990221113,0.0001,293.15,9.778880721671157e-13,1.0,1.0,1.0,1.0,1.0,1.0,293.15,1.0,POLISH,0.5509783867798526,293.1994898071179,1.035626102760601e-09,1.936092351131418e-09
healthy_25pct_400ms_sag,NO_CONNECTION,891,8.9,8.91,False,1.0,0.9999999999999998,GRID,3600000.0,1.0,False,188.49999999999972,0.00020000000048894372,199999.99902211135,5.820766091346741e-11,299999.9990221113,0.0001,293.15,9.778880721671157e-13,1.0,1.0,1.0,1.0,1.0,1.0,293.15,1.0,POLISH,0.550977284823483,293.1997386825983,1.0356415943122305e-09,1.9464487670745402e-09
healthy_25pct_400ms_sag,NO_CONNECTION,892,8.91,8.92,False,1.0,0.9999999999999998,GRID,3600000.0,1.0,False,188.49999999999972,0.00020000000048894372,199999.99902211135,5.820766091346741e-11,299999.9990221113,0.0001,293.15,9.778880721671157e-13,1.0,1.0,1.0,1.0,1.0,1.0,293.15,1.0,POLISH,0.5509761828692971,293.1999874385732,1.0356566653549217e-09,1.9568053337280894e-09
healthy_25pct_400ms_sag,NO_CONNECTION,893,8.92,8.93,False,1.0,0.9999999999999998,GRID,3600000.0,1.0,False,188.49999999999972,0.00020000000048894372,199999.99902211135,5.820766091346741e-11,299999.9990221113,0.0001,293.15,9.778880721671157e-13,1.0,1.0,1.0,1.0,1.0,1.0,293.15,1.0,POLISH,0.5509750809172959,293.2002360751007,1.0356713264269035e-09,1.9671620469923584e-09
healthy_25pct_400ms_sag,NO_CONNECTION,894,8.93,8.94,False,1.0,0.9999999999999998,GRID,3600000.0,1.0,False,188.49999999999972,0.00020000000048894372,199999.99902211135,5.820766091346741e-11,299999.9990221113,0.0001,293.15,9.778880721671157e-13,1.0,1.0,1.0,1.0,1.0,1.0,293.15,1.0,POLISH,0.5509739789674803,293.20048459223875,1.0356855878016924e-09,1.977518902870375e-09
healthy_25pct_400ms_sag,NO_CONNECTION,895,8.94,8.950000000000001,False,1.0,0.9999999999999998,GRID,3600000.0,1.0,False,188.49999999999972,0.00020000000048894372,199999.99902211135,5.820766091346741e-11,299999.9990221113,0.0001,293.15,9.778880721671157e-13,1.0,1.0,1.0,1.0,1.0,1.0,293.15,1.0,POLISH,0.5509728770198514,293.2007329900454,1.0356994594947725e-09,1.987875897465323e-09
healthy_25pct_400ms_sag,NO_CONNECTION,896,8.950000000000001,8.96,False,1.0,0.9999999999999998,GRID,3600000.0,1.0,False,188.49999999999972,0.00020000000048894372,199999.99902211135,5.820766091346741e-11,299999.9990221113,0.0001,293.15,9.778880721671157e-13,1.0,1.0,1.0,1.0,1.0,1.0,293.15,1.0,POLISH,0.55097177507441,293.2009812685787,1.035712951270104e-09,1.998233026978024e-09
healthy_25pct_400ms_sag,NO_CONNECTION,897,8.96,8.97,False,1.0,0.9999999999999998,GRID,3600000.0,1.0,False,188.49999999999972,0.00020000000048894372,199999.99902211135,5.820766091346741e-11,299999.9990221113,0.0001,293.15,9.778880721671157e-13,1.0,1.0,1.0,1.0,1.0,1.0,293.15,1.0,POLISH,0.5509706731311568,293.2012294278964,1.0357260726464715e-09,2.008590287704489e-09
healthy_25pct_400ms_sag,NO_CONNECTION,898,8.97,8.98,False,1.0,0.9999999999999998,GRID,3600000.0,1.0,False,188.49999999999972,0.00020000000048894372,199999.99902211135,5.820766091346741e-11,299999.9990221113,0.0001,293.15,9.778880721671157e-13,1.0,1.0,1.0,1.0,1.0,1.0,293.15,1.0,POLISH,0.5509695711900926,293.2014774680565,1.0357388329036618e-09,2.0189476760335254e-09
healthy_25pct_400ms_sag,NO_CONNECTION,899,8.98,8.99,False,1.0,0.9999999999999998,GRID,3600000.0,1.0,False,188.49999999999972,0.00020000000048894372,199999.99902211135,5.820766091346741e-11,299999.9990221113,0.0001,293.15,9.778880721671157e-13,1.0,1.0,1.0,1.0,1.0,1.0,293.15,1.0,POLISH,0.5509684692512182,293.20172538911686,1.0357512410884942e-09,2.0293051884444105e-09
healthy_25pct_400ms_sag,NO_CONNECTION,900,8.99,9.0,False,1.0,0.9999999999999998,GRID,3600000.0,1.0,False,188.49999999999972,0.00020000000048894372,199999.99902211135,5.820766091346741e-11,299999.9990221113,0.0001,293.15,9.778880721671157e-13,1.0,1.0,1.0,1.0,1.0,1.0,293.15,1.0,POLISH,0.5509673673145343,293.2019731911353,1.0357633060206899e-09,2.0396628215046173e-09
healthy_25pct_400ms_sag,DRESSING_WATER_SUPPORT,1,0.0,0.01,False,1.0,1.0,GRID,3600000.0,1.0,False,188.49995111039513,0.00020000082829812828,199998.13591130078,0.0,299998.2218258083,0.0001,293.15,-9.049260353641732e-13,1.0,1.0,1.0,1.0,1.0,1.0,293.15,1.0,DRESS,0.50009,293.15,0.0,0.0
healthy_25pct_400ms_sag,DRESSING_WATER_SUPPORT,2,0.01,0.02,False,1.0,1.0,GRID,3600000.0,1.0,False,188.49995355487536,0.000200000790528252,199998.22182580832,2.9103830456733704e-11,299998.30378219485,0.0001,293.15,-4.90576754566549e-13,1.0,1.0,1.0,1.0,1.0,1.0,293.15,1.0,DRESS,0.5001799837820032,293.15,0.0,0.0
healthy_25pct_400ms_sag,DRESSING_WATER_SUPPORT,3,0.02,0.03,False,1.0,1.0,GRID,3600000.0,1.0,False,188.49995587713158,0.00020000075447806147,199998.30378219482,-2.9103830456733704e-11,299998.38195508346,0.0001,293.15,4.274760395925176e-14,1.0,1.0,1.0,1.0,1.0,1.0,293.15,1.0,DRESS,0.5002699513489355,293.15,0.0,0.0
healthy_25pct_400ms_sag,DRESSING_WATER_SUPPORT,4,0.03,0.04,False,1.0,1.0,GRID,3600000.0,1.0,False,188.499958083275,0.00020000072007321434,199998.3819550835,2.9103830456733704e-11,299998.4565190971,0.0001,293.15,5.333931874743185e-13,1.0,1.0,1.0,1.0,1.0,1.0,293.15,1.0,DRESS,0.5003599027037219,293.15,0.0,0.0
healthy_25pct_400ms_sag,DRESSING_WATER_SUPPORT,5,0.04,0.05,False,1.0,1.0,GRID,3600000.0,1.0,False,188.49996017911124,0.00020000068723871993,199998.45651909706,-2.9103830456733704e-11,299998.5276488587,0.0001,293.15,8.190578445511165e-13,1.0,1.0,1.0,1.0,1.0,1.0,293.15,1.0,DRESS,0.5004498378492871,293.15,0.0,0.0
healthy_25pct_400ms_sag,DRESSING_WATER_SUPPORT,6,0.05,0.06,False,1.0,1.0,GRID,3600000.0,1.0,False,188.49996217015567,0.00020000065589897146,199998.5276488587,-2.9103830456733704e-11,299998.59551899135,0.0001,293.15,7.368232716672808e-13,1.0,1.0,1.0,1.0,1.0,1.0,293.15,1.0,DRESS,0.5005397567885552,293.15,0.0,0.0
healthy_25pct_400ms_sag,DRESSING_WATER_SUPPORT,7,0.06,0.07,False,1.0,1.0,GRID,3600000.0,1.0,False,188.4999640616479,0.00020000062597777684,199998.59551899135,0.0,299998.66030411795,0.0001,293.15,1.2318592652005916e-13,1.0,1.0,1.0,1.0,1.0,1.0,293.15,1.0,DRESS,0.5006296595244499,293.15,0.0,0.0
healthy_25pct_400ms_sag,DRESSING_WATER_SUPPORT,8,0.07,0.08,False,1.0,1.0,GRID,3600000.0,1.0,False,188.4999658585655,0.00020000059739838798,199998.66030411798,2.9103830456733704e-11,299998.72212065384,0.0001,293.15,7.343260114445962e-15,1.0,1.0,1.0,1.0,1.0,1.0,293.15,1.0,DRESS,0.5007195460598943,293.15,0.0,0.0
healthy_25pct_400ms_sag,DRESSING_WATER_SUPPORT,9,0.08,0.09,False,1.0,1.0,GRID,3600000.0,1.0,False,188.49996756563723,0.00020000057011263246,199998.72212065384,0.0,299998.78108501434,0.0001,293.15,2.829151713248024e-13,1.0,1.0,1.0,1.0,1.0,1.0,293.15,1.0,DRESS,0.5008094163978108,293.15,0.0,0.0
healthy_25pct_400ms_sag,DRESSING_WATER_SUPPORT,10,0.09,0.1,False,1.0,1.0,GRID,3600000.0,1.0,False,188.49996918735536,0.00020000054407183582,199998.78108501434,0.0,299998.8373136148,0.0001,293.15,8.43019573419629e-13,1.0,1.0,1.0,1.0,1.0,1.0,293.15,1.0,DRESS,0.5008992705411216,293.15,0.0,0.0
healthy_25pct_400ms_sag,DRESSING_WATER_SUPPORT,11,0.1,0.11,False,1.0,1.0,GRID,3600000.0,1.0,False,188.4999707279876,0.00020000051922684726,199998.8373136148,0.0,299998.89098107815,0.0001,293.15,3.8704094128860966e-13,1.0,1.0,1.0,1.0,1.0,1.0,293.15,1.0,DRESS,0.5009891084927481,293.15,0.0,0.0
healthy_25pct_400ms_sag,DRESSING_WATER_SUPPORT,12,0.11,0.12,False,1.0,1.0,GRID,3600000.0,1.0,False,188.49997219158823,0.00020000049549895912,199998.89098107818,2.9103830456733704e-11,299998.94220381975,0.0001,293.15,-5.778283396475709e-14,1.0,1.0,1.0,1.0,1.0,1.0,293.15,1.0,DRESS,0.5010789302556113,293.15,0.0,0.0
healthy_25pct_400ms_sag,DRESSING_WATER_SUPPORT,13,0.12,0.13,False,1.0,1.0,GRID,3600000.0,1.0,False,188.4999735820088,0.00020000047283813736,199998.94220381975,0.0,299998.9910982549,0.0001,293.15,-5.99693455701322e-13,1.0,1.0,1.0,1.0,1.0,1.0,293.15,1.0,DRESS,0.5011687358326317,293.15,0.0,0.0
healthy_25pct_400ms_sag,DRESSING_WATER_SUPPORT,14,0.13,0.14,False,1.0,1.0,GRID,3600000.0,1.0,False,188.49997490290838,0.00020000045119393932,199998.99109825492,0.0,299999.0377225913,0.0001,293.15,-1.5408418247914462e-13,1.0,1.0,1.0,1.0,1.0,1.0,293.15,1.0,DRESS,0.5012585252267291,293.15,0.0,0.0
healthy_25pct_400ms_sag,DRESSING_WATER_SUPPORT,15,0.14,0.15,False,1.0,1.0,GRID,3600000.0,1.0,False,188.49997615776294,0.0002000004305446376,199999.0377225913,0.0,299999.08219324425,0.0001,293.15,3.495671254624316e-14,1.0,1.0,1.0,1.0,1.0,1.0,293.15,1.0,DRESS,0.5013482984408228,293.15,0.0,0.0
healthy_25pct_400ms_sag,DRESSING_WATER_SUPPORT,16,0.15,0.16,False,1.0,1.0,GRID,3600000.0,1.0,False,188.4999773498748,0.00020000041083903262,199999.08219324428,2.9103830456733704e-11,299999.12462662905,0.0001,293.15,-1.4197803197870254e-13,1.0,1.0,1.0,1.0,1.0,1.0,293.15,1.0,DRESS,0.5014380554778319,293.15,0.0,0.0
healthy_25pct_400ms_sag,DRESSING_WATER_SUPPORT,17,0.16,0.17,False,1.0,1.0,GRID,3600000.0,1.0,False,188.49997848238107,0.00020000039202557404,199999.12462662905,0.0,299999.16513916105,0.0001,293.15,-7.946464032583145e-13,1.0,1.0,1.0,1.0,1.0,1.0,293.15,1.0,DRESS,0.5015277963406747,293.15,0.0,0.0
healthy_25pct_400ms_sag,DRESSING_WATER_SUPPORT,18,0.17,0.18,False,1.0,1.0,GRID,3600000.0,1.0,False,188.49997955826203,0.00020000037405237873,199999.16513916108,2.9103830456733704e-11,299999.2037890479,0.0001,293.15,-8.398821444095437e-13,1.0,1.0,1.0,1.0,1.0,1.0,293.15,1.0,DRESS,0.5016175210322689,293.15,0.0,0.0
healthy_25pct_400ms_sag,DRESSING_WATER_SUPPORT,19,0.18,0.19,False,1.0,1.0,GRID,3600000.0,1.0,False,188.49998058034893,0.0002000003568963511,199999.2037890479,0.0,299999.2405762896,0.0001,293.15,8.633723559214895e-13,1.0,1.0,1.0,1.0,1.0,1.0,293.15,1.0,DRESS,0.5017072295555317,293.15,0.0,0.0
healthy_25pct_400ms_sag,DRESSING_WATER_SUPPORT,20,0.19,0.2,False,1.0,1.0,GRID,3600000.0,1.0,False,188.49998155133147,0.0002000003405631989,199999.2405762896,0.0,299999.2757337168,0.0001,293.15,-4.5220332036203095e-13,1.0,1.0,1.0,1.0,1.0,1.0,293.15,1.0,DRESS,0.5017969219133801,293.15,0.0,0.0
healthy_25pct_400ms_sag,DRESSING_WATER_SUPPORT,21,0.2,0.21,False,1.0,1.0,GRID,3600000.0,1.0,False,188.4999824737649,0.00020000032494192955,199999.2757337168,0.0,299999.3092613295,0.0001,293.15,-2.4098892261075216e-13,1.0,1.0,1.0,1.0,1.0,1.0,293.15,1.0,DRESS,0.5018865981087302,293.15,0.0,0.0
healthy_25pct_400ms_sag,DRESSING_WATER_SUPPORT,22,0.21,0.22,False,1.0,1.0,GRID,3600000.0,1.0,False,188.49998335007666,0.0002000003100376942,199999.3092613295,2.9103830456733704e-11,299999.341275543,0.0001,293.15,-8.843473371135391e-13,1.0,1.0,1.0,1.0,1.0,1.0,293.15,1.0,DRESS,0.5019762581444976,293.15,0.0,0.0
healthy_25pct_400ms_sag,DRESSING_WATER_SUPPORT,23,0.22,0.23,False,1.0,1.0,GRID,3600000.0,1.0,False,188.49998418257283,0.00020000029579717897,199999.34127554297,0.0,299999.3717763573,0.0001,293.15,-1.0728606154519466e-13,1.0,1.0,1.0,1.0,1.0,1.0,293.15,1.0,DRESS,0.5020659020235977,293.15,0.0,0.0
healthy_25pct_400ms_sag,DRESSING_WATER_SUPPORT,24,0.23,0.24,False,1.0,1.0,GRID,3600000.0,1.0,False,188.49998497344419,0.0002000002822250329,199999.37177635735,5.820766091346741e-11,299999.40088018775,0.0001,293.15,-2.9167011687813993e-13,1.0,1.0,1.0,1.0,1.0,1.0,293.15,1.0,DRESS,0.502155529748945,293.15,0.0,0.0
healthy_25pct_400ms_sag,DRESSING_WATER_SUPPORT,25,0.24,0.25,False,1.0,1.0,GRID,3600000.0,1.0,False,188.499985724772,0.000200000269267465,199999.4008801878,5.820766091346741e-11,299999.42858703434,0.0001,293.15,8.370159231517708e-13,1.0,1.0,1.0,1.0,1.0,1.0,293.15,1.0,DRESS,0.5022451413234535,293.15,0.0,0.0
healthy_25pct_400ms_sag,DRESSING_WATER_SUPPORT,26,0.25,0.26,False,1.0,1.0,GRID,3600000.0,1.0,False,188.4999864385334,0.0002000002569286709,199999.4285870343,-5.820766091346741e-11,299999.4550133124,0.0001,293.15,8.964535971184254e-13,1.0,1.0,1.0,1.0,1.0,1.0,293.15,1.0,DRESS,0.502334736750037,293.15,0.0,0.0
healthy_25pct_400ms_sag,DRESSING_WATER_SUPPORT,27,0.26,0.27,False,1.0,1.0,GRID,3600000.0,1.0,False,188.49998711660672,0.00020000024515442886,199999.4550133124,0.0,299999.48027543724,0.0001,293.15,-2.2578648857256728e-13,1.0,1.0,1.0,1.0,1.0,1.0,293.15,1.0,DRESS,0.5024243160316085,293.15,0.0,0.0
healthy_25pct_400ms_sag,DRESSING_WATER_SUPPORT,28,0.27,0.28,False,1.0,1.0,GRID,3600000.0,1.0,False,188.49998776077638,0.00020000023389031817,199999.4802754372,-2.9103830456733704e-11,299999.50437340885,0.0001,293.15,-2.5581862583136824e-13,1.0,1.0,1.0,1.0,1.0,1.0,293.15,1.0,DRESS,0.5025138791710805,293.15,0.0,0.0
healthy_25pct_400ms_sag,DRESSING_WATER_SUPPORT,29,0.28,0.29,False,1.0,1.0,GRID,3600000.0,1.0,False,188.49998837273756,0.0002000002231399359,199999.50437340885,0.0,299999.52730722725,0.0001,293.15,8.099542699946803e-13,1.0,1.0,1.0,1.0,1.0,1.0,293.15,1.0,DRESS,0.502603426171365,293.15,0.0,0.0
healthy_25pct_400ms_sag,DRESSING_WATER_SUPPORT,30,0.29,0.3,False,1.0,1.0,GRID,3600000.0,1.0,False,188.49998895410067,0.00020000021290669958,199999.52730722725,0.0,299999.54919330776,0.0001,293.15,5.884356191329038e-13,1.0,1.0,1.0,1.0,1.0,1.0,293.15,1.0,DRESS,0.5026929570353735,293.15,0.0,0.0
healthy_25pct_400ms_sag,DRESSING_WATER_SUPPORT,31,0.3,0.31,False,1.0,1.0,GRID,3600000.0,1.0,False,188.49998950639565,0.00020000020313564812,199999.54919330773,-2.9103830456733704e-11,299999.570089858,0.0001,293.15,1.5971375047151282e-13,1.0,1.0,1.0,1.0,1.0,1.0,293.15,1.0,DRESS,0.5027824717660171,293.15,0.0,0.0
healthy_25pct_400ms_sag,DRESSING_WATER_SUPPORT,32,0.31,0.32,False,1.0,1.0,GRID,3600000.0,1.0,False,188.49999003107587,0.00020000019380076196,199999.57008985805,2.9103830456733704e-11,299999.5900550857,0.0001,293.15,-5.313347765240248e-13,1.0,1.0,1.0,1.0,1.0,1.0,293.15,1.0,DRESS,0.5028719703662061,293.15,0.0,0.0
healthy_25pct_400ms_sag,DRESSING_WATER_SUPPORT,33,0.32,0.33,False,1.0,1.0,GRID,3600000.0,1.0,False,188.49999052952208,0.00020000018487586734,199999.59005508572,0.0,299999.6090307832,0.0001,293.15,8.465265852663434e-13,1.0,1.0,1.0,1.0,1.0,1.0,293.15,1.0,DRESS,0.5029614528388505,293.15,0.0,0.0
healthy_25pct_400ms_sag,DRESSING_WATER_SUPPORT,34,0.33,0.34,False,1.0,1.0,GRID,3600000.0,1.0,False,188.49999100304598,0.00020000017639285145,199999.60903078318,0.0,299999.6271915734,0.0001,293.15,-4.1873934387202097e-13,1.0,1.0,1.0,1.0,1.0,1.0,293.15,1.0,DRESS,0.5030509191868596,293.15,0.0,0.0
healthy_25pct_400ms_sag,DRESSING_WATER_SUPPORT,35,0.34,0.35000000000000003,False,1.0,1.0,GRID,3600000.0,1.0,False,188.49999145289368,0.0002000001682670473,199999.62719157335,-2.9103830456733704e-11,299999.64453745633,0.0001,293.15,-9.193399101888024e-13,1.0,1.0,1.0,1.0,1.0,1.0,293.15,1.0,DRESS,0.5031403694131423,293.15,0.0,0.0
healthy_25pct_400ms_sag,DRESSING_WATER_SUPPORT,36,0.35000000000000003,0.36,False,1.0,1.0,GRID,3600000.0,1.0,False,188.49999188024898,0.0002000001605009669,199999.64453745636,2.9103830456733704e-11,299999.66106843203,0.0001,293.15,-6.527630985655148e-13,1.0,1.0,1.0,1.0,1.0,1.0,293.15,1.0,DRESS,0.503229803520607,293.15,0.0,0.0
healthy_25pct_400ms_sag,DRESSING_WATER_SUPPORT,37,0.36,0.37,False,1.0,1.0,GRID,3600000.0,1.0,False,188.49999228623653,0.00020000015309699687,199999.66106843197,-5.820766091346741e-11,299999.6767845005,0.0001,293.15,3.833776910299737e-13,1.0,1.0,1.0,1.0,1.0,1.0,293.15,1.0,DRESS,0.5033192215121614,293.15,0.0,0.0
healthy_25pct_400ms_sag,DRESSING_WATER_SUPPORT,38,0.37,0.38,False,1.0,1.0,GRID,3600000.0,1.0,False,188.4999926719247,0.0002000001460574043,199999.67678450048,0.0,299999.691802077,0.0001,293.15,-1.9516451389007533e-13,1.0,1.0,1.0,1.0,1.0,1.0,293.15,1.0,DRESS,0.5034086233907128,293.15,0.0,0.0
healthy_25pct_400ms_sag,DRESSING_WATER_SUPPORT,39,0.38,0.39,False,1.0,1.0,GRID,3600000.0,1.0,False,188.49999303832845,0.00020000013932613544,199999.691802077,0.0,299999.7061211616,0.0001,293.15,-1.161370576530749e-13,1.0,1.0,1.0,1.0,1.0,1.0,293.15,1.0,DRESS,0.503498009159168,293.15,0.0,0.0
healthy_25pct_400ms_sag,DRESSING_WATER_SUPPORT,40,0.39,0.4,False,1.0,1.0,GRID,3600000.0,1.0,False,188.49999338641203,0.0002000001329052364,199999.70612116155,-2.9103830456733704e-11,299999.71974175423,0.0001,293.15,6.22506193185944e-13,1.0,1.0,1.0,1.0,1.0,1.0,293.15,1.0,DRESS,0.5035873788204331,293.15,0.0,0.0
healthy_25pct_400ms_sag,DRESSING_WATER_SUPPORT,41,0.4,0.41000000000000003,False,1.0,1.0,GRID,3600000.0,1.0,False,188.49999371709143,0.0002000001267966509,199999.71974175423,0.0,299999.7327802703,0.0001,293.15,-3.638051242639105e-13,1.0,1.0,1.0,1.0,1.0,1.0,293.15,1.0,DRESS,0.5036767323774141,293.15,0.0,0.0
healthy_25pct_400ms_sag,DRESSING_WATER_SUPPORT,42,0.41000000000000003,0.42,False,1.0,1.0,GRID,3600000.0,1.0,False,188.49999403123687,0.00020000012094401813,199999.73278027028,0.0,299999.7452367097,0.0001,293.15,-8.031254410427255e-13,1.0,1.0,1.0,1.0,1.0,1.0,293.15,1.0,DRESS,0.5037660698330159,293.15,0.0,0.0
healthy_25pct_400ms_sag,DRESSING_WATER_SUPPORT,43,0.42,0.43,False,1.0,1.0,GRID,3600000.0,1.0,False,188.49999432967502,0.00020000011534909216,199999.74523670977,5.820766091346741e-11,299999.75711107254,0.0001,293.15,-6.937006400082157e-13,1.0,1.0,1.0,1.0,1.0,1.0,293.15,1.0,DRESS,0.5038553911901433,293.15,0.0,0.0
healthy_25pct_400ms_sag,DRESSING_WATER_SUPPORT,44,0.43,0.44,False,1.0,1.0,GRID,3600000.0,1.0,False,188.49999461319126,0.00020000011001353974,199999.75711107254,0.0,299999.76840335876,0.0001,293.15,-3.386399071314623e-14,1.0,1.0,1.0,1.0,1.0,1.0,293.15,1.0,DRESS,0.5039446964517005,293.15,0.0,0.0
healthy_25pct_400ms_sag,DRESSING_WATER_SUPPORT,45,0.44,0.45,False,1.0,1.0,GRID,3600000.0,1.0,False,188.4999948825317,0.00020000010493894405,199999.76840335876,0.0,299999.779171776,0.0001,293.15,-1.5289353984270574e-14,1.0,1.0,1.0,1.0,1.0,1.0,293.15,1.0,DRESS,0.504033985620591,293.15,0.0,0.0
healthy_25pct_400ms_sag,DRESSING_WATER_SUPPORT,46,0.45,0.46,False,1.0,1.0,GRID,3600000.0,1.0,False,188.4999951384051,0.00020000010009770533,199999.77917177603,0.0,299999.789474532,0.0001,293.15,-6.946803137071487e-13,1.0,1.0,1.0,1.0,1.0,1.0,293.15,1.0,DRESS,0.5041232586997179,293.15,0.0,0.0
healthy_25pct_400ms_sag,DRESSING_WATER_SUPPORT,47,0.46,0.47000000000000003,False,1.0,1.0,GRID,3600000.0,1.0,False,188.49999538148484,0.00020000009546214867,199999.789474532,0.0,299999.79925341904,0.0001,293.15,2.576984773575919e-13,1.0,1.0,1.0,1.0,1.0,1.0,293.15,1.0,DRESS,0.5042125156919837,293.15,0.0,0.0
healthy_25pct_400ms_sag,DRESSING_WATER_SUPPORT,48,0.47000000000000003,0.48,False,1.0,1.0,GRID,3600000.0,1.0,False,188.4999956124106,0.00020000009106273535,199999.799253419,-2.9103830456733704e-11,299999.8085666448,0.0001,293.15,5.148980308962333e-13,1.0,1.0,1.0,1.0,1.0,1.0,293.15,1.0,DRESS,0.5043017566002905,293.15,0.0,0.0
healthy_25pct_400ms_sag,DRESSING_WATER_SUPPORT,49,0.48,0.49,False,1.0,1.0,GRID,3600000.0,1.0,False,188.49999583179007,0.00020000008687165102,199999.8085666448,0.0,299999.8174724169,0.0001,293.15,2.0000172308226267e-14,1.0,1.0,1.0,1.0,1.0,1.0,293.15,1.0,DRESS,0.5043909814275399,293.15,0.0,0.0
healthy_25pct_400ms_sag,DRESSING_WATER_SUPPORT,50,0.49,0.5,False,1.0,1.0,GRID,3600000.0,1.0,False,188.49999604020056,0.00020000008286101702,199999.81747241694,2.9103830456733704e-11,299999.8259707354,0.0001,293.15,-9.072055335689336e-14,1.0,1.0,1.0,1.0,1.0,1.0,293.15,1.0,DRESS,0.5044801901766328,293.15,0.0,0.0
healthy_25pct_400ms_sag,DRESSING_WATER_SUPPORT,51,0.5,0.51,False,1.0,1.0,GRID,3600000.0,1.0,False,188.49999623819053,0.00020000007903199724,199999.82597073537,-2.9103830456733704e-11,299999.83406160027,0.0001,293.15,1.8389975848553892e-13,1.0,1.0,1.0,1.0,1.0,1.0,293.15,1.0,DRESS,0.5045693828504697,293.15,0.0,0.0
healthy_25pct_400ms_sag,DRESSING_WATER_SUPPORT,52,0.51,0.52,False,1.0,1.0,GRID,3600000.0,1.0,False,188.499996426281,0.00020000007538569712,199999.83406160027,0.0,299999.8417450115,0.0001,293.15,8.44966560370641e-13,1.0,1.0,1.0,1.0,1.0,1.0,293.15,1.0,DRESS,0.5046585594519506,293.15,0.0,0.0
healthy_25pct_400ms_sag,DRESSING_WATER_SUPPORT,53,0.52,0.53,False,1.0,1.0,GRID,3600000.0,1.0,False,188.49999660496695,0.00020000007192316722,199999.84174501145,-5.820766091346741e-11,299999.8490791768,0.0001,293.15,7.002733229443173e-13,1.0,1.0,1.0,1.0,1.0,1.0,293.15,1.0,DRESS,0.5047477199839748,293.15,0.0,0.0
healthy_25pct_400ms_sag,DRESSING_WATER_SUPPORT,54,0.53,0.54,False,1.0,1.0,GRID,3600000.0,1.0,False,188.4999967747186,0.00020000006861630143,199999.84907917678,0.0,299999.8560640961,0.0001,293.15,8.858671798504507e-13,1.0,1.0,1.0,1.0,1.0,1.0,293.15,1.0,DRESS,0.5048368644494413,293.15,0.0,0.0
healthy_25pct_400ms_sag,DRESSING_WATER_SUPPORT,55,0.54,0.55,False,1.0,1.0,GRID,3600000.0,1.0,False,188.49999693598267,0.00020000006546604774,199999.85606409606,-2.9103830456733704e-11,299999.86281618476,0.0001,293.15,-9.838179630770095e-13,1.0,1.0,1.0,1.0,1.0,1.0,293.15,1.0,DRESS,0.5049259928512484,293.15,0.0,0.0
healthy_25pct_400ms_sag,DRESSING_WATER_SUPPORT,56,0.55,0.56,False,1.0,1.0,GRID,3600000.0,1.0,False,188.49999708918352,0.00020000006241509903,199999.8628161848,2.9103830456733704e-11,299999.86921902746,0.0001,293.15,-2.512687079887533e-13,1.0,1.0,1.0,1.0,1.0,1.0,293.15,1.0,DRESS,0.505015105192294,293.15,0.0,0.0
healthy_25pct_400ms_sag,DRESSING_WATER_SUPPORT,57,0.56,0.5700000000000001,False,1.0,1.0,GRID,3600000.0,1.0,False,188.49999723472433,0.0002000000595225185,199999.86921902746,0.0,299999.8752726242,0.0001,293.15,8.142716823077462e-13,1.0,1.0,1.0,1.0,1.0,1.0,293.15,1.0,DRESS,0.5051042014754753,293.15,0.0,0.0
healthy_25pct_400ms_sag,DRESSING_WATER_SUPPORT,58,0.5700000000000001,0.58,False,1.0,1.0,GRID,3600000.0,1.0,False,188.4999973729881,0.00020000005678911885,199999.8752726242,0.0,299999.8810933903,0.0001,293.15,-1.7289812702207807e-13,1.0,1.0,1.0,1.0,1.0,1.0,293.15,1.0,DRESS,0.5051932817036893,293.15,0.0,0.0
healthy_25pct_400ms_sag,DRESSING_WATER_SUPPORT,59,0.58,0.59,False,1.0,1.0,GRID,3600000.0,1.0,False,188.4999975043387,0.00020000005415746457,199999.88109339026,-2.9103830456733704e-11,299999.88668132573,0.0001,293.15,-9.419072553168516e-13,1.0,1.0,1.0,1.0,1.0,1.0,293.15,1.0,DRESS,0.5052823458798321,293.15,0.0,0.0
healthy_25pct_400ms_sag,DRESSING_WATER_SUPPORT,60,0.59,0.6,False,1.0,1.0,GRID,3600000.0,1.0,False,188.49999762912176,0.00020000005162828914,199999.8866813257,-2.9103830456733704e-11,299999.8919200152,0.0001,293.15,8.944918807388099e-13,1.0,1.0,1.0,1.0,1.0,1.0,293.15,1.0,DRESS,0.5053713940067995,293.15,0.0,0.0
healthy_25pct_400ms_sag,DRESSING_WATER_SUPPORT,61,0.6,0.61,False,1.0,1.0,GRID,3600000.0,1.0,False,188.49999774766567,0.00020000004926049706,199999.8919200152,-2.9103830456733704e-11,299999.89692587405,0.0001,293.15,6.803832519088075e-13,1.0,1.0,1.0,1.0,1.0,1.0,293.15,1.0,DRESS,0.5054604260874869,293.15,0.0,0.0
healthy_25pct_400ms_sag,DRESSING_WATER_SUPPORT,62,0.61,0.62,False,1.0,1.0,GRID,3600000.0,1.0,False,188.49999786028238,0.0002000000469965426,199999.89692587405,0.0,299999.90169890225,0.0001,293.15,6.865275703612641e-13,1.0,1.0,1.0,1.0,1.0,1.0,293.15,1.0,DRESS,0.5055494421247887,293.15,0.0,0.0
healthy_25pct_400ms_sag,DRESSING_WATER_SUPPORT,63,0.62,0.63,False,1.0,1.0,GRID,3600000.0,1.0,False,188.49999796726826,0.00020000004483705476,199999.90169890225,0.0,299999.9062390998,0.0001,293.15,9.13553835986573e-13,1.0,1.0,1.0,1.0,1.0,1.0,293.15,1.0,DRESS,0.5056384421215994,293.15,0.0,0.0
healthy_25pct_400ms_sag,DRESSING_WATER_SUPPORT,64,0.63,0.64,False,1.0,1.0,GRID,3600000.0,1.0,False,188.49999806890486,0.00020000004278263094,199999.9062390998,0.0,299999.91060467437,0.0001,293.15,1.6880237713266105e-13,1.0,1.0,1.0,1.0,1.0,1.0,293.15,1.0,DRESS,0.5057274260808124,293.15,0.0,0.0
healthy_25pct_400ms_sag,DRESSING_WATER_SUPPORT,65,0.64,0.65,False,1.0,1.0,GRID,3600000.0,1.0,False,188.4999981654596,0.00020000004080473474,199999.91060467437,0.0,299999.9147374183,0.0001,293.15,7.811470882027785e-13,1.0,1.0,1.0,1.0,1.0,1.0,293.15,1.0,DRESS,0.5058163940053211,293.15,0.0,0.0
healthy_25pct_400ms_sag,DRESSING_WATER_SUPPORT,66,0.65,0.66,False,1.0,1.0,GRID,3600000.0,1.0,False,188.49999825718663,0.00020000003893300941,199999.91473741826,-2.9103830456733704e-11,299999.91869553924,0.0001,293.15,4.228209503440798e-13,1.0,1.0,1.0,1.0,1.0,1.0,293.15,1.0,DRESS,0.5059053458980178,293.15,0.0,0.0
healthy_25pct_400ms_sag,DRESSING_WATER_SUPPORT,67,0.66,0.67,False,1.0,1.0,GRID,3600000.0,1.0,False,188.4999983443273,0.00020000003713886317,199999.9186955393,5.820766091346741e-11,299999.92253724486,0.0001,293.15,-9.63871665316845e-13,1.0,1.0,1.0,1.0,1.0,1.0,293.15,1.0,DRESS,0.505994281761795,293.15,0.0,0.0
healthy_25pct_400ms_sag,DRESSING_WATER_SUPPORT,68,0.67,0.68,False,1.0,1.0,GRID,3600000.0,1.0,False,188.49999842711094,0.00020000003539367883,199999.92253724483,-2.9103830456733704e-11,299999.92614611983,0.0001,293.15,1.4311937540038202e-13,1.0,1.0,1.0,1.0,1.0,1.0,293.15,1.0,DRESS,0.5060832015995439,293.15,0.0,0.0
healthy_25pct_400ms_sag,DRESSING_WATER_SUPPORT,69,0.68,0.6900000000000001,False,1.0,1.0,GRID,3600000.0,1.0,False,188.4999985057554,0.00020000003375612646,199999.92614611983,0.0,299999.9296385795,0.0001,293.15,-9.123563883550708e-13,1.0,1.0,1.0,1.0,1.0,1.0,293.15,1.0,DRESS,0.5061721054141558,293.15,0.0,0.0
healthy_25pct_400ms_sag,DRESSING_WATER_SUPPORT,70,0.6900000000000001,0.7000000000000001,False,1.0,1.0,GRID,3600000.0,1.0,False,188.49999858046763,0.00020000003216843744,199999.9296385795,0.0,299999.9328982085,0.0001,293.15,5.267529641639284e-13,1.0,1.0,1.0,1.0,1.0,1.0,293.15,1.0,DRESS,0.5062609932085211,293.15,0.0,0.0
healthy_25pct_400ms_sag,DRESSING_WATER_SUPPORT,71,0.7000000000000001,0.71,False,1.0,1.0,GRID,3600000.0,1.0,False,188.49999865144426,0.00020000003068923664,199999.93289820853,2.9103830456733704e-11,299999.9360414222,0.0001,293.15,-1.9574823912401892e-13,1.0,1.0,1.0,1.0,1.0,1.0,293.15,1.0,DRESS,0.5063498649855299,293.15,0.0,0.0
healthy_25pct_400ms_sag,DRESSING_WATER_SUPPORT,72,0.71,0.72,False,1.0,1.0,GRID,3600000.0,1.0,False,188.49999871887204,0.00020000002926071284,199999.93604142216,-2.9103830456733704e-11,299999.93906822056,0.0001,293.15,-8.093647936103045e-13,1.0,1.0,1.0,1.0,1.0,1.0,293.15,1.0,DRESS,0.5064387207480716,293.15,0.0,0.0
healthy_25pct_400ms_sag,DRESSING_WATER_SUPPORT,73,0.72,0.73,False,1.0,1.0,GRID,3600000.0,1.0,False,188.49999878292843,0.00020000002788324255,199999.93906822053,-2.9103830456733704e-11,299999.94192039594,0.0001,293.15,-1.2046312948890588e-13,1.0,1.0,1.0,1.0,1.0,1.0,293.15,1.0,DRESS,0.5065275604990352,293.15,0.0,0.0
healthy_25pct_400ms_sag,DRESSING_WATER_SUPPORT,74,0.73,0.74,False,1.0,1.0,GRID,3600000.0,1.0,False,188.499998843782,0.00020000002658628724,199999.94192039594,0.0,299999.944656156,0.0001,293.15,-4.569920185543522e-13,1.0,1.0,1.0,1.0,1.0,1.0,293.15,1.0,DRESS,0.5066163842413092,293.15,0.0,0.0
healthy_25pct_400ms_sag,DRESSING_WATER_SUPPORT,75,0.74,0.75,False,1.0,1.0,GRID,3600000.0,1.0,False,188.4999989015929,0.00020000002534108306,199999.944656156,0.0,299999.9472172931,0.0001,293.15,5.096949002181964e-13,1.0,1.0,1.0,1.0,1.0,1.0,293.15,1.0,DRESS,0.5067051919777814,293.15,0.0,0.0
healthy_25pct_400ms_sag,DRESSING_WATER_SUPPORT,76,0.75,0.76,False,1.0,1.0,GRID,3600000.0,1.0,False,188.49999895651325,0.0002000000241770565,199999.94721729308,0.0,299999.94966201484,0.0001,293.15,4.5161390306667535e-13,1.0,1.0,1.0,1.0,1.0,1.0,293.15,1.0,DRESS,0.5067939837113393,293.15,0.0,0.0
healthy_25pct_400ms_sag,DRESSING_WATER_SUPPORT,77,0.76,0.77,False,1.0,1.0,GRID,3600000.0,1.0,False,188.49999900868758,0.0002000000230654105,199999.9496620148,-2.9103830456733704e-11,299999.9519903213,0.0001,293.15,5.041211344853818e-13,1.0,1.0,1.0,1.0,1.0,1.0,293.15,1.0,DRESS,0.5068827594448697,293.15,0.0,0.0
healthy_25pct_400ms_sag,DRESSING_WATER_SUPPORT,78,0.77,0.78,False,1.0,1.0,GRID,3600000.0,1.0,False,188.4999990582532,0.00020000002200643642,199999.95199032128,0.0,299999.9542022124,0.0001,293.15,6.675079331506026e-13,1.0,1.0,1.0,1.0,1.0,1.0,293.15,1.0,DRESS,0.506971519181259,293.15,0.0,0.0
healthy_25pct_400ms_sag,DRESSING_WATER_SUPPORT,79,0.78,0.79,False,1.0,1.0,GRID,3600000.0,1.0,False,188.49999910534052,0.00020000002100041108,199999.95420221236,-2.9103830456733704e-11,299999.9562976882,0.0001,293.15,9.420511229820213e-13,1.0,1.0,1.0,1.0,1.0,1.0,293.15,1.0,DRESS,0.5070602629233931,293.15,0.0,0.0
healthy_25pct_400ms_sag,DRESSING_WATER_SUPPORT,80,0.79,0.8,False,1.0,1.0,GRID,3600000.0,1.0,False,188.4999991500735,0.00020000002004759738,199999.9562976882,0.0,299999.9583349563,0.0001,293.15,1.3475658306241368e-13,1.0,1.0,1.0,1.0,1.0,1.0,293.15,1.0,DRESS,0.5071489906741572,293.15,0.0,0.0
healthy_25pct_400ms_sag,DRESSING_WATER_SUPPORT,81,0.8,0.81,False,1.0,1.0,GRID,3600000.0,1.0,False,188.49999919256982,0.00020000001911914123,199999.95833495632,0.0,299999.9602558091,0.0001,293.15,5.741804552433417e-13,1.0,1.0,1.0,1.0,1.0,1.0,293.15,1.0,DRESS,0.5072377024364362,293.15,0.0,0.0
healthy_25pct_400ms_sag,DRESSING_WATER_SUPPORT,82,0.81,0.8200000000000001,False,1.0,1.0,GRID,3600000.0,1.0,False,188.49999923294132,0.00020000001824438388,199999.9602558091,-2.9103830456733704e-11,299999.9621184543,0.0001,293.15,-6.774625673812506e-14,1.0,1.0,1.0,1.0,1.0,1.0,293.15,1.0,DRESS,0.5073263982131142,293.15,0.0,0.0
healthy_25pct_400ms_sag,DRESSING_WATER_SUPPORT,83,0.8200000000000001,0.8300000000000001,False,1.0,1.0,GRID,3600000.0,1.0,False,188.49999927129426,0.00020000001739444692,199999.96211845425,-2.9103830456733704e-11,299999.9638646841,0.0001,293.15,5.375083163934257e-13,1.0,1.0,1.0,1.0,1.0,1.0,293.15,1.0,DRESS,0.5074150780070752,293.15,0.0,0.0
healthy_25pct_400ms_sag,DRESSING_WATER_SUPPORT,84,0.8300000000000001,0.84,False,1.0,1.0,GRID,3600000.0,1.0,False,188.49999930772955,0.00020000001659864833,199999.96386468413,2.9103830456733704e-11,299999.9655527063,0.0001,293.15,6.185185447583435e-14,1.0,1.0,1.0,1.0,1.0,1.0,293.15,1.0,DRESS,0.5075037418212023,293.15,0.0,0.0
healthy_25pct_400ms_sag,DRESSING_WATER_SUPPORT,85,0.84,0.85,False,1.0,1.0,GRID,3600000.0,1.0,False,188.49999934234307,0.00020000001582808776,199999.9655527063,2.9103830456733704e-11,299999.9671243131,0.0001,293.15,8.337943123480955e-13,1.0,1.0,1.0,1.0,1.0,1.0,293.15,1.0,DRESS,0.5075923896583782,293.15,0.0,0.0
healthy_25pct_400ms_sag,DRESSING_WATER_SUPPORT,86,0.85,0.86,False,1.0,1.0,GRID,3600000.0,1.0,False,188.4999993752259,0.0002000000151120623,199999.96712431317,5.820766091346741e-11,299999.9686377123,0.0001,293.15,5.252224718511878e-13,1.0,1.0,1.0,1.0,1.0,1.0,293.15,1.0,DRESS,0.507681021521485,293.15,0.0,0.0
healthy_25pct_400ms_sag,DRESSING_WATER_SUPPORT,87,0.86,0.87,False,1.0,1.0,GRID,3600000.0,1.0,False,188.4999994064646,0.0002000000144216518,199999.96863771227,-2.9103830456733704e-11,299999.9701511115,0.0001,293.15,-9.218876329637412e-13,1.0,1.0,1.0,1.0,1.0,1.0,293.15,1.0,DRESS,0.5077696374134045,293.15,0.0,0.0
healthy_25pct_400ms_sag,DRESSING_WATER_SUPPORT,88,0.87,0.88,False,1.0,1.0,GRID,3600000.0,1.0,False,188.49999943614137,0.00020000001372792682,199999.97015111148,0.0,299999.97154809535,0.0001,293.15,1.4201895410547473e-14,1.0,1.0,1.0,1.0,1.0,1.0,293.15,1.0,DRESS,0.5078582373370178,293.15,0.0,0.0
healthy_25pct_400ms_sag,DRESSING_WATER_SUPPORT,89,0.88,0.89,False,1.0,1.0,GRID,3600000.0,1.0,False,188.4999994643343,0.00020000001308926078,199999.97154809535,0.0,299999.97288687155,0.0001,293.15,-1.2969901519964527e-13,1.0,1.0,1.0,1.0,1.0,1.0,293.15,1.0,DRESS,0.5079468212952056,293.15,0.0,0.0
healthy_25pct_400ms_sag,DRESSING_WATER_SUPPORT,90,0.89,0.9,False,1.0,1.0,GRID,3600000.0,1.0,False,188.4999994911176,0.00020000001247670729,199999.97288687155,0.0,299999.9741092324,0.0001,293.15,9.748734843472934e-13,1.0,1.0,1.0,1.0,1.0,1.0,293.15,1.0,DRESS,0.508035389290848,293.15,0.0,0.0
healthy_25pct_400ms_sag,DRESSING_WATER_SUPPORT,91,0.9,0.91,False,1.0,1.0,GRID,3600000.0,1.0,False,188.4999995165617,0.0002000000119195197,199999.9741092324,-2.9103830456733704e-11,299999.97527338564,0.0001,293.15,9.99762496097302e-13,1.0,1.0,1.0,1.0,1.0,1.0,293.15,1.0,DRESS,0.5081239413268245,293.15,0.0,0.0
healthy_25pct_400ms_sag,DRESSING_WATER_SUPPORT,92,0.91,0.92,False,1.0,1.0,GRID,3600000.0,1.0,False,188.49999954073363,0.0002000000113887363,199999.97527338567,2.9103830456733704e-11,299999.97643753886,0.0001,293.15,-1.1309751149924653e-13,1.0,1.0,1.0,1.0,1.0,1.0,293.15,1.0,DRESS,0.5082124774060142,293.15,0.0,0.0
healthy_25pct_400ms_sag,DRESSING_WATER_SUPPORT,93,0.92,0.93,False,1.0,1.0,GRID,3600000.0,1.0,False,188.49999956369695,0.00020000001085538824,199999.97643753886,0.0,299999.9775434844,0.0001,293.15,-3.526511873318287e-14,1.0,1.0,1.0,1.0,1.0,1.0,293.15,1.0,DRESS,0.5083009975312957,293.15,0.0,0.0
healthy_25pct_400ms_sag,DRESSING_WATER_SUPPORT,94,0.93,0.9400000000000001,False,1.0,1.0,GRID,3600000.0,1.0,False,188.49999958551209,0.00020000001034870758,199999.9775434844,-2.9103830456733704e-11,299999.9785912223,0.0001,293.15,9.833848470773643e-14,1.0,1.0,1.0,1.0,1.0,1.0,293.15,1.0,DRESS,0.5083895017055469,293.15,0.0,0.0
healthy_25pct_400ms_sag,DRESSING_WATER_SUPPORT,95,0.9400000000000001,0.9500000000000001,False,1.0,1.0,GRID,3600000.0,1.0,False,188.49999960623649,0.00020000000986881614,199999.97859122232,0.0,299999.97958075255,0.0001,293.15,2.8783514959516834e-13,1.0,1.0,1.0,1.0,1.0,1.0,293.15,1.0,DRESS,0.5084779899316454,293.15,0.0,0.0
healthy_25pct_400ms_sag,DRESSING_WATER_SUPPORT,96,0.9500000000000001,0.96,False,1.0,1.0,GRID,3600000.0,1.0,False,188.49999962592466,0.00020000000941582967,199999.97958075258,2.9103830456733704e-11,299999.9805120751,0.0001,293.15,5.333406145110322e-13,1.0,1.0,1.0,1.0,1.0,1.0,293.15,1.0,DRESS,0.5085664622124683,293.15,0.0,0.0
healthy_25pct_400ms_sag,DRESSING_WATER_SUPPORT,97,0.96,0.97,False,1.0,1.0,GRID,3600000.0,1.0,False,188.49999964462842,0.00020000000898985808,199999.9805120751,-2.9103830456733704e-11,299999.9814433977,0.0001,293.15,-3.5829227659853924e-13,1.0,1.0,1.0,1.0,1.0,1.0,293.15,1.0,DRESS,0.5086549185508918,293.15,0.0,0.0
healthy_25pct_400ms_sag,DRESSING_WATER_SUPPORT,98,0.97,0.98,False,1.0,1.0,GRID,3600000.0,1.0,False,188.499999662397,0.00020000000856190198,199999.98144339767,-2.9103830456733704e-11,299999.9823165126,0.0001,293.15,-5.865259721047419e-14,1.0,1.0,1.0,1.0,1.0,1.0,293.15,1.0,DRESS,0.5087433589497922,293.15,0.0,0.0
healthy_25pct_400ms_sag,DRESSING_WATER_SUPPORT,99,0.98,0.99,False,1.0,1.0,GRID,3600000.0,1.0,False,188.49999967927715,0.00020000000816116457,199999.9823165126,0.0,299999.9831896275,0.0001,293.15,-8.959474709444714e-13,1.0,1.0,1.0,1.0,1.0,1.0,293.15,1.0,DRESS,0.5088317834120446,293.15,0.0,0.0
healthy_25pct_400ms_sag,DRESSING_WATER_SUPPORT,100,0.99,1.0,False,1.0,1.0,GRID,3600000.0,1.0,False,188.4999996953133,0.00020000000775863608,199999.98318962753,0.0,299999.9840045348,0.0001,293.15,-5.417763660657911e-13,1.0,1.0,1.0,1.0,1.0,1.0,293.15,1.0,DRESS,0.5089201919405241,293.15,0.0,0.0
healthy_25pct_400ms_sag,DRESSING_WATER_SUPPORT,101,1.0,1.01,True,0.75,0.96,TRANSFER,3599973.6842105263,1.0,False,188.49999971054763,0.00020000000738350994,199999.98400453478,0.0,299999.9847612344,0.0001,293.15,-1.3109909696457835e-13,1.0,1.0,1.0,1.0,1.0,1.0,293.15,1.0,DRESS,0.5090085845381049,293.15,0.0,0.0
healthy_25pct_400ms_sag,DRESSING_WATER_SUPPORT,102,1.01,1.02,True,0.75,0.9279999999999999,TRANSFER,3599947.3684210526,1.0,False,188.49999972502025,0.00020000000703587127,199999.98476123434,-2.9103830456733704e-11,299999.98551793396,0.0001,293.15,-8.570875530567601e-13,1.0,1.0,1.0,1.0,1.0,1.0,293.15,1.0,DRESS,0.5090969612076611,293.15,0.0,0.0
healthy_25pct_400ms_sag,DRESSING_WATER_SUPPORT,103,1.02,1.03,True,0.75,0.9024,TRANSFER,3599921.052631579,1.0,False,188.49999973876925,0.00020000000668669708,199999.98551793396,0.0,299999.9862164259,0.0001,293.15,-3.91354497636735e-13,1.0,1.0,1.0,1.0,1.0,1.0,293.15,1.0,DRESS,0.509185321952066,293.15,0.0,0.0
healthy_25pct_400ms_sag,DRESSING_WATER_SUPPORT,104,1.03,1.04,True,0.75,0.88192,TRANSFER,3599894.736842105,0.9548000000000001,False,188.0739897518308,0.000199094980234418,199999.98621642592,2.9103830456733704e-11,299955.83925629035,0.0001,293.15,-1.9101619045708865e-13,1.0,1.0,1.0,1.0,1.0,1.0,293.15,1.0,DRESS,0.5092736667741924,293.15,0.0,0.0
healthy_25pct_400ms_sag,DRESSING_WATER_SUPPORT,105,1.04,1.05,True,0.75,0.8655360000000001,TRANSFER,3599868.4210526315,0.9138400000000002,False,187.28323226423925,0.0001974319257666258,199955.83925629038,2.9103830456733704e-11,299831.64442237467,0.0001,293.15,2.337520766345128e-13,1.0,1.0,1.0,1.0,1.0,1.0,293.15,1.0,DRESS,0.5093619956769125,293.15,0.0,0.0
healthy_25pct_400ms_sag,DRESSING_WATER_SUPPORT,106,1.05,1.06,True,0.75,0.8924288,BATTERY,3599842.1052631577,0.981072,False,187.16567425102727,0.00019724374643984813,199831.64442237464,-2.9103830456733704e-11,299701.2993087992,0.0001,293.15,-9.430423018108927e-13,1.0,1.0,1.0,1.0,1.0,1.0,293.15,1.0,DRESS,0.5094503086630984,293.15,0.0,0.0
healthy_25pct_400ms_sag,DRESSING_WATER_SUPPORT,107,1.06,1.07,True,0.75,0.91394304,BATTERY,3599815.789473684,1.0,False,187.2323905384759,0.00019745228007011473,199701.29930879924,2.9103830456733704e-11,299584.30563565344,0.0001,293.15,7.152034244380838e-13,1.0,1.0,1.0,1.0,1.0,1.0,293.15,1.0,DRESS,0.509538605735621,293.15,0.0,0.0
healthy_25pct_400ms_sag,DRESSING_WATER_SUPPORT,108,1.07,1.08,True,0.75,0.931154432,BATTERY,3599789.4736842103,1.0,False,187.2957710115521,0.00019764677244566738,199584.3056356534,-2.9103830456733704e-11,299479.6529179439,0.0001,293.15,3.4088624672386236e-13,1.0,1.0,1.0,1.0,1.0,1.0,293.15,1.0,DRESS,0.5096268868973514,293.15,0.0,0.0
healthy_25pct_400ms_sag,DRESSING_WATER_SUPPORT,109,1.08,1.09,True,0.75,0.9449235456,BATTERY,3599763.1578947366,1.0,False,187.35598246097447,0.00019782812419917158,199479.6529179439,0.0,299386.39912288636,0.0001,293.15,5.388790944606248e-13,1.0,1.0,1.0,1.0,1.0,1.0,293.15,1.0,DRESS,0.5097151521511596,293.15,0.0,0.0
healthy_25pct_400ms_sag,DRESSING_WATER_SUPPORT,110,1.09,1.1,True,0.75,0.95593883648,BATTERY,3599736.842105263,1.0,False,187.41318333792574,0.00019799717839048567,199386.39912288636,0.0,299303.66636253893,0.0001,293.15,4.16164715112444e-13,1.0,1.0,1.0,1.0,1.0,1.0,293.15,1.0,DRESS,0.5098034014999154,293.15,0.0,0.0
healthy_25pct_400ms_sag,DRESSING_WATER_SUPPORT,111,1.1,1.11,True,0.75,0.964751069184,BATTERY,3599710.526315789,1.0,False,187.46752417102945,0.00019815472429016945,199303.66636253893,0.0,299230.63670285046,0.0001,293.15,-8.674863291234064e-13,1.0,1.0,1.0,1.0,1.0,1.0,293.15,1.0,DRESS,0.509891634946488,293.15,0.0,0.0
healthy_25pct_400ms_sag,DRESSING_WATER_SUPPORT,112,1.11,1.12,True,0.75,0.9718008553472,BATTERY,3599684.2105263155,1.0,False,187.51914796247797,0.00019830150096443103,199230.63670285046,0.0,299166.54808912426,0.0001,293.15,-8.056071369726039e-13,1.0,1.0,1.0,1.0,1.0,1.0,293.15,1.0,DRESS,0.5099798524937462,293.15,0.0,0.0
healthy_25pct_400ms_sag,DRESSING_WATER_SUPPORT,113,1.12,1.1300000000000001,True,0.75,0.97744068427776,BATTERY,3599657.894736842,1.0,False,187.56819056435407,0.00019843820067587075,199166.54808912426,0.0,299110.6908535585,0.0001,293.15,-3.959286232405718e-14,1.0,1.0,1.0,1.0,1.0,1.0,293.15,1.0,DRESS,0.510068054144558,293.15,0.0,0.0
healthy_25pct_400ms_sag,DRESSING_WATER_SUPPORT,114,1.1300000000000001,1.1400000000000001,True,0.75,0.9819525474222079,BATTERY,3599631.578947368,1.0,False,187.61478103613638,0.00019856547187824397,199110.69085355848,0.0,299062.40433920175,0.0001,293.15,-4.2222692949242654e-15,1.0,1.0,1.0,1.0,1.0,1.0,293.15,1.0,DRESS,0.5101562399017912,293.15,0.0,0.0
healthy_25pct_400ms_sag,DRESSING_WATER_SUPPORT,115,1.1400000000000001,1.1500000000000001,True,0.75,0.9855620379377663,BATTERY,3599605.2631578944,1.0,False,187.65904198432955,0.00019868392205189944,199062.40433920172,-2.9103830456733704e-11,299021.0736403242,0.0001,293.15,-7.907111851748828e-13,1.0,1.0,1.0,1.0,1.0,1.0,293.15,1.0,DRESS,0.5102444097683128,293.15,0.0,0.0
healthy_25pct_400ms_sag,DRESSING_WATER_SUPPORT,116,1.1500000000000001,1.16,True,0.75,0.988449630350213,BATTERY,3599578.9473684207,1.0,False,187.70108988511308,0.00019879412038973341,199021.07364032418,0.0,298986.12645920366,0.0001,293.15,7.825418774475086e-13,1.0,1.0,1.0,1.0,1.0,1.0,293.15,1.0,DRESS,0.5103325637469894,293.15,0.0,0.0
healthy_25pct_400ms_sag,DRESSING_WATER_SUPPORT,117,1.16,1.17,True,0.75,0.9907597042801705,BATTERY,3599552.631578947,1.0,False,187.74103539085743,0.00019889660034242516,198986.12645920366,0.0,298957.03066140413,0.0001,293.15,9.677136484593642e-13,1.0,1.0,1.0,1.0,1.0,1.0,293.15,1.0,DRESS,0.5104207018406873,293.15,0.0,0.0
healthy_25pct_400ms_sag,DRESSING_WATER_SUPPORT,118,1.17,1.18,True,0.75,0.9926077634241364,BATTERY,3599526.3157894732,1.0,False,187.77898362131455,0.00019899186173826097,198957.03066140413,0.0,298933.2914818078,0.0001,293.15,-4.1071685547611043e-13,1.0,1.0,1.0,1.0,1.0,1.0,293.15,1.0,DRESS,0.5105088240522719,293.15,0.0,0.0
healthy_25pct_400ms_sag,DRESSING_WATER_SUPPORT,119,1.18,1.19,True,0.75,0.9940862107393091,BATTERY,3599499.9999999995,1.0,False,187.81503444024884,0.0001990803730117268,198933.29148180783,0.0,298914.44890527055,0.0001,293.15,8.983715411307918e-14,1.0,1.0,1.0,1.0,1.0,1.0,293.15,1.0,DRESS,0.5105969303846083,293.15,0.0,0.0
healthy_25pct_400ms_sag,DRESSING_WATER_SUPPORT,120,1.19,1.2,True,0.75,0.9952689685914473,BATTERY,3599473.684210526,1.0,False,187.8492827182364,0.00019916257328319738,198914.44890527058,2.9103830456733704e-11,298900.0756293535,0.0001,293.15,9.868610854653658e-13,1.0,1.0,1.0,1.0,1.0,1.0,293.15,1.0,DRESS,0.510685020840561,293.15,0.0,0.0
healthy_25pct_400ms_sag,DRESSING_WATER_SUPPORT,121,1.2,1.21,True,0.75,0.9962151748731578,BATTERY,3599447.368421052,1.0,False,187.88181858232457,0.0001992388740908618,198900.07562935352,0.0,298889.77496884763,0.0001,293.15,-1.834442038260826e-13,1.0,1.0,1.0,1.0,1.0,1.0,293.15,1.0,DRESS,0.5107730954229941,293.15,0.0,0.0
healthy_25pct_400ms_sag,DRESSING_WATER_SUPPORT,122,1.21,1.22,True,0.75,0.9969721398985263,BATTERY,3599421.0526315784,1.0,False,187.91272765320835,0.00019930966110168395,198889.77496884766,2.9103830456733704e-11,298883.17852746695,0.0001,293.15,6.655640518956647e-13,1.0,1.0,1.0,1.0,1.0,1.0,293.15,1.0,DRESS,0.5108611541347712,293.15,0.0,0.0
healthy_25pct_400ms_sag,DRESSING_WATER_SUPPORT,123,1.22,1.23,True,0.75,0.997577711918821,BATTERY,3599394.7368421047,1.0,False,187.94209127054793,0.0001993752958931082,198883.17852746695,0.0,298879.94474265724,0.0001,293.15,-7.820262514745281e-13,1.0,1.0,1.0,1.0,1.0,1.0,293.15,1.0,DRESS,0.5109491969787551,293.15,0.0,0.0
healthy_25pct_400ms_sag,DRESSING_WATER_SUPPORT,124,1.23,1.24,True,0.75,0.9980621695350569,BATTERY,3599368.421052631,1.0,False,187.96998670702052,0.0001994361172545408,198879.94474265727,2.9103830456733704e-11,298879.7567319125,0.0001,293.15,-8.965204257143692e-13,1.0,1.0,1.0,1.0,1.0,1.0,293.15,1.0,DRESS,0.5110372239578084,293.15,0.0,0.0
healthy_25pct_400ms_sag,DRESSING_WATER_SUPPORT,125,1.24,1.25,True,0.75,0.9984497356280455,BATTERY,3599342.1052631573,1.0,False,187.9964873716695,0.00019949244280078807,198879.7567319125,0.0,298882.32089579105,0.0001,293.15,-9.246786664249955e-13,1.0,1.0,1.0,1.0,1.0,1.0,293.15,1.0,DRESS,0.511125235074793,293.15,0.0,0.0
healthy_25pct_400ms_sag,DRESSING_WATER_SUPPORT,126,1.25,1.26,True,0.75,0.9987597885024364,BATTERY,3599315.7894736836,1.0,False,188.02166300308602,0.0001995445701705432,198882.320895791,-5.820766091346741e-11,298887.36528810114,0.0001,293.15,-3.1970903572165125e-13,1.0,1.0,1.0,1.0,1.0,1.0,293.15,1.0,DRESS,0.5112132303325704,293.15,0.0,0.0
healthy_25pct_400ms_sag,DRESSING_WATER_SUPPORT,127,1.26,1.27,True,0.75,0.9990078308019491,BATTERY,3599289.47368421,1.0,False,188.04557985293172,0.00019959277830920887,198887.3652881011,-2.9103830456733704e-11,298894.63821891695,0.0001,293.15,5.834340692837866e-13,1.0,1.0,1.0,1.0,1.0,1.0,293.15,1.0,DRESS,0.5113012097340014,293.15,0.0,0.0
healthy_25pct_400ms_sag,DRESSING_WATER_SUPPORT,128,1.27,1.28,True,0.75,0.9992062646415593,BATTERY,3599263.157894736,1.0,False,188.06830086028515,0.00019963732860507716,198894.63821891695,0.0,298903.90697401017,0.0001,293.15,1.620773663535947e-14,1.0,1.0,1.0,1.0,1.0,1.0,293.15,1.0,DRESS,0.5113891732819466,293.15,0.0,0.0
healthy_25pct_400ms_sag,DRESSING_WATER_SUPPORT,129,1.28,1.29,True,0.75,0.9993650117132474,BATTERY,3599236.8421052624,1.0,False,188.0898858172709,0.00019967846593962752,198903.90697401014,-2.9103830456733704e-11,298914.9563596584,0.0001,293.15,4.683390394461789e-14,1.0,1.0,1.0,1.0,1.0,1.0,293.15,1.0,DRESS,0.5114771209792657,293.15,0.0,0.0
healthy_25pct_400ms_sag,DRESSING_WATER_SUPPORT,130,1.29,1.3,True,0.75,0.9994920093705979,BATTERY,3599210.5263157887,1.0,False,188.11039152640734,0.00019971641979979327,198914.95635965842,2.9103830456733704e-11,298927.58765490726,0.0001,293.15,6.736231202172477e-14,1.0,1.0,1.0,1.0,1.0,1.0,293.15,1.0,DRESS,0.5115650528288181,293.15,0.0,0.0
healthy_25pct_400ms_sag,DRESSING_WATER_SUPPORT,131,1.3,1.31,True,0.75,0.9995936074964783,BATTERY,3599184.210526315,1.0,False,188.12987195008697,0.00019975140516254841,198927.5876549073,2.9103830456733704e-11,298941.6175056249,0.0001,293.15,-6.046167190977869e-13,1.0,1.0,1.0,1.0,1.0,1.0,293.15,1.0,DRESS,0.5116529688334629,293.15,0.0,0.0
healthy_25pct_400ms_sag,DRESSING_WATER_SUPPORT,132,1.31,1.32,True,0.75,0.9996748859971827,BATTERY,3599157.8947368413,1.0,False,188.14837835258263,0.00019978362338685254,198941.61750562492,2.9103830456733704e-11,298956.8767603487,0.0001,293.15,-8.779755134507311e-14,1.0,1.0,1.0,1.0,1.0,1.0,293.15,1.0,DRESS,0.5117408689960582,293.15,0.0,0.0
healthy_25pct_400ms_sag,DRESSING_WATER_SUPPORT,133,1.32,1.33,True,0.75,0.9997399087977461,BATTERY,3599131.5789473676,1.0,False,188.1659594349535,0.0001998132631144509,198956.87676034862,-5.820766091346741e-11,298973.2097135857,0.0001,293.15,-8.07081888302316e-13,1.0,1.0,1.0,1.0,1.0,1.0,293.15,1.0,DRESS,0.5118287533194619,293.15,0.0,0.0
healthy_25pct_400ms_sag,DRESSING_WATER_SUPPORT,134,1.33,1.34,True,0.75,0.9997919270381969,BATTERY,3599105.263157894,1.0,False,188.18266146320582,0.0001998405009478961,198973.20971358567,0.0,298990.4729416594,0.0001,293.15,-8.440792554875563e-14,1.0,1.0,1.0,1.0,1.0,1.0,293.15,1.0,DRESS,0.5119166218065313,293.15,0.0,0.0
healthy_25pct_400ms_sag,DRESSING_WATER_SUPPORT,135,1.34,1.35,True,0.75,0.9998335416305575,BATTERY,3599078.94736842,1.0,False,188.19852839004554,0.00019986550231500174,198990.4729416594,0.0,299008.5346624255,0.0001,293.15,5.684664278996625e-13,1.0,1.0,1.0,1.0,1.0,1.0,293.15,1.0,DRESS,0.5120044744601232,293.15,0.0,0.0
healthy_25pct_400ms_sag,DRESSING_WATER_SUPPORT,136,1.35,1.36,True,0.75,0.999866833304446,BATTERY,3599052.6315789465,1.0,False,188.21360197054327,0.0001998884220547987,199008.53466242552,0.0,299027.2739203647,0.0001,293.15,-6.416683808831879e-14,1.0,1.0,1.0,1.0,1.0,1.0,293.15,1.0,DRESS,0.512092311283094,293.15,0.0,0.0
healthy_25pct_400ms_sag,DRESSING_WATER_SUPPORT,137,1.36,1.37,True,0.75,0.9998934666435568,BATTERY,3599026.315789473,1.0,False,188.2279218720161,0.00019990940507570078,199027.27392036465,-2.9103830456733704e-11,299046.57965525985,0.0001,293.15,5.501674500855797e-13,1.0,1.0,1.0,1.0,1.0,1.0,293.15,1.0,DRESS,0.5121801322782992,293.15,0.0,0.0
healthy_25pct_400ms_sag,DRESSING_WATER_SUPPORT,138,1.37,1.3800000000000001,True,0.75,0.9999147733148455,BATTERY,3598999.999999999,1.0,False,188.2415257784153,0.00019992858705767844,199046.57965525982,-2.9103830456733704e-11,299066.3502365351,0.0001,293.15,3.139064052159713e-13,1.0,1.0,1.0,1.0,1.0,1.0,293.15,1.0,DRESS,0.5122679374485942,293.15,0.0,0.0
healthy_25pct_400ms_sag,DRESSING_WATER_SUPPORT,139,1.3800000000000001,1.3900000000000001,True,0.75,0.9999318186518764,BATTERY,3598973.6842105254,1.0,False,188.25444948949453,0.00019994609490820553,199066.35023653507,0.0,299086.4926483482,0.0001,293.15,3.47768628124776e-13,1.0,1.0,1.0,1.0,1.0,1.0,293.15,1.0,DRESS,0.5123557267968338,293.15,0.0,0.0
healthy_25pct_400ms_sag,DRESSING_WATER_SUPPORT,140,1.3900000000000001,1.4000000000000001,True,0.75,0.9999454549215011,BATTERY,3598947.3684210517,1.0,False,188.2667270150198,0.00019996204738049832,199086.4926483482,0.0,299106.921965722,0.0001,293.15,5.016166843663811e-14,1.0,1.0,1.0,1.0,1.0,1.0,293.15,1.0,DRESS,0.5124435003258722,293.15,0.0,0.0
healthy_25pct_400ms_sag,DRESSING_WATER_SUPPORT,141,1.4000000000000001,1.41,False,1.0,0.9999563639372009,RECOVERY,3598952.3684210517,1.0,False,188.2783906642688,0.00019997655553453597,199106.921965722,0.0,299127.56071425974,0.0001,293.15,2.0665111169156542e-13,1.0,1.0,1.0,1.0,1.0,1.0,293.15,1.0,DRESS,0.5125312580385629,293.15,0.0,0.0
healthy_25pct_400ms_sag,DRESSING_WATER_SUPPORT,142,1.41,1.42,False,1.0,0.9999650911497607,RECOVERY,3598957.3684210517,1.0,False,188.28947113105536,0.00019998972324539893,199127.56071425977,2.9103830456733704e-11,299148.3384044841,0.0001,293.15,2.3866989169275615e-13,1.0,1.0,1.0,1.0,1.0,1.0,293.15,1.0,DRESS,0.5126189999377593,293.15,0.0,0.0
healthy_25pct_400ms_sag,DRESSING_WATER_SUPPORT,143,1.42,1.43,False,1.0,0.9999720729198086,RECOVERY,3598962.3684210517,1.0,False,188.29999757450258,0.00020000164761404157,199148.3384044841,0.0,299169.19100796804,0.0001,293.15,4.0378651454032766e-14,1.0,1.0,1.0,1.0,1.0,1.0,293.15,1.0,DRESS,0.512706726026314,293.15,0.0,0.0
healthy_25pct_400ms_sag,DRESSING_WATER_SUPPORT,144,1.43,1.44,False,1.0,0.9999776583358468,RECOVERY,3598967.3684210517,1.0,False,188.30999769577744,0.00020001241939755974,199169.19100796804,0.0,299190.06049167365,0.0001,293.15,-5.223892905598737e-13,1.0,1.0,1.0,1.0,1.0,1.0,293.15,1.0,DRESS,0.5127944363070791,293.15,0.0,0.0
healthy_25pct_400ms_sag,DRESSING_WATER_SUPPORT,145,1.44,1.45,False,1.0,0.9999821266686775,RECOVERY,3598972.3684210517,1.0,False,188.31949781098857,0.0002000221234013116,199190.06049167365,0.0,299210.8942940831,0.0001,293.15,2.060806462247762e-13,1.0,1.0,1.0,1.0,1.0,1.0,293.15,1.0,DRESS,0.5128821307829063,293.15,0.0,0.0
healthy_25pct_400ms_sag,DRESSING_WATER_SUPPORT,146,1.45,1.46,False,1.0,0.999985701334942,RECOVERY,3598977.3684210517,1.0,False,188.32852292043913,0.0002000308388916315,199210.89429408312,0.0,299231.6450923681,0.0001,293.15,3.797472817929751e-13,1.0,1.0,1.0,1.0,1.0,1.0,293.15,1.0,DRESS,0.5129698094566467,293.15,0.0,0.0
healthy_25pct_400ms_sag,DRESSING_WATER_SUPPORT,147,1.46,1.47,False,1.0,0.9999885610679536,RECOVERY,3598982.3684210517,1.0,False,188.33709677441718,0.0002000386398550346,199231.6450923681,-2.9103830456733704e-11,299252.2702785209,0.0001,293.15,9.927190368442664e-13,1.0,1.0,1.0,1.0,1.0,1.0,293.15,1.0,DRESS,0.513057472331151,293.15,0.0,0.0
healthy_25pct_400ms_sag,DRESSING_WATER_SUPPORT,148,1.47,1.48,False,1.0,0.999990848854363,RECOVERY,3598987.3684210517,1.0,False,188.34524193569632,0.00020004559539538484,199252.2702785209,2.9103830456733704e-11,299272.73178473115,0.0001,293.15,-6.211860984616798e-13,1.0,1.0,1.0,1.0,1.0,1.0,293.15,1.0,DRESS,0.5131451194092691,293.15,0.0,0.0
healthy_25pct_400ms_sag,DRESSING_WATER_SUPPORT,149,1.48,1.49,False,1.0,0.9999926790834903,RECOVERY,3598992.3684210517,1.0,False,188.3529798389115,0.00020005176994935753,199272.73178473115,0.0,299292.9953848943,0.0001,293.15,2.536471341953373e-13,1.0,1.0,1.0,1.0,1.0,1.0,293.15,1.0,DRESS,0.5132327506938508,293.15,0.0,0.0
healthy_25pct_400ms_sag,DRESSING_WATER_SUPPORT,150,1.49,1.5,False,1.0,0.9999941432667923,RECOVERY,3598997.3684210517,1.0,False,188.36033084696592,0.00020005722375707053,199292.99538489434,2.9103830456733704e-11,299313.0308110267,0.0001,293.15,-1.7109044378085437e-13,1.0,1.0,1.0,1.0,1.0,1.0,293.15,1.0,DRESS,0.513320366187745,293.15,0.0,0.0
healthy_25pct_400ms_sag,DRESSING_WATER_SUPPORT,151,1.5,1.51,False,1.0,0.9999953146134338,RECOVERY,3599002.3684210517,1.0,False,188.36731430461762,0.00020006201291902786,199313.03081102672,2.9103830456733704e-11,299332.81117118895,0.0001,293.15,1.3018821749226164e-13,1.0,1.0,1.0,1.0,1.0,1.0,293.15,1.0,DRESS,0.5134079658938003,293.15,0.0,0.0
healthy_25pct_400ms_sag,DRESSING_WATER_SUPPORT,152,1.51,1.52,False,1.0,0.999996251690747,RECOVERY,3599007.3684210517,1.0,False,188.37394858938674,0.00020006618979624872,199332.81117118895,0.0,299352.31283307076,0.0001,293.15,1.4207725272569034e-13,1.0,1.0,1.0,1.0,1.0,1.0,293.15,1.0,DRESS,0.5134955498148648,293.15,0.0,0.0
healthy_25pct_400ms_sag,DRESSING_WATER_SUPPORT,153,1.52,1.53,False,1.0,0.9999970013525976,RECOVERY,3599012.3684210517,1.0,False,188.3802511599174,0.00020006980317197978,199352.31283307078,2.9103830456733704e-11,299371.5150747448,0.0001,293.15,8.011260567606461e-13,1.0,1.0,1.0,1.0,1.0,1.0,293.15,1.0,DRESS,0.513583117953786,293.15,0.0,0.0
healthy_25pct_400ms_sag,DRESSING_WATER_SUPPORT,154,1.53,1.54,False,1.0,0.9999976010820781,RECOVERY,3599017.3684210517,1.0,False,188.38623860192155,0.00020007289852445233,199371.5150747448,-2.9103830456733704e-11,299390.3999682516,0.0001,293.15,6.701912272651039e-13,1.0,1.0,1.0,1.0,1.0,1.0,293.15,1.0,DRESS,0.5136706703134108,293.15,0.0,0.0
healthy_25pct_400ms_sag,DRESSING_WATER_SUPPORT,155,1.54,1.55,False,1.0,0.9999980808656626,RECOVERY,3599022.3684210517,1.0,False,188.39192667182547,0.00020007551817821577,199390.3999682516,0.0,299408.95203035325,0.0001,293.15,9.210059033489158e-13,1.0,1.0,1.0,1.0,1.0,1.0,293.15,1.0,DRESS,0.5137582068965859,293.15,0.0,0.0
healthy_25pct_400ms_sag,DRESSING_WATER_SUPPORT,156,1.55,1.56,False,1.0,0.9999984646925301,RECOVERY,3599027.3684210517,1.0,False,188.3973303382342,0.00020007770156707253,199408.95203035325,0.0,299427.15810611844,0.0001,293.15,9.987094598350737e-13,1.0,1.0,1.0,1.0,1.0,1.0,293.15,1.0,DRESS,0.5138457277061571,293.15,0.0,0.0
healthy_25pct_400ms_sag,DRESSING_WATER_SUPPORT,157,1.56,1.57,False,1.0,0.9999987717540241,RECOVERY,3599032.3684210517,1.0,False,188.4024638213225,0.0002000794853761204,199427.15810611844,0.0,299445.00719429925,0.0001,293.15,1.5354574134182364e-14,1.0,1.0,1.0,1.0,1.0,1.0,293.15,1.0,DRESS,0.5139332327449699,293.15,0.0,0.0
healthy_25pct_400ms_sag,DRESSING_WATER_SUPPORT,158,1.57,1.58,False,1.0,0.9999990174032193,RECOVERY,3599037.3684210517,1.0,False,188.40734063025639,0.00020008090370861412,199445.00719429928,2.9103830456733704e-11,299462.4901562929,0.0001,293.15,-6.094056276528589e-13,1.0,1.0,1.0,1.0,1.0,1.0,293.15,1.0,DRESS,0.5140207220158693,293.15,0.0,0.0
healthy_25pct_400ms_sag,DRESSING_WATER_SUPPORT,159,1.58,1.59,False,1.0,0.9999992139225754,RECOVERY,3599042.3684210517,1.0,False,188.41197359874357,0.0002000819883069598,199462.49015629292,0.0,299479.5995997265,0.0001,293.15,-3.615751085168654e-13,1.0,1.0,1.0,1.0,1.0,1.0,293.15,1.0,DRESS,0.5141081955216997,293.15,0.0,0.0
healthy_25pct_400ms_sag,DRESSING_WATER_SUPPORT,160,1.59,1.6,False,1.0,0.9999993711380604,RECOVERY,3599047.3684210517,1.0,False,188.41637491880638,0.00020008276868259685,199479.59959972653,2.9103830456733704e-11,299496.32976204157,0.0001,293.15,5.552746407997032e-13,1.0,1.0,1.0,1.0,1.0,1.0,293.15,1.0,DRESS,0.514195653265305,293.15,0.0,0.0
healthy_25pct_400ms_sag,DRESSING_WATER_SUPPORT,161,1.6,1.61,False,1.0,0.9999994969104483,RECOVERY,3599052.3684210517,1.0,False,188.42055617286607,0.0002000832722422468,199496.32976204157,0.0,299512.67645228654,0.0001,293.15,2.1120407016651517e-13,1.0,1.0,1.0,1.0,1.0,1.0,293.15,1.0,DRESS,0.5142830952495288,293.15,0.0,0.0
healthy_25pct_400ms_sag,DRESSING_WATER_SUPPORT,162,1.61,1.62,False,1.0,0.9999995975283587,RECOVERY,3599057.3684210517,1.0,False,188.42452836422277,0.00020008352438162532,199512.67645228654,0.0,299528.63676007837,0.0001,293.15,-1.5425045030756612e-13,1.0,1.0,1.0,1.0,1.0,1.0,293.15,1.0,DRESS,0.5143705214772137,293.15,0.0,0.0
healthy_25pct_400ms_sag,DRESSING_WATER_SUPPORT,163,1.62,1.6300000000000001,False,1.0,0.999999678022687,RECOVERY,3599062.3684210517,1.0,False,188.42830194601163,0.00020008354869225698,199528.63676007834,-2.9103830456733704e-11,299544.2089391872,0.0001,293.15,6.404862024626331e-13,1.0,1.0,1.0,1.0,1.0,1.0,293.15,1.0,DRESS,0.5144579319512024,293.15,0.0,0.0
healthy_25pct_400ms_sag,DRESSING_WATER_SUPPORT,164,1.6300000000000001,1.6400000000000001,False,1.0,0.9999997424181496,RECOVERY,3599067.3684210517,1.0,False,188.43188684871106,0.0002000833670779176,199544.2089391872,-2.9103830456733704e-11,299559.3925239518,0.0001,293.15,-8.793503013401401e-13,1.0,1.0,1.0,1.0,1.0,1.0,293.15,1.0,DRESS,0.5145453266743365,293.15,0.0,0.0
healthy_25pct_400ms_sag,DRESSING_WATER_SUPPORT,165,1.6400000000000001,1.6500000000000001,False,1.0,0.9999997939345197,RECOVERY,3599072.3684210517,1.0,False,188.43529250627552,0.00020008299975177518,199559.39252395183,0.0,299574.18786361814,0.0001,293.15,-9.733600297486446e-13,1.0,1.0,1.0,1.0,1.0,1.0,293.15,1.0,DRESS,0.5146327056494574,293.15,0.0,0.0
healthy_25pct_400ms_sag,DRESSING_WATER_SUPPORT,166,1.6500000000000001,1.6600000000000001,False,1.0,0.9999998351476157,GRID,3599077.3684210517,1.0,False,188.43852788096174,0.00020008246552166218,199574.1878636181,-2.9103830456733704e-11,299588.5962387547,0.0001,293.15,-1.0044625289474672e-13,1.0,1.0,1.0,1.0,1.0,1.0,293.15,1.0,DRESS,0.514720068879406,293.15,0.0,0.0
healthy_25pct_400ms_sag,DRESSING_WATER_SUPPORT,167,1.6600000000000001,1.67,False,1.0,0.9999998681180926,GRID,3599082.3684210517,1.0,False,188.44160148691367,0.00020008178178179006,199588.5962387547,0.0,299602.6198612526,0.0001,293.15,-5.987945746073634e-13,1.0,1.0,1.0,1.0,1.0,1.0,293.15,1.0,DRESS,0.5148074163670228,293.15,0.0,0.0
healthy_25pct_400ms_sag,DRESSING_WATER_SUPPORT,168,1.67,1.68,False,1.0,0.9999998944944741,GRID,3599087.3684210517,1.0,False,188.44452141256798,0.0002000809645601396,199602.6198612526,0.0,299616.2615250796,0.0001,293.15,5.210597573114959e-13,1.0,1.0,1.0,1.0,1.0,1.0,293.15,1.0,DRESS,0.5148947481151473,293.15,0.0,0.0
healthy_25pct_400ms_sag,DRESSING_WATER_SUPPORT,169,1.68,1.69,False,1.0,0.9999999155955793,GRID,3599092.3684210517,1.0,False,188.4472953419396,0.00020008002873802424,199616.26152507964,2.9103830456733704e-11,299629.5248391107,0.0001,293.15,3.7847613510798674e-14,1.0,1.0,1.0,1.0,1.0,1.0,293.15,1.0,DRESS,0.5149820641266191,293.15,0.0,0.0
healthy_25pct_400ms_sag,DRESSING_WATER_SUPPORT,170,1.69,1.7,False,1.0,0.9999999324764635,GRID,3599097.3684210517,1.0,False,188.44993057484263,0.00020007898797647672,199629.5248391107,2.9103830456733704e-11,299642.41387788206,0.0001,293.15,2.6210786143769245e-13,1.0,1.0,1.0,1.0,1.0,1.0,293.15,1.0,DRESS,0.5150693644042768,293.15,0.0,0.0
healthy_25pct_400ms_sag,DRESSING_WATER_SUPPORT,171,1.7,1.71,False,1.0,0.9999999459811708,GRID,3599102.3684210517,1.0,False,188.4524340461005,0.0002000778549314128,199642.41387788203,-2.9103830456733704e-11,299654.93329800665,0.0001,293.15,-1.2008233547884371e-13,1.0,1.0,1.0,1.0,1.0,1.0,293.15,1.0,DRESS,0.5151566489509587,293.15,0.0,0.0
healthy_25pct_400ms_sag,DRESSING_WATER_SUPPORT,172,1.71,1.72,False,1.0,0.9999999567849367,GRID,3599107.3684210517,1.0,False,188.45481234379548,0.00020007664123402444,199654.93329800665,0.0,299667.08816355094,0.0001,293.15,-1.586368227598398e-13,1.0,1.0,1.0,1.0,1.0,1.0,293.15,1.0,DRESS,0.5152439177695026,293.15,0.0,0.0
healthy_25pct_400ms_sag,DRESSING_WATER_SUPPORT,173,1.72,1.73,False,1.0,0.9999999654279493,GRID,3599112.3684210517,1.0,False,188.4570717266057,0.00020007535761470323,199667.0881635509,-2.9103830456733704e-11,299678.88394603506,0.0001,293.15,-7.996587333275462e-15,1.0,1.0,1.0,1.0,1.0,1.0,293.15,1.0,DRESS,0.5153311708627458,293.15,0.0,0.0
healthy_25pct_400ms_sag,DRESSING_WATER_SUPPORT,174,1.73,1.74,False,1.0,0.9999999723423595,GRID,3599117.3684210517,1.0,False,188.45921814027542,0.00020007401393785286,199678.88394603506,0.0,299690.3264662251,0.0001,293.15,3.009396995987507e-13,1.0,1.0,1.0,1.0,1.0,1.0,293.15,1.0,DRESS,0.515418408233525,293.15,0.0,0.0
healthy_25pct_400ms_sag,DRESSING_WATER_SUPPORT,175,1.74,1.75,False,1.0,0.9999999778738876,GRID,3599122.3684210517,1.0,False,188.46125723326165,0.00020007261926405307,199690.3264662251,0.0,299701.4218941331,0.0001,293.15,-2.4117354381672587e-13,1.0,1.0,1.0,1.0,1.0,1.0,293.15,1.0,DRESS,0.5155056298846764,293.15,0.0,0.0
healthy_25pct_400ms_sag,DRESSING_WATER_SUPPORT,176,1.75,1.76,False,1.0,0.9999999822991101,GRID,3599127.3684210517,1.0,False,188.46319437159858,0.00020007118188147726,199701.4218941331,0.0,299712.1765743941,0.0001,293.15,-1.0940113301754115e-14,1.0,1.0,1.0,1.0,1.0,1.0,293.15,1.0,DRESS,0.5155928358190357,293.15,0.0,0.0
healthy_25pct_400ms_sag,DRESSING_WATER_SUPPORT,177,1.76,1.77,False,1.0,0.9999999858392881,GRID,3599132.3684210517,1.0,False,188.46503465301865,0.00020006970942301945,199712.1765743941,0.0,299722.5971426815,0.0001,293.15,-5.140687555553302e-13,1.0,1.0,1.0,1.0,1.0,1.0,293.15,1.0,DRESS,0.5156800260394382,293.15,0.0,0.0
healthy_25pct_400ms_sag,DRESSING_WATER_SUPPORT,178,1.77,1.78,False,1.0,0.9999999886714305,GRID,3599137.3684210517,1.0,False,188.4667829203677,0.00020006820883646401,199722.59714268142,-5.820766091346741e-11,299732.6903510839,0.0001,293.15,-5.071258354655966e-13,1.0,1.0,1.0,1.0,1.0,1.0,293.15,1.0,DRESS,0.5157672005487185,293.15,0.0,0.0
healthy_25pct_400ms_sag,DRESSING_WATER_SUPPORT,179,1.78,1.79,False,1.0,0.9999999909371444,GRID,3599142.3684210517,1.0,False,188.4684437743493,0.00020006668649870634,199732.69035108387,0.0,299742.4630681053,0.0001,293.15,6.242255860368325e-13,1.0,1.0,1.0,1.0,1.0,1.0,293.15,1.0,DRESS,0.5158543593497109,293.15,0.0,0.0
healthy_25pct_400ms_sag,DRESSING_WATER_SUPPORT,180,1.79,1.8,False,1.0,0.9999999927497155,GRID,3599147.3684210517,1.0,False,188.47002158563186,0.00020006514824134788,199742.46306810534,5.820766091346741e-11,299751.9223950803,0.0001,293.15,5.043067580129483e-13,1.0,1.0,1.0,1.0,1.0,1.0,293.15,1.0,DRESS,0.515941502445249,293.15,0.0,0.0
healthy_25pct_400ms_sag,DRESSING_WATER_SUPPORT,181,1.8,1.81,False,1.0,0.9999999941997724,GRID,3599152.3684210517,1.0,False,188.47152050635026,0.00020006359931682398,199751.92239508033,0.0,299761.07543334365,0.0001,293.15,8.34885733678631e-13,1.0,1.0,1.0,1.0,1.0,1.0,293.15,1.0,DRESS,0.5160286298381659,293.15,0.0,0.0
healthy_25pct_400ms_sag,DRESSING_WATER_SUPPORT,182,1.81,1.82,False,1.0,0.9999999953598179,GRID,3599157.3684210517,1.0,False,188.47294448103275,0.00020006204453788305,199761.07543334365,0.0,299769.9294006452,0.0001,293.15,4.915294896203153e-13,1.0,1.0,1.0,1.0,1.0,1.0,293.15,1.0,DRESS,0.5161157415312944,293.15,0.0,0.0
healthy_25pct_400ms_sag,DRESSING_WATER_SUPPORT,183,1.82,1.83,False,1.0,0.9999999962878543,GRID,3599162.3684210517,1.0,False,188.47429725698112,0.00020006048824134748,199769.9294006452,0.0,299778.4915147349,0.0001,293.15,2.0218545912595065e-13,1.0,1.0,1.0,1.0,1.0,1.0,293.15,1.0,DRESS,0.5162028375274664,293.15,0.0,0.0
healthy_25pct_400ms_sag,DRESSING_WATER_SUPPORT,184,1.83,1.84,False,1.0,0.9999999970302834,GRID,3599167.3684210517,1.0,False,188.47558239413206,0.00020005893436715686,199778.49151473492,0.0,299786.7689933628,0.0001,293.15,2.9791825853699527e-13,1.0,1.0,1.0,1.0,1.0,1.0,293.15,1.0,DRESS,0.5162899178295138,293.15,0.0,0.0
healthy_25pct_400ms_sag,DRESSING_WATER_SUPPORT,185,1.84,1.85,False,1.0,0.9999999976242268,GRID,3599172.3684210517,1.0,False,188.47680327442546,0.00020005738647818175,199786.7689933628,2.9103830456733704e-11,299794.76905427873,0.0001,293.15,7.327234413724162e-13,1.0,1.0,1.0,1.0,1.0,1.0,293.15,1.0,DRESS,0.5163769824402675,293.15,0.0,0.0
healthy_25pct_400ms_sag,DRESSING_WATER_SUPPORT,186,1.85,1.86,False,1.0,0.9999999980993814,GRID,3599177.3684210517,1.0,False,188.4779631107042,0.00020005584777904858,199794.76905427873,0.0,299802.4989734404,0.0001,293.15,-9.090456631907487e-14,1.0,1.0,1.0,1.0,1.0,1.0,293.15,1.0,DRESS,0.5164640313625583,293.15,0.0,0.0
healthy_25pct_400ms_sag,DRESSING_WATER_SUPPORT,187,1.86,1.87,False,1.0,0.9999999984795052,GRID,3599182.3684210517,1.0,False,188.47906495516898,0.00020005432110492864,199802.49897344038,0.0,299809.96591039,0.0001,293.15,-5.892591850599099e-13,1.0,1.0,1.0,1.0,1.0,1.0,293.15,1.0,DRESS,0.5165510645992161,293.15,0.0,0.0
healthy_25pct_400ms_sag,DRESSING_WATER_SUPPORT,188,1.87,1.8800000000000001,False,1.0,0.9999999987836041,GRID,3599187.3684210517,1.0,False,188.48011170741054,0.00020005280902581798,199809.96591039,-2.9103830456733704e-11,299817.1769082546,0.0001,293.15,6.143985835597186e-13,1.0,1.0,1.0,1.0,1.0,1.0,293.15,1.0,DRESS,0.5166380821530705,293.15,0.0,0.0
healthy_25pct_400ms_sag,DRESSING_WATER_SUPPORT,189,1.8800000000000001,1.8900000000000001,False,1.0,0.9999999990268833,GRID,3599192.3684210517,1.0,False,188.48110612204002,0.00020005131386268386,199817.17690825465,2.9103830456733704e-11,299824.1391265765,0.0001,293.15,-6.704157629939269e-14,1.0,1.0,1.0,1.0,1.0,1.0,293.15,1.0,DRESS,0.5167250840269506,293.15,0.0,0.0
healthy_25pct_400ms_sag,DRESSING_WATER_SUPPORT,190,1.8900000000000001,1.9000000000000001,False,1.0,0.9999999992215066,GRID,3599197.3684210517,1.0,False,188.482050815938,0.0002000498375864192,199824.1391265765,2.9103830456733704e-11,299830.8595502749,0.0001,293.15,-6.626867771914907e-13,1.0,1.0,1.0,1.0,1.0,1.0,293.15,1.0,DRESS,0.516812070223685,293.15,0.0,0.0
healthy_25pct_400ms_sag,DRESSING_WATER_SUPPORT,191,1.9000000000000001,1.9100000000000001,False,1.0,0.9999999993772053,GRID,3599202.3684210517,1.0,False,188.4829482751411,0.0002000483819778974,199830.8595502749,0.0,299837.3450478539,0.0001,293.15,-4.976091207976384e-13,1.0,1.0,1.0,1.0,1.0,1.0,293.15,1.0,DRESS,0.5168990407461018,293.15,0.0,0.0
healthy_25pct_400ms_sag,DRESSING_WATER_SUPPORT,192,1.9100000000000001,1.92,False,1.0,0.9999999995017642,GRID,3599207.3684210517,1.0,False,188.48380086138405,0.00020004694861272434,199837.34504785392,2.9103830456733704e-11,299843.6023714021,0.0001,293.15,9.560593419374874e-13,1.0,1.0,1.0,1.0,1.0,1.0,293.15,1.0,DRESS,0.5169859955970284,293.15,0.0,0.0
healthy_25pct_400ms_sag,DRESSING_WATER_SUPPORT,193,1.92,1.93,False,1.0,0.9999999996014114,GRID,3599212.3684210517,1.0,False,188.48461081831485,0.00020004553887439483,199843.60237140208,0.0,299849.6383894235,0.0001,293.15,-6.807450133130081e-13,1.0,1.0,1.0,1.0,1.0,1.0,293.15,1.0,DRESS,0.517072934779292,293.15,0.0,0.0
healthy_25pct_400ms_sag,DRESSING_WATER_SUPPORT,194,1.93,1.94,False,1.0,0.9999999996811291,GRID,3599217.3684210517,1.0,False,188.48538027739912,0.00020004415385040347,199849.6383894235,0.0,299855.4596211761,0.0001,293.15,-5.952372703938006e-13,1.0,1.0,1.0,1.0,1.0,1.0,293.15,1.0,DRESS,0.5171598582957189,293.15,0.0,0.0
healthy_25pct_400ms_sag,DRESSING_WATER_SUPPORT,195,1.94,1.95,False,1.0,0.9999999997449033,GRID,3599222.3684210517,1.0,False,188.48611126352915,0.00020004279457689768,199855.45962117615,2.9103830456733704e-11,299861.07252771035,0.0001,293.15,1.8235801215849245e-13,1.0,1.0,1.0,1.0,1.0,1.0,293.15,1.0,DRESS,0.5172467661491351,293.15,0.0,0.0
healthy_25pct_400ms_sag,DRESSING_WATER_SUPPORT,196,1.95,1.96,False,1.0,0.9999999997959226,GRID,3599227.3684210517,1.0,False,188.4868057003527,0.00020004146190447659,199861.07252771032,-2.9103830456733704e-11,299866.4835700765,0.0001,293.15,-7.278852152107279e-13,1.0,1.0,1.0,1.0,1.0,1.0,293.15,1.0,DRESS,0.5173336583423663,293.15,0.0,0.0
healthy_25pct_400ms_sag,DRESSING_WATER_SUPPORT,197,1.96,1.97,False,1.0,0.999999999836738,GRID,3599232.3684210517,1.0,False,188.48746541533507,0.00020004015647981228,199866.48357007647,-5.820766091346741e-11,299871.6989182867,0.0001,293.15,5.646520740020264e-14,1.0,1.0,1.0,1.0,1.0,1.0,293.15,1.0,DRESS,0.5174205348782374,293.15,0.0,0.0
healthy_25pct_400ms_sag,DRESSING_WATER_SUPPORT,198,1.97,1.98,False,1.0,0.9999999998693905,GRID,3599237.3684210517,1.0,False,188.48809214456833,0.00020003887890132467,199871.69891828674,2.9103830456733704e-11,299876.72474235296,0.0001,293.15,4.8823147665764155e-14,1.0,1.0,1.0,1.0,1.0,1.0,293.15,1.0,DRESS,0.5175073957595728,293.15,0.0,0.0
healthy_25pct_400ms_sag,DRESSING_WATER_SUPPORT,199,1.98,1.99,False,1.0,0.9999999998955124,GRID,3599242.3684210517,1.0,False,188.4886875373399,0.0002000376295833693,199876.72474235296,0.0,299881.56703766435,0.0001,293.15,1.5830928148511856e-13,1.0,1.0,1.0,1.0,1.0,1.0,293.15,1.0,DRESS,0.5175942409891966,293.15,0.0,0.0
healthy_25pct_400ms_sag,DRESSING_WATER_SUPPORT,200,1.99,2.0,False,1.0,0.9999999999164099,GRID,3599247.3684210517,1.0,False,188.4892531604729,0.00020003640885272572,199881.56703766435,0.0,299886.23168319464,0.0001,293.15,1.0052272653647064e-13,1.0,1.0,1.0,1.0,1.0,1.0,293.15,1.0,DRESS,0.5176810705699321,293.15,0.0,0.0
healthy_25pct_400ms_sag,DRESSING_WATER_SUPPORT,201,2.0,2.0100000000000002,False,1.0,0.9999999999331279,GRID,3599252.3684210517,1.0,False,188.48979050244927,0.00020003521692823448,199886.23168319464,0.0,299890.7243832946,0.0001,293.15,7.345882897158147e-13,1.0,1.0,1.0,1.0,1.0,1.0,293.15,1.0,DRESS,0.5177678845046023,293.15,0.0,0.0
healthy_25pct_400ms_sag,DRESSING_WATER_SUPPORT,202,2.0100000000000002,2.02,False,1.0,0.9999999999465023,GRID,3599257.3684210517,1.0,False,188.4903009773268,0.00020003405395819558,199890.72438329458,0.0,299895.05084231496,0.0001,293.15,-6.433694283673549e-13,1.0,1.0,1.0,1.0,1.0,1.0,293.15,1.0,DRESS,0.5178546827960296,293.15,0.0,0.0
healthy_25pct_400ms_sag,DRESSING_WATER_SUPPORT,203,2.02,2.0300000000000002,False,1.0,0.9999999999572019,GRID,3599262.3684210517,1.0,False,188.49078592846047,0.00020003291994095704,199895.05084231496,0.0,299899.21641536057,0.0001,293.15,2.723645300196842e-13,1.0,1.0,1.0,1.0,1.0,1.0,293.15,1.0,DRESS,0.5179414654470361,293.15,0.0,0.0
healthy_25pct_400ms_sag,DRESSING_WATER_SUPPORT,204,2.0300000000000002,2.04,False,1.0,0.9999999999657615,GRID,3599267.3684210517,1.0,False,188.49124663203744,0.00020003181490699985,199899.2164153606,2.9103830456733704e-11,299903.2264575362,0.0001,293.15,8.34718732940683e-13,1.0,1.0,1.0,1.0,1.0,1.0,293.15,1.0,DRESS,0.518028232460443,293.15,0.0,0.0
healthy_25pct_400ms_sag,DRESSING_WATER_SUPPORT,205,2.04,2.05,False,1.0,0.9999999999726092,GRID,3599272.3684210517,1.0,False,188.49168430043557,0.00020003073875146242,199903.22645753622,0.0,299907.0862075314,0.0001,293.15,6.477932854818508e-13,1.0,1.0,1.0,1.0,1.0,1.0,293.15,1.0,DRESS,0.5181149838390714,293.15,0.0,0.0
healthy_25pct_400ms_sag,DRESSING_WATER_SUPPORT,206,2.05,2.06,False,1.0,0.9999999999780874,GRID,3599277.3684210517,1.0,False,188.4921000854138,0.0002000296912991001,199907.08620753133,-5.820766091346741e-11,299910.80078762025,0.0001,293.15,-6.964870943400033e-13,1.0,1.0,1.0,1.0,1.0,1.0,293.15,1.0,DRESS,0.5182017195857415,293.15,0.0,0.0
healthy_25pct_400ms_sag,DRESSING_WATER_SUPPORT,207,2.06,2.07,False,1.0,0.9999999999824699,GRID,3599282.3684210517,1.0,False,188.49249508114312,0.0002000286723107096,199910.80078762025,0.0,299914.37502903864,0.0001,293.15,-3.217757007820405e-14,1.0,1.0,1.0,1.0,1.0,1.0,293.15,1.0,DRESS,0.5182884397032732,293.15,0.0,0.0
healthy_25pct_400ms_sag,DRESSING_WATER_SUPPORT,208,2.07,2.08,False,1.0,0.9999999999859759,GRID,3599287.3684210517,1.0,False,188.49287032708597,0.0002000276815765322,199914.37502903864,0.0,299917.8137630224,0.0001,293.15,1.5345284723849826e-14,1.0,1.0,1.0,1.0,1.0,1.0,293.15,1.0,DRESS,0.518375144194486,293.15,0.0,0.0
healthy_25pct_400ms_sag,DRESSING_WATER_SUPPORT,209,2.08,2.09,False,1.0,0.9999999999887808,GRID,3599292.3684210517,1.0,False,188.49322681073167,0.00020002671877655502,199917.81376302242,0.0,299921.12170439214,0.0001,293.15,-9.030352908667328e-13,1.0,1.0,1.0,1.0,1.0,1.0,293.15,1.0,DRESS,0.5184618330621987,293.15,0.0,0.0
healthy_25pct_400ms_sag,DRESSING_WATER_SUPPORT,210,2.09,2.1,False,1.0,0.9999999999910246,GRID,3599297.3684210517,1.0,False,188.49356547019508,0.0002000257835442193,199921.12170439214,0.0,299924.30333513767,0.0001,293.15,-7.382601366198829e-13,1.0,1.0,1.0,1.0,1.0,1.0,293.15,1.0,DRESS,0.5185485063092298,293.15,0.0,0.0
healthy_25pct_400ms_sag,DRESSING_WATER_SUPPORT,211,2.1,2.11,False,1.0,0.9999999999928197,GRID,3599302.3684210517,1.0,False,188.49388719668534,0.0002000248755298552,199924.30333513764,-2.9103830456733704e-11,299927.36307904124,0.0001,293.15,-8.877369829871844e-13,1.0,1.0,1.0,1.0,1.0,1.0,293.15,1.0,DRESS,0.5186351639383969,293.15,0.0,0.0
healthy_25pct_400ms_sag,DRESSING_WATER_SUPPORT,212,2.11,2.12,False,1.0,0.9999999999942558,GRID,3599307.3684210517,1.0,False,188.49419283685106,0.00020002399431835445,199927.36307904124,0.0,299930.30512705445,0.0001,293.15,7.945630172694975e-13,1.0,1.0,1.0,1.0,1.0,1.0,293.15,1.0,DRESS,0.5187218059525175,293.15,0.0,0.0
healthy_25pct_400ms_sag,DRESSING_WATER_SUPPORT,213,2.12,2.13,False,1.0,0.9999999999954047,GRID,3599312.3684210517,1.0,False,188.4944831950085,0.00020002313952119654,199930.30512705445,0.0,299933.1337865442,0.0001,293.15,-5.618705820746955e-13,1.0,1.0,1.0,1.0,1.0,1.0,293.15,1.0,DRESS,0.5188084323544083,293.15,0.0,0.0
healthy_25pct_400ms_sag,DRESSING_WATER_SUPPORT,214,2.13,2.14,False,1.0,0.9999999999963237,GRID,3599317.3684210517,1.0,False,188.49475903525808,0.00020002231060633428,199933.13378654423,2.9103830456733704e-11,299935.85301563144,0.0001,293.15,-4.832261126643992e-13,1.0,1.0,1.0,1.0,1.0,1.0,293.15,1.0,DRESS,0.5188950431468858,293.15,0.0,0.0
healthy_25pct_400ms_sag,DRESSING_WATER_SUPPORT,215,2.14,2.15,False,1.0,0.999999999997059,GRID,3599322.3684210517,1.0,False,188.49502108349517,0.00020002150713526186,199935.85301563144,0.0,299938.4666560218,0.0001,293.15,9.99444236141103e-13,1.0,1.0,1.0,1.0,1.0,1.0,293.15,1.0,DRESS,0.5189816383327658,293.15,0.0,0.0
healthy_25pct_400ms_sag,DRESSING_WATER_SUPPORT,216,2.15,2.16,False,1.0,0.9999999999976472,GRID,3599327.3684210517,1.0,False,188.4952700293204,0.00020002072865066509,199938.46665602177,0.0,299940.97866583616,0.0001,293.15,-8.785406283758287e-13,1.0,1.0,1.0,1.0,1.0,1.0,293.15,1.0,DRESS,0.5190682179148635,293.15,0.0,0.0
healthy_25pct_400ms_sag,DRESSING_WATER_SUPPORT,217,2.16,2.17,False,1.0,0.9999999999981177,GRID,3599332.3684210517,1.0,False,188.4955065278544,0.00020001997456386733,199940.97866583613,-2.9103830456733704e-11,299943.39253753424,0.0001,293.15,8.611385747289753e-13,1.0,1.0,1.0,1.0,1.0,1.0,293.15,1.0,DRESS,0.5191547818959936,293.15,0.0,0.0
healthy_25pct_400ms_sag,DRESSING_WATER_SUPPORT,218,2.17,2.18,False,1.0,0.9999999999984942,GRID,3599337.3684210517,1.0,False,188.49573120146167,0.00020001924444949362,199943.39253753424,0.0,299945.7119964063,0.0001,293.15,-7.261511427986851e-13,1.0,1.0,1.0,1.0,1.0,1.0,293.15,1.0,DRESS,0.5192413302789707,293.15,0.0,0.0
healthy_25pct_400ms_sag,DRESSING_WATER_SUPPORT,219,2.18,2.19,False,1.0,0.9999999999987954,GRID,3599342.3684210517,1.0,False,188.49594464138858,0.00020001853769973515,199945.71199640632,0.0,299947.9404184967,0.0001,293.15,-9.513214364522478e-13,1.0,1.0,1.0,1.0,1.0,1.0,293.15,1.0,DRESS,0.5193278630666083,293.15,0.0,0.0
healthy_25pct_400ms_sag,DRESSING_WATER_SUPPORT,220,2.19,2.2,False,1.0,0.9999999999990363,GRID,3599347.3684210517,1.0,False,188.49614740931915,0.00020001785381865887,199947.94041849673,0.0,299950.0810634345,0.0001,293.15,3.8818655429958124e-13,1.0,1.0,1.0,1.0,1.0,1.0,293.15,1.0,DRESS,0.5194143802617198,293.15,0.0,0.0
healthy_25pct_400ms_sag,DRESSING_WATER_SUPPORT,221,2.2,2.21,False,1.0,0.9999999999992291,GRID,3599352.3684210517,1.0,False,188.4963400388532,0.00020001719230893986,199950.08106343445,-2.9103830456733704e-11,299952.13724905625,0.0001,293.15,-2.8023644602775954e-14,1.0,1.0,1.0,1.0,1.0,1.0,293.15,1.0,DRESS,0.519500881867118,293.15,0.0,0.0
healthy_25pct_400ms_sag,DRESSING_WATER_SUPPORT,222,2.21,2.22,False,1.0,0.9999999999993833,GRID,3599357.3684210517,1.0,False,188.49652303691053,0.0002000165525875361,199952.13724905625,0.0,299954.11206036806,0.0001,293.15,3.3111584709109976e-13,1.0,1.0,1.0,1.0,1.0,1.0,293.15,1.0,DRESS,0.519587367885615,293.15,0.0,0.0
healthy_25pct_400ms_sag,DRESSING_WATER_SUPPORT,223,2.22,2.23,False,1.0,0.9999999999995066,GRID,3599362.3684210517,1.0,False,188.496696885065,0.0002000159341340251,199954.11206036806,0.0,299956.00858237594,0.0001,293.15,-5.973205252892935e-13,1.0,1.0,1.0,1.0,1.0,1.0,293.15,1.0,DRESS,0.5196738383200227,293.15,0.0,0.0
healthy_25pct_400ms_sag,DRESSING_WATER_SUPPORT,224,2.23,2.24,False,1.0,0.9999999999996053,GRID,3599367.3684210517,1.0,False,188.49686204081175,0.00020001533637688693,199956.00858237594,0.0,299957.8296672553,0.0001,293.15,-1.5432749371129596e-13,1.0,1.0,1.0,1.0,1.0,1.0,293.15,1.0,DRESS,0.5197602931731522,293.15,0.0,0.0
healthy_25pct_400ms_sag,DRESSING_WATER_SUPPORT,225,2.24,2.25,False,1.0,0.9999999999996843,GRID,3599372.3684210517,1.0,False,188.49701893877116,0.00020001475881246508,199957.8296672553,2.9103830456733704e-11,299959.5781089738,0.0001,293.15,9.23607802652384e-13,1.0,1.0,1.0,1.0,1.0,1.0,293.15,1.0,DRESS,0.5198467324478144,293.15,0.0,0.0
healthy_25pct_400ms_sag,DRESSING_WATER_SUPPORT,226,2.25,2.2600000000000002,False,1.0,0.9999999999997474,GRID,3599377.3684210517,1.0,False,188.4971679918326,0.00020001420092008841,199959.57810897383,2.9103830456733704e-11,299961.2567014992,0.0001,293.15,7.188303506041556e-13,1.0,1.0,1.0,1.0,1.0,1.0,293.15,1.0,DRESS,0.5199331561468195,293.15,0.0,0.0
healthy_25pct_400ms_sag,DRESSING_WATER_SUPPORT,227,2.2600000000000002,2.27,False,1.0,0.9999999999997979,GRID,3599382.3684210517,1.0,False,188.49730959224098,0.0002000136621352748,199961.25670149922,0.0,299962.86812238395,0.0001,293.15,-3.436117530953371e-13,1.0,1.0,1.0,1.0,1.0,1.0,293.15,1.0,DRESS,0.520019564272977,293.15,0.0,0.0
healthy_25pct_400ms_sag,DRESSING_WATER_SUPPORT,228,2.27,2.2800000000000002,False,1.0,0.9999999999998384,GRID,3599387.3684210517,1.0,False,188.49744411262893,0.0002000131419101246,199962.86812238395,0.0,299964.41481634974,0.0001,293.15,6.226338720831895e-13,1.0,1.0,1.0,1.0,1.0,1.0,293.15,1.0,DRESS,0.5201059568290964,293.15,0.0,0.0
healthy_25pct_400ms_sag,DRESSING_WATER_SUPPORT,229,2.2800000000000002,2.29,False,1.0,0.9999999999998707,GRID,3599392.3684210517,1.0,False,188.49757190699748,0.00020001263977360536,199964.4148163498,5.820766091346741e-11,299965.8993445337,0.0001,293.15,-4.623402312030795e-13,1.0,1.0,1.0,1.0,1.0,1.0,293.15,1.0,DRESS,0.5201923338179864,293.15,0.0,0.0
healthy_25pct_400ms_sag,DRESSING_WATER_SUPPORT,230,2.29,2.3000000000000003,False,1.0,0.9999999999998965,GRID,3599397.3684210517,1.0,False,188.4976933116476,0.00020001215515891762,199965.89934453368,0.0,299967.3240352422,0.0001,293.15,-6.728738378135608e-13,1.0,1.0,1.0,1.0,1.0,1.0,293.15,1.0,DRESS,0.5202786952424548,293.15,0.0,0.0
healthy_25pct_400ms_sag,DRESSING_WATER_SUPPORT,231,2.3000000000000003,2.31,False,1.0,0.9999999999999172,GRID,3599402.3684210517,1.0,False,188.4978086460652,0.00020001168757998394,199967.3240352422,0.0,299968.6911003664,0.0001,293.15,7.273164530477863e-13,1.0,1.0,1.0,1.0,1.0,1.0,293.15,1.0,DRESS,0.5203650411053098,293.15,0.0,0.0
healthy_25pct_400ms_sag,DRESSING_WATER_SUPPORT,232,2.31,2.32,False,1.0,0.9999999999999337,GRID,3599407.3684210517,1.0,False,188.49791821376195,0.00020001123657503,199968.6911003664,0.0,299970.00286821276,0.0001,293.15,-2.1600329652256196e-13,1.0,1.0,1.0,1.0,1.0,1.0,293.15,1.0,DRESS,0.5204513714093583,293.15,0.0,0.0
healthy_25pct_400ms_sag,DRESSING_WATER_SUPPORT,233,2.32,2.33,False,1.0,0.9999999999999469,GRID,3599412.3684210517,1.0,False,188.49802230307384,0.00020001080159187044,199970.0028682128,2.9103830456733704e-11,299971.26143425703,0.0001,293.15,-4.461435051688537e-13,1.0,1.0,1.0,1.0,1.0,1.0,293.15,1.0,DRESS,0.5205376861574069,293.15,0.0,0.0
healthy_25pct_400ms_sag,DRESSING_WATER_SUPPORT,234,2.33,2.34,False,1.0,0.9999999999999576,GRID,3599417.3684210517,1.0,False,188.49812118792013,0.00020001038216413205,199971.26143425703,0.0,299972.4687775597,0.0001,293.15,9.092988590800528e-13,1.0,1.0,1.0,1.0,1.0,1.0,293.15,1.0,DRESS,0.520623985352262,293.15,0.0,0.0
healthy_25pct_400ms_sag,DRESSING_WATER_SUPPORT,235,2.34,2.35,False,1.0,0.999999999999966,GRID,3599422.3684210517,1.0,False,188.49821512852412,0.00020000997785457963,199972.4687775597,0.0,299973.62699359655,0.0001,293.15,3.7044231612387736e-14,1.0,1.0,1.0,1.0,1.0,1.0,293.15,1.0,DRESS,0.5207102689967291,293.15,0.0,0.0
healthy_25pct_400ms_sag,DRESSING_WATER_SUPPORT,236,2.35,2.36,False,1.0,0.9999999999999728,GRID,3599427.3684210517,1.0,False,188.49830437209792,0.00020000958814015964,199973.62699359655,0.0,299974.73794501275,0.0001,293.15,1.3932936943781503e-13,1.0,1.0,1.0,1.0,1.0,1.0,293.15,1.0,DRESS,0.5207965370936135,293.15,0.0,0.0
healthy_25pct_400ms_sag,DRESSING_WATER_SUPPORT,237,2.36,2.37,False,1.0,0.9999999999999782,GRID,3599432.3684210517,1.0,False,188.49838915349304,0.00020000921258799507,199974.73794501275,0.0,299975.80349445343,0.0001,293.15,-1.4804527937789626e-13,1.0,1.0,1.0,1.0,1.0,1.0,293.15,1.0,DRESS,0.5208827896457198,293.15,0.0,0.0
healthy_25pct_400ms_sag,DRESSING_WATER_SUPPORT,238,2.37,2.38,False,1.0,0.9999999999999826,GRID,3599437.3684210517,1.0,False,188.4984696958184,0.00020000885074028733,199975.80349445346,2.9103830456733704e-11,299976.8253881484,0.0001,293.15,1.7231316579738901e-13,1.0,1.0,1.0,1.0,1.0,1.0,293.15,1.0,DRESS,0.520969026655852,293.15,0.0,0.0
healthy_25pct_400ms_sag,DRESSING_WATER_SUPPORT,239,2.38,2.39,False,1.0,0.999999999999986,GRID,3599442.3684210517,1.0,False,188.49854621102747,0.0002000085021737677,199976.8253881484,-2.9103830456733704e-11,299977.80537232757,0.0001,293.15,-1.959788548908026e-13,1.0,1.0,1.0,1.0,1.0,1.0,293.15,1.0,DRESS,0.5210552481268138,293.15,0.0,0.0
healthy_25pct_400ms_sag,DRESSING_WATER_SUPPORT,240,2.39,2.4,False,1.0,0.9999999999999888,GRID,3599447.3684210517,1.0,False,188.4986189004761,0.0002000081664426755,199977.80537232757,0.0,299978.74507680535,0.0001,293.15,-1.852829207332197e-13,1.0,1.0,1.0,1.0,1.0,1.0,293.15,1.0,DRESS,0.5211414540614084,293.15,0.0,0.0
healthy_25pct_400ms_sag,DRESSING_WATER_SUPPORT,241,2.4,2.41,False,1.0,0.999999999999991,GRID,3599452.3684210517,1.0,False,188.49868795545228,0.00020000784313808825,199978.74507680538,2.9103830456733704e-11,299979.64607318863,0.0001,293.15,1.738283361662243e-13,1.0,1.0,1.0,1.0,1.0,1.0,293.15,1.0,DRESS,0.5212276444624384,293.15,0.0,0.0
healthy_25pct_400ms_sag,DRESSING_WATER_SUPPORT,242,2.41,2.42,False,1.0,0.9999999999999928,GRID,3599457.3684210517,1.0,False,188.49875355767966,0.0002000075318598872,199979.6460731886,-2.9103830456733704e-11,299980.50993308425,0.0001,293.15,-3.045672671308909e-13,1.0,1.0,1.0,1.0,1.0,1.0,293.15,1.0,DRESS,0.5213138193327059,293.15,0.0,0.0
healthy_25pct_400ms_sag,DRESSING_WATER_SUPPORT,243,2.42,2.43,False,1.0,0.9999999999999942,GRID,3599462.3684210517,1.0,False,188.49881587979567,0.00020000723218866975,199980.50993308422,-2.9103830456733704e-11,299981.3381116837,0.0001,293.15,-4.3916165680144055e-13,1.0,1.0,1.0,1.0,1.0,1.0,293.15,1.0,DRESS,0.5213999786750125,293.15,0.0,0.0
healthy_25pct_400ms_sag,DRESSING_WATER_SUPPORT,244,2.43,2.44,False,1.0,0.9999999999999953,GRID,3599467.3684210517,1.0,False,188.49887508580588,0.00020000694374491882,199981.33811168373,0.0,299982.1320059709,0.0001,293.15,-1.4381062096549515e-13,1.0,1.0,1.0,1.0,1.0,1.0,293.15,1.0,DRESS,0.5214861224921593,293.15,0.0,0.0
healthy_25pct_400ms_sag,DRESSING_WATER_SUPPORT,245,2.44,2.45,False,1.0,0.9999999999999962,GRID,3599472.3684210517,1.0,False,188.4989313315156,0.00020000666616081666,199982.13200597093,0.0,299982.89295472205,0.0001,293.15,7.084332014258819e-13,1.0,1.0,1.0,1.0,1.0,1.0,293.15,1.0,DRESS,0.5215722507869469,293.15,0.0,0.0
healthy_25pct_400ms_sag,DRESSING_WATER_SUPPORT,246,2.45,2.46,False,1.0,0.999999999999997,GRID,3599477.3684210517,1.0,False,188.49898476493982,0.00020000639908111459,199982.89295472208,2.9103830456733704e-11,299983.62235492095,0.0001,293.15,-1.003240258882567e-13,1.0,1.0,1.0,1.0,1.0,1.0,293.15,1.0,DRESS,0.5216583635621754,293.15,0.0,0.0
healthy_25pct_400ms_sag,DRESSING_WATER_SUPPORT,247,2.46,2.47,False,1.0,0.9999999999999976,GRID,3599482.3684210517,1.0,False,188.49903552669284,0.0002000061421057542,199983.62235492095,0.0,299984.3214289285,0.0001,293.15,-8.886149737148027e-14,1.0,1.0,1.0,1.0,1.0,1.0,293.15,1.0,DRESS,0.5217444608206445,293.15,0.0,0.0
healthy_25pct_400ms_sag,DRESSING_WATER_SUPPORT,248,2.47,2.48,False,1.0,0.999999999999998,GRID,3599487.3684210517,1.0,False,188.49908375035818,0.0002000058949070641,199984.32142892852,0.0,299984.991340898,0.0001,293.15,9.97226033845734e-13,1.0,1.0,1.0,1.0,1.0,1.0,293.15,1.0,DRESS,0.5218305425651532,293.15,0.0,0.0
healthy_25pct_400ms_sag,DRESSING_WATER_SUPPORT,249,2.48,2.49,False,1.0,0.9999999999999984,GRID,3599492.3684210517,1.0,False,188.49912956284027,0.00020000565717230058,199984.99134089798,0.0,299985.63337139785,0.0001,293.15,-1.2339586275488199e-13,1.0,1.0,1.0,1.0,1.0,1.0,293.15,1.0,DRESS,0.5219166087985,293.15,0.0,0.0
healthy_25pct_400ms_sag,DRESSING_WATER_SUPPORT,250,2.49,2.5,False,1.0,0.9999999999999988,GRID,3599497.3684210517,1.0,False,188.49917308469824,0.00020000542851704713,199985.63337139785,0.0,299986.2486263737,0.0001,293.15,-8.956568315789301e-13,1.0,1.0,1.0,1.0,1.0,1.0,293.15,1.0,DRESS,0.522002659523483,293.15,0.0,0.0
healthy_25pct_400ms_sag,DRESSING_WATER_SUPPORT,251,2.5,2.5100000000000002,False,1.0,0.999999999999999,GRID,3599502.3684210517,1.0,False,188.49921443046333,0.00020000520863140288,199986.24862637374,2.9103830456733704e-11,299986.83815356344,0.0001,293.15,-9.891734751179345e-13,1.0,1.0,1.0,1.0,1.0,1.0,293.15,1.0,DRESS,0.5220886947428999,293.15,0.0,0.0
healthy_25pct_400ms_sag,DRESSING_WATER_SUPPORT,252,2.5100000000000002,2.52,False,1.0,0.9999999999999992,GRID,3599507.3684210517,1.0,False,188.49925370894016,0.0002000049972224163,199986.83815356347,2.9103830456733704e-11,299987.4029424973,0.0001,293.15,-2.7509228077038882e-14,1.0,1.0,1.0,1.0,1.0,1.0,293.15,1.0,DRESS,0.5221747144595476,293.15,0.0,0.0
healthy_25pct_400ms_sag,DRESSING_WATER_SUPPORT,253,2.52,2.5300000000000002,False,1.0,0.9999999999999993,GRID,3599512.3684210517,1.0,False,188.49929102349316,0.00020000479401469323,199987.40294249725,-2.9103830456733704e-11,299987.94404091313,0.0001,293.15,2.5919623976588296e-14,1.0,1.0,1.0,1.0,1.0,1.0,293.15,1.0,DRESS,0.5222607186762226,293.15,0.0,0.0
healthy_25pct_400ms_sag,DRESSING_WATER_SUPPORT,254,2.5300000000000002,2.54,False,1.0,0.9999999999999994,GRID,3599517.3684210517,1.0,False,188.4993264723185,0.0002000045986927675,199987.9440409131,-2.9103830456733704e-11,299988.46238013357,0.0001,293.15,7.182920219991734e-13,1.0,1.0,1.0,1.0,1.0,1.0,293.15,1.0,DRESS,0.5223467073957212,293.15,0.0,0.0
healthy_25pct_400ms_sag,DRESSING_WATER_SUPPORT,255,2.54,2.5500000000000003,False,1.0,0.9999999999999996,GRID,3599522.3684210517,1.0,False,188.49936014870258,0.00020000441098895917,199988.46238013357,0.0,299988.9589496888,0.0001,293.15,1.2300969541985988e-13,1.0,1.0,1.0,1.0,1.0,1.0,293.15,1.0,DRESS,0.5224326806208388,293.15,0.0,0.0
healthy_25pct_400ms_sag,DRESSING_WATER_SUPPORT,256,2.5500000000000003,2.56,False,1.0,0.9999999999999997,GRID,3599527.3684210517,1.0,False,188.49939214126744,0.00020000423059658582,199988.9589496888,-2.9103830456733704e-11,299989.4346226938,0.0001,293.15,-1.7486079370476697e-13,1.0,1.0,1.0,1.0,1.0,1.0,293.15,1.0,DRESS,0.5225186383543704,293.15,0.0,0.0
healthy_25pct_400ms_sag,DRESSING_WATER_SUPPORT,257,2.56,2.57,False,1.0,0.9999999999999998,GRID,3599532.3684210517,1.0,False,188.49942253420406,0.00020000405725776734,199989.43462269375,-5.820766091346741e-11,299989.8902140558,0.0001,293.15,3.2350005866420115e-13,1.0,1.0,1.0,1.0,1.0,1.0,293.15,1.0,DRESS,0.5226045805991106,293.15,0.0,0.0
healthy_25pct_400ms_sag,DRESSING_WATER_SUPPORT,258,2.57,2.58,False,1.0,0.9999999999999998,GRID,3599537.3684210517,1.0,False,188.49945140749386,0.00020000389073479257,199989.89021405578,0.0,299990.326538682,0.0001,293.15,9.729274227619176e-13,1.0,1.0,1.0,1.0,1.0,1.0,293.15,1.0,DRESS,0.5226905073578535,293.15,0.0,0.0
healthy_25pct_400ms_sag,DRESSING_WATER_SUPPORT,259,2.58,2.59,False,1.0,0.9999999999999998,GRID,3599542.3684210517,1.0,False,188.49947883711917,0.0002000037307814635,199990.32653868198,0.0,299990.74446968734,0.0001,293.15,-7.348735335499732e-14,1.0,1.0,1.0,1.0,1.0,1.0,293.15,1.0,DRESS,0.5227764186333924,293.15,0.0,0.0
healthy_25pct_400ms_sag,DRESSING_WATER_SUPPORT,260,2.59,2.6,False,1.0,0.9999999999999998,GRID,3599547.3684210517,1.0,False,188.49950489526321,0.0002000035771144156,199990.74446968734,0.0,299991.1447055638,0.0001,293.15,4.410489822692077e-14,1.0,1.0,1.0,1.0,1.0,1.0,293.15,1.0,DRESS,0.5228623144285205,293.15,0.0,0.0
healthy_25pct_400ms_sag,DRESSING_WATER_SUPPORT,261,2.6,2.61,False,1.0,0.9999999999999998,GRID,3599552.3684210517,1.0,False,188.49952965050005,0.00020000342952993457,199991.14470556384,5.820766091346741e-11,299991.52794480324,0.0001,293.15,7.727438578338851e-13,1.0,1.0,1.0,1.0,1.0,1.0,293.15,1.0,DRESS,0.5229481947460303,293.15,0.0,0.0
healthy_25pct_400ms_sag,DRESSING_WATER_SUPPORT,262,2.61,2.62,False,1.0,0.9999999999999998,GRID,3599557.3684210517,1.0,False,188.49955316797505,0.0002000032878170295,199991.52794480324,0.0,299991.89500231296,0.0001,293.15,-8.343214021134259e-13,1.0,1.0,1.0,1.0,1.0,1.0,293.15,1.0,DRESS,0.5230340595887137,293.15,0.0,0.0
healthy_25pct_400ms_sag,DRESSING_WATER_SUPPORT,263,2.62,2.63,False,1.0,0.9999999999999998,GRID,3599562.3684210517,1.0,False,188.4995755095763,0.00020000315169958985,199991.89500231296,0.0,299992.24646016955,0.0001,293.15,-6.876268483652631e-13,1.0,1.0,1.0,1.0,1.0,1.0,293.15,1.0,DRESS,0.5231199089593624,293.15,0.0,0.0
healthy_25pct_400ms_sag,DRESSING_WATER_SUPPORT,264,2.63,2.64,False,1.0,0.9999999999999998,GRID,3599567.3684210517,1.0,False,188.49959673409748,0.00020000302101135114,199992.24646016955,0.0,299992.58290044963,0.0001,293.15,7.555247172238882e-13,1.0,1.0,1.0,1.0,1.0,1.0,293.15,1.0,DRESS,0.5232057428607674,293.15,0.0,0.0
healthy_25pct_400ms_sag,DRESSING_WATER_SUPPORT,265,2.64,2.65,False,1.0,0.9999999999999998,GRID,3599572.3684210517,1.0,False,188.4996168973926,0.0002000028955798103,199992.58290044966,2.9103830456733704e-11,299992.9050216451,0.0001,293.15,6.450778322962729e-13,1.0,1.0,1.0,1.0,1.0,1.0,293.15,1.0,DRESS,0.523291561295719,293.15,0.0,0.0
healthy_25pct_400ms_sag,DRESSING_WATER_SUPPORT,266,2.65,2.66,False,1.0,0.9999999999999998,GRID,3599577.3684210517,1.0,False,188.49963605252296,0.00020000277516833053,199992.90502164513,0.0,299993.21340583265,0.0001,293.15,7.816638075735949e-13,1.0,1.0,1.0,1.0,1.0,1.0,293.15,1.0,DRESS,0.5233773642670073,293.15,0.0,0.0
healthy_25pct_400ms_sag,DRESSING_WATER_SUPPORT,267,2.66,2.67,False,1.0,0.9999999999999998,GRID,3599582.3684210517,1.0,False,188.49965424989682,0.00020000265959285135,199993.21340583265,0.0,299993.5086350888,0.0001,293.15,6.901838822682906e-13,1.0,1.0,1.0,1.0,1.0,1.0,293.15,1.0,DRESS,0.5234631517774219,293.15,0.0,0.0
healthy_25pct_400ms_sag,DRESSING_WATER_SUPPORT,268,2.67,2.68,False,1.0,0.9999999999999998,GRID,3599587.3684210517,1.0,False,188.49967153740198,0.00020000254866396313,199993.50863508877,-2.9103830456733704e-11,299993.7912914902,0.0001,293.15,-1.098098868781854e-13,1.0,1.0,1.0,1.0,1.0,1.0,293.15,1.0,DRESS,0.5235489238297516,293.15,0.0,0.0
healthy_25pct_400ms_sag,DRESSING_WATER_SUPPORT,269,2.68,2.69,False,1.0,0.9999999999999998,GRID,3599592.3684210517,1.0,False,188.49968796053187,0.00020000244218717475,199993.79129149023,2.9103830456733704e-11,299994.0618406981,0.0001,293.15,2.8266717091949586e-13,1.0,1.0,1.0,1.0,1.0,1.0,293.15,1.0,DRESS,0.523634680426785,293.15,0.0,0.0
healthy_25pct_400ms_sag,DRESSING_WATER_SUPPORT,270,2.69,2.7,False,1.0,0.9999999999999998,GRID,3599597.3684210517,1.0,False,188.4997035625053,0.0002000023400213747,199994.0618406981,-2.9103830456733704e-11,299994.3208647892,0.0001,293.15,-8.92841193773225e-13,1.0,1.0,1.0,1.0,1.0,1.0,293.15,1.0,DRESS,0.52372042157131,293.15,0.0,0.0
healthy_25pct_400ms_sag,DRESSING_WATER_SUPPORT,271,2.7,2.71,False,1.0,0.9999999999999998,GRID,3599602.3684210517,1.0,False,188.49971838438003,0.00020000224196265826,199994.32086478922,2.9103830456733704e-11,299994.56871300936,0.0001,293.15,6.417501843523466e-13,1.0,1.0,1.0,1.0,1.0,1.0,293.15,1.0,DRESS,0.5238061472661142,293.15,0.0,0.0
healthy_25pct_400ms_sag,DRESSING_WATER_SUPPORT,272,2.71,2.72,False,1.0,0.9999999999999998,GRID,3599607.3684210517,1.0,False,188.49973246516103,0.00020000214791917817,199994.5687130094,2.9103830456733704e-11,299994.80596743524,0.0001,293.15,-1.530571177609423e-13,1.0,1.0,1.0,1.0,1.0,1.0,293.15,1.0,DRESS,0.5238918575139845,293.15,0.0,0.0
healthy_25pct_400ms_sag,DRESSING_WATER_SUPPORT,273,2.72,2.73,False,1.0,0.9999999999999998,GRID,3599612.3684210517,1.0,False,188.49974584190298,0.00020000205767853405,199994.80596743527,2.9103830456733704e-11,299995.0329773128,0.0001,293.15,9.923263924981052e-13,1.0,1.0,1.0,1.0,1.0,1.0,293.15,1.0,DRESS,0.5239775523177074,293.15,0.0,0.0
healthy_25pct_400ms_sag,DRESSING_WATER_SUPPORT,274,2.73,2.74,False,1.0,0.9999999999999998,GRID,3599617.3684210517,1.0,False,188.49975854980784,0.00020000197114080777,199995.03297731277,-2.9103830456733704e-11,299995.25032471865,0.0001,293.15,-9.696685766622819e-13,1.0,1.0,1.0,1.0,1.0,1.0,293.15,1.0,DRESS,0.5240632316800689,293.15,0.0,0.0
healthy_25pct_400ms_sag,DRESSING_WATER_SUPPORT,275,2.74,2.75,False,1.0,0.9999999999999998,GRID,3599622.3684210517,1.0,False,188.49977062231744,0.0002000018880859317,199995.25032471863,-2.9103830456733704e-11,299995.45824248344,0.0001,293.15,6.093943134400445e-13,1.0,1.0,1.0,1.0,1.0,1.0,293.15,1.0,DRESS,0.5241488956038544,293.15,0.0,0.0
healthy_25pct_400ms_sag,DRESSING_WATER_SUPPORT,276,2.75,2.7600000000000002,False,1.0,0.9999999999999998,GRID,3599627.3684210517,1.0,False,188.49978209120158,0.0002000018084649109,199995.45824248347,2.9103830456733704e-11,299995.65719626844,0.0001,293.15,7.91076628574165e-13,1.0,1.0,1.0,1.0,1.0,1.0,293.15,1.0,DRESS,0.5242345440918488,293.15,0.0,0.0
healthy_25pct_400ms_sag,DRESSING_WATER_SUPPORT,277,2.7600000000000002,2.77,False,1.0,0.9999999999999998,GRID,3599632.3684210517,1.0,False,188.4997929866415,0.00020000173210896508,199995.65719626847,2.9103830456733704e-11,299995.84765173495,0.0001,293.15,-8.262325724852216e-13,1.0,1.0,1.0,1.0,1.0,1.0,293.15,1.0,DRESS,0.5243201771468367,293.15,0.0,0.0
healthy_25pct_400ms_sag,DRESSING_WATER_SUPPORT,278,2.77,2.7800000000000002,False,1.0,0.9999999999999998,GRID,3599637.3684210517,1.0,False,188.49980333730943,0.00020000165884611148,199995.84765173495,0.0,299996.0298417136,0.0001,293.15,1.2568149374949571e-13,1.0,1.0,1.0,1.0,1.0,1.0,293.15,1.0,DRESS,0.524405794771602,293.15,0.0,0.0
healthy_25pct_400ms_sag,DRESSING_WATER_SUPPORT,279,2.7800000000000002,2.79,False,1.0,0.9999999999999998,GRID,3599642.3684210517,1.0,False,188.49981317044396,0.00020000158861773905,199996.0298417136,0.0,299996.20417365804,0.0001,293.15,-1.0797869488726102e-13,1.0,1.0,1.0,1.0,1.0,1.0,293.15,1.0,DRESS,0.5244913969689281,293.15,0.0,0.0
healthy_25pct_400ms_sag,DRESSING_WATER_SUPPORT,280,2.79,2.8000000000000003,False,1.0,0.9999999999999998,GRID,3599647.3684210517,1.0,False,188.49982251192176,0.00020000152127503583,199996.20417365804,0.0,299996.37093860656,0.0001,293.15,5.067621967672023e-13,1.0,1.0,1.0,1.0,1.0,1.0,293.15,1.0,DRESS,0.5245769837415981,293.15,0.0,0.0
healthy_25pct_400ms_sag,DRESSING_WATER_SUPPORT,281,2.8000000000000003,2.81,False,1.0,0.9999999999999998,GRID,3599652.3684210517,1.0,False,188.49983138632567,0.00020000145672465118,199996.37093860653,-2.9103830456733704e-11,299996.5305440128,0.0001,293.15,-6.554797075130737e-13,1.0,1.0,1.0,1.0,1.0,1.0,293.15,1.0,DRESS,0.5246625550923943,293.15,0.0,0.0
healthy_25pct_400ms_sag,DRESSING_WATER_SUPPORT,282,2.81,2.82,False,1.0,0.9999999999999998,GRID,3599657.3684210517,1.0,False,188.4998398170094,0.00020000139481241887,199996.53054401278,0.0,299996.6831644997,0.0001,293.15,8.20430715552233e-13,1.0,1.0,1.0,1.0,1.0,1.0,293.15,1.0,DRESS,0.5247481110240988,293.15,0.0,0.0
healthy_25pct_400ms_sag,DRESSING_WATER_SUPPORT,283,2.82,2.83,False,1.0,0.9999999999999998,GRID,3599662.3684210517,1.0,False,188.4998478261589,0.00020000133549810895,199996.68316449967,-2.9103830456733704e-11,299996.82920752093,0.0001,293.15,3.39238419256967e-14,1.0,1.0,1.0,1.0,1.0,1.0,293.15,1.0,DRESS,0.5248336515394929,293.15,0.0,0.0
healthy_25pct_400ms_sag,DRESSING_WATER_SUPPORT,284,2.83,2.84,False,1.0,0.9999999999999998,GRID,3599667.3684210517,1.0,False,188.49985543485096,0.00020000127862272293,199996.82920752093,0.0,299996.9689641148,0.0001,293.15,-9.912115334251724e-13,1.0,1.0,1.0,1.0,1.0,1.0,293.15,1.0,DRESS,0.5249191766413576,293.15,0.0,0.0
healthy_25pct_400ms_sag,DRESSING_WATER_SUPPORT,285,2.84,2.85,False,1.0,0.9999999999999998,GRID,3599672.3684210517,1.0,False,188.49986266310842,0.00020000122408323314,199996.96896411476,-2.9103830456733704e-11,299997.10260890424,0.0001,293.15,-1.1700813278360745e-13,1.0,1.0,1.0,1.0,1.0,1.0,293.15,1.0,DRESS,0.5250046863324732,293.15,0.0,0.0
healthy_25pct_400ms_sag,DRESSING_WATER_SUPPORT,286,2.85,2.86,False,1.0,0.9999999999999998,GRID,3599677.3684210517,1.0,False,188.499869529953,0.00020000117183269456,199997.1026089042,-2.9103830456733704e-11,299997.2304329276,0.0001,293.15,1.357634257834937e-13,1.0,1.0,1.0,1.0,1.0,1.0,293.15,1.0,DRESS,0.5250901806156199,293.15,0.0,0.0
healthy_25pct_400ms_sag,DRESSING_WATER_SUPPORT,287,2.86,2.87,False,1.0,0.9999999999999998,GRID,3599682.3684210517,1.0,False,188.49987605345535,0.0002000011217639364,199997.2304329276,0.0,299997.3526690155,0.0001,293.15,7.076702505243171e-13,1.0,1.0,1.0,1.0,1.0,1.0,293.15,1.0,DRESS,0.5251756594935769,293.15,0.0,0.0
healthy_25pct_400ms_sag,DRESSING_WATER_SUPPORT,288,2.87,2.88,False,1.0,0.9999999999999998,GRID,3599687.3684210517,1.0,False,188.49988225078258,0.0002000010737969743,199997.35266901553,0.0,299997.46966641396,0.0001,293.15,-9.842013976806968e-13,1.0,1.0,1.0,1.0,1.0,1.0,293.15,1.0,DRESS,0.5252611229691233,293.15,0.0,0.0
healthy_25pct_400ms_sag,DRESSING_WATER_SUPPORT,289,2.88,2.89,False,1.0,0.9999999999999998,GRID,3599692.3684210517,1.0,False,188.49988813824345,0.00020000102779179485,199997.46966641396,0.0,299997.58154153824,0.0001,293.15,-4.814597917393646e-13,1.0,1.0,1.0,1.0,1.0,1.0,293.15,1.0,DRESS,0.5253465710450375,293.15,0.0,0.0
healthy_25pct_400ms_sag,DRESSING_WATER_SUPPORT,290,2.89,2.9,False,1.0,0.9999999999999998,GRID,3599697.3684210517,1.0,False,188.49989373133127,0.00020000098372306883,199997.58154153824,0.0,299997.688527219,0.0001,293.15,-2.541558538061866e-13,1.0,1.0,1.0,1.0,1.0,1.0,293.15,1.0,DRESS,0.5254320037240973,293.15,0.0,0.0
healthy_25pct_400ms_sag,DRESSING_WATER_SUPPORT,291,2.9,2.91,False,1.0,0.9999999999999998,GRID,3599702.3684210517,1.0,False,188.4998990447647,0.0002000009415056158,199997.688527219,0.0,299997.7908562869,0.0001,293.15,-5.038853633390697e-13,1.0,1.0,1.0,1.0,1.0,1.0,293.15,1.0,DRESS,0.5255174210090803,293.15,0.0,0.0
healthy_25pct_400ms_sag,DRESSING_WATER_SUPPORT,292,2.91,2.92,False,1.0,0.9999999999999998,GRID,3599707.3684210517,1.0,False,188.49990409252646,0.00020000090105269335,199997.7908562869,2.9103830456733704e-11,299997.8886451572,0.0001,293.15,9.527080513382086e-13,1.0,1.0,1.0,1.0,1.0,1.0,293.15,1.0,DRESS,0.5256028229027633,293.15,0.0,0.0
healthy_25pct_400ms_sag,DRESSING_WATER_SUPPORT,293,2.92,2.93,False,1.0,0.9999999999999998,GRID,3599712.3684210517,1.0,False,188.49990888790015,0.00020000086233428315,199997.88864515722,0.0,299997.98224307597,0.0001,293.15,-7.456298133179453e-13,1.0,1.0,1.0,1.0,1.0,1.0,293.15,1.0,DRESS,0.5256882094079228,293.15,0.0,0.0
healthy_25pct_400ms_sag,DRESSING_WATER_SUPPORT,294,2.93,2.94,False,1.0,0.9999999999999998,GRID,3599717.3684210517,1.0,False,188.49991344350514,0.00020000082520254213,199997.98224307597,0.0,299998.0717082508,0.0001,293.15,4.4920257292387846e-14,1.0,1.0,1.0,1.0,1.0,1.0,293.15,1.0,DRESS,0.5257735805273347,293.15,0.0,0.0
healthy_25pct_400ms_sag,DRESSING_WATER_SUPPORT,295,2.94,2.95,False,1.0,0.9999999999999998,GRID,3599722.3684210517,1.0,False,188.49991777132988,0.0002000007896538071,199998.07170825082,2.9103830456733704e-11,299998.1572153047,0.0001,293.15,9.050771135159809e-13,1.0,1.0,1.0,1.0,1.0,1.0,293.15,1.0,DRESS,0.5258589362637744,293.15,0.0,0.0
healthy_25pct_400ms_sag,DRESSING_WATER_SUPPORT,296,2.95,2.96,False,1.0,0.9999999999999998,GRID,3599727.3684210517,1.0,False,188.49992188276337,0.00020000075562493524,199998.15721530467,0.0,299998.2390552759,0.0001,293.15,-7.021275992255087e-13,1.0,1.0,1.0,1.0,1.0,1.0,293.15,1.0,DRESS,0.5259442766200169,293.15,0.0,0.0
healthy_25pct_400ms_sag,DRESSING_WATER_SUPPORT,297,2.96,2.97,False,1.0,0.9999999999999998,GRID,3599732.3684210517,1.0,False,188.4999257886252,0.00020000072299336787,199998.2390552759,-2.9103830456733704e-11,299998.3172863722,0.0001,293.15,-2.71743571655184e-13,1.0,1.0,1.0,1.0,1.0,1.0,293.15,1.0,DRESS,0.5260296015988365,293.15,0.0,0.0
healthy_25pct_400ms_sag,DRESSING_WATER_SUPPORT,298,2.97,2.98,False,1.0,0.9999999999999998,GRID,3599737.3684210517,1.0,False,188.49992949919394,0.00020000069175181312,199998.31728637218,0.0,299998.3920250088,0.0001,293.15,9.66576465134139e-13,1.0,1.0,1.0,1.0,1.0,1.0,293.15,1.0,DRESS,0.5261149112030072,293.15,0.0,0.0
healthy_25pct_400ms_sag,DRESSING_WATER_SUPPORT,299,2.98,2.99,False,1.0,0.9999999999999998,GRID,3599742.3684210517,1.0,False,188.49993302423425,0.00020000066186278486,199998.39202500877,-2.9103830456733704e-11,299998.4635040164,0.0001,293.15,5.306246197640871e-13,1.0,1.0,1.0,1.0,1.0,1.0,293.15,1.0,DRESS,0.5262002054353024,293.15,0.0,0.0
healthy_25pct_400ms_sag,DRESSING_WATER_SUPPORT,300,2.99,3.0,False,1.0,0.9999999999999998,GRID,3599747.3684210517,1.0,False,188.49993637302254,0.00020000063322955333,199998.4635040164,0.0,299998.5318398103,0.0001,293.15,5.937699187581845e-13,1.0,1.0,1.0,1.0,1.0,1.0,293.15,1.0,DRESS,0.5262854842984951,293.15,0.0,0.0
healthy_25pct_400ms_sag,DRESSING_WATER_SUPPORT,301,3.0,3.0100000000000002,False,1.0,0.9999999999999998,GRID,3599752.3684210517,1.0,False,188.4999395543714,0.000200000605812612,199998.5318398103,0.0,299998.5972070135,0.0001,293.15,-1.349588865142356e-13,1.0,1.0,1.0,1.0,1.0,1.0,293.15,1.0,DRESS,0.5263707477953575,293.15,0.0,0.0
healthy_25pct_400ms_sag,DRESSING_WATER_SUPPORT,302,3.0100000000000002,3.02,False,1.0,0.9999999999999998,GRID,3599757.3684210517,1.0,False,188.4999425766528,0.00020000057954241548,199998.59720701352,0.0,299998.6596638337,0.0001,293.15,5.740954293984222e-13,1.0,1.0,1.0,1.0,1.0,1.0,293.15,1.0,DRESS,0.5264559959286618,293.15,0.0,0.0
healthy_25pct_400ms_sag,DRESSING_WATER_SUPPORT,303,3.02,3.0300000000000002,False,1.0,0.9999999999999998,GRID,3599762.3684210517,1.0,False,188.49994544782018,0.00020000055440673773,199998.65966383365,-2.9103830456733704e-11,299998.7193848938,0.0001,293.15,2.930888913727543e-13,1.0,1.0,1.0,1.0,1.0,1.0,293.15,1.0,DRESS,0.5265412287011791,293.15,0.0,0.0
healthy_25pct_400ms_sag,DRESSING_WATER_SUPPORT,304,3.0300000000000002,3.04,False,1.0,0.9999999999999998,GRID,3599767.3684210517,1.0,False,188.49994817542918,0.000200000530334301,199998.71938489377,0.0,299998.77648660913,0.0001,293.15,5.668931957967149e-14,1.0,1.0,1.0,1.0,1.0,1.0,293.15,1.0,DRESS,0.5266264461156807,293.15,0.0,0.0
healthy_25pct_400ms_sag,DRESSING_WATER_SUPPORT,305,3.04,3.0500000000000003,False,1.0,0.9999999999999998,GRID,3599772.3684210517,1.0,False,188.49995076665772,0.00020000050728212989,199998.7764866091,-2.9103830456733704e-11,299998.8310271874,0.0001,293.15,9.56970653978826e-13,1.0,1.0,1.0,1.0,1.0,1.0,293.15,1.0,DRESS,0.5267116481749367,293.15,0.0,0.0
healthy_25pct_400ms_sag,DRESSING_WATER_SUPPORT,306,3.0500000000000003,3.06,False,1.0,0.9999999999999998,GRID,3599777.3684210517,1.0,False,188.49995322832484,0.00020000048523559095,199998.8310271874,0.0,299998.8831812516,0.0001,293.15,5.63681584048082e-13,1.0,1.0,1.0,1.0,1.0,1.0,293.15,1.0,DRESS,0.526796834881717,293.15,0.0,0.0
healthy_25pct_400ms_sag,DRESSING_WATER_SUPPORT,307,3.06,3.0700000000000003,False,1.0,0.9999999999999998,GRID,3599782.3684210517,1.0,False,188.4999555669086,0.00020000046412111967,199998.8831812516,0.0,299998.933065217,0.0001,293.15,-9.079689636870397e-14,1.0,1.0,1.0,1.0,1.0,1.0,293.15,1.0,DRESS,0.5268820062387912,293.15,0.0,0.0
healthy_25pct_400ms_sag,DRESSING_WATER_SUPPORT,308,3.0700000000000003,3.08,False,1.0,0.9999999999999998,GRID,3599787.3684210517,1.0,False,188.49995778856317,0.00020000044389356818,199998.933065217,0.0,299998.9807372913,0.0001,293.15,8.343677745248596e-14,1.0,1.0,1.0,1.0,1.0,1.0,293.15,1.0,DRESS,0.5269671622489281,293.15,0.0,0.0
healthy_25pct_400ms_sag,DRESSING_WATER_SUPPORT,309,3.08,3.09,False,1.0,0.9999999999999998,GRID,3599792.3684210517,1.0,False,188.499959899135,0.00020000042453623913,199998.98073729128,0.0,299999.0263138898,0.0001,293.15,-1.5267567429495943e-13,1.0,1.0,1.0,1.0,1.0,1.0,293.15,1.0,DRESS,0.5270523029148962,293.15,0.0,0.0
healthy_25pct_400ms_sag,DRESSING_WATER_SUPPORT,310,3.09,3.1,False,1.0,0.9999999999999998,GRID,3599797.3684210517,1.0,False,188.49996190417826,0.00020000040600271117,199999.02631388977,0.0,299999.0699114278,0.0001,293.15,-9.037632171501093e-13,1.0,1.0,1.0,1.0,1.0,1.0,293.15,1.0,DRESS,0.5271374282394634,293.15,0.0,0.0
healthy_25pct_400ms_sag,DRESSING_WATER_SUPPORT,311,3.1,3.11,False,1.0,0.9999999999999998,GRID,3599802.3684210517,1.0,False,188.49996380896934,0.00020000038824597363,199999.0699114278,0.0,299999.11152990535,0.0001,293.15,1.1146989093483605e-13,1.0,1.0,1.0,1.0,1.0,1.0,293.15,1.0,DRESS,0.5272225382253971,293.15,0.0,0.0
healthy_25pct_400ms_sag,DRESSING_WATER_SUPPORT,312,3.11,3.12,False,1.0,0.9999999999999998,GRID,3599807.3684210517,1.0,False,188.49996561852086,0.00020000037127666345,199999.11152990532,-2.9103830456733704e-11,299999.15128573775,0.0001,293.15,5.171464878507129e-13,1.0,1.0,1.0,1.0,1.0,1.0,293.15,1.0,DRESS,0.5273076328754641,293.15,0.0,0.0
healthy_25pct_400ms_sag,DRESSING_WATER_SUPPORT,313,3.12,3.13,False,1.0,0.9999999999999998,GRID,3599812.3684210517,1.0,False,188.49996733759482,0.00020000035504667835,199999.15128573778,2.9103830456733704e-11,299999.189353548,0.0001,293.15,-9.863004060391533e-13,1.0,1.0,1.0,1.0,1.0,1.0,293.15,1.0,DRESS,0.527392712192431,293.15,0.0,0.0
healthy_25pct_400ms_sag,DRESSING_WATER_SUPPORT,314,3.13,3.14,False,1.0,0.9999999999999998,GRID,3599817.3684210517,1.0,False,188.4999689707151,0.00020000033947830688,199999.189353548,0.0,299999.2256751284,0.0001,293.15,2.0913448002446033e-13,1.0,1.0,1.0,1.0,1.0,1.0,293.15,1.0,DRESS,0.5274777761790636,293.15,0.0,0.0
healthy_25pct_400ms_sag,DRESSING_WATER_SUPPORT,315,3.14,3.15,False,1.0,0.9999999999999998,GRID,3599822.3684210517,1.0,False,188.49997052217932,0.0002000003246097726,199999.2256751284,0.0,299999.2603668943,0.0001,293.15,5.910073683701139e-13,1.0,1.0,1.0,1.0,1.0,1.0,293.15,1.0,DRESS,0.5275628248381273,293.15,0.0,0.0
healthy_25pct_400ms_sag,DRESSING_WATER_SUPPORT,316,3.15,3.16,False,1.0,0.9999999999999998,GRID,3599827.3684210517,1.0,False,188.49997199607037,0.00020000031039153207,199999.2603668943,0.0,299999.293545261,0.0001,293.15,5.156713001484861e-14,1.0,1.0,1.0,1.0,1.0,1.0,293.15,1.0,DRESS,0.5276478581723871,293.15,0.0,0.0
healthy_25pct_400ms_sag,DRESSING_WATER_SUPPORT,317,3.16,3.17,False,1.0,0.9999999999999998,GRID,3599832.3684210517,1.0,False,188.49997339626685,0.00020000029677360814,199999.29354526105,2.9103830456733704e-11,299999.32521022856,0.0001,293.15,8.691431163101202e-13,1.0,1.0,1.0,1.0,1.0,1.0,293.15,1.0,DRESS,0.5277328761846074,293.15,0.0,0.0
healthy_25pct_400ms_sag,DRESSING_WATER_SUPPORT,318,3.17,3.18,False,1.0,0.9999999999999998,GRID,3599837.3684210517,1.0,False,188.4999747264535,0.00020000028376382015,199999.32521022853,-2.9103830456733704e-11,299999.35547821224,0.0001,293.15,6.650405269883823e-13,1.0,1.0,1.0,1.0,1.0,1.0,293.15,1.0,DRESS,0.527817878877552,293.15,0.0,0.0
healthy_25pct_400ms_sag,DRESSING_WATER_SUPPORT,319,3.18,3.19,False,1.0,0.9999999999999998,GRID,3599842.3684210517,1.0,False,188.49997599013082,0.00020000027131138854,199999.35547821224,0.0,299999.3844656274,0.0001,293.15,-6.697278522776473e-13,1.0,1.0,1.0,1.0,1.0,1.0,293.15,1.0,DRESS,0.5279028662539845,293.15,0.0,0.0
healthy_25pct_400ms_sag,DRESSING_WATER_SUPPORT,320,3.19,3.2,False,1.0,0.9999999999999998,GRID,3599847.3684210517,1.0,False,188.4999771906243,0.00020000025936516282,199999.38446562737,0.0,299999.41217247397,0.0001,293.15,-8.58006061490109e-13,1.0,1.0,1.0,1.0,1.0,1.0,293.15,1.0,DRESS,0.5279878383166677,293.15,0.0,0.0
healthy_25pct_400ms_sag,DRESSING_WATER_SUPPORT,321,3.2,3.21,False,1.0,0.9999999999999998,GRID,3599852.3684210517,1.0,False,188.49997833109308,0.0002000002479318466,199999.41217247397,0.0,299999.438598752,0.0001,293.15,1.0690950783074085e-13,1.0,1.0,1.0,1.0,1.0,1.0,293.15,1.0,DRESS,0.5280727950683641,293.15,0.0,0.0
healthy_25pct_400ms_sag,DRESSING_WATER_SUPPORT,322,3.21,3.22,False,1.0,0.9999999999999998,GRID,3599857.3684210517,1.0,False,188.49997941453842,0.00020000023701780882,199999.438598752,-2.9103830456733704e-11,299999.46386087686,0.0001,293.15,-1.5512634959131005e-13,1.0,1.0,1.0,1.0,1.0,1.0,293.15,1.0,DRESS,0.5281577365118355,293.15,0.0,0.0
healthy_25pct_400ms_sag,DRESSING_WATER_SUPPORT,323,3.22,3.23,False,1.0,0.9999999999999998,GRID,3599862.3684210517,1.0,False,188.4999804438115,0.00020000022657089213,199999.46386087686,0.0,299999.4879588485,0.0001,293.15,6.320355225514937e-13,1.0,1.0,1.0,1.0,1.0,1.0,293.15,1.0,DRESS,0.5282426626498434,293.15,0.0,0.0
healthy_25pct_400ms_sag,DRESSING_WATER_SUPPORT,324,3.23,3.24,False,1.0,0.9999999999999998,GRID,3599867.3684210517,1.0,False,188.49998142162093,0.00020000021659684434,199999.48795884848,0.0,299999.5110090822,0.0001,293.15,8.762879311064312e-14,1.0,1.0,1.0,1.0,1.0,1.0,293.15,1.0,DRESS,0.5283275734851488,293.15,0.0,0.0
healthy_25pct_400ms_sag,DRESSING_WATER_SUPPORT,325,3.24,3.25,False,1.0,0.9999999999999998,GRID,3599872.3684210517,1.0,False,188.49998235053988,0.00020000020704291822,199999.5110090822,0.0,299999.533011578,0.0001,293.15,4.872127039919476e-13,1.0,1.0,1.0,1.0,1.0,1.0,293.15,1.0,DRESS,0.528412469020512,293.15,0.0,0.0
healthy_25pct_400ms_sag,DRESSING_WATER_SUPPORT,326,3.25,3.2600000000000002,False,1.0,0.9999999999999998,GRID,3599877.3684210517,1.0,False,188.4999832330129,0.00020000019791430114,199999.53301157802,0.0,299999.5540827513,0.0001,293.15,-5.505395136084833e-13,1.0,1.0,1.0,1.0,1.0,1.0,293.15,1.0,DRESS,0.528497349258693,293.15,0.0,0.0
healthy_25pct_400ms_sag,DRESSING_WATER_SUPPORT,327,3.2600000000000002,3.27,False,1.0,0.9999999999999998,GRID,3599882.3684210517,1.0,False,188.49998407136226,0.00020000018915771356,199999.55408275127,0.0,299999.57422260195,0.0001,293.15,-7.506009339465797e-13,1.0,1.0,1.0,1.0,1.0,1.0,293.15,1.0,DRESS,0.5285822142024511,293.15,0.0,0.0
healthy_25pct_400ms_sag,DRESSING_WATER_SUPPORT,328,3.27,3.2800000000000002,False,1.0,0.9999999999999998,GRID,3599887.3684210517,1.0,False,188.49998486779415,0.000200000180777837,199999.57422260195,0.0,299999.59343113005,0.0001,293.15,-1.0829006690929087e-13,1.0,1.0,1.0,1.0,1.0,1.0,293.15,1.0,DRESS,0.5286670638545454,293.15,0.0,0.0
healthy_25pct_400ms_sag,DRESSING_WATER_SUPPORT,329,3.2800000000000002,3.29,False,1.0,0.9999999999999998,GRID,3599892.3684210517,1.0,False,188.49998562440445,0.00020000017277911896,199999.59343113005,0.0,299999.61176654324,0.0001,293.15,1.8758358039627422e-13,1.0,1.0,1.0,1.0,1.0,1.0,293.15,1.0,DRESS,0.5287518982177343,293.15,0.0,0.0
healthy_25pct_400ms_sag,DRESSING_WATER_SUPPORT,330,3.29,3.3000000000000003,False,1.0,0.9999999999999998,GRID,3599897.3684210517,1.0,False,188.49998634318422,0.0002000001651366808,199999.61176654324,0.0,299999.6292870492,0.0001,293.15,8.303750048674428e-14,1.0,1.0,1.0,1.0,1.0,1.0,293.15,1.0,DRESS,0.5288367172947757,293.15,0.0,0.0
healthy_25pct_400ms_sag,DRESSING_WATER_SUPPORT,331,3.3000000000000003,3.31,False,1.0,0.9999999999999998,GRID,3599902.3684210517,1.0,False,188.499987026025,0.00020000015782543264,199999.6292870492,2.9103830456733704e-11,299999.6460508555,0.0001,293.15,-4.761219895990877e-13,1.0,1.0,1.0,1.0,1.0,1.0,293.15,1.0,DRESS,0.5289215210884269,293.15,0.0,0.0
healthy_25pct_400ms_sag,DRESSING_WATER_SUPPORT,332,3.31,3.3200000000000003,False,1.0,0.9999999999999998,GRID,3599907.3684210517,1.0,False,188.49998767472374,0.00020000015082008383,199999.64605085552,0.0,299999.6619997546,0.0001,293.15,8.422247263755346e-13,1.0,1.0,1.0,1.0,1.0,1.0,293.15,1.0,DRESS,0.5290063096014451,293.15,0.0,0.0
healthy_25pct_400ms_sag,DRESSING_WATER_SUPPORT,333,3.3200000000000003,3.33,False,1.0,0.9999999999999998,GRID,3599912.3684210517,1.0,False,188.49998829098755,0.00020000014415336073,199999.66199975467,5.820766091346741e-11,299999.67725016177,0.0001,293.15,5.201366540165967e-13,1.0,1.0,1.0,1.0,1.0,1.0,293.15,1.0,DRESS,0.5290910828365866,293.15,0.0,0.0
healthy_25pct_400ms_sag,DRESSING_WATER_SUPPORT,334,3.33,3.34,False,1.0,0.9999999999999998,GRID,3599917.3684210517,1.0,False,188.49998887643818,0.00020000013777049714,199999.67725016177,0.0,299999.691802077,0.0001,293.15,8.311540746017837e-13,1.0,1.0,1.0,1.0,1.0,1.0,293.15,1.0,DRESS,0.5291758407966073,293.15,0.0,0.0
healthy_25pct_400ms_sag,DRESSING_WATER_SUPPORT,335,3.34,3.35,False,1.0,0.9999999999999998,GRID,3599922.3684210517,1.0,False,188.49998943261627,0.00020000013167476233,199999.691802077,0.0,299999.7057719156,0.0001,293.15,-6.079678698412452e-13,1.0,1.0,1.0,1.0,1.0,1.0,293.15,1.0,DRESS,0.5292605834842627,293.15,0.0,0.0
healthy_25pct_400ms_sag,DRESSING_WATER_SUPPORT,336,3.35,3.36,False,1.0,0.9999999999999998,GRID,3599927.3684210517,1.0,False,188.49998996098546,0.0002000001258110546,199999.70577191561,0.0,299999.7190432623,0.0001,293.15,8.624896754910102e-13,1.0,1.0,1.0,1.0,1.0,1.0,293.15,1.0,DRESS,0.5293453109023079,293.15,0.0,0.0
healthy_25pct_400ms_sag,DRESSING_WATER_SUPPORT,337,3.36,3.37,False,1.0,0.9999999999999998,GRID,3599932.3684210517,1.0,False,188.49999046293618,0.000200000120240532,199999.7190432623,0.0,299999.7317325324,0.0001,293.15,5.888642226831325e-13,1.0,1.0,1.0,1.0,1.0,1.0,293.15,1.0,DRESS,0.5294300230534971,293.15,0.0,0.0
healthy_25pct_400ms_sag,DRESSING_WATER_SUPPORT,338,3.37,3.38,False,1.0,0.9999999999999998,GRID,3599937.3684210517,1.0,False,188.49999093978937,0.00020000011490779013,199999.73173253238,0.0,299999.74383972585,0.0001,293.15,8.44057796746392e-13,1.0,1.0,1.0,1.0,1.0,1.0,293.15,1.0,DRESS,0.5295147199405843,293.15,0.0,0.0
healthy_25pct_400ms_sag,DRESSING_WATER_SUPPORT,339,3.38,3.39,False,1.0,0.9999999999999998,GRID,3599942.3684210517,1.0,False,188.4999913927999,0.00020000010981549172,199999.7438397259,5.820766091346741e-11,299999.75548125803,0.0001,293.15,-7.557809494343135e-13,1.0,1.0,1.0,1.0,1.0,1.0,293.15,1.0,DRESS,0.529599401566323,293.15,0.0,0.0
healthy_25pct_400ms_sag,DRESSING_WATER_SUPPORT,340,3.39,3.4,False,1.0,0.9999999999999998,GRID,3599947.3684210517,1.0,False,188.49999182315992,0.0002000001049079591,199999.75548125798,-5.820766091346741e-11,299999.7665407136,0.0001,293.15,4.484908158828277e-13,1.0,1.0,1.0,1.0,1.0,1.0,293.15,1.0,DRESS,0.5296840679334662,293.15,0.0,0.0
healthy_25pct_400ms_sag,DRESSING_WATER_SUPPORT,341,3.4,3.41,False,1.0,0.9999999999999998,GRID,3599952.3684210517,1.0,False,188.49999223200192,0.00020000010024580285,199999.76654071364,2.9103830456733704e-11,299999.7771345079,0.0001,293.15,-1.9733682244706843e-13,1.0,1.0,1.0,1.0,1.0,1.0,293.15,1.0,DRESS,0.5297687190447663,293.15,0.0,0.0
healthy_25pct_400ms_sag,DRESSING_WATER_SUPPORT,342,3.41,3.42,False,1.0,0.9999999999999998,GRID,3599957.3684210517,1.0,False,188.49999262040183,0.00020000009577309866,199999.77713450792,2.9103830456733704e-11,299999.7872626409,0.0001,293.15,-4.2088176856452144e-13,1.0,1.0,1.0,1.0,1.0,1.0,293.15,1.0,DRESS,0.5298533549029752,293.15,0.0,0.0
healthy_25pct_400ms_sag,DRESSING_WATER_SUPPORT,343,3.42,3.43,False,1.0,0.9999999999999998,GRID,3599962.3684210517,1.0,False,188.49999298938172,0.00020000009149201534,199999.78726264092,2.9103830456733704e-11,299999.7969251126,0.0001,293.15,-2.1997521154877148e-13,1.0,1.0,1.0,1.0,1.0,1.0,293.15,1.0,DRESS,0.5299379755108446,293.15,0.0,0.0
healthy_25pct_400ms_sag,DRESSING_WATER_SUPPORT,344,3.43,3.44,False,1.0,0.9999999999999998,GRID,3599967.3684210517,1.0,False,188.49999333991263,0.00020000008740461348,199999.79692511258,-2.9103830456733704e-11,299999.80612192303,0.0001,293.15,4.0744346969673195e-13,1.0,1.0,1.0,1.0,1.0,1.0,293.15,1.0,DRESS,0.5300225808711253,293.15,0.0,0.0
healthy_25pct_400ms_sag,DRESSING_WATER_SUPPORT,345,3.44,3.45,False,1.0,0.9999999999999998,GRID,3599972.3684210517,1.0,False,188.49999367291701,0.00020000008351285048,199999.80612192303,0.0,299999.8149694875,0.0001,293.15,-9.231824403240309e-13,1.0,1.0,1.0,1.0,1.0,1.0,293.15,1.0,DRESS,0.5301071709865678,293.15,0.0,0.0
healthy_25pct_400ms_sag,DRESSING_WATER_SUPPORT,346,3.45,3.46,False,1.0,0.9999999999999998,GRID,3599977.3684210517,1.0,False,188.49999398927116,0.00020000007976037827,199999.8149694875,0.0,299999.82335139066,0.0001,293.15,4.466195008224753e-13,1.0,1.0,1.0,1.0,1.0,1.0,293.15,1.0,DRESS,0.530191745859922,293.15,0.0,0.0
healthy_25pct_400ms_sag,DRESSING_WATER_SUPPORT,347,3.46,3.47,False,1.0,0.9999999999999998,GRID,3599982.3684210517,1.0,False,188.4999942898076,0.0002000000762071712,199999.82335139063,-2.9103830456733704e-11,299999.83138404787,0.0001,293.15,-1.3799685894857983e-13,1.0,1.0,1.0,1.0,1.0,1.0,293.15,1.0,DRESS,0.5302763054939374,293.15,0.0,0.0
healthy_25pct_400ms_sag,DRESSING_WATER_SUPPORT,348,3.47,3.48,False,1.0,0.9999999999999998,GRID,3599987.3684210517,1.0,False,188.49999457531723,0.0002000000727966998,199999.83138404784,-2.9103830456733704e-11,299999.8390674591,0.0001,293.15,-4.0525457122021105e-13,1.0,1.0,1.0,1.0,1.0,1.0,293.15,1.0,DRESS,0.5303608498913631,293.15,0.0,0.0
healthy_25pct_400ms_sag,DRESSING_WATER_SUPPORT,349,3.48,3.49,False,1.0,0.9999999999999998,GRID,3599992.3684210517,1.0,False,188.49999484655137,0.0002000000695305585,199999.83906745916,5.820766091346741e-11,299999.8464016244,0.0001,293.15,-3.535591811725327e-13,1.0,1.0,1.0,1.0,1.0,1.0,293.15,1.0,DRESS,0.5304453790549476,293.15,0.0,0.0
healthy_25pct_400ms_sag,DRESSING_WATER_SUPPORT,350,3.49,3.5,False,1.0,0.9999999999999998,GRID,3599997.3684210517,1.0,False,188.4999951042238,0.00020000006641026196,199999.84640162432,-5.820766091346741e-11,299999.8533865437,0.0001,293.15,1.860391452436317e-14,1.0,1.0,1.0,1.0,1.0,1.0,293.15,1.0,DRESS,0.5305298929874388,293.15,0.0,0.0
healthy_25pct_400ms_sag,DRESSING_WATER_SUPPORT,351,3.5,3.5100000000000002,False,1.0,0.9999999999999998,GRID,3600000.0,1.0,False,188.49999534901264,0.000200000063437249,199999.85338654366,-2.9103830456733704e-11,299999.86002221704,0.0001,293.15,7.126736012311377e-13,1.0,1.0,1.0,1.0,1.0,1.0,293.15,1.0,DRESS,0.5306143916915842,293.15,0.0,0.0
healthy_25pct_400ms_sag,DRESSING_WATER_SUPPORT,352,3.5100000000000002,3.52,False,1.0,0.9999999999999998,GRID,3600000.0,1.0,False,188.49999558156202,0.00020000006061288668,199999.86002221704,0.0,299999.86642505974,0.0001,293.15,-6.564971981835969e-13,1.0,1.0,1.0,1.0,1.0,1.0,293.15,1.0,DRESS,0.5306988751701307,293.15,0.0,0.0
healthy_25pct_400ms_sag,DRESSING_WATER_SUPPORT,353,3.52,3.5300000000000002,False,1.0,0.9999999999999998,GRID,3600000.0,1.0,False,188.4999958024839,0.00020000005788026588,199999.8664250597,-2.9103830456733704e-11,299999.87247865647,0.0001,293.15,5.690029382995163e-13,1.0,1.0,1.0,1.0,1.0,1.0,293.15,1.0,DRESS,0.530783343425825,293.15,0.0,0.0
healthy_25pct_400ms_sag,DRESSING_WATER_SUPPORT,354,3.5300000000000002,3.54,False,1.0,0.9999999999999998,GRID,3600000.0,1.0,False,188.4999960123597,0.00020000005529882803,199999.87247865647,0.0,299999.87829942256,0.0001,293.15,-2.662050809822125e-13,1.0,1.0,1.0,1.0,1.0,1.0,293.15,1.0,DRESS,0.530867796461413,293.15,0.0,0.0
healthy_25pct_400ms_sag,DRESSING_WATER_SUPPORT,355,3.54,3.5500000000000003,False,1.0,0.9999999999999998,GRID,3600000.0,1.0,False,188.49999621174172,0.00020000005281153743,199999.8782994226,2.9103830456733704e-11,299999.883887358,0.0001,293.15,-8.908505351587233e-13,1.0,1.0,1.0,1.0,1.0,1.0,293.15,1.0,DRESS,0.5309522342796402,293.15,0.0,0.0
healthy_25pct_400ms_sag,DRESSING_WATER_SUPPORT,356,3.5500000000000003,3.56,False,1.0,0.9999999999999998,GRID,3600000.0,1.0,False,188.49999640115462,0.0002000000504195075,199999.88388735804,2.9103830456733704e-11,299999.88918425515,0.0001,293.15,-1.1056294931238387e-13,1.0,1.0,1.0,1.0,1.0,1.0,293.15,1.0,DRESS,0.5310366568832516,293.15,0.0,0.0
healthy_25pct_400ms_sag,DRESSING_WATER_SUPPORT,357,3.56,3.5700000000000003,False,1.0,0.9999999999999998,GRID,3600000.0,1.0,False,188.4999965810969,0.0002000000481528999,199999.88918425512,-2.9103830456733704e-11,299999.89424832165,0.0001,293.15,-2.5259093102726564e-13,1.0,1.0,1.0,1.0,1.0,1.0,293.15,1.0,DRESS,0.5311210642749918,293.15,0.0,0.0
healthy_25pct_400ms_sag,DRESSING_WATER_SUPPORT,358,3.5700000000000003,3.58,False,1.0,0.9999999999999998,GRID,3600000.0,1.0,False,188.49999675204205,0.00020000004598361553,199999.89424832162,-2.9103830456733704e-11,299999.8990795575,0.0001,293.15,-1.8088035355548615e-13,1.0,1.0,1.0,1.0,1.0,1.0,293.15,1.0,DRESS,0.5312054564576048,293.15,0.0,0.0
healthy_25pct_400ms_sag,DRESSING_WATER_SUPPORT,359,3.58,3.59,False,1.0,0.9999999999999998,GRID,3600000.0,1.0,False,188.49999691443995,0.00020000004391260894,199999.8990795575,0.0,299999.9036779627,0.0001,293.15,1.0552332824816382e-13,1.0,1.0,1.0,1.0,1.0,1.0,293.15,1.0,DRESS,0.531289833433834,293.15,0.0,0.0
healthy_25pct_400ms_sag,DRESSING_WATER_SUPPORT,360,3.59,3.6,False,1.0,0.9999999999999998,GRID,3600000.0,1.0,False,188.49999706871796,0.00020000004194078717,199999.90367796272,0.0,299999.90810174495,0.0001,293.15,-5.857298955753997e-13,1.0,1.0,1.0,1.0,1.0,1.0,293.15,1.0,DRESS,0.5313741952064225,293.15,0.0,0.0
healthy_25pct_400ms_sag,DRESSING_WATER_SUPPORT,361,3.6,3.61,False,1.0,0.9999999999999998,GRID,3600000.0,1.0,False,188.49999721528206,0.00020000004003990776,199999.90810174498,2.9103830456733704e-11,299999.91229269654,0.0001,293.15,7.452776948097988e-14,1.0,1.0,1.0,1.0,1.0,1.0,293.15,1.0,DRESS,0.5314585417781129,293.15,0.0,0.0
healthy_25pct_400ms_sag,DRESSING_WATER_SUPPORT,362,3.61,3.62,False,1.0,0.9999999999999998,GRID,3600000.0,1.0,False,188.49999735451797,0.00020000003823989314,199999.9122926965,-2.9103830456733704e-11,299999.9162508175,0.0001,293.15,9.520655536729718e-13,1.0,1.0,1.0,1.0,1.0,1.0,293.15,1.0,DRESS,0.5315428731516473,293.15,0.0,0.0
healthy_25pct_400ms_sag,DRESSING_WATER_SUPPORT,363,3.62,3.63,False,1.0,0.9999999999999998,GRID,3600000.0,1.0,False,188.49999748679207,0.00020000003654152074,199999.91625081748,0.0,299999.9200925231,0.0001,293.15,-3.3885322282476233e-13,1.0,1.0,1.0,1.0,1.0,1.0,293.15,1.0,DRESS,0.531627189329767,293.15,0.0,0.0
healthy_25pct_400ms_sag,DRESSING_WATER_SUPPORT,364,3.63,3.64,False,1.0,0.9999999999999998,GRID,3600000.0,1.0,False,188.49999761245246,0.00020000003488732158,199999.92009252307,-2.9103830456733704e-11,299999.9237013981,0.0001,293.15,8.5912300711033e-13,1.0,1.0,1.0,1.0,1.0,1.0,293.15,1.0,DRESS,0.5317114903152134,293.15,0.0,0.0
healthy_25pct_400ms_sag,DRESSING_WATER_SUPPORT,365,3.64,3.65,False,1.0,0.9999999999999998,GRID,3600000.0,1.0,False,188.49999773182984,0.00020000003333620504,199999.92370139807,0.0,299999.92719385773,0.0001,293.15,-1.0991693395311522e-13,1.0,1.0,1.0,1.0,1.0,1.0,293.15,1.0,DRESS,0.5317957761107267,293.15,0.0,0.0
healthy_25pct_400ms_sag,DRESSING_WATER_SUPPORT,366,3.65,3.66,False,1.0,0.9999999999999998,GRID,3600000.0,1.0,False,188.49999784523834,0.00020000003183063013,199999.9271938577,-2.9103830456733704e-11,299999.93056990206,0.0001,293.15,-9.752075633574034e-13,1.0,1.0,1.0,1.0,1.0,1.0,293.15,1.0,DRESS,0.5318800467190472,293.15,0.0,0.0
healthy_25pct_400ms_sag,DRESSING_WATER_SUPPORT,367,3.66,3.67,False,1.0,0.9999999999999998,GRID,3600000.0,1.0,False,188.49999795297643,0.0002000000303712301,199999.93056990206,0.0,299999.93371311575,0.0001,293.15,6.503984270643831e-13,1.0,1.0,1.0,1.0,1.0,1.0,293.15,1.0,DRESS,0.5319643021429143,293.15,0.0,0.0
healthy_25pct_400ms_sag,DRESSING_WATER_SUPPORT,368,3.67,3.68,False,1.0,0.9999999999999998,GRID,3600000.0,1.0,False,188.4999980553276,0.0002000000290168143,199999.93371311578,2.9103830456733704e-11,299999.9367399141,0.0001,293.15,1.1088988288807598e-13,1.0,1.0,1.0,1.0,1.0,1.0,293.15,1.0,DRESS,0.5320485423850673,293.15,0.0,0.0
healthy_25pct_400ms_sag,DRESSING_WATER_SUPPORT,369,3.68,3.69,False,1.0,0.9999999999999998,GRID,3600000.0,1.0,False,188.49999815256123,0.0002000000277097466,199999.93673991412,0.0,299999.93965029716,0.0001,293.15,-3.2306290617938743e-13,1.0,1.0,1.0,1.0,1.0,1.0,293.15,1.0,DRESS,0.5321327674482446,293.15,0.0,0.0
healthy_25pct_400ms_sag,DRESSING_WATER_SUPPORT,370,3.69,3.7,False,1.0,0.9999999999999998,GRID,3600000.0,1.0,False,188.49999824493318,0.00020000002645057,199999.93965029714,-2.9103830456733704e-11,299999.9424442649,0.0001,293.15,-6.509169445849785e-13,1.0,1.0,1.0,1.0,1.0,1.0,293.15,1.0,DRESS,0.5322169773351842,293.15,0.0,0.0
healthy_25pct_400ms_sag,DRESSING_WATER_SUPPORT,371,3.7,3.71,False,1.0,0.9999999999999998,GRID,3600000.0,1.0,False,188.49999833268652,0.00020000002523980022,199999.9424442649,0.0,299999.9451218173,0.0001,293.15,-8.721564638027058e-13,1.0,1.0,1.0,1.0,1.0,1.0,293.15,1.0,DRESS,0.5323011720486239,293.15,0.0,0.0
healthy_25pct_400ms_sag,DRESSING_WATER_SUPPORT,372,3.71,3.72,False,1.0,0.9999999999999998,GRID,3600000.0,1.0,False,188.4999984160522,0.00020000002407792746,199999.9451218173,0.0,299999.9476829544,0.0001,293.15,-9.862913366879766e-13,1.0,1.0,1.0,1.0,1.0,1.0,293.15,1.0,DRESS,0.5323853515913007,293.15,0.0,0.0
healthy_25pct_400ms_sag,DRESSING_WATER_SUPPORT,373,3.72,3.73,False,1.0,0.9999999999999998,GRID,3600000.0,1.0,False,188.49999849524957,0.00020000002296541715,199999.94768295437,0.0,299999.95012767613,0.0001,293.15,-9.928560881430885e-13,1.0,1.0,1.0,1.0,1.0,1.0,293.15,1.0,DRESS,0.5324695159659513,293.15,0.0,0.0
healthy_25pct_400ms_sag,DRESSING_WATER_SUPPORT,374,3.73,3.74,False,1.0,0.9999999999999998,GRID,3600000.0,1.0,False,188.4999985704871,0.00020000002190271161,199999.95012767613,0.0,299999.95245598257,0.0001,293.15,-8.914084043392554e-13,1.0,1.0,1.0,1.0,1.0,1.0,293.15,1.0,DRESS,0.5325536651753116,293.15,0.0,0.0
healthy_25pct_400ms_sag,DRESSING_WATER_SUPPORT,375,3.74,3.75,False,1.0,0.9999999999999998,GRID,3600000.0,1.0,False,188.49999864196275,0.00020000002089023093,199999.9524559826,2.9103830456733704e-11,299999.9546678737,0.0001,293.15,-6.815282111447348e-13,1.0,1.0,1.0,1.0,1.0,1.0,293.15,1.0,DRESS,0.5326377992221173,293.15,0.0,0.0
healthy_25pct_400ms_sag,DRESSING_WATER_SUPPORT,376,3.75,3.7600000000000002,False,1.0,0.9999999999999998,GRID,3600000.0,1.0,False,188.4999987098646,0.00020000001992837434,199999.95466787365,-2.9103830456733704e-11,299999.9567633495,0.0001,293.15,-3.6281626466204265e-13,1.0,1.0,1.0,1.0,1.0,1.0,293.15,1.0,DRESS,0.5327219181091035,293.15,0.0,0.0
healthy_25pct_400ms_sag,DRESSING_WATER_SUPPORT,377,3.7600000000000002,3.77,False,1.0,0.9999999999999998,GRID,3600000.0,1.0,False,188.49999877437136,0.00020000001901752088,199999.95676334944,-2.9103830456733704e-11,299999.95874240994,0.0001,293.15,6.510648574084281e-14,1.0,1.0,1.0,1.0,1.0,1.0,293.15,1.0,DRESS,0.5328060218390049,293.15,0.0,0.0
healthy_25pct_400ms_sag,DRESSING_WATER_SUPPORT,378,3.77,3.7800000000000002,False,1.0,0.9999999999999998,GRID,3600000.0,1.0,False,188.4999988356528,0.00020000001815803092,199999.95874240994,0.0,299999.9606050551,0.0001,293.15,6.0260037465596e-13,1.0,1.0,1.0,1.0,1.0,1.0,293.15,1.0,DRESS,0.5328901104145557,293.15,0.0,0.0
healthy_25pct_400ms_sag,DRESSING_WATER_SUPPORT,379,3.7800000000000002,3.79,False,1.0,0.9999999999999998,GRID,3600000.0,1.0,False,188.49999889387016,0.00020000001735024657,199999.96060505512,2.9103830456733704e-11,299999.9624094926,0.0001,293.15,5.67505092398393e-14,1.0,1.0,1.0,1.0,1.0,1.0,293.15,1.0,DRESS,0.5329741838384894,293.15,0.0,0.0
healthy_25pct_400ms_sag,DRESSING_WATER_SUPPORT,380,3.79,3.8000000000000003,False,1.0,0.9999999999999998,GRID,3600000.0,1.0,False,188.49999894917664,0.00020000001656538913,199999.96240949258,0.0,299999.96409751475,0.0001,293.15,7.561884105000717e-13,1.0,1.0,1.0,1.0,1.0,1.0,293.15,1.0,DRESS,0.533058242113539,293.15,0.0,0.0
healthy_25pct_400ms_sag,DRESSING_WATER_SUPPORT,381,3.8000000000000003,3.81,False,1.0,0.9999999999999998,GRID,3600000.0,1.0,False,188.4999990017178,0.00020000001583287132,199999.96409751475,0.0,299999.96572732925,0.0001,293.15,3.729165717544749e-13,1.0,1.0,1.0,1.0,1.0,1.0,293.15,1.0,DRESS,0.5331422852424375,293.15,0.0,0.0
healthy_25pct_400ms_sag,DRESSING_WATER_SUPPORT,382,3.81,3.8200000000000003,False,1.0,0.9999999999999998,GRID,3600000.0,1.0,False,188.49999905163193,0.00020000001512388268,199999.96572732925,0.0,299999.9672989361,0.0001,293.15,4.2277734048008095e-14,1.0,1.0,1.0,1.0,1.0,1.0,293.15,1.0,DRESS,0.5332263132279167,293.15,0.0,0.0
healthy_25pct_400ms_sag,DRESSING_WATER_SUPPORT,383,3.8200000000000003,3.83,False,1.0,0.9999999999999998,GRID,3600000.0,1.0,False,188.49999909905034,0.00020000001443870193,199999.96729893616,5.820766091346741e-11,299999.9687541276,0.0001,293.15,9.578076585982018e-13,1.0,1.0,1.0,1.0,1.0,1.0,293.15,1.0,DRESS,0.5333103260727085,293.15,0.0,0.0
healthy_25pct_400ms_sag,DRESSING_WATER_SUPPORT,384,3.83,3.84,False,1.0,0.9999999999999998,GRID,3600000.0,1.0,False,188.4999991440978,0.00020000001380669766,199999.96875412765,2.9103830456733704e-11,299999.9701511115,0.0001,293.15,7.914646710368753e-13,1.0,1.0,1.0,1.0,1.0,1.0,293.15,1.0,DRESS,0.533394323779544,293.15,0.0,0.0
healthy_25pct_400ms_sag,DRESSING_WATER_SUPPORT,385,3.84,3.85,False,1.0,0.9999999999999998,GRID,3600000.0,1.0,False,188.49999918689292,0.00020000001319901768,199999.97015111145,-2.9103830456733704e-11,299999.97154809535,0.0001,293.15,-5.147072422136503e-13,1.0,1.0,1.0,1.0,1.0,1.0,293.15,1.0,DRESS,0.5334783063511539,293.15,0.0,0.0
healthy_25pct_400ms_sag,DRESSING_WATER_SUPPORT,386,3.85,3.86,False,1.0,0.9999999999999998,GRID,3600000.0,1.0,False,188.49999922754827,0.00020000001258679707,199999.97154809535,0.0,299999.9728286639,0.0001,293.15,5.610943128305997e-13,1.0,1.0,1.0,1.0,1.0,1.0,293.15,1.0,DRESS,0.5335622737902683,293.15,0.0,0.0
healthy_25pct_400ms_sag,DRESSING_WATER_SUPPORT,387,3.86,3.87,False,1.0,0.9999999999999998,GRID,3600000.0,1.0,False,188.49999926617085,0.00020000001202847057,199999.97282866386,-2.9103830456733704e-11,299999.9741092324,0.0001,293.15,-6.375164507627444e-13,1.0,1.0,1.0,1.0,1.0,1.0,293.15,1.0,DRESS,0.533646226099617,293.15,0.0,0.0
healthy_25pct_400ms_sag,DRESSING_WATER_SUPPORT,388,3.87,3.88,False,1.0,0.9999999999999998,GRID,3600000.0,1.0,False,188.4999993028623,0.00020000001146604617,199999.97410923243,0.0,299999.97527338564,0.0001,293.15,5.462889743432912e-13,1.0,1.0,1.0,1.0,1.0,1.0,293.15,1.0,DRESS,0.533730163281929,293.15,0.0,0.0
healthy_25pct_400ms_sag,DRESSING_WATER_SUPPORT,389,3.88,3.89,False,1.0,0.9999999999999998,GRID,3600000.0,1.0,False,188.4999993377192,0.00020000001095793647,199999.97527338564,0.0,299999.97643753886,0.0001,293.15,-5.438973300605026e-13,1.0,1.0,1.0,1.0,1.0,1.0,293.15,1.0,DRESS,0.5338140853399332,293.15,0.0,0.0
healthy_25pct_400ms_sag,DRESSING_WATER_SUPPORT,390,3.89,3.9,False,1.0,0.9999999999999998,GRID,3600000.0,1.0,False,188.49999937083325,0.00020000001044612846,199999.97643753883,-2.9103830456733704e-11,299999.97748527676,0.0001,293.15,7.487321369457561e-13,1.0,1.0,1.0,1.0,1.0,1.0,293.15,1.0,DRESS,0.5338979922763578,293.15,0.0,0.0
healthy_25pct_400ms_sag,DRESSING_WATER_SUPPORT,391,3.9,3.91,False,1.0,0.9999999999999998,GRID,3600000.0,1.0,False,188.4999994022916,0.0002000000099890146,199999.97748527682,5.820766091346741e-11,299999.97853301466,0.0001,293.15,-2.322506683499751e-13,1.0,1.0,1.0,1.0,1.0,1.0,293.15,1.0,DRESS,0.5339818840939304,293.15,0.0,0.0
healthy_25pct_400ms_sag,DRESSING_WATER_SUPPORT,392,3.91,3.92,False,1.0,0.9999999999999998,GRID,3600000.0,1.0,False,188.49999943217702,0.00020000000952856303,199999.97853301468,2.9103830456733704e-11,299999.9795225449,0.0001,293.15,-2.3314122984606534e-14,1.0,1.0,1.0,1.0,1.0,1.0,293.15,1.0,DRESS,0.5340657607953784,293.15,0.0,0.0
healthy_25pct_400ms_sag,DRESSING_WATER_SUPPORT,393,3.92,3.93,False,1.0,0.9999999999999998,GRID,3600000.0,1.0,False,188.49999946056818,0.0002000000090940444,199999.97952254495,5.820766091346741e-11,299999.9805120751,0.0001,293.15,-9.525978725451204e-13,1.0,1.0,1.0,1.0,1.0,1.0,293.15,1.0,DRESS,0.5341496223834283,293.15,0.0,0.0
healthy_25pct_400ms_sag,DRESSING_WATER_SUPPORT,394,3.93,3.94,False,1.0,0.9999999999999998,GRID,3600000.0,1.0,False,188.49999948753975,0.00020000000865651348,199999.98051207507,-5.820766091346741e-11,299999.9814433977,0.0001,293.15,-6.91636875267514e-13,1.0,1.0,1.0,1.0,1.0,1.0,293.15,1.0,DRESS,0.5342334688608066,293.15,0.0,0.0
healthy_25pct_400ms_sag,DRESSING_WATER_SUPPORT,395,3.94,3.95,False,1.0,0.9999999999999998,GRID,3600000.0,1.0,False,188.49999951316278,0.00020000000824522464,199999.98144339767,-2.9103830456733704e-11,299999.98225830495,0.0001,293.15,8.179270943268325e-13,1.0,1.0,1.0,1.0,1.0,1.0,293.15,1.0,DRESS,0.5343173002302388,293.15,0.0,0.0
healthy_25pct_400ms_sag,DRESSING_WATER_SUPPORT,396,3.95,3.96,False,1.0,0.9999999999999998,GRID,3600000.0,1.0,False,188.49999953750464,0.00020000000788942483,199999.98225830492,-2.9103830456733704e-11,299999.9830732122,0.0001,293.15,5.467366088942311e-14,1.0,1.0,1.0,1.0,1.0,1.0,293.15,1.0,DRESS,0.5344011164944503,293.15,0.0,0.0
healthy_25pct_400ms_sag,DRESSING_WATER_SUPPORT,397,3.96,3.97,False,1.0,0.9999999999999998,GRID,3600000.0,1.0,False,188.4999995606294,0.00020000000753104231,199999.98307321218,-2.9103830456733704e-11,299999.98388811946,0.0001,293.15,-7.111624776481183e-13,1.0,1.0,1.0,1.0,1.0,1.0,293.15,1.0,DRESS,0.5344849176561658,293.15,0.0,0.0
healthy_25pct_400ms_sag,DRESSING_WATER_SUPPORT,398,3.97,3.98,False,1.0,0.9999999999999998,GRID,3600000.0,1.0,False,188.49999958259792,0.0002000000071702063,199999.98388811946,0.0,299999.9845866114,0.0001,293.15,9.070619819487302e-13,1.0,1.0,1.0,1.0,1.0,1.0,293.15,1.0,DRESS,0.5345687037181096,293.15,0.0,0.0
healthy_25pct_400ms_sag,DRESSING_WATER_SUPPORT,399,3.98,3.99,False,1.0,0.9999999999999998,GRID,3600000.0,1.0,False,188.49999960346804,0.00020000000686524707,199999.9845866114,0.0,299999.9852851033,0.0001,293.15,2.528567898682835e-13,1.0,1.0,1.0,1.0,1.0,1.0,293.15,1.0,DRESS,0.5346524746830055,293.15,0.0,0.0
healthy_25pct_400ms_sag,DRESSING_WATER_SUPPORT,400,3.99,4.0,False,1.0,0.9999999999999998,GRID,3600000.0,1.0,False,188.49999962329463,0.00020000000655807343,199999.98528510332,0.0,299999.98598359525,0.0001,293.15,-4.0356281738682913e-13,1.0,1.0,1.0,1.0,1.0,1.0,293.15,1.0,DRESS,0.5347362305535767,293.15,0.0,0.0
healthy_25pct_400ms_sag,DRESSING_WATER_SUPPORT,401,4.0,4.01,False,1.0,0.9999999999999998,GRID,3600000.0,1.0,False,188.4999996421299,0.00020000000624879622,199999.98598359528,2.9103830456733704e-11,299999.9866238795,0.0001,293.15,1.3117105979957432e-13,1.0,1.0,1.0,1.0,1.0,1.0,293.15,1.0,DRESS,0.5348199713325461,293.15,0.0,0.0
healthy_25pct_400ms_sag,DRESSING_WATER_SUPPORT,402,4.01,4.0200000000000005,False,1.0,0.9999999999999998,GRID,3600000.0,1.0,False,188.4999996600234,0.0002000000059666244,199999.9866238795,-2.9103830456733704e-11,299999.9872641638,0.0001,293.15,-4.71142901710582e-13,1.0,1.0,1.0,1.0,1.0,1.0,293.15,1.0,DRESS,0.534903697022636,293.15,0.0,0.0
healthy_25pct_400ms_sag,DRESSING_WATER_SUPPORT,403,4.0200000000000005,4.03,False,1.0,0.9999999999999998,GRID,3600000.0,1.0,False,188.49999967702223,0.00020000000568255405,199999.9872641638,0.0,299999.9878462404,0.0001,293.15,1.179016574041202e-13,1.0,1.0,1.0,1.0,1.0,1.0,293.15,1.0,DRESS,0.534987407626568,293.15,0.0,0.0
healthy_25pct_400ms_sag,DRESSING_WATER_SUPPORT,404,4.03,4.04,False,1.0,0.9999999999999998,GRID,3600000.0,1.0,False,188.4999996931711,0.00020000000542578394,199999.9878462404,0.0,299999.988428317,0.0001,293.15,-4.2990675038975865e-13,1.0,1.0,1.0,1.0,1.0,1.0,293.15,1.0,DRESS,0.5350711031470637,293.15,0.0,0.0
healthy_25pct_400ms_sag,DRESSING_WATER_SUPPORT,405,4.04,4.05,False,1.0,0.9999999999999998,GRID,3600000.0,1.0,False,188.49999970851255,0.00020000000516730044,199999.98842831698,-2.9103830456733704e-11,299999.9890103936,0.0001,293.15,-9.794285635343978e-13,1.0,1.0,1.0,1.0,1.0,1.0,293.15,1.0,DRESS,0.5351547835868439,293.15,0.0,0.0
healthy_25pct_400ms_sag,DRESSING_WATER_SUPPORT,406,4.05,4.0600000000000005,False,1.0,0.9999999999999998,GRID,3600000.0,1.0,False,188.49999972308692,0.00020000000490718917,199999.98901039362,0.0,299999.9894760549,0.0001,293.15,8.559359633824452e-13,1.0,1.0,1.0,1.0,1.0,1.0,293.15,1.0,DRESS,0.5352384489486288,293.15,0.0,0.0
healthy_25pct_400ms_sag,DRESSING_WATER_SUPPORT,407,4.0600000000000005,4.07,False,1.0,0.9999999999999998,GRID,3600000.0,1.0,False,188.49999973693258,0.00020000000470373925,199999.9894760549,0.0,299999.9899417162,0.0001,293.15,4.196554079715848e-13,1.0,1.0,1.0,1.0,1.0,1.0,293.15,1.0,DRESS,0.5353220992351383,293.15,0.0,0.0
healthy_25pct_400ms_sag,DRESSING_WATER_SUPPORT,408,4.07,4.08,False,1.0,0.9999999999999998,GRID,3600000.0,1.0,False,188.49999975008595,0.00020000000449882024,199999.9899417162,0.0,299999.9904073775,0.0001,293.15,-1.8094241382993397e-14,1.0,1.0,1.0,1.0,1.0,1.0,293.15,1.0,DRESS,0.5354057344490918,293.15,0.0,0.0
healthy_25pct_400ms_sag,DRESSING_WATER_SUPPORT,409,4.08,4.09,False,1.0,0.9999999999999998,GRID,3600000.0,1.0,False,188.49999976258164,0.0002000000042925057,199999.99040737742,-5.820766091346741e-11,299999.99087303877,0.0001,293.15,-4.572394351164135e-13,1.0,1.0,1.0,1.0,1.0,1.0,293.15,1.0,DRESS,0.5354893545932081,293.15,0.0,0.0
healthy_25pct_400ms_sag,DRESSING_WATER_SUPPORT,410,4.09,4.1,False,1.0,0.9999999999999998,GRID,3600000.0,1.0,False,188.49999977445256,0.00020000000408486535,199999.99087303877,0.0,299999.99133870006,0.0001,293.15,-8.977104319239303e-13,1.0,1.0,1.0,1.0,1.0,1.0,293.15,1.0,DRESS,0.5355729596702057,293.15,0.0,0.0
healthy_25pct_400ms_sag,DRESSING_WATER_SUPPORT,411,4.1,4.11,False,1.0,0.9999999999999998,GRID,3600000.0,1.0,False,188.49999978572993,0.00020000000387596542,199999.99133870006,0.0,299999.9917461537,0.0001,293.15,-1.4618394710876137e-13,1.0,1.0,1.0,1.0,1.0,1.0,293.15,1.0,DRESS,0.5356565496828023,293.15,0.0,0.0
healthy_25pct_400ms_sag,DRESSING_WATER_SUPPORT,412,4.11,4.12,False,1.0,0.9999999999999998,GRID,3600000.0,1.0,False,188.49999979644343,0.00020000000369497286,199999.9917461537,2.9103830456733704e-11,299999.9921536073,0.0001,293.15,-5.309033301956902e-13,1.0,1.0,1.0,1.0,1.0,1.0,293.15,1.0,DRESS,0.5357401246337153,293.15,0.0,0.0
healthy_25pct_400ms_sag,DRESSING_WATER_SUPPORT,413,4.12,4.13,False,1.0,0.9999999999999998,GRID,3600000.0,1.0,False,188.49999980662125,0.00020000000351284354,199999.99215360734,2.9103830456733704e-11,299999.9925028533,0.0001,293.15,2.7649758134115577e-13,1.0,1.0,1.0,1.0,1.0,1.0,293.15,1.0,DRESS,0.5358236845256618,293.15,0.0,0.0
healthy_25pct_400ms_sag,DRESSING_WATER_SUPPORT,414,4.13,4.14,False,1.0,0.9999999999999998,GRID,3600000.0,1.0,False,188.4999998162902,0.0002000000033587382,199999.99250285325,-2.9103830456733704e-11,299999.99285209924,0.0001,293.15,-5.2230728422864575e-14,1.0,1.0,1.0,1.0,1.0,1.0,293.15,1.0,DRESS,0.535907229361358,293.15,0.0,0.0
healthy_25pct_400ms_sag,DRESSING_WATER_SUPPORT,415,4.14,4.15,False,1.0,0.9999999999999998,GRID,3600000.0,1.0,False,188.4999998254757,0.00020000000320360699,199999.99285209927,2.9103830456733704e-11,299999.9932013452,0.0001,293.15,-3.81984937387545e-13,1.0,1.0,1.0,1.0,1.0,1.0,293.15,1.0,DRESS,0.53599075914352,293.15,0.0,0.0
healthy_25pct_400ms_sag,DRESSING_WATER_SUPPORT,416,4.15,4.16,False,1.0,0.9999999999999998,GRID,3600000.0,1.0,False,188.4999998342019,0.00020000000304750114,199999.99320134523,2.9103830456733704e-11,299999.99355059117,0.0001,293.15,-7.127137492375998e-13,1.0,1.0,1.0,1.0,1.0,1.0,293.15,1.0,DRESS,0.5360742738748631,293.15,0.0,0.0
healthy_25pct_400ms_sag,DRESSING_WATER_SUPPORT,417,4.16,4.17,False,1.0,0.9999999999999998,GRID,3600000.0,1.0,False,188.4999998424918,0.0002000000028904695,199999.99355059114,-2.9103830456733704e-11,299999.9938416295,0.0001,293.15,1.488886650687773e-13,1.0,1.0,1.0,1.0,1.0,1.0,293.15,1.0,DRESS,0.5361577735581022,293.15,0.0,0.0
healthy_25pct_400ms_sag,DRESSING_WATER_SUPPORT,418,4.17,4.18,False,1.0,0.9999999999999998,GRID,3600000.0,1.0,False,188.4999998503672,0.00020000000276166206,199999.99384162953,5.820766091346741e-11,299999.9941326678,0.0001,293.15,-1.2543793044203532e-13,1.0,1.0,1.0,1.0,1.0,1.0,293.15,1.0,DRESS,0.5362412581959519,293.15,0.0,0.0
healthy_25pct_400ms_sag,DRESSING_WATER_SUPPORT,419,4.18,4.19,False,1.0,0.9999999999999998,GRID,3600000.0,1.0,False,188.49999985784885,0.00020000000263201907,199999.99413266778,0.0,299999.9943654984,0.0001,293.15,7.926569735869706e-13,1.0,1.0,1.0,1.0,1.0,1.0,293.15,1.0,DRESS,0.536324727791126,293.15,0.0,0.0
healthy_25pct_400ms_sag,DRESSING_WATER_SUPPORT,420,4.19,4.2,False,1.0,0.9999999999999998,GRID,3600000.0,1.0,False,188.4999998649564,0.00020000000253068612,199999.99436549845,2.9103830456733704e-11,299999.99459832907,0.0001,293.15,5.749087095057933e-13,1.0,1.0,1.0,1.0,1.0,1.0,293.15,1.0,DRESS,0.5364081823463381,293.15,0.0,0.0
healthy_25pct_400ms_sag,DRESSING_WATER_SUPPORT,421,4.2,4.21,False,1.0,0.9999999999999998,GRID,3600000.0,1.0,False,188.49999987170858,0.00020000000242859905,199999.99459832904,-2.9103830456733704e-11,299999.9948311597,0.0001,293.15,3.564063150510165e-13,1.0,1.0,1.0,1.0,1.0,1.0,293.15,1.0,DRESS,0.5364916218643012,293.15,0.0,0.0
healthy_25pct_400ms_sag,DRESSING_WATER_SUPPORT,422,4.21,4.22,False,1.0,0.9999999999999998,GRID,3600000.0,1.0,False,188.49999987812316,0.00020000000232579554,199999.9948311597,0.0,299999.99506399035,0.0001,293.15,1.3718749335318849e-13,1.0,1.0,1.0,1.0,1.0,1.0,293.15,1.0,DRESS,0.5365750463477277,293.15,0.0,0.0
healthy_25pct_400ms_sag,DRESSING_WATER_SUPPORT,423,4.22,4.23,False,1.0,0.9999999999999998,GRID,3600000.0,1.0,False,188.499999884217,0.00020000000222231143,199999.99506399038,2.9103830456733704e-11,299999.995296821,0.0001,293.15,-8.271194981094447e-14,1.0,1.0,1.0,1.0,1.0,1.0,293.15,1.0,DRESS,0.5366584557993296,293.15,0.0,0.0
healthy_25pct_400ms_sag,DRESSING_WATER_SUPPORT,424,4.23,4.24,False,1.0,0.9999999999999998,GRID,3600000.0,1.0,False,188.49999989000617,0.0002000000021181808,199999.995296821,0.0,299999.99552965164,0.0001,293.15,-3.032578891780034e-13,1.0,1.0,1.0,1.0,1.0,1.0,293.15,1.0,DRESS,0.5367418502218184,293.15,0.0,0.0
healthy_25pct_400ms_sag,DRESSING_WATER_SUPPORT,425,4.24,4.25,False,1.0,0.9999999999999998,GRID,3600000.0,1.0,False,188.49999989550585,0.00020000000201343595,199999.99552965164,0.0,299999.9957624823,0.0001,293.15,-5.244180697333568e-13,1.0,1.0,1.0,1.0,1.0,1.0,293.15,1.0,DRESS,0.5368252296179052,293.15,0.0,0.0
healthy_25pct_400ms_sag,DRESSING_WATER_SUPPORT,426,4.25,4.26,False,1.0,0.9999999999999998,GRID,3600000.0,1.0,False,188.49999990073056,0.00020000000190810755,199999.99576248226,-2.9103830456733704e-11,299999.99599531293,0.0001,293.15,-7.461617950029962e-13,1.0,1.0,1.0,1.0,1.0,1.0,293.15,1.0,DRESS,0.5369085939903004,293.15,0.0,0.0
healthy_25pct_400ms_sag,DRESSING_WATER_SUPPORT,427,4.26,4.2700000000000005,False,1.0,0.9999999999999998,GRID,3600000.0,1.0,False,188.49999990569404,0.00020000000180222477,199999.99599531296,2.9103830456733704e-11,299999.9962281436,0.0001,293.15,-9.684598863959546e-13,1.0,1.0,1.0,1.0,1.0,1.0,293.15,1.0,DRESS,0.5369919433417142,293.15,0.0,0.0
healthy_25pct_400ms_sag,DRESSING_WATER_SUPPORT,428,4.2700000000000005,4.28,False,1.0,0.9999999999999998,GRID,3600000.0,1.0,False,188.49999991040934,0.00020000000169581537,199999.99622814357,0.0,299999.99640276656,0.0001,293.15,1.9724380549004967e-15,1.0,1.0,1.0,1.0,1.0,1.0,293.15,1.0,DRESS,0.537075277674856,293.15,0.0,0.0
healthy_25pct_400ms_sag,DRESSING_WATER_SUPPORT,429,4.28,4.29,False,1.0,0.9999999999999998,GRID,3600000.0,1.0,False,188.4999999148889,0.00020000000161800958,199999.99640276656,0.0,299999.99657738954,0.0001,293.15,-1.6314484431369957e-13,1.0,1.0,1.0,1.0,1.0,1.0,293.15,1.0,DRESS,0.537158596992435,293.15,0.0,0.0
healthy_25pct_400ms_sag,DRESSING_WATER_SUPPORT,430,4.29,4.3,False,1.0,0.9999999999999998,GRID,3600000.0,1.0,False,188.49999991914444,0.00020000000153972842,199999.99657738954,0.0,299999.99669380486,0.0001,293.15,8.645195583717457e-13,1.0,1.0,1.0,1.0,1.0,1.0,293.15,1.0,DRESS,0.5372419012971597,293.15,0.0,0.0
healthy_25pct_400ms_sag,DRESSING_WATER_SUPPORT,431,4.3,4.3100000000000005,False,1.0,0.9999999999999998,GRID,3600000.0,1.0,False,188.49999992318723,0.00020000000149009964,199999.99669380486,0.0,299999.9968102202,0.0001,293.15,7.566831026779158e-13,1.0,1.0,1.0,1.0,1.0,1.0,293.15,1.0,DRESS,0.5373251905917381,293.15,0.0,0.0
healthy_25pct_400ms_sag,DRESSING_WATER_SUPPORT,432,4.3100000000000005,4.32,False,1.0,0.9999999999999998,GRID,3600000.0,1.0,False,188.49999992702786,0.00020000000144004186,199999.99681022018,0.0,299999.9969266355,0.0001,293.15,6.484176688420148e-13,1.0,1.0,1.0,1.0,1.0,1.0,293.15,1.0,DRESS,0.537408464878878,293.15,0.0,0.0
healthy_25pct_400ms_sag,DRESSING_WATER_SUPPORT,433,4.32,4.33,False,1.0,0.9999999999999998,GRID,3600000.0,1.0,False,188.49999993067647,0.0002000000013895766,199999.9969266355,0.0,299999.9970430508,0.0001,293.15,5.397447376195851e-13,1.0,1.0,1.0,1.0,1.0,1.0,293.15,1.0,DRESS,0.5374917241612862,293.15,0.0,0.0
healthy_25pct_400ms_sag,DRESSING_WATER_SUPPORT,434,4.33,4.34,False,1.0,0.9999999999999998,GRID,3600000.0,1.0,False,188.49999993414264,0.0002000000013387242,199999.9970430508,-2.9103830456733704e-11,299999.99715946615,0.0001,293.15,4.306846784589424e-13,1.0,1.0,1.0,1.0,1.0,1.0,293.15,1.0,DRESS,0.5375749684416696,293.15,0.0,0.0
healthy_25pct_400ms_sag,DRESSING_WATER_SUPPORT,435,4.34,4.3500000000000005,False,1.0,0.9999999999999998,GRID,3600000.0,1.0,False,188.49999993743552,0.0002000000012875041,199999.99715946612,-2.9103830456733704e-11,299999.99727588147,0.0001,293.15,3.212569256840283e-13,1.0,1.0,1.0,1.0,1.0,1.0,293.15,1.0,DRESS,0.5376581977227343,293.15,0.0,0.0
healthy_25pct_400ms_sag,DRESSING_WATER_SUPPORT,436,4.3500000000000005,4.36,False,1.0,0.9999999999999998,GRID,3600000.0,1.0,False,188.49999994056375,0.00020000000123593457,199999.9972758815,2.9103830456733704e-11,299999.9973922968,0.0001,293.15,2.1147973454892217e-13,1.0,1.0,1.0,1.0,1.0,1.0,293.15,1.0,DRESS,0.5377414120071857,293.15,0.0,0.0
healthy_25pct_400ms_sag,DRESSING_WATER_SUPPORT,437,4.36,4.37,False,1.0,0.9999999999999998,GRID,3600000.0,1.0,False,188.49999994353556,0.00020000000118403313,199999.99739229682,2.9103830456733704e-11,299999.9975087121,0.0001,293.15,1.0137062847123674e-13,1.0,1.0,1.0,1.0,1.0,1.0,293.15,1.0,DRESS,0.5378246112977293,293.15,0.0,0.0
healthy_25pct_400ms_sag,DRESSING_WATER_SUPPORT,438,4.37,4.38,False,1.0,0.9999999999999998,GRID,3600000.0,1.0,False,188.49999994635877,0.0002000000011318164,199999.9975087121,0.0,299999.99762512743,0.0001,293.15,-9.053750045680313e-15,1.0,1.0,1.0,1.0,1.0,1.0,293.15,1.0,DRESS,0.5379077955970695,293.15,0.0,0.0
healthy_25pct_400ms_sag,DRESSING_WATER_SUPPORT,439,4.38,4.39,False,1.0,0.9999999999999998,GRID,3600000.0,1.0,False,188.49999994904084,0.00020000000107930012,199999.99762512743,0.0,299999.99774154276,0.0001,293.15,-1.197776936228551e-13,1.0,1.0,1.0,1.0,1.0,1.0,293.15,1.0,DRESS,0.5379909649079105,293.15,0.0,0.0
healthy_25pct_400ms_sag,DRESSING_WATER_SUPPORT,440,4.39,4.4,False,1.0,0.9999999999999998,GRID,3600000.0,1.0,False,188.4999999515888,0.0002000000010264993,199999.99774154276,0.0,299999.9978579581,0.0001,293.15,-2.3078618606019873e-13,1.0,1.0,1.0,1.0,1.0,1.0,293.15,1.0,DRESS,0.5380741192329561,293.15,0.0,0.0
healthy_25pct_400ms_sag,DRESSING_WATER_SUPPORT,441,4.4,4.41,False,1.0,0.9999999999999998,GRID,3600000.0,1.0,False,188.49999995400935,0.0002000000009734281,199999.99785795805,-2.9103830456733704e-11,299999.9979743734,0.0001,293.15,-3.4206503786177877e-13,1.0,1.0,1.0,1.0,1.0,1.0,293.15,1.0,DRESS,0.5381572585749095,293.15,0.0,0.0
healthy_25pct_400ms_sag,DRESSING_WATER_SUPPORT,442,4.41,4.42,False,1.0,0.9999999999999998,GRID,3600000.0,1.0,False,188.4999999563089,0.00020000000092010008,199999.9979743734,0.0,299999.9980907887,0.0001,293.15,-4.5360072360549347e-13,1.0,1.0,1.0,1.0,1.0,1.0,293.15,1.0,DRESS,0.5382403829364732,293.15,0.0,0.0
healthy_25pct_400ms_sag,DRESSING_WATER_SUPPORT,443,4.42,4.43,False,1.0,0.9999999999999998,GRID,3600000.0,1.0,False,188.49999995849345,0.0002000000008665281,199999.99809078872,0.0,299999.99820720404,0.0001,293.15,-5.653803548380174e-13,1.0,1.0,1.0,1.0,1.0,1.0,293.15,1.0,DRESS,0.5383234923203497,293.15,0.0,0.0
healthy_25pct_400ms_sag,DRESSING_WATER_SUPPORT,444,4.43,4.44,False,1.0,0.9999999999999998,GRID,3600000.0,1.0,False,188.49999996056877,0.0002000000008127243,199999.99820720401,-2.9103830456733704e-11,299999.99832361937,0.0001,293.15,-6.773918291526002e-13,1.0,1.0,1.0,1.0,1.0,1.0,293.15,1.0,DRESS,0.5384065867292406,293.15,0.0,0.0
healthy_25pct_400ms_sag,DRESSING_WATER_SUPPORT,445,4.44,4.45,False,1.0,0.9999999999999998,GRID,3600000.0,1.0,False,188.49999996254033,0.0002000000007587003,199999.99832361937,0.0,299999.9984400347,0.0001,293.15,-7.896234913758877e-13,1.0,1.0,1.0,1.0,1.0,1.0,293.15,1.0,DRESS,0.538489666165847,293.15,0.0,0.0
healthy_25pct_400ms_sag,DRESSING_WATER_SUPPORT,446,4.45,4.46,False,1.0,0.9999999999999998,GRID,3600000.0,1.0,False,188.49999996441332,0.00020000000070446715,199999.9984400347,0.0,299999.99855645,0.0001,293.15,-9.020642961982476e-13,1.0,1.0,1.0,1.0,1.0,1.0,293.15,1.0,DRESS,0.5385727306328699,293.15,0.0,0.0
healthy_25pct_400ms_sag,DRESSING_WATER_SUPPORT,447,4.46,4.47,False,1.0,0.9999999999999998,GRID,3600000.0,1.0,False,188.49999996619266,0.00020000000065003527,199999.99855645,0.0,299999.99861465767,0.0001,293.15,1.785532046652202e-13,1.0,1.0,1.0,1.0,1.0,1.0,293.15,1.0,DRESS,0.5386557801330094,293.15,0.0,0.0
healthy_25pct_400ms_sag,DRESSING_WATER_SUPPORT,448,4.47,4.48,False,1.0,0.9999999999999998,GRID,3600000.0,1.0,False,188.499999967883,0.0002000000006245184,199999.99861465767,0.0,299999.99867286533,0.0001,293.15,1.2393252223075188e-13,1.0,1.0,1.0,1.0,1.0,1.0,293.15,1.0,DRESS,0.5387388146689653,293.15,0.0,0.0
healthy_25pct_400ms_sag,DRESSING_WATER_SUPPORT,449,4.48,4.49,False,1.0,0.9999999999999998,GRID,3600000.0,1.0,False,188.49999996948887,0.00020000000059882222,199999.99867286533,0.0,299999.998731073,0.0001,293.15,6.91324992044273e-14,1.0,1.0,1.0,1.0,1.0,1.0,293.15,1.0,DRESS,0.5388218342434371,293.15,0.0,0.0
healthy_25pct_400ms_sag,DRESSING_WATER_SUPPORT,450,4.49,4.5,False,1.0,0.9999999999999998,GRID,3600000.0,1.0,False,188.49999997101443,0.00020000000057295567,199999.998731073,0.0,299999.99878928065,0.0001,293.15,1.4162120911750929e-14,1.0,1.0,1.0,1.0,1.0,1.0,293.15,1.0,DRESS,0.5389048388591233,293.15,0.0,0.0
healthy_25pct_400ms_sag,DRESSING_WATER_SUPPORT,451,4.5,4.51,False,1.0,0.9999999999999998,GRID,3600000.0,1.0,False,188.4999999724637,0.0002000000005469272,199999.99878928065,0.0,299999.9988474883,0.0001,293.15,-4.0970169422858995e-14,1.0,1.0,1.0,1.0,1.0,1.0,293.15,1.0,DRESS,0.5389878285187224,293.15,0.0,0.0
healthy_25pct_400ms_sag,DRESSING_WATER_SUPPORT,452,4.51,4.5200000000000005,False,1.0,0.9999999999999998,GRID,3600000.0,1.0,False,188.49999997384052,0.000200000000520745,199999.99884748834,2.9103830456733704e-11,299999.998905696,0.0001,293.15,-9.625621317805452e-14,1.0,1.0,1.0,1.0,1.0,1.0,293.15,1.0,DRESS,0.5390708032249323,293.15,0.0,0.0
healthy_25pct_400ms_sag,DRESSING_WATER_SUPPORT,453,4.5200000000000005,4.53,False,1.0,0.9999999999999998,GRID,3600000.0,1.0,False,188.49999997514848,0.0002000000004944167,199999.99890569597,0.0,299999.99896390364,0.0001,293.15,-1.5168835317599247e-13,1.0,1.0,1.0,1.0,1.0,1.0,293.15,1.0,DRESS,0.5391537629804501,293.15,0.0,0.0
healthy_25pct_400ms_sag,DRESSING_WATER_SUPPORT,454,4.53,4.54,False,1.0,0.9999999999999998,GRID,3600000.0,1.0,False,188.49999997639105,0.00020000000046794964,199999.99896390364,0.0,299999.9990221113,0.0001,293.15,-2.0725923039442709e-13,1.0,1.0,1.0,1.0,1.0,1.0,293.15,1.0,DRESS,0.539236707787973,293.15,0.0,0.0
healthy_25pct_400ms_sag,DRESSING_WATER_SUPPORT,455,4.54,4.55,False,1.0,0.9999999999999998,GRID,3600000.0,1.0,False,188.4999999775715,0.0002000000004413507,199999.9990221113,0.0,299999.9990221113,0.0001,293.15,9.302950391368997e-13,1.0,1.0,1.0,1.0,1.0,1.0,293.15,1.0,DRESS,0.539319637650197,293.15,0.0,0.0
healthy_25pct_400ms_sag,DRESSING_WATER_SUPPORT,456,4.55,4.5600000000000005,False,1.0,0.9999999999999998,GRID,3600000.0,1.0,False,188.49999997869293,0.00020000000044373038,199999.99902211133,2.9103830456733704e-11,299999.9990221113,0.0001,293.15,9.326747273802338e-13,1.0,1.0,1.0,1.0,1.0,1.0,293.15,1.0,DRESS,0.5394025525698182,293.15,0.0,0.0
healthy_25pct_400ms_sag,DRESSING_WATER_SUPPORT,457,4.5600000000000005,4.57,False,1.0,0.9999999999999998,GRID,3600000.0,1.0,False,188.4999999797583,0.00020000000044599113,199999.99902211127,-2.9103830456733704e-11,299999.9990221113,0.0001,293.15,9.349354786452463e-13,1.0,1.0,1.0,1.0,1.0,1.0,293.15,1.0,DRESS,0.539485452549532,293.15,0.0,0.0
healthy_25pct_400ms_sag,DRESSING_WATER_SUPPORT,458,4.57,4.58,False,1.0,0.9999999999999998,GRID,3600000.0,1.0,False,188.49999998077038,0.0002000000004481388,199999.9990221113,0.0,299999.9990221113,0.0001,293.15,9.370831476236685e-13,1.0,1.0,1.0,1.0,1.0,1.0,293.15,1.0,DRESS,0.5395683375920332,293.15,0.0,0.0
healthy_25pct_400ms_sag,DRESSING_WATER_SUPPORT,459,4.58,4.59,False,1.0,0.9999999999999998,GRID,3600000.0,1.0,False,188.49999998173186,0.00020000000045017905,199999.99902211127,-2.9103830456733704e-11,299999.9990221113,0.0001,293.15,9.391233992718517e-13,1.0,1.0,1.0,1.0,1.0,1.0,293.15,1.0,DRESS,0.5396512077000163,293.15,0.0,0.0
healthy_25pct_400ms_sag,DRESSING_WATER_SUPPORT,460,4.59,4.6000000000000005,False,1.0,0.9999999999999998,GRID,3600000.0,1.0,False,188.49999998264528,0.00020000000045211736,199999.9990221113,0.0,299999.9990221113,0.0001,293.15,9.41061708810767e-13,1.0,1.0,1.0,1.0,1.0,1.0,293.15,1.0,DRESS,0.5397340628761752,293.15,0.0,0.0
healthy_25pct_400ms_sag,DRESSING_WATER_SUPPORT,461,4.6000000000000005,4.61,False,1.0,0.9999999999999998,GRID,3600000.0,1.0,False,188.49999998351302,0.0002000000004539587,199999.99902211133,2.9103830456733704e-11,299999.9990221113,0.0001,293.15,9.429030635704078e-13,1.0,1.0,1.0,1.0,1.0,1.0,293.15,1.0,DRESS,0.5398169031232034,293.15,0.0,0.0
healthy_25pct_400ms_sag,DRESSING_WATER_SUPPORT,462,4.61,4.62,False,1.0,0.9999999999999998,GRID,3600000.0,1.0,False,188.49999998433736,0.00020000000045570802,199999.9990221113,0.0,299999.9990221113,0.0001,293.15,9.446523695656045e-13,1.0,1.0,1.0,1.0,1.0,1.0,293.15,1.0,DRESS,0.5398997284437939,293.15,0.0,0.0
healthy_25pct_400ms_sag,DRESSING_WATER_SUPPORT,463,4.62,4.63,False,1.0,0.9999999999999998,GRID,3600000.0,1.0,False,188.4999999851205,0.00020000000045736977,199999.99902211133,2.9103830456733704e-11,299999.9990221113,0.0001,293.15,9.46314126235373e-13,1.0,1.0,1.0,1.0,1.0,1.0,293.15,1.0,DRESS,0.5399825388406391,293.15,0.0,0.0
healthy_25pct_400ms_sag,DRESSING_WATER_SUPPORT,464,4.63,4.64,False,1.0,0.9999999999999998,GRID,3600000.0,1.0,False,188.49999998586446,0.00020000000045894854,199999.99902211124,-5.820766091346741e-11,299999.9990221113,0.0001,293.15,9.478928872288378e-13,1.0,1.0,1.0,1.0,1.0,1.0,293.15,1.0,DRESS,0.5400653343164309,293.15,0.0,0.0
healthy_25pct_400ms_sag,DRESSING_WATER_SUPPORT,465,4.64,4.65,False,1.0,0.9999999999999998,GRID,3600000.0,1.0,False,188.49999998657125,0.00020000000046044834,199999.99902211133,2.9103830456733704e-11,299999.9990221113,0.0001,293.15,9.493926911990913e-13,1.0,1.0,1.0,1.0,1.0,1.0,293.15,1.0,DRESS,0.5401481148738609,293.15,0.0,0.0
healthy_25pct_400ms_sag,DRESSING_WATER_SUPPORT,466,4.65,4.66,False,1.0,0.9999999999999998,GRID,3600000.0,1.0,False,188.4999999872427,0.00020000000046187312,199999.99902211127,-2.9103830456733704e-11,299999.9990221113,0.0001,293.15,9.508174683790088e-13,1.0,1.0,1.0,1.0,1.0,1.0,293.15,1.0,DRESS,0.5402308805156203,293.15,0.0,0.0
healthy_25pct_400ms_sag,DRESSING_WATER_SUPPORT,467,4.66,4.67,False,1.0,0.9999999999999998,GRID,3600000.0,1.0,False,188.49999998788056,0.0002000000004632267,199999.9990221113,0.0,299999.9990221113,0.0001,293.15,9.521710405812484e-13,1.0,1.0,1.0,1.0,1.0,1.0,293.15,1.0,DRESS,0.5403136312443994,293.15,0.0,0.0
healthy_25pct_400ms_sag,DRESSING_WATER_SUPPORT,468,4.67,4.68,False,1.0,0.9999999999999998,GRID,3600000.0,1.0,False,188.49999998848654,0.00020000000046451263,199999.99902211127,-2.9103830456733704e-11,299999.9990221113,0.0001,293.15,9.53456985672979e-13,1.0,1.0,1.0,1.0,1.0,1.0,293.15,1.0,DRESS,0.5403963670628883,293.15,0.0,0.0
healthy_25pct_400ms_sag,DRESSING_WATER_SUPPORT,469,4.68,4.69,False,1.0,0.9999999999999998,GRID,3600000.0,1.0,False,188.49999998906222,0.00020000000046573418,199999.9990221113,0.0,299999.9990221113,0.0001,293.15,9.546785291556642e-13,1.0,1.0,1.0,1.0,1.0,1.0,293.15,1.0,DRESS,0.5404790879737765,293.15,0.0,0.0
healthy_25pct_400ms_sag,DRESSING_WATER_SUPPORT,470,4.69,4.7,False,1.0,0.9999999999999998,GRID,3600000.0,1.0,False,188.4999999896091,0.0002000000004668947,199999.9990221113,0.0,299999.9990221113,0.0001,293.15,9.558390591610927e-13,1.0,1.0,1.0,1.0,1.0,1.0,293.15,1.0,DRESS,0.5405617939797532,293.15,0.0,0.0
healthy_25pct_400ms_sag,DRESSING_WATER_SUPPORT,471,4.7,4.71,False,1.0,0.9999999999999998,GRID,3600000.0,1.0,False,188.49999999012866,0.00020000000046799718,199999.9990221113,0.0,299999.9990221113,0.0001,293.15,9.569415301401846e-13,1.0,1.0,1.0,1.0,1.0,1.0,293.15,1.0,DRESS,0.540644485083507,293.15,0.0,0.0
healthy_25pct_400ms_sag,DRESSING_WATER_SUPPORT,472,4.71,4.72,False,1.0,0.9999999999999998,GRID,3600000.0,1.0,False,188.49999999062223,0.00020000000046904457,199999.9990221113,0.0,299999.9990221113,0.0001,293.15,9.579889236489142e-13,1.0,1.0,1.0,1.0,1.0,1.0,293.15,1.0,DRESS,0.5407271612877259,293.15,0.0,0.0
healthy_25pct_400ms_sag,DRESSING_WATER_SUPPORT,473,4.72,4.73,False,1.0,0.9999999999999998,GRID,3600000.0,1.0,False,188.49999999109113,0.0002000000004700396,199999.99902211133,2.9103830456733704e-11,299999.9990221113,0.0001,293.15,9.589839501927128e-13,1.0,1.0,1.0,1.0,1.0,1.0,293.15,1.0,DRESS,0.5408098225950976,293.15,0.0,0.0
healthy_25pct_400ms_sag,DRESSING_WATER_SUPPORT,474,4.73,4.74,False,1.0,0.9999999999999998,GRID,3600000.0,1.0,False,188.49999999153658,0.00020000000047098486,199999.99902211127,-2.9103830456733704e-11,299999.9990221113,0.0001,293.15,9.599292118567943e-13,1.0,1.0,1.0,1.0,1.0,1.0,293.15,1.0,DRESS,0.5408924690083091,293.15,0.0,0.0
healthy_25pct_400ms_sag,DRESSING_WATER_SUPPORT,475,4.74,4.75,False,1.0,0.9999999999999998,GRID,3600000.0,1.0,False,188.49999999195975,0.00020000000047188282,199999.99902211135,5.820766091346741e-11,299999.9990221113,0.0001,293.15,9.60827175201101e-13,1.0,1.0,1.0,1.0,1.0,1.0,293.15,1.0,DRESS,0.5409751005300473,293.15,0.0,0.0
healthy_25pct_400ms_sag,DRESSING_WATER_SUPPORT,476,4.75,4.76,False,1.0,0.9999999999999998,GRID,3600000.0,1.0,False,188.49999999236178,0.00020000000047273593,199999.99902211133,2.9103830456733704e-11,299999.9990221113,0.0001,293.15,9.616802796805213e-13,1.0,1.0,1.0,1.0,1.0,1.0,293.15,1.0,DRESS,0.5410577171629981,293.15,0.0,0.0
healthy_25pct_400ms_sag,DRESSING_WATER_SUPPORT,477,4.76,4.7700000000000005,False,1.0,0.9999999999999998,GRID,3600000.0,1.0,False,188.49999999274368,0.0002000000004735463,199999.9990221113,0.0,299999.9990221113,0.0001,293.15,9.624906394892913e-13,1.0,1.0,1.0,1.0,1.0,1.0,293.15,1.0,DRESS,0.5411403189098474,293.15,0.0,0.0
healthy_25pct_400ms_sag,DRESSING_WATER_SUPPORT,478,4.7700000000000005,4.78,False,1.0,0.9999999999999998,GRID,3600000.0,1.0,False,188.49999999310648,0.00020000000047431618,199999.9990221113,0.0,299999.9990221113,0.0001,293.15,9.632605314519732e-13,1.0,1.0,1.0,1.0,1.0,1.0,293.15,1.0,DRESS,0.5412229057732802,293.15,0.0,0.0
healthy_25pct_400ms_sag,DRESSING_WATER_SUPPORT,479,4.78,4.79,False,1.0,0.9999999999999998,GRID,3600000.0,1.0,False,188.49999999345115,0.00020000000047504758,199999.99902211133,2.9103830456733704e-11,299999.9990221113,0.0001,293.15,9.63991934237532e-13,1.0,1.0,1.0,1.0,1.0,1.0,293.15,1.0,DRESS,0.5413054777559814,293.15,0.0,0.0
healthy_25pct_400ms_sag,DRESSING_WATER_SUPPORT,480,4.79,4.8,False,1.0,0.9999999999999998,GRID,3600000.0,1.0,False,188.4999999937786,0.00020000000047574242,199999.99902211127,-2.9103830456733704e-11,299999.9990221113,0.0001,293.15,9.646867723048236e-13,1.0,1.0,1.0,1.0,1.0,1.0,293.15,1.0,DRESS,0.541388034860635,293.15,0.0,0.0
healthy_25pct_400ms_sag,DRESSING_WATER_SUPPORT,481,4.8,4.8100000000000005,False,1.0,0.9999999999999998,GRID,3600000.0,1.0,False,188.49999999408968,0.00020000000047640254,199999.99902211133,2.9103830456733704e-11,299999.9990221113,0.0001,293.15,9.653468887975414e-13,1.0,1.0,1.0,1.0,1.0,1.0,293.15,1.0,DRESS,0.541470577089925,293.15,0.0,0.0
healthy_25pct_400ms_sag,DRESSING_WATER_SUPPORT,482,4.8100000000000005,4.82,False,1.0,0.9999999999999998,GRID,3600000.0,1.0,False,188.4999999943852,0.00020000000047702964,199999.99902211133,2.9103830456733704e-11,299999.9990221113,0.0001,293.15,9.65973991334107e-13,1.0,1.0,1.0,1.0,1.0,1.0,293.15,1.0,DRESS,0.5415531044465344,293.15,0.0,0.0
healthy_25pct_400ms_sag,DRESSING_WATER_SUPPORT,483,4.82,4.83,False,1.0,0.9999999999999998,GRID,3600000.0,1.0,False,188.49999999466596,0.0002000000004776254,199999.9990221113,0.0,299999.9990221113,0.0001,293.15,9.665697604278878e-13,1.0,1.0,1.0,1.0,1.0,1.0,293.15,1.0,DRESS,0.5416356169331461,293.15,0.0,0.0
healthy_25pct_400ms_sag,DRESSING_WATER_SUPPORT,484,4.83,4.84,False,1.0,0.9999999999999998,GRID,3600000.0,1.0,False,188.49999999493267,0.0002000000004781914,199999.9990221113,0.0,299999.9990221113,0.0001,293.15,9.671357410669795e-13,1.0,1.0,1.0,1.0,1.0,1.0,293.15,1.0,DRESS,0.5417181145524423,293.15,0.0,0.0
healthy_25pct_400ms_sag,DRESSING_WATER_SUPPORT,485,4.84,4.8500000000000005,False,1.0,0.9999999999999998,GRID,3600000.0,1.0,False,188.49999999518604,0.00020000000047872905,199999.99902211133,2.9103830456733704e-11,299999.9990221113,0.0001,293.15,9.67673396924315e-13,1.0,1.0,1.0,1.0,1.0,1.0,293.15,1.0,DRESS,0.541800597307105,293.15,0.0,0.0
healthy_25pct_400ms_sag,DRESSING_WATER_SUPPORT,486,4.8500000000000005,4.86,False,1.0,0.9999999999999998,GRID,3600000.0,1.0,False,188.49999999542675,0.00020000000047923987,199999.99902211127,-2.9103830456733704e-11,299999.9990221113,0.0001,293.15,9.681842187778816e-13,1.0,1.0,1.0,1.0,1.0,1.0,293.15,1.0,DRESS,0.5418830651998153,293.15,0.0,0.0
healthy_25pct_400ms_sag,DRESSING_WATER_SUPPORT,487,4.86,4.87,False,1.0,0.9999999999999998,GRID,3600000.0,1.0,False,188.4999999956554,0.00020000000047972507,199999.9990221113,0.0,299999.9990221113,0.0001,293.15,9.686694263551232e-13,1.0,1.0,1.0,1.0,1.0,1.0,293.15,1.0,DRESS,0.5419655182332542,293.15,0.0,0.0
healthy_25pct_400ms_sag,DRESSING_WATER_SUPPORT,488,4.87,4.88,False,1.0,0.9999999999999998,GRID,3600000.0,1.0,False,188.49999999587263,0.00020000000048018602,199999.9990221113,0.0,299999.9990221113,0.0001,293.15,9.691303749087554e-13,1.0,1.0,1.0,1.0,1.0,1.0,293.15,1.0,DRESS,0.542047956410102,293.15,0.0,0.0
healthy_25pct_400ms_sag,DRESSING_WATER_SUPPORT,489,4.88,4.89,False,1.0,0.9999999999999998,GRID,3600000.0,1.0,False,188.499999996079,0.00020000000048062396,199999.99902211127,-2.9103830456733704e-11,299999.9990221113,0.0001,293.15,9.695683112712766e-13,1.0,1.0,1.0,1.0,1.0,1.0,293.15,1.0,DRESS,0.5421303797330385,293.15,0.0,0.0
healthy_25pct_400ms_sag,DRESSING_WATER_SUPPORT,490,4.89,4.9,False,1.0,0.9999999999999998,GRID,3600000.0,1.0,False,188.49999999627505,0.00020000000048103997,199999.99902211127,-2.9103830456733704e-11,299999.9990221113,0.0001,293.15,9.699843196448593e-13,1.0,1.0,1.0,1.0,1.0,1.0,293.15,1.0,DRESS,0.5422127882047431,293.15,0.0,0.0
healthy_25pct_400ms_sag,DRESSING_WATER_SUPPORT,491,4.9,4.91,False,1.0,0.9999999999999998,GRID,3600000.0,1.0,False,188.4999999964613,0.00020000000048143516,199999.99902211127,-2.9103830456733704e-11,299999.9990221113,0.0001,293.15,9.703795113367303e-13,1.0,1.0,1.0,1.0,1.0,1.0,293.15,1.0,DRESS,0.5422951818278947,293.15,0.0,0.0
healthy_25pct_400ms_sag,DRESSING_WATER_SUPPORT,492,4.91,4.92,False,1.0,0.9999999999999998,GRID,3600000.0,1.0,False,188.49999999663822,0.0002000000004818106,199999.9990221113,0.0,299999.9990221113,0.0001,293.15,9.707549434440077e-13,1.0,1.0,1.0,1.0,1.0,1.0,293.15,1.0,DRESS,0.5423775606051717,293.15,0.0,0.0
healthy_25pct_400ms_sag,DRESSING_WATER_SUPPORT,493,4.92,4.93,False,1.0,0.9999999999999998,GRID,3600000.0,1.0,False,188.4999999968063,0.0002000000004821673,199999.9990221113,0.0,299999.9990221113,0.0001,293.15,9.711116459587554e-13,1.0,1.0,1.0,1.0,1.0,1.0,293.15,1.0,DRESS,0.5424599245392521,293.15,0.0,0.0
healthy_25pct_400ms_sag,DRESSING_WATER_SUPPORT,494,4.93,4.94,False,1.0,0.9999999999999998,GRID,3600000.0,1.0,False,188.49999999696598,0.0002000000004825061,199999.99902211133,2.9103830456733704e-11,299999.9990221113,0.0001,293.15,9.714504591376572e-13,1.0,1.0,1.0,1.0,1.0,1.0,293.15,1.0,DRESS,0.5425422736328133,293.15,0.0,0.0
healthy_25pct_400ms_sag,DRESSING_WATER_SUPPORT,495,4.94,4.95,False,1.0,0.9999999999999998,GRID,3600000.0,1.0,False,188.4999999971177,0.00020000000048282803,199999.9990221113,0.0,299999.9990221113,0.0001,293.15,9.717723858677224e-13,1.0,1.0,1.0,1.0,1.0,1.0,293.15,1.0,DRESS,0.5426246078885322,293.15,0.0,0.0
healthy_25pct_400ms_sag,DRESSING_WATER_SUPPORT,496,4.95,4.96,False,1.0,0.9999999999999998,GRID,3600000.0,1.0,False,188.49999999726182,0.0002000000004831339,199999.99902211133,2.9103830456733704e-11,299999.9990221113,0.0001,293.15,9.720782393005806e-13,1.0,1.0,1.0,1.0,1.0,1.0,293.15,1.0,DRESS,0.5427069273090853,293.15,0.0,0.0
healthy_25pct_400ms_sag,DRESSING_WATER_SUPPORT,497,4.96,4.97,False,1.0,0.9999999999999998,GRID,3600000.0,1.0,False,188.49999999739873,0.0002000000004834244,199999.9990221113,0.0,299999.9990221113,0.0001,293.15,9.72368751272698e-13,1.0,1.0,1.0,1.0,1.0,1.0,293.15,1.0,DRESS,0.5427892318971488,293.15,0.0,0.0
healthy_25pct_400ms_sag,DRESSING_WATER_SUPPORT,498,4.97,4.98,False,1.0,0.9999999999999998,GRID,3600000.0,1.0,False,188.4999999975288,0.0002000000004837004,199999.9990221113,0.0,299999.9990221113,0.0001,293.15,9.726447620407586e-13,1.0,1.0,1.0,1.0,1.0,1.0,293.15,1.0,DRESS,0.542871521655398,293.15,0.0,0.0
healthy_25pct_400ms_sag,DRESSING_WATER_SUPPORT,499,4.98,4.99,False,1.0,0.9999999999999998,GRID,3600000.0,1.0,False,188.49999999765234,0.00020000000048396257,199999.9990221113,0.0,299999.9990221113,0.0001,293.15,9.729069221260656e-13,1.0,1.0,1.0,1.0,1.0,1.0,293.15,1.0,DRESS,0.542953796586508,293.15,0.0,0.0
healthy_25pct_400ms_sag,DRESSING_WATER_SUPPORT,500,4.99,5.0,False,1.0,0.9999999999999998,GRID,3600000.0,1.0,False,188.49999999776972,0.00020000000048421167,199999.9990221113,0.0,299999.9990221113,0.0001,293.15,9.73156017575194e-13,1.0,1.0,1.0,1.0,1.0,1.0,293.15,1.0,DRESS,0.5430360566931532,293.15,0.0,0.0
healthy_25pct_400ms_sag,DRESSING_WATER_SUPPORT,501,5.0,5.01,False,1.0,0.9999999999999998,GRID,3600000.0,1.0,False,188.49999999788125,0.0002000000004844483,199999.99902211133,2.9103830456733704e-11,299999.9990221113,0.0001,293.15,9.73392644699339e-13,1.0,1.0,1.0,1.0,1.0,1.0,293.15,1.0,DRESS,0.5431183019780079,293.15,0.0,0.0
healthy_25pct_400ms_sag,DRESSING_WATER_SUPPORT,502,5.01,5.0200000000000005,False,1.0,0.9999999999999998,GRID,3600000.0,1.0,False,188.49999999798717,0.0002000000004846731,199999.9990221113,0.0,299999.9990221113,0.0001,293.15,9.73617454019804e-13,1.0,1.0,1.0,1.0,1.0,1.0,293.15,1.0,DRESS,0.5432005324437456,293.15,0.0,0.0
healthy_25pct_400ms_sag,DRESSING_WATER_SUPPORT,503,5.0200000000000005,5.03,False,1.0,0.9999999999999998,GRID,3600000.0,1.0,False,188.49999999808782,0.00020000000048488666,199999.9990221113,0.0,299999.9990221113,0.0001,293.15,9.738310147427293e-13,1.0,1.0,1.0,1.0,1.0,1.0,293.15,1.0,DRESS,0.5432827480930392,293.15,0.0,0.0
healthy_25pct_400ms_sag,DRESSING_WATER_SUPPORT,504,5.03,5.04,False,1.0,0.9999999999999998,GRID,3600000.0,1.0,False,188.49999999818343,0.00020000000048508957,199999.99902211133,2.9103830456733704e-11,299999.9990221113,0.0001,293.15,9.7403392317931e-13,1.0,1.0,1.0,1.0,1.0,1.0,293.15,1.0,DRESS,0.5433649489285617,293.15,0.0,0.0
healthy_25pct_400ms_sag,DRESSING_WATER_SUPPORT,505,5.04,5.05,False,1.0,0.9999999999999998,GRID,3600000.0,1.0,False,188.49999999827426,0.0002000000004852823,199999.99902211133,2.9103830456733704e-11,299999.9990221113,0.0001,293.15,9.742266401154692e-13,1.0,1.0,1.0,1.0,1.0,1.0,293.15,1.0,DRESS,0.5434471349529849,293.15,0.0,0.0
healthy_25pct_400ms_sag,DRESSING_WATER_SUPPORT,506,5.05,5.0600000000000005,False,1.0,0.9999999999999998,GRID,3600000.0,1.0,False,188.49999999836055,0.00020000000048546538,199999.99902211133,2.9103830456733704e-11,299999.9990221113,0.0001,293.15,9.744097347573477e-13,1.0,1.0,1.0,1.0,1.0,1.0,293.15,1.0,DRESS,0.5435293061689807,293.15,0.0,0.0
healthy_25pct_400ms_sag,DRESSING_WATER_SUPPORT,507,5.0600000000000005,5.07,False,1.0,0.9999999999999998,GRID,3600000.0,1.0,False,188.49999999844252,0.00020000000048563934,199999.9990221113,0.0,299999.9990221113,0.0001,293.15,9.74583694995923e-13,1.0,1.0,1.0,1.0,1.0,1.0,293.15,1.0,DRESS,0.54361146257922,293.15,0.0,0.0
healthy_25pct_400ms_sag,DRESSING_WATER_SUPPORT,508,5.07,5.08,False,1.0,0.9999999999999998,GRID,3600000.0,1.0,False,188.4999999985204,0.0002000000004858046,199999.9990221113,0.0,299999.9990221113,0.0001,293.15,9.747489545120641e-13,1.0,1.0,1.0,1.0,1.0,1.0,293.15,1.0,DRESS,0.5436936041863736,293.15,0.0,0.0
healthy_25pct_400ms_sag,DRESSING_WATER_SUPPORT,509,5.08,5.09,False,1.0,0.9999999999999998,GRID,3600000.0,1.0,False,188.49999999859438,0.00020000000048596157,199999.99902211135,5.820766091346741e-11,299999.9990221113,0.0001,293.15,9.749059198815857e-13,1.0,1.0,1.0,1.0,1.0,1.0,293.15,1.0,DRESS,0.5437757309931117,293.15,0.0,0.0
healthy_25pct_400ms_sag,DRESSING_WATER_SUPPORT,510,5.09,5.1000000000000005,False,1.0,0.9999999999999998,GRID,3600000.0,1.0,False,188.49999999866466,0.00020000000048611073,199999.99902211135,5.820766091346741e-11,299999.9990221113,0.0001,293.15,9.750550789954654e-13,1.0,1.0,1.0,1.0,1.0,1.0,293.15,1.0,DRESS,0.5438578430021042,293.15,0.0,0.0
healthy_25pct_400ms_sag,DRESSING_WATER_SUPPORT,511,5.1000000000000005,5.11,False,1.0,0.9999999999999998,GRID,3600000.0,1.0,False,188.49999999873143,0.0002000000004862524,199999.99902211133,2.9103830456733704e-11,299999.9990221113,0.0001,293.15,9.75196757114355e-13,1.0,1.0,1.0,1.0,1.0,1.0,293.15,1.0,DRESS,0.54393994021602,293.15,0.0,0.0
healthy_25pct_400ms_sag,DRESSING_WATER_SUPPORT,512,5.11,5.12,False,1.0,0.9999999999999998,GRID,3600000.0,1.0,False,188.49999999879486,0.00020000000048638704,199999.9990221113,0.0,299999.9990221113,0.0001,293.15,9.753313879191233e-13,1.0,1.0,1.0,1.0,1.0,1.0,293.15,1.0,DRESS,0.5440220226375281,293.15,0.0,0.0
healthy_25pct_400ms_sag,DRESSING_WATER_SUPPORT,513,5.12,5.13,False,1.0,0.9999999999999998,GRID,3600000.0,1.0,False,188.49999999885512,0.0002000000004865149,199999.99902211127,-2.9103830456733704e-11,299999.9990221113,0.0001,293.15,9.754592424603137e-13,1.0,1.0,1.0,1.0,1.0,1.0,293.15,1.0,DRESS,0.5441040902692967,293.15,0.0,0.0
healthy_25pct_400ms_sag,DRESSING_WATER_SUPPORT,514,5.13,5.14,False,1.0,0.9999999999999998,GRID,3600000.0,1.0,False,188.49999999891236,0.0002000000004866364,199999.99902211124,-5.820766091346741e-11,299999.9990221113,0.0001,293.15,9.75580754418795e-13,1.0,1.0,1.0,1.0,1.0,1.0,293.15,1.0,DRESS,0.5441861431139937,293.15,0.0,0.0
healthy_25pct_400ms_sag,DRESSING_WATER_SUPPORT,515,5.14,5.15,False,1.0,0.9999999999999998,GRID,3600000.0,1.0,False,188.49999999896673,0.00020000000048675176,199999.99902211127,-2.9103830456733704e-11,299999.9990221113,0.0001,293.15,9.756961135299475e-13,1.0,1.0,1.0,1.0,1.0,1.0,293.15,1.0,DRESS,0.5442681811742862,293.15,0.0,0.0
healthy_25pct_400ms_sag,DRESSING_WATER_SUPPORT,516,5.15,5.16,False,1.0,0.9999999999999998,GRID,3600000.0,1.0,False,188.4999999990184,0.00020000000048686137,199999.99902211133,2.9103830456733704e-11,299999.9990221113,0.0001,293.15,9.758057263695857e-13,1.0,1.0,1.0,1.0,1.0,1.0,293.15,1.0,DRESS,0.5443502044528412,293.15,0.0,0.0
healthy_25pct_400ms_sag,DRESSING_WATER_SUPPORT,517,5.16,5.17,False,1.0,0.9999999999999998,GRID,3600000.0,1.0,False,188.49999999906748,0.00020000000048696554,199999.99902211124,-5.820766091346741e-11,299999.9990221113,0.0001,293.15,9.759098910933073e-13,1.0,1.0,1.0,1.0,1.0,1.0,293.15,1.0,DRESS,0.544432212952325,293.15,0.0,0.0
healthy_25pct_400ms_sag,DRESSING_WATER_SUPPORT,518,5.17,5.18,False,1.0,0.9999999999999998,GRID,3600000.0,1.0,False,188.4999999991141,0.00020000000048706442,199999.99902211133,2.9103830456733704e-11,299999.9990221113,0.0001,293.15,9.76008770331438e-13,1.0,1.0,1.0,1.0,1.0,1.0,293.15,1.0,DRESS,0.5445142066754034,293.15,0.0,0.0
healthy_25pct_400ms_sag,DRESSING_WATER_SUPPORT,519,5.18,5.19,False,1.0,0.9999999999999998,GRID,3600000.0,1.0,False,188.49999999915838,0.0002000000004871584,199999.9990221113,0.0,299999.9990221113,0.0001,293.15,9.761027435547381e-13,1.0,1.0,1.0,1.0,1.0,1.0,293.15,1.0,DRESS,0.5445961856247419,293.15,0.0,0.0
healthy_25pct_400ms_sag,DRESSING_WATER_SUPPORT,520,5.19,5.2,False,1.0,0.9999999999999998,GRID,3600000.0,1.0,False,188.49999999920047,0.00020000000048724776,199999.99902211127,-2.9103830456733704e-11,299999.9990221113,0.0001,293.15,9.761921089188053e-13,1.0,1.0,1.0,1.0,1.0,1.0,293.15,1.0,DRESS,0.5446781498030053,293.15,0.0,0.0
healthy_25pct_400ms_sag,DRESSING_WATER_SUPPORT,521,5.2,5.21,False,1.0,0.9999999999999998,GRID,3600000.0,1.0,False,188.49999999924046,0.0002000000004873326,199999.99902211127,-2.9103830456733704e-11,299999.9990221113,0.0001,293.15,9.762769477388022e-13,1.0,1.0,1.0,1.0,1.0,1.0,293.15,1.0,DRESS,0.5447600992128581,293.15,0.0,0.0
healthy_25pct_400ms_sag,DRESSING_WATER_SUPPORT,522,5.21,5.22,False,1.0,0.9999999999999998,GRID,3600000.0,1.0,False,188.49999999927843,0.00020000000048741318,199999.99902211127,-2.9103830456733704e-11,299999.9990221113,0.0001,293.15,9.763575310652722e-13,1.0,1.0,1.0,1.0,1.0,1.0,293.15,1.0,DRESS,0.5448420338569642,293.15,0.0,0.0
healthy_25pct_400ms_sag,DRESSING_WATER_SUPPORT,523,5.22,5.23,False,1.0,0.9999999999999998,GRID,3600000.0,1.0,False,188.4999999993145,0.00020000000048748967,199999.99902211133,2.9103830456733704e-11,299999.9990221113,0.0001,293.15,9.76434021528541e-13,1.0,1.0,1.0,1.0,1.0,1.0,293.15,1.0,DRESS,0.5449239537379871,293.15,0.0,0.0
healthy_25pct_400ms_sag,DRESSING_WATER_SUPPORT,524,5.23,5.24,False,1.0,0.9999999999999998,GRID,3600000.0,1.0,False,188.49999999934877,0.00020000000048756245,199999.9990221113,0.0,299999.9990221113,0.0001,293.15,9.765067985993692e-13,1.0,1.0,1.0,1.0,1.0,1.0,293.15,1.0,DRESS,0.5450058588585897,293.15,0.0,0.0
healthy_25pct_400ms_sag,DRESSING_WATER_SUPPORT,525,5.24,5.25,False,1.0,0.9999999999999998,GRID,3600000.0,1.0,False,188.49999999938134,0.00020000000048763154,199999.9990221113,0.0,299999.9990221113,0.0001,293.15,9.765758893828108e-13,1.0,1.0,1.0,1.0,1.0,1.0,293.15,1.0,DRESS,0.5450877492214345,293.15,0.0,0.0
healthy_25pct_400ms_sag,DRESSING_WATER_SUPPORT,526,5.25,5.26,False,1.0,0.9999999999999998,GRID,3600000.0,1.0,False,188.49999999941227,0.00020000000048769716,199999.99902211133,2.9103830456733704e-11,299999.9990221113,0.0001,293.15,9.766415107193005e-13,1.0,1.0,1.0,1.0,1.0,1.0,293.15,1.0,DRESS,0.5451696248291836,293.15,0.0,0.0
healthy_25pct_400ms_sag,DRESSING_WATER_SUPPORT,527,5.26,5.2700000000000005,False,1.0,0.9999999999999998,GRID,3600000.0,1.0,False,188.49999999944166,0.00020000000048775953,199999.99902211133,2.9103830456733704e-11,299999.9990221113,0.0001,293.15,9.767038794492727e-13,1.0,1.0,1.0,1.0,1.0,1.0,293.15,1.0,DRESS,0.5452514856844985,293.15,0.0,0.0
healthy_25pct_400ms_sag,DRESSING_WATER_SUPPORT,528,5.2700000000000005,5.28,False,1.0,0.9999999999999998,GRID,3600000.0,1.0,False,188.49999999946957,0.00020000000048781878,199999.99902211124,-5.820766091346741e-11,299999.9990221113,0.0001,293.15,9.76763131097999e-13,1.0,1.0,1.0,1.0,1.0,1.0,293.15,1.0,DRESS,0.5453333317900403,293.15,0.0,0.0
healthy_25pct_400ms_sag,DRESSING_WATER_SUPPORT,529,5.28,5.29,False,1.0,0.9999999999999998,GRID,3600000.0,1.0,False,188.49999999949608,0.00020000000048787502,199999.9990221113,0.0,299999.9990221113,0.0001,293.15,9.768193740856967e-13,1.0,1.0,1.0,1.0,1.0,1.0,293.15,1.0,DRESS,0.5454151631484695,293.15,0.0,0.0
healthy_25pct_400ms_sag,DRESSING_WATER_SUPPORT,530,5.29,5.3,False,1.0,0.9999999999999998,GRID,3600000.0,1.0,False,188.49999999952126,0.00020000000048792845,199999.9990221113,0.0,299999.9990221113,0.0001,293.15,9.76872798147746e-13,1.0,1.0,1.0,1.0,1.0,1.0,293.15,1.0,DRESS,0.5454969797624463,293.15,0.0,0.0
healthy_25pct_400ms_sag,DRESSING_WATER_SUPPORT,531,5.3,5.3100000000000005,False,1.0,0.9999999999999998,GRID,3600000.0,1.0,False,188.4999999995452,0.00020000000048797927,199999.9990221113,0.0,299999.9990221113,0.0001,293.15,9.769236201245812e-13,1.0,1.0,1.0,1.0,1.0,1.0,293.15,1.0,DRESS,0.5455787816346301,293.15,0.0,0.0
healthy_25pct_400ms_sag,DRESSING_WATER_SUPPORT,532,5.3100000000000005,5.32,False,1.0,0.9999999999999998,GRID,3600000.0,1.0,False,188.49999999956793,0.0002000000004880275,199999.99902211133,2.9103830456733704e-11,299999.9990221113,0.0001,293.15,9.769718400162025e-13,1.0,1.0,1.0,1.0,1.0,1.0,293.15,1.0,DRESS,0.5456605687676803,293.15,0.0,0.0
healthy_25pct_400ms_sag,DRESSING_WATER_SUPPORT,533,5.32,5.33,False,1.0,0.9999999999999998,GRID,3600000.0,1.0,False,188.49999999958953,0.0002000000004880733,199999.99902211133,2.9103830456733704e-11,299999.9990221113,0.0001,293.15,9.7701764755799e-13,1.0,1.0,1.0,1.0,1.0,1.0,293.15,1.0,DRESS,0.5457423411642554,293.15,0.0,0.0
healthy_25pct_400ms_sag,DRESSING_WATER_SUPPORT,534,5.33,5.34,False,1.0,0.9999999999999998,GRID,3600000.0,1.0,False,188.49999999961005,0.00020000000048811685,199999.99902211135,5.820766091346741e-11,299999.9990221113,0.0001,293.15,9.770612053802696e-13,1.0,1.0,1.0,1.0,1.0,1.0,293.15,1.0,DRESS,0.5458240988270135,293.15,0.0,0.0
healthy_25pct_400ms_sag,DRESSING_WATER_SUPPORT,535,5.34,5.3500000000000005,False,1.0,0.9999999999999998,GRID,3600000.0,1.0,False,188.49999999962955,0.00020000000048815827,199999.99902211127,-2.9103830456733704e-11,299999.9990221113,0.0001,293.15,9.771026219032586e-13,1.0,1.0,1.0,1.0,1.0,1.0,293.15,1.0,DRESS,0.5459058417586126,293.15,0.0,0.0
healthy_25pct_400ms_sag,DRESSING_WATER_SUPPORT,536,5.3500000000000005,5.36,False,1.0,0.9999999999999998,GRID,3600000.0,1.0,False,188.49999999964808,0.00020000000048819757,199999.99902211133,2.9103830456733704e-11,299999.9990221113,0.0001,293.15,9.771419242320112e-13,1.0,1.0,1.0,1.0,1.0,1.0,293.15,1.0,DRESS,0.5459875699617095,293.15,0.0,0.0
healthy_25pct_400ms_sag,DRESSING_WATER_SUPPORT,537,5.36,5.37,False,1.0,0.9999999999999998,GRID,3600000.0,1.0,False,188.49999999966568,0.00020000000048823492,199999.9990221113,0.0,299999.9990221113,0.0001,293.15,9.771792749968533e-13,1.0,1.0,1.0,1.0,1.0,1.0,293.15,1.0,DRESS,0.5460692834389612,293.15,0.0,0.0
healthy_25pct_400ms_sag,DRESSING_WATER_SUPPORT,538,5.37,5.38,False,1.0,0.9999999999999998,GRID,3600000.0,1.0,False,188.4999999996824,0.00020000000048827035,199999.99902211133,2.9103830456733704e-11,299999.9990221113,0.0001,293.15,9.772147013028393e-13,1.0,1.0,1.0,1.0,1.0,1.0,293.15,1.0,DRESS,0.5461509821930239,293.15,0.0,0.0
healthy_25pct_400ms_sag,DRESSING_WATER_SUPPORT,539,5.38,5.39,False,1.0,0.9999999999999998,GRID,3600000.0,1.0,False,188.49999999969828,0.0002000000004883041,199999.9990221113,0.0,299999.9990221113,0.0001,293.15,9.772484470954579e-13,1.0,1.0,1.0,1.0,1.0,1.0,293.15,1.0,DRESS,0.5462326662265534,293.15,0.0,0.0
healthy_25pct_400ms_sag,DRESSING_WATER_SUPPORT,540,5.39,5.4,False,1.0,0.9999999999999998,GRID,3600000.0,1.0,False,188.49999999971337,0.00020000000048833613,199999.9990221113,0.0,299999.9990221113,0.0001,293.15,9.772804852696548e-13,1.0,1.0,1.0,1.0,1.0,1.0,293.15,1.0,DRESS,0.546314335542205,293.15,0.0,0.0
healthy_25pct_400ms_sag,DRESSING_WATER_SUPPORT,541,5.4,5.41,False,1.0,0.9999999999999998,GRID,3600000.0,1.0,False,188.4999999997277,0.0002000000004883665,199999.9990221113,0.0,299999.9990221113,0.0001,293.15,9.773108429304844e-13,1.0,1.0,1.0,1.0,1.0,1.0,293.15,1.0,DRESS,0.5463959901426334,293.15,0.0,0.0
healthy_25pct_400ms_sag,DRESSING_WATER_SUPPORT,542,5.41,5.42,False,1.0,0.9999999999999998,GRID,3600000.0,1.0,False,188.4999999997413,0.00020000000048839544,199999.99902211127,-2.9103830456733704e-11,299999.9990221113,0.0001,293.15,9.773397911284898e-13,1.0,1.0,1.0,1.0,1.0,1.0,293.15,1.0,DRESS,0.5464776300304931,293.15,0.0,0.0
healthy_25pct_400ms_sag,DRESSING_WATER_SUPPORT,543,5.42,5.43,False,1.0,0.9999999999999998,GRID,3600000.0,1.0,False,188.49999999975424,0.00020000000048842287,199999.9990221113,0.0,299999.9990221113,0.0001,293.15,9.773672214434537e-13,1.0,1.0,1.0,1.0,1.0,1.0,293.15,1.0,DRESS,0.5465592552084378,293.15,0.0,0.0
healthy_25pct_400ms_sag,DRESSING_WATER_SUPPORT,544,5.43,5.44,False,1.0,0.9999999999999998,GRID,3600000.0,1.0,False,188.49999999976652,0.0002000000004884489,199999.99902211127,-2.9103830456733704e-11,299999.9990221113,0.0001,293.15,9.773932422955933e-13,1.0,1.0,1.0,1.0,1.0,1.0,293.15,1.0,DRESS,0.5466408656791211,293.15,0.0,0.0
healthy_25pct_400ms_sag,DRESSING_WATER_SUPPORT,545,5.44,5.45,False,1.0,0.9999999999999998,GRID,3600000.0,1.0,False,188.4999999997782,0.00020000000048847366,199999.9990221113,0.0,299999.9990221113,0.0001,293.15,9.774180163152346e-13,1.0,1.0,1.0,1.0,1.0,1.0,293.15,1.0,DRESS,0.5467224614451957,293.15,0.0,0.0
healthy_25pct_400ms_sag,DRESSING_WATER_SUPPORT,546,5.45,5.46,False,1.0,0.9999999999999998,GRID,3600000.0,1.0,False,188.49999999978928,0.0002000000004884972,199999.99902211133,2.9103830456733704e-11,299999.9990221113,0.0001,293.15,9.774415435023776e-13,1.0,1.0,1.0,1.0,1.0,1.0,293.15,1.0,DRESS,0.546804042509314,293.15,0.0,0.0
healthy_25pct_400ms_sag,DRESSING_WATER_SUPPORT,547,5.46,5.47,False,1.0,0.9999999999999998,GRID,3600000.0,1.0,False,188.49999999979983,0.00020000000048851958,199999.9990221113,0.0,299999.9990221113,0.0001,293.15,9.774639322772394e-13,1.0,1.0,1.0,1.0,1.0,1.0,293.15,1.0,DRESS,0.5468856088741281,293.15,0.0,0.0
healthy_25pct_400ms_sag,DRESSING_WATER_SUPPORT,548,5.47,5.48,False,1.0,0.9999999999999998,GRID,3600000.0,1.0,False,188.49999999980983,0.0002000000004885408,199999.9990221113,0.0,299999.9990221113,0.0001,293.15,9.774851555347658e-13,1.0,1.0,1.0,1.0,1.0,1.0,293.15,1.0,DRESS,0.5469671605422893,293.15,0.0,0.0
healthy_25pct_400ms_sag,DRESSING_WATER_SUPPORT,549,5.48,5.49,False,1.0,0.9999999999999998,GRID,3600000.0,1.0,False,188.49999999981935,0.00020000000048856102,199999.9990221113,0.0,299999.9990221113,0.0001,293.15,9.775053759052826e-13,1.0,1.0,1.0,1.0,1.0,1.0,293.15,1.0,DRESS,0.5470486975164487,293.15,0.0,0.0
healthy_25pct_400ms_sag,DRESSING_WATER_SUPPORT,550,5.49,5.5,False,1.0,0.9999999999999998,GRID,3600000.0,1.0,False,188.4999999998284,0.00020000000048858021,199999.99902211127,-2.9103830456733704e-11,299999.9990221113,0.0001,293.15,9.775245662837356e-13,1.0,1.0,1.0,1.0,1.0,1.0,293.15,1.0,DRESS,0.5471302197992568,293.15,0.0,0.0
healthy_25pct_400ms_sag,DRESSING_WATER_SUPPORT,551,5.5,5.51,False,1.0,0.9999999999999998,GRID,3600000.0,1.0,False,188.49999999983697,0.0002000000004885984,199999.9990221113,0.0,299999.9990221113,0.0001,293.15,9.77542753775179e-13,1.0,1.0,1.0,1.0,1.0,1.0,293.15,1.0,DRESS,0.5472117273933635,293.15,0.0,0.0
healthy_25pct_400ms_sag,DRESSING_WATER_SUPPORT,552,5.51,5.5200000000000005,False,1.0,0.9999999999999998,GRID,3600000.0,1.0,False,188.49999999984513,0.0002000000004886157,199999.99902211135,5.820766091346741e-11,299999.9990221113,0.0001,293.15,9.775600467998302e-13,1.0,1.0,1.0,1.0,1.0,1.0,293.15,1.0,DRESS,0.5472932203014186,293.15,0.0,0.0
healthy_25pct_400ms_sag,DRESSING_WATER_SUPPORT,553,5.5200000000000005,5.53,False,1.0,0.9999999999999998,GRID,3600000.0,1.0,False,188.49999999985286,0.00020000000048863212,199999.99902211133,2.9103830456733704e-11,299999.9990221113,0.0001,293.15,9.775764724627434e-13,1.0,1.0,1.0,1.0,1.0,1.0,293.15,1.0,DRESS,0.5473746985260709,293.15,0.0,0.0
healthy_25pct_400ms_sag,DRESSING_WATER_SUPPORT,554,5.53,5.54,False,1.0,0.9999999999999998,GRID,3600000.0,1.0,False,188.49999999986022,0.00020000000048864776,199999.99902211127,-2.9103830456733704e-11,299999.9990221113,0.0001,293.15,9.775921120790815e-13,1.0,1.0,1.0,1.0,1.0,1.0,293.15,1.0,DRESS,0.547456162069969,293.15,0.0,0.0
healthy_25pct_400ms_sag,DRESSING_WATER_SUPPORT,555,5.54,5.55,False,1.0,0.9999999999999998,GRID,3600000.0,1.0,False,188.4999999998672,0.00020000000048866256,199999.99902211133,2.9103830456733704e-11,299999.9990221113,0.0001,293.15,9.77606911438736e-13,1.0,1.0,1.0,1.0,1.0,1.0,293.15,1.0,DRESS,0.5475376109357613,293.15,0.0,0.0
healthy_25pct_400ms_sag,DRESSING_WATER_SUPPORT,556,5.55,5.5600000000000005,False,1.0,0.9999999999999998,GRID,3600000.0,1.0,False,188.49999999987386,0.0002000000004886767,199999.99902211133,2.9103830456733704e-11,299999.9990221113,0.0001,293.15,9.776210602770868e-13,1.0,1.0,1.0,1.0,1.0,1.0,293.15,1.0,DRESS,0.547619045126095,293.15,0.0,0.0
healthy_25pct_400ms_sag,DRESSING_WATER_SUPPORT,557,5.5600000000000005,5.57,False,1.0,0.9999999999999998,GRID,3600000.0,1.0,False,188.49999999988017,0.00020000000048869007,199999.9990221113,0.0,299999.9990221113,0.0001,293.15,9.776344230688627e-13,1.0,1.0,1.0,1.0,1.0,1.0,293.15,1.0,DRESS,0.5477004646436177,293.15,0.0,0.0
healthy_25pct_400ms_sag,DRESSING_WATER_SUPPORT,558,5.57,5.58,False,1.0,0.9999999999999998,GRID,3600000.0,1.0,False,188.49999999988617,0.0002000000004887028,199999.99902211133,2.9103830456733704e-11,299999.9990221113,0.0001,293.15,9.776471624443894e-13,1.0,1.0,1.0,1.0,1.0,1.0,293.15,1.0,DRESS,0.5477818694909757,293.15,0.0,0.0
healthy_25pct_400ms_sag,DRESSING_WATER_SUPPORT,559,5.58,5.59,False,1.0,0.9999999999999998,GRID,3600000.0,1.0,False,188.49999999989186,0.00020000000048871485,199999.99902211127,-2.9103830456733704e-11,299999.9990221113,0.0001,293.15,9.77659197088504e-13,1.0,1.0,1.0,1.0,1.0,1.0,293.15,1.0,DRESS,0.5478632596708155,293.15,0.0,0.0
healthy_25pct_400ms_sag,DRESSING_WATER_SUPPORT,560,5.59,5.6000000000000005,False,1.0,0.9999999999999998,GRID,3600000.0,1.0,False,188.49999999989726,0.00020000000048872634,199999.9990221113,0.0,299999.9990221113,0.0001,293.15,9.776706896315324e-13,1.0,1.0,1.0,1.0,1.0,1.0,293.15,1.0,DRESS,0.5479446351857827,293.15,0.0,0.0
healthy_25pct_400ms_sag,DRESSING_WATER_SUPPORT,561,5.6000000000000005,5.61,False,1.0,0.9999999999999998,GRID,3600000.0,1.0,False,188.4999999999024,0.0002000000004887372,199999.99902211133,2.9103830456733704e-11,299999.9990221113,0.0001,293.15,9.776815587583115e-13,1.0,1.0,1.0,1.0,1.0,1.0,293.15,1.0,DRESS,0.5480259960385225,293.15,0.0,0.0
healthy_25pct_400ms_sag,DRESSING_WATER_SUPPORT,562,5.61,5.62,False,1.0,0.9999999999999998,GRID,3600000.0,1.0,False,188.4999999999073,0.00020000000048874762,199999.9990221113,0.0,299999.9990221113,0.0001,293.15,9.776919670991674e-13,1.0,1.0,1.0,1.0,1.0,1.0,293.15,1.0,DRESS,0.5481073422316798,293.15,0.0,0.0
healthy_25pct_400ms_sag,DRESSING_WATER_SUPPORT,563,5.62,5.63,False,1.0,0.9999999999999998,GRID,3600000.0,1.0,False,188.49999999991192,0.00020000000048875745,199999.9990221113,0.0,299999.9990221113,0.0001,293.15,9.777018062338827e-13,1.0,1.0,1.0,1.0,1.0,1.0,293.15,1.0,DRESS,0.5481886737678987,293.15,0.0,0.0
healthy_25pct_400ms_sag,DRESSING_WATER_SUPPORT,564,5.63,5.64,False,1.0,0.9999999999999998,GRID,3600000.0,1.0,False,188.49999999991633,0.0002000000004887668,199999.99902211133,2.9103830456733704e-11,299999.9990221113,0.0001,293.15,9.777111574776204e-13,1.0,1.0,1.0,1.0,1.0,1.0,293.15,1.0,DRESS,0.5482699906498232,293.15,0.0,0.0
healthy_25pct_400ms_sag,DRESSING_WATER_SUPPORT,565,5.64,5.65,False,1.0,0.9999999999999998,GRID,3600000.0,1.0,False,188.4999999999205,0.00020000000048877564,199999.99902211127,-2.9103830456733704e-11,299999.9990221113,0.0001,293.15,9.777199937253261e-13,1.0,1.0,1.0,1.0,1.0,1.0,293.15,1.0,DRESS,0.5483512928800964,293.15,0.0,0.0
healthy_25pct_400ms_sag,DRESSING_WATER_SUPPORT,566,5.65,5.66,False,1.0,0.9999999999999998,GRID,3600000.0,1.0,False,188.49999999992448,0.00020000000048878413,199999.99902211133,2.9103830456733704e-11,299999.9990221113,0.0001,293.15,9.777284776073258e-13,1.0,1.0,1.0,1.0,1.0,1.0,293.15,1.0,DRESS,0.5484325804613615,293.15,0.0,0.0
healthy_25pct_400ms_sag,DRESSING_WATER_SUPPORT,567,5.66,5.67,False,1.0,0.9999999999999998,GRID,3600000.0,1.0,False,188.49999999992826,0.00020000000048879212,199999.99902211127,-2.9103830456733704e-11,299999.9990221113,0.0001,293.15,9.77736473598348e-13,1.0,1.0,1.0,1.0,1.0,1.0,293.15,1.0,DRESS,0.5485138533962605,293.15,0.0,0.0
healthy_25pct_400ms_sag,DRESSING_WATER_SUPPORT,568,5.67,5.68,False,1.0,0.9999999999999998,GRID,3600000.0,1.0,False,188.49999999993184,0.0002000000004887997,199999.9990221113,0.0,299999.9990221113,0.0001,293.15,9.777440630135553e-13,1.0,1.0,1.0,1.0,1.0,1.0,293.15,1.0,DRESS,0.5485951116874355,293.15,0.0,0.0
healthy_25pct_400ms_sag,DRESSING_WATER_SUPPORT,569,5.68,5.69,False,1.0,0.9999999999999998,GRID,3600000.0,1.0,False,188.49999999993526,0.00020000000048880695,199999.9990221113,0.0,299999.9990221113,0.0001,293.15,9.777513000630567e-13,1.0,1.0,1.0,1.0,1.0,1.0,293.15,1.0,DRESS,0.5486763553375279,293.15,0.0,0.0
healthy_25pct_400ms_sag,DRESSING_WATER_SUPPORT,570,5.69,5.7,False,1.0,0.9999999999999998,GRID,3600000.0,1.0,False,188.4999999999385,0.0002000000004888138,199999.99902211135,5.820766091346741e-11,299999.9990221113,0.0001,293.15,9.777581576417976e-13,1.0,1.0,1.0,1.0,1.0,1.0,293.15,1.0,DRESS,0.5487575843491787,293.15,0.0,0.0
healthy_25pct_400ms_sag,DRESSING_WATER_SUPPORT,571,5.7,5.71,False,1.0,0.9999999999999998,GRID,3600000.0,1.0,False,188.49999999994156,0.00020000000048882037,199999.9990221113,0.0,299999.9990221113,0.0001,293.15,9.777647170649412e-13,1.0,1.0,1.0,1.0,1.0,1.0,293.15,1.0,DRESS,0.5488387987250283,293.15,0.0,0.0
healthy_25pct_400ms_sag,DRESSING_WATER_SUPPORT,572,5.71,5.72,False,1.0,0.9999999999999998,GRID,3600000.0,1.0,False,188.4999999999445,0.00020000000048882657,199999.9990221113,0.0,299999.9990221113,0.0001,293.15,9.777709241223786e-13,1.0,1.0,1.0,1.0,1.0,1.0,293.15,1.0,DRESS,0.5489199984677168,293.15,0.0,0.0
healthy_25pct_400ms_sag,DRESSING_WATER_SUPPORT,573,5.72,5.73,False,1.0,0.9999999999999998,GRID,3600000.0,1.0,False,188.49999999994728,0.00020000000048883248,199999.9990221113,0.0,299999.9990221113,0.0001,293.15,9.777768330242187e-13,1.0,1.0,1.0,1.0,1.0,1.0,293.15,1.0,DRESS,0.5490011835798836,293.15,0.0,0.0
healthy_25pct_400ms_sag,DRESSING_WATER_SUPPORT,574,5.73,5.74,False,1.0,0.9999999999999998,GRID,3600000.0,1.0,False,188.49999999994992,0.0002000000004888381,199999.99902211133,2.9103830456733704e-11,299999.9990221113,0.0001,293.15,9.777824437704613e-13,1.0,1.0,1.0,1.0,1.0,1.0,293.15,1.0,DRESS,0.5490823540641677,293.15,0.0,0.0
healthy_25pct_400ms_sag,DRESSING_WATER_SUPPORT,575,5.74,5.75,False,1.0,0.9999999999999998,GRID,3600000.0,1.0,False,188.49999999995242,0.0002000000004888434,199999.99902211133,2.9103830456733704e-11,299999.9990221113,0.0001,293.15,9.777877563611065e-13,1.0,1.0,1.0,1.0,1.0,1.0,293.15,1.0,DRESS,0.5491635099232078,293.15,0.0,0.0
healthy_25pct_400ms_sag,DRESSING_WATER_SUPPORT,576,5.75,5.76,False,1.0,0.9999999999999998,GRID,3600000.0,1.0,False,188.4999999999548,0.0002000000004888485,199999.99902211124,-5.820766091346741e-11,299999.9990221113,0.0001,293.15,9.777928521113172e-13,1.0,1.0,1.0,1.0,1.0,1.0,293.15,1.0,DRESS,0.5492446511596419,293.15,0.0,0.0
healthy_25pct_400ms_sag,DRESSING_WATER_SUPPORT,577,5.76,5.7700000000000005,False,1.0,0.9999999999999998,GRID,3600000.0,1.0,False,188.49999999995708,0.00020000000048885324,199999.99902211133,2.9103830456733704e-11,299999.9990221113,0.0001,293.15,9.777975954958218e-13,1.0,1.0,1.0,1.0,1.0,1.0,293.15,1.0,DRESS,0.5493257777761077,293.15,0.0,0.0
healthy_25pct_400ms_sag,DRESSING_WATER_SUPPORT,578,5.7700000000000005,5.78,False,1.0,0.9999999999999998,GRID,3600000.0,1.0,False,188.49999999995924,0.00020000000048885785,199999.9990221113,0.0,299999.9990221113,0.0001,293.15,9.778022033550549e-13,1.0,1.0,1.0,1.0,1.0,1.0,293.15,1.0,DRESS,0.5494068897752422,293.15,0.0,0.0
healthy_25pct_400ms_sag,DRESSING_WATER_SUPPORT,579,5.78,5.79,False,1.0,0.9999999999999998,GRID,3600000.0,1.0,False,188.4999999999613,0.0002000000004888622,199999.9990221113,0.0,299999.9990221113,0.0001,293.15,9.778065401637448e-13,1.0,1.0,1.0,1.0,1.0,1.0,293.15,1.0,DRESS,0.5494879871596822,293.15,0.0,0.0
healthy_25pct_400ms_sag,DRESSING_WATER_SUPPORT,580,5.79,5.8,False,1.0,0.9999999999999998,GRID,3600000.0,1.0,False,188.49999999996322,0.00020000000048886634,199999.99902211127,-2.9103830456733704e-11,299999.9990221113,0.0001,293.15,9.778106872370546e-13,1.0,1.0,1.0,1.0,1.0,1.0,293.15,1.0,DRESS,0.5495690699320638,293.15,0.0,0.0
healthy_25pct_400ms_sag,DRESSING_WATER_SUPPORT,581,5.8,5.8100000000000005,False,1.0,0.9999999999999998,GRID,3600000.0,1.0,False,188.49999999996507,0.00020000000048887024,199999.99902211127,-2.9103830456733704e-11,299999.9990221113,0.0001,293.15,9.778145903648755e-13,1.0,1.0,1.0,1.0,1.0,1.0,293.15,1.0,DRESS,0.5496501380950227,293.15,0.0,0.0
healthy_25pct_400ms_sag,DRESSING_WATER_SUPPORT,582,5.8100000000000005,5.82,False,1.0,0.9999999999999998,GRID,3600000.0,1.0,False,188.4999999999668,0.00020000000048887392,199999.9990221113,0.0,299999.9990221113,0.0001,293.15,9.77818276652262e-13,1.0,1.0,1.0,1.0,1.0,1.0,293.15,1.0,DRESS,0.5497311916511942,293.15,0.0,0.0
healthy_25pct_400ms_sag,DRESSING_WATER_SUPPORT,583,5.82,5.83,False,1.0,0.9999999999999998,GRID,3600000.0,1.0,False,188.49999999996845,0.00020000000048887745,199999.9990221113,0.0,299999.9990221113,0.0001,293.15,9.778218003093225e-13,1.0,1.0,1.0,1.0,1.0,1.0,293.15,1.0,DRESS,0.549812230603213,293.15,0.0,0.0
healthy_25pct_400ms_sag,DRESSING_WATER_SUPPORT,584,5.83,5.84,False,1.0,0.9999999999999998,GRID,3600000.0,1.0,False,188.49999999997004,0.00020000000048888078,199999.9990221113,0.0,299999.9990221113,0.0001,293.15,9.77825134231003e-13,1.0,1.0,1.0,1.0,1.0,1.0,293.15,1.0,DRESS,0.5498932549537134,293.15,0.0,0.0
healthy_25pct_400ms_sag,DRESSING_WATER_SUPPORT,585,5.84,5.8500000000000005,False,1.0,0.9999999999999998,GRID,3600000.0,1.0,False,188.49999999997155,0.00020000000048888398,199999.99902211133,2.9103830456733704e-11,299999.9990221113,0.0001,293.15,9.778283326274118e-13,1.0,1.0,1.0,1.0,1.0,1.0,293.15,1.0,DRESS,0.5499742647053293,293.15,0.0,0.0
healthy_25pct_400ms_sag,DRESSING_WATER_SUPPORT,586,5.8500000000000005,5.86,False,1.0,0.9999999999999998,GRID,3600000.0,1.0,False,188.49999999997297,0.000200000000488887,199999.9990221113,0.0,299999.9990221113,0.0001,293.15,9.778313412884404e-13,1.0,1.0,1.0,1.0,1.0,1.0,293.15,1.0,DRESS,0.5500552598606938,293.15,0.0,0.0
healthy_25pct_400ms_sag,DRESSING_WATER_SUPPORT,587,5.86,5.87,False,1.0,0.9999999999999998,GRID,3600000.0,1.0,False,188.49999999997434,0.0002000000004888899,199999.99902211133,2.9103830456733704e-11,299999.9990221113,0.0001,293.15,9.778342415292518e-13,1.0,1.0,1.0,1.0,1.0,1.0,293.15,1.0,DRESS,0.5501362404224399,293.15,0.0,0.0
healthy_25pct_400ms_sag,DRESSING_WATER_SUPPORT,588,5.87,5.88,False,1.0,0.9999999999999998,GRID,3600000.0,1.0,False,188.4999999999756,0.0002000000004888926,199999.99902211133,2.9103830456733704e-11,299999.9990221113,0.0001,293.15,9.77836952034683e-13,1.0,1.0,1.0,1.0,1.0,1.0,293.15,1.0,DRESS,0.5502172063931999,293.15,0.0,0.0
healthy_25pct_400ms_sag,DRESSING_WATER_SUPPORT,589,5.88,5.89,False,1.0,0.9999999999999998,GRID,3600000.0,1.0,False,188.49999999997684,0.0002000000004888952,199999.99902211127,-2.9103830456733704e-11,299999.9990221113,0.0001,293.15,9.77839554119897e-13,1.0,1.0,1.0,1.0,1.0,1.0,293.15,1.0,DRESS,0.5502981577756059,293.15,0.0,0.0
healthy_25pct_400ms_sag,DRESSING_WATER_SUPPORT,590,5.89,5.9,False,1.0,0.9999999999999998,GRID,3600000.0,1.0,False,188.499999999978,0.00020000000048889767,199999.9990221113,0.0,299999.9990221113,0.0001,293.15,9.778420206798394e-13,1.0,1.0,1.0,1.0,1.0,1.0,293.15,1.0,DRESS,0.5503790945722891,293.15,0.0,0.0
healthy_25pct_400ms_sag,DRESSING_WATER_SUPPORT,591,5.9,5.91,False,1.0,0.9999999999999998,GRID,3600000.0,1.0,False,188.4999999999791,0.00020000000048890003,199999.9990221113,0.0,299999.9990221113,0.0001,293.15,9.778443788195645e-13,1.0,1.0,1.0,1.0,1.0,1.0,293.15,1.0,DRESS,0.5504600167858805,293.15,0.0,0.0
healthy_25pct_400ms_sag,DRESSING_WATER_SUPPORT,592,5.91,5.92,False,1.0,0.9999999999999998,GRID,3600000.0,1.0,False,188.49999999998016,0.00020000000048890225,199999.99902211127,-2.9103830456733704e-11,299999.9990221113,0.0001,293.15,9.778466014340181e-13,1.0,1.0,1.0,1.0,1.0,1.0,293.15,1.0,DRESS,0.5505409244190107,293.15,0.0,0.0
healthy_25pct_400ms_sag,DRESSING_WATER_SUPPORT,593,5.92,5.93,False,1.0,0.9999999999999998,GRID,3600000.0,1.0,False,188.49999999998116,0.0002000000004889044,199999.9990221113,0.0,299999.9990221113,0.0001,293.15,9.778487427333088e-13,1.0,1.0,1.0,1.0,1.0,1.0,293.15,1.0,DRESS,0.5506218174743096,293.15,0.0,0.0
healthy_25pct_400ms_sag,DRESSING_WATER_SUPPORT,594,5.93,5.94,False,1.0,0.9999999999999998,GRID,3600000.0,1.0,False,188.4999999999821,0.00020000000048890634,199999.9990221113,0.0,299999.9990221113,0.0001,293.15,9.778506942972193e-13,1.0,1.0,1.0,1.0,1.0,1.0,293.15,1.0,DRESS,0.5507026959544067,293.15,0.0,0.0
healthy_25pct_400ms_sag,DRESSING_WATER_SUPPORT,595,5.94,5.95,False,1.0,0.9999999999999998,GRID,3600000.0,1.0,False,188.499999999983,0.0002000000004889083,199999.9990221113,0.0,299999.9990221113,0.0001,293.15,9.778526458611297e-13,1.0,1.0,1.0,1.0,1.0,1.0,293.15,1.0,DRESS,0.5507835598619311,293.15,0.0,0.0
healthy_25pct_400ms_sag,DRESSING_WATER_SUPPORT,596,5.95,5.96,False,1.0,0.9999999999999998,GRID,3600000.0,1.0,False,188.49999999998386,0.00020000000048891014,199999.9990221113,0.0,299999.9990221113,0.0001,293.15,9.77854489004823e-13,1.0,1.0,1.0,1.0,1.0,1.0,293.15,1.0,DRESS,0.5508644091995113,293.15,0.0,0.0
healthy_25pct_400ms_sag,DRESSING_WATER_SUPPORT,597,5.96,5.97,False,1.0,0.9999999999999998,GRID,3600000.0,1.0,False,188.49999999998465,0.00020000000048891182,199999.9990221113,0.0,299999.9990221113,0.0001,293.15,9.778561695181903e-13,1.0,1.0,1.0,1.0,1.0,1.0,293.15,1.0,DRESS,0.5509452439697755,293.15,0.0,0.0
healthy_25pct_400ms_sag,DRESSING_WATER_SUPPORT,598,5.97,5.98,False,1.0,0.9999999999999998,GRID,3600000.0,1.0,False,188.49999999998542,0.0002000000004889134,199999.9990221113,0.0,299999.9990221113,0.0001,293.15,9.778577416113404e-13,1.0,1.0,1.0,1.0,1.0,1.0,293.15,1.0,DRESS,0.5510260641753513,293.15,0.0,0.0
healthy_25pct_400ms_sag,DRESSING_WATER_SUPPORT,599,5.98,5.99,False,1.0,0.9999999999999998,GRID,3600000.0,1.0,False,188.49999999998616,0.000200000000488915,199999.99902211127,-2.9103830456733704e-11,299999.9990221113,0.0001,293.15,9.778593408095448e-13,1.0,1.0,1.0,1.0,1.0,1.0,293.15,1.0,DRESS,0.5511068698188658,293.15,0.0,0.0
healthy_25pct_400ms_sag,DRESSING_WATER_SUPPORT,600,5.99,6.0,False,1.0,0.9999999999999998,GRID,3600000.0,1.0,False,188.49999999998684,0.00020000000048891643,199999.9990221113,0.0,299999.9990221113,0.0001,293.15,9.778607773774234e-13,1.0,1.0,1.0,1.0,1.0,1.0,293.15,1.0,DRESS,0.5511876609029458,293.15,0.0,0.0
healthy_25pct_400ms_sag,DRESSING_WATER_SUPPORT,601,6.0,6.01,False,1.0,0.9999999999999998,GRID,3600000.0,1.0,False,188.4999999999875,0.0002000000004889178,199999.9990221113,0.0,299999.9990221113,0.0001,293.15,9.778621597351933e-13,1.0,1.0,1.0,1.0,1.0,1.0,293.15,1.0,PREPARE,0.5511876609029458,293.15,0.0,0.0
healthy_25pct_400ms_sag,DRESSING_WATER_SUPPORT,602,6.01,6.0200000000000005,False,1.0,0.9999999999999998,GRID,3600000.0,1.0,False,188.49999999998812,0.0002000000004889191,199999.9990221113,0.0,299999.9990221113,0.0001,293.15,9.778634607778003e-13,1.0,1.0,1.0,1.0,1.0,1.0,293.15,1.0,PREPARE,0.5511876609029458,293.15,0.0,0.0
healthy_25pct_400ms_sag,DRESSING_WATER_SUPPORT,603,6.0200000000000005,6.03,False,1.0,0.9999999999999998,GRID,3600000.0,1.0,False,188.49999999998872,0.0002000000004889204,199999.99902211135,5.820766091346741e-11,299999.9990221113,0.0001,293.15,9.778647618204073e-13,1.0,1.0,1.0,1.0,1.0,1.0,293.15,1.0,PREPARE,0.5511876609029458,293.15,0.0,0.0
healthy_25pct_400ms_sag,DRESSING_WATER_SUPPORT,604,6.03,6.04,False,1.0,0.9999999999999998,GRID,3600000.0,1.0,False,188.49999999998929,0.0002000000004889216,199999.99902211135,5.820766091346741e-11,299999.9990221113,0.0001,293.15,9.77865954442797e-13,1.0,1.0,1.0,1.0,1.0,1.0,293.15,1.0,PREPARE,0.5511876609029458,293.15,0.0,0.0
healthy_25pct_400ms_sag,DRESSING_WATER_SUPPORT,605,6.04,6.05,False,1.0,0.9999999999999998,GRID,3600000.0,1.0,False,188.49999999998983,0.00020000000048892274,199999.99902211133,2.9103830456733704e-11,299999.9990221113,0.0001,293.15,9.778670928550781e-13,1.0,1.0,1.0,1.0,1.0,1.0,293.15,1.0,PREPARE,0.5511876609029458,293.15,0.0,0.0
healthy_25pct_400ms_sag,DRESSING_WATER_SUPPORT,606,6.05,6.0600000000000005,False,1.0,0.9999999999999998,GRID,3600000.0,1.0,False,188.49999999999034,0.00020000000048892383,199999.9990221113,0.0,299999.9990221113,0.0001,293.15,9.778681770572506e-13,1.0,1.0,1.0,1.0,1.0,1.0,293.15,1.0,PREPARE,0.5511876609029458,293.15,0.0,0.0
healthy_25pct_400ms_sag,DRESSING_WATER_SUPPORT,607,6.0600000000000005,6.07,False,1.0,0.9999999999999998,GRID,3600000.0,1.0,False,188.49999999999082,0.00020000000048892486,199999.9990221113,0.0,299999.9990221113,0.0001,293.15,9.778692070493145e-13,1.0,1.0,1.0,1.0,1.0,1.0,293.15,1.0,PREPARE,0.5511876609029458,293.15,0.0,0.0
healthy_25pct_400ms_sag,DRESSING_WATER_SUPPORT,608,6.07,6.08,False,1.0,0.9999999999999998,GRID,3600000.0,1.0,False,188.49999999999127,0.00020000000048892586,199999.99902211124,-5.820766091346741e-11,299999.9990221113,0.0001,293.15,9.77870209936324e-13,1.0,1.0,1.0,1.0,1.0,1.0,293.15,1.0,PREPARE,0.5511876609029458,293.15,0.0,0.0
healthy_25pct_400ms_sag,DRESSING_WATER_SUPPORT,609,6.08,6.09,False,1.0,0.9999999999999998,GRID,3600000.0,1.0,False,188.4999999999917,0.0002000000004889267,199999.99902211135,5.820766091346741e-11,299999.9990221113,0.0001,293.15,9.778710501930077e-13,1.0,1.0,1.0,1.0,1.0,1.0,293.15,1.0,PREPARE,0.5511876609029458,293.15,0.0,0.0
healthy_25pct_400ms_sag,DRESSING_WATER_SUPPORT,610,6.09,6.1000000000000005,False,1.0,0.9999999999999998,GRID,3600000.0,1.0,False,188.49999999999213,0.00020000000048892765,199999.9990221113,0.0,299999.9990221113,0.0001,293.15,9.778719988699086e-13,1.0,1.0,1.0,1.0,1.0,1.0,293.15,1.0,PREPARE,0.5511876609029458,293.15,0.0,0.0
healthy_25pct_400ms_sag,DRESSING_WATER_SUPPORT,611,6.1000000000000005,6.11,False,1.0,0.9999999999999998,GRID,3600000.0,1.0,False,188.49999999999253,0.0002000000004889285,199999.9990221113,0.0,299999.9990221113,0.0001,293.15,9.778728391265923e-13,1.0,1.0,1.0,1.0,1.0,1.0,293.15,1.0,PREPARE,0.5511876609029458,293.15,0.0,0.0
healthy_25pct_400ms_sag,DRESSING_WATER_SUPPORT,612,6.11,6.12,False,1.0,0.9999999999999998,GRID,3600000.0,1.0,False,188.4999999999929,0.00020000000048892925,199999.9990221113,0.0,299999.9990221113,0.0001,293.15,9.77873598068113e-13,1.0,1.0,1.0,1.0,1.0,1.0,293.15,1.0,PREPARE,0.5511876609029458,293.15,0.0,0.0
healthy_25pct_400ms_sag,DRESSING_WATER_SUPPORT,613,6.12,6.13,False,1.0,0.9999999999999998,GRID,3600000.0,1.0,False,188.49999999999324,0.00020000000048893,199999.9990221113,0.0,299999.9990221113,0.0001,293.15,9.778743570096338e-13,1.0,1.0,1.0,1.0,1.0,1.0,293.15,1.0,PREPARE,0.5511876609029458,293.15,0.0,0.0
healthy_25pct_400ms_sag,DRESSING_WATER_SUPPORT,614,6.13,6.140000000000001,False,1.0,0.9999999999999998,GRID,3600000.0,1.0,False,188.49999999999358,0.00020000000048893074,199999.99902211127,-2.9103830456733704e-11,299999.9990221113,0.0001,293.15,9.778750888461002e-13,1.0,1.0,1.0,1.0,1.0,1.0,293.15,1.0,PREPARE,0.5511876609029458,293.15,0.0,0.0
healthy_25pct_400ms_sag,DRESSING_WATER_SUPPORT,615,6.140000000000001,6.15,False,1.0,0.9999999999999998,GRID,3600000.0,1.0,False,188.4999999999939,0.00020000000048893136,199999.99902211133,2.9103830456733704e-11,299999.9990221113,0.0001,293.15,9.778757122623494e-13,1.0,1.0,1.0,1.0,1.0,1.0,293.15,1.0,PREPARE,0.5511876609029458,293.15,0.0,0.0
healthy_25pct_400ms_sag,DRESSING_WATER_SUPPORT,616,6.15,6.16,False,1.0,0.9999999999999998,GRID,3600000.0,1.0,False,188.4999999999942,0.00020000000048893204,199999.9990221113,0.0,299999.9990221113,0.0001,293.15,9.778763898887072e-13,1.0,1.0,1.0,1.0,1.0,1.0,293.15,1.0,PREPARE,0.5511876609029458,293.15,0.0,0.0
healthy_25pct_400ms_sag,DRESSING_WATER_SUPPORT,617,6.16,6.17,False,1.0,0.9999999999999998,GRID,3600000.0,1.0,False,188.4999999999945,0.0002000000004889327,199999.9990221113,0.0,299999.9990221113,0.0001,293.15,9.778770404100107e-13,1.0,1.0,1.0,1.0,1.0,1.0,293.15,1.0,PREPARE,0.5511876609029458,293.15,0.0,0.0
healthy_25pct_400ms_sag,DRESSING_WATER_SUPPORT,618,6.17,6.18,False,1.0,0.9999999999999998,GRID,3600000.0,1.0,False,188.49999999999477,0.00020000000048893326,199999.9990221113,0.0,299999.9990221113,0.0001,293.15,9.778776096161512e-13,1.0,1.0,1.0,1.0,1.0,1.0,293.15,1.0,PREPARE,0.5511876609029458,293.15,0.0,0.0
healthy_25pct_400ms_sag,DRESSING_WATER_SUPPORT,619,6.18,6.19,False,1.0,0.9999999999999998,GRID,3600000.0,1.0,False,188.49999999999503,0.0002000000004889338,199999.99902211127,-2.9103830456733704e-11,299999.9990221113,0.0001,293.15,9.778781517172375e-13,1.0,1.0,1.0,1.0,1.0,1.0,293.15,1.0,PREPARE,0.5511876609029458,293.15,0.0,0.0
healthy_25pct_400ms_sag,DRESSING_WATER_SUPPORT,620,6.19,6.2,False,1.0,0.9999999999999998,GRID,3600000.0,1.0,False,188.49999999999528,0.00020000000048893437,199999.9990221113,0.0,299999.9990221113,0.0001,293.15,9.77878720923378e-13,1.0,1.0,1.0,1.0,1.0,1.0,293.15,1.0,PREPARE,0.5511876609029458,293.15,0.0,0.0
healthy_25pct_400ms_sag,DRESSING_WATER_SUPPORT,621,6.2,6.21,False,1.0,0.9999999999999998,GRID,3600000.0,1.0,False,188.4999999999955,0.0002000000004889348,199999.9990221113,0.0,299999.9990221113,0.0001,293.15,9.77879154604247e-13,1.0,1.0,1.0,1.0,1.0,1.0,293.15,1.0,PREPARE,0.5511876609029458,293.15,0.0,0.0
healthy_25pct_400ms_sag,DRESSING_WATER_SUPPORT,622,6.21,6.22,False,1.0,0.9999999999999998,GRID,3600000.0,1.0,False,188.49999999999574,0.0002000000004889353,199999.9990221113,0.0,299999.9990221113,0.0001,293.15,9.778796424952246e-13,1.0,1.0,1.0,1.0,1.0,1.0,293.15,1.0,PREPARE,0.5511876609029458,293.15,0.0,0.0
healthy_25pct_400ms_sag,DRESSING_WATER_SUPPORT,623,6.22,6.23,False,1.0,0.9999999999999998,GRID,3600000.0,1.0,False,188.49999999999596,0.00020000000048893578,199999.99902211133,2.9103830456733704e-11,299999.9990221113,0.0001,293.15,9.778801303862023e-13,1.0,1.0,1.0,1.0,1.0,1.0,293.15,1.0,PREPARE,0.5511876609029458,293.15,0.0,0.0
healthy_25pct_400ms_sag,DRESSING_WATER_SUPPORT,624,6.23,6.24,False,1.0,0.9999999999999998,GRID,3600000.0,1.0,False,188.49999999999616,0.00020000000048893624,199999.9990221113,0.0,299999.9990221113,0.0001,293.15,9.778805911721256e-13,1.0,1.0,1.0,1.0,1.0,1.0,293.15,1.0,PREPARE,0.5511876609029458,293.15,0.0,0.0
healthy_25pct_400ms_sag,DRESSING_WATER_SUPPORT,625,6.24,6.25,False,1.0,0.9999999999999998,GRID,3600000.0,1.0,False,188.49999999999636,0.0002000000004889366,199999.99902211135,5.820766091346741e-11,299999.9990221113,0.0001,293.15,9.778809435378316e-13,1.0,1.0,1.0,1.0,1.0,1.0,293.15,1.0,PREPARE,0.5511876609029458,293.15,0.0,0.0
healthy_25pct_400ms_sag,DRESSING_WATER_SUPPORT,626,6.25,6.26,False,1.0,0.9999999999999998,GRID,3600000.0,1.0,False,188.49999999999653,0.00020000000048893697,199999.99902211135,5.820766091346741e-11,299999.9990221113,0.0001,293.15,9.77881323008592e-13,1.0,1.0,1.0,1.0,1.0,1.0,293.15,1.0,PREPARE,0.5511876609029458,293.15,0.0,0.0
healthy_25pct_400ms_sag,DRESSING_WATER_SUPPORT,627,6.26,6.2700000000000005,False,1.0,0.9999999999999998,GRID,3600000.0,1.0,False,188.4999999999967,0.00020000000048893732,199999.99902211133,2.9103830456733704e-11,299999.9990221113,0.0001,293.15,9.77881675374298e-13,1.0,1.0,1.0,1.0,1.0,1.0,293.15,1.0,PREPARE,0.5511876609029458,293.15,0.0,0.0
healthy_25pct_400ms_sag,DRESSING_WATER_SUPPORT,628,6.2700000000000005,6.28,False,1.0,0.9999999999999998,GRID,3600000.0,1.0,False,188.49999999999687,0.00020000000048893773,199999.99902211133,2.9103830456733704e-11,299999.9990221113,0.0001,293.15,9.778820819501127e-13,1.0,1.0,1.0,1.0,1.0,1.0,293.15,1.0,PREPARE,0.5511876609029458,293.15,0.0,0.0
healthy_25pct_400ms_sag,DRESSING_WATER_SUPPORT,629,6.28,6.29,False,1.0,0.9999999999999998,GRID,3600000.0,1.0,False,188.49999999999704,0.00020000000048893808,199999.9990221113,0.0,299999.9990221113,0.0001,293.15,9.778824343158188e-13,1.0,1.0,1.0,1.0,1.0,1.0,293.15,1.0,PREPARE,0.5511876609029458,293.15,0.0,0.0
healthy_25pct_400ms_sag,DRESSING_WATER_SUPPORT,630,6.29,6.3,False,1.0,0.9999999999999998,GRID,3600000.0,1.0,False,188.4999999999972,0.00020000000048893843,199999.99902211124,-5.820766091346741e-11,299999.9990221113,0.0001,293.15,9.778827866815248e-13,1.0,1.0,1.0,1.0,1.0,1.0,293.15,1.0,PREPARE,0.5511876609029458,293.15,0.0,0.0
healthy_25pct_400ms_sag,DRESSING_WATER_SUPPORT,631,6.3,6.3100000000000005,False,1.0,0.9999999999999998,GRID,3600000.0,1.0,False,188.49999999999733,0.00020000000048893868,199999.99902211127,-2.9103830456733704e-11,299999.9990221113,0.0001,293.15,9.778830306270136e-13,1.0,1.0,1.0,1.0,1.0,1.0,293.15,1.0,PREPARE,0.5511876609029458,293.15,0.0,0.0
healthy_25pct_400ms_sag,DRESSING_WATER_SUPPORT,632,6.3100000000000005,6.32,False,1.0,0.9999999999999998,GRID,3600000.0,1.0,False,188.49999999999747,0.00020000000048893898,199999.99902211127,-2.9103830456733704e-11,299999.9990221113,0.0001,293.15,9.77883328782611e-13,1.0,1.0,1.0,1.0,1.0,1.0,293.15,1.0,PREPARE,0.5511876609029458,293.15,0.0,0.0
healthy_25pct_400ms_sag,DRESSING_WATER_SUPPORT,633,6.32,6.33,False,1.0,0.9999999999999998,GRID,3600000.0,1.0,False,188.49999999999758,0.00020000000048893928,199999.99902211124,-5.820766091346741e-11,299999.9990221113,0.0001,293.15,9.778836269382085e-13,1.0,1.0,1.0,1.0,1.0,1.0,293.15,1.0,PREPARE,0.5511876609029458,293.15,0.0,0.0
healthy_25pct_400ms_sag,DRESSING_WATER_SUPPORT,634,6.33,6.34,False,1.0,0.9999999999999998,GRID,3600000.0,1.0,False,188.4999999999977,0.00020000000048893946,199999.9990221113,0.0,299999.9990221113,0.0001,293.15,9.778838166735887e-13,1.0,1.0,1.0,1.0,1.0,1.0,293.15,1.0,PREPARE,0.5511876609029458,293.15,0.0,0.0
healthy_25pct_400ms_sag,DRESSING_WATER_SUPPORT,635,6.34,6.3500000000000005,False,1.0,0.9999999999999998,GRID,3600000.0,1.0,False,188.4999999999978,0.00020000000048893968,199999.99902211133,2.9103830456733704e-11,299999.9990221113,0.0001,293.15,9.778840335140232e-13,1.0,1.0,1.0,1.0,1.0,1.0,293.15,1.0,PREPARE,0.5511876609029458,293.15,0.0,0.0
healthy_25pct_400ms_sag,DRESSING_WATER_SUPPORT,636,6.3500000000000005,6.36,False,1.0,0.9999999999999998,GRID,3600000.0,1.0,False,188.49999999999793,0.00020000000048893995,199999.9990221113,0.0,299999.9990221113,0.0001,293.15,9.778843045645663e-13,1.0,1.0,1.0,1.0,1.0,1.0,293.15,1.0,PREPARE,0.5511876609029458,293.15,0.0,0.0
healthy_25pct_400ms_sag,DRESSING_WATER_SUPPORT,637,6.36,6.37,False,1.0,0.9999999999999998,GRID,3600000.0,1.0,False,188.49999999999804,0.0002000000004889402,199999.9990221113,0.0,299999.9990221113,0.0001,293.15,9.778845485100551e-13,1.0,1.0,1.0,1.0,1.0,1.0,293.15,1.0,PREPARE,0.5511876609029458,293.15,0.0,0.0
healthy_25pct_400ms_sag,DRESSING_WATER_SUPPORT,638,6.37,6.38,False,1.0,0.9999999999999998,GRID,3600000.0,1.0,False,188.49999999999812,0.00020000000048894036,199999.9990221113,0.0,299999.9990221113,0.0001,293.15,9.77884711140381e-13,1.0,1.0,1.0,1.0,1.0,1.0,293.15,1.0,PREPARE,0.5511876609029458,293.15,0.0,0.0
healthy_25pct_400ms_sag,DRESSING_WATER_SUPPORT,639,6.38,6.390000000000001,False,1.0,0.9999999999999998,GRID,3600000.0,1.0,False,188.4999999999982,0.00020000000048894055,199999.99902211127,-2.9103830456733704e-11,299999.9990221113,0.0001,293.15,9.778849008757612e-13,1.0,1.0,1.0,1.0,1.0,1.0,293.15,1.0,PREPARE,0.5511876609029458,293.15,0.0,0.0
healthy_25pct_400ms_sag,DRESSING_WATER_SUPPORT,640,6.390000000000001,6.4,False,1.0,0.9999999999999998,GRID,3600000.0,1.0,False,188.4999999999983,0.00020000000048894074,199999.9990221113,0.0,299999.9990221113,0.0001,293.15,9.778850906111414e-13,1.0,1.0,1.0,1.0,1.0,1.0,293.15,1.0,PREPARE,0.5511876609029458,293.15,0.0,0.0
healthy_25pct_400ms_sag,DRESSING_WATER_SUPPORT,641,6.4,6.41,False,1.0,0.9999999999999998,GRID,3600000.0,1.0,False,188.49999999999838,0.00020000000048894096,199999.9990221113,0.0,299999.9990221113,0.0001,293.15,9.778853074515759e-13,1.0,1.0,1.0,1.0,1.0,1.0,293.15,1.0,PREPARE,0.5511876609029458,293.15,0.0,0.0
healthy_25pct_400ms_sag,DRESSING_WATER_SUPPORT,642,6.41,6.42,False,1.0,0.9999999999999998,GRID,3600000.0,1.0,False,188.49999999999847,0.00020000000048894112,199999.9990221113,0.0,299999.9990221113,0.0001,293.15,9.778854700819017e-13,1.0,1.0,1.0,1.0,1.0,1.0,293.15,1.0,PREPARE,0.5511876609029458,293.15,0.0,0.0
healthy_25pct_400ms_sag,DRESSING_WATER_SUPPORT,643,6.42,6.43,False,1.0,0.9999999999999998,GRID,3600000.0,1.0,False,188.49999999999855,0.0002000000004889413,199999.9990221113,0.0,299999.9990221113,0.0001,293.15,9.77885659817282e-13,1.0,1.0,1.0,1.0,1.0,1.0,293.15,1.0,PREPARE,0.5511876609029458,293.15,0.0,0.0
healthy_25pct_400ms_sag,DRESSING_WATER_SUPPORT,644,6.43,6.44,False,1.0,0.9999999999999998,GRID,3600000.0,1.0,False,188.49999999999864,0.00020000000048894147,199999.9990221113,0.0,299999.9990221113,0.0001,293.15,9.778858224476078e-13,1.0,1.0,1.0,1.0,1.0,1.0,293.15,1.0,PREPARE,0.5511876609029458,293.15,0.0,0.0
healthy_25pct_400ms_sag,DRESSING_WATER_SUPPORT,645,6.44,6.45,False,1.0,0.9999999999999998,GRID,3600000.0,1.0,False,188.4999999999987,0.00020000000048894158,199999.9990221113,0.0,299999.9990221113,0.0001,293.15,9.77885930867825e-13,1.0,1.0,1.0,1.0,1.0,1.0,293.15,1.0,PREPARE,0.5511876609029458,293.15,0.0,0.0
healthy_25pct_400ms_sag,DRESSING_WATER_SUPPORT,646,6.45,6.46,False,1.0,0.9999999999999998,GRID,3600000.0,1.0,False,188.49999999999875,0.0002000000004889417,199999.9990221113,0.0,299999.9990221113,0.0001,293.15,9.778860392880423e-13,1.0,1.0,1.0,1.0,1.0,1.0,293.15,1.0,PREPARE,0.5511876609029458,293.15,0.0,0.0
healthy_25pct_400ms_sag,DRESSING_WATER_SUPPORT,647,6.46,6.47,False,1.0,0.9999999999999998,GRID,3600000.0,1.0,False,188.4999999999988,0.00020000000048894182,199999.99902211127,-2.9103830456733704e-11,299999.9990221113,0.0001,293.15,9.778861748133139e-13,1.0,1.0,1.0,1.0,1.0,1.0,293.15,1.0,PREPARE,0.5511876609029458,293.15,0.0,0.0
healthy_25pct_400ms_sag,DRESSING_WATER_SUPPORT,648,6.47,6.48,False,1.0,0.9999999999999998,GRID,3600000.0,1.0,False,188.49999999999886,0.00020000000048894196,199999.9990221113,0.0,299999.9990221113,0.0001,293.15,9.778863103385854e-13,1.0,1.0,1.0,1.0,1.0,1.0,293.15,1.0,PREPARE,0.5511876609029458,293.15,0.0,0.0
healthy_25pct_400ms_sag,DRESSING_WATER_SUPPORT,649,6.48,6.49,False,1.0,0.9999999999999998,GRID,3600000.0,1.0,False,188.49999999999892,0.00020000000048894204,199999.99902211133,2.9103830456733704e-11,299999.9990221113,0.0001,293.15,9.778863916537484e-13,1.0,1.0,1.0,1.0,1.0,1.0,293.15,1.0,PREPARE,0.5511876609029458,293.15,0.0,0.0
healthy_25pct_400ms_sag,DRESSING_WATER_SUPPORT,650,6.49,6.5,False,1.0,0.9999999999999998,GRID,3600000.0,1.0,False,188.49999999999898,0.00020000000048894215,199999.99902211135,5.820766091346741e-11,299999.9990221113,0.0001,293.15,9.778865000739656e-13,1.0,1.0,1.0,1.0,1.0,1.0,293.15,1.0,PREPARE,0.5511876609029458,293.15,0.0,0.0
healthy_25pct_400ms_sag,DRESSING_WATER_SUPPORT,651,6.5,6.51,False,1.0,0.9999999999999998,GRID,3600000.0,1.0,False,188.49999999999903,0.0002000000004889423,199999.9990221113,0.0,299999.9990221113,0.0001,293.15,9.778866627042915e-13,1.0,1.0,1.0,1.0,1.0,1.0,293.15,1.0,PREPARE,0.5511876609029458,293.15,0.0,0.0
healthy_25pct_400ms_sag,DRESSING_WATER_SUPPORT,652,6.51,6.5200000000000005,False,1.0,0.9999999999999998,GRID,3600000.0,1.0,False,188.4999999999991,0.00020000000048894242,199999.9990221113,0.0,299999.9990221113,0.0001,293.15,9.778867711245087e-13,1.0,1.0,1.0,1.0,1.0,1.0,293.15,1.0,PREPARE,0.5511876609029458,293.15,0.0,0.0
healthy_25pct_400ms_sag,DRESSING_WATER_SUPPORT,653,6.5200000000000005,6.53,False,1.0,0.9999999999999998,GRID,3600000.0,1.0,False,188.49999999999915,0.00020000000048894253,199999.9990221113,0.0,299999.9990221113,0.0001,293.15,9.77886879544726e-13,1.0,1.0,1.0,1.0,1.0,1.0,293.15,1.0,PREPARE,0.5511876609029458,293.15,0.0,0.0
healthy_25pct_400ms_sag,DRESSING_WATER_SUPPORT,654,6.53,6.54,False,1.0,0.9999999999999998,GRID,3600000.0,1.0,False,188.4999999999992,0.00020000000048894266,199999.9990221113,0.0,299999.9990221113,0.0001,293.15,9.778870150699975e-13,1.0,1.0,1.0,1.0,1.0,1.0,293.15,1.0,PREPARE,0.5511876609029458,293.15,0.0,0.0
healthy_25pct_400ms_sag,DRESSING_WATER_SUPPORT,655,6.54,6.55,False,1.0,0.9999999999999998,GRID,3600000.0,1.0,False,188.49999999999923,0.00020000000048894272,199999.9990221113,0.0,299999.9990221113,0.0001,293.15,9.778870692801062e-13,1.0,1.0,1.0,1.0,1.0,1.0,293.15,1.0,PREPARE,0.5511876609029458,293.15,0.0,0.0
healthy_25pct_400ms_sag,DRESSING_WATER_SUPPORT,656,6.55,6.5600000000000005,False,1.0,0.9999999999999998,GRID,3600000.0,1.0,False,188.49999999999926,0.0002000000004889428,199999.9990221113,0.0,299999.9990221113,0.0001,293.15,9.77887150595269e-13,1.0,1.0,1.0,1.0,1.0,1.0,293.15,1.0,PREPARE,0.5511876609029458,293.15,0.0,0.0
healthy_25pct_400ms_sag,DRESSING_WATER_SUPPORT,657,6.5600000000000005,6.57,False,1.0,0.9999999999999998,GRID,3600000.0,1.0,False,188.4999999999993,0.00020000000048894283,199999.99902211133,2.9103830456733704e-11,299999.9990221113,0.0001,293.15,9.778871777003234e-13,1.0,1.0,1.0,1.0,1.0,1.0,293.15,1.0,PREPARE,0.5511876609029458,293.15,0.0,0.0
healthy_25pct_400ms_sag,DRESSING_WATER_SUPPORT,658,6.57,6.58,False,1.0,0.9999999999999998,GRID,3600000.0,1.0,False,188.49999999999932,0.00020000000048894288,199999.99902211133,2.9103830456733704e-11,299999.9990221113,0.0001,293.15,9.77887231910432e-13,1.0,1.0,1.0,1.0,1.0,1.0,293.15,1.0,PREPARE,0.5511876609029458,293.15,0.0,0.0
healthy_25pct_400ms_sag,DRESSING_WATER_SUPPORT,659,6.58,6.59,False,1.0,0.9999999999999998,GRID,3600000.0,1.0,False,188.49999999999935,0.000200000000488943,199999.9990221113,0.0,299999.9990221113,0.0001,293.15,9.778873403306493e-13,1.0,1.0,1.0,1.0,1.0,1.0,293.15,1.0,PREPARE,0.5511876609029458,293.15,0.0,0.0
healthy_25pct_400ms_sag,DRESSING_WATER_SUPPORT,660,6.59,6.6000000000000005,False,1.0,0.9999999999999998,GRID,3600000.0,1.0,False,188.49999999999937,0.00020000000048894302,199999.99902211127,-2.9103830456733704e-11,299999.9990221113,0.0001,293.15,9.778873674357036e-13,1.0,1.0,1.0,1.0,1.0,1.0,293.15,1.0,PREPARE,0.5511876609029458,293.15,0.0,0.0
healthy_25pct_400ms_sag,DRESSING_WATER_SUPPORT,661,6.6000000000000005,6.61,False,1.0,0.9999999999999998,GRID,3600000.0,1.0,False,188.4999999999994,0.00020000000048894307,199999.9990221113,0.0,299999.9990221113,0.0001,293.15,9.778874216458122e-13,1.0,1.0,1.0,1.0,1.0,1.0,293.15,1.0,PREPARE,0.5511876609029458,293.15,0.0,0.0
healthy_25pct_400ms_sag,DRESSING_WATER_SUPPORT,662,6.61,6.62,False,1.0,0.9999999999999998,GRID,3600000.0,1.0,False,188.49999999999943,0.00020000000048894315,199999.9990221113,0.0,299999.9990221113,0.0001,293.15,9.778875029609752e-13,1.0,1.0,1.0,1.0,1.0,1.0,293.15,1.0,PREPARE,0.5511876609029458,293.15,0.0,0.0
healthy_25pct_400ms_sag,DRESSING_WATER_SUPPORT,663,6.62,6.63,False,1.0,0.9999999999999998,GRID,3600000.0,1.0,False,188.49999999999946,0.00020000000048894318,199999.9990221113,0.0,299999.9990221113,0.0001,293.15,9.778875300660295e-13,1.0,1.0,1.0,1.0,1.0,1.0,293.15,1.0,PREPARE,0.5511876609029458,293.15,0.0,0.0
healthy_25pct_400ms_sag,DRESSING_WATER_SUPPORT,664,6.63,6.640000000000001,False,1.0,0.9999999999999998,GRID,3600000.0,1.0,False,188.4999999999995,0.00020000000048894326,199999.99902211135,5.820766091346741e-11,299999.9990221113,0.0001,293.15,9.778876113811924e-13,1.0,1.0,1.0,1.0,1.0,1.0,293.15,1.0,PREPARE,0.5511876609029458,293.15,0.0,0.0
healthy_25pct_400ms_sag,DRESSING_WATER_SUPPORT,665,6.640000000000001,6.65,False,1.0,0.9999999999999998,GRID,3600000.0,1.0,False,188.49999999999952,0.00020000000048894334,199999.9990221113,0.0,299999.9990221113,0.0001,293.15,9.778876926963553e-13,1.0,1.0,1.0,1.0,1.0,1.0,293.15,1.0,PREPARE,0.5511876609029458,293.15,0.0,0.0
healthy_25pct_400ms_sag,DRESSING_WATER_SUPPORT,666,6.65,6.66,False,1.0,0.9999999999999998,GRID,3600000.0,1.0,False,188.49999999999955,0.00020000000048894337,199999.9990221113,0.0,299999.9990221113,0.0001,293.15,9.778877198014096e-13,1.0,1.0,1.0,1.0,1.0,1.0,293.15,1.0,PREPARE,0.5511876609029458,293.15,0.0,0.0
healthy_25pct_400ms_sag,DRESSING_WATER_SUPPORT,667,6.66,6.67,False,1.0,0.9999999999999998,GRID,3600000.0,1.0,False,188.49999999999957,0.00020000000048894345,199999.9990221113,0.0,299999.9990221113,0.0001,293.15,9.778878011165726e-13,1.0,1.0,1.0,1.0,1.0,1.0,293.15,1.0,PREPARE,0.5511876609029458,293.15,0.0,0.0
healthy_25pct_400ms_sag,DRESSING_WATER_SUPPORT,668,6.67,6.68,False,1.0,0.9999999999999998,GRID,3600000.0,1.0,False,188.4999999999996,0.0002000000004889435,199999.9990221113,0.0,299999.9990221113,0.0001,293.15,9.778878553266812e-13,1.0,1.0,1.0,1.0,1.0,1.0,293.15,1.0,PREPARE,0.5511876609029458,293.15,0.0,0.0
healthy_25pct_400ms_sag,DRESSING_WATER_SUPPORT,669,6.68,6.69,False,1.0,0.9999999999999998,GRID,3600000.0,1.0,False,188.49999999999963,0.00020000000048894356,199999.99902211133,2.9103830456733704e-11,299999.9990221113,0.0001,293.15,9.778879095367898e-13,1.0,1.0,1.0,1.0,1.0,1.0,293.15,1.0,PREPARE,0.5511876609029458,293.15,0.0,0.0
healthy_25pct_400ms_sag,DRESSING_WATER_SUPPORT,670,6.69,6.7,False,1.0,0.9999999999999998,GRID,3600000.0,1.0,False,188.49999999999966,0.00020000000048894364,199999.99902211133,2.9103830456733704e-11,299999.9990221113,0.0001,293.15,9.778879908519528e-13,1.0,1.0,1.0,1.0,1.0,1.0,293.15,1.0,PREPARE,0.5511876609029458,293.15,0.0,0.0
healthy_25pct_400ms_sag,DRESSING_WATER_SUPPORT,671,6.7,6.71,False,1.0,0.9999999999999998,GRID,3600000.0,1.0,False,188.4999999999997,0.0002000000004889437,199999.99902211127,-2.9103830456733704e-11,299999.9990221113,0.0001,293.15,9.778880450620614e-13,1.0,1.0,1.0,1.0,1.0,1.0,293.15,1.0,PREPARE,0.5511876609029458,293.15,0.0,0.0
healthy_25pct_400ms_sag,DRESSING_WATER_SUPPORT,672,6.71,6.72,False,1.0,0.9999999999999998,GRID,3600000.0,1.0,False,188.49999999999972,0.00020000000048894372,199999.99902211135,5.820766091346741e-11,299999.9990221113,0.0001,293.15,9.778880721671157e-13,1.0,1.0,1.0,1.0,1.0,1.0,293.15,1.0,PREPARE,0.5511876609029458,293.15,0.0,0.0
healthy_25pct_400ms_sag,DRESSING_WATER_SUPPORT,673,6.72,6.73,False,1.0,0.9999999999999998,GRID,3600000.0,1.0,False,188.49999999999972,0.00020000000048894372,199999.99902211135,5.820766091346741e-11,299999.9990221113,0.0001,293.15,9.778880721671157e-13,1.0,1.0,1.0,1.0,1.0,1.0,293.15,1.0,PREPARE,0.5511876609029458,293.15,0.0,0.0
healthy_25pct_400ms_sag,DRESSING_WATER_SUPPORT,674,6.73,6.74,False,1.0,0.9999999999999998,GRID,3600000.0,1.0,False,188.49999999999972,0.00020000000048894372,199999.99902211135,5.820766091346741e-11,299999.9990221113,0.0001,293.15,9.778880721671157e-13,1.0,1.0,1.0,1.0,1.0,1.0,293.15,1.0,PREPARE,0.5511876609029458,293.15,0.0,0.0
healthy_25pct_400ms_sag,DRESSING_WATER_SUPPORT,675,6.74,6.75,False,1.0,0.9999999999999998,GRID,3600000.0,1.0,False,188.49999999999972,0.00020000000048894372,199999.99902211135,5.820766091346741e-11,299999.9990221113,0.0001,293.15,9.778880721671157e-13,1.0,1.0,1.0,1.0,1.0,1.0,293.15,1.0,PREPARE,0.5511876609029458,293.15,0.0,0.0
healthy_25pct_400ms_sag,DRESSING_WATER_SUPPORT,676,6.75,6.76,False,1.0,0.9999999999999998,GRID,3600000.0,1.0,False,188.49999999999972,0.00020000000048894372,199999.99902211135,5.820766091346741e-11,299999.9990221113,0.0001,293.15,9.778880721671157e-13,1.0,1.0,1.0,1.0,1.0,1.0,293.15,1.0,PREPARE,0.5511876609029458,293.15,0.0,0.0
healthy_25pct_400ms_sag,DRESSING_WATER_SUPPORT,677,6.76,6.7700000000000005,False,1.0,0.9999999999999998,GRID,3600000.0,1.0,False,188.49999999999972,0.00020000000048894372,199999.99902211135,5.820766091346741e-11,299999.9990221113,0.0001,293.15,9.778880721671157e-13,1.0,1.0,1.0,1.0,1.0,1.0,293.15,1.0,PREPARE,0.5511876609029458,293.15,0.0,0.0
healthy_25pct_400ms_sag,DRESSING_WATER_SUPPORT,678,6.7700000000000005,6.78,False,1.0,0.9999999999999998,GRID,3600000.0,1.0,False,188.49999999999972,0.00020000000048894372,199999.99902211135,5.820766091346741e-11,299999.9990221113,0.0001,293.15,9.778880721671157e-13,1.0,1.0,1.0,1.0,1.0,1.0,293.15,1.0,PREPARE,0.5511876609029458,293.15,0.0,0.0
healthy_25pct_400ms_sag,DRESSING_WATER_SUPPORT,679,6.78,6.79,False,1.0,0.9999999999999998,GRID,3600000.0,1.0,False,188.49999999999972,0.00020000000048894372,199999.99902211135,5.820766091346741e-11,299999.9990221113,0.0001,293.15,9.778880721671157e-13,1.0,1.0,1.0,1.0,1.0,1.0,293.15,1.0,PREPARE,0.5511876609029458,293.15,0.0,0.0
healthy_25pct_400ms_sag,DRESSING_WATER_SUPPORT,680,6.79,6.8,False,1.0,0.9999999999999998,GRID,3600000.0,1.0,False,188.49999999999972,0.00020000000048894372,199999.99902211135,5.820766091346741e-11,299999.9990221113,0.0001,293.15,9.778880721671157e-13,1.0,1.0,1.0,1.0,1.0,1.0,293.15,1.0,PREPARE,0.5511876609029458,293.15,0.0,0.0
healthy_25pct_400ms_sag,DRESSING_WATER_SUPPORT,681,6.8,6.8100000000000005,False,1.0,0.9999999999999998,GRID,3600000.0,1.0,False,188.49999999999972,0.00020000000048894372,199999.99902211135,5.820766091346741e-11,299999.9990221113,0.0001,293.15,9.778880721671157e-13,1.0,1.0,1.0,1.0,1.0,1.0,293.15,1.0,PREPARE,0.5511876609029458,293.15,0.0,0.0
healthy_25pct_400ms_sag,DRESSING_WATER_SUPPORT,682,6.8100000000000005,6.82,False,1.0,0.9999999999999998,GRID,3600000.0,1.0,False,188.49999999999972,0.00020000000048894372,199999.99902211135,5.820766091346741e-11,299999.9990221113,0.0001,293.15,9.778880721671157e-13,1.0,1.0,1.0,1.0,1.0,1.0,293.15,1.0,PREPARE,0.5511876609029458,293.15,0.0,0.0
healthy_25pct_400ms_sag,DRESSING_WATER_SUPPORT,683,6.82,6.83,False,1.0,0.9999999999999998,GRID,3600000.0,1.0,False,188.49999999999972,0.00020000000048894372,199999.99902211135,5.820766091346741e-11,299999.9990221113,0.0001,293.15,9.778880721671157e-13,1.0,1.0,1.0,1.0,1.0,1.0,293.15,1.0,PREPARE,0.5511876609029458,293.15,0.0,0.0
healthy_25pct_400ms_sag,DRESSING_WATER_SUPPORT,684,6.83,6.84,False,1.0,0.9999999999999998,GRID,3600000.0,1.0,False,188.49999999999972,0.00020000000048894372,199999.99902211135,5.820766091346741e-11,299999.9990221113,0.0001,293.15,9.778880721671157e-13,1.0,1.0,1.0,1.0,1.0,1.0,293.15,1.0,PREPARE,0.5511876609029458,293.15,0.0,0.0
healthy_25pct_400ms_sag,DRESSING_WATER_SUPPORT,685,6.84,6.8500000000000005,False,1.0,0.9999999999999998,GRID,3600000.0,1.0,False,188.49999999999972,0.00020000000048894372,199999.99902211135,5.820766091346741e-11,299999.9990221113,0.0001,293.15,9.778880721671157e-13,1.0,1.0,1.0,1.0,1.0,1.0,293.15,1.0,PREPARE,0.5511876609029458,293.15,0.0,0.0
healthy_25pct_400ms_sag,DRESSING_WATER_SUPPORT,686,6.8500000000000005,6.86,False,1.0,0.9999999999999998,GRID,3600000.0,1.0,False,188.49999999999972,0.00020000000048894372,199999.99902211135,5.820766091346741e-11,299999.9990221113,0.0001,293.15,9.778880721671157e-13,1.0,1.0,1.0,1.0,1.0,1.0,293.15,1.0,PREPARE,0.5511876609029458,293.15,0.0,0.0
healthy_25pct_400ms_sag,DRESSING_WATER_SUPPORT,687,6.86,6.87,False,1.0,0.9999999999999998,GRID,3600000.0,1.0,False,188.49999999999972,0.00020000000048894372,199999.99902211135,5.820766091346741e-11,299999.9990221113,0.0001,293.15,9.778880721671157e-13,1.0,1.0,1.0,1.0,1.0,1.0,293.15,1.0,PREPARE,0.5511876609029458,293.15,0.0,0.0
healthy_25pct_400ms_sag,DRESSING_WATER_SUPPORT,688,6.87,6.88,False,1.0,0.9999999999999998,GRID,3600000.0,1.0,False,188.49999999999972,0.00020000000048894372,199999.99902211135,5.820766091346741e-11,299999.9990221113,0.0001,293.15,9.778880721671157e-13,1.0,1.0,1.0,1.0,1.0,1.0,293.15,1.0,PREPARE,0.5511876609029458,293.15,0.0,0.0
healthy_25pct_400ms_sag,DRESSING_WATER_SUPPORT,689,6.88,6.890000000000001,False,1.0,0.9999999999999998,GRID,3600000.0,1.0,False,188.49999999999972,0.00020000000048894372,199999.99902211135,5.820766091346741e-11,299999.9990221113,0.0001,293.15,9.778880721671157e-13,1.0,1.0,1.0,1.0,1.0,1.0,293.15,1.0,PREPARE,0.5511876609029458,293.15,0.0,0.0
healthy_25pct_400ms_sag,DRESSING_WATER_SUPPORT,690,6.890000000000001,6.9,False,1.0,0.9999999999999998,GRID,3600000.0,1.0,False,188.49999999999972,0.00020000000048894372,199999.99902211135,5.820766091346741e-11,299999.9990221113,0.0001,293.15,9.778880721671157e-13,1.0,1.0,1.0,1.0,1.0,1.0,293.15,1.0,PREPARE,0.5511876609029458,293.15,0.0,0.0
healthy_25pct_400ms_sag,DRESSING_WATER_SUPPORT,691,6.9,6.91,False,1.0,0.9999999999999998,GRID,3600000.0,1.0,False,188.49999999999972,0.00020000000048894372,199999.99902211135,5.820766091346741e-11,299999.9990221113,0.0001,293.15,9.778880721671157e-13,1.0,1.0,1.0,1.0,1.0,1.0,293.15,1.0,PREPARE,0.5511876609029458,293.15,0.0,0.0
healthy_25pct_400ms_sag,DRESSING_WATER_SUPPORT,692,6.91,6.92,False,1.0,0.9999999999999998,GRID,3600000.0,1.0,False,188.49999999999972,0.00020000000048894372,199999.99902211135,5.820766091346741e-11,299999.9990221113,0.0001,293.15,9.778880721671157e-13,1.0,1.0,1.0,1.0,1.0,1.0,293.15,1.0,PREPARE,0.5511876609029458,293.15,0.0,0.0
healthy_25pct_400ms_sag,DRESSING_WATER_SUPPORT,693,6.92,6.93,False,1.0,0.9999999999999998,GRID,3600000.0,1.0,False,188.49999999999972,0.00020000000048894372,199999.99902211135,5.820766091346741e-11,299999.9990221113,0.0001,293.15,9.778880721671157e-13,1.0,1.0,1.0,1.0,1.0,1.0,293.15,1.0,PREPARE,0.5511876609029458,293.15,0.0,0.0
healthy_25pct_400ms_sag,DRESSING_WATER_SUPPORT,694,6.93,6.94,False,1.0,0.9999999999999998,GRID,3600000.0,1.0,False,188.49999999999972,0.00020000000048894372,199999.99902211135,5.820766091346741e-11,299999.9990221113,0.0001,293.15,9.778880721671157e-13,1.0,1.0,1.0,1.0,1.0,1.0,293.15,1.0,PREPARE,0.5511876609029458,293.15,0.0,0.0
healthy_25pct_400ms_sag,DRESSING_WATER_SUPPORT,695,6.94,6.95,False,1.0,0.9999999999999998,GRID,3600000.0,1.0,False,188.49999999999972,0.00020000000048894372,199999.99902211135,5.820766091346741e-11,299999.9990221113,0.0001,293.15,9.778880721671157e-13,1.0,1.0,1.0,1.0,1.0,1.0,293.15,1.0,PREPARE,0.5511876609029458,293.15,0.0,0.0
healthy_25pct_400ms_sag,DRESSING_WATER_SUPPORT,696,6.95,6.96,False,1.0,0.9999999999999998,GRID,3600000.0,1.0,False,188.49999999999972,0.00020000000048894372,199999.99902211135,5.820766091346741e-11,299999.9990221113,0.0001,293.15,9.778880721671157e-13,1.0,1.0,1.0,1.0,1.0,1.0,293.15,1.0,PREPARE,0.5511876609029458,293.15,0.0,0.0
healthy_25pct_400ms_sag,DRESSING_WATER_SUPPORT,697,6.96,6.97,False,1.0,0.9999999999999998,GRID,3600000.0,1.0,False,188.49999999999972,0.00020000000048894372,199999.99902211135,5.820766091346741e-11,299999.9990221113,0.0001,293.15,9.778880721671157e-13,1.0,1.0,1.0,1.0,1.0,1.0,293.15,1.0,PREPARE,0.5511876609029458,293.15,0.0,0.0
healthy_25pct_400ms_sag,DRESSING_WATER_SUPPORT,698,6.97,6.98,False,1.0,0.9999999999999998,GRID,3600000.0,1.0,False,188.49999999999972,0.00020000000048894372,199999.99902211135,5.820766091346741e-11,299999.9990221113,0.0001,293.15,9.778880721671157e-13,1.0,1.0,1.0,1.0,1.0,1.0,293.15,1.0,PREPARE,0.5511876609029458,293.15,0.0,0.0
healthy_25pct_400ms_sag,DRESSING_WATER_SUPPORT,699,6.98,6.99,False,1.0,0.9999999999999998,GRID,3600000.0,1.0,False,188.49999999999972,0.00020000000048894372,199999.99902211135,5.820766091346741e-11,299999.9990221113,0.0001,293.15,9.778880721671157e-13,1.0,1.0,1.0,1.0,1.0,1.0,293.15,1.0,PREPARE,0.5511876609029458,293.15,0.0,0.0
healthy_25pct_400ms_sag,DRESSING_WATER_SUPPORT,700,6.99,7.0,False,1.0,0.9999999999999998,GRID,3600000.0,1.0,False,188.49999999999972,0.00020000000048894372,199999.99902211135,5.820766091346741e-11,299999.9990221113,0.0001,293.15,9.778880721671157e-13,1.0,1.0,1.0,1.0,1.0,1.0,293.15,1.0,PREPARE,0.5511876609029458,293.15,0.0,0.0
healthy_25pct_400ms_sag,DRESSING_WATER_SUPPORT,701,7.0,7.01,False,1.0,0.9999999999999998,GRID,3600000.0,1.0,False,188.49999999999972,0.00020000000048894372,199999.99902211135,5.820766091346741e-11,299999.9990221113,0.0001,293.15,9.778880721671157e-13,1.0,1.0,1.0,1.0,1.0,1.0,293.15,1.0,POLISH,0.5511865654042062,293.15027092754167,9.502175039076342e-10,9.502175039076341e-12
healthy_25pct_400ms_sag,DRESSING_WATER_SUPPORT,702,7.01,7.0200000000000005,False,1.0,0.9999999999999998,GRID,3600000.0,1.0,False,188.49999999999972,0.00020000000048894372,199999.99902211135,5.820766091346741e-11,299999.9990221113,0.0001,293.15,9.778880721671157e-13,1.0,1.0,1.0,1.0,1.0,1.0,293.15,1.0,POLISH,0.551185469564263,293.15054181159815,9.525113115868001e-10,1.902728815494434e-11
healthy_25pct_400ms_sag,DRESSING_WATER_SUPPORT,703,7.0200000000000005,7.03,False,1.0,0.9999999999999998,GRID,3600000.0,1.0,False,188.49999999999972,0.00020000000048894372,199999.99902211135,5.820766091346741e-11,299999.9990221113,0.0001,293.15,9.778880721671157e-13,1.0,1.0,1.0,1.0,1.0,1.0,293.15,1.0,POLISH,0.5511843734002577,293.1508126478693,9.547414920282836e-10,2.8574703075227177e-11
healthy_25pct_400ms_sag,DRESSING_WATER_SUPPORT,704,7.03,7.04,False,1.0,0.9999999999999998,GRID,3600000.0,1.0,False,188.49999999999972,0.00020000000048894372,199999.99902211135,5.820766091346741e-11,299999.9990221113,0.0001,293.15,9.778880721671157e-13,1.0,1.0,1.0,1.0,1.0,1.0,293.15,1.0,POLISH,0.5511832769284768,293.1510834322717,9.56909904678068e-10,3.8143802122007855e-11
healthy_25pct_400ms_sag,DRESSING_WATER_SUPPORT,705,7.04,7.05,False,1.0,0.9999999999999998,GRID,3600000.0,1.0,False,188.49999999999972,0.00020000000048894372,199999.99902211135,5.820766091346741e-11,299999.9990221113,0.0001,293.15,9.778880721671157e-13,1.0,1.0,1.0,1.0,1.0,1.0,293.15,1.0,POLISH,0.5511821801643941,293.15135416092767,9.59018352260607e-10,4.773398564461393e-11
healthy_25pct_400ms_sag,DRESSING_WATER_SUPPORT,706,7.05,7.0600000000000005,False,1.0,0.9999999999999998,GRID,3600000.0,1.0,False,188.49999999999972,0.00020000000048894372,199999.99902211135,5.820766091346741e-11,299999.9990221113,0.0001,293.15,9.778880721671157e-13,1.0,1.0,1.0,1.0,1.0,1.0,293.15,1.0,POLISH,0.5511810831227114,293.15162483015513,9.610685824738453e-10,5.734467146935238e-11
healthy_25pct_400ms_sag,DRESSING_WATER_SUPPORT,707,7.0600000000000005,7.07,False,1.0,0.9999999999999998,GRID,3600000.0,1.0,False,188.49999999999972,0.00020000000048894372,199999.99902211135,5.820766091346741e-11,299999.9990221113,0.0001,293.15,9.778880721671157e-13,1.0,1.0,1.0,1.0,1.0,1.0,293.15,1.0,POLISH,0.5511799858173969,293.15189543645806,9.63062289645222e-10,6.697529436580461e-11
healthy_25pct_400ms_sag,DRESSING_WATER_SUPPORT,708,7.07,7.08,False,1.0,0.9999999999999998,GRID,3600000.0,1.0,False,188.49999999999972,0.00020000000048894372,199999.99902211135,5.820766091346741e-11,299999.9990221113,0.0001,293.15,9.778880721671157e-13,1.0,1.0,1.0,1.0,1.0,1.0,293.15,1.0,POLISH,0.5511788882617219,293.15216597651704,9.650011163482016e-10,7.662530552928662e-11
healthy_25pct_400ms_sag,DRESSING_WATER_SUPPORT,709,7.08,7.09,False,1.0,0.9999999999999998,GRID,3600000.0,1.0,False,188.49999999999972,0.00020000000048894372,199999.99902211135,5.820766091346741e-11,299999.9990221113,0.0001,293.15,9.778880721671157e-13,1.0,1.0,1.0,1.0,1.0,1.0,293.15,1.0,POLISH,0.5511777904682955,293.15243644718066,9.668866549790567e-10,8.629417207907718e-11
healthy_25pct_400ms_sag,DRESSING_WATER_SUPPORT,710,7.09,7.1000000000000005,False,1.0,0.9999999999999998,GRID,3600000.0,1.0,False,188.49999999999972,0.00020000000048894372,199999.99902211135,5.820766091346741e-11,299999.9990221113,0.0001,293.15,9.778880721671157e-13,1.0,1.0,1.0,1.0,1.0,1.0,293.15,1.0,POLISH,0.5511766924490976,293.1527068454571,9.6872044929378e-10,9.598137657201498e-11
healthy_25pct_400ms_sag,DRESSING_WATER_SUPPORT,711,7.1000000000000005,7.11,False,1.0,0.9999999999999998,GRID,3600000.0,1.0,False,188.49999999999972,0.00020000000048894372,199999.99902211135,5.820766091346741e-11,299999.9990221113,0.0001,293.15,9.778880721671157e-13,1.0,1.0,1.0,1.0,1.0,1.0,293.15,1.0,POLISH,0.5511755942155103,293.15297716850614,9.705039959051387e-10,1.0568641653106637e-10
healthy_25pct_400ms_sag,DRESSING_WATER_SUPPORT,712,7.11,7.12,False,1.0,0.9999999999999998,GRID,3600000.0,1.0,False,188.49999999999972,0.00020000000048894372,199999.99902211135,5.820766091346741e-11,299999.9990221113,0.0001,293.15,9.778880721671157e-13,1.0,1.0,1.0,1.0,1.0,1.0,293.15,1.0,POLISH,0.5511744957783477,293.1532474136318,9.722387457400163e-10,1.1540880398846653e-10
healthy_25pct_400ms_sag,DRESSING_WATER_SUPPORT,713,7.12,7.13,False,1.0,0.9999999999999998,GRID,3600000.0,1.0,False,188.49999999999972,0.00020000000048894372,199999.99902211135,5.820766091346741e-11,299999.9990221113,0.0001,293.15,9.778880721671157e-13,1.0,1.0,1.0,1.0,1.0,1.0,293.15,1.0,POLISH,0.5511733971478842,293.1535175782751,9.73926105457279e-10,1.251480650430393e-10
healthy_25pct_400ms_sag,DRESSING_WATER_SUPPORT,714,7.13,7.140000000000001,False,1.0,0.9999999999999998,GRID,3600000.0,1.0,False,188.49999999999972,0.00020000000048894372,199999.99902211135,5.820766091346741e-11,299999.9990221113,0.0001,293.15,9.778880721671157e-13,1.0,1.0,1.0,1.0,1.0,1.0,293.15,1.0,POLISH,0.5511722983338815,293.1537876600073,9.75567438826513e-10,1.3490373943130444e-10
healthy_25pct_400ms_sag,DRESSING_WATER_SUPPORT,715,7.140000000000001,7.15,False,1.0,0.9999999999999998,GRID,3600000.0,1.0,False,188.49999999999972,0.00020000000048894372,199999.99902211135,5.820766091346741e-11,299999.9990221113,0.0001,293.15,9.778880721671157e-13,1.0,1.0,1.0,1.0,1.0,1.0,293.15,1.0,POLISH,0.5511711993456141,293.1540576565233,9.771640680680544e-10,1.4467538011198498e-10
healthy_25pct_400ms_sag,DRESSING_WATER_SUPPORT,716,7.15,7.16,False,1.0,0.9999999999999998,GRID,3600000.0,1.0,False,188.49999999999972,0.00020000000048894372,199999.99902211135,5.820766091346741e-11,299999.9990221113,0.0001,293.15,9.778880721671157e-13,1.0,1.0,1.0,1.0,1.0,1.0,293.15,1.0,POLISH,0.5511701001918936,293.1543275656358,9.787172751548007e-10,1.54462552863533e-10
healthy_25pct_400ms_sag,DRESSING_WATER_SUPPORT,717,7.16,7.17,False,1.0,0.9999999999999998,GRID,3600000.0,1.0,False,188.49999999999972,0.00020000000048894372,199999.99902211135,5.820766091346741e-11,299999.9990221113,0.0001,293.15,9.778880721671157e-13,1.0,1.0,1.0,1.0,1.0,1.0,293.15,1.0,POLISH,0.5511690008810918,293.1545973852691,9.802283030763653e-10,1.6426483589429667e-10
healthy_25pct_400ms_sag,DRESSING_WATER_SUPPORT,718,7.17,7.18,False,1.0,0.9999999999999998,GRID,3600000.0,1.0,False,188.49999999999972,0.00020000000048894372,199999.99902211135,5.820766091346741e-11,299999.9990221113,0.0001,293.15,9.778880721671157e-13,1.0,1.0,1.0,1.0,1.0,1.0,293.15,1.0,POLISH,0.5511679014211627,293.1548671134538,9.816983570661806e-10,1.7408181946495846e-10
healthy_25pct_400ms_sag,DRESSING_WATER_SUPPORT,719,7.18,7.19,False,1.0,0.9999999999999998,GRID,3600000.0,1.0,False,188.49999999999972,0.00020000000048894372,199999.99902211135,5.820766091346741e-11,299999.9990221113,0.0001,293.15,9.778880721671157e-13,1.0,1.0,1.0,1.0,1.0,1.0,293.15,1.0,POLISH,0.5511668018196632,293.15513674832147,9.83128605792198e-10,1.8391310552288045e-10
healthy_25pct_400ms_sag,DRESSING_WATER_SUPPORT,720,7.19,7.2,False,1.0,0.9999999999999998,GRID,3600000.0,1.0,False,188.49999999999972,0.00020000000048894372,199999.99902211135,5.820766091346741e-11,299999.9990221113,0.0001,293.15,9.778880721671157e-13,1.0,1.0,1.0,1.0,1.0,1.0,293.15,1.0,POLISH,0.551165702083773,293.15540628809964,9.845201825118872e-10,1.9375830734799933e-10
healthy_25pct_400ms_sag,DRESSING_WATER_SUPPORT,721,7.2,7.21,False,1.0,0.9999999999999998,GRID,3600000.0,1.0,False,188.49999999999972,0.00020000000048894372,199999.99902211135,5.820766091346741e-11,299999.9990221113,0.0001,293.15,9.778880721671157e-13,1.0,1.0,1.0,1.0,1.0,1.0,293.15,1.0,POLISH,0.5511646022203136,293.155675731107,9.858741861922383e-10,2.036170492099217e-10
healthy_25pct_400ms_sag,DRESSING_WATER_SUPPORT,722,7.21,7.22,False,1.0,0.9999999999999998,GRID,3600000.0,1.0,False,188.49999999999972,0.00020000000048894372,199999.99902211135,5.820766091346741e-11,299999.9990221113,0.0001,293.15,9.778880721671157e-13,1.0,1.0,1.0,1.0,1.0,1.0,293.15,1.0,POLISH,0.5511635022357658,293.15594507574895,9.87191682595528e-10,2.1348896603587698e-10
healthy_25pct_400ms_sag,DRESSING_WATER_SUPPORT,723,7.22,7.23,False,1.0,0.9999999999999998,GRID,3600000.0,1.0,False,188.49999999999972,0.00020000000048894372,199999.99902211135,5.820766091346741e-11,299999.9990221113,0.0001,293.15,9.778880721671157e-13,1.0,1.0,1.0,1.0,1.0,1.0,293.15,1.0,POLISH,0.551162402136287,293.1562143205132,9.884737053316068e-10,2.2337370308919305e-10
healthy_25pct_400ms_sag,DRESSING_WATER_SUPPORT,724,7.23,7.24,False,1.0,0.9999999999999998,GRID,3600000.0,1.0,False,188.49999999999972,0.00020000000048894372,199999.99902211135,5.820766091346741e-11,299999.9990221113,0.0001,293.15,9.778880721671157e-13,1.0,1.0,1.0,1.0,1.0,1.0,293.15,1.0,POLISH,0.5511613019277269,293.15648346396574,9.897212568774887e-10,2.3327091565796795e-10
healthy_25pct_400ms_sag,DRESSING_WATER_SUPPORT,725,7.24,7.25,False,1.0,0.9999999999999998,GRID,3600000.0,1.0,False,188.49999999999972,0.00020000000048894372,199999.99902211135,5.820766091346741e-11,299999.9990221113,0.0001,293.15,9.778880721671157e-13,1.0,1.0,1.0,1.0,1.0,1.0,293.15,1.0,POLISH,0.5511602016156437,293.15675250474703,9.909353095650367e-10,2.431802687536183e-10
healthy_25pct_400ms_sag,DRESSING_WATER_SUPPORT,726,7.25,7.26,False,1.0,0.9999999999999998,GRID,3600000.0,1.0,False,188.49999999999972,0.00020000000048894372,199999.99902211135,5.820766091346741e-11,299999.9990221113,0.0001,293.15,9.778880721671157e-13,1.0,1.0,1.0,1.0,1.0,1.0,293.15,1.0,POLISH,0.5511591012053177,293.1570214415682,9.921168065375414e-10,2.531014368189937e-10
healthy_25pct_400ms_sag,DRESSING_WATER_SUPPORT,727,7.26,7.2700000000000005,False,1.0,0.9999999999999998,GRID,3600000.0,1.0,False,188.49999999999972,0.00020000000048894372,199999.99902211135,5.820766091346741e-11,299999.9990221113,0.0001,293.15,9.778880721671157e-13,1.0,1.0,1.0,1.0,1.0,1.0,293.15,1.0,POLISH,0.5511580007017658,293.1572902732076,9.932666626759885e-10,2.630341034457536e-10
healthy_25pct_400ms_sag,DRESSING_WATER_SUPPORT,728,7.2700000000000005,7.28,False,1.0,0.9999999999999998,GRID,3600000.0,1.0,False,188.49999999999972,0.00020000000048894372,199999.99902211135,5.820766091346741e-11,299999.9990221113,0.0001,293.15,9.778880721671157e-13,1.0,1.0,1.0,1.0,1.0,1.0,293.15,1.0,POLISH,0.5511569001097543,293.1575589985074,9.943857654958296e-10,2.729779611007119e-10
healthy_25pct_400ms_sag,DRESSING_WATER_SUPPORT,729,7.28,7.29,False,1.0,0.9999999999999998,GRID,3600000.0,1.0,False,188.49999999999972,0.00020000000048894372,199999.99902211135,5.820766091346741e-11,299999.9990221113,0.0001,293.15,9.778880721671157e-13,1.0,1.0,1.0,1.0,1.0,1.0,293.15,1.0,POLISH,0.5511557994338114,293.15782761637047,9.954749760150402e-10,2.829327108608623e-10
healthy_25pct_400ms_sag,DRESSING_WATER_SUPPORT,730,7.29,7.3,False,1.0,0.9999999999999998,GRID,3600000.0,1.0,False,188.49999999999972,0.00020000000048894372,199999.99902211135,5.820766091346741e-11,299999.9990221113,0.0001,293.15,9.778880721671157e-13,1.0,1.0,1.0,1.0,1.0,1.0,293.15,1.0,POLISH,0.5511546986782396,293.15809612575737,9.965351295942753e-10,2.928980621568051e-10
healthy_25pct_400ms_sag,DRESSING_WATER_SUPPORT,731,7.3,7.3100000000000005,False,1.0,0.9999999999999998,GRID,3600000.0,1.0,False,188.49999999999972,0.00020000000048894372,199999.99902211135,5.820766091346741e-11,299999.9990221113,0.0001,293.15,9.778880721671157e-13,1.0,1.0,1.0,1.0,1.0,1.0,293.15,1.0,POLISH,0.5511535978471264,293.1583645256835,9.97567036749901e-10,3.028737325243041e-10
healthy_25pct_400ms_sag,DRESSING_WATER_SUPPORT,732,7.3100000000000005,7.32,False,1.0,0.9999999999999998,GRID,3600000.0,1.0,False,188.49999999999972,0.00020000000048894372,199999.99902211135,5.820766091346741e-11,299999.9990221113,0.0001,293.15,9.778880721671157e-13,1.0,1.0,1.0,1.0,1.0,1.0,293.15,1.0,POLISH,0.551152496944355,293.1586328152164,9.98571483940687e-10,3.12859447363711e-10
healthy_25pct_400ms_sag,DRESSING_WATER_SUPPORT,733,7.32,7.33,False,1.0,0.9999999999999998,GRID,3600000.0,1.0,False,188.49999999999972,0.00020000000048894372,199999.99902211135,5.820766091346741e-11,299999.9990221113,0.0001,293.15,9.778880721671157e-13,1.0,1.0,1.0,1.0,1.0,1.0,293.15,1.0,POLISH,0.551151395973615,293.158900993473,9.995492343289325e-10,3.2285493970700033e-10
healthy_25pct_400ms_sag,DRESSING_WATER_SUPPORT,734,7.33,7.34,False,1.0,0.9999999999999998,GRID,3600000.0,1.0,False,188.49999999999972,0.00020000000048894372,199999.99902211135,5.820766091346741e-11,299999.9990221113,0.0001,293.15,9.778880721671157e-13,1.0,1.0,1.0,1.0,1.0,1.0,293.15,1.0,POLISH,0.5511502949384115,293.15916905961745,1.0005010285167819e-09,3.3285994999216816e-10
healthy_25pct_400ms_sag,DRESSING_WATER_SUPPORT,735,7.34,7.3500000000000005,False,1.0,0.9999999999999998,GRID,3600000.0,1.0,False,188.49999999999972,0.00020000000048894372,199999.99902211135,5.820766091346741e-11,299999.9990221113,0.0001,293.15,9.778880721671157e-13,1.0,1.0,1.0,1.0,1.0,1.0,293.15,1.0,POLISH,0.5511491938420748,293.15943701285846,1.0014275852584803e-09,3.4287422584475296e-10
healthy_25pct_400ms_sag,DRESSING_WATER_SUPPORT,736,7.3500000000000005,7.36,False,1.0,0.9999999999999998,GRID,3600000.0,1.0,False,188.49999999999972,0.00020000000048894372,199999.99902211135,5.820766091346741e-11,299999.9990221113,0.0001,293.15,9.778880721671157e-13,1.0,1.0,1.0,1.0,1.0,1.0,293.15,1.0,POLISH,0.5511480926877689,293.15970485244736,1.002329602149302e-09,3.52897521866246e-10
healthy_25pct_400ms_sag,DRESSING_WATER_SUPPORT,737,7.36,7.37,False,1.0,0.9999999999999998,GRID,3600000.0,1.0,False,188.49999999999972,0.00020000000048894372,199999.99902211135,5.820766091346741e-11,299999.9990221113,0.0001,293.15,9.778880721671157e-13,1.0,1.0,1.0,1.0,1.0,1.0,293.15,1.0,POLISH,0.5511469914784995,293.15997257767583,1.0032077562918738e-09,3.629295994291647e-10
healthy_25pct_400ms_sag,DRESSING_WATER_SUPPORT,738,7.37,7.38,False,1.0,0.9999999999999998,GRID,3600000.0,1.0,False,188.49999999999972,0.00020000000048894372,199999.99902211135,5.820766091346741e-11,299999.9990221113,0.0001,293.15,9.778880721671157e-13,1.0,1.0,1.0,1.0,1.0,1.0,293.15,1.0,POLISH,0.5511458902171226,293.1602401878739,1.0040627049405967e-09,3.729702264785707e-10
healthy_25pct_400ms_sag,DRESSING_WATER_SUPPORT,739,7.38,7.390000000000001,False,1.0,0.9999999999999998,GRID,3600000.0,1.0,False,188.49999999999972,0.00020000000048894372,199999.99902211135,5.820766091346741e-11,299999.9990221113,0.0001,293.15,9.778880721671157e-13,1.0,1.0,1.0,1.0,1.0,1.0,293.15,1.0,POLISH,0.5511447889063512,293.1605076824082,1.0048950861248588e-09,3.8301917733981926e-10
healthy_25pct_400ms_sag,DRESSING_WATER_SUPPORT,740,7.390000000000001,7.4,False,1.0,0.9999999999999998,GRID,3600000.0,1.0,False,188.49999999999972,0.00020000000048894372,199999.99902211135,5.820766091346741e-11,299999.9990221113,0.0001,293.15,9.778880721671157e-13,1.0,1.0,1.0,1.0,1.0,1.0,293.15,1.0,POLISH,0.5511436875487632,293.1607750606799,1.0057055192517113e-09,3.9307623253233637e-10
healthy_25pct_400ms_sag,DRESSING_WATER_SUPPORT,741,7.4,7.41,False,1.0,0.9999999999999998,GRID,3600000.0,1.0,False,188.49999999999972,0.00020000000048894372,199999.99902211135,5.820766091346741e-11,299999.9990221113,0.0001,293.15,9.778880721671157e-13,1.0,1.0,1.0,1.0,1.0,1.0,293.15,1.0,POLISH,0.5511425861468074,293.1610423221232,1.0064946056886707e-09,4.031411785892231e-10
healthy_25pct_400ms_sag,DRESSING_WATER_SUPPORT,742,7.41,7.42,False,1.0,0.9999999999999998,GRID,3600000.0,1.0,False,188.49999999999972,0.00020000000048894372,199999.99902211135,5.820766091346741e-11,299999.9990221113,0.0001,293.15,9.778880721671157e-13,1.0,1.0,1.0,1.0,1.0,1.0,293.15,1.0,POLISH,0.5511414847028105,293.1613094662036,1.0072629293272843e-09,4.1321380788249593e-10
healthy_25pct_400ms_sag,DRESSING_WATER_SUPPORT,743,7.42,7.43,False,1.0,0.9999999999999998,GRID,3600000.0,1.0,False,188.49999999999972,0.00020000000048894372,199999.99902211135,5.820766091346741e-11,299999.9990221113,0.0001,293.15,9.778880721671157e-13,1.0,1.0,1.0,1.0,1.0,1.0,293.15,1.0,POLISH,0.5511403832189831,293.1615764924163,1.0080110571280896e-09,4.2329391845377685e-10
healthy_25pct_400ms_sag,DRESSING_WATER_SUPPORT,744,7.43,7.44,False,1.0,0.9999999999999998,GRID,3600000.0,1.0,False,188.49999999999972,0.00020000000048894372,199999.99902211135,5.820766091346741e-11,299999.9990221113,0.0001,293.15,9.778880721671157e-13,1.0,1.0,1.0,1.0,1.0,1.0,293.15,1.0,POLISH,0.551139281697425,293.16184340028497,1.008739539647575e-09,4.3338131385025263e-10
healthy_25pct_400ms_sag,DRESSING_WATER_SUPPORT,745,7.44,7.45,False,1.0,0.9999999999999998,GRID,3600000.0,1.0,False,188.49999999999972,0.00020000000048894372,199999.99902211135,5.820766091346741e-11,299999.9990221113,0.0001,293.15,9.778880721671157e-13,1.0,1.0,1.0,1.0,1.0,1.0,293.15,1.0,POLISH,0.5511381801401314,293.1621101893599,1.0094489115477362e-09,4.4347580296573e-10
healthy_25pct_400ms_sag,DRESSING_WATER_SUPPORT,746,7.45,7.46,False,1.0,0.9999999999999998,GRID,3600000.0,1.0,False,188.49999999999972,0.00020000000048894372,199999.99902211135,5.820766091346741e-11,299999.9990221113,0.0001,293.15,9.778880721671157e-13,1.0,1.0,1.0,1.0,1.0,1.0,293.15,1.0,POLISH,0.551137078548998,293.1623768592171,1.0101396920888052e-09,4.5357719988661803e-10
healthy_25pct_400ms_sag,DRESSING_WATER_SUPPORT,747,7.46,7.47,False,1.0,0.9999999999999998,GRID,3600000.0,1.0,False,188.49999999999972,0.00020000000048894372,199999.99902211135,5.820766091346741e-11,299999.9990221113,0.0001,293.15,9.778880721671157e-13,1.0,1.0,1.0,1.0,1.0,1.0,293.15,1.0,POLISH,0.5511359769258254,293.1626434094568,1.010812385605707e-09,4.636853237426751e-10
healthy_25pct_400ms_sag,DRESSING_WATER_SUPPORT,748,7.47,7.48,False,1.0,0.9999999999999998,GRID,3600000.0,1.0,False,188.49999999999972,0.00020000000048894372,199999.99902211135,5.820766091346741e-11,299999.9990221113,0.0001,293.15,9.778880721671157e-13,1.0,1.0,1.0,1.0,1.0,1.0,293.15,1.0,POLISH,0.5511348752723246,293.16290983970225,1.0114674819688007e-09,4.737999985623632e-10
healthy_25pct_400ms_sag,DRESSING_WATER_SUPPORT,749,7.48,7.49,False,1.0,0.9999999999999998,GRID,3600000.0,1.0,False,188.49999999999972,0.00020000000048894372,199999.99902211135,5.820766091346741e-11,299999.9990221113,0.0001,293.15,9.778880721671157e-13,1.0,1.0,1.0,1.0,1.0,1.0,293.15,1.0,POLISH,0.5511337735901211,293.16317614959877,1.0121054570294163e-09,4.839210531326573e-10
healthy_25pct_400ms_sag,DRESSING_WATER_SUPPORT,750,7.49,7.5,False,1.0,0.9999999999999998,GRID,3600000.0,1.0,False,188.49999999999972,0.00020000000048894372,199999.99902211135,5.820766091346741e-11,299999.9990221113,0.0001,293.15,9.778880721671157e-13,1.0,1.0,1.0,1.0,1.0,1.0,293.15,1.0,POLISH,0.551132671880759,293.16344233881233,1.0127267730507146e-09,4.940483208631644e-10
healthy_25pct_400ms_sag,DRESSING_WATER_SUPPORT,751,7.5,7.51,False,1.0,0.9999999999999998,GRID,3600000.0,1.0,False,188.49999999999972,0.00020000000048894372,199999.99902211135,5.820766091346741e-11,299999.9990221113,0.0001,293.15,9.778880721671157e-13,1.0,1.0,1.0,1.0,1.0,1.0,293.15,1.0,POLISH,0.5511315701457055,293.1637084070288,1.013331879124356e-09,5.04181639654408e-10
healthy_25pct_400ms_sag,DRESSING_WATER_SUPPORT,752,7.51,7.5200000000000005,False,1.0,0.9999999999999998,GRID,3600000.0,1.0,False,188.49999999999972,0.00020000000048894372,199999.99902211135,5.820766091346741e-11,299999.9990221113,0.0001,293.15,9.778880721671157e-13,1.0,1.0,1.0,1.0,1.0,1.0,293.15,1.0,POLISH,0.5511304683863544,293.1639743539529,1.0139212115734675e-09,5.143208517701427e-10
healthy_25pct_400ms_sag,DRESSING_WATER_SUPPORT,753,7.5200000000000005,7.53,False,1.0,0.9999999999999998,GRID,3600000.0,1.0,False,188.49999999999972,0.00020000000048894372,199999.99902211135,5.820766091346741e-11,299999.9990221113,0.0001,293.15,9.778880721671157e-13,1.0,1.0,1.0,1.0,1.0,1.0,293.15,1.0,POLISH,0.5511293666040299,293.1642401793071,1.014495194342364e-09,5.244658037135664e-10
healthy_25pct_400ms_sag,DRESSING_WATER_SUPPORT,754,7.53,7.54,False,1.0,0.9999999999999998,GRID,3600000.0,1.0,False,188.49999999999972,0.00020000000048894372,199999.99902211135,5.820766091346741e-11,299999.9990221113,0.0001,293.15,9.778880721671157e-13,1.0,1.0,1.0,1.0,1.0,1.0,293.15,1.0,POLISH,0.55112826479999,293.164505882831,1.0150542393734899e-09,5.346163461073013e-10
healthy_25pct_400ms_sag,DRESSING_WATER_SUPPORT,755,7.54,7.55,False,1.0,0.9999999999999998,GRID,3600000.0,1.0,False,188.49999999999972,0.00020000000048894372,199999.99902211135,5.820766091346741e-11,299999.9990221113,0.0001,293.15,9.778880721671157e-13,1.0,1.0,1.0,1.0,1.0,1.0,293.15,1.0,POLISH,0.5511271629754299,293.16477146428025,1.0155987469719992e-09,5.447723335770213e-10
healthy_25pct_400ms_sag,DRESSING_WATER_SUPPORT,756,7.55,7.5600000000000005,False,1.0,0.9999999999999998,GRID,3600000.0,1.0,False,188.49999999999972,0.00020000000048894372,199999.99902211135,5.820766091346741e-11,299999.9990221113,0.0001,293.15,9.778880721671157e-13,1.0,1.0,1.0,1.0,1.0,1.0,293.15,1.0,POLISH,0.5511260611314851,293.1650369234259,1.0161291061584145e-09,5.549336246386054e-10
healthy_25pct_400ms_sag,DRESSING_WATER_SUPPORT,757,7.5600000000000005,7.57,False,1.0,0.9999999999999998,GRID,3600000.0,1.0,False,188.49999999999972,0.00020000000048894372,199999.99902211135,5.820766091346741e-11,299999.9990221113,0.0001,293.15,9.778880721671157e-13,1.0,1.0,1.0,1.0,1.0,1.0,293.15,1.0,POLISH,0.5511249592692344,293.16530226005347,1.0166456950097615e-09,5.65100081588703e-10
healthy_25pct_400ms_sag,DRESSING_WATER_SUPPORT,758,7.57,7.58,False,1.0,0.9999999999999998,GRID,3600000.0,1.0,False,188.49999999999972,0.00020000000048894372,199999.99902211135,5.820766091346741e-11,299999.9990221113,0.0001,293.15,9.778880721671157e-13,1.0,1.0,1.0,1.0,1.0,1.0,293.15,1.0,POLISH,0.5511238573897027,293.1655674739625,1.017148880989579e-09,5.752715703985988e-10
healthy_25pct_400ms_sag,DRESSING_WATER_SUPPORT,759,7.58,7.59,False,1.0,0.9999999999999998,GRID,3600000.0,1.0,False,188.49999999999972,0.00020000000048894372,199999.99902211135,5.820766091346741e-11,299999.9990221113,0.0001,293.15,9.778880721671157e-13,1.0,1.0,1.0,1.0,1.0,1.0,293.15,1.0,POLISH,0.5511227554938636,293.16583256496557,1.0176390212671844e-09,5.854479606112706e-10
healthy_25pct_400ms_sag,DRESSING_WATER_SUPPORT,760,7.59,7.6000000000000005,False,1.0,0.9999999999999998,GRID,3600000.0,1.0,False,188.49999999999972,0.00020000000048894372,199999.99902211135,5.820766091346741e-11,299999.9990221113,0.0001,293.15,9.778880721671157e-13,1.0,1.0,1.0,1.0,1.0,1.0,293.15,1.0,POLISH,0.5511216535826421,293.1660975328878,1.01811646302657e-09,5.956291252415363e-10
healthy_25pct_400ms_sag,DRESSING_WATER_SUPPORT,761,7.6000000000000005,7.61,False,1.0,0.9999999999999998,GRID,3600000.0,1.0,False,188.49999999999972,0.00020000000048894372,199999.99902211135,5.820766091346741e-11,299999.9990221113,0.0001,293.15,9.778880721671157e-13,1.0,1.0,1.0,1.0,1.0,1.0,293.15,1.0,POLISH,0.5511205516569171,293.1663623775662,1.0185815437652745e-09,6.05814940679189e-10
healthy_25pct_400ms_sag,DRESSING_WATER_SUPPORT,762,7.61,7.62,False,1.0,0.9999999999999998,GRID,3600000.0,1.0,False,188.49999999999972,0.00020000000048894372,199999.99902211135,5.820766091346741e-11,299999.9990221113,0.0001,293.15,9.778880721671157e-13,1.0,1.0,1.0,1.0,1.0,1.0,293.15,1.0,POLISH,0.5511194497175235,293.16662709884906,1.0190345915835872e-09,6.160052865950249e-10
healthy_25pct_400ms_sag,DRESSING_WATER_SUPPORT,763,7.62,7.63,False,1.0,0.9999999999999998,GRID,3600000.0,1.0,False,188.49999999999972,0.00020000000048894372,199999.99902211135,5.820766091346741e-11,299999.9990221113,0.0001,293.15,9.778880721671157e-13,1.0,1.0,1.0,1.0,1.0,1.0,293.15,1.0,POLISH,0.5511183477652545,293.1668916965955,1.0194759254644102e-09,6.26200045849669e-10
healthy_25pct_400ms_sag,DRESSING_WATER_SUPPORT,764,7.63,7.640000000000001,False,1.0,0.9999999999999998,GRID,3600000.0,1.0,False,188.49999999999972,0.00020000000048894372,199999.99902211135,5.820766091346741e-11,299999.9990221113,0.0001,293.15,9.778880721671157e-13,1.0,1.0,1.0,1.0,1.0,1.0,293.15,1.0,POLISH,0.5511172458008636,293.1671561706746,1.0199058555441025e-09,6.3639910440511e-10
healthy_25pct_400ms_sag,DRESSING_WATER_SUPPORT,765,7.640000000000001,7.65,False,1.0,0.9999999999999998,GRID,3600000.0,1.0,False,188.49999999999972,0.00020000000048894372,199999.99902211135,5.820766091346741e-11,299999.9990221113,0.0001,293.15,9.778880721671157e-13,1.0,1.0,1.0,1.0,1.0,1.0,293.15,1.0,POLISH,0.5511161438250668,293.1674205209654,1.0203246833746117e-09,6.466023512388561e-10
healthy_25pct_400ms_sag,DRESSING_WATER_SUPPORT,766,7.65,7.66,False,1.0,0.9999999999999998,GRID,3600000.0,1.0,False,188.49999999999972,0.00020000000048894372,199999.99902211135,5.820766091346741e-11,299999.9990221113,0.0001,293.15,9.778880721671157e-13,1.0,1.0,1.0,1.0,1.0,1.0,293.15,1.0,POLISH,0.5511150418385442,293.16768474735596,1.020732702177203e-09,6.568096782606281e-10
healthy_25pct_400ms_sag,DRESSING_WATER_SUPPORT,767,7.66,7.67,False,1.0,0.9999999999999998,GRID,3600000.0,1.0,False,188.49999999999972,0.00020000000048894372,199999.99902211135,5.820766091346741e-11,299999.9990221113,0.0001,293.15,9.778880721671157e-13,1.0,1.0,1.0,1.0,1.0,1.0,293.15,1.0,POLISH,0.551113939841942,293.1679488497432,1.02113019708806e-09,6.670209802315087e-10
healthy_25pct_400ms_sag,DRESSING_WATER_SUPPORT,768,7.67,7.68,False,1.0,0.9999999999999998,GRID,3600000.0,1.0,False,188.49999999999972,0.00020000000048894372,199999.99902211135,5.820766091346741e-11,299999.9990221113,0.0001,293.15,9.778880721671157e-13,1.0,1.0,1.0,1.0,1.0,1.0,293.15,1.0,POLISH,0.5511128378358741,293.1682128280322,1.0215174453960507e-09,6.772361546854692e-10
healthy_25pct_400ms_sag,DRESSING_WATER_SUPPORT,769,7.68,7.69,False,1.0,0.9999999999999998,GRID,3600000.0,1.0,False,188.49999999999972,0.00020000000048894372,199999.99902211135,5.820766091346741e-11,299999.9990221113,0.0001,293.15,9.778880721671157e-13,1.0,1.0,1.0,1.0,1.0,1.0,293.15,1.0,POLISH,0.5511117358209235,293.16847668213614,1.0218947167729151e-09,6.874551018531983e-10
healthy_25pct_400ms_sag,DRESSING_WATER_SUPPORT,770,7.69,7.7,False,1.0,0.9999999999999998,GRID,3600000.0,1.0,False,188.49999999999972,0.00020000000048894372,199999.99902211135,5.820766091346741e-11,299999.9990221113,0.0001,293.15,9.778880721671157e-13,1.0,1.0,1.0,1.0,1.0,1.0,293.15,1.0,POLISH,0.5511106337976446,293.1687404119755,1.0222622734961445e-09,6.976777245881597e-10
healthy_25pct_400ms_sag,DRESSING_WATER_SUPPORT,771,7.7,7.71,False,1.0,0.9999999999999998,GRID,3600000.0,1.0,False,188.49999999999972,0.00020000000048894372,199999.99902211135,5.820766091346741e-11,299999.9990221113,0.0001,293.15,9.778880721671157e-13,1.0,1.0,1.0,1.0,1.0,1.0,293.15,1.0,POLISH,0.5511095317665636,293.16900401747796,1.0226203706647948e-09,7.079039282948076e-10
healthy_25pct_400ms_sag,DRESSING_WATER_SUPPORT,772,7.71,7.72,False,1.0,0.9999999999999998,GRID,3600000.0,1.0,False,188.49999999999972,0.00020000000048894372,199999.99902211135,5.820766091346741e-11,299999.9990221113,0.0001,293.15,9.778880721671157e-13,1.0,1.0,1.0,1.0,1.0,1.0,293.15,1.0,POLISH,0.5511084297281806,293.16926749857805,1.0229692564084774e-09,7.181336208588924e-10
healthy_25pct_400ms_sag,DRESSING_WATER_SUPPORT,773,7.72,7.73,False,1.0,0.9999999999999998,GRID,3600000.0,1.0,False,188.49999999999972,0.00020000000048894372,199999.99902211135,5.820766091346741e-11,299999.9990221113,0.0001,293.15,9.778880721671157e-13,1.0,1.0,1.0,1.0,1.0,1.0,293.15,1.0,POLISH,0.5511073276829708,293.16953085521664,1.0233091720897677e-09,7.283667125797901e-10
healthy_25pct_400ms_sag,DRESSING_WATER_SUPPORT,774,7.73,7.74,False,1.0,0.9999999999999998,GRID,3600000.0,1.0,False,188.49999999999972,0.00020000000048894372,199999.99902211135,5.820766091346741e-11,299999.9990221113,0.0001,293.15,9.778880721671157e-13,1.0,1.0,1.0,1.0,1.0,1.0,293.15,1.0,POLISH,0.5511062256313853,293.16979408734073,1.0236403525002414e-09,7.386031161047925e-10
healthy_25pct_400ms_sag,DRESSING_WATER_SUPPORT,775,7.74,7.75,False,1.0,0.9999999999999998,GRID,3600000.0,1.0,False,188.49999999999972,0.00020000000048894372,199999.99902211135,5.820766091346741e-11,299999.9990221113,0.0001,293.15,9.778880721671157e-13,1.0,1.0,1.0,1.0,1.0,1.0,293.15,1.0,POLISH,0.5511051235738531,293.1700571949031,1.0239630260503692e-09,7.488427463652961e-10
healthy_25pct_400ms_sag,DRESSING_WATER_SUPPORT,776,7.75,7.76,False,1.0,0.9999999999999998,GRID,3600000.0,1.0,False,188.49999999999972,0.00020000000048894372,199999.99902211135,5.820766091346741e-11,299999.9990221113,0.0001,293.15,9.778880721671157e-13,1.0,1.0,1.0,1.0,1.0,1.0,293.15,1.0,POLISH,0.5511040215107815,293.1703201778621,1.0242774149534732e-09,7.590855205148308e-10
healthy_25pct_400ms_sag,DRESSING_WATER_SUPPORT,777,7.76,7.7700000000000005,False,1.0,0.9999999999999998,GRID,3600000.0,1.0,False,188.49999999999972,0.00020000000048894372,199999.99902211135,5.820766091346741e-11,299999.9990221113,0.0001,293.15,9.778880721671157e-13,1.0,1.0,1.0,1.0,1.0,1.0,293.15,1.0,POLISH,0.5511029194425576,293.1705830361812,1.0245837354039423e-09,7.693313578688702e-10
healthy_25pct_400ms_sag,DRESSING_WATER_SUPPORT,778,7.7700000000000005,7.78,False,1.0,0.9999999999999998,GRID,3600000.0,1.0,False,188.49999999999972,0.00020000000048894372,199999.99902211135,5.820766091346741e-11,299999.9990221113,0.0001,293.15,9.778880721671157e-13,1.0,1.0,1.0,1.0,1.0,1.0,293.15,1.0,POLISH,0.551101817369549,293.170845769829,1.0248821977499086e-09,7.795801798463693e-10
healthy_25pct_400ms_sag,DRESSING_WATER_SUPPORT,779,7.78,7.79,False,1.0,0.9999999999999998,GRID,3600000.0,1.0,False,188.49999999999972,0.00020000000048894372,199999.99902211135,5.820766091346741e-11,299999.9990221113,0.0001,293.15,9.778880721671157e-13,1.0,1.0,1.0,1.0,1.0,1.0,293.15,1.0,POLISH,0.551100715292105,293.1711083787787,1.0251730066605663e-09,7.89831909912975e-10
healthy_25pct_400ms_sag,DRESSING_WATER_SUPPORT,780,7.79,7.8,False,1.0,0.9999999999999998,GRID,3600000.0,1.0,False,188.49999999999972,0.00020000000048894372,199999.99902211135,5.820766091346741e-11,299999.9990221113,0.0001,293.15,9.778880721671157e-13,1.0,1.0,1.0,1.0,1.0,1.0,293.15,1.0,POLISH,0.5510996132105576,293.171370863008,1.0254563612883177e-09,8.000864735258582e-10
healthy_25pct_400ms_sag,DRESSING_WATER_SUPPORT,781,7.8,7.8100000000000005,False,1.0,0.9999999999999998,GRID,3600000.0,1.0,False,188.49999999999972,0.00020000000048894372,199999.99902211135,5.820766091346741e-11,299999.9990221113,0.0001,293.15,9.778880721671157e-13,1.0,1.0,1.0,1.0,1.0,1.0,293.15,1.0,POLISH,0.5510985111252218,293.17163322249894,1.025732455425917e-09,8.103437980801173e-10
healthy_25pct_400ms_sag,DRESSING_WATER_SUPPORT,782,7.8100000000000005,7.82,False,1.0,0.9999999999999998,GRID,3600000.0,1.0,False,188.49999999999972,0.00020000000048894372,199999.99902211135,5.820766091346741e-11,299999.9990221113,0.0001,293.15,9.778880721671157e-13,1.0,1.0,1.0,1.0,1.0,1.0,293.15,1.0,POLISH,0.5510974090363973,293.17189545723755,1.0260014776587792e-09,8.206038128567051e-10
healthy_25pct_400ms_sag,DRESSING_WATER_SUPPORT,783,7.82,7.83,False,1.0,0.9999999999999998,GRID,3600000.0,1.0,False,188.49999999999972,0.00020000000048894372,199999.99902211135,5.820766091346741e-11,299999.9990221113,0.0001,293.15,9.778880721671157e-13,1.0,1.0,1.0,1.0,1.0,1.0,293.15,1.0,POLISH,0.5510963069443685,293.1721575672137,1.0262636115126235e-09,8.308664489718313e-10
healthy_25pct_400ms_sag,DRESSING_WATER_SUPPORT,784,7.83,7.84,False,1.0,0.9999999999999998,GRID,3600000.0,1.0,False,188.49999999999972,0.00020000000048894372,199999.99902211135,5.820766091346741e-11,299999.9990221113,0.0001,293.15,9.778880721671157e-13,1.0,1.0,1.0,1.0,1.0,1.0,293.15,1.0,POLISH,0.5510952048494059,293.1724195524209,1.026519035596596e-09,8.411316393277973e-10
healthy_25pct_400ms_sag,DRESSING_WATER_SUPPORT,785,7.84,7.8500000000000005,False,1.0,0.9999999999999998,GRID,3600000.0,1.0,False,188.49999999999972,0.00020000000048894372,199999.99902211135,5.820766091346741e-11,299999.9990221113,0.0001,293.15,9.778880721671157e-13,1.0,1.0,1.0,1.0,1.0,1.0,293.15,1.0,POLISH,0.5510941027517662,293.1726814128561,1.0267679237420317e-09,8.513993185652176e-10
healthy_25pct_400ms_sag,DRESSING_WATER_SUPPORT,786,7.8500000000000005,7.86,False,1.0,0.9999999999999998,GRID,3600000.0,1.0,False,188.49999999999972,0.00020000000048894372,199999.99902211135,5.820766091346741e-11,299999.9990221113,0.0001,293.15,9.778880721671157e-13,1.0,1.0,1.0,1.0,1.0,1.0,293.15,1.0,POLISH,0.5510930006516934,293.1729431485196,1.0270104451369941e-09,8.616694230165876e-10
healthy_25pct_400ms_sag,DRESSING_WATER_SUPPORT,787,7.86,7.87,False,1.0,0.9999999999999998,GRID,3600000.0,1.0,False,188.49999999999972,0.00020000000048894372,199999.99902211135,5.820766091346741e-11,299999.9990221113,0.0001,293.15,9.778880721671157e-13,1.0,1.0,1.0,1.0,1.0,1.0,293.15,1.0,POLISH,0.5510918985494193,293.17320475941483,1.02724676445674e-09,8.71941890661155e-10
healthy_25pct_400ms_sag,DRESSING_WATER_SUPPORT,788,7.87,7.88,False,1.0,0.9999999999999998,GRID,3600000.0,1.0,False,188.49999999999972,0.00020000000048894372,199999.99902211135,5.820766091346741e-11,299999.9990221113,0.0001,293.15,9.778880721671157e-13,1.0,1.0,1.0,1.0,1.0,1.0,293.15,1.0,POLISH,0.5510907964451641,293.1734662455481,1.027477041990233e-09,8.822166610810573e-10
healthy_25pct_400ms_sag,DRESSING_WATER_SUPPORT,789,7.88,7.890000000000001,False,1.0,0.9999999999999998,GRID,3600000.0,1.0,False,188.49999999999972,0.00020000000048894372,199999.99902211135,5.820766091346741e-11,299999.9990221113,0.0001,293.15,9.778880721671157e-13,1.0,1.0,1.0,1.0,1.0,1.0,293.15,1.0,POLISH,0.551089694339137,293.17372760692865,1.0277014337628509e-09,8.924936754186859e-10
healthy_25pct_400ms_sag,DRESSING_WATER_SUPPORT,790,7.890000000000001,7.9,False,1.0,0.9999999999999998,GRID,3600000.0,1.0,False,188.49999999999972,0.00020000000048894372,199999.99902211135,5.820766091346741e-11,299999.9990221113,0.0001,293.15,9.778880721671157e-13,1.0,1.0,1.0,1.0,1.0,1.0,293.15,1.0,POLISH,0.5510885922315367,293.1739888435683,1.0279200916553943e-09,9.027728763352398e-10
healthy_25pct_400ms_sag,DRESSING_WATER_SUPPORT,791,7.9,7.91,False,1.0,0.9999999999999998,GRID,3600000.0,1.0,False,188.49999999999972,0.00020000000048894372,199999.99902211135,5.820766091346741e-11,299999.9990221113,0.0001,293.15,9.778880721671157e-13,1.0,1.0,1.0,1.0,1.0,1.0,293.15,1.0,POLISH,0.5510874901225521,293.1742499554814,1.0281331635195384e-09,9.130542079704351e-10
healthy_25pct_400ms_sag,DRESSING_WATER_SUPPORT,792,7.91,7.92,False,1.0,0.9999999999999998,GRID,3600000.0,1.0,False,188.49999999999972,0.00020000000048894372,199999.99902211135,5.820766091346741e-11,299999.9990221113,0.0001,293.15,9.778880721671157e-13,1.0,1.0,1.0,1.0,1.0,1.0,293.15,1.0,POLISH,0.5510863880123624,293.1745109426848,1.0283407932898243e-09,9.233376159033334e-10
healthy_25pct_400ms_sag,DRESSING_WATER_SUPPORT,793,7.92,7.930000000000001,False,1.0,0.9999999999999998,GRID,3600000.0,1.0,False,188.49999999999972,0.00020000000048894372,199999.99902211135,5.820766091346741e-11,299999.9990221113,0.0001,293.15,9.778880721671157e-13,1.0,1.0,1.0,1.0,1.0,1.0,293.15,1.0,POLISH,0.5510852859011383,293.1747718051975,1.028543121092317e-09,9.336230471142566e-10
healthy_25pct_400ms_sag,DRESSING_WATER_SUPPORT,794,7.930000000000001,7.94,False,1.0,0.9999999999999998,GRID,3600000.0,1.0,False,188.49999999999972,0.00020000000048894372,199999.99902211135,5.820766091346741e-11,299999.9990221113,0.0001,293.15,9.778880721671157e-13,1.0,1.0,1.0,1.0,1.0,1.0,293.15,1.0,POLISH,0.5510841837890413,293.1750325430408,1.0287402833500307e-09,9.43910449947757e-10
healthy_25pct_400ms_sag,DRESSING_WATER_SUPPORT,795,7.94,7.95,False,1.0,0.9999999999999998,GRID,3600000.0,1.0,False,188.49999999999972,0.00020000000048894372,199999.99902211135,5.820766091346741e-11,299999.9990221113,0.0001,293.15,9.778880721671157e-13,1.0,1.0,1.0,1.0,1.0,1.0,293.15,1.0,POLISH,0.5510830816762256,293.175293156238,1.0289324128852323e-09,9.541997740766094e-10
healthy_25pct_400ms_sag,DRESSING_WATER_SUPPORT,796,7.95,7.96,False,1.0,0.9999999999999998,GRID,3600000.0,1.0,False,188.49999999999972,0.00020000000048894372,199999.99902211135,5.820766091346741e-11,299999.9990221113,0.0001,293.15,9.778880721671157e-13,1.0,1.0,1.0,1.0,1.0,1.0,293.15,1.0,POLISH,0.551081979562837,293.1755536448144,1.0291196390187151e-09,9.644909704667965e-10
healthy_25pct_400ms_sag,DRESSING_WATER_SUPPORT,797,7.96,7.97,False,1.0,0.9999999999999998,GRID,3600000.0,1.0,False,188.49999999999972,0.00020000000048894372,199999.99902211135,5.820766091346741e-11,299999.9990221113,0.0001,293.15,9.778880721671157e-13,1.0,1.0,1.0,1.0,1.0,1.0,293.15,1.0,POLISH,0.5510808774490145,293.175814008797,1.0293020876661533e-09,9.74783991343458e-10
healthy_25pct_400ms_sag,DRESSING_WATER_SUPPORT,798,7.97,7.98,False,1.0,0.9999999999999998,GRID,3600000.0,1.0,False,188.49999999999972,0.00020000000048894372,199999.99902211135,5.820766091346741e-11,299999.9990221113,0.0001,293.15,9.778880721671157e-13,1.0,1.0,1.0,1.0,1.0,1.0,293.15,1.0,POLISH,0.5510797753348898,293.17607424821466,1.029479881431616e-09,9.850787901577742e-10
healthy_25pct_400ms_sag,DRESSING_WATER_SUPPORT,799,7.98,7.99,False,1.0,0.9999999999999998,GRID,3600000.0,1.0,False,188.49999999999972,0.00020000000048894372,199999.99902211135,5.820766091346741e-11,299999.9990221113,0.0001,293.15,9.778880721671157e-13,1.0,1.0,1.0,1.0,1.0,1.0,293.15,1.0,POLISH,0.5510786732205883,293.176334363098,1.0296531396983464e-09,9.953753215547577e-10
healthy_25pct_400ms_sag,DRESSING_WATER_SUPPORT,800,7.99,8.0,False,1.0,0.9999999999999998,GRID,3600000.0,1.0,False,188.49999999999972,0.00020000000048894372,199999.99902211135,5.820766091346741e-11,299999.9990221113,0.0001,293.15,9.778880721671157e-13,1.0,1.0,1.0,1.0,1.0,1.0,293.15,1.0,POLISH,0.5510775711062291,293.1765943534791,1.0298219787168805e-09,1.0056735413419266e-09
healthy_25pct_400ms_sag,DRESSING_WATER_SUPPORT,801,8.0,8.01,False,1.0,0.9999999999999998,GRID,3600000.0,1.0,False,188.49999999999972,0.00020000000048894372,199999.99902211135,5.820766091346741e-11,299999.9990221113,0.0001,293.15,9.778880721671157e-13,1.0,1.0,1.0,1.0,1.0,1.0,293.15,1.0,POLISH,0.5510764689919252,293.1768542193916,1.0299865116906023e-09,1.0159734064588326e-09
healthy_25pct_400ms_sag,DRESSING_WATER_SUPPORT,802,8.01,8.02,False,1.0,0.9999999999999998,GRID,3600000.0,1.0,False,188.49999999999972,0.00020000000048894372,199999.99902211135,5.820766091346741e-11,299999.9990221113,0.0001,293.15,9.778880721671157e-13,1.0,1.0,1.0,1.0,1.0,1.0,293.15,1.0,POLISH,0.5510753668777839,293.17711396087043,1.030146848858806e-09,1.0262748749474206e-09
healthy_25pct_400ms_sag,DRESSING_WATER_SUPPORT,803,8.02,8.03,False,1.0,0.9999999999999998,GRID,3600000.0,1.0,False,188.49999999999972,0.00020000000048894372,199999.99902211135,5.820766091346741e-11,299999.9990221113,0.0001,293.15,9.778880721671157e-13,1.0,1.0,1.0,1.0,1.0,1.0,293.15,1.0,POLISH,0.5510742647639074,293.17737357795204,1.0303030975773497e-09,1.0365779059231942e-09
healthy_25pct_400ms_sag,DRESSING_WATER_SUPPORT,804,8.03,8.040000000000001,False,1.0,0.9999999999999998,GRID,3600000.0,1.0,False,188.49999999999972,0.00020000000048894372,199999.99902211135,5.820766091346741e-11,299999.9990221113,0.0001,293.15,9.778880721671157e-13,1.0,1.0,1.0,1.0,1.0,1.0,293.15,1.0,POLISH,0.5510731626503926,293.17763307067406,1.0304553623969812e-09,1.046882459547164e-09
healthy_25pct_400ms_sag,DRESSING_WATER_SUPPORT,805,8.040000000000001,8.05,False,1.0,0.9999999999999998,GRID,3600000.0,1.0,False,188.49999999999972,0.00020000000048894372,199999.99902211135,5.820766091346741e-11,299999.9990221113,0.0001,293.15,9.778880721671157e-13,1.0,1.0,1.0,1.0,1.0,1.0,293.15,1.0,POLISH,0.5510720605373316,293.1778924390754,1.0306037451393933e-09,1.0571884969985579e-09
healthy_25pct_400ms_sag,DRESSING_WATER_SUPPORT,806,8.05,8.06,False,1.0,0.9999999999999998,GRID,3600000.0,1.0,False,188.49999999999972,0.00020000000048894372,199999.99902211135,5.820766091346741e-11,299999.9990221113,0.0001,293.15,9.778880721671157e-13,1.0,1.0,1.0,1.0,1.0,1.0,293.15,1.0,POLISH,0.5510709584248119,293.178151683196,1.0307483449711016e-09,1.0674959804482688e-09
healthy_25pct_400ms_sag,DRESSING_WATER_SUPPORT,807,8.06,8.07,False,1.0,0.9999999999999998,GRID,3600000.0,1.0,False,188.49999999999972,0.00020000000048894372,199999.99902211135,5.820766091346741e-11,299999.9990221113,0.0001,293.15,9.778880721671157e-13,1.0,1.0,1.0,1.0,1.0,1.0,293.15,1.0,POLISH,0.5510698563129166,293.17841080307704,1.0308892584751938e-09,1.0778048730330208e-09
healthy_25pct_400ms_sag,DRESSING_WATER_SUPPORT,808,8.07,8.08,False,1.0,0.9999999999999998,GRID,3600000.0,1.0,False,188.49999999999972,0.00020000000048894372,199999.99902211135,5.820766091346741e-11,299999.9990221113,0.0001,293.15,9.778880721671157e-13,1.0,1.0,1.0,1.0,1.0,1.0,293.15,1.0,POLISH,0.5510687542017247,293.17866979876067,1.0310265797210265e-09,1.088115138830231e-09
healthy_25pct_400ms_sag,DRESSING_WATER_SUPPORT,809,8.08,8.09,False,1.0,0.9999999999999998,GRID,3600000.0,1.0,False,188.49999999999972,0.00020000000048894372,199999.99902211135,5.820766091346741e-11,299999.9990221113,0.0001,293.15,9.778880721671157e-13,1.0,1.0,1.0,1.0,1.0,1.0,293.15,1.0,POLISH,0.5510676520913113,293.1789286702899,1.031160400331934e-09,1.0984267428335503e-09
healthy_25pct_400ms_sag,DRESSING_WATER_SUPPORT,810,8.09,8.1,False,1.0,0.9999999999999998,GRID,3600000.0,1.0,False,188.49999999999972,0.00020000000048894372,199999.99902211135,5.820766091346741e-11,299999.9990221113,0.0001,293.15,9.778880721671157e-13,1.0,1.0,1.0,1.0,1.0,1.0,293.15,1.0,POLISH,0.5510665499817474,293.1791874177089,1.031290809551004e-09,1.1087396509290602e-09
healthy_25pct_400ms_sag,DRESSING_WATER_SUPPORT,811,8.1,8.11,False,1.0,0.9999999999999998,GRID,3600000.0,1.0,False,188.49999999999972,0.00020000000048894372,199999.99902211135,5.820766091346741e-11,299999.9990221113,0.0001,293.15,9.778880721671157e-13,1.0,1.0,1.0,1.0,1.0,1.0,293.15,1.0,POLISH,0.551065447873101,293.1794460410624,1.031417894304986e-09,1.11905382987211e-09
healthy_25pct_400ms_sag,DRESSING_WATER_SUPPORT,812,8.11,8.120000000000001,False,1.0,0.9999999999999998,GRID,3600000.0,1.0,False,188.49999999999972,0.00020000000048894372,199999.99902211135,5.820766091346741e-11,299999.9990221113,0.0001,293.15,9.778880721671157e-13,1.0,1.0,1.0,1.0,1.0,1.0,293.15,1.0,POLISH,0.5510643457654363,293.1797045403963,1.031541739266389e-09,1.129369247264774e-09
healthy_25pct_400ms_sag,DRESSING_WATER_SUPPORT,813,8.120000000000001,8.13,False,1.0,0.9999999999999998,GRID,3600000.0,1.0,False,188.49999999999972,0.00020000000048894372,199999.99902211135,5.820766091346741e-11,299999.9990221113,0.0001,293.15,9.778880721671157e-13,1.0,1.0,1.0,1.0,1.0,1.0,293.15,1.0,POLISH,0.5510632436588144,293.1799629157571,1.0316624269138185e-09,1.1396858715339122e-09
healthy_25pct_400ms_sag,DRESSING_WATER_SUPPORT,814,8.13,8.14,False,1.0,0.9999999999999998,GRID,3600000.0,1.0,False,188.49999999999972,0.00020000000048894372,199999.99902211135,5.820766091346741e-11,299999.9990221113,0.0001,293.15,9.778880721671157e-13,1.0,1.0,1.0,1.0,1.0,1.0,293.15,1.0,POLISH,0.5510621415532935,293.180221167192,1.0317800375906157e-09,1.1500036719098183e-09
healthy_25pct_400ms_sag,DRESSING_WATER_SUPPORT,815,8.14,8.15,False,1.0,0.9999999999999998,GRID,3600000.0,1.0,False,188.49999999999972,0.00020000000048894372,199999.99902211135,5.820766091346741e-11,299999.9990221113,0.0001,293.15,9.778880721671157e-13,1.0,1.0,1.0,1.0,1.0,1.0,293.15,1.0,POLISH,0.5510610394489286,293.180479294749,1.0318946495618435e-09,1.1603226184054368e-09
healthy_25pct_400ms_sag,DRESSING_WATER_SUPPORT,816,8.15,8.16,False,1.0,0.9999999999999998,GRID,3600000.0,1.0,False,188.49999999999972,0.00020000000048894372,199999.99902211135,5.820766091346741e-11,299999.9990221113,0.0001,293.15,9.778880721671157e-13,1.0,1.0,1.0,1.0,1.0,1.0,293.15,1.0,POLISH,0.5510599373457721,293.18073729847674,1.0320063390696704e-09,1.1706426817961335e-09
healthy_25pct_400ms_sag,DRESSING_WATER_SUPPORT,817,8.16,8.17,False,1.0,0.9999999999999998,GRID,3600000.0,1.0,False,188.49999999999972,0.00020000000048894372,199999.99902211135,5.820766091346741e-11,299999.9990221113,0.0001,293.15,9.778880721671157e-13,1.0,1.0,1.0,1.0,1.0,1.0,293.15,1.0,POLISH,0.5510588352438738,293.1809951784245,1.0321151803872078e-09,1.1809638336000055e-09
healthy_25pct_400ms_sag,DRESSING_WATER_SUPPORT,818,8.17,8.18,False,1.0,0.9999999999999998,GRID,3600000.0,1.0,False,188.49999999999972,0.00020000000048894372,199999.99902211135,5.820766091346741e-11,299999.9990221113,0.0001,293.15,9.778880721671157e-13,1.0,1.0,1.0,1.0,1.0,1.0,293.15,1.0,POLISH,0.551057733143281,293.18125293464215,1.0322212458708347e-09,1.1912860460587138e-09
healthy_25pct_400ms_sag,DRESSING_WATER_SUPPORT,819,8.18,8.19,False,1.0,0.9999999999999998,GRID,3600000.0,1.0,False,188.49999999999972,0.00020000000048894372,199999.99902211135,5.820766091346741e-11,299999.9990221113,0.0001,293.15,9.778880721671157e-13,1.0,1.0,1.0,1.0,1.0,1.0,293.15,1.0,POLISH,0.5510566310440387,293.1815105671801,1.0323246060110676e-09,1.2016092921188245e-09
healthy_25pct_400ms_sag,DRESSING_WATER_SUPPORT,820,8.19,8.2,False,1.0,0.9999999999999998,GRID,3600000.0,1.0,False,188.49999999999972,0.00020000000048894372,199999.99902211135,5.820766091346741e-11,299999.9990221113,0.0001,293.15,9.778880721671157e-13,1.0,1.0,1.0,1.0,1.0,1.0,293.15,1.0,POLISH,0.5510555289461895,293.1817680760893,1.0324253294820141e-09,1.2119335454136446e-09
healthy_25pct_400ms_sag,DRESSING_WATER_SUPPORT,821,8.2,8.21,False,1.0,0.9999999999999998,GRID,3600000.0,1.0,False,188.49999999999972,0.00020000000048894372,199999.99902211135,5.820766091346741e-11,299999.9990221113,0.0001,293.15,9.778880721671157e-13,1.0,1.0,1.0,1.0,1.0,1.0,293.15,1.0,POLISH,0.5510544268497739,293.18202546142123,1.03252348318945e-09,1.222258780245539e-09
healthy_25pct_400ms_sag,DRESSING_WATER_SUPPORT,822,8.21,8.22,False,1.0,0.9999999999999998,GRID,3600000.0,1.0,False,188.49999999999972,0.00020000000048894372,199999.99902211135,5.820766091346741e-11,299999.9990221113,0.0001,293.15,9.778880721671157e-13,1.0,1.0,1.0,1.0,1.0,1.0,293.15,1.0,POLISH,0.5510533247548305,293.1822827232278,1.0326191323175677e-09,1.2325849715687149e-09
healthy_25pct_400ms_sag,DRESSING_WATER_SUPPORT,823,8.22,8.23,False,1.0,0.9999999999999998,GRID,3600000.0,1.0,False,188.49999999999972,0.00020000000048894372,199999.99902211135,5.820766091346741e-11,299999.9990221113,0.0001,293.15,9.778880721671157e-13,1.0,1.0,1.0,1.0,1.0,1.0,293.15,1.0,POLISH,0.5510522226613959,293.18253986156134,1.0327123403744267e-09,1.2429120949724592e-09
healthy_25pct_400ms_sag,DRESSING_WATER_SUPPORT,824,8.23,8.24,False,1.0,0.9999999999999998,GRID,3600000.0,1.0,False,188.49999999999972,0.00020000000048894372,199999.99902211135,5.820766091346741e-11,299999.9990221113,0.0001,293.15,9.778880721671157e-13,1.0,1.0,1.0,1.0,1.0,1.0,293.15,1.0,POLISH,0.5510511205695047,293.1827968764747,1.0328031692361533e-09,1.2532401266648207e-09
healthy_25pct_400ms_sag,DRESSING_WATER_SUPPORT,825,8.24,8.25,False,1.0,0.9999999999999998,GRID,3600000.0,1.0,False,188.49999999999972,0.00020000000048894372,199999.99902211135,5.820766091346741e-11,299999.9990221113,0.0001,293.15,9.778880721671157e-13,1.0,1.0,1.0,1.0,1.0,1.0,293.15,1.0,POLISH,0.5510500184791901,293.18305376802107,1.0328916791899234e-09,1.2635690434567198e-09
healthy_25pct_400ms_sag,DRESSING_WATER_SUPPORT,826,8.25,8.26,False,1.0,0.9999999999999998,GRID,3600000.0,1.0,False,188.49999999999972,0.00020000000048894372,199999.99902211135,5.820766091346741e-11,299999.9990221113,0.0001,293.15,9.778880721671157e-13,1.0,1.0,1.0,1.0,1.0,1.0,293.15,1.0,POLISH,0.5510489163904834,293.18331053625406,1.0329779289757587e-09,1.2738988227464775e-09
healthy_25pct_400ms_sag,DRESSING_WATER_SUPPORT,827,8.26,8.27,False,1.0,0.9999999999999998,GRID,3600000.0,1.0,False,188.49999999999972,0.00020000000048894372,199999.99902211135,5.820766091346741e-11,299999.9990221113,0.0001,293.15,9.778880721671157e-13,1.0,1.0,1.0,1.0,1.0,1.0,293.15,1.0,POLISH,0.5510478143034144,293.18356718122755,1.0330619758271818e-09,1.2842294425047492e-09
healthy_25pct_400ms_sag,DRESSING_WATER_SUPPORT,828,8.27,8.28,False,1.0,0.9999999999999998,GRID,3600000.0,1.0,False,188.49999999999972,0.00020000000048894372,199999.99902211135,5.820766091346741e-11,299999.9990221113,0.0001,293.15,9.778880721671157e-13,1.0,1.0,1.0,1.0,1.0,1.0,293.15,1.0,POLISH,0.5510467122180115,293.1838237029958,1.0331438755107536e-09,1.2945608812598568e-09
healthy_25pct_400ms_sag,DRESSING_WATER_SUPPORT,829,8.28,8.290000000000001,False,1.0,0.9999999999999998,GRID,3600000.0,1.0,False,188.49999999999972,0.00020000000048894372,199999.99902211135,5.820766091346741e-11,299999.9990221113,0.0001,293.15,9.778880721671157e-13,1.0,1.0,1.0,1.0,1.0,1.0,293.15,1.0,POLISH,0.5510456101343015,293.18408010161346,1.0332236823645336e-09,1.3048931180835022e-09
healthy_25pct_400ms_sag,DRESSING_WATER_SUPPORT,830,8.290000000000001,8.3,False,1.0,0.9999999999999998,GRID,3600000.0,1.0,False,188.49999999999972,0.00020000000048894372,199999.99902211135,5.820766091346741e-11,299999.9990221113,0.0001,293.15,9.778880721671157e-13,1.0,1.0,1.0,1.0,1.0,1.0,293.15,1.0,POLISH,0.5510445080523101,293.1843363771353,1.0333014493354871e-09,1.3152261325768572e-09
healthy_25pct_400ms_sag,DRESSING_WATER_SUPPORT,831,8.3,8.31,False,1.0,0.9999999999999998,GRID,3600000.0,1.0,False,188.49999999999972,0.00020000000048894372,199999.99902211135,5.820766091346741e-11,299999.9990221113,0.0001,293.15,9.778880721671157e-13,1.0,1.0,1.0,1.0,1.0,1.0,293.15,1.0,POLISH,0.5510434059720614,293.1845925296165,1.033377228015878e-09,1.325559904857016e-09
healthy_25pct_400ms_sag,DRESSING_WATER_SUPPORT,832,8.31,8.32,False,1.0,0.9999999999999998,GRID,3600000.0,1.0,False,188.49999999999972,0.00020000000048894372,199999.99902211135,5.820766091346741e-11,299999.9990221113,0.0001,293.15,9.778880721671157e-13,1.0,1.0,1.0,1.0,1.0,1.0,293.15,1.0,POLISH,0.5510423038935784,293.1848485591125,1.0334510686786687e-09,1.3358944155438027e-09
healthy_25pct_400ms_sag,DRESSING_WATER_SUPPORT,833,8.32,8.33,False,1.0,0.9999999999999998,GRID,3600000.0,1.0,False,188.49999999999972,0.00020000000048894372,199999.99902211135,5.820766091346741e-11,299999.9990221113,0.0001,293.15,9.778880721671157e-13,1.0,1.0,1.0,1.0,1.0,1.0,293.15,1.0,POLISH,0.5510412018168833,293.18510446567893,1.0335230203119625e-09,1.3462296457469224e-09
healthy_25pct_400ms_sag,DRESSING_WATER_SUPPORT,834,8.33,8.34,False,1.0,0.9999999999999998,GRID,3600000.0,1.0,False,188.49999999999972,0.00020000000048894372,199999.99902211135,5.820766091346741e-11,299999.9990221113,0.0001,293.15,9.778880721671157e-13,1.0,1.0,1.0,1.0,1.0,1.0,293.15,1.0,POLISH,0.5510400997419967,293.1853602493717,1.0335931306525107e-09,1.3565655770534474e-09
healthy_25pct_400ms_sag,DRESSING_WATER_SUPPORT,835,8.34,8.35,False,1.0,0.9999999999999998,GRID,3600000.0,1.0,False,188.49999999999972,0.00020000000048894372,199999.99902211135,5.820766091346741e-11,299999.9990221113,0.0001,293.15,9.778880721671157e-13,1.0,1.0,1.0,1.0,1.0,1.0,293.15,1.0,POLISH,0.5510389976689385,293.1856159102469,1.0336614462183161e-09,1.3669021915156306e-09
healthy_25pct_400ms_sag,DRESSING_WATER_SUPPORT,836,8.35,8.36,False,1.0,0.9999999999999998,GRID,3600000.0,1.0,False,188.49999999999972,0.00020000000048894372,199999.99902211135,5.820766091346741e-11,299999.9990221113,0.0001,293.15,9.778880721671157e-13,1.0,1.0,1.0,1.0,1.0,1.0,293.15,1.0,POLISH,0.5510378955977273,293.18587144836084,1.0337280123403526e-09,1.377239471639034e-09
healthy_25pct_400ms_sag,DRESSING_WATER_SUPPORT,837,8.36,8.370000000000001,False,1.0,0.9999999999999998,GRID,3600000.0,1.0,False,188.49999999999972,0.00020000000048894372,199999.99902211135,5.820766091346741e-11,299999.9990221113,0.0001,293.15,9.778880721671157e-13,1.0,1.0,1.0,1.0,1.0,1.0,293.15,1.0,POLISH,0.5510367935283811,293.18612686376997,1.0337928731934352e-09,1.3875774003709683e-09
healthy_25pct_400ms_sag,DRESSING_WATER_SUPPORT,838,8.370000000000001,8.38,False,1.0,0.9999999999999998,GRID,3600000.0,1.0,False,188.49999999999972,0.00020000000048894372,199999.99902211135,5.820766091346741e-11,299999.9990221113,0.0001,293.15,9.778880721671157e-13,1.0,1.0,1.0,1.0,1.0,1.0,293.15,1.0,POLISH,0.5510356914609168,293.186382156531,1.0338560718262558e-09,1.3979159610892309e-09
healthy_25pct_400ms_sag,DRESSING_WATER_SUPPORT,839,8.38,8.39,False,1.0,0.9999999999999998,GRID,3600000.0,1.0,False,188.49999999999972,0.00020000000048894372,199999.99902211135,5.820766091346741e-11,299999.9990221113,0.0001,293.15,9.778880721671157e-13,1.0,1.0,1.0,1.0,1.0,1.0,293.15,1.0,POLISH,0.5510345893953505,293.1866373267008,1.033917650190613e-09,1.408255137591137e-09
healthy_25pct_400ms_sag,DRESSING_WATER_SUPPORT,840,8.39,8.4,False,1.0,0.9999999999999998,GRID,3600000.0,1.0,False,188.49999999999972,0.00020000000048894372,199999.99902211135,5.820766091346741e-11,299999.9990221113,0.0001,293.15,9.778880721671157e-13,1.0,1.0,1.0,1.0,1.0,1.0,293.15,1.0,POLISH,0.5510334873316977,293.1868923743363,1.0339776491698581e-09,1.4185949140828356e-09
healthy_25pct_400ms_sag,DRESSING_WATER_SUPPORT,841,8.4,8.41,False,1.0,0.9999999999999998,GRID,3600000.0,1.0,False,188.49999999999972,0.00020000000048894372,199999.99902211135,5.820766091346741e-11,299999.9990221113,0.0001,293.15,9.778880721671157e-13,1.0,1.0,1.0,1.0,1.0,1.0,293.15,1.0,POLISH,0.5510323852699726,293.1871472994947,1.0340361086065817e-09,1.4289352751689014e-09
healthy_25pct_400ms_sag,DRESSING_WATER_SUPPORT,842,8.41,8.42,False,1.0,0.9999999999999998,GRID,3600000.0,1.0,False,188.49999999999972,0.00020000000048894372,199999.99902211135,5.820766091346741e-11,299999.9990221113,0.0001,293.15,9.778880721671157e-13,1.0,1.0,1.0,1.0,1.0,1.0,293.15,1.0,POLISH,0.5510312832101891,293.18740210223325,1.0340930673295555e-09,1.439276205842197e-09
healthy_25pct_400ms_sag,DRESSING_WATER_SUPPORT,843,8.42,8.43,False,1.0,0.9999999999999998,GRID,3600000.0,1.0,False,188.49999999999972,0.00020000000048894372,199999.99902211135,5.820766091346741e-11,299999.9990221113,0.0001,293.15,9.778880721671157e-13,1.0,1.0,1.0,1.0,1.0,1.0,293.15,1.0,POLISH,0.5510301811523605,293.18765678260934,1.0341485631799577e-09,1.4496176914739966e-09
healthy_25pct_400ms_sag,DRESSING_WATER_SUPPORT,844,8.43,8.44,False,1.0,0.9999999999999998,GRID,3600000.0,1.0,False,188.49999999999972,0.00020000000048894372,199999.99902211135,5.820766091346741e-11,299999.9990221113,0.0001,293.15,9.778880721671157e-13,1.0,1.0,1.0,1.0,1.0,1.0,293.15,1.0,POLISH,0.5510290790964991,293.1879113406805,1.0342026330369011e-09,1.4599597178043657e-09
healthy_25pct_400ms_sag,DRESSING_WATER_SUPPORT,845,8.44,8.45,False,1.0,0.9999999999999998,GRID,3600000.0,1.0,False,188.49999999999972,0.00020000000048894372,199999.99902211135,5.820766091346741e-11,299999.9990221113,0.0001,293.15,9.778880721671157e-13,1.0,1.0,1.0,1.0,1.0,1.0,293.15,1.0,POLISH,0.5510279770426169,293.1881657765044,1.0342553128422769e-09,1.4703022709327884e-09
healthy_25pct_400ms_sag,DRESSING_WATER_SUPPORT,846,8.45,8.46,False,1.0,0.9999999999999998,GRID,3600000.0,1.0,False,188.49999999999972,0.00020000000048894372,199999.99902211135,5.820766091346741e-11,299999.9990221113,0.0001,293.15,9.778880721671157e-13,1.0,1.0,1.0,1.0,1.0,1.0,293.15,1.0,POLISH,0.5510268749907249,293.18842009013866,1.0343066376249428e-09,1.4806453373090377e-09
healthy_25pct_400ms_sag,DRESSING_WATER_SUPPORT,847,8.46,8.47,False,1.0,0.9999999999999998,GRID,3600000.0,1.0,False,188.49999999999972,0.00020000000048894372,199999.99902211135,5.820766091346741e-11,299999.9990221113,0.0001,293.15,9.778880721671157e-13,1.0,1.0,1.0,1.0,1.0,1.0,293.15,1.0,POLISH,0.5510257729408339,293.18867428164117,1.0343566415242662e-09,1.4909889037242803e-09
healthy_25pct_400ms_sag,DRESSING_WATER_SUPPORT,848,8.47,8.48,False,1.0,0.9999999999999998,GRID,3600000.0,1.0,False,188.49999999999972,0.00020000000048894372,199999.99902211135,5.820766091346741e-11,299999.9990221113,0.0001,293.15,9.778880721671157e-13,1.0,1.0,1.0,1.0,1.0,1.0,293.15,1.0,POLISH,0.551024670892954,293.1889283510698,1.034405357813044e-09,1.5013329573024108e-09
healthy_25pct_400ms_sag,DRESSING_WATER_SUPPORT,849,8.48,8.49,False,1.0,0.9999999999999998,GRID,3600000.0,1.0,False,188.49999999999972,0.00020000000048894372,199999.99902211135,5.820766091346741e-11,299999.9990221113,0.0001,293.15,9.778880721671157e-13,1.0,1.0,1.0,1.0,1.0,1.0,293.15,1.0,POLISH,0.551023568847095,293.18918229848254,1.0344528189198159e-09,1.511677485491609e-09
healthy_25pct_400ms_sag,DRESSING_WATER_SUPPORT,850,8.49,8.5,False,1.0,0.9999999999999998,GRID,3600000.0,1.0,False,188.49999999999972,0.00020000000048894372,199999.99902211135,5.820766091346741e-11,299999.9990221113,0.0001,293.15,9.778880721671157e-13,1.0,1.0,1.0,1.0,1.0,1.0,293.15,1.0,POLISH,0.5510224668032659,293.1894361239374,1.0344990564505879e-09,1.5220224760561149e-09
healthy_25pct_400ms_sag,DRESSING_WATER_SUPPORT,851,8.5,8.51,False,1.0,0.9999999999999998,GRID,3600000.0,1.0,False,188.49999999999972,0.00020000000048894372,199999.99902211135,5.820766091346741e-11,299999.9990221113,0.0001,293.15,9.778880721671157e-13,1.0,1.0,1.0,1.0,1.0,1.0,293.15,1.0,POLISH,0.5510213647614756,293.1896898274926,1.0345441012099823e-09,1.5323679170682146e-09
healthy_25pct_400ms_sag,DRESSING_WATER_SUPPORT,852,8.51,8.52,False,1.0,0.9999999999999998,GRID,3600000.0,1.0,False,188.49999999999972,0.00020000000048894372,199999.99902211135,5.820766091346741e-11,299999.9990221113,0.0001,293.15,9.778880721671157e-13,1.0,1.0,1.0,1.0,1.0,1.0,293.15,1.0,POLISH,0.5510202627217321,293.18994340920625,1.0345879832218285e-09,1.542713796900433e-09
healthy_25pct_400ms_sag,DRESSING_WATER_SUPPORT,853,8.52,8.53,False,1.0,0.9999999999999998,GRID,3600000.0,1.0,False,188.49999999999972,0.00020000000048894372,199999.99902211135,5.820766091346741e-11,299999.9990221113,0.0001,293.15,9.778880721671157e-13,1.0,1.0,1.0,1.0,1.0,1.0,293.15,1.0,POLISH,0.5510191606840434,293.19019686913657,1.0346307317492137e-09,1.553060104217925e-09
healthy_25pct_400ms_sag,DRESSING_WATER_SUPPORT,854,8.53,8.540000000000001,False,1.0,0.9999999999999998,GRID,3600000.0,1.0,False,188.49999999999972,0.00020000000048894372,199999.99902211135,5.820766091346741e-11,299999.9990221113,0.0001,293.15,9.778880721671157e-13,1.0,1.0,1.0,1.0,1.0,1.0,293.15,1.0,POLISH,0.551018058648417,293.1904502073419,1.0346723753140036e-09,1.5634068279710652e-09
healthy_25pct_400ms_sag,DRESSING_WATER_SUPPORT,855,8.540000000000001,8.55,False,1.0,0.9999999999999998,GRID,3600000.0,1.0,False,188.49999999999972,0.00020000000048894372,199999.99902211135,5.820766091346741e-11,299999.9990221113,0.0001,293.15,9.778880721671157e-13,1.0,1.0,1.0,1.0,1.0,1.0,293.15,1.0,POLISH,0.5510169566148599,293.19070342388045,1.0347129417158535e-09,1.5737539573882237e-09
healthy_25pct_400ms_sag,DRESSING_WATER_SUPPORT,856,8.55,8.56,False,1.0,0.9999999999999998,GRID,3600000.0,1.0,False,188.49999999999972,0.00020000000048894372,199999.99902211135,5.820766091346741e-11,299999.9990221113,0.0001,293.15,9.778880721671157e-13,1.0,1.0,1.0,1.0,1.0,1.0,293.15,1.0,POLISH,0.5510158545833789,293.1909565188107,1.034752458050716e-09,1.584101481968731e-09
healthy_25pct_400ms_sag,DRESSING_WATER_SUPPORT,857,8.56,8.57,False,1.0,0.9999999999999998,GRID,3600000.0,1.0,False,188.49999999999972,0.00020000000048894372,199999.99902211135,5.820766091346741e-11,299999.9990221113,0.0001,293.15,9.778880721671157e-13,1.0,1.0,1.0,1.0,1.0,1.0,293.15,1.0,POLISH,0.5510147525539804,293.19120949219104,1.0347909507288673e-09,1.5944493914760196e-09
healthy_25pct_400ms_sag,DRESSING_WATER_SUPPORT,858,8.57,8.58,False,1.0,0.9999999999999998,GRID,3600000.0,1.0,False,188.49999999999972,0.00020000000048894372,199999.99902211135,5.820766091346741e-11,299999.9990221113,0.0001,293.15,9.778880721671157e-13,1.0,1.0,1.0,1.0,1.0,1.0,293.15,1.0,POLISH,0.5510136505266703,293.1914623440798,1.034828445492461e-09,1.6047976759309442e-09
healthy_25pct_400ms_sag,DRESSING_WATER_SUPPORT,859,8.58,8.59,False,1.0,0.9999999999999998,GRID,3600000.0,1.0,False,188.49999999999972,0.00020000000048894372,199999.99902211135,5.820766091346741e-11,299999.9990221113,0.0001,293.15,9.778880721671157e-13,1.0,1.0,1.0,1.0,1.0,1.0,293.15,1.0,POLISH,0.5510125485014545,293.1917150745356,1.0348649674326184e-09,1.6151463256052704e-09
healthy_25pct_400ms_sag,DRESSING_WATER_SUPPORT,860,8.59,8.6,False,1.0,0.9999999999999998,GRID,3600000.0,1.0,False,188.49999999999972,0.00020000000048894372,199999.99902211135,5.820766091346741e-11,299999.9990221113,0.0001,293.15,9.778880721671157e-13,1.0,1.0,1.0,1.0,1.0,1.0,293.15,1.0,POLISH,0.5510114464783386,293.1919676836168,1.034900541006079e-09,1.6254953310153312e-09
healthy_25pct_400ms_sag,DRESSING_WATER_SUPPORT,861,8.6,8.61,False,1.0,0.9999999999999998,GRID,3600000.0,1.0,False,188.49999999999972,0.00020000000048894372,199999.99902211135,5.820766091346741e-11,299999.9990221113,0.0001,293.15,9.778880721671157e-13,1.0,1.0,1.0,1.0,1.0,1.0,293.15,1.0,POLISH,0.5510103444573277,293.1922201713819,1.0349351900514107e-09,1.6358446829158453e-09
healthy_25pct_400ms_sag,DRESSING_WATER_SUPPORT,862,8.61,8.620000000000001,False,1.0,0.9999999999999998,GRID,3600000.0,1.0,False,188.49999999999972,0.00020000000048894372,199999.99902211135,5.820766091346741e-11,299999.9990221113,0.0001,293.15,9.778880721671157e-13,1.0,1.0,1.0,1.0,1.0,1.0,293.15,1.0,POLISH,0.5510092424384266,293.19247253788944,1.0349689378047998e-09,1.6461943722938933e-09
healthy_25pct_400ms_sag,DRESSING_WATER_SUPPORT,863,8.620000000000001,8.63,False,1.0,0.9999999999999998,GRID,3600000.0,1.0,False,188.49999999999972,0.00020000000048894372,199999.99902211135,5.820766091346741e-11,299999.9990221113,0.0001,293.15,9.778880721671157e-13,1.0,1.0,1.0,1.0,1.0,1.0,293.15,1.0,POLISH,0.5510081404216403,293.192724783198,1.0350018069154303e-09,1.6565443903630476e-09
healthy_25pct_400ms_sag,DRESSING_WATER_SUPPORT,864,8.63,8.64,False,1.0,0.9999999999999998,GRID,3600000.0,1.0,False,188.49999999999972,0.00020000000048894372,199999.99902211135,5.820766091346741e-11,299999.9990221113,0.0001,293.15,9.778880721671157e-13,1.0,1.0,1.0,1.0,1.0,1.0,293.15,1.0,POLISH,0.5510070384069731,293.1929769073661,1.0350338194604596e-09,1.6668947285576522e-09
healthy_25pct_400ms_sag,DRESSING_WATER_SUPPORT,865,8.64,8.65,False,1.0,0.9999999999999998,GRID,3600000.0,1.0,False,188.49999999999972,0.00020000000048894372,199999.99902211135,5.820766091346741e-11,299999.9990221113,0.0001,293.15,9.778880721671157e-13,1.0,1.0,1.0,1.0,1.0,1.0,293.15,1.0,POLISH,0.5510059363944292,293.1932289104522,1.035064996959609e-09,1.6772453785272482e-09
healthy_25pct_400ms_sag,DRESSING_WATER_SUPPORT,866,8.65,8.66,False,1.0,0.9999999999999998,GRID,3600000.0,1.0,False,188.49999999999972,0.00020000000048894372,199999.99902211135,5.820766091346741e-11,299999.9990221113,0.0001,293.15,9.778880721671157e-13,1.0,1.0,1.0,1.0,1.0,1.0,293.15,1.0,POLISH,0.5510048343840127,293.19348079251495,1.0350953603893718e-09,1.687596332131142e-09
healthy_25pct_400ms_sag,DRESSING_WATER_SUPPORT,867,8.66,8.67,False,1.0,0.9999999999999998,GRID,3600000.0,1.0,False,188.49999999999972,0.00020000000048894372,199999.99902211135,5.820766091346741e-11,299999.9990221113,0.0001,293.15,9.778880721671157e-13,1.0,1.0,1.0,1.0,1.0,1.0,293.15,1.0,POLISH,0.5510037323757274,293.1937325536129,1.035124930196856e-09,1.6979475814331106e-09
healthy_25pct_400ms_sag,DRESSING_WATER_SUPPORT,868,8.67,8.68,False,1.0,0.9999999999999998,GRID,3600000.0,1.0,False,188.49999999999972,0.00020000000048894372,199999.99902211135,5.820766091346741e-11,299999.9990221113,0.0001,293.15,9.778880721671157e-13,1.0,1.0,1.0,1.0,1.0,1.0,293.15,1.0,POLISH,0.551002630369577,293.19398419380457,1.0351537263132622e-09,1.7082991186962432e-09
healthy_25pct_400ms_sag,DRESSING_WATER_SUPPORT,869,8.68,8.69,False,1.0,0.9999999999999998,GRID,3600000.0,1.0,False,188.49999999999972,0.00020000000048894372,199999.99902211135,5.820766091346741e-11,299999.9990221113,0.0001,293.15,9.778880721671157e-13,1.0,1.0,1.0,1.0,1.0,1.0,293.15,1.0,POLISH,0.5510015283655648,293.1942357131485,1.0351817681670202e-09,1.7186509363779133e-09
healthy_25pct_400ms_sag,DRESSING_WATER_SUPPORT,870,8.69,8.700000000000001,False,1.0,0.9999999999999998,GRID,3600000.0,1.0,False,188.49999999999972,0.00020000000048894372,199999.99902211135,5.820766091346741e-11,299999.9990221113,0.0001,293.15,9.778880721671157e-13,1.0,1.0,1.0,1.0,1.0,1.0,293.15,1.0,POLISH,0.5510004263636943,293.19448711170327,1.0352090746965795e-09,1.7290030271248792e-09
healthy_25pct_400ms_sag,DRESSING_WATER_SUPPORT,871,8.700000000000001,8.71,False,1.0,0.9999999999999998,GRID,3600000.0,1.0,False,188.49999999999972,0.00020000000048894372,199999.99902211135,5.820766091346741e-11,299999.9990221113,0.0001,293.15,9.778880721671157e-13,1.0,1.0,1.0,1.0,1.0,1.0,293.15,1.0,POLISH,0.5509993243639684,293.1947383895274,1.0352356643628702e-09,1.7393553837685079e-09
healthy_25pct_400ms_sag,DRESSING_WATER_SUPPORT,872,8.71,8.72,False,1.0,0.9999999999999998,GRID,3600000.0,1.0,False,188.49999999999972,0.00020000000048894372,199999.99902211135,5.820766091346741e-11,299999.9990221113,0.0001,293.15,9.778880721671157e-13,1.0,1.0,1.0,1.0,1.0,1.0,293.15,1.0,POLISH,0.5509982223663902,293.19498954667944,1.0352615551614437e-09,1.7497079993201224e-09
healthy_25pct_400ms_sag,DRESSING_WATER_SUPPORT,873,8.72,8.73,False,1.0,0.9999999999999998,GRID,3600000.0,1.0,False,188.49999999999972,0.00020000000048894372,199999.99902211135,5.820766091346741e-11,299999.9990221113,0.0001,293.15,9.778880721671157e-13,1.0,1.0,1.0,1.0,1.0,1.0,293.15,1.0,POLISH,0.5509971203709624,293.19524058321787,1.0352867646342985e-09,1.7600608669664654e-09
healthy_25pct_400ms_sag,DRESSING_WATER_SUPPORT,874,8.73,8.74,False,1.0,0.9999999999999998,GRID,3600000.0,1.0,False,188.49999999999972,0.00020000000048894372,199999.99902211135,5.820766091346741e-11,299999.9990221113,0.0001,293.15,9.778880721671157e-13,1.0,1.0,1.0,1.0,1.0,1.0,293.15,1.0,POLISH,0.5509960183776877,293.19549149920124,1.0353113098814008e-09,1.7704139800652795e-09
healthy_25pct_400ms_sag,DRESSING_WATER_SUPPORT,875,8.74,8.75,False,1.0,0.9999999999999998,GRID,3600000.0,1.0,False,188.49999999999972,0.00020000000048894372,199999.99902211135,5.820766091346741e-11,299999.9990221113,0.0001,293.15,9.778880721671157e-13,1.0,1.0,1.0,1.0,1.0,1.0,293.15,1.0,POLISH,0.5509949163865688,293.19574229468805,1.0353352075719081e-09,1.7807673321409985e-09
healthy_25pct_400ms_sag,DRESSING_WATER_SUPPORT,876,8.75,8.76,False,1.0,0.9999999999999998,GRID,3600000.0,1.0,False,188.49999999999972,0.00020000000048894372,199999.99902211135,5.820766091346741e-11,299999.9990221113,0.0001,293.15,9.778880721671157e-13,1.0,1.0,1.0,1.0,1.0,1.0,293.15,1.0,POLISH,0.550993814397608,293.1959929697367,1.0353584739551042e-09,1.7911209168805496e-09
healthy_25pct_400ms_sag,DRESSING_WATER_SUPPORT,877,8.76,8.77,False,1.0,0.9999999999999998,GRID,3600000.0,1.0,False,188.49999999999972,0.00020000000048894372,199999.99902211135,5.820766091346741e-11,299999.9990221113,0.0001,293.15,9.778880721671157e-13,1.0,1.0,1.0,1.0,1.0,1.0,293.15,1.0,POLISH,0.5509927124108075,293.19624352440576,1.0353811248710528e-09,1.80147472812926e-09
healthy_25pct_400ms_sag,DRESSING_WATER_SUPPORT,878,8.77,8.78,False,1.0,0.9999999999999998,GRID,3600000.0,1.0,False,188.49999999999972,0.00020000000048894372,199999.99902211135,5.820766091346741e-11,299999.9990221113,0.0001,293.15,9.778880721671157e-13,1.0,1.0,1.0,1.0,1.0,1.0,293.15,1.0,POLISH,0.5509916104261696,293.1964939587536,1.0354031757609747e-09,1.8118287598868698e-09
healthy_25pct_400ms_sag,DRESSING_WATER_SUPPORT,879,8.78,8.790000000000001,False,1.0,0.9999999999999998,GRID,3600000.0,1.0,False,188.49999999999972,0.00020000000048894372,199999.99902211135,5.820766091346741e-11,299999.9990221113,0.0001,293.15,9.778880721671157e-13,1.0,1.0,1.0,1.0,1.0,1.0,293.15,1.0,POLISH,0.5509905084436963,293.19674427283866,1.0354246416773615e-09,1.8221830063036435e-09
healthy_25pct_400ms_sag,DRESSING_WATER_SUPPORT,880,8.790000000000001,8.8,False,1.0,0.9999999999999998,GRID,3600000.0,1.0,False,188.49999999999972,0.00020000000048894372,199999.99902211135,5.820766091346741e-11,299999.9990221113,0.0001,293.15,9.778880721671157e-13,1.0,1.0,1.0,1.0,1.0,1.0,293.15,1.0,POLISH,0.5509894064633897,293.19699446671933,1.0354455372938277e-09,1.8325374616765818e-09
healthy_25pct_400ms_sag,DRESSING_WATER_SUPPORT,881,8.8,8.81,False,1.0,0.9999999999999998,GRID,3600000.0,1.0,False,188.49999999999972,0.00020000000048894372,199999.99902211135,5.820766091346741e-11,299999.9990221113,0.0001,293.15,9.778880721671157e-13,1.0,1.0,1.0,1.0,1.0,1.0,293.15,1.0,POLISH,0.5509883044852515,293.19724454045405,1.0354658769147094e-09,1.842892120445729e-09
healthy_25pct_400ms_sag,DRESSING_WATER_SUPPORT,882,8.81,8.82,False,1.0,0.9999999999999998,GRID,3600000.0,1.0,False,188.49999999999972,0.00020000000048894372,199999.99902211135,5.820766091346741e-11,299999.9990221113,0.0001,293.15,9.778880721671157e-13,1.0,1.0,1.0,1.0,1.0,1.0,293.15,1.0,POLISH,0.5509872025092835,293.19749449410114,1.0354856744844185e-09,1.853246977190573e-09
healthy_25pct_400ms_sag,DRESSING_WATER_SUPPORT,883,8.82,8.83,False,1.0,0.9999999999999998,GRID,3600000.0,1.0,False,188.49999999999972,0.00020000000048894372,199999.99902211135,5.820766091346741e-11,299999.9990221113,0.0001,293.15,9.778880721671157e-13,1.0,1.0,1.0,1.0,1.0,1.0,293.15,1.0,POLISH,0.5509861005354874,293.1977443277189,1.0355049435965535e-09,1.8636020266265385e-09
healthy_25pct_400ms_sag,DRESSING_WATER_SUPPORT,884,8.83,8.84,False,1.0,0.9999999999999998,GRID,3600000.0,1.0,False,188.49999999999972,0.00020000000048894372,199999.99902211135,5.820766091346741e-11,299999.9990221113,0.0001,293.15,9.778880721671157e-13,1.0,1.0,1.0,1.0,1.0,1.0,293.15,1.0,POLISH,0.5509849985638647,293.1979940413657,1.0355236975027834e-09,1.873957263601566e-09
healthy_25pct_400ms_sag,DRESSING_WATER_SUPPORT,885,8.84,8.85,False,1.0,0.9999999999999998,GRID,3600000.0,1.0,False,188.49999999999972,0.00020000000048894372,199999.99902211135,5.820766091346741e-11,299999.9990221113,0.0001,293.15,9.778880721671157e-13,1.0,1.0,1.0,1.0,1.0,1.0,293.15,1.0,POLISH,0.5509838965944172,293.1982436350998,1.0355419491214942e-09,1.884312683092781e-09
healthy_25pct_400ms_sag,DRESSING_WATER_SUPPORT,886,8.85,8.86,False,1.0,0.9999999999999998,GRID,3600000.0,1.0,False,188.49999999999972,0.00020000000048894372,199999.99902211135,5.820766091346741e-11,299999.9990221113,0.0001,293.15,9.778880721671157e-13,1.0,1.0,1.0,1.0,1.0,1.0,293.15,1.0,POLISH,0.550982794627146,293.19849310897945,1.0355597110462255e-09,1.8946682802032435e-09
healthy_25pct_400ms_sag,DRESSING_WATER_SUPPORT,887,8.86,8.870000000000001,False,1.0,0.9999999999999998,GRID,3600000.0,1.0,False,188.49999999999972,0.00020000000048894372,199999.99902211135,5.820766091346741e-11,299999.9990221113,0.0001,293.15,9.778880721671157e-13,1.0,1.0,1.0,1.0,1.0,1.0,293.15,1.0,POLISH,0.5509816926620528,293.1987424630629,1.0355769955538806e-09,1.9050240501587824e-09
healthy_25pct_400ms_sag,DRESSING_WATER_SUPPORT,888,8.870000000000001,8.88,False,1.0,0.9999999999999998,GRID,3600000.0,1.0,False,188.49999999999972,0.00020000000048894372,199999.99902211135,5.820766091346741e-11,299999.9990221113,0.0001,293.15,9.778880721671157e-13,1.0,1.0,1.0,1.0,1.0,1.0,293.15,1.0,POLISH,0.5509805906991386,293.19899169740836,1.0355938146127354e-09,1.91537998830491e-09
healthy_25pct_400ms_sag,DRESSING_WATER_SUPPORT,889,8.88,8.89,False,1.0,0.9999999999999998,GRID,3600000.0,1.0,False,188.49999999999972,0.00020000000048894372,199999.99902211135,5.820766091346741e-11,299999.9990221113,0.0001,293.15,9.778880721671157e-13,1.0,1.0,1.0,1.0,1.0,1.0,293.15,1.0,POLISH,0.5509794887384049,293.199240812074,1.0356101798902353e-09,1.925736090103812e-09
healthy_25pct_400ms_sag,DRESSING_WATER_SUPPORT,890,8.89,8.9,False,1.0,0.9999999999999998,GRID,3600000.0,1.0,False,188.49999999999972,0.00020000000048894372,199999.99902211135,5.820766091346741e-11,299999.9990221113,0.0001,293.15,9.778880721671157e-13,1.0,1.0,1.0,1.0,1.0,1.0,293.15,1.0,POLISH,0.5509783867798526,293.1994898071179,1.035626102760601e-09,1.936092351131418e-09
healthy_25pct_400ms_sag,DRESSING_WATER_SUPPORT,891,8.9,8.91,False,1.0,0.9999999999999998,GRID,3600000.0,1.0,False,188.49999999999972,0.00020000000048894372,199999.99902211135,5.820766091346741e-11,299999.9990221113,0.0001,293.15,9.778880721671157e-13,1.0,1.0,1.0,1.0,1.0,1.0,293.15,1.0,POLISH,0.550977284823483,293.1997386825983,1.0356415943122305e-09,1.9464487670745402e-09
healthy_25pct_400ms_sag,DRESSING_WATER_SUPPORT,892,8.91,8.92,False,1.0,0.9999999999999998,GRID,3600000.0,1.0,False,188.49999999999972,0.00020000000048894372,199999.99902211135,5.820766091346741e-11,299999.9990221113,0.0001,293.15,9.778880721671157e-13,1.0,1.0,1.0,1.0,1.0,1.0,293.15,1.0,POLISH,0.5509761828692971,293.1999874385732,1.0356566653549217e-09,1.9568053337280894e-09
healthy_25pct_400ms_sag,DRESSING_WATER_SUPPORT,893,8.92,8.93,False,1.0,0.9999999999999998,GRID,3600000.0,1.0,False,188.49999999999972,0.00020000000048894372,199999.99902211135,5.820766091346741e-11,299999.9990221113,0.0001,293.15,9.778880721671157e-13,1.0,1.0,1.0,1.0,1.0,1.0,293.15,1.0,POLISH,0.5509750809172959,293.2002360751007,1.0356713264269035e-09,1.9671620469923584e-09
healthy_25pct_400ms_sag,DRESSING_WATER_SUPPORT,894,8.93,8.94,False,1.0,0.9999999999999998,GRID,3600000.0,1.0,False,188.49999999999972,0.00020000000048894372,199999.99902211135,5.820766091346741e-11,299999.9990221113,0.0001,293.15,9.778880721671157e-13,1.0,1.0,1.0,1.0,1.0,1.0,293.15,1.0,POLISH,0.5509739789674803,293.20048459223875,1.0356855878016924e-09,1.977518902870375e-09
healthy_25pct_400ms_sag,DRESSING_WATER_SUPPORT,895,8.94,8.950000000000001,False,1.0,0.9999999999999998,GRID,3600000.0,1.0,False,188.49999999999972,0.00020000000048894372,199999.99902211135,5.820766091346741e-11,299999.9990221113,0.0001,293.15,9.778880721671157e-13,1.0,1.0,1.0,1.0,1.0,1.0,293.15,1.0,POLISH,0.5509728770198514,293.2007329900454,1.0356994594947725e-09,1.987875897465323e-09
healthy_25pct_400ms_sag,DRESSING_WATER_SUPPORT,896,8.950000000000001,8.96,False,1.0,0.9999999999999998,GRID,3600000.0,1.0,False,188.49999999999972,0.00020000000048894372,199999.99902211135,5.820766091346741e-11,299999.9990221113,0.0001,293.15,9.778880721671157e-13,1.0,1.0,1.0,1.0,1.0,1.0,293.15,1.0,POLISH,0.55097177507441,293.2009812685787,1.035712951270104e-09,1.998233026978024e-09
healthy_25pct_400ms_sag,DRESSING_WATER_SUPPORT,897,8.96,8.97,False,1.0,0.9999999999999998,GRID,3600000.0,1.0,False,188.49999999999972,0.00020000000048894372,199999.99902211135,5.820766091346741e-11,299999.9990221113,0.0001,293.15,9.778880721671157e-13,1.0,1.0,1.0,1.0,1.0,1.0,293.15,1.0,POLISH,0.5509706731311568,293.2012294278964,1.0357260726464715e-09,2.008590287704489e-09
healthy_25pct_400ms_sag,DRESSING_WATER_SUPPORT,898,8.97,8.98,False,1.0,0.9999999999999998,GRID,3600000.0,1.0,False,188.49999999999972,0.00020000000048894372,199999.99902211135,5.820766091346741e-11,299999.9990221113,0.0001,293.15,9.778880721671157e-13,1.0,1.0,1.0,1.0,1.0,1.0,293.15,1.0,POLISH,0.5509695711900926,293.2014774680565,1.0357388329036618e-09,2.0189476760335254e-09
healthy_25pct_400ms_sag,DRESSING_WATER_SUPPORT,899,8.98,8.99,False,1.0,0.9999999999999998,GRID,3600000.0,1.0,False,188.49999999999972,0.00020000000048894372,199999.99902211135,5.820766091346741e-11,299999.9990221113,0.0001,293.15,9.778880721671157e-13,1.0,1.0,1.0,1.0,1.0,1.0,293.15,1.0,POLISH,0.5509684692512182,293.20172538911686,1.0357512410884942e-09,2.0293051884444105e-09
healthy_25pct_400ms_sag,DRESSING_WATER_SUPPORT,900,8.99,9.0,False,1.0,0.9999999999999998,GRID,3600000.0,1.0,False,188.49999999999972,0.00020000000048894372,199999.99902211135,5.820766091346741e-11,299999.9990221113,0.0001,293.15,9.778880721671157e-13,1.0,1.0,1.0,1.0,1.0,1.0,293.15,1.0,POLISH,0.5509673673145343,293.2019731911353,1.0357633060206899e-09,2.0396628215046173e-09
