scenario,topology,step_index,source_time_s,timestamp_s,event_active,grid_voltage_pu,ups_output_voltage_pu,ups_mode,battery_energy_j,vfd_available_output_pu,vfd_tripped,motor_speed_rad_s,pump_flow_m3_s,pump_head_pa,pump_operating_point_residual_pa,upw_supply_pressure_pa,upw_tool_flow_m3_s,upw_temperature_k,upw_mass_balance_residual_m3_s,pressure_support,flow_support,hydraulic_support,effective_availability,dressing_availability,slurry_utility_availability,coolant_temperature_k,cooling_conductance_factor,cmp_mode,cmp_pad_surface_activity,cmp_interface_temperature_k,cmp_mrr_m_s,cmp_cumulative_removal_m
degraded_ups_3s_interruption_during_dress,NO_CONNECTION,1,0.0,0.01,False,1.0,1.0,GRID,500.0,1.0,False,188.49995111039513,0.00020000082829812828,199998.13591130078,0.0,299998.2218258083,0.0001,293.15,-9.049260353641732e-13,1.0,1.0,1.0,1.0,1.0,1.0,293.15,1.0,DRESS,0.50009,293.15,0.0,0.0
degraded_ups_3s_interruption_during_dress,NO_CONNECTION,2,0.01,0.02,False,1.0,1.0,GRID,500.0,1.0,False,188.49995355487536,0.000200000790528252,199998.22182580832,2.9103830456733704e-11,299998.30378219485,0.0001,293.15,-4.90576754566549e-13,1.0,1.0,1.0,1.0,1.0,1.0,293.15,1.0,DRESS,0.5001799837820032,293.15,0.0,0.0
degraded_ups_3s_interruption_during_dress,NO_CONNECTION,3,0.02,0.03,False,1.0,1.0,GRID,500.0,1.0,False,188.49995587713158,0.00020000075447806147,199998.30378219482,-2.9103830456733704e-11,299998.38195508346,0.0001,293.15,4.274760395925176e-14,1.0,1.0,1.0,1.0,1.0,1.0,293.15,1.0,DRESS,0.5002699513489355,293.15,0.0,0.0
degraded_ups_3s_interruption_during_dress,NO_CONNECTION,4,0.03,0.04,False,1.0,1.0,GRID,500.0,1.0,False,188.499958083275,0.00020000072007321434,199998.3819550835,2.9103830456733704e-11,299998.4565190971,0.0001,293.15,5.333931874743185e-13,1.0,1.0,1.0,1.0,1.0,1.0,293.15,1.0,DRESS,0.5003599027037219,293.15,0.0,0.0
degraded_ups_3s_interruption_during_dress,NO_CONNECTION,5,0.04,0.05,False,1.0,1.0,GRID,500.0,1.0,False,188.49996017911124,0.00020000068723871993,199998.45651909706,-2.9103830456733704e-11,299998.5276488587,0.0001,293.15,8.190578445511165e-13,1.0,1.0,1.0,1.0,1.0,1.0,293.15,1.0,DRESS,0.5004498378492871,293.15,0.0,0.0
degraded_ups_3s_interruption_during_dress,NO_CONNECTION,6,0.05,0.06,False,1.0,1.0,GRID,500.0,1.0,False,188.49996217015567,0.00020000065589897146,199998.5276488587,-2.9103830456733704e-11,299998.59551899135,0.0001,293.15,7.368232716672808e-13,1.0,1.0,1.0,1.0,1.0,1.0,293.15,1.0,DRESS,0.5005397567885552,293.15,0.0,0.0
degraded_ups_3s_interruption_during_dress,NO_CONNECTION,7,0.06,0.07,False,1.0,1.0,GRID,500.0,1.0,False,188.4999640616479,0.00020000062597777684,199998.59551899135,0.0,299998.66030411795,0.0001,293.15,1.2318592652005916e-13,1.0,1.0,1.0,1.0,1.0,1.0,293.15,1.0,DRESS,0.5006296595244499,293.15,0.0,0.0
degraded_ups_3s_interruption_during_dress,NO_CONNECTION,8,0.07,0.08,False,1.0,1.0,GRID,500.0,1.0,False,188.4999658585655,0.00020000059739838798,199998.66030411798,2.9103830456733704e-11,299998.72212065384,0.0001,293.15,7.343260114445962e-15,1.0,1.0,1.0,1.0,1.0,1.0,293.15,1.0,DRESS,0.5007195460598943,293.15,0.0,0.0
degraded_ups_3s_interruption_during_dress,NO_CONNECTION,9,0.08,0.09,False,1.0,1.0,GRID,500.0,1.0,False,188.49996756563723,0.00020000057011263246,199998.72212065384,0.0,299998.78108501434,0.0001,293.15,2.829151713248024e-13,1.0,1.0,1.0,1.0,1.0,1.0,293.15,1.0,DRESS,0.5008094163978108,293.15,0.0,0.0
degraded_ups_3s_interruption_during_dress,NO_CONNECTION,10,0.09,0.1,False,1.0,1.0,GRID,500.0,1.0,False,188.49996918735536,0.00020000054407183582,199998.78108501434,0.0,299998.8373136148,0.0001,293.15,8.43019573419629e-13,1.0,1.0,1.0,1.0,1.0,1.0,293.15,1.0,DRESS,0.5008992705411216,293.15,0.0,0.0
degraded_ups_3s_interruption_during_dress,NO_CONNECTION,11,0.1,0.11,False,1.0,1.0,GRID,500.0,1.0,False,188.4999707279876,0.00020000051922684726,199998.8373136148,0.0,299998.89098107815,0.0001,293.15,3.8704094128860966e-13,1.0,1.0,1.0,1.0,1.0,1.0,293.15,1.0,DRESS,0.5009891084927481,293.15,0.0,0.0
degraded_ups_3s_interruption_during_dress,NO_CONNECTION,12,0.11,0.12,False,1.0,1.0,GRID,500.0,1.0,False,188.49997219158823,0.00020000049549895912,199998.89098107818,2.9103830456733704e-11,299998.94220381975,0.0001,293.15,-5.778283396475709e-14,1.0,1.0,1.0,1.0,1.0,1.0,293.15,1.0,DRESS,0.5010789302556113,293.15,0.0,0.0
degraded_ups_3s_interruption_during_dress,NO_CONNECTION,13,0.12,0.13,False,1.0,1.0,GRID,500.0,1.0,False,188.4999735820088,0.00020000047283813736,199998.94220381975,0.0,299998.9910982549,0.0001,293.15,-5.99693455701322e-13,1.0,1.0,1.0,1.0,1.0,1.0,293.15,1.0,DRESS,0.5011687358326317,293.15,0.0,0.0
degraded_ups_3s_interruption_during_dress,NO_CONNECTION,14,0.13,0.14,False,1.0,1.0,GRID,500.0,1.0,False,188.49997490290838,0.00020000045119393932,199998.99109825492,0.0,299999.0377225913,0.0001,293.15,-1.5408418247914462e-13,1.0,1.0,1.0,1.0,1.0,1.0,293.15,1.0,DRESS,0.5012585252267291,293.15,0.0,0.0
degraded_ups_3s_interruption_during_dress,NO_CONNECTION,15,0.14,0.15,False,1.0,1.0,GRID,500.0,1.0,False,188.49997615776294,0.0002000004305446376,199999.0377225913,0.0,299999.08219324425,0.0001,293.15,3.495671254624316e-14,1.0,1.0,1.0,1.0,1.0,1.0,293.15,1.0,DRESS,0.5013482984408228,293.15,0.0,0.0
degraded_ups_3s_interruption_during_dress,NO_CONNECTION,16,0.15,0.16,False,1.0,1.0,GRID,500.0,1.0,False,188.4999773498748,0.00020000041083903262,199999.08219324428,2.9103830456733704e-11,299999.12462662905,0.0001,293.15,-1.4197803197870254e-13,1.0,1.0,1.0,1.0,1.0,1.0,293.15,1.0,DRESS,0.5014380554778319,293.15,0.0,0.0
degraded_ups_3s_interruption_during_dress,NO_CONNECTION,17,0.16,0.17,False,1.0,1.0,GRID,500.0,1.0,False,188.49997848238107,0.00020000039202557404,199999.12462662905,0.0,299999.16513916105,0.0001,293.15,-7.946464032583145e-13,1.0,1.0,1.0,1.0,1.0,1.0,293.15,1.0,DRESS,0.5015277963406747,293.15,0.0,0.0
degraded_ups_3s_interruption_during_dress,NO_CONNECTION,18,0.17,0.18,False,1.0,1.0,GRID,500.0,1.0,False,188.49997955826203,0.00020000037405237873,199999.16513916108,2.9103830456733704e-11,299999.2037890479,0.0001,293.15,-8.398821444095437e-13,1.0,1.0,1.0,1.0,1.0,1.0,293.15,1.0,DRESS,0.5016175210322689,293.15,0.0,0.0
degraded_ups_3s_interruption_during_dress,NO_CONNECTION,19,0.18,0.19,False,1.0,1.0,GRID,500.0,1.0,False,188.49998058034893,0.0002000003568963511,199999.2037890479,0.0,299999.2405762896,0.0001,293.15,8.633723559214895e-13,1.0,1.0,1.0,1.0,1.0,1.0,293.15,1.0,DRESS,0.5017072295555317,293.15,0.0,0.0
degraded_ups_3s_interruption_during_dress,NO_CONNECTION,20,0.19,0.2,False,1.0,1.0,GRID,500.0,1.0,False,188.49998155133147,0.0002000003405631989,199999.2405762896,0.0,299999.2757337168,0.0001,293.15,-4.5220332036203095e-13,1.0,1.0,1.0,1.0,1.0,1.0,293.15,1.0,DRESS,0.5017969219133801,293.15,0.0,0.0
degraded_ups_3s_interruption_during_dress,NO_CONNECTION,21,0.2,0.21,False,1.0,1.0,GRID,500.0,1.0,False,188.4999824737649,0.00020000032494192955,199999.2757337168,0.0,299999.3092613295,0.0001,293.15,-2.4098892261075216e-13,1.0,1.0,1.0,1.0,1.0,1.0,293.15,1.0,DRESS,0.5018865981087302,293.15,0.0,0.0
degraded_ups_3s_interruption_during_dress,NO_CONNECTION,22,0.21,0.22,False,1.0,1.0,GRID,500.0,1.0,False,188.49998335007666,0.0002000003100376942,199999.3092613295,2.9103830456733704e-11,299999.341275543,0.0001,293.15,-8.843473371135391e-13,1.0,1.0,1.0,1.0,1.0,1.0,293.15,1.0,DRESS,0.5019762581444976,293.15,0.0,0.0
degraded_ups_3s_interruption_during_dress,NO_CONNECTION,23,0.22,0.23,False,1.0,1.0,GRID,500.0,1.0,False,188.49998418257283,0.00020000029579717897,199999.34127554297,0.0,299999.3717763573,0.0001,293.15,-1.0728606154519466e-13,1.0,1.0,1.0,1.0,1.0,1.0,293.15,1.0,DRESS,0.5020659020235977,293.15,0.0,0.0
degraded_ups_3s_interruption_during_dress,NO_CONNECTION,24,0.23,0.24,False,1.0,1.0,GRID,500.0,1.0,False,188.49998497344419,0.0002000002822250329,199999.37177635735,5.820766091346741e-11,299999.40088018775,0.0001,293.15,-2.9167011687813993e-13,1.0,1.0,1.0,1.0,1.0,1.0,293.15,1.0,DRESS,0.502155529748945,293.15,0.0,0.0
degraded_ups_3s_interruption_during_dress,NO_CONNECTION,25,0.24,0.25,False,1.0,1.0,GRID,500.0,1.0,False,188.499985724772,0.000200000269267465,199999.4008801878,5.820766091346741e-11,299999.42858703434,0.0001,293.15,8.370159231517708e-13,1.0,1.0,1.0,1.0,1.0,1.0,293.15,1.0,DRESS,0.5022451413234535,293.15,0.0,0.0
degraded_ups_3s_interruption_during_dress,NO_CONNECTION,26,0.25,0.26,False,1.0,1.0,GRID,500.0,1.0,False,188.4999864385334,0.0002000002569286709,199999.4285870343,-5.820766091346741e-11,299999.4550133124,0.0001,293.15,8.964535971184254e-13,1.0,1.0,1.0,1.0,1.0,1.0,293.15,1.0,DRESS,0.502334736750037,293.15,0.0,0.0
degraded_ups_3s_interruption_during_dress,NO_CONNECTION,27,0.26,0.27,False,1.0,1.0,GRID,500.0,1.0,False,188.49998711660672,0.00020000024515442886,199999.4550133124,0.0,299999.48027543724,0.0001,293.15,-2.2578648857256728e-13,1.0,1.0,1.0,1.0,1.0,1.0,293.15,1.0,DRESS,0.5024243160316085,293.15,0.0,0.0
degraded_ups_3s_interruption_during_dress,NO_CONNECTION,28,0.27,0.28,False,1.0,1.0,GRID,500.0,1.0,False,188.49998776077638,0.00020000023389031817,199999.4802754372,-2.9103830456733704e-11,299999.50437340885,0.0001,293.15,-2.5581862583136824e-13,1.0,1.0,1.0,1.0,1.0,1.0,293.15,1.0,DRESS,0.5025138791710805,293.15,0.0,0.0
degraded_ups_3s_interruption_during_dress,NO_CONNECTION,29,0.28,0.29,False,1.0,1.0,GRID,500.0,1.0,False,188.49998837273756,0.0002000002231399359,199999.50437340885,0.0,299999.52730722725,0.0001,293.15,8.099542699946803e-13,1.0,1.0,1.0,1.0,1.0,1.0,293.15,1.0,DRESS,0.502603426171365,293.15,0.0,0.0
degraded_ups_3s_interruption_during_dress,NO_CONNECTION,30,0.29,0.3,False,1.0,1.0,GRID,500.0,1.0,False,188.49998895410067,0.00020000021290669958,199999.52730722725,0.0,299999.54919330776,0.0001,293.15,5.884356191329038e-13,1.0,1.0,1.0,1.0,1.0,1.0,293.15,1.0,DRESS,0.5026929570353735,293.15,0.0,0.0
degraded_ups_3s_interruption_during_dress,NO_CONNECTION,31,0.3,0.31,False,1.0,1.0,GRID,500.0,1.0,False,188.49998950639565,0.00020000020313564812,199999.54919330773,-2.9103830456733704e-11,299999.570089858,0.0001,293.15,1.5971375047151282e-13,1.0,1.0,1.0,1.0,1.0,1.0,293.15,1.0,DRESS,0.5027824717660171,293.15,0.0,0.0
degraded_ups_3s_interruption_during_dress,NO_CONNECTION,32,0.31,0.32,False,1.0,1.0,GRID,500.0,1.0,False,188.49999003107587,0.00020000019380076196,199999.57008985805,2.9103830456733704e-11,299999.5900550857,0.0001,293.15,-5.313347765240248e-13,1.0,1.0,1.0,1.0,1.0,1.0,293.15,1.0,DRESS,0.5028719703662061,293.15,0.0,0.0
degraded_ups_3s_interruption_during_dress,NO_CONNECTION,33,0.32,0.33,False,1.0,1.0,GRID,500.0,1.0,False,188.49999052952208,0.00020000018487586734,199999.59005508572,0.0,299999.6090307832,0.0001,293.15,8.465265852663434e-13,1.0,1.0,1.0,1.0,1.0,1.0,293.15,1.0,DRESS,0.5029614528388505,293.15,0.0,0.0
degraded_ups_3s_interruption_during_dress,NO_CONNECTION,34,0.33,0.34,False,1.0,1.0,GRID,500.0,1.0,False,188.49999100304598,0.00020000017639285145,199999.60903078318,0.0,299999.6271915734,0.0001,293.15,-4.1873934387202097e-13,1.0,1.0,1.0,1.0,1.0,1.0,293.15,1.0,DRESS,0.5030509191868596,293.15,0.0,0.0
degraded_ups_3s_interruption_during_dress,NO_CONNECTION,35,0.34,0.35000000000000003,False,1.0,1.0,GRID,500.0,1.0,False,188.49999145289368,0.0002000001682670473,199999.62719157335,-2.9103830456733704e-11,299999.64453745633,0.0001,293.15,-9.193399101888024e-13,1.0,1.0,1.0,1.0,1.0,1.0,293.15,1.0,DRESS,0.5031403694131423,293.15,0.0,0.0
degraded_ups_3s_interruption_during_dress,NO_CONNECTION,36,0.35000000000000003,0.36,False,1.0,1.0,GRID,500.0,1.0,False,188.49999188024898,0.0002000001605009669,199999.64453745636,2.9103830456733704e-11,299999.66106843203,0.0001,293.15,-6.527630985655148e-13,1.0,1.0,1.0,1.0,1.0,1.0,293.15,1.0,DRESS,0.503229803520607,293.15,0.0,0.0
degraded_ups_3s_interruption_during_dress,NO_CONNECTION,37,0.36,0.37,False,1.0,1.0,GRID,500.0,1.0,False,188.49999228623653,0.00020000015309699687,199999.66106843197,-5.820766091346741e-11,299999.6767845005,0.0001,293.15,3.833776910299737e-13,1.0,1.0,1.0,1.0,1.0,1.0,293.15,1.0,DRESS,0.5033192215121614,293.15,0.0,0.0
degraded_ups_3s_interruption_during_dress,NO_CONNECTION,38,0.37,0.38,False,1.0,1.0,GRID,500.0,1.0,False,188.4999926719247,0.0002000001460574043,199999.67678450048,0.0,299999.691802077,0.0001,293.15,-1.9516451389007533e-13,1.0,1.0,1.0,1.0,1.0,1.0,293.15,1.0,DRESS,0.5034086233907128,293.15,0.0,0.0
degraded_ups_3s_interruption_during_dress,NO_CONNECTION,39,0.38,0.39,False,1.0,1.0,GRID,500.0,1.0,False,188.49999303832845,0.00020000013932613544,199999.691802077,0.0,299999.7061211616,0.0001,293.15,-1.161370576530749e-13,1.0,1.0,1.0,1.0,1.0,1.0,293.15,1.0,DRESS,0.503498009159168,293.15,0.0,0.0
degraded_ups_3s_interruption_during_dress,NO_CONNECTION,40,0.39,0.4,False,1.0,1.0,GRID,500.0,1.0,False,188.49999338641203,0.0002000001329052364,199999.70612116155,-2.9103830456733704e-11,299999.71974175423,0.0001,293.15,6.22506193185944e-13,1.0,1.0,1.0,1.0,1.0,1.0,293.15,1.0,DRESS,0.5035873788204331,293.15,0.0,0.0
degraded_ups_3s_interruption_during_dress,NO_CONNECTION,41,0.4,0.41000000000000003,False,1.0,1.0,GRID,500.0,1.0,False,188.49999371709143,0.0002000001267966509,199999.71974175423,0.0,299999.7327802703,0.0001,293.15,-3.638051242639105e-13,1.0,1.0,1.0,1.0,1.0,1.0,293.15,1.0,DRESS,0.5036767323774141,293.15,0.0,0.0
degraded_ups_3s_interruption_during_dress,NO_CONNECTION,42,0.41000000000000003,0.42,False,1.0,1.0,GRID,500.0,1.0,False,188.49999403123687,0.00020000012094401813,199999.73278027028,0.0,299999.7452367097,0.0001,293.15,-8.031254410427255e-13,1.0,1.0,1.0,1.0,1.0,1.0,293.15,1.0,DRESS,0.5037660698330159,293.15,0.0,0.0
degraded_ups_3s_interruption_during_dress,NO_CONNECTION,43,0.42,0.43,False,1.0,1.0,GRID,500.0,1.0,False,188.49999432967502,0.00020000011534909216,199999.74523670977,5.820766091346741e-11,299999.75711107254,0.0001,293.15,-6.937006400082157e-13,1.0,1.0,1.0,1.0,1.0,1.0,293.15,1.0,DRESS,0.5038553911901433,293.15,0.0,0.0
degraded_ups_3s_interruption_during_dress,NO_CONNECTION,44,0.43,0.44,False,1.0,1.0,GRID,500.0,1.0,False,188.49999461319126,0.00020000011001353974,199999.75711107254,0.0,299999.76840335876,0.0001,293.15,-3.386399071314623e-14,1.0,1.0,1.0,1.0,1.0,1.0,293.15,1.0,DRESS,0.5039446964517005,293.15,0.0,0.0
degraded_ups_3s_interruption_during_dress,NO_CONNECTION,45,0.44,0.45,False,1.0,1.0,GRID,500.0,1.0,False,188.4999948825317,0.00020000010493894405,199999.76840335876,0.0,299999.779171776,0.0001,293.15,-1.5289353984270574e-14,1.0,1.0,1.0,1.0,1.0,1.0,293.15,1.0,DRESS,0.504033985620591,293.15,0.0,0.0
degraded_ups_3s_interruption_during_dress,NO_CONNECTION,46,0.45,0.46,False,1.0,1.0,GRID,500.0,1.0,False,188.4999951384051,0.00020000010009770533,199999.77917177603,0.0,299999.789474532,0.0001,293.15,-6.946803137071487e-13,1.0,1.0,1.0,1.0,1.0,1.0,293.15,1.0,DRESS,0.5041232586997179,293.15,0.0,0.0
degraded_ups_3s_interruption_during_dress,NO_CONNECTION,47,0.46,0.47000000000000003,False,1.0,1.0,GRID,500.0,1.0,False,188.49999538148484,0.00020000009546214867,199999.789474532,0.0,299999.79925341904,0.0001,293.15,2.576984773575919e-13,1.0,1.0,1.0,1.0,1.0,1.0,293.15,1.0,DRESS,0.5042125156919837,293.15,0.0,0.0
degraded_ups_3s_interruption_during_dress,NO_CONNECTION,48,0.47000000000000003,0.48,False,1.0,1.0,GRID,500.0,1.0,False,188.4999956124106,0.00020000009106273535,199999.799253419,-2.9103830456733704e-11,299999.8085666448,0.0001,293.15,5.148980308962333e-13,1.0,1.0,1.0,1.0,1.0,1.0,293.15,1.0,DRESS,0.5043017566002905,293.15,0.0,0.0
degraded_ups_3s_interruption_during_dress,NO_CONNECTION,49,0.48,0.49,False,1.0,1.0,GRID,500.0,1.0,False,188.49999583179007,0.00020000008687165102,199999.8085666448,0.0,299999.8174724169,0.0001,293.15,2.0000172308226267e-14,1.0,1.0,1.0,1.0,1.0,1.0,293.15,1.0,DRESS,0.5043909814275399,293.15,0.0,0.0
degraded_ups_3s_interruption_during_dress,NO_CONNECTION,50,0.49,0.5,False,1.0,1.0,GRID,500.0,1.0,False,188.49999604020056,0.00020000008286101702,199999.81747241694,2.9103830456733704e-11,299999.8259707354,0.0001,293.15,-9.072055335689336e-14,1.0,1.0,1.0,1.0,1.0,1.0,293.15,1.0,DRESS,0.5044801901766328,293.15,0.0,0.0
degraded_ups_3s_interruption_during_dress,NO_CONNECTION,51,0.5,0.51,False,1.0,1.0,GRID,500.0,1.0,False,188.49999623819053,0.00020000007903199724,199999.82597073537,-2.9103830456733704e-11,299999.83406160027,0.0001,293.15,1.8389975848553892e-13,1.0,1.0,1.0,1.0,1.0,1.0,293.15,1.0,DRESS,0.5045693828504697,293.15,0.0,0.0
degraded_ups_3s_interruption_during_dress,NO_CONNECTION,52,0.51,0.52,False,1.0,1.0,GRID,500.0,1.0,False,188.499996426281,0.00020000007538569712,199999.83406160027,0.0,299999.8417450115,0.0001,293.15,8.44966560370641e-13,1.0,1.0,1.0,1.0,1.0,1.0,293.15,1.0,DRESS,0.5046585594519506,293.15,0.0,0.0
degraded_ups_3s_interruption_during_dress,NO_CONNECTION,53,0.52,0.53,False,1.0,1.0,GRID,500.0,1.0,False,188.49999660496695,0.00020000007192316722,199999.84174501145,-5.820766091346741e-11,299999.8490791768,0.0001,293.15,7.002733229443173e-13,1.0,1.0,1.0,1.0,1.0,1.0,293.15,1.0,DRESS,0.5047477199839748,293.15,0.0,0.0
degraded_ups_3s_interruption_during_dress,NO_CONNECTION,54,0.53,0.54,False,1.0,1.0,GRID,500.0,1.0,False,188.4999967747186,0.00020000006861630143,199999.84907917678,0.0,299999.8560640961,0.0001,293.15,8.858671798504507e-13,1.0,1.0,1.0,1.0,1.0,1.0,293.15,1.0,DRESS,0.5048368644494413,293.15,0.0,0.0
degraded_ups_3s_interruption_during_dress,NO_CONNECTION,55,0.54,0.55,False,1.0,1.0,GRID,500.0,1.0,False,188.49999693598267,0.00020000006546604774,199999.85606409606,-2.9103830456733704e-11,299999.86281618476,0.0001,293.15,-9.838179630770095e-13,1.0,1.0,1.0,1.0,1.0,1.0,293.15,1.0,DRESS,0.5049259928512484,293.15,0.0,0.0
degraded_ups_3s_interruption_during_dress,NO_CONNECTION,56,0.55,0.56,False,1.0,1.0,GRID,500.0,1.0,False,188.49999708918352,0.00020000006241509903,199999.8628161848,2.9103830456733704e-11,299999.86921902746,0.0001,293.15,-2.512687079887533e-13,1.0,1.0,1.0,1.0,1.0,1.0,293.15,1.0,DRESS,0.505015105192294,293.15,0.0,0.0
degraded_ups_3s_interruption_during_dress,NO_CONNECTION,57,0.56,0.5700000000000001,False,1.0,1.0,GRID,500.0,1.0,False,188.49999723472433,0.0002000000595225185,199999.86921902746,0.0,299999.8752726242,0.0001,293.15,8.142716823077462e-13,1.0,1.0,1.0,1.0,1.0,1.0,293.15,1.0,DRESS,0.5051042014754753,293.15,0.0,0.0
degraded_ups_3s_interruption_during_dress,NO_CONNECTION,58,0.5700000000000001,0.58,False,1.0,1.0,GRID,500.0,1.0,False,188.4999973729881,0.00020000005678911885,199999.8752726242,0.0,299999.8810933903,0.0001,293.15,-1.7289812702207807e-13,1.0,1.0,1.0,1.0,1.0,1.0,293.15,1.0,DRESS,0.5051932817036893,293.15,0.0,0.0
degraded_ups_3s_interruption_during_dress,NO_CONNECTION,59,0.58,0.59,False,1.0,1.0,GRID,500.0,1.0,False,188.4999975043387,0.00020000005415746457,199999.88109339026,-2.9103830456733704e-11,299999.88668132573,0.0001,293.15,-9.419072553168516e-13,1.0,1.0,1.0,1.0,1.0,1.0,293.15,1.0,DRESS,0.5052823458798321,293.15,0.0,0.0
degraded_ups_3s_interruption_during_dress,NO_CONNECTION,60,0.59,0.6,False,1.0,1.0,GRID,500.0,1.0,False,188.49999762912176,0.00020000005162828914,199999.8866813257,-2.9103830456733704e-11,299999.8919200152,0.0001,293.15,8.944918807388099e-13,1.0,1.0,1.0,1.0,1.0,1.0,293.15,1.0,DRESS,0.5053713940067995,293.15,0.0,0.0
degraded_ups_3s_interruption_during_dress,NO_CONNECTION,61,0.6,0.61,False,1.0,1.0,GRID,500.0,1.0,False,188.49999774766567,0.00020000004926049706,199999.8919200152,-2.9103830456733704e-11,299999.89692587405,0.0001,293.15,6.803832519088075e-13,1.0,1.0,1.0,1.0,1.0,1.0,293.15,1.0,DRESS,0.5054604260874869,293.15,0.0,0.0
degraded_ups_3s_interruption_during_dress,NO_CONNECTION,62,0.61,0.62,False,1.0,1.0,GRID,500.0,1.0,False,188.49999786028238,0.0002000000469965426,199999.89692587405,0.0,299999.90169890225,0.0001,293.15,6.865275703612641e-13,1.0,1.0,1.0,1.0,1.0,1.0,293.15,1.0,DRESS,0.5055494421247887,293.15,0.0,0.0
degraded_ups_3s_interruption_during_dress,NO_CONNECTION,63,0.62,0.63,False,1.0,1.0,GRID,500.0,1.0,False,188.49999796726826,0.00020000004483705476,199999.90169890225,0.0,299999.9062390998,0.0001,293.15,9.13553835986573e-13,1.0,1.0,1.0,1.0,1.0,1.0,293.15,1.0,DRESS,0.5056384421215994,293.15,0.0,0.0
degraded_ups_3s_interruption_during_dress,NO_CONNECTION,64,0.63,0.64,False,1.0,1.0,GRID,500.0,1.0,False,188.49999806890486,0.00020000004278263094,199999.9062390998,0.0,299999.91060467437,0.0001,293.15,1.6880237713266105e-13,1.0,1.0,1.0,1.0,1.0,1.0,293.15,1.0,DRESS,0.5057274260808124,293.15,0.0,0.0
degraded_ups_3s_interruption_during_dress,NO_CONNECTION,65,0.64,0.65,False,1.0,1.0,GRID,500.0,1.0,False,188.4999981654596,0.00020000004080473474,199999.91060467437,0.0,299999.9147374183,0.0001,293.15,7.811470882027785e-13,1.0,1.0,1.0,1.0,1.0,1.0,293.15,1.0,DRESS,0.5058163940053211,293.15,0.0,0.0
degraded_ups_3s_interruption_during_dress,NO_CONNECTION,66,0.65,0.66,False,1.0,1.0,GRID,500.0,1.0,False,188.49999825718663,0.00020000003893300941,199999.91473741826,-2.9103830456733704e-11,299999.91869553924,0.0001,293.15,4.228209503440798e-13,1.0,1.0,1.0,1.0,1.0,1.0,293.15,1.0,DRESS,0.5059053458980178,293.15,0.0,0.0
degraded_ups_3s_interruption_during_dress,NO_CONNECTION,67,0.66,0.67,False,1.0,1.0,GRID,500.0,1.0,False,188.4999983443273,0.00020000003713886317,199999.9186955393,5.820766091346741e-11,299999.92253724486,0.0001,293.15,-9.63871665316845e-13,1.0,1.0,1.0,1.0,1.0,1.0,293.15,1.0,DRESS,0.505994281761795,293.15,0.0,0.0
degraded_ups_3s_interruption_during_dress,NO_CONNECTION,68,0.67,0.68,False,1.0,1.0,GRID,500.0,1.0,False,188.49999842711094,0.00020000003539367883,199999.92253724483,-2.9103830456733704e-11,299999.92614611983,0.0001,293.15,1.4311937540038202e-13,1.0,1.0,1.0,1.0,1.0,1.0,293.15,1.0,DRESS,0.5060832015995439,293.15,0.0,0.0
degraded_ups_3s_interruption_during_dress,NO_CONNECTION,69,0.68,0.6900000000000001,False,1.0,1.0,GRID,500.0,1.0,False,188.4999985057554,0.00020000003375612646,199999.92614611983,0.0,299999.9296385795,0.0001,293.15,-9.123563883550708e-13,1.0,1.0,1.0,1.0,1.0,1.0,293.15,1.0,DRESS,0.5061721054141558,293.15,0.0,0.0
degraded_ups_3s_interruption_during_dress,NO_CONNECTION,70,0.6900000000000001,0.7000000000000001,False,1.0,1.0,GRID,500.0,1.0,False,188.49999858046763,0.00020000003216843744,199999.9296385795,0.0,299999.9328982085,0.0001,293.15,5.267529641639284e-13,1.0,1.0,1.0,1.0,1.0,1.0,293.15,1.0,DRESS,0.5062609932085211,293.15,0.0,0.0
degraded_ups_3s_interruption_during_dress,NO_CONNECTION,71,0.7000000000000001,0.71,False,1.0,1.0,GRID,500.0,1.0,False,188.49999865144426,0.00020000003068923664,199999.93289820853,2.9103830456733704e-11,299999.9360414222,0.0001,293.15,-1.9574823912401892e-13,1.0,1.0,1.0,1.0,1.0,1.0,293.15,1.0,DRESS,0.5063498649855299,293.15,0.0,0.0
degraded_ups_3s_interruption_during_dress,NO_CONNECTION,72,0.71,0.72,False,1.0,1.0,GRID,500.0,1.0,False,188.49999871887204,0.00020000002926071284,199999.93604142216,-2.9103830456733704e-11,299999.93906822056,0.0001,293.15,-8.093647936103045e-13,1.0,1.0,1.0,1.0,1.0,1.0,293.15,1.0,DRESS,0.5064387207480716,293.15,0.0,0.0
degraded_ups_3s_interruption_during_dress,NO_CONNECTION,73,0.72,0.73,False,1.0,1.0,GRID,500.0,1.0,False,188.49999878292843,0.00020000002788324255,199999.93906822053,-2.9103830456733704e-11,299999.94192039594,0.0001,293.15,-1.2046312948890588e-13,1.0,1.0,1.0,1.0,1.0,1.0,293.15,1.0,DRESS,0.5065275604990352,293.15,0.0,0.0
degraded_ups_3s_interruption_during_dress,NO_CONNECTION,74,0.73,0.74,False,1.0,1.0,GRID,500.0,1.0,False,188.499998843782,0.00020000002658628724,199999.94192039594,0.0,299999.944656156,0.0001,293.15,-4.569920185543522e-13,1.0,1.0,1.0,1.0,1.0,1.0,293.15,1.0,DRESS,0.5066163842413092,293.15,0.0,0.0
degraded_ups_3s_interruption_during_dress,NO_CONNECTION,75,0.74,0.75,False,1.0,1.0,GRID,500.0,1.0,False,188.4999989015929,0.00020000002534108306,199999.944656156,0.0,299999.9472172931,0.0001,293.15,5.096949002181964e-13,1.0,1.0,1.0,1.0,1.0,1.0,293.15,1.0,DRESS,0.5067051919777814,293.15,0.0,0.0
degraded_ups_3s_interruption_during_dress,NO_CONNECTION,76,0.75,0.76,False,1.0,1.0,GRID,500.0,1.0,False,188.49999895651325,0.0002000000241770565,199999.94721729308,0.0,299999.94966201484,0.0001,293.15,4.5161390306667535e-13,1.0,1.0,1.0,1.0,1.0,1.0,293.15,1.0,DRESS,0.5067939837113393,293.15,0.0,0.0
degraded_ups_3s_interruption_during_dress,NO_CONNECTION,77,0.76,0.77,False,1.0,1.0,GRID,500.0,1.0,False,188.49999900868758,0.0002000000230654105,199999.9496620148,-2.9103830456733704e-11,299999.9519903213,0.0001,293.15,5.041211344853818e-13,1.0,1.0,1.0,1.0,1.0,1.0,293.15,1.0,DRESS,0.5068827594448697,293.15,0.0,0.0
degraded_ups_3s_interruption_during_dress,NO_CONNECTION,78,0.77,0.78,False,1.0,1.0,GRID,500.0,1.0,False,188.4999990582532,0.00020000002200643642,199999.95199032128,0.0,299999.9542022124,0.0001,293.15,6.675079331506026e-13,1.0,1.0,1.0,1.0,1.0,1.0,293.15,1.0,DRESS,0.506971519181259,293.15,0.0,0.0
degraded_ups_3s_interruption_during_dress,NO_CONNECTION,79,0.78,0.79,False,1.0,1.0,GRID,500.0,1.0,False,188.49999910534052,0.00020000002100041108,199999.95420221236,-2.9103830456733704e-11,299999.9562976882,0.0001,293.15,9.420511229820213e-13,1.0,1.0,1.0,1.0,1.0,1.0,293.15,1.0,DRESS,0.5070602629233931,293.15,0.0,0.0
degraded_ups_3s_interruption_during_dress,NO_CONNECTION,80,0.79,0.8,False,1.0,1.0,GRID,500.0,1.0,False,188.4999991500735,0.00020000002004759738,199999.9562976882,0.0,299999.9583349563,0.0001,293.15,1.3475658306241368e-13,1.0,1.0,1.0,1.0,1.0,1.0,293.15,1.0,DRESS,0.5071489906741572,293.15,0.0,0.0
degraded_ups_3s_interruption_during_dress,NO_CONNECTION,81,0.8,0.81,False,1.0,1.0,GRID,500.0,1.0,False,188.49999919256982,0.00020000001911914123,199999.95833495632,0.0,299999.9602558091,0.0001,293.15,5.741804552433417e-13,1.0,1.0,1.0,1.0,1.0,1.0,293.15,1.0,DRESS,0.5072377024364362,293.15,0.0,0.0
degraded_ups_3s_interruption_during_dress,NO_CONNECTION,82,0.81,0.8200000000000001,False,1.0,1.0,GRID,500.0,1.0,False,188.49999923294132,0.00020000001824438388,199999.9602558091,-2.9103830456733704e-11,299999.9621184543,0.0001,293.15,-6.774625673812506e-14,1.0,1.0,1.0,1.0,1.0,1.0,293.15,1.0,DRESS,0.5073263982131142,293.15,0.0,0.0
degraded_ups_3s_interruption_during_dress,NO_CONNECTION,83,0.8200000000000001,0.8300000000000001,False,1.0,1.0,GRID,500.0,1.0,False,188.49999927129426,0.00020000001739444692,199999.96211845425,-2.9103830456733704e-11,299999.9638646841,0.0001,293.15,5.375083163934257e-13,1.0,1.0,1.0,1.0,1.0,1.0,293.15,1.0,DRESS,0.5074150780070752,293.15,0.0,0.0
degraded_ups_3s_interruption_during_dress,NO_CONNECTION,84,0.8300000000000001,0.84,False,1.0,1.0,GRID,500.0,1.0,False,188.49999930772955,0.00020000001659864833,199999.96386468413,2.9103830456733704e-11,299999.9655527063,0.0001,293.15,6.185185447583435e-14,1.0,1.0,1.0,1.0,1.0,1.0,293.15,1.0,DRESS,0.5075037418212023,293.15,0.0,0.0
degraded_ups_3s_interruption_during_dress,NO_CONNECTION,85,0.84,0.85,False,1.0,1.0,GRID,500.0,1.0,False,188.49999934234307,0.00020000001582808776,199999.9655527063,2.9103830456733704e-11,299999.9671243131,0.0001,293.15,8.337943123480955e-13,1.0,1.0,1.0,1.0,1.0,1.0,293.15,1.0,DRESS,0.5075923896583782,293.15,0.0,0.0
degraded_ups_3s_interruption_during_dress,NO_CONNECTION,86,0.85,0.86,False,1.0,1.0,GRID,500.0,1.0,False,188.4999993752259,0.0002000000151120623,199999.96712431317,5.820766091346741e-11,299999.9686377123,0.0001,293.15,5.252224718511878e-13,1.0,1.0,1.0,1.0,1.0,1.0,293.15,1.0,DRESS,0.507681021521485,293.15,0.0,0.0
degraded_ups_3s_interruption_during_dress,NO_CONNECTION,87,0.86,0.87,False,1.0,1.0,GRID,500.0,1.0,False,188.4999994064646,0.0002000000144216518,199999.96863771227,-2.9103830456733704e-11,299999.9701511115,0.0001,293.15,-9.218876329637412e-13,1.0,1.0,1.0,1.0,1.0,1.0,293.15,1.0,DRESS,0.5077696374134045,293.15,0.0,0.0
degraded_ups_3s_interruption_during_dress,NO_CONNECTION,88,0.87,0.88,False,1.0,1.0,GRID,500.0,1.0,False,188.49999943614137,0.00020000001372792682,199999.97015111148,0.0,299999.97154809535,0.0001,293.15,1.4201895410547473e-14,1.0,1.0,1.0,1.0,1.0,1.0,293.15,1.0,DRESS,0.5078582373370178,293.15,0.0,0.0
degraded_ups_3s_interruption_during_dress,NO_CONNECTION,89,0.88,0.89,False,1.0,1.0,GRID,500.0,1.0,False,188.4999994643343,0.00020000001308926078,199999.97154809535,0.0,299999.97288687155,0.0001,293.15,-1.2969901519964527e-13,1.0,1.0,1.0,1.0,1.0,1.0,293.15,1.0,DRESS,0.5079468212952056,293.15,0.0,0.0
degraded_ups_3s_interruption_during_dress,NO_CONNECTION,90,0.89,0.9,False,1.0,1.0,GRID,500.0,1.0,False,188.4999994911176,0.00020000001247670729,199999.97288687155,0.0,299999.9741092324,0.0001,293.15,9.748734843472934e-13,1.0,1.0,1.0,1.0,1.0,1.0,293.15,1.0,DRESS,0.508035389290848,293.15,0.0,0.0
degraded_ups_3s_interruption_during_dress,NO_CONNECTION,91,0.9,0.91,False,1.0,1.0,GRID,500.0,1.0,False,188.4999995165617,0.0002000000119195197,199999.9741092324,-2.9103830456733704e-11,299999.97527338564,0.0001,293.15,9.99762496097302e-13,1.0,1.0,1.0,1.0,1.0,1.0,293.15,1.0,DRESS,0.5081239413268245,293.15,0.0,0.0
degraded_ups_3s_interruption_during_dress,NO_CONNECTION,92,0.91,0.92,False,1.0,1.0,GRID,500.0,1.0,False,188.49999954073363,0.0002000000113887363,199999.97527338567,2.9103830456733704e-11,299999.97643753886,0.0001,293.15,-1.1309751149924653e-13,1.0,1.0,1.0,1.0,1.0,1.0,293.15,1.0,DRESS,0.5082124774060142,293.15,0.0,0.0
degraded_ups_3s_interruption_during_dress,NO_CONNECTION,93,0.92,0.93,False,1.0,1.0,GRID,500.0,1.0,False,188.49999956369695,0.00020000001085538824,199999.97643753886,0.0,299999.9775434844,0.0001,293.15,-3.526511873318287e-14,1.0,1.0,1.0,1.0,1.0,1.0,293.15,1.0,DRESS,0.5083009975312957,293.15,0.0,0.0
degraded_ups_3s_interruption_during_dress,NO_CONNECTION,94,0.93,0.9400000000000001,False,1.0,1.0,GRID,500.0,1.0,False,188.49999958551209,0.00020000001034870758,199999.9775434844,-2.9103830456733704e-11,299999.9785912223,0.0001,293.15,9.833848470773643e-14,1.0,1.0,1.0,1.0,1.0,1.0,293.15,1.0,DRESS,0.5083895017055469,293.15,0.0,0.0
degraded_ups_3s_interruption_during_dress,NO_CONNECTION,95,0.9400000000000001,0.9500000000000001,False,1.0,1.0,GRID,500.0,1.0,False,188.49999960623649,0.00020000000986881614,199999.97859122232,0.0,299999.97958075255,0.0001,293.15,2.8783514959516834e-13,1.0,1.0,1.0,1.0,1.0,1.0,293.15,1.0,DRESS,0.5084779899316454,293.15,0.0,0.0
degraded_ups_3s_interruption_during_dress,NO_CONNECTION,96,0.9500000000000001,0.96,False,1.0,1.0,GRID,500.0,1.0,False,188.49999962592466,0.00020000000941582967,199999.97958075258,2.9103830456733704e-11,299999.9805120751,0.0001,293.15,5.333406145110322e-13,1.0,1.0,1.0,1.0,1.0,1.0,293.15,1.0,DRESS,0.5085664622124683,293.15,0.0,0.0
degraded_ups_3s_interruption_during_dress,NO_CONNECTION,97,0.96,0.97,False,1.0,1.0,GRID,500.0,1.0,False,188.49999964462842,0.00020000000898985808,199999.9805120751,-2.9103830456733704e-11,299999.9814433977,0.0001,293.15,-3.5829227659853924e-13,1.0,1.0,1.0,1.0,1.0,1.0,293.15,1.0,DRESS,0.5086549185508918,293.15,0.0,0.0
degraded_ups_3s_interruption_during_dress,NO_CONNECTION,98,0.97,0.98,False,1.0,1.0,GRID,500.0,1.0,False,188.499999662397,0.00020000000856190198,199999.98144339767,-2.9103830456733704e-11,299999.9823165126,0.0001,293.15,-5.865259721047419e-14,1.0,1.0,1.0,1.0,1.0,1.0,293.15,1.0,DRESS,0.5087433589497922,293.15,0.0,0.0
degraded_ups_3s_interruption_during_dress,NO_CONNECTION,99,0.98,0.99,False,1.0,1.0,GRID,500.0,1.0,False,188.49999967927715,0.00020000000816116457,199999.9823165126,0.0,299999.9831896275,0.0001,293.15,-8.959474709444714e-13,1.0,1.0,1.0,1.0,1.0,1.0,293.15,1.0,DRESS,0.5088317834120446,293.15,0.0,0.0
degraded_ups_3s_interruption_during_dress,NO_CONNECTION,100,0.99,1.0,False,1.0,1.0,GRID,500.0,1.0,False,188.4999996953133,0.00020000000775863608,199999.98318962753,0.0,299999.9840045348,0.0001,293.15,-5.417763660657911e-13,1.0,1.0,1.0,1.0,1.0,1.0,293.15,1.0,DRESS,0.5089201919405241,293.15,0.0,0.0
degraded_ups_3s_interruption_during_dress,NO_CONNECTION,101,1.0,1.01,True,0.0,0.96,TRANSFER,473.6842105263158,1.0,False,188.49999971054763,0.00020000000738350994,199999.98400453478,0.0,299999.9847612344,0.0001,293.15,-1.3109909696457835e-13,1.0,1.0,1.0,1.0,1.0,1.0,293.15,1.0,DRESS,0.5090085845381049,293.15,0.0,0.0
degraded_ups_3s_interruption_during_dress,NO_CONNECTION,102,1.01,1.02,True,0.0,0.9279999999999999,TRANSFER,447.36842105263156,1.0,False,188.49999972502025,0.00020000000703587127,199999.98476123434,-2.9103830456733704e-11,299999.98551793396,0.0001,293.15,-8.570875530567601e-13,1.0,1.0,1.0,1.0,1.0,1.0,293.15,1.0,DRESS,0.5090969612076611,293.15,0.0,0.0
degraded_ups_3s_interruption_during_dress,NO_CONNECTION,103,1.02,1.03,True,0.0,0.9024,TRANSFER,421.05263157894734,1.0,False,188.49999973876925,0.00020000000668669708,199999.98551793396,0.0,299999.9862164259,0.0001,293.15,-3.91354497636735e-13,1.0,1.0,1.0,1.0,1.0,1.0,293.15,1.0,DRESS,0.509185321952066,293.15,0.0,0.0
degraded_ups_3s_interruption_during_dress,NO_CONNECTION,104,1.03,1.04,True,0.0,0.88192,TRANSFER,394.7368421052631,0.9548000000000001,False,188.0739897518308,0.000199094980234418,199999.98621642592,2.9103830456733704e-11,299955.83925629035,0.0001,293.15,-1.9101619045708865e-13,1.0,1.0,1.0,1.0,1.0,1.0,293.15,1.0,DRESS,0.5092736667741924,293.15,0.0,0.0
degraded_ups_3s_interruption_during_dress,NO_CONNECTION,105,1.04,1.05,True,0.0,0.8655360000000001,TRANSFER,368.4210526315789,0.9138400000000002,False,187.28323226423925,0.0001974319257666258,199955.83925629038,2.9103830456733704e-11,299831.64442237467,0.0001,293.15,2.337520766345128e-13,1.0,1.0,1.0,1.0,1.0,1.0,293.15,1.0,DRESS,0.5093619956769125,293.15,0.0,0.0
degraded_ups_3s_interruption_during_dress,NO_CONNECTION,106,1.05,1.06,True,0.0,0.8924288,BATTERY,342.1052631578947,0.981072,False,187.16567425102727,0.00019724374643984813,199831.64442237464,-2.9103830456733704e-11,299701.2993087992,0.0001,293.15,-9.430423018108927e-13,1.0,1.0,1.0,1.0,1.0,1.0,293.15,1.0,DRESS,0.5094503086630984,293.15,0.0,0.0
degraded_ups_3s_interruption_during_dress,NO_CONNECTION,107,1.06,1.07,True,0.0,0.91394304,BATTERY,315.78947368421046,1.0,False,187.2323905384759,0.00019745228007011473,199701.29930879924,2.9103830456733704e-11,299584.30563565344,0.0001,293.15,7.152034244380838e-13,1.0,1.0,1.0,1.0,1.0,1.0,293.15,1.0,DRESS,0.509538605735621,293.15,0.0,0.0
degraded_ups_3s_interruption_during_dress,NO_CONNECTION,108,1.07,1.08,True,0.0,0.931154432,BATTERY,289.47368421052624,1.0,False,187.2957710115521,0.00019764677244566738,199584.3056356534,-2.9103830456733704e-11,299479.6529179439,0.0001,293.15,3.4088624672386236e-13,1.0,1.0,1.0,1.0,1.0,1.0,293.15,1.0,DRESS,0.5096268868973514,293.15,0.0,0.0
degraded_ups_3s_interruption_during_dress,NO_CONNECTION,109,1.08,1.09,True,0.0,0.9449235456,BATTERY,263.157894736842,1.0,False,187.35598246097447,0.00019782812419917158,199479.6529179439,0.0,299386.39912288636,0.0001,293.15,5.388790944606248e-13,1.0,1.0,1.0,1.0,1.0,1.0,293.15,1.0,DRESS,0.5097151521511596,293.15,0.0,0.0
degraded_ups_3s_interruption_during_dress,NO_CONNECTION,110,1.09,1.1,True,0.0,0.95593883648,BATTERY,236.8421052631578,1.0,False,187.41318333792574,0.00019799717839048567,199386.39912288636,0.0,299303.66636253893,0.0001,293.15,4.16164715112444e-13,1.0,1.0,1.0,1.0,1.0,1.0,293.15,1.0,DRESS,0.5098034014999154,293.15,0.0,0.0
degraded_ups_3s_interruption_during_dress,NO_CONNECTION,111,1.1,1.11,True,0.0,0.964751069184,BATTERY,210.52631578947359,1.0,False,187.46752417102945,0.00019815472429016945,199303.66636253893,0.0,299230.63670285046,0.0001,293.15,-8.674863291234064e-13,1.0,1.0,1.0,1.0,1.0,1.0,293.15,1.0,DRESS,0.509891634946488,293.15,0.0,0.0
degraded_ups_3s_interruption_during_dress,NO_CONNECTION,112,1.11,1.12,True,0.0,0.9718008553472,BATTERY,184.21052631578937,1.0,False,187.51914796247797,0.00019830150096443103,199230.63670285046,0.0,299166.54808912426,0.0001,293.15,-8.056071369726039e-13,1.0,1.0,1.0,1.0,1.0,1.0,293.15,1.0,DRESS,0.5099798524937462,293.15,0.0,0.0
degraded_ups_3s_interruption_during_dress,NO_CONNECTION,113,1.12,1.1300000000000001,True,0.0,0.97744068427776,BATTERY,157.89473684210515,1.0,False,187.56819056435407,0.00019843820067587075,199166.54808912426,0.0,299110.6908535585,0.0001,293.15,-3.959286232405718e-14,1.0,1.0,1.0,1.0,1.0,1.0,293.15,1.0,DRESS,0.510068054144558,293.15,0.0,0.0
degraded_ups_3s_interruption_during_dress,NO_CONNECTION,114,1.1300000000000001,1.1400000000000001,True,0.0,0.9819525474222079,BATTERY,131.57894736842093,1.0,False,187.61478103613638,0.00019856547187824397,199110.69085355848,0.0,299062.40433920175,0.0001,293.15,-4.2222692949242654e-15,1.0,1.0,1.0,1.0,1.0,1.0,293.15,1.0,DRESS,0.5101562399017912,293.15,0.0,0.0
degraded_ups_3s_interruption_during_dress,NO_CONNECTION,115,1.1400000000000001,1.1500000000000001,True,0.0,0.9855620379377663,BATTERY,105.26315789473671,1.0,False,187.65904198432955,0.00019868392205189944,199062.40433920172,-2.9103830456733704e-11,299021.0736403242,0.0001,293.15,-7.907111851748828e-13,1.0,1.0,1.0,1.0,1.0,1.0,293.15,1.0,DRESS,0.5102444097683128,293.15,0.0,0.0
degraded_ups_3s_interruption_during_dress,NO_CONNECTION,116,1.1500000000000001,1.16,True,0.0,0.988449630350213,BATTERY,78.94736842105249,1.0,False,187.70108988511308,0.00019879412038973341,199021.07364032418,0.0,298986.12645920366,0.0001,293.15,7.825418774475086e-13,1.0,1.0,1.0,1.0,1.0,1.0,293.15,1.0,DRESS,0.5103325637469894,293.15,0.0,0.0
degraded_ups_3s_interruption_during_dress,NO_CONNECTION,117,1.16,1.17,True,0.0,0.9907597042801705,BATTERY,52.631578947368276,1.0,False,187.74103539085743,0.00019889660034242516,198986.12645920366,0.0,298957.03066140413,0.0001,293.15,9.677136484593642e-13,1.0,1.0,1.0,1.0,1.0,1.0,293.15,1.0,DRESS,0.5104207018406873,293.15,0.0,0.0
degraded_ups_3s_interruption_during_dress,NO_CONNECTION,118,1.17,1.18,True,0.0,0.9926077634241364,BATTERY,26.315789473684063,1.0,False,187.77898362131455,0.00019899186173826097,198957.03066140413,0.0,298933.2914818078,0.0001,293.15,-4.1071685547611043e-13,1.0,1.0,1.0,1.0,1.0,1.0,293.15,1.0,DRESS,0.5105088240522719,293.15,0.0,0.0
degraded_ups_3s_interruption_during_dress,NO_CONNECTION,119,1.18,1.19,True,0.0,0.9940862107393091,BATTERY,0.0,1.0,False,187.81503444024884,0.0001990803730117268,198933.29148180783,0.0,298914.44890527055,0.0001,293.15,8.983715411307918e-14,1.0,1.0,1.0,1.0,1.0,1.0,293.15,1.0,DRESS,0.5105969303846083,293.15,0.0,0.0
degraded_ups_3s_interruption_during_dress,NO_CONNECTION,120,1.19,1.2,True,0.0,0.7952689685914474,BYPASS,0.0,0.7381724214786184,False,185.38155779067236,0.00019388669759684102,198914.44890527055,0.0,298642.71592814475,0.0001,293.15,-8.24715484943337e-13,1.0,1.0,1.0,1.0,1.0,1.0,293.15,1.0,DRESS,0.510685020840561,293.15,0.0,0.0
degraded_ups_3s_interruption_during_dress,NO_CONNECTION,121,1.2,1.21,True,0.0,0.6362151748731579,BYPASS,0.0,0.3405379371828948,False,179.32204995908754,0.0001807506761518005,198642.71592814475,0.0,297736.82905361056,0.0001,293.15,-8.843209842244841e-13,1.0,1.0,1.0,1.0,1.0,1.0,293.15,1.0,DRESS,0.5107730954229941,293.15,0.0,0.0
degraded_ups_3s_interruption_during_dress,NO_CONNECTION,122,1.21,1.22,True,0.0,0.5089721398985263,BYPASS,0.0,0.022430349746315748,False,170.5673535074922,0.00016110654498760498,197736.82905361056,0.0,295894.78662237525,0.0001,293.15,3.0112361443321994e-13,1.0,1.0,1.0,1.0,1.0,1.0,293.15,1.0,DRESS,0.5108611541347712,293.15,0.0,0.0
degraded_ups_3s_interruption_during_dress,NO_CONNECTION,123,1.22,1.23,True,0.0,0.407177711918821,BYPASS,0.0,0.0,True,162.0389858321176,0.0001411992052769956,195894.78662237525,0.0,293126.58230774105,0.0001,293.15,4.1580915143349384e-13,1.0,1.0,1.0,1.0,1.0,1.0,293.15,1.0,DRESS,0.5109491969787551,293.15,0.0,0.0
degraded_ups_3s_interruption_during_dress,NO_CONNECTION,124,1.23,1.24,True,0.0,0.3257421695350568,BYPASS,0.0,0.0,True,153.9370365405117,0.00012135497343120018,193126.58230774105,0.0,289457.8838837333,0.0001,293.15,-3.051160398555991e-14,1.0,1.0,1.0,1.0,1.0,1.0,293.15,1.0,DRESS,0.5110372239578084,293.15,0.0,0.0
degraded_ups_3s_interruption_during_dress,NO_CONNECTION,125,1.24,1.25,True,0.0,0.26059373562804544,BYPASS,0.0,0.0,True,146.24018471348612,0.0001012863047138179,189457.8838837333,0.0,284899.70645168796,0.0001,293.15,1.2888073854661064e-13,0.9990448233494094,1.0,0.9990448233494094,1.0,1.0,1.0,293.15,1.0,DRESS,0.511125235074793,293.15,0.0,0.0
degraded_ups_3s_interruption_during_dress,NO_CONNECTION,126,1.25,1.26,True,0.0,0.20847498850243634,BYPASS,0.0,0.0,True,138.9281754778118,8.047284019969127e-05,184899.70645168796,0.0,279437.4131131917,0.0001,293.15,4.130201633175193e-13,0.9470229820303976,1.0,0.9470229820303976,1.0,1.0,1.0,293.15,1.0,DRESS,0.5112132303325704,293.15,0.0,0.0
degraded_ups_3s_interruption_during_dress,NO_CONNECTION,127,1.26,1.27,True,0.0,0.16677999080194908,BYPASS,0.0,0.0,True,131.9817667039212,5.771823191800308e-05,179437.41311319172,0.0,272998.3655968681,0.0001,293.15,-5.539584633021399e-13,0.8856987199701726,1.0,0.8856987199701726,1.0,1.0,1.0,293.15,1.0,DRESS,0.5113012097340014,293.15,0.0,0.0
degraded_ups_3s_interruption_during_dress,NO_CONNECTION,128,1.27,1.28,True,0.0,0.13342399264155927,BYPASS,0.0,0.0,True,125.38267836872515,2.820218607596217e-05,172998.3655968681,0.0,265276.5608741902,0.0001,293.15,9.242538917368648e-14,0.8121577226113352,1.0,0.8121577226113352,1.0,1.0,1.0,293.15,1.0,DRESS,0.5113891732819466,293.15,0.0,0.0
degraded_ups_3s_interruption_during_dress,NO_CONNECTION,129,1.28,1.29,True,0.0,0.10673919411324742,BYPASS,0.0,0.0,True,119.1135444502889,0.0,159720.10184000115,0.0,256367.37644672394,0.0001,293.15,3.259628894927702e-13,0.7273083471116568,1.0,0.7273083471116568,1.0,1.0,1.0,293.15,1.0,DRESS,0.5114771209792657,293.15,0.0,0.0
degraded_ups_3s_interruption_during_dress,NO_CONNECTION,130,1.29,1.3,True,0.0,0.08539135529059794,BYPASS,0.0,0.0,True,113.15786722777446,0.0,144147.39191060103,0.0,247675.4891918972,0.0001,293.15,5.005858737510555e-13,0.6445284684942594,1.0,0.6445284684942594,1.0,1.0,1.0,293.15,1.0,DRESS,0.5115650528288181,293.15,0.0,0.0
degraded_ups_3s_interruption_during_dress,NO_CONNECTION,131,1.3,1.31,True,0.0,0.06831308423247835,BYPASS,0.0,0.0,True,107.49997386638574,0.0,130093.02119931747,0.0,239195.59924397618,0.0001,293.15,-6.635673456024949e-13,0.5637676118473922,1.0,0.5637676118473922,1.0,1.0,1.0,293.15,1.0,DRESS,0.5116529688334629,293.15,0.0,0.0
degraded_ups_3s_interruption_during_dress,NO_CONNECTION,132,1.31,1.32,True,0.0,0.054650467385982684,BYPASS,0.0,0.0,True,102.12497517306646,0.0,117408.951632384,0.0,230922.5358418189,0.0001,293.15,1.2223607000726167e-13,0.48497653182684686,1.0,0.48497653182684686,1.0,1.0,1.0,293.15,1.0,DRESS,0.5117408689960582,293.15,0.0,0.0
degraded_ups_3s_interruption_during_dress,NO_CONNECTION,133,1.32,1.33,True,0.0,0.04372037390878615,BYPASS,0.0,0.0,True,97.01872641441314,0.0,105961.57884822656,0.0,222851.25447669998,0.0001,293.15,6.402842665786945e-14,0.40810718549238095,1.0,0.40810718549238095,1.0,1.0,1.0,293.15,1.0,DRESS,0.5118287533194619,293.15,0.0,0.0
degraded_ups_3s_interruption_during_dress,NO_CONNECTION,134,1.33,1.34,True,0.0,0.03497629912702892,BYPASS,0.0,0.0,True,92.16779009369247,0.0,95630.32491052446,0.0,214976.83363268152,0.0001,293.15,6.402842665786945e-14,0.3331127012636337,1.0,0.3331127012636337,1.0,1.0,1.0,293.15,1.0,DRESS,0.5119166218065313,293.15,0.0,0.0
degraded_ups_3s_interruption_during_dress,NO_CONNECTION,135,1.34,1.35,True,0.0,0.027981039301623135,BYPASS,0.0,0.0,True,87.55940058900785,0.0,86306.36823174832,0.0,207294.47181802243,0.0001,293.15,3.841705599472167e-13,0.25994735064783275,1.0,0.25994735064783275,1.0,1.0,1.0,293.15,1.0,DRESS,0.5120044744601232,293.15,0.0,0.0
degraded_ups_3s_interruption_during_dress,NO_CONNECTION,136,1.35,1.36,True,0.0,0.02238483144129851,BYPASS,0.0,0.0,True,83.18143055955746,0.0,77891.49732915286,0.0,199808.81097726524,9.980881097726525e-05,293.15,3.492459414115162e-13,0.1886553426406214,1.0,0.1886553426406214,1.0,1.0,1.0,293.15,1.0,DRESS,0.512092311283094,293.15,0.0,0.0
degraded_ups_3s_interruption_during_dress,NO_CONNECTION,137,1.36,1.37,True,0.0,0.017907865153038806,BYPASS,0.0,0.0,True,79.02235903157958,0.0,70297.07633956046,0.0,192845.40556836873,9.284540556836873e-05,293.15,-1.7462298425828526e-13,0.1223371958892261,0.9521201237415275,0.1223371958892261,1.0,1.0,1.0,293.15,1.0,DRESS,0.5121801322782992,293.15,0.0,0.0
degraded_ups_3s_interruption_during_dress,NO_CONNECTION,138,1.37,1.3800000000000001,True,0.0,0.014326292122431045,BYPASS,0.0,0.0,True,75.0712410800006,0.0,63443.111396453314,0.0,186367.81910900027,8.636781910900027e-05,293.15,5.238689527748558e-13,0.06064589627619307,0.8081737579777838,0.06064589627619307,1.0,1.0,1.0,293.15,1.0,DRESS,0.5122679374485942,293.15,0.0,0.0
degraded_ups_3s_interruption_during_dress,NO_CONNECTION,139,1.3800000000000001,1.3900000000000001,True,0.0,0.011461033697944836,BYPASS,0.0,0.0,True,71.31767902600058,0.0,57257.408035299115,0.0,180342.15727820992,8.034215727820993e-05,293.15,6.984919370331411e-13,0.003258640744856489,0.6742701617379984,0.003258640744856489,1.0,1.0,1.0,293.15,1.0,DRESS,0.5123557267968338,293.15,0.0,0.0
degraded_ups_3s_interruption_during_dress,NO_CONNECTION,140,1.3900000000000001,1.4000000000000001,True,0.0,0.009168826958355868,BYPASS,0.0,0.0,True,67.75179507470055,0.0,51674.81075185746,0.0,174736.89049948007,7.473689049948007e-05,293.15,-1.7462298425828526e-13,0.0,0.5497086777662238,0.0,1.0,1.0,1.0,293.15,1.0,DRESS,0.5124435003258722,293.15,0.0,0.0
degraded_ups_3s_interruption_during_dress,NO_CONNECTION,141,1.4000000000000001,1.41,True,0.0,0.007335061566684694,BYPASS,0.0,0.0,True,64.36420532096552,0.0,46636.51670355136,0.0,169522.68886379898,6.952268886379897e-05,293.15,-5.82076596124248e-13,0.0,0.4338375303066437,0.0,1.0,1.0,1.0,293.15,1.0,DRESS,0.5125312580385629,293.15,0.0,0.0
degraded_ups_3s_interruption_during_dress,NO_CONNECTION,142,1.41,1.42,True,0.0,0.005868049253347755,BYPASS,0.0,0.0,True,61.14599505491725,0.0,42089.4563249551,0.0,164672.26869426668,6.467226869426667e-05,293.15,3.4924596851657053e-13,0.0,0.32605041542814817,0.0,1.0,1.0,1.0,293.15,1.0,DRESS,0.5126189999377593,293.15,0.0,0.0
degraded_ups_3s_interruption_during_dress,NO_CONNECTION,143,1.42,1.43,True,0.0,0.004694439402678204,BYPASS,0.0,0.0,True,58.08869530217139,0.0,37985.734333271976,0.0,160160.24993732572,6.016024993732572e-05,293.15,2.3283064116020463e-13,0.0,0.22578333194057149,0.0,1.0,1.0,1.0,293.15,1.0,DRESS,0.512706726026314,293.15,0.0,0.0
degraded_ups_3s_interruption_during_dress,NO_CONNECTION,144,1.43,1.44,True,0.0,0.0037555515221425633,BYPASS,0.0,0.0,True,55.18426053706282,0.0,34282.12523577796,0.0,155963.02321646363,5.596302321646362e-05,293.15,-4.0745361186596274e-13,0.0,0.13251162703252478,0.0,1.0,1.0,1.0,293.15,1.0,DRESS,0.5127944363070791,293.15,0.0,0.0
degraded_ups_3s_interruption_during_dress,NO_CONNECTION,145,1.44,1.45,True,0.0,0.003004441217714051,BYPASS,0.0,0.0,True,52.42504751020968,0.0,30939.618025289616,0.0,152058.6262573488,5.2058626257348804e-05,293.15,-2.0372680593298137e-13,0.0,0.045747250163306795,0.0,1.0,1.0,1.0,293.15,1.0,DRESS,0.5128821307829063,293.15,0.0,0.0
degraded_ups_3s_interruption_during_dress,NO_CONNECTION,146,1.45,1.46,True,0.0,0.002403552974171241,BYPASS,0.0,0.0,True,49.80379513469919,0.0,27923.005267823875,0.0,148426.62904411554,4.8426629044115543e-05,293.15,6.984919234806139e-13,0.0,0.0,0.0,1.0,1.0,1.0,293.15,1.0,DRESS,0.5129698094566467,293.15,0.0,0.0
degraded_ups_3s_interruption_during_dress,NO_CONNECTION,147,1.46,1.47,True,0.0,0.0019228423793369927,BYPASS,0.0,0.0,True,47.31360537796424,0.0,25200.512254211048,0.0,145048.02700830624,4.5048027008306236e-05,293.15,2.0372681948550853e-13,0.0,0.0,0.0,1.0,1.0,1.0,293.15,1.0,DRESS,0.513057472331151,293.15,0.0,0.0
degraded_ups_3s_interruption_during_dress,NO_CONNECTION,148,1.47,1.48,True,0.0,0.0015382739034695942,BYPASS,0.0,0.0,True,44.94792510906603,0.0,22743.46230942547,0.0,141905.14143556356,4.1905141435563564e-05,293.15,-6.984919234806139e-13,0.0,0.0,0.0,1.0,1.0,1.0,293.15,1.0,DRESS,0.5131451194092691,293.15,0.0,0.0
degraded_ups_3s_interruption_during_dress,NO_CONNECTION,149,1.48,1.49,True,0.0,0.0012306191227756753,BYPASS,0.0,0.0,True,42.700528853612724,0.0,20525.974734256484,0.0,138981.52691544965,3.898152691544965e-05,293.15,2.9103828450959685e-14,0.0,0.0,0.0,1.0,1.0,1.0,293.15,1.0,DRESS,0.5132327506938508,293.15,0.0,0.0
degraded_ups_3s_interruption_during_dress,NO_CONNECTION,150,1.49,1.5,True,0.0,0.0009844952982205402,BYPASS,0.0,0.0,True,40.56550241093209,0.0,18524.692197666485,0.0,136261.88554335386,3.626188554335385e-05,293.15,-8.731149077388992e-13,0.0,0.0,0.0,1.0,1.0,1.0,293.15,1.0,DRESS,0.513320366187745,293.15,0.0,0.0
degraded_ups_3s_interruption_during_dress,NO_CONNECTION,151,1.5,1.51,True,0.0,0.0007875962385764322,BYPASS,0.0,0.0,True,38.53722729038549,0.0,16718.534708394003,0.0,133731.98653571308,3.373198653571308e-05,293.15,3.4924596174030695e-13,0.0,0.0,0.0,1.0,1.0,1.0,293.15,1.0,DRESS,0.5134079658938003,293.15,0.0,0.0
degraded_ups_3s_interruption_during_dress,NO_CONNECTION,152,1.51,1.52,True,0.0,0.0006300769908611458,BYPASS,0.0,0.0,True,36.61036592586621,0.0,15088.477574325585,0.0,131378.5921316594,3.137859213165939e-05,293.15,-1.1641532058010232e-13,0.0,0.0,0.0,1.0,1.0,1.0,293.15,1.0,DRESS,0.5134955498148648,293.15,0.0,0.0
degraded_ups_3s_interruption_during_dress,NO_CONNECTION,153,1.52,1.53,True,0.0,0.0005040615926889166,BYPASS,0.0,0.0,True,34.7798476295729,0.0,13617.351010828841,0.0,129189.38803486526,2.918938803486526e-05,293.15,-1.1641532058010232e-13,0.0,0.0,0.0,1.0,1.0,1.0,293.15,1.0,DRESS,0.513583117953786,293.15,0.0,0.0
degraded_ups_3s_interruption_during_dress,NO_CONNECTION,154,1.53,1.54,True,0.0,0.0004032492741511333,BYPASS,0.0,0.0,True,33.04085524809425,0.0,12289.659287273027,0.0,127152.91909407824,2.7152919094078243e-05,293.15,1.7462298425828526e-13,0.0,0.0,0.0,1.0,1.0,1.0,293.15,1.0,DRESS,0.5136706703134108,293.15,0.0,0.0
degraded_ups_3s_interruption_during_dress,NO_CONNECTION,155,1.54,1.55,True,0.0,0.00032259941932090663,BYPASS,0.0,0.0,True,31.38881248568954,0.0,11091.41750676391,0.0,125258.52934923023,2.525852934923023e-05,293.15,8.731149145151627e-13,0.0,0.0,0.0,1.0,1.0,1.0,293.15,1.0,DRESS,0.5137582068965859,293.15,0.0,0.0
degraded_ups_3s_interruption_during_dress,NO_CONNECTION,156,1.55,1.56,True,0.0,0.0002580795354567253,BYPASS,0.0,0.0,True,29.819371861405063,0.0,10010.004299854427,0.0,123496.30638491362,2.3496306384913622e-05,293.15,-2.91038298062124e-13,0.0,0.0,0.0,1.0,1.0,1.0,293.15,1.0,DRESS,0.5138457277061571,293.15,0.0,0.0
degraded_ups_3s_interruption_during_dress,NO_CONNECTION,157,1.56,1.57,True,0.0,0.00020646362836538026,BYPASS,0.0,0.0,True,28.32840326833481,0.0,9034.02888061862,0.0,121857.02917631716,2.1857029176317155e-05,293.15,4.074536254184899e-13,0.0,0.0,0.0,1.0,1.0,1.0,293.15,1.0,DRESS,0.5139332327449699,293.15,0.0,0.0
degraded_ups_3s_interruption_during_dress,NO_CONNECTION,158,1.57,1.58,True,0.0,0.0001651709026923042,BYPASS,0.0,0.0,True,26.911983104918068,0.0,8153.211064758303,0.0,120332.1201261133,2.0332120126113295e-05,293.15,8.149072542251116e-13,0.0,0.0,0.0,1.0,1.0,1.0,293.15,1.0,DRESS,0.5140207220158693,293.15,0.0,0.0
degraded_ups_3s_interruption_during_dress,NO_CONNECTION,159,1.58,1.59,True,0.0,0.00013213672215384335,BYPASS,0.0,0.0,True,25.566383949672165,0.0,7358.27298594437,0.0,118913.60012814403,1.8913600128144025e-05,293.15,-2.3283064116020463e-13,0.0,0.0,0.0,1.0,1.0,1.0,293.15,1.0,DRESS,0.5141081955216997,293.15,0.0,0.0
degraded_ups_3s_interruption_during_dress,NO_CONNECTION,160,1.59,1.6,True,0.0,0.00010570937772307469,BYPASS,0.0,0.0,True,24.288064752188557,0.0,6640.841369814792,0.0,117594.04665790498,1.759404665790498e-05,293.15,-5.820766096767752e-13,0.0,0.0,0.0,1.0,1.0,1.0,293.15,1.0,DRESS,0.514195653265305,293.15,0.0,0.0
degraded_ups_3s_interruption_during_dress,NO_CONNECTION,161,1.6,1.61,True,0.0,8.456750217845975e-05,BYPASS,0.0,0.0,True,23.07366151457913,0.0,5993.359336257851,0.0,116366.55500624329,1.6366555006243287e-05,293.15,5.23868949386724e-13,0.0,0.0,0.0,1.0,1.0,1.0,293.15,1.0,DRESS,0.5142830952495288,293.15,0.0,0.0
degraded_ups_3s_interruption_during_dress,NO_CONNECTION,162,1.61,1.62,True,0.0,6.76540017427678e-05,BYPASS,0.0,0.0,True,21.919978438850173,0.0,5409.006800972711,0.0,115224.70230702311,1.5224702307023108e-05,293.15,5.23868949386724e-13,0.0,0.0,0.0,1.0,1.0,1.0,293.15,1.0,DRESS,0.5143705214772137,293.15,0.0,0.0
degraded_ups_3s_interruption_during_dress,NO_CONNECTION,163,1.62,1.6300000000000001,True,0.0,5.4123201394214236e-05,BYPASS,0.0,0.0,True,20.823979516907663,0.0,4881.628637877871,0.0,114162.51377668232,1.4162513776682317e-05,293.15,-5.820766029005116e-14,0.0,0.0,0.0,1.0,1.0,1.0,293.15,1.0,DRESS,0.5144579319512024,293.15,0.0,0.0
degraded_ups_3s_interruption_during_dress,NO_CONNECTION,164,1.6300000000000001,1.6400000000000001,True,0.0,4.329856111537139e-05,BYPASS,0.0,0.0,True,19.78278054106228,0.0,4405.669845684777,0.0,113174.43139851093,1.3174431398510933e-05,293.15,4.656612890966728e-13,0.0,0.0,0.0,1.0,1.0,1.0,293.15,1.0,DRESS,0.5145453266743365,293.15,0.0,0.0
degraded_ups_3s_interruption_during_dress,NO_CONNECTION,165,1.6400000000000001,1.6500000000000001,True,0.0,3.463884889229711e-05,BYPASS,0.0,0.0,True,18.793641514009167,0.0,3976.1170357305123,0.0,112255.2850516513,1.2255285051651298e-05,293.15,-6.402842665786945e-13,0.0,0.0,0.0,1.0,1.0,1.0,293.15,1.0,DRESS,0.5146327056494574,293.15,0.0,0.0
degraded_ups_3s_interruption_during_dress,NO_CONNECTION,166,1.6500000000000001,1.6600000000000001,True,0.0,2.7711079113837686e-05,BYPASS,0.0,0.0,True,17.85395943830871,0.0,3588.4456247467874,0.0,111400.26515349746,1.1400265153497458e-05,293.15,2.328306445483364e-13,0.0,0.0,0.0,1.0,1.0,1.0,293.15,1.0,DRESS,0.514720068879406,293.15,0.0,0.0
degraded_ups_3s_interruption_during_dress,NO_CONNECTION,167,1.6600000000000001,1.67,True,0.0,2.216886329107015e-05,BYPASS,0.0,0.0,True,16.961261466393275,0.0,3238.5721763339766,0.0,110604.8978632316,1.06048978632316e-05,293.15,-9.89530235095265e-13,0.0,0.0,0.0,1.0,1.0,1.0,293.15,1.0,DRESS,0.5148074163670228,293.15,0.0,0.0
degraded_ups_3s_interruption_during_dress,NO_CONNECTION,168,1.67,1.68,True,0.0,1.7735090632856118e-05,BYPASS,0.0,0.0,True,16.11319839307361,0.0,2922.811389141413,0.0,109865.02127489075,9.86502127489075e-06,293.15,-1.455191507251279e-13,0.0,0.0,0.0,1.0,1.0,1.0,293.15,1.0,DRESS,0.5148947481151473,293.15,0.0,0.0
degraded_ups_3s_interruption_during_dress,NO_CONNECTION,169,1.68,1.69,True,0.0,1.4188072506284895e-05,BYPASS,0.0,0.0,True,15.30753847341993,0.0,2637.837278700126,0.0,109176.7639387399,9.176763938739895e-06,293.15,8.149072542251116e-13,0.0,0.0,0.0,1.0,1.0,1.0,293.15,1.0,DRESS,0.5149820641266191,293.15,0.0,0.0
degraded_ups_3s_interruption_during_dress,NO_CONNECTION,170,1.69,1.7,True,0.0,1.1350458005027916e-05,BYPASS,0.0,0.0,True,14.542161549748933,0.0,2380.648144026863,0.0,108536.52460500598,8.536524605005979e-06,293.15,-2.3283064285427053e-13,0.0,0.0,0.0,1.0,1.0,1.0,293.15,1.0,DRESS,0.5150693644042768,293.15,0.0,0.0
degraded_ups_3s_interruption_during_dress,NO_CONNECTION,171,1.7,1.71,True,0.0,9.080366404022333e-06,BYPASS,0.0,0.0,True,13.815053472261486,0.0,2148.534949984244,0.0,107940.95313176513,7.940953131765127e-06,293.15,-2.3283064285427053e-13,0.0,0.0,0.0,1.0,1.0,1.0,293.15,1.0,DRESS,0.5151566489509587,293.15,0.0,0.0
degraded_ups_3s_interruption_during_dress,NO_CONNECTION,172,1.71,1.72,True,0.0,7.264293123217866e-06,BYPASS,0.0,0.0,True,13.124300798648411,0.0,1939.05279236078,0.0,107386.93313905969,7.3869331390596925e-06,293.15,1.455191524191938e-13,0.0,0.0,0.0,1.0,1.0,1.0,293.15,1.0,DRESS,0.5152439177695026,293.15,0.0,0.0
degraded_ups_3s_interruption_during_dress,NO_CONNECTION,173,1.72,1.73,True,0.0,5.811434498574293e-06,BYPASS,0.0,0.0,True,12.46808575871599,0.0,1749.995145105604,0.0,106871.5657107532,6.871565710753203e-06,293.15,-1.6940658945086007e-21,0.0,0.0,0.0,1.0,1.0,1.0,293.15,1.0,DRESS,0.5153311708627458,293.15,0.0,0.0
degraded_ups_3s_interruption_during_dress,NO_CONNECTION,174,1.73,1.74,True,0.0,4.6491475988594345e-06,BYPASS,0.0,0.0,True,11.844681470780191,0.0,1579.3706184578077,0.0,106392.1541441232,6.392154144123197e-06,293.15,1.1641532058010232e-13,0.0,0.0,0.0,1.0,1.0,1.0,293.15,1.0,DRESS,0.515418408233525,293.15,0.0,0.0
degraded_ups_3s_interruption_during_dress,NO_CONNECTION,175,1.74,1.75,True,0.0,3.719318079087548e-06,BYPASS,0.0,0.0,True,11.252447397241182,0.0,1425.3819831581716,0.0,105946.18986360729,5.946189863607287e-06,293.15,8.149072525310457e-13,0.0,0.0,0.0,1.0,1.0,1.0,293.15,1.0,DRESS,0.5155056298846764,293.15,0.0,0.0
degraded_ups_3s_interruption_during_dress,NO_CONNECTION,176,1.75,1.76,True,0.0,2.975454463270038e-06,BYPASS,0.0,0.0,True,10.689825027379124,0.0,1286.4072398002502,0.0,105531.33944049478,5.5313394404947755e-06,293.15,-6.984919319509434e-13,0.0,0.0,0.0,1.0,1.0,1.0,293.15,1.0,DRESS,0.5155928358190357,293.15,0.0,0.0
degraded_ups_3s_interruption_during_dress,NO_CONNECTION,177,1.76,1.77,True,0.0,2.3803635706160304e-06,BYPASS,0.0,0.0,True,10.155333776010167,0.0,1160.9825339197257,0.0,105145.43207827955,5.145432078279555e-06,293.15,-8.731149145151627e-13,0.0,0.0,0.0,1.0,1.0,1.0,293.15,1.0,DRESS,0.5156800260394382,293.15,0.0,0.0
degraded_ups_3s_interruption_during_dress,NO_CONNECTION,178,1.77,1.78,True,0.0,1.9042908564928245e-06,BYPASS,0.0,0.0,True,9.647567087209659,0.0,1047.7867368625523,0.0,104786.44843678921,4.786448436789215e-06,293.15,1.7462298256421937e-13,0.0,0.0,0.0,1.0,1.0,1.0,293.15,1.0,DRESS,0.5157672005487185,293.15,0.0,0.0
degraded_ups_3s_interruption_during_dress,NO_CONNECTION,179,1.78,1.79,True,0.0,1.5234326851942596e-06,BYPASS,0.0,0.0,True,9.165188732849176,0.0,945.6275300184534,0.0,104452.51015480608,4.4525101548060776e-06,293.15,4.074536271125558e-13,0.0,0.0,0.0,1.0,1.0,1.0,293.15,1.0,DRESS,0.5158543593497109,293.15,0.0,0.0
degraded_ups_3s_interruption_during_dress,NO_CONNECTION,180,1.79,1.8,True,0.0,1.2187461481554077e-06,BYPASS,0.0,0.0,True,8.706929296206717,0.0,853.4288458416542,0.0,104141.86995476484,4.141869954764843e-06,293.15,-9.313225748052139e-13,0.0,0.0,0.0,1.0,1.0,1.0,293.15,1.0,DRESS,0.515941502445249,293.15,0.0,0.0
degraded_ups_3s_interruption_during_dress,NO_CONNECTION,181,1.8,1.81,True,0.0,9.749969185243261e-07,BYPASS,0.0,0.0,True,8.271582831396382,0.0,770.2195333720931,0.0,103852.90232952684,3.852902329526841e-06,293.15,-9.895302342482321e-13,0.0,0.0,0.0,1.0,1.0,1.0,293.15,1.0,DRESS,0.5160286298381659,293.15,0.0,0.0
degraded_ups_3s_interruption_during_dress,NO_CONNECTION,182,1.81,1.82,True,0.0,7.799975348194609e-07,BYPASS,0.0,0.0,True,7.858003689826562,0.0,695.1231288683138,0.0,103584.09516047686,3.5840951604768634e-06,293.15,6.402842699668263e-13,0.0,0.0,0.0,1.0,1.0,1.0,293.15,1.0,DRESS,0.5161157415312944,293.15,0.0,0.0
degraded_ups_3s_interruption_during_dress,NO_CONNECTION,183,1.82,1.83,True,0.0,6.239980278555687e-07,BYPASS,0.0,0.0,True,7.465103505335234,0.0,627.3486238036533,0.0,103334.04203411192,3.334042034111917e-06,293.15,-5.238689476926581e-13,0.0,0.0,0.0,1.0,1.0,1.0,293.15,1.0,DRESS,0.5162028375274664,293.15,0.0,0.0
degraded_ups_3s_interruption_during_dress,NO_CONNECTION,184,1.83,1.84,True,0.0,4.99198422284455e-07,BYPASS,0.0,0.0,True,7.091848330068473,0.0,566.182132982797,0.0,103101.43444221467,3.1014344422146677e-06,293.15,1.7462298341125232e-13,0.0,0.0,0.0,1.0,1.0,1.0,293.15,1.0,DRESS,0.5162899178295138,293.15,0.0,0.0
degraded_ups_3s_interruption_during_dress,NO_CONNECTION,185,1.84,1.85,True,0.0,3.9935873782756397e-07,BYPASS,0.0,0.0,True,6.737255913565049,0.0,510.9793750169745,0.0,102885.05526259542,2.8850552625954153e-06,293.15,6.984919311039104e-13,0.0,0.0,0.0,1.0,1.0,1.0,293.15,1.0,DRESS,0.5163769824402675,293.15,0.0,0.0
degraded_ups_3s_interruption_during_dress,NO_CONNECTION,186,1.85,1.86,True,0.0,3.194869902620512e-07,BYPASS,0.0,0.0,True,6.4003931178867965,0.0,461.15888595281933,0.0,102683.77235624939,2.683772356249392e-06,293.15,-4.0745362626552284e-13,0.0,0.0,0.0,1.0,1.0,1.0,293.15,1.0,DRESS,0.5164640313625583,293.15,0.0,0.0
degraded_ups_3s_interruption_during_dress,NO_CONNECTION,187,1.86,1.87,True,0.0,2.5558959220964095e-07,BYPASS,0.0,0.0,True,6.0803734619924565,0.0,416.19589457241943,0.0,102496.53239734471,2.4965323973447084e-06,293.15,5.820766096767752e-13,0.0,0.0,0.0,1.0,1.0,1.0,293.15,1.0,DRESS,0.5165510645992161,293.15,0.0,0.0
degraded_ups_3s_interruption_during_dress,NO_CONNECTION,188,1.87,1.8800000000000001,True,0.0,2.0447167376771277e-07,BYPASS,0.0,0.0,True,5.776354788892833,0.0,375.6167948516085,0.0,102322.35575094819,2.3223557509481905e-06,293.15,-6.984919306803939e-13,0.0,0.0,0.0,1.0,1.0,1.0,293.15,1.0,DRESS,0.5166380821530705,293.15,0.0,0.0
degraded_ups_3s_interruption_during_dress,NO_CONNECTION,189,1.8800000000000001,1.8900000000000001,True,0.0,1.6357733901417022e-07,BYPASS,0.0,0.0,True,5.487537049448192,0.0,338.9941573535767,0.0,102160.33088508993,2.1603308850899337e-06,293.15,9.895302355187815e-13,0.0,0.0,0.0,1.0,1.0,1.0,293.15,1.0,DRESS,0.5167250840269506,293.15,0.0,0.0
degraded_ups_3s_interruption_during_dress,NO_CONNECTION,190,1.8900000000000001,1.9000000000000001,True,0.0,1.3086187121133618e-07,BYPASS,0.0,0.0,True,5.213160196975783,0.0,305.94222701160305,0.0,102009.61012160406,2.009610121604055e-06,293.15,8.731149170562616e-14,0.0,0.0,0.0,1.0,1.0,1.0,293.15,1.0,DRESS,0.516812070223685,293.15,0.0,0.0
degraded_ups_3s_interruption_during_dress,NO_CONNECTION,191,1.9000000000000001,1.9100000000000001,True,0.0,1.0468949696906895e-07,BYPASS,0.0,0.0,True,4.952502187126994,0.0,276.1128598779718,0.0,101869.40480489284,1.869404804892838e-06,293.15,-8.731149136681298e-13,0.0,0.0,0.0,1.0,1.0,1.0,293.15,1.0,DRESS,0.5168990407461018,293.15,0.0,0.0
degraded_ups_3s_interruption_during_dress,NO_CONNECTION,192,1.9100000000000001,1.92,True,0.0,8.375159757525516e-08,BYPASS,0.0,0.0,True,4.704877077770644,0.0,249.1918560398695,0.0,101738.98122739047,1.7389812273904682e-06,293.15,-2.910383044148711e-13,0.0,0.0,0.0,1.0,1.0,1.0,293.15,1.0,DRESS,0.5169859955970284,293.15,0.0,0.0
degraded_ups_3s_interruption_during_dress,NO_CONNECTION,193,1.92,1.93,True,0.0,6.700127806020413e-08,BYPASS,0.0,0.0,True,4.469633223882112,0.0,224.89565007598225,0.0,101617.6569624804,1.617656962480396e-06,293.15,-1.4551915199567732e-13,0.0,0.0,0.0,1.0,1.0,1.0,293.15,1.0,DRESS,0.517072934779292,293.15,0.0,0.0
degraded_ups_3s_interruption_during_dress,NO_CONNECTION,194,1.93,1.94,True,0.0,5.3601022448163304e-08,BYPASS,0.0,0.0,True,4.246151562688007,0.0,202.968324193574,0.0,101504.79713920504,1.5047971392050386e-06,293.15,7.566995918174781e-13,0.0,0.0,0.0,1.0,1.0,1.0,293.15,1.0,DRESS,0.5171598582957189,293.15,0.0,0.0
degraded_ups_3s_interruption_during_dress,NO_CONNECTION,195,1.94,1.95,True,0.0,4.2880817958530644e-08,BYPASS,0.0,0.0,True,4.033843984553607,0.0,183.17891258470058,0.0,101399.81129905209,1.3998112990520895e-06,293.15,-1.455191524191938e-13,0.0,0.0,0.0,1.0,1.0,1.0,293.15,1.0,DRESS,0.5172467661491351,293.15,0.0,0.0
degraded_ups_3s_interruption_during_dress,NO_CONNECTION,196,1.95,1.96,True,0.0,3.4304654366824516e-08,BYPASS,0.0,0.0,True,3.8321517853259266,0.0,165.31896860769228,0.0,101302.15007811785,1.3021500781178474e-06,293.15,-6.984919311039104e-13,0.0,0.0,0.0,1.0,1.0,1.0,293.15,1.0,DRESS,0.5173336583423663,293.15,0.0,0.0
degraded_ups_3s_interruption_during_dress,NO_CONNECTION,197,1.96,1.97,True,0.0,2.7443723493459612e-08,BYPASS,0.0,0.0,True,3.64054419605963,0.0,149.20036916844228,0.0,101211.30235493183,1.2113023549318313e-06,293.15,9.313225748052139e-13,0.0,0.0,0.0,1.0,1.0,1.0,293.15,1.0,DRESS,0.5174205348782374,293.15,0.0,0.0
degraded_ups_3s_interruption_during_dress,NO_CONNECTION,198,1.97,1.98,True,0.0,2.195497879476769e-08,BYPASS,0.0,0.0,True,3.4585169862566487,0.0,134.6533331745192,0.0,101126.79286394268,1.1267928639426827e-06,293.15,5.238689483279328e-13,0.0,0.0,0.0,1.0,1.0,1.0,293.15,1.0,DRESS,0.5175073957595728,293.15,0.0,0.0
degraded_ups_3s_interruption_during_dress,NO_CONNECTION,199,1.98,1.99,True,0.0,1.756398303581415e-08,BYPASS,0.0,0.0,True,3.2855911369438164,0.0,121.52463319000356,0.0,101048.17940155044,1.048179401550442e-06,293.15,1.455191524191938e-13,0.0,0.0,0.0,1.0,1.0,1.0,293.15,1.0,DRESS,0.5175942409891966,293.15,0.0,0.0
degraded_ups_3s_interruption_during_dress,NO_CONNECTION,200,1.99,2.0,True,0.0,1.405118642865132e-08,BYPASS,0.0,0.0,True,3.121311580096626,0.0,109.67598145397825,0.0,100975.05061421543,9.750506142154335e-07,293.15,-1.7462298256421937e-13,0.0,0.0,0.0,1.0,1.0,1.0,293.15,1.0,DRESS,0.5176810705699321,293.15,0.0,0.0
degraded_ups_3s_interruption_during_dress,NO_CONNECTION,201,2.0,2.0100000000000002,True,0.0,1.1240949142921057e-08,BYPASS,0.0,0.0,True,2.9652460010917947,0.0,98.98257326221537,0.0,100907.02378656715,9.070237865671515e-07,293.15,8.73114913879888e-13,0.0,0.0,0.0,1.0,1.0,1.0,293.15,1.0,DRESS,0.5177678845046023,293.15,0.0,0.0
degraded_ups_3s_interruption_during_dress,NO_CONNECTION,202,2.0100000000000002,2.02,True,0.0,8.992759314336846e-09,BYPASS,0.0,0.0,True,2.8169837010372047,0.0,89.33177236914935,0.0,100843.74309517443,8.437430951744318e-07,293.15,-8.149072527428039e-13,0.0,0.0,0.0,1.0,1.0,1.0,293.15,1.0,DRESS,0.5178546827960296,293.15,0.0,0.0
degraded_ups_3s_interruption_during_dress,NO_CONNECTION,203,2.02,2.0300000000000002,True,0.0,7.194207451469477e-09,BYPASS,0.0,0.0,True,2.6761345159853445,0.0,80.6219245631573,0.0,100784.87733844668,7.848773384466767e-07,293.15,-8.73114913879888e-13,0.0,0.0,0.0,1.0,1.0,1.0,293.15,1.0,DRESS,0.5179414654470361,293.15,0.0,0.0
degraded_ups_3s_interruption_during_dress,NO_CONNECTION,204,2.0300000000000002,2.04,True,0.0,5.7553659611755816e-09,BYPASS,0.0,0.0,True,2.5423277901860772,0.0,72.76128691824945,0.0,100730.11848144233,7.301184814423323e-07,293.15,-5.820766092532587e-13,0.0,0.0,0.0,1.0,1.0,1.0,293.15,1.0,DRESS,0.518028232460443,293.15,0.0,0.0
degraded_ups_3s_interruption_during_dress,NO_CONNECTION,205,2.04,2.05,True,0.0,4.604292768940465e-09,BYPASS,0.0,0.0,True,2.4152114006767733,0.0,65.66706144372013,0.0,100679.18002605438,6.791800260543823e-07,293.15,-9.313225745934557e-13,0.0,0.0,0.0,1.0,1.0,1.0,293.15,1.0,DRESS,0.5181149838390714,293.15,0.0,0.0
degraded_ups_3s_interruption_during_dress,NO_CONNECTION,206,2.05,2.06,True,0.0,3.6834342151523723e-09,BYPASS,0.0,0.0,True,2.2944508306429348,0.0,59.26452295295741,0.0,100631.79538119584,6.317953811958432e-07,293.15,-1.746229827759776e-13,0.0,0.0,0.0,1.0,1.0,1.0,293.15,1.0,DRESS,0.5182017195857415,293.15,0.0,0.0
degraded_ups_3s_interruption_during_dress,NO_CONNECTION,207,2.06,2.07,True,0.0,2.946747372121898e-09,BYPASS,0.0,0.0,True,2.179728289110788,0.0,53.48623196504408,0.0,100587.71664043888,5.877166404388845e-07,293.15,-1.4551915231331467e-13,0.0,0.0,0.0,1.0,1.0,1.0,293.15,1.0,DRESS,0.5182884397032732,293.15,0.0,0.0
degraded_ups_3s_interruption_during_dress,NO_CONNECTION,208,2.07,2.08,True,0.0,2.3573978976975183e-09,BYPASS,0.0,0.0,True,2.0707418746552486,0.0,48.271324348452275,0.0,100546.7131268233,5.46713126823306e-07,293.15,5.820766092532587e-13,0.0,0.0,0.0,1.0,1.0,1.0,293.15,1.0,DRESS,0.518375144194486,293.15,0.0,0.0
degraded_ups_3s_interruption_during_dress,NO_CONNECTION,209,2.08,2.09,True,0.0,1.8859183181580148e-09,BYPASS,0.0,0.0,True,1.9672047809224862,0.0,43.564870224478184,0.0,100508.57034511864,5.085703451186419e-07,293.15,1.1641532174477262e-13,0.0,0.0,0.0,1.0,1.0,1.0,293.15,1.0,DRESS,0.5184618330621987,293.15,0.0,0.0
degraded_ups_3s_interruption_during_dress,NO_CONNECTION,210,2.09,2.1,True,0.0,1.5087346545264118e-09,BYPASS,0.0,0.0,True,1.868844541876362,0.0,39.317295377591556,0.0,100473.08870125562,4.730887012556195e-07,293.15,-1.746229827759776e-13,0.0,0.0,0.0,1.0,1.0,1.0,293.15,1.0,DRESS,0.5185485063092298,293.15,0.0,0.0
degraded_ups_3s_interruption_during_dress,NO_CONNECTION,211,2.1,2.11,True,0.0,1.2069877236211295e-09,BYPASS,0.0,0.0,True,1.775402314782544,0.0,35.48385907827638,0.0,100440.08251279593,4.4008251279592516e-07,293.15,0.0,0.0,0.0,0.0,1.0,1.0,1.0,293.15,1.0,DRESS,0.5186351639383969,293.15,0.0,0.0
degraded_ups_3s_interruption_during_dress,NO_CONNECTION,212,2.11,2.12,True,0.0,9.655901788969035e-10,BYPASS,0.0,0.0,True,1.6866321990434168,0.0,32.024182818144446,0.0,100409.37907760963,4.093790776096284e-07,293.15,8.73114913879888e-14,0.0,0.0,0.0,1.0,1.0,1.0,293.15,1.0,DRESS,0.5187218059525175,293.15,0.0,0.0
degraded_ups_3s_interruption_during_dress,NO_CONNECTION,213,2.12,2.13,True,0.0,7.724721431175228e-10,BYPASS,0.0,0.0,True,1.6023005890912458,0.0,28.90182499337535,0.0,100380.81774255261,3.8081774255260827e-07,293.15,8.73114913879888e-14,0.0,0.0,0.0,1.0,1.0,1.0,293.15,1.0,DRESS,0.5188084323544083,293.15,0.0,0.0
degraded_ups_3s_interruption_during_dress,NO_CONNECTION,214,2.13,2.14,True,0.0,6.179777144940182e-10,BYPASS,0.0,0.0,True,1.5221855596366836,0.0,26.083897056521263,0.0,100354.24903035164,3.542490303516388e-07,293.15,6.984919309980313e-13,0.0,0.0,0.0,1.0,1.0,1.0,293.15,1.0,DRESS,0.5188950431468858,293.15,0.0,0.0
degraded_ups_3s_interruption_during_dress,NO_CONNECTION,215,2.14,2.15,True,0.0,4.943821715952146e-10,BYPASS,0.0,0.0,True,1.4460762816548494,0.0,23.540717093510434,0.0,100329.53394111246,3.2953394111245873e-07,293.15,8.731149136681298e-13,0.0,0.0,0.0,1.0,1.0,1.0,293.15,1.0,DRESS,0.5189816383327658,293.15,0.0,0.0
degraded_ups_3s_interruption_during_dress,NO_CONNECTION,216,2.15,2.16,True,0.0,3.9550573727617164e-10,BYPASS,0.0,0.0,True,1.3737724675721068,0.0,21.245497176893164,0.0,100306.54319562018,3.065431956201792e-07,293.15,1.1641532179771218e-13,0.0,0.0,0.0,1.0,1.0,1.0,293.15,1.0,DRESS,0.5190682179148635,293.15,0.0,0.0
degraded_ups_3s_interruption_during_dress,NO_CONNECTION,217,2.16,2.17,True,0.0,3.164045898209373e-10,BYPASS,0.0,0.0,True,1.3050838441935015,0.0,19.174061202146085,0.0,100285.15642043203,2.8515642043203114e-07,293.15,8.731149137740089e-13,0.0,0.0,0.0,1.0,1.0,1.0,293.15,1.0,DRESS,0.5191547818959936,293.15,0.0,0.0
degraded_ups_3s_interruption_during_dress,NO_CONNECTION,218,2.17,2.18,True,0.0,2.5312367185674984e-10,BYPASS,0.0,0.0,True,1.2398296519838266,0.0,17.304590234936843,0.0,100265.26174042374,2.6526174042373897e-07,293.15,9.895302355187815e-13,0.0,0.0,0.0,1.0,1.0,1.0,293.15,1.0,DRESS,0.5192413302789707,293.15,0.0,0.0
degraded_ups_3s_interruption_during_dress,NO_CONNECTION,219,2.18,2.19,True,0.0,2.0249893748539987e-10,BYPASS,0.0,0.0,True,1.1778381693846351,0.0,15.617392687030499,0.0,100246.75508029759,2.467550802975893e-07,293.15,5.820766091473796e-13,0.0,0.0,0.0,1.0,1.0,1.0,293.15,1.0,DRESS,0.5193278630666083,293.15,0.0,0.0
degraded_ups_3s_interruption_during_dress,NO_CONNECTION,220,2.19,2.2,True,0.0,1.619991499883199e-10,BYPASS,0.0,0.0,True,1.1189462609154033,0.0,14.094696900045019,0.0,100229.53958250582,2.2953958250582218e-07,293.15,5.8207660909444e-13,0.0,0.0,0.0,1.0,1.0,1.0,293.15,1.0,DRESS,0.5194143802617198,293.15,0.0,0.0
degraded_ups_3s_interruption_during_dress,NO_CONNECTION,221,2.2,2.21,True,0.0,1.2959931999065593e-10,BYPASS,0.0,0.0,True,1.0629989478696331,0.0,12.720463952290629,0.0,100213.525199797,2.1352519979700446e-07,293.15,-1.4551915231331467e-13,0.0,0.0,0.0,1.0,1.0,1.0,293.15,1.0,DRESS,0.519500881867118,293.15,0.0,0.0
degraded_ups_3s_interruption_during_dress,NO_CONNECTION,222,2.21,2.22,True,0.0,1.0367945599252474e-10,BYPASS,0.0,0.0,True,1.0098490004761516,0.0,11.480218716942296,0.0,100198.62805493176,1.9862805493175983e-07,293.15,8.149072527957435e-13,0.0,0.0,0.0,1.0,1.0,1.0,293.15,1.0,DRESS,0.519587367885615,293.15,0.0,0.0
degraded_ups_3s_interruption_during_dress,NO_CONNECTION,223,2.22,2.23,True,0.0,8.294356479401978e-11,BYPASS,0.0,0.0,True,0.959356550452344,0.0,10.360897392040425,0.0,100184.77032426745,1.84770324267447e-07,293.15,-8.731149136681298e-13,0.0,0.0,0.0,1.0,1.0,1.0,293.15,1.0,DRESS,0.5196738383200227,293.15,0.0,0.0
degraded_ups_3s_interruption_during_dress,NO_CONNECTION,224,2.23,2.24,True,0.0,6.635485183521583e-11,BYPASS,0.0,0.0,True,0.9113887229297268,0.0,9.350709896316484,0.0,100171.87936464325,1.7187936464324592e-07,293.15,1.4551915231331467e-13,0.0,0.0,0.0,1.0,1.0,1.0,293.15,1.0,DRESS,0.5197602931731522,293.15,0.0,0.0
degraded_ups_3s_interruption_during_dress,NO_CONNECTION,225,2.24,2.25,True,0.0,5.308388146817266e-11,BYPASS,0.0,0.0,True,0.8658192867832405,0.0,8.439015681425625,0.0,100159.88777158782,1.5988777158781887e-07,293.15,2.0372681318570098e-13,0.0,0.0,0.0,1.0,1.0,1.0,293.15,1.0,DRESS,0.5198467324478144,293.15,0.0,0.0
degraded_ups_3s_interruption_during_dress,NO_CONNECTION,226,2.25,2.2600000000000002,True,0.0,4.246710517453813e-11,BYPASS,0.0,0.0,True,0.8225283224440785,0.0,7.616211652486626,0.0,100148.7327972427,1.4873279724270106e-07,293.15,2.910383045736898e-13,0.0,0.0,0.0,1.0,1.0,1.0,293.15,1.0,DRESS,0.5199331561468195,293.15,0.0,0.0
degraded_ups_3s_interruption_during_dress,NO_CONNECTION,227,2.2600000000000002,2.27,True,0.0,3.3973684139630505e-11,BYPASS,0.0,0.0,True,0.7814019063218746,0.0,6.873631016369182,0.0,100138.35611753166,1.3835611753165722e-07,293.15,-5.820766091209098e-13,0.0,0.0,0.0,1.0,1.0,1.0,293.15,1.0,DRESS,0.520019564272977,293.15,0.0,0.0
degraded_ups_3s_interruption_during_dress,NO_CONNECTION,228,2.27,2.2800000000000002,True,0.0,2.7178947311704405e-11,BYPASS,0.0,0.0,True,0.7423318110057808,0.0,6.203451992273187,0.0,100128.7033664994,1.2870336649939418e-07,293.15,-2.9103830462662934e-14,0.0,0.0,0.0,1.0,1.0,1.0,293.15,1.0,DRESS,0.5201059568290964,293.15,0.0,0.0
degraded_ups_3s_interruption_during_dress,NO_CONNECTION,229,2.2800000000000002,2.29,True,0.0,2.1743157849363523e-11,BYPASS,0.0,0.0,True,0.7052152204554918,0.0,5.5986154230265495,0.0,100119.7240781039,1.1972407810389996e-07,293.15,-3.4924596547254587e-13,0.0,0.0,0.0,1.0,1.0,1.0,293.15,1.0,DRESS,0.5201923338179864,293.15,0.0,0.0
degraded_ups_3s_interruption_during_dress,NO_CONNECTION,230,2.29,2.3000000000000003,True,0.0,1.739452627949082e-11,BYPASS,0.0,0.0,True,0.6699544594327171,0.0,5.052750419281462,0.0,100111.37127876282,1.1137127876281739e-07,293.15,-9.313225746199254e-13,0.0,0.0,0.0,1.0,1.0,1.0,293.15,1.0,DRESS,0.5202786952424548,293.15,0.0,0.0
degraded_ups_3s_interruption_during_dress,NO_CONNECTION,231,2.3000000000000003,2.31,True,0.0,1.3915621023592656e-11,BYPASS,0.0,0.0,True,0.6364567364610813,0.0,4.560107253401518,0.0,100103.60119631514,1.0360119631513953e-07,293.15,-1.455191522868449e-13,0.0,0.0,0.0,1.0,1.0,1.0,293.15,1.0,DRESS,0.5203650411053098,293.15,0.0,0.0
degraded_ups_3s_interruption_during_dress,NO_CONNECTION,232,2.31,2.32,True,0.0,1.1132496818874124e-11,BYPASS,0.0,0.0,True,0.6046338996380272,0.0,4.11549679619487,0.0,100096.37320181355,9.637320181354881e-08,293.15,8.731149136151902e-14,0.0,0.0,0.0,1.0,1.0,1.0,293.15,1.0,DRESS,0.5204513714093583,293.15,0.0,0.0
degraded_ups_3s_interruption_during_dress,NO_CONNECTION,233,2.32,2.33,True,0.0,8.9059974550993e-12,BYPASS,0.0,0.0,True,0.5744022046561258,0.0,3.7142358585658695,0.0,100089.64946027845,8.964946027845144e-08,293.15,6.402842700727054e-13,0.0,0.0,0.0,1.0,1.0,1.0,293.15,1.0,DRESS,0.5205376861574069,293.15,0.0,0.0
degraded_ups_3s_interruption_during_dress,NO_CONNECTION,234,2.33,2.34,True,0.0,7.1247979640794405e-12,BYPASS,0.0,0.0,True,0.5456820944233195,0.0,3.352097862355697,0.0,100083.39481428266,8.339481428265572e-08,293.15,6.984919309450917e-13,0.0,0.0,0.0,1.0,1.0,1.0,293.15,1.0,DRESS,0.520623985352262,293.15,0.0,0.0
degraded_ups_3s_interruption_during_dress,NO_CONNECTION,235,2.34,2.35,True,0.0,5.6998383712635524e-12,BYPASS,0.0,0.0,True,0.5183979897021536,0.0,3.0252683207760174,0.0,100077.57660932839,7.757660932838917e-08,293.15,-8.149072527825086e-13,0.0,0.0,0.0,1.0,1.0,1.0,293.15,1.0,DRESS,0.5207102689967291,293.15,0.0,0.0
degraded_ups_3s_interruption_during_dress,NO_CONNECTION,236,2.35,2.36,True,0.0,4.559870697010842e-12,BYPASS,0.0,0.0,True,0.49247809021704586,0.0,2.730304659500355,0.0,100072.16428639367,7.216428639367222e-08,293.15,2.9103830475897824e-14,0.0,0.0,0.0,1.0,1.0,1.0,293.15,1.0,DRESS,0.5207965370936135,293.15,0.0,0.0
degraded_ups_3s_interruption_during_dress,NO_CONNECTION,237,2.36,2.37,True,0.0,3.647896557608674e-12,BYPASS,0.0,0.0,True,0.4678541857061936,0.0,2.464099955199071,0.0,100067.12961476296,6.712961476296187e-08,293.15,-9.895302355187815e-13,0.0,0.0,0.0,1.0,1.0,1.0,293.15,1.0,DRESS,0.5208827896457198,293.15,0.0,0.0
degraded_ups_3s_interruption_during_dress,NO_CONNECTION,238,2.37,2.38,True,0.0,2.918317246086939e-12,BYPASS,0.0,0.0,True,0.4444614764208839,0.0,2.2238502095671615,0.0,100062.44610995054,6.244610995054245e-08,293.15,9.313225746066905e-13,0.0,0.0,0.0,1.0,1.0,1.0,293.15,1.0,DRESS,0.520969026655852,293.15,0.0,0.0
degraded_ups_3s_interruption_during_dress,NO_CONNECTION,239,2.38,2.39,True,0.0,2.3346537968695513e-12,BYPASS,0.0,0.0,True,0.4222384025998397,0.0,2.007024814134363,0.0,100058.08938294649,5.808938294649124e-08,293.15,4.656612873099627e-13,0.0,0.0,0.0,1.0,1.0,1.0,293.15,1.0,DRESS,0.5210552481268138,293.15,0.0,0.0
degraded_ups_3s_interruption_during_dress,NO_CONNECTION,240,2.39,2.4,True,0.0,1.867723037495641e-12,BYPASS,0.0,0.0,True,0.4011264824698477,0.0,1.811339894756263,0.0,100054.03661634773,5.403661634773016e-08,293.15,4.0745362639787174e-13,0.0,0.0,0.0,1.0,1.0,1.0,293.15,1.0,DRESS,0.5211414540614084,293.15,0.0,0.0
degraded_ups_3s_interruption_during_dress,NO_CONNECTION,241,2.4,2.41,True,0.0,1.4941784299965127e-12,BYPASS,0.0,0.0,True,0.3810701583463553,0.0,1.6347342550175268,0.0,100050.26662256569,5.02666225656867e-08,293.15,-5.820766089885609e-14,0.0,0.0,0.0,1.0,1.0,1.0,293.15,1.0,DRESS,0.5212276444624384,293.15,0.0,0.0
degraded_ups_3s_interruption_during_dress,NO_CONNECTION,242,2.41,2.42,True,0.0,1.19534274399721e-12,BYPASS,0.0,0.0,True,0.3620166504290376,0.0,1.4753476651533184,0.0,100046.75961099565,4.675961099565029e-08,293.15,8.149072527957435e-13,0.0,0.0,0.0,1.0,1.0,1.0,293.15,1.0,DRESS,0.5213138193327059,293.15,0.0,0.0
degraded_ups_3s_interruption_during_dress,NO_CONNECTION,243,2.42,2.43,True,0.0,9.562741951977681e-13,BYPASS,0.0,0.0,True,0.3439158179075857,0.0,1.3315012678008697,0.0,100043.4973044321,4.34973044320941e-08,293.15,1.7462298274950783e-13,0.0,0.0,0.0,1.0,1.0,1.0,293.15,1.0,DRESS,0.5213999786750125,293.15,0.0,0.0
degraded_ups_3s_interruption_during_dress,NO_CONNECTION,244,2.43,2.44,True,0.0,7.650193561582145e-13,BYPASS,0.0,0.0,True,0.3267200270122064,0.0,1.201679894190285,0.0,100040.46258982271,4.0462589822709563e-08,293.15,4.0745362638463685e-13,0.0,0.0,0.0,1.0,1.0,1.0,293.15,1.0,DRESS,0.5214861224921593,293.15,0.0,0.0
degraded_ups_3s_interruption_during_dress,NO_CONNECTION,245,2.44,2.45,True,0.0,6.120154849265716e-13,BYPASS,0.0,0.0,True,0.3103840256615961,0.0,1.0845161045067324,0.0,100037.63963468373,3.763963468372822e-08,293.15,-3.492459654791633e-13,0.0,0.0,0.0,1.0,1.0,1.0,293.15,1.0,DRESS,0.5215722507869469,293.15,0.0,0.0
degraded_ups_3s_interruption_during_dress,NO_CONNECTION,246,2.45,2.46,True,0.0,4.896123879412573e-13,BYPASS,0.0,0.0,True,0.2948648243785163,0.0,0.978775784317326,0.0,100035.01365426928,3.501365426927805e-08,293.15,-8.73114913701217e-13,0.0,0.0,0.0,1.0,1.0,1.0,293.15,1.0,DRESS,0.5216583635621754,293.15,0.0,0.0
degraded_ups_3s_interruption_during_dress,NO_CONNECTION,247,2.46,2.47,True,0.0,3.9168991035300584e-13,BYPASS,0.0,0.0,True,0.28012158315959046,0.0,0.8833451453463864,0.0,100032.57079515606,3.257079515606165e-08,293.15,9.89530235525399e-13,0.0,0.0,0.0,1.0,1.0,1.0,293.15,1.0,DRESS,0.5217444608206445,293.15,0.0,0.0
degraded_ups_3s_interruption_during_dress,NO_CONNECTION,248,2.47,2.48,True,0.0,3.1335192828240466e-13,BYPASS,0.0,0.0,True,0.26611550400161094,0.0,0.7972189936751137,0.0,100030.298368074,3.0298368073999885e-08,293.15,9.89530235525399e-13,0.0,0.0,0.0,1.0,1.0,1.0,293.15,1.0,DRESS,0.5218305425651532,293.15,0.0,0.0
degraded_ups_3s_interruption_during_dress,NO_CONNECTION,249,2.48,2.49,True,0.0,2.5068154262592373e-13,BYPASS,0.0,0.0,True,0.2528097288015304,0.0,0.7194901417917904,0.0,100028.18449866027,2.81844986602664e-08,293.15,6.402842700528531e-13,0.0,0.0,0.0,1.0,1.0,1.0,293.15,1.0,DRESS,0.5219166087985,293.15,0.0,0.0
degraded_ups_3s_interruption_during_dress,NO_CONNECTION,250,2.49,2.5,True,0.0,2.0054523410073898e-13,BYPASS,0.0,0.0,True,0.2401692423614539,0.0,0.6493398529670908,0.0,100026.21812745929,2.6218127459287642e-08,293.15,2.3283064365498136e-13,0.0,0.0,0.0,1.0,1.0,1.0,293.15,1.0,DRESS,0.522002659523483,293.15,0.0,0.0
degraded_ups_3s_interruption_during_dress,NO_CONNECTION,251,2.5,2.5100000000000002,True,0.0,1.604361872805912e-13,BYPASS,0.0,0.0,True,0.2281607802433812,0.0,0.5860292173027994,0.0,100024.38895171508,2.438895171508193e-08,293.15,8.731149136813647e-14,0.0,0.0,0.0,1.0,1.0,1.0,293.15,1.0,DRESS,0.5220886947428999,293.15,0.0,0.0
degraded_ups_3s_interruption_during_dress,NO_CONNECTION,252,2.5100000000000002,2.52,True,0.0,1.2834894982447295e-13,BYPASS,0.0,0.0,True,0.21675274123121216,0.0,0.5288913686157766,0.0,100022.6873671636,2.268736716359854e-08,293.15,6.402842700462357e-13,0.0,0.0,0.0,1.0,1.0,1.0,293.15,1.0,DRESS,0.5221747144595476,293.15,0.0,0.0
degraded_ups_3s_interruption_during_dress,NO_CONNECTION,253,2.52,2.5300000000000002,True,0.0,1.0267915985957836e-13,BYPASS,0.0,0.0,True,0.20591510416965156,0.0,0.4773244601757384,0.0,100021.10452624038,2.1104526240378617e-08,293.15,2.910383045604549e-14,0.0,0.0,0.0,1.0,1.0,1.0,293.15,1.0,DRESS,0.5222607186762226,293.15,0.0,0.0
degraded_ups_3s_interruption_during_dress,NO_CONNECTION,254,2.5300000000000002,2.54,True,0.0,8.21433278876627e-14,BYPASS,0.0,0.0,True,0.19561934896116898,0.0,0.430785325308604,0.0,100019.63216345757,1.963216345757246e-08,293.15,-9.895302355287077e-13,0.0,0.0,0.0,1.0,1.0,1.0,293.15,1.0,DRESS,0.5223467073957212,293.15,0.0,0.0
degraded_ups_3s_interruption_during_dress,NO_CONNECTION,255,2.54,2.5500000000000003,True,0.0,6.571466231013016e-14,BYPASS,0.0,0.0,True,0.18583838151311052,0.0,0.38878375609101495,0.0,100018.26247898862,1.826247898861766e-08,293.15,-2.910383045604549e-14,0.0,0.0,0.0,1.0,1.0,1.0,293.15,1.0,DRESS,0.5224326806208388,293.15,0.0,0.0
degraded_ups_3s_interruption_during_dress,NO_CONNECTION,256,2.5500000000000003,2.56,True,0.0,5.257172984810413e-14,BYPASS,0.0,0.0,True,0.176546462437455,0.0,0.3508773398721411,0.0,100016.98837149888,1.698837149888277e-08,293.15,-4.07453626394563e-13,0.0,0.0,0.0,1.0,1.0,1.0,293.15,1.0,DRESS,0.5225186383543704,293.15,0.0,0.0
degraded_ups_3s_interruption_during_dress,NO_CONNECTION,257,2.56,2.57,True,0.0,4.20573838784833e-14,BYPASS,0.0,0.0,True,0.16771913931558224,0.0,0.31666679923460733,0.0,100015.80314710736,1.5803147107362746e-08,293.15,-2.3283064365167264e-13,0.0,0.0,0.0,1.0,1.0,1.0,293.15,1.0,DRESS,0.5226045805991106,293.15,0.0,0.0
degraded_ups_3s_interruption_during_dress,NO_CONNECTION,258,2.57,2.58,True,0.0,3.3645907102786644e-14,BYPASS,0.0,0.0,True,0.15933318234980312,0.0,0.2857917863092331,0.0,100014.70057759434,1.4700577594339848e-08,293.15,5.238689482220537e-13,0.0,0.0,0.0,1.0,1.0,1.0,293.15,1.0,DRESS,0.5226905073578535,293.15,0.0,0.0
degraded_ups_3s_interruption_during_dress,NO_CONNECTION,259,2.58,2.59,True,0.0,2.6916725682229318e-14,BYPASS,0.0,0.0,True,0.15136652323231298,0.0,0.2579270871440828,0.0,100013.67495860904,1.3674958609044552e-08,293.15,-5.820766091209098e-14,0.0,0.0,0.0,1.0,1.0,1.0,293.15,1.0,DRESS,0.5227764186333924,293.15,0.0,0.0
degraded_ups_3s_interruption_during_dress,NO_CONNECTION,260,2.59,2.6,True,0.0,2.1533380545783453e-14,BYPASS,0.0,0.0,True,0.14379819707069733,0.0,0.23277919614753473,0.0,100012.72093504667,1.2720935046672822e-08,293.15,-9.313225746166167e-13,0.0,0.0,0.0,1.0,1.0,1.0,293.15,1.0,DRESS,0.5228623144285205,293.15,0.0,0.0
degraded_ups_3s_interruption_during_dress,NO_CONNECTION,261,2.6,2.61,True,0.0,1.722670443662676e-14,BYPASS,0.0,0.0,True,0.13660828721716245,0.0,0.21008322452315012,0.0,100011.83338463306,1.183338463306427e-08,293.15,9.313225746166167e-13,0.0,0.0,0.0,1.0,1.0,1.0,293.15,1.0,DRESS,0.5229481947460303,293.15,0.0,0.0
degraded_ups_3s_interruption_during_dress,NO_CONNECTION,262,2.61,2.62,True,0.0,1.3781363549301408e-14,BYPASS,0.0,0.0,True,0.12977787285630432,0.0,0.18960011013214292,0.0,100011.00776717067,1.1007767170667648e-08,293.15,6.984919309616354e-13,0.0,0.0,0.0,1.0,1.0,1.0,293.15,1.0,DRESS,0.5230340595887137,293.15,0.0,0.0
degraded_ups_3s_interruption_during_dress,NO_CONNECTION,263,2.62,2.63,True,0.0,1.1025090839441127e-14,BYPASS,0.0,0.0,True,0.12328897921348911,0.0,0.171114099394259,0.0,100010.23977529258,1.023977529257536e-08,293.15,1.7462298273958166e-13,0.0,0.0,0.0,1.0,1.0,1.0,293.15,1.0,DRESS,0.5231199089593624,293.15,0.0,0.0
degraded_ups_3s_interruption_during_dress,NO_CONNECTION,264,2.63,2.64,True,0.0,8.820072671552901e-15,BYPASS,0.0,0.0,True,0.11712453025281465,0.0,0.15443047470331872,0.0,100009.52533446252,9.52533446252346e-09,293.15,8.14907252789126e-13,0.0,0.0,0.0,1.0,1.0,1.0,293.15,1.0,DRESS,0.5232057428607674,293.15,0.0,0.0
degraded_ups_3s_interruption_during_dress,NO_CONNECTION,265,2.64,2.65,True,0.0,7.056058137242321e-15,BYPASS,0.0,0.0,True,0.11126830374017392,0.0,0.13937350341974516,0.0,100008.86077759787,8.860777597874403e-09,293.15,-2.910383045769985e-14,0.0,0.0,0.0,1.0,1.0,1.0,293.15,1.0,DRESS,0.523291561295719,293.15,0.0,0.0
degraded_ups_3s_interruption_during_dress,NO_CONNECTION,266,2.65,2.66,True,0.0,5.6448465097938565e-15,BYPASS,0.0,0.0,True,0.10570488855316523,0.0,0.12578458683632004,0.0,100008.24255403131,8.242554031312465e-09,293.15,6.402842700495444e-13,0.0,0.0,0.0,1.0,1.0,1.0,293.15,1.0,DRESS,0.5233773642670073,293.15,0.0,0.0
degraded_ups_3s_interruption_during_dress,NO_CONNECTION,267,2.66,2.67,True,0.0,4.515877207835085e-15,BYPASS,0.0,0.0,True,0.10041964412550697,0.0,0.11352058961977883,0.0,100007.66746234149,7.667462341487408e-09,293.15,6.4028427004789e-13,0.0,0.0,0.0,1.0,1.0,1.0,293.15,1.0,DRESS,0.5234631517774219,293.15,0.0,0.0
degraded_ups_3s_interruption_during_dress,NO_CONNECTION,268,2.67,2.68,True,0.0,3.612701766268068e-15,BYPASS,0.0,0.0,True,0.09539866191923162,0.0,0.10245233213185037,0.0,100007.13253393769,7.132533937692642e-09,293.15,-2.32830643653327e-13,0.0,0.0,0.0,1.0,1.0,1.0,293.15,1.0,DRESS,0.5235489238297516,293.15,0.0,0.0
degraded_ups_3s_interruption_during_dress,NO_CONNECTION,269,2.68,2.69,True,0.0,2.8901614130144546e-15,BYPASS,0.0,0.0,True,0.09062872882327004,0.0,0.09246322974899499,0.0,100006.63491664454,6.634916644543409e-09,293.15,-2.910383045769985e-14,0.0,0.0,0.0,1.0,1.0,1.0,293.15,1.0,DRESS,0.523634680426785,293.15,0.0,0.0
degraded_ups_3s_interruption_during_dress,NO_CONNECTION,270,2.69,2.7,True,0.0,2.312129130411564e-15,BYPASS,0.0,0.0,True,0.08609729238210653,0.0,0.08344806484846796,0.0,100006.1719911173,6.171991117298603e-09,293.15,5.238689482203993e-13,0.0,0.0,0.0,1.0,1.0,1.0,293.15,1.0,DRESS,0.52372042157131,293.15,0.0,0.0
degraded_ups_3s_interruption_during_dress,NO_CONNECTION,271,2.7,2.71,True,0.0,1.849703304329251e-15,BYPASS,0.0,0.0,True,0.0817924277630012,0.0,0.07531187852574235,0.0,100005.74137084186,5.741370841860771e-09,293.15,3.492459654808177e-13,0.0,0.0,0.0,1.0,1.0,1.0,293.15,1.0,DRESS,0.5238061472661142,293.15,0.0,0.0
degraded_ups_3s_interruption_during_dress,NO_CONNECTION,272,2.71,2.72,True,0.0,1.4797626434634008e-15,BYPASS,0.0,0.0,True,0.07770280637485115,0.0,0.06796897036948248,0.0,100005.34078571945,5.340785719454289e-09,293.15,5.238689482220537e-13,0.0,0.0,0.0,1.0,1.0,1.0,293.15,1.0,DRESS,0.5238918575139845,293.15,0.0,0.0
degraded_ups_3s_interruption_during_dress,NO_CONNECTION,273,2.72,2.73,True,0.0,1.1838101147707207e-15,BYPASS,0.0,0.0,True,0.0738176660561086,0.0,0.061341995758457925,0.0,100004.96814027429,4.96814027428627e-09,293.15,6.98491930959981e-13,0.0,0.0,0.0,1.0,1.0,1.0,293.15,1.0,DRESS,0.5239775523177074,293.15,0.0,0.0
degraded_ups_3s_interruption_during_dress,NO_CONNECTION,274,2.73,2.74,True,0.0,9.470480918165765e-16,BYPASS,0.0,0.0,True,0.07012678275330317,0.0,0.055361151172008294,0.0,100004.62157186121,4.621571861207485e-09,293.15,-9.895302355287077e-13,0.0,0.0,0.0,1.0,1.0,1.0,293.15,1.0,DRESS,0.5240632316800689,293.15,0.0,0.0
degraded_ups_3s_interruption_during_dress,NO_CONNECTION,275,2.74,2.75,True,0.0,7.576384734532612e-16,BYPASS,0.0,0.0,True,0.06662044361563801,0.0,0.04996343893273749,0.0,100004.29910141975,4.299101419746876e-09,293.15,7.566995918745535e-13,0.0,0.0,0.0,1.0,1.0,1.0,293.15,1.0,DRESS,0.5241488956038544,293.15,0.0,0.0
degraded_ups_3s_interruption_during_dress,NO_CONNECTION,276,2.75,2.7600000000000002,True,0.0,6.061107787626089e-16,BYPASS,0.0,0.0,True,0.06328942143485611,0.0,0.045092003636795566,0.0,100003.99915734306,3.999157343059778e-09,293.15,1.4551915228353617e-13,0.0,0.0,0.0,1.0,1.0,1.0,293.15,1.0,DRESS,0.5242345440918488,293.15,0.0,0.0
degraded_ups_3s_interruption_during_dress,NO_CONNECTION,277,2.7600000000000002,2.77,True,0.0,4.848886230100872e-16,BYPASS,0.0,0.0,True,0.0601249503631133,0.0,0.040695533282208,0.0,100003.7201680243,3.720168024301529e-09,293.15,-4.656612873074812e-13,0.0,0.0,0.0,1.0,1.0,1.0,293.15,1.0,DRESS,0.5243201771468367,293.15,0.0,0.0
degraded_ups_3s_interruption_during_dress,NO_CONNECTION,278,2.77,2.7800000000000002,True,0.0,3.8791089840806973e-16,BYPASS,0.0,0.0,True,0.05711870284495763,0.0,0.03672771878719272,0.0,100003.46062006429,3.460620064288378e-09,293.15,2.910383045687267e-14,0.0,0.0,0.0,1.0,1.0,1.0,293.15,1.0,DRESS,0.524405794771602,293.15,0.0,0.0
degraded_ups_3s_interruption_during_dress,NO_CONNECTION,279,2.7800000000000002,2.79,True,0.0,3.103287187264558e-16,BYPASS,0.0,0.0,True,0.05426276770270975,0.0,0.033146766205441415,0.0,100003.21917468682,3.219174686819315e-09,293.15,1.4551915228436335e-13,0.0,0.0,0.0,1.0,1.0,1.0,293.15,1.0,DRESS,0.5244913969689281,293.15,0.0,0.0
degraded_ups_3s_interruption_during_dress,NO_CONNECTION,280,2.79,2.8000000000000003,True,0.0,2.4826297498116464e-16,BYPASS,0.0,0.0,True,0.05154962931757426,0.0,0.029914956500410882,0.0,100002.99455132335,2.994551323354244e-09,293.15,6.402842700487172e-13,0.0,0.0,0.0,1.0,1.0,1.0,293.15,1.0,DRESS,0.5245769837415981,293.15,0.0,0.0
degraded_ups_3s_interruption_during_dress,NO_CONNECTION,281,2.8000000000000003,2.81,True,0.0,1.9861037998493171e-16,BYPASS,0.0,0.0,True,0.04897214785169555,0.0,0.026998248241620827,0.0,100002.78558582067,2.7855858206748963e-09,293.15,9.313225746149624e-13,0.0,0.0,0.0,1.0,1.0,1.0,293.15,1.0,DRESS,0.5246625550923943,293.15,0.0,0.0
degraded_ups_3s_interruption_during_dress,NO_CONNECTION,282,2.81,2.82,True,0.0,1.5888830398794536e-16,BYPASS,0.0,0.0,True,0.04652354045911077,0.0,0.0243659190380628,0.0,100002.59128864855,2.591288648545742e-09,293.15,-9.895302355287077e-13,0.0,0.0,0.0,1.0,1.0,1.0,293.15,1.0,DRESS,0.5247481110240988,293.15,0.0,0.0
degraded_ups_3s_interruption_during_dress,NO_CONNECTION,283,2.82,2.83,True,0.0,1.2711064319035628e-16,BYPASS,0.0,0.0,True,0.04419736343615523,0.0,0.021990241931851673,0.0,100002.41049565375,2.4104956537485122e-09,293.15,1.1641532182749068e-13,0.0,0.0,0.0,1.0,1.0,1.0,293.15,1.0,DRESS,0.5248336515394929,293.15,0.0,0.0
degraded_ups_3s_interruption_during_dress,NO_CONNECTION,284,2.83,2.84,True,0.0,1.0168851455228503e-16,BYPASS,0.0,0.0,True,0.041987495264347474,0.0,0.019846193343496136,0.0,100002.24227551371,2.2422755137085914e-09,293.15,9.895302355291213e-13,0.0,0.0,0.0,1.0,1.0,1.0,293.15,1.0,DRESS,0.5249191766413576,293.15,0.0,0.0
degraded_ups_3s_interruption_during_dress,NO_CONNECTION,285,2.84,2.85,True,0.0,8.135081164182802e-17,BYPASS,0.0,0.0,True,0.0398881205011301,0.0,0.017911189492505263,0.0,100002.08581332117,2.0858133211731913e-09,293.15,5.238689482208129e-13,0.0,0.0,0.0,1.0,1.0,1.0,293.15,1.0,DRESS,0.5250046863324732,293.15,0.0,0.0
degraded_ups_3s_interruption_during_dress,NO_CONNECTION,286,2.85,2.86,True,0.0,6.508064931346241e-17,BYPASS,0.0,0.0,True,0.0378937144760736,0.0,0.016164848516986,0.0,100001.94029416889,1.9402941688895227e-09,293.15,-5.820766091374534e-14,0.0,0.0,0.0,1.0,1.0,1.0,293.15,1.0,DRESS,0.5250901806156199,293.15,0.0,0.0
degraded_ups_3s_interruption_during_dress,NO_CONNECTION,287,2.86,2.87,True,0.0,5.206451945076993e-17,BYPASS,0.0,0.0,True,0.03599902875226992,0.0,0.014588775786579872,0.0,100001.8049031496,1.8049031496047973e-09,293.15,4.656612873078948e-13,0.0,0.0,0.0,1.0,1.0,1.0,293.15,1.0,DRESS,0.5251756594935769,293.15,0.0,0.0
degraded_ups_3s_interruption_during_dress,NO_CONNECTION,288,2.87,2.88,True,0.0,4.165161556061595e-17,BYPASS,0.0,0.0,True,0.03419907731465643,0.0,0.013166370147388336,0.0,100001.67894177139,1.678941771388054e-09,293.15,8.149072527882989e-13,0.0,0.0,0.0,1.0,1.0,1.0,293.15,1.0,DRESS,0.5252611229691233,293.15,0.0,0.0
degraded_ups_3s_interruption_during_dress,NO_CONNECTION,289,2.88,2.89,True,0.0,3.3321292448492757e-17,BYPASS,0.0,0.0,True,0.03248912344892361,0.0,0.011882649058017973,0.0,100001.56182795763,1.5618279576301575e-09,293.15,-4.656612873078948e-13,0.0,0.0,0.0,1.0,1.0,1.0,293.15,1.0,DRESS,0.5253465710450375,293.15,0.0,0.0
degraded_ups_3s_interruption_during_dress,NO_CONNECTION,290,2.89,2.9,True,0.0,2.6657033958794206e-17,BYPASS,0.0,0.0,True,0.03086466727647743,0.0,0.010724090774861224,0.0,100001.4528632164,1.4528632164001465e-09,293.15,0.0,0.0,0.0,0.0,1.0,1.0,1.0,293.15,1.0,DRESS,0.5254320037240973,293.15,0.0,0.0
degraded_ups_3s_interruption_during_dress,NO_CONNECTION,291,2.9,2.91,True,0.0,2.1325627167035365e-17,BYPASS,0.0,0.0,True,0.029321433912653558,0.0,0.009678491924312254,0.0,100001.35146547109,1.3514654710888863e-09,293.15,7.566995918753807e-13,0.0,0.0,0.0,1.0,1.0,1.0,293.15,1.0,DRESS,0.5255174210090803,293.15,0.0,0.0
degraded_ups_3s_interruption_during_dress,NO_CONNECTION,292,2.91,2.92,True,0.0,1.7060501733628292e-17,BYPASS,0.0,0.0,True,0.02785536221702088,0.0,0.008734838961691808,0.0,100001.25716906041,1.257169060409069e-09,293.15,1.7462298274040884e-13,0.0,0.0,0.0,1.0,1.0,1.0,293.15,1.0,DRESS,0.5256028229027633,293.15,0.0,0.0
degraded_ups_3s_interruption_during_dress,NO_CONNECTION,293,2.92,2.93,True,0.0,1.3648401386902633e-17,BYPASS,0.0,0.0,True,0.026462594106169836,0.0,0.007883192162926858,0.0,100001.16945011541,1.1694501154124737e-09,293.15,2.0372681319707471e-13,0.0,0.0,0.0,1.0,1.0,1.0,293.15,1.0,DRESS,0.5256882094079228,293.15,0.0,0.0
degraded_ups_3s_interruption_during_dress,NO_CONNECTION,294,2.93,2.94,True,0.0,1.0918721109522107e-17,BYPASS,0.0,0.0,True,0.025139464400861344,0.0,0.0071145809270414875,0.0,100001.08790118247,1.087901182472706e-09,293.15,-8.73114913702251e-13,0.0,0.0,0.0,1.0,1.0,1.0,293.15,1.0,DRESS,0.5257735805273347,293.15,0.0,0.0
degraded_ups_3s_interruption_during_dress,NO_CONNECTION,295,2.94,2.95,True,0.0,8.734976887617685e-18,BYPASS,0.0,0.0,True,0.023882491180818276,0.0,0.006420909286654943,0.0,100001.01199839264,1.0119983926415443e-09,293.15,5.820766091353854e-14,0.0,0.0,0.0,1.0,1.0,1.0,293.15,1.0,DRESS,0.5258589362637744,293.15,0.0,0.0
degraded_ups_3s_interruption_during_dress,NO_CONNECTION,296,2.95,2.96,True,0.0,6.987981510094148e-18,BYPASS,0.0,0.0,True,0.02268836662177736,0.0,0.005794870631206086,0.0,100000.94139249995,9.413924999535083e-10,293.15,2.9103830457079465e-14,0.0,0.0,0.0,1.0,1.0,1.0,293.15,1.0,DRESS,0.5259442766200169,293.15,0.0,0.0
degraded_ups_3s_interruption_during_dress,NO_CONNECTION,297,2.96,2.97,True,0.0,5.590385208075318e-18,BYPASS,0.0,0.0,True,0.02155394829068849,0.0,0.00522987074466349,0.0,100000.87567605078,8.756760507822037e-10,293.15,8.149072527885057e-13,0.0,0.0,0.0,1.0,1.0,1.0,293.15,1.0,DRESS,0.5260296015988365,293.15,0.0,0.0
degraded_ups_3s_interruption_during_dress,NO_CONNECTION,298,2.97,2.98,True,0.0,4.472308166460255e-18,BYPASS,0.0,0.0,True,0.020476250876154067,0.0,0.004719958347058801,0.0,100000.81455800682,8.145580068230629e-10,293.15,5.238689482212265e-13,0.0,0.0,0.0,1.0,1.0,1.0,293.15,1.0,DRESS,0.5261149112030072,293.15,0.0,0.0
degraded_ups_3s_interruption_during_dress,NO_CONNECTION,299,2.98,2.99,True,0.0,3.577846533168204e-18,BYPASS,0.0,0.0,True,0.019452438332346365,0.0,0.004259762408220569,0.0,100000.75774732977,7.577473297715187e-10,293.15,-4.074536263943562e-13,0.0,0.0,0.0,1.0,1.0,1.0,293.15,1.0,DRESS,0.5262002054353024,293.15,0.0,0.0
degraded_ups_3s_interruption_during_dress,NO_CONNECTION,300,2.99,3.0,True,0.0,2.862277226534563e-18,BYPASS,0.0,0.0,True,0.018479816415729048,0.0,0.0038444355734190637,0.0,100000.70489477366,7.048947736620903e-10,293.15,-2.9103830456727913e-13,0.0,0.0,0.0,1.0,1.0,1.0,293.15,1.0,DRESS,0.5262854842984951,293.15,0.0,0.0
degraded_ups_3s_interruption_during_dress,NO_CONNECTION,301,3.0,3.0100000000000002,True,0.0,2.2898217812276503e-18,BYPASS,0.0,0.0,True,0.017555825594942596,0.0,0.003469603105010705,0.0,100000.65570930019,6.557093001902104e-10,293.15,1.4551915228353617e-13,0.0,0.0,0.0,1.0,1.0,1.0,293.15,1.0,DRESS,0.5263707477953575,293.15,0.0,0.0
degraded_ups_3s_interruption_during_dress,NO_CONNECTION,302,3.0100000000000002,3.02,True,0.0,1.8318574249821203e-18,BYPASS,0.0,0.0,True,0.016678034315195465,0.0,0.003131316802272161,0.0,100000.60995807871,6.099580787122249e-10,293.15,8.731149137030782e-14,0.0,0.0,0.0,1.0,1.0,1.0,293.15,1.0,DRESS,0.5264559959286618,293.15,0.0,0.0
degraded_ups_3s_interruption_during_dress,NO_CONNECTION,303,3.02,3.0300000000000002,True,0.0,1.4654859399856963e-18,BYPASS,0.0,0.0,True,0.015844132599435692,0.0,0.002826013414050625,0.0,100000.56740827858,5.674082785844802e-10,293.15,-1.164153218268703e-13,0.0,0.0,0.0,1.0,1.0,1.0,293.15,1.0,DRESS,0.5265412287011791,293.15,0.0,0.0
degraded_ups_3s_interruption_during_dress,NO_CONNECTION,304,3.0300000000000002,3.04,True,0.0,1.172388751988557e-18,BYPASS,0.0,0.0,True,0.015051925969463907,0.0,0.002550477106180689,0.0,100000.52782706916,5.278270691633224e-10,293.15,-1.164153218269737e-13,0.0,0.0,0.0,1.0,1.0,1.0,293.15,1.0,DRESS,0.5266264461156807,293.15,0.0,0.0
degraded_ups_3s_interruption_during_dress,NO_CONNECTION,305,3.04,3.0500000000000003,True,0.0,9.379110015908457e-19,BYPASS,0.0,0.0,True,0.014299329670990712,0.0,0.0023018055883280717,0.0,100000.49103982747,4.91039827466011e-10,293.15,-8.149072527885057e-13,0.0,0.0,0.0,1.0,1.0,1.0,293.15,1.0,DRESS,0.5267116481749367,293.15,0.0,0.0
degraded_ups_3s_interruption_during_dress,NO_CONNECTION,306,3.0500000000000003,3.06,True,0.0,7.503288012726766e-19,BYPASS,0.0,0.0,True,0.013584363187441176,0.0,0.0020773795434660845,0.0,100000.45681372285,4.568137228488922e-10,293.15,-6.984919309616354e-13,0.0,0.0,0.0,1.0,1.0,1.0,293.15,1.0,DRESS,0.526796834881717,293.15,0.0,0.0
degraded_ups_3s_interruption_during_dress,NO_CONNECTION,307,3.06,3.0700000000000003,True,0.0,6.002630410181412e-19,BYPASS,0.0,0.0,True,0.012905145028069116,0.0,0.0018748350379781415,0.0,100000.42491592467,4.2491592466831206e-10,293.15,5.820766091347651e-13,0.0,0.0,0.0,1.0,1.0,1.0,293.15,1.0,DRESS,0.5268820062387912,293.15,0.0,0.0
degraded_ups_3s_interruption_during_dress,NO_CONNECTION,308,3.0700000000000003,3.08,True,0.0,4.8021043281451295e-19,BYPASS,0.0,0.0,True,0.012259887776665661,0.0,0.0016920386217752729,0.0,100000.3952300176,3.952300176024437e-10,293.15,8.731149137020442e-13,0.0,0.0,0.0,1.0,1.0,1.0,293.15,1.0,DRESS,0.5269671622489281,293.15,0.0,0.0
degraded_ups_3s_interruption_during_dress,NO_CONNECTION,309,3.08,3.09,True,0.0,3.841683462516104e-19,BYPASS,0.0,0.0,True,0.011646893387832378,0.0,0.0015270648561521837,0.0,100000.36763958633,3.6763958632946013e-10,293.15,3.492459654808177e-13,0.0,0.0,0.0,1.0,1.0,1.0,293.15,1.0,DRESS,0.5270523029148962,293.15,0.0,0.0
degraded_ups_3s_interruption_during_dress,NO_CONNECTION,310,3.09,3.1,True,0.0,3.073346770012883e-19,BYPASS,0.0,0.0,True,0.011064548718440759,0.0,0.0013781760326773457,0.0,100000.34202821553,3.420282155275345e-10,293.15,-8.149072527885057e-13,0.0,0.0,0.0,1.0,1.0,1.0,293.15,1.0,DRESS,0.5271374282394634,293.15,0.0,0.0
degraded_ups_3s_interruption_during_dress,NO_CONNECTION,311,3.1,3.11,True,0.0,2.4586774160103066e-19,BYPASS,0.0,0.0,True,0.01051132128251872,0.0,0.0012438038694913046,0.0,100000.31816307455,3.1816307455301286e-10,293.15,5.820766091343515e-14,0.0,0.0,0.0,1.0,1.0,1.0,293.15,1.0,DRESS,0.5272225382253971,293.15,0.0,0.0
degraded_ups_3s_interruption_during_dress,NO_CONNECTION,312,3.11,3.12,True,0.0,1.9669419328082452e-19,BYPASS,0.0,0.0,True,0.009985755218392785,0.0,0.0011225329922159022,0.0,100000.29592774808,2.959277480840683e-10,293.15,8.14907252788609e-13,0.0,0.0,0.0,1.0,1.0,1.0,293.15,1.0,DRESS,0.5273076328754641,293.15,0.0,0.0
degraded_ups_3s_interruption_during_dress,NO_CONNECTION,313,3.12,3.13,True,0.0,1.5735535462465961e-19,BYPASS,0.0,0.0,True,0.009486467457473146,0.0,0.001013086025474852,0.0,100000.27532223612,2.7532223612070086e-10,293.15,-8.731149137020442e-13,0.0,0.0,0.0,1.0,1.0,1.0,293.15,1.0,DRESS,0.527392712192431,293.15,0.0,0.0
degraded_ups_3s_interruption_during_dress,NO_CONNECTION,314,3.13,3.14,True,0.0,1.258842836997277e-19,BYPASS,0.0,0.0,True,0.009012144084599489,0.0,0.0009143101379910538,0.0,100000.25611370802,2.561137080192566e-10,293.15,0.0,0.0,0.0,0.0,1.0,1.0,1.0,293.15,1.0,DRESS,0.5274777761790636,293.15,0.0,0.0
degraded_ups_3s_interruption_during_dress,NO_CONNECTION,315,3.14,3.15,True,0.0,1.0070742695978216e-19,BYPASS,0.0,0.0,True,0.008561536880369515,0.0,0.0008251648995369262,0.0,100000.23824395612,2.382439561188221e-10,293.15,2.910383045676927e-14,0.0,0.0,0.0,1.0,1.0,1.0,293.15,1.0,DRESS,0.5275628248381273,293.15,0.0,0.0
degraded_ups_3s_interruption_during_dress,NO_CONNECTION,316,3.15,3.16,True,0.0,8.056594156782573e-20,BYPASS,0.0,0.0,True,0.008133460036351039,0.0,0.0007447113218320758,0.0,100000.22165477276,2.2165477275848388e-10,293.15,-6.984919309615837e-13,0.0,0.0,0.0,1.0,1.0,1.0,293.15,1.0,DRESS,0.5276478581723871,293.15,0.0,0.0
degraded_ups_3s_interruption_during_dress,NO_CONNECTION,317,3.16,3.17,True,0.0,6.445275325426059e-20,BYPASS,0.0,0.0,True,0.007726787034533487,0.0,0.0006721019679534483,0.0,100000.20617153496,2.0617153495550155e-10,293.15,4.074536263943045e-13,0.0,0.0,0.0,1.0,1.0,1.0,293.15,1.0,DRESS,0.5277328761846074,293.15,0.0,0.0
degraded_ups_3s_interruption_during_dress,NO_CONNECTION,318,3.17,3.18,True,0.0,5.156220260340847e-20,BYPASS,0.0,0.0,True,0.007340447682806813,0.0,0.0006065720260779873,0.0,100000.19179424271,1.917942427098751e-10,293.15,-1.4551915228363957e-13,0.0,0.0,0.0,1.0,1.0,1.0,293.15,1.0,DRESS,0.527817878877552,293.15,0.0,0.0
degraded_ups_3s_interruption_during_dress,NO_CONNECTION,319,3.18,3.19,True,0.0,4.124976208272678e-20,BYPASS,0.0,0.0,True,0.006973425298666472,0.0,0.0005474312535353836,0.0,100000.1784064807,1.784064806997776e-10,293.15,1.4551915228369127e-13,0.0,0.0,0.0,1.0,1.0,1.0,293.15,1.0,DRESS,0.5279028662539845,293.15,0.0,0.0
degraded_ups_3s_interruption_during_dress,NO_CONNECTION,320,3.19,3.2,True,0.0,3.299980966618143e-20,BYPASS,0.0,0.0,True,0.006624754033733148,0.0,0.0004940567063156834,0.0,100000.16595004126,1.6595004126429558e-10,293.15,2.0372681319712641e-13,0.0,0.0,0.0,1.0,1.0,1.0,293.15,1.0,DRESS,0.5279878383166677,293.15,0.0,0.0
degraded_ups_3s_interruption_during_dress,NO_CONNECTION,321,3.2,3.21,True,0.0,2.639984773294514e-20,BYPASS,0.0,0.0,True,0.006293516332046491,0.0,0.00044588617744990437,0.0,100000.15436671674,1.5436671674251557e-10,293.15,1.16415321826922e-13,0.0,0.0,0.0,1.0,1.0,1.0,293.15,1.0,DRESS,0.5280727950683641,293.15,0.0,0.0
degraded_ups_3s_interruption_during_dress,NO_CONNECTION,322,3.21,3.22,True,0.0,2.1119878186356113e-20,BYPASS,0.0,0.0,True,0.0059788405154441665,0.0,0.00040241227514853877,0.0,100000.14359829947,1.435982994735241e-10,293.15,-2.9103830456717574e-14,0.0,0.0,0.0,1.0,1.0,1.0,293.15,1.0,DRESS,0.5281577365118355,293.15,0.0,0.0
degraded_ups_3s_interruption_during_dress,NO_CONNECTION,323,3.22,3.23,True,0.0,1.689590254908489e-20,BYPASS,0.0,0.0,True,0.005679898489671958,0.0,0.0003631770783215563,0.0,100000.1335865818,1.335865817964077e-10,293.15,-1.4551915228366542e-13,0.0,0.0,0.0,1.0,1.0,1.0,293.15,1.0,DRESS,0.5282426626498434,293.15,0.0,0.0
degraded_ups_3s_interruption_during_dress,NO_CONNECTION,324,3.23,3.24,True,0.0,1.3516722039267912e-20,BYPASS,0.0,0.0,True,0.00539590356518836,0.0,0.0003277673131852045,0.0,100000.12427335605,1.242733560502529e-10,293.15,-1.4551915228363957e-13,0.0,0.0,0.0,1.0,1.0,1.0,293.15,1.0,DRESS,0.5283275734851488,293.15,0.0,0.0
degraded_ups_3s_interruption_during_dress,NO_CONNECTION,325,3.24,3.25,True,0.0,1.081337763141433e-20,BYPASS,0.0,0.0,True,0.005126108386928942,0.0,0.000295810000149647,0.0,100000.11560041457,1.1560041457414627e-10,293.15,5.8207660913461e-14,0.0,0.0,0.0,1.0,1.0,1.0,293.15,1.0,DRESS,0.528412469020512,293.15,0.0,0.0
degraded_ups_3s_interruption_during_dress,NO_CONNECTION,326,3.25,3.2600000000000002,True,0.0,8.650702105131464e-21,BYPASS,0.0,0.0,True,0.0048698029675824945,0.0,0.0002669685251350564,0.0,100000.10756775737,1.0756775736808777e-10,293.15,-6.984919309616095e-13,0.0,0.0,0.0,1.0,1.0,1.0,293.15,1.0,DRESS,0.528497349258693,293.15,0.0,0.0
degraded_ups_3s_interruption_during_dress,NO_CONNECTION,327,3.2600000000000002,3.27,True,0.0,6.92056168410517e-21,BYPASS,0.0,0.0,True,0.00462631281920337,0.0,0.00024093909393438842,0.0,100000.10005896911,1.0005896911025048e-10,293.15,8.731149137020442e-14,0.0,0.0,0.0,1.0,1.0,1.0,293.15,1.0,DRESS,0.5285822142024511,293.15,0.0,0.0
degraded_ups_3s_interruption_during_dress,NO_CONNECTION,328,3.27,3.2800000000000002,True,0.0,5.536449347284136e-21,BYPASS,0.0,0.0,True,0.004394997178243201,0.0,0.0002174475322757855,0.0,100000.0930740498,9.307404980063438e-11,293.15,8.731149137020442e-14,0.0,0.0,0.0,1.0,1.0,1.0,293.15,1.0,DRESS,0.5286670638545454,293.15,0.0,0.0
degraded_ups_3s_interruption_during_dress,NO_CONNECTION,329,3.2800000000000002,3.29,True,0.0,4.429159477827309e-21,BYPASS,0.0,0.0,True,0.004175247319331041,0.0,0.0001962463978788964,0.0,100000.08661299944,8.66129994392395e-11,293.15,-6.984919309616095e-13,0.0,0.0,0.0,1.0,1.0,1.0,293.15,1.0,DRESS,0.5287518982177343,293.15,0.0,0.0
degraded_ups_3s_interruption_during_dress,NO_CONNECTION,330,3.29,3.3000000000000003,True,0.0,3.5433275822618466e-21,BYPASS,0.0,0.0,True,0.003966484953364489,0.0,0.00017711237408570406,0.0,100000.0805594027,8.055940270423889e-11,293.15,2.328306436538957e-13,0.0,0.0,0.0,1.0,1.0,1.0,293.15,1.0,DRESS,0.5288367172947757,293.15,0.0,0.0
degraded_ups_3s_interruption_during_dress,NO_CONNECTION,331,3.3000000000000003,3.31,True,0.0,2.8346620658094774e-21,BYPASS,0.0,0.0,True,0.0037681607056962644,0.0,0.00015984391761234788,0.0,100000.07497146726,7.497146725654602e-11,293.15,-6.984919309615966e-13,0.0,0.0,0.0,1.0,1.0,1.0,293.15,1.0,DRESS,0.5289215210884269,293.15,0.0,0.0
degraded_ups_3s_interruption_during_dress,NO_CONNECTION,332,3.31,3.3200000000000003,True,0.0,2.267729652647582e-21,BYPASS,0.0,0.0,True,0.0035797526704114515,0.0,0.000144259135645144,0.0,100000.06973277777,6.973277777433395e-11,293.15,1.7462298274040884e-13,0.0,0.0,0.0,1.0,1.0,1.0,293.15,1.0,DRESS,0.5290063096014451,293.15,0.0,0.0
degraded_ups_3s_interruption_during_dress,NO_CONNECTION,333,3.3200000000000003,3.33,True,0.0,1.8141837221180655e-21,BYPASS,0.0,0.0,True,0.003400765036890879,0.0,0.00013019386991974243,0.0,100000.06484333426,6.48433342576027e-11,293.15,5.238689482211877e-13,0.0,0.0,0.0,1.0,1.0,1.0,293.15,1.0,DRESS,0.5290910828365866,293.15,0.0,0.0
degraded_ups_3s_interruption_during_dress,NO_CONNECTION,334,3.33,3.34,True,0.0,1.4513469776944524e-21,BYPASS,0.0,0.0,True,0.003230726785046335,0.0,0.00011749996760256755,0.0,100000.0603031367,6.030313670635224e-11,293.15,3.4924596548080475e-13,0.0,0.0,0.0,1.0,1.0,1.0,293.15,1.0,DRESS,0.5291758407966073,293.15,0.0,0.0
degraded_ups_3s_interruption_during_dress,NO_CONNECTION,335,3.34,3.35,True,0.0,1.1610775821555619e-21,BYPASS,0.0,0.0,True,0.0030691904457940183,0.0,0.00010604372076131724,0.0,100000.05611218512,5.611218512058258e-11,293.15,-3.4924596548080475e-13,0.0,0.0,0.0,1.0,1.0,1.0,293.15,1.0,DRESS,0.5292605834842627,293.15,0.0,0.0
degraded_ups_3s_interruption_during_dress,NO_CONNECTION,336,3.35,3.36,True,0.0,9.288620657244495e-22,BYPASS,0.0,0.0,True,0.0029157309235043173,0.0,9.570445798708878e-05,0.0,100000.05215406418,5.21540641784668e-11,293.15,9.313225746154793e-13,0.0,0.0,0.0,1.0,1.0,1.0,293.15,1.0,DRESS,0.5293453109023079,293.15,0.0,0.0
degraded_ups_3s_interruption_during_dress,NO_CONNECTION,337,3.36,3.37,True,0.0,7.430896525795595e-22,BYPASS,0.0,0.0,True,0.0027699443773291014,0.0,8.637327333334762e-05,0.0,100000.0485451892,4.8545189201831816e-11,293.15,-6.402842700481356e-13,0.0,0.0,0.0,1.0,1.0,1.0,293.15,1.0,DRESS,0.5294300230534971,293.15,0.0,0.0
degraded_ups_3s_interruption_during_dress,NO_CONNECTION,338,3.37,3.38,True,0.0,5.944717220636476e-22,BYPASS,0.0,0.0,True,0.0026314471584626465,0.0,7.795187918334626e-05,0.0,100000.04516914487,4.516914486885071e-11,293.15,-2.3283064365388276e-13,0.0,0.0,0.0,1.0,1.0,1.0,293.15,1.0,DRESS,0.5295147199405843,293.15,0.0,0.0
degraded_ups_3s_interruption_during_dress,NO_CONNECTION,339,3.38,3.39,True,0.0,4.755773776509181e-22,BYPASS,0.0,0.0,True,0.002499874800539514,0.0,7.035157096296998e-05,0.0,100000.04202593118,4.2025931179523467e-11,293.15,-1.7462298274039591e-13,0.0,0.0,0.0,1.0,1.0,1.0,293.15,1.0,DRESS,0.529599401566323,293.15,0.0,0.0
degraded_ups_3s_interruption_during_dress,NO_CONNECTION,340,3.39,3.4,True,0.0,3.8046190212073445e-22,BYPASS,0.0,0.0,True,0.0023748810605125383,0.0,6.349229279408041e-05,0.0,100000.03911554813,3.91155481338501e-11,293.15,-4.656612873077397e-13,0.0,0.0,0.0,1.0,1.0,1.0,293.15,1.0,DRESS,0.5296840679334662,293.15,0.0,0.0
degraded_ups_3s_interruption_during_dress,NO_CONNECTION,341,3.4,3.41,True,0.0,3.0436952169658757e-22,BYPASS,0.0,0.0,True,0.0022561370074869113,0.0,5.7301794246657564e-05,0.0,100000.03637978807,3.637978807091713e-11,293.15,1.4551915228367188e-13,0.0,0.0,0.0,1.0,1.0,1.0,293.15,1.0,DRESS,0.5297687190447663,293.15,0.0,0.0
degraded_ups_3s_interruption_during_dress,NO_CONNECTION,342,3.41,3.42,True,0.0,2.4349561735727007e-22,BYPASS,0.0,0.0,True,0.0021433301571125657,0.0,5.171486930760846e-05,0.0,100000.03387685865,3.387685865163803e-11,293.15,-7.56699591875077e-13,0.0,0.0,0.0,1.0,1.0,1.0,293.15,1.0,DRESS,0.5298533549029752,293.15,0.0,0.0
degraded_ups_3s_interruption_during_dress,NO_CONNECTION,343,3.42,3.43,True,0.0,1.9479649388581606e-22,BYPASS,0.0,0.0,True,0.0020361636492569374,0.0,4.667266955011661e-05,0.0,100000.03154855222,3.154855221509934e-11,293.15,-7.56699591875077e-13,0.0,0.0,0.0,1.0,1.0,1.0,293.15,1.0,DRESS,0.5299379755108446,293.15,0.0,0.0
degraded_ups_3s_interruption_during_dress,NO_CONNECTION,344,3.43,3.44,True,0.0,1.5583719510865286e-22,BYPASS,0.0,0.0,True,0.0019343554667940906,0.0,4.2122084268980256e-05,0.0,100000.0293366611,2.9336661100387573e-11,293.15,2.3283064365386984e-13,0.0,0.0,0.0,1.0,1.0,1.0,293.15,1.0,DRESS,0.5300225808711253,293.15,0.0,0.0
degraded_ups_3s_interruption_during_dress,NO_CONNECTION,345,3.44,3.45,True,0.0,1.246697560869223e-22,BYPASS,0.0,0.0,True,0.001837637693454386,0.0,3.801518105275468e-05,0.0,100000.02729939297,2.7299392968416212e-11,293.15,-2.0372681319713288e-13,0.0,0.0,0.0,1.0,1.0,1.0,293.15,1.0,DRESS,0.5301071709865678,293.15,0.0,0.0
degraded_ups_3s_interruption_during_dress,NO_CONNECTION,346,3.45,3.46,True,0.0,9.973580486953783e-23,BYPASS,0.0,0.0,True,0.0017457558087816667,0.0,3.43087009001111e-05,0.0,100000.02537854016,2.537854015827179e-11,293.15,3.4924596548080475e-13,0.0,0.0,0.0,1.0,1.0,1.0,293.15,1.0,DRESS,0.530191745859922,293.15,0.0,0.0
degraded_ups_3s_interruption_during_dress,NO_CONNECTION,347,3.46,3.47,True,0.0,7.978864389563026e-23,BYPASS,0.0,0.0,True,0.0016584680183425835,0.0,3.0963602562350264e-05,0.0,100000.02363231033,2.363231033086777e-11,293.15,-5.238689482212071e-13,0.0,0.0,0.0,1.0,1.0,1.0,293.15,1.0,DRESS,0.5302763054939374,293.15,0.0,0.0
degraded_ups_3s_interruption_during_dress,NO_CONNECTION,348,3.47,3.48,True,0.0,6.38309151165042e-23,BYPASS,0.0,0.0,True,0.0015755446174254544,0.0,2.7944651312521127e-05,0.0,100000.02200249583,2.200249582529068e-11,293.15,-4.0745362639426575e-13,0.0,0.0,0.0,1.0,1.0,1.0,293.15,1.0,DRESS,0.5303608498913631,293.15,0.0,0.0
degraded_ups_3s_interruption_during_dress,NO_CONNECTION,349,3.48,3.49,True,0.0,5.106473209320336e-23,BYPASS,0.0,0.0,True,0.0014967673865541817,0.0,2.5220047809550307e-05,0.0,100000.02048909664,2.0489096641540526e-11,293.15,-4.656612873077397e-13,0.0,0.0,0.0,1.0,1.0,1.0,293.15,1.0,DRESS,0.5304453790549476,293.15,0.0,0.0
degraded_ups_3s_interruption_during_dress,NO_CONNECTION,350,3.49,3.5,True,0.0,4.085178567456269e-23,BYPASS,0.0,0.0,True,0.0014219290172264726,0.0,2.2761093148119153e-05,0.0,100000.01909211278,1.909211277961731e-11,293.15,-6.984919309616063e-13,0.0,0.0,0.0,1.0,1.0,1.0,293.15,1.0,DRESS,0.5305298929874388,293.15,0.0,0.0
degraded_ups_3s_interruption_during_dress,NO_CONNECTION,351,3.5,3.5100000000000002,True,0.0,3.268142853965015e-23,BYPASS,0.0,0.0,True,0.001350832566365149,0.0,2.0541886566177536e-05,0.0,100000.01775333658,1.775333657860756e-11,293.15,1.4551915228366865e-13,0.0,0.0,0.0,1.0,1.0,1.0,293.15,1.0,DRESS,0.5306143916915842,293.15,0.0,0.0
degraded_ups_3s_interruption_during_dress,NO_CONNECTION,352,3.5100000000000002,3.52,True,0.0,2.614514283172012e-23,BYPASS,0.0,0.0,True,0.0012832909380468915,0.0,1.853905262597523e-05,0.0,100000.0165309757,1.6530975699424742e-11,293.15,-3.492459654808015e-13,0.0,0.0,0.0,1.0,1.0,1.0,293.15,1.0,DRESS,0.5306988751701307,293.15,0.0,0.0
degraded_ups_3s_interruption_during_dress,NO_CONNECTION,353,3.52,3.5300000000000002,True,0.0,2.0916114265376096e-23,BYPASS,0.0,0.0,True,0.001219126391144547,0.0,1.6731494994942644e-05,0.0,100000.01536682248,1.5366822481155396e-11,293.15,2.3283064365386984e-13,0.0,0.0,0.0,1.0,1.0,1.0,293.15,1.0,DRESS,0.530783343425825,293.15,0.0,0.0
degraded_ups_3s_interruption_during_dress,NO_CONNECTION,354,3.5300000000000002,3.54,True,0.0,1.6732891412300876e-23,BYPASS,0.0,0.0,True,0.0011581700715873197,0.0,1.510017423293574e-05,0.0,100000.01431908458,1.4319084584712982e-11,293.15,-5.238689482212071e-13,0.0,0.0,0.0,1.0,1.0,1.0,293.15,1.0,DRESS,0.530867796461413,293.15,0.0,0.0
degraded_ups_3s_interruption_during_dress,NO_CONNECTION,355,3.54,3.5500000000000003,True,0.0,1.3386313129840702e-23,BYPASS,0.0,0.0,True,0.0011002615680079538,0.0,1.3627907245224505e-05,0.0,100000.01332955435,1.3329554349184037e-11,293.15,-2.037268131971361e-13,0.0,0.0,0.0,1.0,1.0,1.0,293.15,1.0,DRESS,0.5309522342796402,293.15,0.0,0.0
degraded_ups_3s_interruption_during_dress,NO_CONNECTION,356,3.5500000000000003,3.56,True,0.0,1.0709050503872562e-23,BYPASS,0.0,0.0,True,0.001045248489607556,0.0,1.2299186288815115e-05,0.0,100000.01239823177,1.2398231774568557e-11,293.15,2.910383045673373e-14,0.0,0.0,0.0,1.0,1.0,1.0,293.15,1.0,DRESS,0.5310366568832516,293.15,0.0,0.0
degraded_ups_3s_interruption_during_dress,NO_CONNECTION,357,3.56,3.5700000000000003,True,0.0,8.567240403098049e-24,BYPASS,0.0,0.0,True,0.0009929860651271781,0.0,1.110001562565564e-05,0.0,100000.01152511686,1.1525116860866547e-11,293.15,1.7462298274039915e-13,0.0,0.0,0.0,1.0,1.0,1.0,293.15,1.0,DRESS,0.5311210642749918,293.15,0.0,0.0
degraded_ups_3s_interruption_during_dress,NO_CONNECTION,358,3.5700000000000003,3.58,True,0.0,6.853792322478438e-24,BYPASS,0.0,0.0,True,0.0009433367618708193,0.0,1.0017764102154216e-05,0.0,100000.01071020961,1.0710209608078003e-11,293.15,2.3283064365386984e-13,0.0,0.0,0.0,1.0,1.0,1.0,293.15,1.0,DRESS,0.5312054564576048,293.15,0.0,0.0
degraded_ups_3s_interruption_during_dress,NO_CONNECTION,359,3.58,3.59,True,0.0,5.483033857982751e-24,BYPASS,0.0,0.0,True,0.0008961699237772784,0.0,9.04103210219418e-06,0.0,100000.00995351002,9.953510016202927e-12,293.15,2.037268131971361e-13,0.0,0.0,0.0,1.0,1.0,1.0,293.15,1.0,DRESS,0.531289833433834,293.15,0.0,0.0
degraded_ups_3s_interruption_during_dress,NO_CONNECTION,360,3.59,3.6,True,0.0,4.386427086386201e-24,BYPASS,0.0,0.0,True,0.0008513614275884145,0.0,8.159531472230248e-06,0.0,100000.00925501809,9.255018085241318e-12,293.15,8.73114913702028e-14,0.0,0.0,0.0,1.0,1.0,1.0,293.15,1.0,DRESS,0.5313741952064225,293.15,0.0,0.0
degraded_ups_3s_interruption_during_dress,NO_CONNECTION,361,3.6,3.61,True,0.0,3.5091416691089606e-24,BYPASS,0.0,0.0,True,0.0008087933562089938,0.0,7.363977153687801e-06,0.0,100000.00861473382,8.614733815193176e-12,293.15,-1.164153218269333e-13,0.0,0.0,0.0,1.0,1.0,1.0,293.15,1.0,DRESS,0.5314585417781129,293.15,0.0,0.0
degraded_ups_3s_interruption_during_dress,NO_CONNECTION,362,3.61,3.62,True,0.0,2.8073133352871683e-24,BYPASS,0.0,0.0,True,0.0007683536883985441,0.0,6.6459893812032395e-06,0.0,100000.0080326572,8.032657206058503e-12,293.15,-4.074536263942722e-13,0.0,0.0,0.0,1.0,1.0,1.0,293.15,1.0,DRESS,0.5315428731516473,293.15,0.0,0.0
degraded_ups_3s_interruption_during_dress,NO_CONNECTION,363,3.62,3.63,True,0.0,2.2458506682297346e-24,BYPASS,0.0,0.0,True,0.0007299360039786168,0.0,5.998005416535922e-06,0.0,100000.0074505806,7.450580596923828e-12,293.15,4.656612873077397e-13,0.0,0.0,0.0,1.0,1.0,1.0,293.15,1.0,DRESS,0.531627189329767,293.15,0.0,0.0
degraded_ups_3s_interruption_during_dress,NO_CONNECTION,364,3.63,3.64,True,0.0,1.7966805345837875e-24,BYPASS,0.0,0.0,True,0.000693439203779686,0.0,5.41319988842367e-06,0.0,100000.00692671165,6.926711648702621e-12,293.15,8.731149137020119e-14,0.0,0.0,0.0,1.0,1.0,1.0,293.15,1.0,DRESS,0.5317114903152134,293.15,0.0,0.0
degraded_ups_3s_interruption_during_dress,NO_CONNECTION,365,3.64,3.65,True,0.0,1.43734442766703e-24,BYPASS,0.0,0.0,True,0.0006587672435907016,0.0,4.885412899302361e-06,0.0,100000.0064028427,6.402842700481415e-12,293.15,8.731149137020103e-13,0.0,0.0,0.0,1.0,1.0,1.0,293.15,1.0,DRESS,0.5317957761107267,293.15,0.0,0.0
degraded_ups_3s_interruption_during_dress,NO_CONNECTION,366,3.65,3.66,True,0.0,1.149875542133624e-24,BYPASS,0.0,0.0,True,0.0006258288814111665,0.0,4.4090851416203805e-06,0.0,100000.00593718141,5.937181413173675e-12,293.15,4.074536263942722e-13,0.0,0.0,0.0,1.0,1.0,1.0,293.15,1.0,DRESS,0.5318800467190472,293.15,0.0,0.0
degraded_ups_3s_interruption_during_dress,NO_CONNECTION,367,3.66,3.67,True,0.0,9.199004337068992e-25,BYPASS,0.0,0.0,True,0.0005945374373406082,0.0,3.979199340312393e-06,0.0,100000.00552972779,5.529727786779404e-12,293.15,-1.4551915228366865e-13,0.0,0.0,0.0,1.0,1.0,1.0,293.15,1.0,DRESS,0.5319643021429143,293.15,0.0,0.0
degraded_ups_3s_interruption_during_dress,NO_CONNECTION,368,3.67,3.68,True,0.0,7.359203469655193e-25,BYPASS,0.0,0.0,True,0.0005648105654735778,0.0,3.5912274046319356e-06,0.0,100000.00512227416,5.1222741603851315e-12,293.15,4.656612873077397e-13,0.0,0.0,0.0,1.0,1.0,1.0,293.15,1.0,DRESS,0.5320485423850673,293.15,0.0,0.0
degraded_ups_3s_interruption_during_dress,NO_CONNECTION,369,3.68,3.69,True,0.0,5.887362775724155e-25,BYPASS,0.0,0.0,True,0.0005365700371998989,0.0,3.241082732680321e-06,0.0,100000.0047730282,4.7730281949043276e-12,293.15,-1.7462298274040157e-13,0.0,0.0,0.0,1.0,1.0,1.0,293.15,1.0,DRESS,0.5321327674482446,293.15,0.0,0.0
degraded_ups_3s_interruption_during_dress,NO_CONNECTION,370,3.69,3.7,True,0.0,4.709890220579323e-25,BYPASS,0.0,0.0,True,0.0005097415353399039,0.0,2.9250771662439897e-06,0.0,100000.00442378223,4.423782229423523e-12,293.15,3.4924596548080556e-13,0.0,0.0,0.0,1.0,1.0,1.0,293.15,1.0,DRESS,0.5322169773351842,293.15,0.0,0.0
degraded_ups_3s_interruption_during_dress,NO_CONNECTION,371,3.7,3.71,True,0.0,3.7679121764634586e-25,BYPASS,0.0,0.0,True,0.0004842544585729087,0.0,2.639882142535201e-06,0.0,100000.00407453626,4.074536263942719e-12,293.15,8.731149137020111e-13,0.0,0.0,0.0,1.0,1.0,1.0,293.15,1.0,DRESS,0.5323011720486239,293.15,0.0,0.0
degraded_ups_3s_interruption_during_dress,NO_CONNECTION,372,3.71,3.72,True,0.0,3.014329741170767e-25,BYPASS,0.0,0.0,True,0.0004600417356442633,0.0,2.382493633638019e-06,0.0,100000.00378349796,3.783497959375382e-12,293.15,1.4551915228366865e-13,0.0,0.0,0.0,1.0,1.0,1.0,293.15,1.0,DRESS,0.5323853515913007,293.15,0.0,0.0
degraded_ups_3s_interruption_during_dress,NO_CONNECTION,373,3.72,3.73,True,0.0,2.4114637929366135e-25,BYPASS,0.0,0.0,True,0.00043703964886205015,0.0,2.150200504358312e-06,0.0,100000.00349245965,3.4924596548080443e-12,293.15,5.820766091346746e-13,0.0,0.0,0.0,1.0,1.0,1.0,293.15,1.0,DRESS,0.5324695159659513,293.15,0.0,0.0
degraded_ups_3s_interruption_during_dress,NO_CONNECTION,374,3.73,3.74,True,0.0,1.9291710343492907e-25,BYPASS,0.0,0.0,True,0.00041518766641894766,0.0,1.9405559551833772e-06,0.0,100000.00325962901,3.259629011154175e-12,293.15,-2.3283064365386984e-13,0.0,0.0,0.0,1.0,1.0,1.0,293.15,1.0,DRESS,0.5325536651753116,293.15,0.0,0.0
degraded_ups_3s_interruption_during_dress,NO_CONNECTION,375,3.74,3.75,True,0.0,1.5433368274794325e-25,BYPASS,0.0,0.0,True,0.0003944282830980003,0.0,1.7513517495529976e-06,0.0,100000.00302679837,3.026798367500305e-12,293.15,1.1641532182693492e-13,0.0,0.0,0.0,1.0,1.0,1.0,293.15,1.0,DRESS,0.5326377992221173,293.15,0.0,0.0
degraded_ups_3s_interruption_during_dress,NO_CONNECTION,376,3.75,3.7600000000000002,True,0.0,1.234669461983546e-25,BYPASS,0.0,0.0,True,0.0003747068689431003,0.0,1.5805949539715804e-06,0.0,100000.00279396772,2.7939677238464356e-12,293.15,4.656612873077389e-13,0.0,0.0,0.0,1.0,1.0,1.0,293.15,1.0,DRESS,0.5327219181091035,293.15,0.0,0.0
degraded_ups_3s_interruption_during_dress,NO_CONNECTION,377,3.7600000000000002,3.77,True,0.0,9.877355695868368e-26,BYPASS,0.0,0.0,True,0.00035597152549594527,0.0,1.4264869459593516e-06,0.0,100000.00256113708,2.5611370801925658e-12,293.15,8.149072527885436e-13,0.0,0.0,0.0,1.0,1.0,1.0,293.15,1.0,DRESS,0.5328060218390049,293.15,0.0,0.0
degraded_ups_3s_interruption_during_dress,NO_CONNECTION,378,3.77,3.7800000000000002,True,0.0,7.901884556694695e-26,BYPASS,0.0,0.0,True,0.000338172949221148,0.0,1.2874044687283146e-06,0.0,100000.0023865141,2.3865140974521638e-12,293.15,-8.731149137020078e-14,0.0,0.0,0.0,1.0,1.0,1.0,293.15,1.0,DRESS,0.5328901104145557,293.15,0.0,0.0
degraded_ups_3s_interruption_during_dress,NO_CONNECTION,379,3.7800000000000002,3.79,True,0.0,6.321507645355755e-26,BYPASS,0.0,0.0,True,0.0003212643017600906,0.0,1.1618825330273036e-06,0.0,100000.00221189111,2.2118911147117614e-12,293.15,1.7462298274040278e-13,0.0,0.0,0.0,1.0,1.0,1.0,293.15,1.0,DRESS,0.5329741838384894,293.15,0.0,0.0
degraded_ups_3s_interruption_during_dress,NO_CONNECTION,380,3.79,3.8000000000000003,True,0.0,5.057206116284604e-26,BYPASS,0.0,0.0,True,0.0003052010866720861,0.0,1.0485989860571418e-06,0.0,100000.0020954758,2.0954757928848265e-12,293.15,-8.149072527885432e-13,0.0,0.0,0.0,1.0,1.0,1.0,293.15,1.0,DRESS,0.533058242113539,293.15,0.0,0.0
degraded_ups_3s_interruption_during_dress,NO_CONNECTION,381,3.8000000000000003,3.81,True,0.0,4.045764893027683e-26,BYPASS,0.0,0.0,True,0.00028994103233848177,0.0,9.463605849165703e-07,0.0,100000.00197906047,1.979060471057892e-12,293.15,-6.402842700481416e-13,0.0,0.0,0.0,1.0,1.0,1.0,293.15,1.0,DRESS,0.5331422852424375,293.15,0.0,0.0
degraded_ups_3s_interruption_during_dress,NO_CONNECTION,382,3.81,3.8200000000000003,True,0.0,3.2366119144221465e-26,BYPASS,0.0,0.0,True,0.0002754439807215577,0.0,8.540904278872049e-07,0.0,100000.00186264515,1.862645149230957e-12,293.15,-4.656612873077393e-13,0.0,0.0,0.0,1.0,1.0,1.0,293.15,1.0,DRESS,0.5332263132279167,293.15,0.0,0.0
degraded_ups_3s_interruption_during_dress,NO_CONNECTION,383,3.8200000000000003,3.83,True,0.0,2.589289531537717e-26,BYPASS,0.0,0.0,True,0.0002616717816854798,0.0,7.708166111682024e-07,0.0,100000.00174622983,1.7462298274040222e-12,293.15,-2.910383045673369e-13,0.0,0.0,0.0,1.0,1.0,1.0,293.15,1.0,DRESS,0.5333103260727085,293.15,0.0,0.0
degraded_ups_3s_interruption_during_dress,NO_CONNECTION,384,3.83,3.84,True,0.0,2.0714316252301737e-26,BYPASS,0.0,0.0,True,0.0002485881926012058,0.0,6.956619915793028e-07,0.0,100000.0016298145,1.6298145055770874e-12,293.15,-1.1641532182693492e-13,0.0,0.0,0.0,1.0,1.0,1.0,293.15,1.0,DRESS,0.533394323779544,293.15,0.0,0.0
degraded_ups_3s_interruption_during_dress,NO_CONNECTION,385,3.84,3.85,True,0.0,1.657145300184139e-26,BYPASS,0.0,0.0,True,0.00023615878297114553,0.0,6.278349474003208e-07,0.0,100000.00151339918,1.5133991837501525e-12,293.15,5.820766091346746e-14,0.0,0.0,0.0,1.0,1.0,1.0,293.15,1.0,DRESS,0.5334783063511539,293.15,0.0,0.0
degraded_ups_3s_interruption_during_dress,NO_CONNECTION,386,3.85,3.86,True,0.0,1.325716240147311e-26,BYPASS,0.0,0.0,True,0.00022435084382258825,0.0,5.666210400287895e-07,0.0,100000.00139698386,1.3969838619232178e-12,293.15,2.3283064365386943e-13,0.0,0.0,0.0,1.0,1.0,1.0,293.15,1.0,DRESS,0.5335622737902683,293.15,0.0,0.0
degraded_ups_3s_interruption_during_dress,NO_CONNECTION,387,3.86,3.87,True,0.0,1.060572992117849e-26,BYPASS,0.0,0.0,True,0.00021313330163145883,0.0,5.113754886259824e-07,0.0,100000.00128056854,1.2805685400962829e-12,293.15,4.074536263942718e-13,0.0,0.0,0.0,1.0,1.0,1.0,293.15,1.0,DRESS,0.533646226099617,293.15,0.0,0.0
degraded_ups_3s_interruption_during_dress,NO_CONNECTION,388,3.87,3.88,True,0.0,8.484583936942791e-27,BYPASS,0.0,0.0,True,0.0002024766365498859,0.0,4.615163784849492e-07,0.0,100000.00116415322,1.1641532182693482e-12,293.15,5.820766091346742e-13,0.0,0.0,0.0,1.0,1.0,1.0,293.15,1.0,DRESS,0.533730163281929,293.15,0.0,0.0
degraded_ups_3s_interruption_during_dress,NO_CONNECTION,389,3.88,3.89,True,0.0,6.787667149554233e-27,BYPASS,0.0,0.0,True,0.0001923528047223916,0.0,4.165185315826667e-07,0.0,100000.0010477379,1.0477378964424133e-12,293.15,7.566995918750766e-13,0.0,0.0,0.0,1.0,1.0,1.0,293.15,1.0,DRESS,0.5338140853399332,293.15,0.0,0.0
degraded_ups_3s_interruption_during_dress,NO_CONNECTION,390,3.89,3.9,True,0.0,5.430133719643386e-27,BYPASS,0.0,0.0,True,0.00018273516448627202,0.0,3.7590797475335665e-07,0.0,100000.00093132257,9.313225746154785e-13,293.15,9.313225746154785e-13,0.0,0.0,0.0,1.0,1.0,1.0,293.15,1.0,DRESS,0.5338979922763578,293.15,0.0,0.0
degraded_ups_3s_interruption_during_dress,NO_CONNECTION,391,3.9,3.91,True,0.0,4.344106975714709e-27,BYPASS,0.0,0.0,True,0.00017359840626195841,0.0,3.3925694721490435e-07,0.0,100000.00087311491,8.731149137020111e-13,293.15,-1.4551915228366845e-13,0.0,0.0,0.0,1.0,1.0,1.0,293.15,1.0,DRESS,0.5339818840939304,293.15,0.0,0.0
degraded_ups_3s_interruption_during_dress,NO_CONNECTION,392,3.91,3.92,True,0.0,3.475285580571767e-27,BYPASS,0.0,0.0,True,0.0001649184859488605,0.0,3.0617939486145117e-07,0.0,100000.00081490725,8.149072527885437e-13,293.15,-5.820766091346746e-14,0.0,0.0,0.0,1.0,1.0,1.0,293.15,1.0,DRESS,0.5340657607953784,293.15,0.0,0.0
degraded_ups_3s_interruption_during_dress,NO_CONNECTION,393,3.92,3.93,True,0.0,2.7802284644574135e-27,BYPASS,0.0,0.0,True,0.0001566725616514175,0.0,2.763269038624597e-07,0.0,100000.00075669959,7.566995918750763e-13,293.15,2.910383045673373e-14,0.0,0.0,0.0,1.0,1.0,1.0,293.15,1.0,DRESS,0.5341496223834283,293.15,0.0,0.0
degraded_ups_3s_interruption_during_dress,NO_CONNECTION,394,3.93,3.94,True,0.0,2.2241827715659308e-27,BYPASS,0.0,0.0,True,0.00014883893356884662,0.0,2.4938503073587e-07,0.0,100000.00069849193,6.984919309616089e-13,293.15,1.1641532182693472e-13,0.0,0.0,0.0,1.0,1.0,1.0,293.15,1.0,DRESS,0.5342334688608066,293.15,0.0,0.0
degraded_ups_3s_interruption_during_dress,NO_CONNECTION,395,3.94,3.95,True,0.0,1.7793462172527445e-27,BYPASS,0.0,0.0,True,0.0001413969868904043,0.0,2.2506999023912265e-07,0.0,100000.00064028427,6.402842700481414e-13,293.15,2.037268131971359e-13,0.0,0.0,0.0,1.0,1.0,1.0,293.15,1.0,DRESS,0.5343173002302388,293.15,0.0,0.0
degraded_ups_3s_interruption_during_dress,NO_CONNECTION,396,3.95,3.96,True,0.0,1.4234769738021956e-27,BYPASS,0.0,0.0,True,0.00013432713754588408,0.0,2.031256661908082e-07,0.0,100000.00058207661,5.820766091346741e-13,293.15,2.910383045673371e-13,0.0,0.0,0.0,1.0,1.0,1.0,293.15,1.0,DRESS,0.5344011164944503,293.15,0.0,0.0
degraded_ups_3s_interruption_during_dress,NO_CONNECTION,397,3.96,3.97,True,0.0,1.1387815790417565e-27,BYPASS,0.0,0.0,True,0.0001276107806685899,0.0,1.8332091373720446e-07,0.0,100000.00058207661,5.820766091346741e-13,293.15,-8.731149137020111e-13,0.0,0.0,0.0,1.0,1.0,1.0,293.15,1.0,DRESS,0.5344849176561658,293.15,0.0,0.0
degraded_ups_3s_interruption_during_dress,NO_CONNECTION,398,3.97,3.98,True,0.0,9.110252632334051e-28,BYPASS,0.0,0.0,True,0.0001212302416351604,0.0,1.65447124647827e-07,0.0,100000.00058207661,5.820766091346741e-13,293.15,-8.731149137020111e-13,0.0,0.0,0.0,1.0,1.0,1.0,293.15,1.0,DRESS,0.5345687037181096,293.15,0.0,0.0
degraded_ups_3s_interruption_during_dress,NO_CONNECTION,399,3.98,3.99,True,0.0,7.2882021058672405e-28,BYPASS,0.0,0.0,True,0.00011516872955340238,0.0,1.493160299946639e-07,0.0,100000.00058207661,5.820766091346741e-13,293.15,-8.731149137020111e-13,0.0,0.0,0.0,1.0,1.0,1.0,293.15,1.0,DRESS,0.5346524746830055,293.15,0.0,0.0
degraded_ups_3s_interruption_during_dress,NO_CONNECTION,400,3.99,4.0,True,0.0,5.830561684693793e-28,BYPASS,0.0,0.0,True,0.00010941029307573226,0.0,1.3475771707018414e-07,0.0,100000.00058207661,5.820766091346741e-13,293.15,-8.731149137020111e-13,0.0,0.0,0.0,1.0,1.0,1.0,293.15,1.0,DRESS,0.5347362305535767,293.15,0.0,0.0
degraded_ups_3s_interruption_during_dress,NO_CONNECTION,401,4.0,4.01,False,1.0,0.19999999999999998,RECOVERY,5.0,0.0,True,0.00010393977842194564,0.0,1.216188396558412e-07,0.0,100000.00058207661,5.820766091346741e-13,293.15,-8.731149137020111e-13,0.0,0.0,0.0,1.0,1.0,1.0,293.15,1.0,DRESS,0.5348199713325461,293.15,0.0,0.0
degraded_ups_3s_interruption_during_dress,NO_CONNECTION,402,4.01,4.0200000000000005,False,1.0,0.36,RECOVERY,10.0,0.0,True,9.874278950084836e-05,0.0,1.0976100278939668e-07,0.0,100000.00058207661,5.820766091346741e-13,293.15,-8.731149137020111e-13,0.0,0.0,0.0,1.0,1.0,1.0,293.15,1.0,DRESS,0.534903697022636,293.15,0.0,0.0
degraded_ups_3s_interruption_during_dress,NO_CONNECTION,403,4.0200000000000005,4.03,False,1.0,0.488,RECOVERY,15.0,0.0,True,9.380565002580594e-05,0.0,9.905930501743049e-08,0.0,100000.00058207661,5.820766091346741e-13,293.15,-8.731149137020111e-13,0.0,0.0,0.0,1.0,1.0,1.0,293.15,1.0,DRESS,0.534987407626568,293.15,0.0,0.0
degraded_ups_3s_interruption_during_dress,NO_CONNECTION,404,4.03,4.04,False,1.0,0.5904,RECOVERY,20.0,0.0,True,8.911536752451564e-05,0.0,8.940102277823101e-08,0.0,100000.00058207661,5.820766091346741e-13,293.15,-8.731149137020111e-13,0.0,0.0,0.0,1.0,1.0,1.0,293.15,1.0,DRESS,0.5350711031470637,293.15,0.0,0.0
degraded_ups_3s_interruption_during_dress,NO_CONNECTION,405,4.04,4.05,False,1.0,0.67232,RECOVERY,25.0,0.0,True,8.465959914828985e-05,0.0,8.068442305735347e-08,0.0,100000.00058207661,5.820766091346741e-13,293.15,-8.731149137020111e-13,0.0,0.0,0.0,1.0,1.0,1.0,293.15,1.0,DRESS,0.5351547835868439,293.15,0.0,0.0
degraded_ups_3s_interruption_during_dress,NO_CONNECTION,406,4.05,4.0600000000000005,False,1.0,0.7378560000000001,RECOVERY,30.0,0.0,True,8.042661919087536e-05,0.0,7.281769180926151e-08,0.0,100000.00058207661,5.820766091346741e-13,293.15,-8.731149137020111e-13,0.0,0.0,0.0,1.0,1.0,1.0,293.15,1.0,DRESS,0.5352384489486288,293.15,0.0,0.0
degraded_ups_3s_interruption_during_dress,NO_CONNECTION,407,4.0600000000000005,4.07,False,1.0,0.7902848,RECOVERY,35.0,0.0,True,7.64052882313316e-05,0.0,6.571796685785852e-08,0.0,100000.00058207661,5.820766091346741e-13,293.15,-8.731149137020111e-13,0.0,0.0,0.0,1.0,1.0,1.0,293.15,1.0,DRESS,0.5353220992351383,293.15,0.0,0.0
degraded_ups_3s_interruption_during_dress,NO_CONNECTION,408,4.07,4.08,False,1.0,0.83222784,RECOVERY,40.0,0.0,True,7.258502381976502e-05,0.0,5.931046508921733e-08,0.0,100000.00058207661,5.820766091346741e-13,293.15,-8.731149137020111e-13,0.0,0.0,0.0,1.0,1.0,1.0,293.15,1.0,DRESS,0.5354057344490918,293.15,0.0,0.0
degraded_ups_3s_interruption_during_dress,NO_CONNECTION,409,4.08,4.09,False,1.0,0.865782272,RECOVERY,45.0,0.0,True,6.895577262877677e-05,0.0,5.352769474301865e-08,0.0,100000.00058207661,5.820766091346741e-13,293.15,-8.731149137020111e-13,0.0,0.0,0.0,1.0,1.0,1.0,293.15,1.0,DRESS,0.5354893545932081,293.15,0.0,0.0
degraded_ups_3s_interruption_during_dress,NO_CONNECTION,410,4.09,4.1,False,1.0,0.8926258176,RECOVERY,50.0,0.0,True,6.550798399733794e-05,0.0,4.830874450557432e-08,0.0,100000.00058207661,5.820766091346741e-13,293.15,-8.731149137020111e-13,0.0,0.0,0.0,1.0,1.0,1.0,293.15,1.0,DRESS,0.5355729596702057,293.15,0.0,0.0
degraded_ups_3s_interruption_during_dress,NO_CONNECTION,411,4.1,4.11,False,1.0,0.9141006540800001,RECOVERY,55.0,0.0,True,6.223258479747104e-05,0.0,4.359864191628083e-08,0.0,100000.00058207661,5.820766091346741e-13,293.15,-8.731149137020111e-13,0.0,0.0,0.0,1.0,1.0,1.0,293.15,1.0,DRESS,0.5356565496828023,293.15,0.0,0.0
degraded_ups_3s_interruption_during_dress,NO_CONNECTION,412,4.11,4.12,False,1.0,0.931280523264,RECOVERY,60.0,0.0,True,5.912095555759749e-05,0.0,3.934777432944345e-08,0.0,100000.00058207661,5.820766091346741e-13,293.15,-8.731149137020111e-13,0.0,0.0,0.0,1.0,1.0,1.0,293.15,1.0,DRESS,0.5357401246337153,293.15,0.0,0.0
degraded_ups_3s_interruption_during_dress,NO_CONNECTION,413,4.12,4.13,False,1.0,0.9450244186112,RECOVERY,65.0,0.0,True,5.616490777971761e-05,0.0,3.5511366332322707e-08,0.0,100000.00058207661,5.820766091346741e-13,293.15,-8.731149137020111e-13,0.0,0.0,0.0,1.0,1.0,1.0,293.15,1.0,DRESS,0.5358236845256618,293.15,0.0,0.0
degraded_ups_3s_interruption_during_dress,NO_CONNECTION,414,4.13,4.14,False,1.0,0.95601953488896,RECOVERY,70.0,0.0,True,5.335666239073173e-05,0.0,3.204900811492124e-08,0.0,100000.00058207661,5.820766091346741e-13,293.15,-8.731149137020111e-13,0.0,0.0,0.0,1.0,1.0,1.0,293.15,1.0,DRESS,0.535907229361358,293.15,0.0,0.0
degraded_ups_3s_interruption_during_dress,NO_CONNECTION,415,4.14,4.15,False,1.0,0.9648156279111679,RECOVERY,75.0,0.0,True,5.068882927119514e-05,0.0,2.8924229823716418e-08,0.0,100000.00058207661,5.820766091346741e-13,293.15,-8.731149137020111e-13,0.0,0.0,0.0,1.0,1.0,1.0,293.15,1.0,DRESS,0.53599075914352,293.15,0.0,0.0
degraded_ups_3s_interruption_during_dress,NO_CONNECTION,416,4.15,4.16,False,1.0,0.9718525023289344,RECOVERY,80.0,0.0,True,4.8154387807635384e-05,0.0,2.6104117415904074e-08,0.0,100000.00058207661,5.820766091346741e-13,293.15,-8.731149137020111e-13,0.0,0.0,0.0,1.0,1.0,1.0,293.15,1.0,DRESS,0.5360742738748631,293.15,0.0,0.0
degraded_ups_3s_interruption_during_dress,NO_CONNECTION,417,4.16,4.17,False,1.0,0.9774820018631475,RECOVERY,85.0,0.0,True,4.574666841725361e-05,0.0,2.355896596785342e-08,0.0,100000.00058207661,5.820766091346741e-13,293.15,-8.731149137020111e-13,0.0,0.0,0.0,1.0,1.0,1.0,293.15,1.0,DRESS,0.5361577735581022,293.15,0.0,0.0
degraded_ups_3s_interruption_during_dress,NO_CONNECTION,418,4.17,4.18,False,1.0,0.981985601490518,RECOVERY,90.0,0.0,True,4.345933499639093e-05,0.0,2.1261966785987707e-08,0.0,100000.00058207661,5.820766091346741e-13,293.15,-8.731149137020111e-13,0.0,0.0,0.0,1.0,1.0,1.0,293.15,1.0,DRESS,0.5362412581959519,293.15,0.0,0.0
degraded_ups_3s_interruption_during_dress,NO_CONNECTION,419,4.18,4.19,False,1.0,0.9855884811924144,RECOVERY,95.0,0.0,True,4.128636824657138e-05,0.0,1.9188925024353904e-08,0.0,100000.00058207661,5.820766091346741e-13,293.15,-8.731149137020111e-13,0.0,0.0,0.0,1.0,1.0,1.0,293.15,1.0,DRESS,0.536324727791126,293.15,0.0,0.0
degraded_ups_3s_interruption_during_dress,NO_CONNECTION,420,4.19,4.2,False,1.0,0.9884707849539315,RECOVERY,100.0,0.0,True,3.9222049834242816e-05,0.0,1.7318004834479404e-08,0.0,100000.00058207661,5.820766091346741e-13,293.15,-8.731149137020111e-13,0.0,0.0,0.0,1.0,1.0,1.0,293.15,1.0,DRESS,0.5364081823463381,293.15,0.0,0.0
degraded_ups_3s_interruption_during_dress,NO_CONNECTION,421,4.2,4.21,False,1.0,0.9907766279631451,RECOVERY,105.0,0.0,True,3.7260947342530674e-05,0.0,1.562949936311766e-08,0.0,100000.00058207661,5.820766091346741e-13,293.15,-8.731149137020111e-13,0.0,0.0,0.0,1.0,1.0,1.0,293.15,1.0,DRESS,0.5364916218643012,293.15,0.0,0.0
degraded_ups_3s_interruption_during_dress,NO_CONNECTION,422,4.21,4.22,False,1.0,0.9926213023705162,RECOVERY,110.0,0.0,True,3.539789997540414e-05,0.0,1.4105623175213688e-08,0.0,100000.00058207661,5.820766091346741e-13,293.15,-8.731149137020111e-13,0.0,0.0,0.0,1.0,1.0,1.0,293.15,1.0,DRESS,0.5365750463477277,293.15,0.0,0.0
degraded_ups_3s_interruption_during_dress,NO_CONNECTION,423,4.22,4.23,False,1.0,0.9940970418964129,RECOVERY,115.0,0.0,True,3.362800497663393e-05,0.0,1.273032491563035e-08,0.0,100000.00058207661,5.820766091346741e-13,293.15,-8.731149137020111e-13,0.0,0.0,0.0,1.0,1.0,1.0,293.15,1.0,DRESS,0.5366584557993296,293.15,0.0,0.0
degraded_ups_3s_interruption_during_dress,NO_CONNECTION,424,4.23,4.24,False,1.0,0.9952776335171303,RECOVERY,120.0,0.0,True,3.194660472780223e-05,0.0,1.1489118236356394e-08,0.0,100000.00058207661,5.820766091346741e-13,293.15,-8.731149137020111e-13,0.0,0.0,0.0,1.0,1.0,1.0,293.15,1.0,DRESS,0.5367418502218184,293.15,0.0,0.0
degraded_ups_3s_interruption_during_dress,NO_CONNECTION,425,4.24,4.25,False,1.0,0.9962221068137043,RECOVERY,125.0,0.0,True,3.034927449141212e-05,0.0,1.0368929208311644e-08,0.0,100000.00058207661,5.820766091346741e-13,293.15,-8.731149137020111e-13,0.0,0.0,0.0,1.0,1.0,1.0,293.15,1.0,DRESS,0.5368252296179052,293.15,0.0,0.0
degraded_ups_3s_interruption_during_dress,NO_CONNECTION,426,4.25,4.26,False,1.0,0.9969776854509634,GRID,130.0,0.0,True,2.8831810766841514e-05,0.0,9.357958610501257e-09,0.0,100000.00058207661,5.820766091346741e-13,293.15,-8.731149137020111e-13,0.0,0.0,0.0,1.0,1.0,1.0,293.15,1.0,DRESS,0.5369085939903004,293.15,0.0,0.0
degraded_ups_3s_interruption_during_dress,NO_CONNECTION,427,4.26,4.2700000000000005,False,1.0,0.9975821483607707,GRID,135.0,0.0,True,2.739022022849944e-05,0.0,8.445557645977383e-09,0.0,100000.00058207661,5.820766091346741e-13,293.15,-8.731149137020111e-13,0.0,0.0,0.0,1.0,1.0,1.0,293.15,1.0,DRESS,0.5369919433417142,293.15,0.0,0.0
degraded_ups_3s_interruption_during_dress,NO_CONNECTION,428,4.2700000000000005,4.28,False,1.0,0.9980657186886166,GRID,140.0,1.0,False,5.000027390220229,7.502492557196442e-06,0.0005820766090778307,-5.684341886080802e-14,100348.9536466077,3.48953646607697e-07,293.15,7.966631386291433e-13,0.0,0.0,0.0,1.0,1.0,1.0,293.15,1.0,DRESS,0.537075277674856,293.15,0.0,0.0
degraded_ups_3s_interruption_during_dress,NO_CONNECTION,429,4.28,4.29,False,1.0,0.9984525749508932,GRID,145.0,1.0,False,10.000027390220229,1.2464272190925865e-05,348.9536466076969,-1.1368683772161603e-13,100904.34163575992,9.043416357599199e-07,293.15,-4.575847316887812e-14,0.0,0.0,0.0,1.0,1.0,1.0,293.15,1.0,DRESS,0.537158596992435,293.15,0.0,0.0
degraded_ups_3s_interruption_during_dress,NO_CONNECTION,430,4.29,4.3,False,1.0,0.9987620599607145,GRID,150.0,1.0,False,15.000027390220229,1.80475918505616e-05,904.3416357599199,0.0,101680.67088816315,1.6806708881631493e-06,293.15,4.702522855978223e-13,0.0,0.0,0.0,1.0,1.0,1.0,293.15,1.0,DRESS,0.5372419012971597,293.15,0.0,0.0
degraded_ups_3s_interruption_during_dress,NO_CONNECTION,431,4.3,4.3100000000000005,False,1.0,0.9990096479685716,GRID,155.0,1.0,False,20.00002739022023,2.3758337439933006e-05,1680.6708881631494,0.0,102668.45372971147,2.668453729711473e-06,293.15,1.4399322934097875e-14,0.0,0.0,0.0,1.0,1.0,1.0,293.15,1.0,DRESS,0.5373251905917381,293.15,0.0,0.0
degraded_ups_3s_interruption_during_dress,NO_CONNECTION,432,4.3100000000000005,4.32,False,1.0,0.9992077183748573,GRID,160.0,1.0,False,25.00002739022023,2.955477448715292e-05,2668.453729711473,0.0,103856.92319832742,3.856923198327422e-06,293.15,3.1734280459515263e-13,0.0,0.0,0.0,1.0,1.0,1.0,293.15,1.0,DRESS,0.537408464878878,293.15,0.0,0.0
degraded_ups_3s_interruption_during_dress,NO_CONNECTION,433,4.32,4.33,False,1.0,0.9993661746998859,GRID,165.0,1.0,False,30.00002739022023,3.542523472399555e-05,3856.9231983274212,-9.094947017729282e-13,105235.52088998258,5.235520889982581e-06,293.15,-4.440815018502426e-13,0.0,0.0,0.0,1.0,1.0,1.0,293.15,1.0,DRESS,0.5374917241612862,293.15,0.0,0.0
degraded_ups_3s_interruption_during_dress,NO_CONNECTION,434,4.33,4.34,False,1.0,0.9994929397599087,GRID,170.0,1.0,False,35.000027390220225,4.136372758234621e-05,5235.520889982581,0.0,106794.14626210928,6.794146262109279e-06,293.15,7.466483215121805e-13,0.0,0.0,0.0,1.0,1.0,1.0,293.15,1.0,DRESS,0.5375749684416696,293.15,0.0,0.0
degraded_ups_3s_interruption_during_dress,NO_CONNECTION,435,4.34,4.3500000000000005,False,1.0,0.999594351807927,GRID,175.0,1.0,False,40.000027390220225,4.7365989024500553e-05,6794.146262109283,3.637978807091713e-12,108523.20529520512,8.523205295205116e-06,293.15,4.1977614553866463e-13,0.0,0.0,0.0,1.0,1.0,1.0,293.15,1.0,DRESS,0.5376581977227343,293.15,0.0,0.0
degraded_ups_3s_interruption_during_dress,NO_CONNECTION,436,4.3500000000000005,4.36,False,1.0,0.9996754814463416,GRID,180.0,1.0,False,45.000027390220225,5.34284842517391e-05,8523.205295205116,0.0,110413.60886301845,1.0413608863018453e-05,293.15,-3.9905531407525424e-13,0.0,0.0,0.0,1.0,1.0,1.0,293.15,1.0,DRESS,0.5377414120071857,293.15,0.0,0.0
degraded_ups_3s_interruption_during_dress,NO_CONNECTION,437,4.36,4.37,False,1.0,0.9997403851570732,GRID,185.0,1.0,False,50.000027390220225,5.954807993768194e-05,10413.60886301845,-3.637978807091713e-12,112456.75614336506,1.2456756143365055e-05,293.15,1.1570231535015796e-13,0.0,0.0,0.0,1.0,1.0,1.0,293.15,1.0,DRESS,0.5378246112977293,293.15,0.0,0.0
degraded_ups_3s_interruption_during_dress,NO_CONNECTION,438,4.37,4.38,False,1.0,0.9997923081256586,GRID,190.0,1.0,False,55.000027390220225,6.572191236706845e-05,12456.756143365052,-3.637978807091713e-12,114644.51325591654,1.4644513255916535e-05,293.15,2.3216404655950623e-13,0.0,0.0,0.0,1.0,1.0,1.0,293.15,1.0,DRESS,0.5379077955970695,293.15,0.0,0.0
degraded_ups_3s_interruption_during_dress,NO_CONNECTION,439,4.38,4.39,False,1.0,0.9998338465005269,GRID,195.0,1.0,False,60.000027390220225,7.194732467760156e-05,14644.513255916536,0.0,116969.19021196663,1.6969190211966633e-05,293.15,2.3864964231136085e-13,0.0,0.0,0.0,1.0,1.0,1.0,293.15,1.0,DRESS,0.5379909649079105,293.15,0.0,0.0
degraded_ups_3s_interruption_during_dress,NO_CONNECTION,440,4.39,4.4,False,1.0,0.9998670772004215,GRID,200.0,1.0,False,65.00002739022023,7.822183270190348e-05,16969.190211966627,-7.275957614183426e-12,119423.51798061281,1.9423517980612816e-05,293.15,3.580606473753585e-13,0.0,0.0,0.0,1.0,1.0,1.0,293.15,1.0,DRESS,0.5380741192329561,293.15,0.0,0.0
degraded_ups_3s_interruption_during_dress,NO_CONNECTION,441,4.4,4.41,False,1.0,0.9998936617603371,GRID,205.0,1.0,False,70.00002739022023,8.454310332786592e-05,19423.51798061282,7.275957614183426e-12,122000.62619522214,2.200062619522214e-05,293.15,-2.571537749992796e-13,0.0,0.0,0.0,1.0,1.0,1.0,293.15,1.0,DRESS,0.5381572585749095,293.15,0.0,0.0
degraded_ups_3s_interruption_during_dress,NO_CONNECTION,442,4.41,4.42,False,1.0,0.9999149294082696,GRID,210.0,1.0,False,75.00002739022023,9.09089392126854e-05,22000.626195222132,-7.275957614183426e-12,124694.02155838907,2.4694021558389068e-05,293.15,-3.882367721036971e-13,0.0,0.0,0.0,1.0,1.0,1.0,293.15,1.0,DRESS,0.5382403829364732,293.15,0.0,0.0
degraded_ups_3s_interruption_during_dress,NO_CONNECTION,443,4.42,4.43,False,1.0,0.9999319435266157,GRID,215.0,1.0,False,80.00002739022023,9.731726720440836e-05,24694.021558389068,0.0,127497.56735283881,2.7497567352838813e-05,293.15,2.86155200555048e-13,0.0,0.0,0.0,1.0,1.0,1.0,293.15,1.0,DRESS,0.5383234923203497,293.15,0.0,0.0
degraded_ups_3s_interruption_during_dress,NO_CONNECTION,444,4.43,4.44,False,1.0,0.9999455548212925,GRID,220.0,1.0,False,85.00002739022023,0.00010376612870217637,27497.56735283882,7.275957614183426e-12,130405.4640000686,3.0405464000068603e-05,293.15,-2.425223447088433e-13,0.0,0.0,0.0,1.0,1.0,1.0,293.15,1.0,DRESS,0.5384065867292406,293.15,0.0,0.0
degraded_ups_3s_interruption_during_dress,NO_CONNECTION,445,4.44,4.45,False,1.0,0.9999564438570341,GRID,225.0,1.0,False,90.00002739022023,0.00011025367138369379,30405.464000068612,7.275957614183426e-12,133412.23031748086,3.3412230317480865e-05,293.15,-4.407726557332202e-13,0.0,0.0,0.0,1.0,1.0,1.0,293.15,1.0,DRESS,0.538489666165847,293.15,0.0,0.0
degraded_ups_3s_interruption_during_dress,NO_CONNECTION,446,4.45,4.46,False,1.0,0.9999651550856272,GRID,230.0,1.0,False,94.92502602070921,0.00011664074346495158,33412.23031748086,0.0,136506.29532057792,3.650629532057792e-05,293.15,4.221435484161318e-13,0.0,0.0,0.0,1.0,1.0,1.0,293.15,1.0,DRESS,0.5385727306328699,293.15,0.0,0.0
degraded_ups_3s_interruption_during_dress,NO_CONNECTION,447,4.46,4.47,False,1.0,0.9999721240685018,GRID,235.0,1.0,False,99.60377471967375,0.00012261905969894346,36506.29532057792,0.0,139662.55660634488,3.966255660634488e-05,293.15,-9.259130463214194e-13,0.0,0.0,0.0,1.0,1.0,1.0,293.15,1.0,DRESS,0.5386557801330094,293.15,0.0,0.0
degraded_ups_3s_interruption_during_dress,NO_CONNECTION,448,4.47,4.48,False,1.0,0.9999776992548014,GRID,240.0,1.0,False,104.04858598369006,0.0001282271776885378,39662.556606344864,-1.4551915228366852e-11,142859.4562690705,4.2859456269070503e-05,293.15,3.0419501011007266e-14,0.0,0.0,0.0,1.0,1.0,1.0,293.15,1.0,DRESS,0.5387388146689653,293.15,0.0,0.0
degraded_ups_3s_interruption_during_dress,NO_CONNECTION,449,4.48,4.49,False,1.0,0.9999821594038412,GRID,245.0,1.0,False,108.27115668450556,0.00013349665268165035,42859.45626907049,-1.4551915228366852e-11,146078.40825337917,4.6078408253379163e-05,293.15,6.154083996958229e-13,0.0,0.0,0.0,1.0,1.0,1.0,293.15,1.0,DRESS,0.5388218342434371,293.15,0.0,0.0
degraded_ups_3s_interruption_during_dress,NO_CONNECTION,450,4.49,4.5,False,1.0,0.9999857275230729,GRID,250.0,1.0,False,112.28259885028028,0.00013845408437851965,46078.40825337915,-1.4551915228366852e-11,149303.3603997901,4.930336039979011e-05,293.15,8.506156255706429e-13,0.0,0.0,0.0,1.0,1.0,1.0,293.15,1.0,DRESS,0.5389048388591233,293.15,0.0,0.0
degraded_ups_3s_interruption_during_dress,NO_CONNECTION,451,4.5,4.51,False,1.0,0.9999885820184583,GRID,255.0,1.0,False,116.09346890776627,0.0001431224243427226,49303.36039979011,0.0,152520.4479927197,5.252044799271971e-05,293.15,4.950510081079898e-13,0.0,0.056009955393771335,0.0,1.0,1.0,1.0,293.15,1.0,DRESS,0.5389878285187224,293.15,0.0,0.0
degraded_ups_3s_interruption_during_dress,NO_CONNECTION,452,4.51,4.5200000000000005,False,1.0,0.9999908656147667,GRID,260.0,1.0,False,119.71379546237796,0.00014752184287036024,52520.44799271971,0.0,155717.71174436435,5.571771174436435e-05,293.15,2.2092091068841302e-13,0.0,0.12706026098587447,0.0,1.0,1.0,1.0,293.15,1.0,DRESS,0.5390708032249323,293.15,0.0,0.0
degraded_ups_3s_interruption_during_dress,NO_CONNECTION,453,4.5200000000000005,4.53,False,1.0,0.9999926924918133,GRID,265.0,1.0,False,123.15310568925906,0.00015167032328699948,55717.71174436434,-1.4551915228366852e-11,158884.86315961927,5.8884863159619274e-05,293.15,2.4247216647704795e-13,0.0,0.19744140354709494,0.0,1.0,1.0,1.0,293.15,1.0,DRESS,0.5391537629804501,293.15,0.0,0.0
degraded_ups_3s_interruption_during_dress,NO_CONNECTION,454,4.53,4.54,False,1.0,0.9999941539934507,GRID,270.0,1.0,False,126.42045040479611,0.00015558408170453756,58884.86315961926,-1.4551915228366852e-11,162013.0858151242,6.201308581512422e-05,293.15,-1.2824760513546057e-13,0.0,0.26695746255831587,0.0,1.0,1.0,1.0,293.15,1.0,DRESS,0.539236707787973,293.15,0.0,0.0
degraded_ups_3s_interruption_during_dress,NO_CONNECTION,455,4.54,4.55,False,1.0,0.9999953231947606,GRID,275.0,1.0,False,129.5244278845563,0.0001592778717609606,62013.08581512423,1.4551915228366852e-11,165094.8645779863,6.50948645779863e-05,293.15,-3.632605690860255e-13,0.0,0.335441435066362,0.0,1.0,1.0,1.0,293.15,1.0,DRESS,0.539319637650197,293.15,0.0,0.0
degraded_ups_3s_interruption_during_dress,NO_CONNECTION,456,4.55,4.5600000000000005,False,1.0,0.9999962585558084,GRID,280.0,1.0,False,132.4732064903285,0.00016276521162254774,65094.8645779863,0.0,168123.8373508677,6.812383735086769e-05,293.15,1.3861842581988984e-13,0.0,0.40275194113039314,0.0,1.0,1.0,1.0,293.15,1.0,DRESS,0.5394025525698182,293.15,0.0,0.0
degraded_ups_3s_interruption_during_dress,NO_CONNECTION,457,4.5600000000000005,4.57,False,1.0,0.9999970068446468,GRID,285.0,1.0,False,135.27454616581207,0.00016605855705746346,68123.83735086769,0.0,171094.6653271094,7.10946653271094e-05,293.15,-4.580347941749753e-13,0.0,0.46877034060243106,0.0,1.0,1.0,1.0,293.15,1.0,DRESS,0.539485452549532,293.15,0.0,0.0
degraded_ups_3s_interruption_during_dress,NO_CONNECTION,458,4.57,4.58,False,1.0,0.9999976054757174,GRID,290.0,1.0,False,137.93581885752147,0.00016916943630502395,71094.6653271094,0.0,174002.91826343164,7.400291826343164e-05,293.15,1.8343164579501595e-13,0.0,0.5333981836318142,0.0,1.0,1.0,1.0,293.15,1.0,DRESS,0.5395683375920332,293.15,0.0,0.0
degraded_ups_3s_interruption_during_dress,NO_CONNECTION,459,4.58,4.59,False,1.0,0.9999980843805739,GRID,295.0,1.0,False,140.46402791464538,0.00017210855760485262,74002.91826343164,0.0,176844.97314039618,7.684497314039617e-05,293.15,3.5496757443131965e-13,0.0,0.5965549586754705,0.0,1.0,1.0,1.0,293.15,1.0,DRESS,0.5396512077000163,293.15,0.0,0.0
degraded_ups_3s_interruption_during_dress,NO_CONNECTION,460,4.59,4.6000000000000005,False,1.0,0.9999984675044591,GRID,300.0,1.0,False,142.8658265189131,0.00017488589623011093,76844.97314039615,-2.9103830456733704e-11,179617.92370770127,7.961792370770126e-05,293.15,-6.775427251583602e-13,0.0,0.6581760823933612,0.0,1.0,1.0,1.0,293.15,1.0,DRESS,0.5397340628761752,293.15,0.0,0.0
degraded_ups_3s_interruption_during_dress,NO_CONNECTION,461,4.6000000000000005,4.61,False,1.0,0.9999987740035673,GRID,305.0,1.0,False,145.14753519296747,0.000177510766509067,79617.92370770127,0.0,182319.49957553297,8.231949957553297e-05,293.15,-2.1086660249945016e-13,0.022090472147933138,0.7182111016785103,0.022090472147933138,1.0,1.0,1.0,293.15,1.0,DRESS,0.5398169031232034,293.15,0.0,0.0
degraded_ups_3s_interruption_during_dress,NO_CONNECTION,462,4.61,4.62,False,1.0,0.9999990192028538,GRID,310.0,1.0,False,147.31515843331908,0.00017999188235403728,82319.49957553291,-5.820766091346741e-11,184947.99409527332,8.494799409527331e-05,293.15,8.163204473824424e-13,0.047123753288317465,0.7766220910060737,0.047123753288317465,1.0,1.0,1.0,293.15,1.0,DRESS,0.5398997284437939,293.15,0.0,0.0
degraded_ups_3s_interruption_during_dress,NO_CONNECTION,463,4.62,4.63,False,1.0,0.9999992153622831,GRID,315.0,1.0,False,149.37440051165314,0.00018233740865376442,84947.99409527332,0.0,187502.19957437366,8.750219957437366e-05,293.15,-2.8980300554063906e-13,0.07144951975593981,0.833382212763859,0.07144951975593981,1.0,1.0,1.0,293.15,1.0,DRESS,0.5399825388406391,293.15,0.0,0.0
degraded_ups_3s_interruption_during_dress,NO_CONNECTION,464,4.63,4.64,False,1.0,0.9999993722898265,GRID,320.0,1.0,False,151.3306804860705,0.0001845550057020051,87502.19957437369,2.9103830456733704e-11,189981.34871944785,8.998134871944785e-05,293.15,-2.786504615373206e-13,0.09506046399474151,0.8884744159877301,0.09506046399474151,1.0,1.0,1.0,293.15,1.0,DRESS,0.5400653343164309,293.15,0.0,0.0
degraded_ups_3s_interruption_during_dress,NO_CONNECTION,465,4.64,4.65,False,1.0,0.9999994978318612,GRID,325.0,1.0,False,153.18914646176697,0.00018665186821357528,89981.34871944782,-2.9103830456733704e-11,192385.062482208,9.238506248220801e-05,293.15,-7.6493998445561e-13,0.11795297602102867,0.9418902773824002,0.11795297602102867,1.0,1.0,1.0,293.15,1.0,DRESS,0.5401481148738609,293.15,0.0,0.0
degraded_ups_3s_interruption_during_dress,NO_CONNECTION,466,4.65,4.66,False,1.0,0.9999995982654889,GRID,330.0,1.0,False,154.95468913867862,0.00018863475950507333,92385.06248220801,0.0,194713.3027948439,9.471330279484391e-05,293.15,-9.399105097202855e-13,0.14012669328422792,0.9936289509965315,0.14012669328422792,1.0,1.0,1.0,293.15,1.0,DRESS,0.5402308805156203,293.15,0.0,0.0
degraded_ups_3s_interruption_during_dress,NO_CONNECTION,467,4.66,4.67,False,1.0,0.9999996786123911,GRID,335.0,1.0,False,156.63195468174467,0.0001905100421434658,94713.30279484391,0.0,196966.33013663813,9.696633013663814e-05,293.15,1.0262412664455156e-13,0.16158409653941078,1.0,0.16158409653941078,1.0,1.0,1.0,293.15,1.0,DRESS,0.5403136312443994,293.15,0.0,0.0
degraded_ups_3s_interruption_during_dress,NO_CONNECTION,468,4.67,4.68,False,1.0,0.9999997428899129,GRID,340.0,1.0,False,158.22535694765745,0.00019228370542419214,96966.33013663813,0.0,199144.66552436352,9.914466552436352e-05,293.15,-6.168608037023481e-13,0.18233014785108131,1.0,0.18233014785108131,1.0,1.0,1.0,293.15,1.0,DRESS,0.5403963670628883,293.15,0.0,0.0
degraded_ups_3s_interruption_during_dress,NO_CONNECTION,469,4.68,4.69,False,1.0,0.9999997943119303,GRID,345.0,1.0,False,159.73908910027458,0.00019396139013850262,99144.66552436352,0.0,201309.98538807034,0.0001,293.15,1.7033089890795827e-13,0.2029522417911462,1.0,0.2029522417911462,1.0,1.0,1.0,293.15,1.0,DRESS,0.5404790879737765,293.15,0.0,0.0
degraded_ups_3s_interruption_during_dress,NO_CONNECTION,470,4.69,4.7,False,1.0,0.9999998354495443,GRID,350.0,1.0,False,161.17713464526085,0.0001955172505870535,101309.98538807037,2.9103830456733704e-11,203498.38819820434,0.0001,293.15,2.852714538117279e-13,0.2237941733162319,1.0,0.2237941733162319,1.0,1.0,1.0,293.15,1.0,DRESS,0.5405617939797532,293.15,0.0,0.0
degraded_ups_3s_interruption_during_dress,NO_CONNECTION,471,4.7,4.71,False,1.0,0.9999998683596354,GRID,355.0,1.0,False,162.5432779129978,0.00019693914393296286,103498.3881982044,5.820766091346741e-11,205702.7759961784,0.0001,293.15,-2.4607343886064864e-14,0.24478834282074663,1.0,0.24478834282074663,1.0,1.0,1.0,293.15,1.0,DRESS,0.540644485083507,293.15,0.0,0.0
degraded_ups_3s_interruption_during_dress,NO_CONNECTION,472,4.71,4.72,False,1.0,0.9999998946877083,GRID,360.0,1.0,False,163.8411140173479,0.00019823687658513544,105702.77599617836,-2.9103830456733704e-11,207916.70228354633,0.0001,293.15,-3.0399652657360846e-13,0.2658733550813938,1.0,0.2658733550813938,1.0,1.0,1.0,293.15,1.0,DRESS,0.5407271612877259,293.15,0.0,0.0
degraded_ups_3s_interruption_during_dress,NO_CONNECTION,473,4.72,4.73,False,1.0,0.9999999157501667,GRID,365.0,1.0,False,165.07405831648052,0.00019941946783481795,107916.70228354636,2.9103830456733704e-11,210134.31777246296,0.0001,293.15,-8.297462516333384e-13,0.28699350259488554,1.0,0.28699350259488554,1.0,1.0,1.0,293.15,1.0,DRESS,0.5408098225950976,293.15,0.0,0.0
degraded_ups_3s_interruption_during_dress,NO_CONNECTION,474,4.73,4.74,False,1.0,0.9999999326001333,GRID,370.0,1.0,False,166.24535540065648,0.0002004952344918289,110134.31777246302,5.820766091346741e-11,212350.3214912489,0.0001,293.15,-6.295143917321548e-13,0.30809829991665644,1.0,0.30809829991665644,1.0,1.0,1.0,293.15,1.0,DRESS,0.5408924690083091,293.15,0.0,0.0
degraded_ups_3s_interruption_during_dress,NO_CONNECTION,475,4.74,4.75,False,1.0,0.9999999460801067,GRID,375.0,1.0,False,167.35808763062366,0.0002014718629619958,112350.32149124888,-2.9103830456733704e-11,214559.91672119126,0.0001,293.15,2.553140262141068e-15,0.3291420640113455,1.0,0.3291420640113455,1.0,1.0,1.0,293.15,1.0,DRESS,0.5409751005300473,293.15,0.0,0.0
degraded_ups_3s_interruption_during_dress,NO_CONNECTION,476,4.75,4.76,False,1.0,0.9999999568640854,GRID,380.0,1.0,False,168.41518324909248,0.0002023564710028604,114559.91672119126,0.0,216758.77100788057,0.0001,293.15,-2.348661019900382e-13,0.35008353340838644,1.0,0.35008353340838644,1.0,1.0,1.0,293.15,1.0,DRESS,0.5410577171629981,293.15,0.0,0.0
degraded_ups_3s_interruption_during_dress,NO_CONNECTION,477,4.76,4.7700000000000005,False,1.0,0.9999999654912683,GRID,385.0,1.0,False,169.41942408663786,0.00020315566107271813,116758.77100788057,0.0,218942.97960679978,0.0001,293.15,-7.09066018519857e-13,0.37088552006476,1.0,0.37088552006476,1.0,1.0,1.0,293.15,1.0,DRESS,0.5411403189098474,293.15,0.0,0.0
degraded_ups_3s_interruption_during_dress,NO_CONNECTION,478,4.7700000000000005,4.78,False,1.0,0.9999999723930146,GRID,390.0,1.0,False,170.37345288230597,0.0002038755667951235,118942.97960679984,5.820766091346741e-11,221109.0321885422,0.0001,293.15,-9.33995705754663e-13,0.39151459227183044,1.0,0.39151459227183044,1.0,1.0,1.0,293.15,1.0,DRESS,0.5412229057732802,293.15,0.0,0.0
degraded_ups_3s_interruption_during_dress,NO_CONNECTION,479,4.78,4.79,False,1.0,0.9999999779144118,GRID,395.0,1.0,False,171.27978023819068,0.0002045218935778279,121109.03218854222,2.9103830456733704e-11,223253.78227978945,0.0001,293.15,6.129879590033305e-13,0.41194078361704256,1.0,0.41194078361704256,1.0,1.0,1.0,293.15,1.0,DRESS,0.5413054777559814,293.15,0.0,0.0
degraded_ups_3s_interruption_during_dress,NO_CONNECTION,480,4.79,4.8,False,1.0,0.9999999823315294,GRID,400.0,1.0,False,172.14079122628115,0.00020509995440350082,123253.78227978945,0.0,225374.41949825734,0.0001,293.15,2.8501431493773224e-13,0.432137328554832,1.0,0.432137328554832,1.0,1.0,1.0,293.15,1.0,DRESS,0.541388034860635,293.15,0.0,0.0
degraded_ups_3s_interruption_during_dress,NO_CONNECTION,481,4.8,4.8100000000000005,False,1.0,0.9999999858652235,GRID,405.0,1.0,False,172.95875166496708,0.0002056147013727919,125374.41949825731,-2.9103830456733704e-11,227468.44347566366,0.0001,293.15,8.683359614030176e-14,0.45208041405393984,1.0,0.45208041405393984,1.0,1.0,1.0,293.15,1.0,DRESS,0.541470577089925,293.15,0.0,0.0
degraded_ups_3s_interruption_during_dress,NO_CONNECTION,482,4.8100000000000005,4.82,False,1.0,0.9999999886921789,GRID,410.0,1.0,False,173.73581408171873,0.00020607075403017997,127468.44347566366,0.0,229533.64016721025,0.0001,293.15,1.1564305692516805e-13,0.47174895397343114,1.0,0.47174895397343114,1.0,1.0,1.0,293.15,1.0,DRESS,0.5415531044465344,293.15,0.0,0.0
degraded_ups_3s_interruption_during_dress,NO_CONNECTION,483,4.82,4.83,False,1.0,0.9999999909537431,GRID,415.0,1.0,False,174.4740233776328,0.00020647242452840234,129533.64016721025,0.0,231568.0599072948,0.0001,293.15,-2.2693625407674278e-13,0.49112438006947456,1.0,0.49112438006947456,1.0,1.0,1.0,293.15,1.0,DRESS,0.5416356169331461,293.15,0.0,0.0
degraded_ups_3s_interruption_during_dress,NO_CONNECTION,484,4.83,4.84,False,1.0,0.9999999927629946,GRID,420.0,1.0,False,175.17532220875114,0.00020682374026882125,131568.0599072948,0.0,233569.9970368296,0.0001,293.15,-8.402891623075955e-13,0.5101904479698056,1.0,0.5101904479698056,1.0,1.0,1.0,293.15,1.0,DRESS,0.5417181145524423,293.15,0.0,0.0
degraded_ups_3s_interruption_during_dress,NO_CONNECTION,485,4.84,4.8500000000000005,False,1.0,0.9999999942103956,GRID,425.0,1.0,False,175.8415560983136,0.000207128464367536,133569.9970368296,0.0,235537.9709857516,0.0001,293.15,-1.0377998780437478e-13,0.5289330570071581,1.0,0.5289330570071581,1.0,1.0,1.0,293.15,1.0,DRESS,0.541800597307105,293.15,0.0,0.0
degraded_ups_3s_interruption_during_dress,NO_CONNECTION,486,4.8500000000000005,4.86,False,1.0,0.9999999953683165,GRID,430.0,1.0,False,176.4744782933979,0.00020739011422202206,135537.9709857516,0.0,237470.70892713964,0.0001,293.15,9.306914166748968e-13,0.5473400850203777,1.0,0.5473400850203777,1.0,1.0,1.0,293.15,1.0,DRESS,0.5418830651998153,293.15,0.0,0.0
degraded_ups_3s_interruption_during_dress,NO_CONNECTION,487,4.86,4.87,False,1.0,0.9999999962946532,GRID,435.0,1.0,False,177.07575437872802,0.00020761197830323374,137470.7089271396,-2.9103830456733704e-11,239367.12959548458,0.0001,293.15,1.3859254049302175e-13,0.5654012342427103,1.0,0.5654012342427103,1.0,1.0,1.0,293.15,1.0,DRESS,0.5419655182332542,293.15,0.0,0.0
degraded_ups_3s_interruption_during_dress,NO_CONNECTION,488,4.87,4.88,False,1.0,0.9999999970357225,GRID,440.0,1.0,False,177.64696665979162,0.00020779713152030882,139367.12959548456,-2.9103830456733704e-11,241226.32797807455,0.0001,293.15,-1.2052778073550277e-13,0.583107885505472,1.0,0.583107885505472,1.0,1.0,1.0,293.15,1.0,DRESS,0.542047956410102,293.15,0.0,0.0
degraded_ups_3s_interruption_during_dress,NO_CONNECTION,489,4.88,4.89,False,1.0,0.999999997628578,GRID,445.0,1.0,False,178.18961832680205,0.0002079484494226208,141226.32797807455,0.0,243047.56140336394,0.0001,293.15,2.151509629092982e-13,0.6004529657463235,1.0,0.6004529657463235,1.0,1.0,1.0,293.15,1.0,DRESS,0.5421303797330385,293.15,0.0,0.0
degraded_ups_3s_interruption_during_dress,NO_CONNECTION,490,4.89,4.9,False,1.0,0.9999999981028624,GRID,450.0,1.0,False,178.70513741046196,0.0002080686210915278,143047.561403364,5.820766091346741e-11,244830.23656066507,0.0001,293.15,-3.348273129024845e-13,0.6174308243872865,1.0,0.6174308243872865,1.0,1.0,1.0,293.15,1.0,DRESS,0.5422127882047431,293.15,0.0,0.0
degraded_ups_3s_interruption_during_dress,NO_CONNECTION,491,4.9,4.91,False,1.0,0.9999999984822899,GRID,455.0,1.0,False,179.19488053993885,0.00020816016103421798,144830.23656066504,-2.9103830456733704e-11,246573.8972183317,0.0001,293.15,-7.282803375120717e-13,0.634037116365064,1.0,0.634037116365064,1.0,1.0,1.0,293.15,1.0,DRESS,0.5422951818278947,293.15,0.0,0.0
degraded_ups_3s_interruption_during_dress,NO_CONNECTION,492,4.91,4.92,False,1.0,0.9999999987858319,GRID,460.0,1.0,False,179.6601365129419,0.00020822542026517843,146573.8972183317,0.0,248278.21287326515,0.0001,293.15,7.298768048822658e-13,0.6502686940310967,1.0,0.6502686940310967,1.0,1.0,1.0,293.15,1.0,DRESS,0.5423775606051717,293.15,0.0,0.0
degraded_ups_3s_interruption_during_dress,NO_CONNECTION,493,4.92,4.93,False,1.0,0.9999999990286655,GRID,465.0,1.0,False,180.10212968729482,0.0002082665965256627,148278.21287326512,-2.9103830456733704e-11,249942.968506366,0.0001,293.15,-3.89537665632881e-13,0.6661235095844382,1.0,0.6661235095844382,1.0,1.0,1.0,293.15,1.0,DRESS,0.5424599245392521,293.15,0.0,0.0
degraded_ups_3s_interruption_during_dress,NO_CONNECTION,494,4.93,4.94,False,1.0,0.9999999992229325,GRID,470.0,1.0,False,180.5220232029301,0.00020828574361028712,149942.968506366,0.0,251568.0543379858,0.0001,293.15,-1.9110177307789245e-13,0.6816005175046268,1.0,0.6816005175046268,1.0,1.0,1.0,293.15,1.0,DRESS,0.5425422736328133,293.15,0.0,0.0
degraded_ups_3s_interruption_during_dress,NO_CONNECTION,495,4.94,4.95,False,1.0,0.9999999993783459,GRID,475.0,1.0,False,180.9209220427836,0.00020828478037652798,151568.0543379858,0.0,253153.45698036253,0.0001,293.15,-9.61187713081034e-13,0.6966995902891671,1.0,0.6966995902891671,1.0,1.0,1.0,293.15,1.0,DRESS,0.5426246078885322,293.15,0.0,0.0
degraded_ups_3s_interruption_during_dress,NO_CONNECTION,496,4.95,4.96,False,1.0,0.9999999995026767,GRID,480.0,1.0,False,181.2998759406444,0.0002082654988043581,153153.45698036253,0.0,254699.25064826384,0.0001,293.15,1.222000270612901e-13,0.7114214347453699,1.0,0.7114214347453699,1.0,1.0,1.0,293.15,1.0,DRESS,0.5427069273090853,293.15,0.0,0.0
degraded_ups_3s_interruption_during_dress,NO_CONNECTION,497,4.96,4.97,False,1.0,0.9999999996021414,GRID,485.0,1.0,False,181.65988214361218,0.00020822957178133364,154699.25064826384,0.0,256205.5895337835,0.0001,293.15,-6.959511871689524e-13,0.7257675193693667,1.0,0.7257675193693667,1.0,1.0,1.0,293.15,1.0,DRESS,0.5427892318971488,293.15,0.0,0.0
degraded_ups_3s_interruption_during_dress,NO_CONNECTION,498,4.97,4.98,False,1.0,0.999999999681713,GRID,490.0,1.0,False,182.00188803643158,0.00020817856010977922,156205.5895337835,0.0,257672.7000065148,0.0001,293.15,6.51895980366456e-13,0.7397400000620458,1.0,0.7397400000620458,1.0,1.0,1.0,293.15,1.0,DRESS,0.542871521655398,293.15,0.0,0.0
degraded_ups_3s_interruption_during_dress,NO_CONNECTION,499,4.98,4.99,False,1.0,0.9999999997453705,GRID,495.0,1.0,False,182.32679363461,0.00020811391940261419,157672.70000651476,-2.9103830456733704e-11,259100.87409429252,0.0001,293.15,5.999132465209396e-13,0.7533416580408813,1.0,0.7533416580408813,1.0,1.0,1.0,293.15,1.0,DRESS,0.542953796586508,293.15,0.0,0.0
degraded_ups_3s_interruption_during_dress,NO_CONNECTION,500,4.99,5.0,False,1.0,0.9999999997962964,GRID,500.0,1.0,False,182.6354539528795,0.00020803700618930138,159100.8740942925,-2.9103830456733704e-11,260490.462789312,0.0001,293.15,8.942556981375582e-13,0.7665758360886857,1.0,0.7665758360886857,1.0,1.0,1.0,293.15,1.0,DRESS,0.5430360566931532,293.15,0.0,0.0
degraded_ups_3s_interruption_during_dress,NO_CONNECTION,501,5.0,5.01,False,1.0,0.9999999998370371,GRID,500.0,1.0,False,182.92868125523552,0.0002079490839482414,160490.46278931198,-2.9103830456733704e-11,261841.87022736296,0.0001,293.15,7.354079977904722e-14,0.7794463831177425,1.0,0.7794463831177425,1.0,1.0,1.0,293.15,1.0,DRESS,0.5431183019780079,293.15,0.0,0.0
degraded_ups_3s_interruption_during_dress,NO_CONNECTION,502,5.01,5.0200000000000005,False,1.0,0.9999999998696297,GRID,500.0,1.0,False,183.20724719247374,0.0002078513285773264,161841.87022736296,0.0,263155.5479252711,0.0001,293.15,6.565281731620281e-13,0.7919575992882961,1.0,0.7919575992882961,1.0,1.0,1.0,293.15,1.0,DRESS,0.5432005324437456,293.15,0.0,0.0
degraded_ups_3s_interruption_during_dress,NO_CONNECTION,503,5.0200000000000005,5.03,False,1.0,0.9999999998957038,GRID,500.0,1.0,False,183.47188483285007,0.00020774483370719965,163155.54792527106,-2.9103830456733704e-11,264431.9898914546,0.0001,293.15,-5.621973088345937e-13,0.8041141894424245,1.0,0.8041141894424245,1.0,1.0,1.0,293.15,1.0,DRESS,0.5432827480930392,293.15,0.0,0.0
degraded_ups_3s_interruption_during_dress,NO_CONNECTION,504,5.03,5.04,False,1.0,0.999999999916563,GRID,500.0,1.0,False,183.72329059120756,0.00020763061547645682,164431.98989145455,-2.9103830456733704e-11,265671.7275036499,0.0001,293.15,-5.192743987353279e-13,0.8159212143204752,1.0,0.8159212143204752,1.0,1.0,1.0,293.15,1.0,DRESS,0.5433649489285617,293.15,0.0,0.0
degraded_ups_3s_interruption_during_dress,NO_CONNECTION,505,5.04,5.05,False,1.0,0.9999999999332504,GRID,500.0,1.0,False,183.96212606164718,0.00020750961731048667,165671.72750364992,2.9103830456733704e-11,266875.3252597526,0.0001,293.15,-4.4144324155316605e-13,0.8273840500928819,1.0,0.8273840500928819,1.0,1.0,1.0,293.15,1.0,DRESS,0.5434471349529849,293.15,0.0,0.0
degraded_ups_3s_interruption_during_dress,NO_CONNECTION,506,5.05,5.0600000000000005,False,1.0,0.9999999999466003,GRID,500.0,1.0,False,184.18901975856483,0.00020738271418013006,166875.3252597526,2.9103830456733704e-11,268043.376528658,0.0001,293.15,5.376930522463415e-13,0.8385083478919807,1.0,0.8385083478919807,1.0,1.0,1.0,293.15,1.0,DRESS,0.5435293061689807,293.15,0.0,0.0
degraded_ups_3s_interruption_during_dress,NO_CONNECTION,507,5.0600000000000005,5.07,False,1.0,0.9999999999572802,GRID,500.0,1.0,False,184.4045687706366,0.0002072507167676184,168043.37652865794,-2.9103830456733704e-11,269176.49982497096,0.0001,293.15,9.288731588096618e-13,0.8492999983330568,1.0,0.8492999983330568,1.0,1.0,1.0,293.15,1.0,DRESS,0.54361146257922,293.15,0.0,0.0
degraded_ups_3s_interruption_during_dress,NO_CONNECTION,508,5.07,5.08,False,1.0,0.9999999999658241,GRID,500.0,1.0,False,184.60934033210475,0.0002071143752937999,169176.499824971,2.9103830456733704e-11,270275.33520013094,0.0001,293.15,1.9053485392629514e-13,0.8597650971441042,1.0,0.8597650971441042,1.0,1.0,1.0,293.15,1.0,DRESS,0.5436936041863736,293.15,0.0,0.0
degraded_ups_3s_interruption_during_dress,NO_CONNECTION,509,5.08,5.09,False,1.0,0.9999999999726593,GRID,500.0,1.0,False,184.80387331549952,0.00020697438320851487,170275.33520013094,0.0,271340.5408663675,0.0001,293.15,-5.494004841452745e-13,0.8699099130130241,1.0,0.8699099130130241,1.0,1.0,1.0,293.15,1.0,DRESS,0.5437757309931117,293.15,0.0,0.0
degraded_ups_3s_interruption_during_dress,NO_CONNECTION,510,5.09,5.1000000000000005,False,1.0,0.9999999999781275,GRID,500.0,1.0,False,184.98867964972453,0.0002068313806930051,171340.54086636752,0.0,272372.79016990215,0.0001,293.15,-4.626385198872561e-13,0.8797408587609729,1.0,0.8797408587609729,1.0,1.0,1.0,293.15,1.0,DRESS,0.5438578430021042,293.15,0.0,0.0
degraded_ups_3s_interruption_during_dress,NO_CONNECTION,511,5.1000000000000005,5.11,False,1.0,0.999999999982502,GRID,500.0,1.0,False,185.1642456672383,0.0002066859579223361,172372.7901699022,5.820766091346741e-11,273372.7687969804,0.0001,293.15,9.82281194995523e-13,0.8892644647331467,1.0,0.8892644647331467,1.0,1.0,1.0,293.15,1.0,DRESS,0.54393994021602,293.15,0.0,0.0
degraded_ups_3s_interruption_during_dress,NO_CONNECTION,512,5.11,5.12,False,1.0,0.9999999999860016,GRID,500.0,1.0,False,185.3310333838764,0.00020653865814768268,173372.76879698035,-2.9103830456733704e-11,274341.1723873578,0.0001,293.15,1.464553677713986e-13,0.8984873560700744,1.0,0.8984873560700744,1.0,1.0,1.0,293.15,1.0,DRESS,0.5440220226375281,293.15,0.0,0.0
degraded_ups_3s_interruption_during_dress,NO_CONNECTION,513,5.12,5.13,False,1.0,0.9999999999888013,GRID,500.0,1.0,False,185.48948171468257,0.00020638998051716024,174341.1723873578,0.0,275278.70379853994,0.0001,293.15,3.942475584547706e-13,0.9074162266527613,1.0,0.9074162266527613,1.0,1.0,1.0,293.15,1.0,DRESS,0.5441040902692967,293.15,0.0,0.0
degraded_ups_3s_interruption_during_dress,NO_CONNECTION,514,5.13,5.14,False,1.0,0.999999999991041,GRID,500.0,1.0,False,185.64000762894844,0.0002062403830045691,175278.70379853994,0.0,276186.0711267218,0.0001,293.15,8.775709278458377e-13,0.9160578202544936,1.0,0.9160578202544936,1.0,1.0,1.0,293.15,1.0,DRESS,0.5441861431139937,293.15,0.0,0.0
degraded_ups_3s_interruption_during_dress,NO_CONNECTION,515,5.14,5.15,False,1.0,0.9999999999928328,GRID,500.0,1.0,False,185.78300724750102,0.00020609028491340794,176186.07112672177,-2.9103830456733704e-11,277063.9857277274,0.0001,293.15,2.9431948685935266e-14,0.9244189116926422,1.0,0.9244189116926422,1.0,1.0,1.0,293.15,1.0,DRESS,0.5442681811742862,293.15,0.0,0.0
degraded_ups_3s_interruption_during_dress,NO_CONNECTION,516,5.15,5.16,False,1.0,0.9999999999942663,GRID,500.0,1.0,False,185.91885688512596,0.00020594006932456938,177063.9857277274,0.0,277913.1601797417,0.0001,293.15,1.9441319078694272e-13,0.9325062874261115,1.0,0.9325062874261115,1.0,1.0,1.0,293.15,1.0,DRESS,0.5443502044528412,293.15,0.0,0.0
degraded_ups_3s_interruption_during_dress,NO_CONNECTION,517,5.16,5.17,False,1.0,0.999999999995413,GRID,500.0,1.0,False,186.04791404086967,0.00020579008551858683,177913.16017974168,0.0,278734.30682811886,0.0001,293.15,-8.630161980828412e-13,0.9403267316963702,1.0,0.9403267316963702,1.0,1.0,1.0,293.15,1.0,DRESS,0.544432212952325,293.15,0.0,0.0
degraded_ups_3s_interruption_during_dress,NO_CONNECTION,518,5.17,5.18,False,1.0,0.9999999999963304,GRID,500.0,1.0,False,186.17051833882618,0.0002056406510635889,178734.30682811886,0.0,279528.1359809451,0.0001,293.15,1.659197275015109e-14,0.9478870093423343,1.0,0.9478870093423343,1.0,1.0,1.0,293.15,1.0,DRESS,0.5445142066754034,293.15,0.0,0.0
degraded_ups_3s_interruption_during_dress,NO_CONNECTION,519,5.18,5.19,False,1.0,0.9999999999970643,GRID,500.0,1.0,False,186.28699242188486,0.0002054920540229265,179528.13598094505,-2.9103830456733704e-11,280295.3548030928,0.0001,293.15,1.7842616896772065e-13,0.9551938552675504,1.0,0.9551938552675504,1.0,1.0,1.0,293.15,1.0,DRESS,0.5445961856247419,293.15,0.0,0.0
degraded_ups_3s_interruption_during_dress,NO_CONNECTION,520,5.19,5.2,False,1.0,0.9999999999976514,GRID,500.0,1.0,False,186.3976428007906,0.00020534455477512392,180295.35480309278,0.0,281036.66591923684,0.0001,293.15,-5.073757271256956e-13,0.9622539611355891,1.0,0.9622539611355891,1.0,1.0,1.0,293.15,1.0,DRESS,0.5446781498030053,293.15,0.0,0.0
degraded_ups_3s_interruption_during_dress,NO_CONNECTION,521,5.2,5.21,False,1.0,0.9999999999981212,GRID,500.0,1.0,False,186.50276066075108,0.00020519838792856308,181036.66591923687,2.9103830456733704e-11,281752.76613328606,0.0001,293.15,5.809356444383624e-13,0.9690739631741532,1.0,0.9690739631741532,1.0,1.0,1.0,293.15,1.0,DRESS,0.5447600992128581,293.15,0.0,0.0
degraded_ups_3s_interruption_during_dress,NO_CONNECTION,522,5.21,5.22,False,1.0,0.999999999998497,GRID,500.0,1.0,False,186.60262262771352,0.00020505376413467667,181752.76613328606,0.0,282444.34567168355,0.0001,293.15,5.308850638963006e-13,0.9756604349684148,1.0,0.9756604349684148,1.0,1.0,1.0,293.15,1.0,DRESS,0.5448420338569642,293.15,0.0,0.0
degraded_ups_3s_interruption_during_dress,NO_CONNECTION,523,5.22,5.23,False,1.0,0.9999999999987976,GRID,500.0,1.0,False,186.69749149632784,0.00020491087160218457,182444.34567168355,0.0,283112.0870774612,0.0001,293.15,-5.209869604412727e-14,0.9820198769282019,1.0,0.9820198769282019,1.0,1.0,1.0,293.15,1.0,DRESS,0.5449239537379871,293.15,0.0,0.0
degraded_ups_3s_interruption_during_dress,NO_CONNECTION,524,5.23,5.24,False,1.0,0.9999999999990381,GRID,500.0,1.0,False,186.78761692151144,0.0002047698777390907,183112.08707746112,-5.820766091346741e-11,283756.66439533234,0.0001,293.15,-8.15998524040509e-13,0.9881587085269748,1.0,0.9881587085269748,1.0,1.0,1.0,293.15,1.0,DRESS,0.5450058588585897,293.15,0.0,0.0
degraded_ups_3s_interruption_during_dress,NO_CONNECTION,525,5.24,5.25,False,1.0,0.9999999999992305,GRID,500.0,1.0,False,186.87323607543587,0.00020463093061187272,183756.6643953323,-2.9103830456733704e-11,284378.74235678464,0.0001,293.15,2.0443428003778016e-13,0.9940832605408063,1.0,0.9940832605408063,1.0,1.0,1.0,293.15,1.0,DRESS,0.5450877492214345,293.15,0.0,0.0
degraded_ups_3s_interruption_during_dress,NO_CONNECTION,526,5.25,5.26,False,1.0,0.9999999999993844,GRID,500.0,1.0,False,186.9545742716641,0.00020449416036493061,184378.74235678464,0.0,284978.97597262636,0.0001,293.15,6.178309478062881e-14,0.9997997711678702,1.0,0.9997997711678702,1.0,1.0,1.0,293.15,1.0,DRESS,0.5451696248291836,293.15,0.0,0.0
degraded_ups_3s_interruption_during_dress,NO_CONNECTION,527,5.26,5.2700000000000005,False,1.0,0.9999999999995075,GRID,500.0,1.0,False,187.03184555808087,0.00020435968040228187,184978.97597262636,0.0,285558.0097762868,0.0001,293.15,-5.590699751019043e-13,1.0,1.0,1.0,1.0,1.0,1.0,293.15,1.0,DRESS,0.5452514856844985,293.15,0.0,0.0
degraded_ups_3s_interruption_during_dress,NO_CONNECTION,528,5.2700000000000005,5.28,False,1.0,0.999999999999606,GRID,500.0,1.0,False,187.10525328017684,0.0002042275887024254,185558.00977628678,0.0,286116.47724173963,0.0001,293.15,7.724985862984533e-13,1.0,1.0,1.0,1.0,1.0,1.0,293.15,1.0,DRESS,0.5453333317900403,293.15,0.0,0.0
degraded_ups_3s_interruption_during_dress,NO_CONNECTION,529,5.28,5.29,False,1.0,0.9999999999996848,GRID,500.0,1.0,False,187.174990616168,0.00020409796901175352,186116.4772417396,-2.9103830456733704e-11,286655.00066708773,0.0001,293.15,1.7124759184479477e-13,1.0,1.0,1.0,1.0,1.0,1.0,293.15,1.0,DRESS,0.5454151631484695,293.15,0.0,0.0
degraded_ups_3s_interruption_during_dress,NO_CONNECTION,530,5.29,5.3,False,1.0,0.9999999999997479,GRID,500.0,1.0,False,187.2412410853596,0.0002039708917746608,186655.00066708776,2.9103830456733704e-11,287174.19053427875,0.0001,293.15,-8.36298910371759e-13,1.0,1.0,1.0,1.0,1.0,1.0,293.15,1.0,DRESS,0.5454969797624463,293.15,0.0,0.0
degraded_ups_3s_interruption_during_dress,NO_CONNECTION,531,5.3,5.3100000000000005,False,1.0,0.9999999999997983,GRID,500.0,1.0,False,187.30417903109162,0.00020384641528597988,187174.19053427872,-2.9103830456733704e-11,287674.6452180669,0.0001,293.15,-9.988159709988778e-13,1.0,1.0,1.0,1.0,1.0,1.0,293.15,1.0,DRESS,0.5455787816346301,293.15,0.0,0.0
degraded_ups_3s_interruption_during_dress,NO_CONNECTION,532,5.3100000000000005,5.32,False,1.0,0.9999999999998386,GRID,500.0,1.0,False,187.36397007953704,0.00020372458663943968,187674.64521806684,-2.9103830456733704e-11,288156.9507531822,0.0001,293.15,5.605425605154308e-13,1.0,1.0,1.0,1.0,1.0,1.0,293.15,1.0,DRESS,0.5456605687676803,293.15,0.0,0.0
degraded_ups_3s_interruption_during_dress,NO_CONNECTION,533,5.32,5.33,False,1.0,0.9999999999998709,GRID,500.0,1.0,False,187.4207715755602,0.00020360544261547497,188156.95075318217,0.0,288621.6808343306,0.0001,293.15,5.753407343237317e-13,1.0,1.0,1.0,1.0,1.0,1.0,293.15,1.0,DRESS,0.5457423411642554,293.15,0.0,0.0
degraded_ups_3s_interruption_during_dress,NO_CONNECTION,534,5.33,5.34,False,1.0,0.9999999999998967,GRID,500.0,1.0,False,187.4747329967822,0.00020348901042355457,188621.68083433062,0.0,289069.3964669481,0.0001,293.15,-4.622689543301714e-13,1.0,1.0,1.0,1.0,1.0,1.0,293.15,1.0,DRESS,0.5458240988270135,293.15,0.0,0.0
degraded_ups_3s_interruption_during_dress,NO_CONNECTION,535,5.34,5.3500000000000005,False,1.0,0.9999999999999174,GRID,500.0,1.0,False,187.5259963469431,0.00020337530858585877,189069.39646694806,-2.9103830456733704e-11,289500.64573436975,0.0001,293.15,3.702406287911693e-13,1.0,1.0,1.0,1.0,1.0,1.0,293.15,1.0,DRESS,0.5459058417586126,293.15,0.0,0.0
degraded_ups_3s_interruption_during_dress,NO_CONNECTION,536,5.3500000000000005,5.36,False,1.0,0.9999999999999339,GRID,500.0,1.0,False,187.57469652959594,0.00020326434773493819,189500.64573436975,0.0,289915.9640306607,0.0001,293.15,-2.0621084694135133e-13,1.0,1.0,1.0,1.0,1.0,1.0,293.15,1.0,DRESS,0.5459875699617095,293.15,0.0,0.0
degraded_ups_3s_interruption_during_dress,NO_CONNECTION,537,5.36,5.37,False,1.0,0.9999999999999472,GRID,500.0,1.0,False,187.62096170311614,0.0002031561311542209,189915.96403066072,2.9103830456733704e-11,290315.87371136993,0.0001,293.15,6.843510895910296e-13,1.0,1.0,1.0,1.0,1.0,1.0,293.15,1.0,DRESS,0.5460692834389612,293.15,0.0,0.0
degraded_ups_3s_interruption_during_dress,NO_CONNECTION,538,5.37,5.38,False,1.0,0.9999999999999577,GRID,500.0,1.0,False,187.66491361796034,0.0002030506555775093,190315.87371136996,2.9103830456733704e-11,290700.8843845688,0.0001,293.15,-7.875207342527332e-14,1.0,1.0,1.0,1.0,1.0,1.0,293.15,1.0,DRESS,0.5461509821930239,293.15,0.0,0.0
degraded_ups_3s_interruption_during_dress,NO_CONNECTION,539,5.38,5.39,False,1.0,0.9999999999999661,GRID,500.0,1.0,False,187.70666793706232,0.0002029479116471879,190700.88438456878,0.0,291071.4926198125,0.0001,293.15,6.324074844325117e-13,1.0,1.0,1.0,1.0,1.0,1.0,293.15,1.0,DRESS,0.5462326662265534,293.15,0.0,0.0
degraded_ups_3s_interruption_during_dress,NO_CONNECTION,540,5.39,5.4,False,1.0,0.9999999999999729,GRID,500.0,1.0,False,187.7463345402092,0.00020284788463355812,191071.49261981252,2.9103830456733704e-11,291428.1822973862,0.0001,293.15,-6.660980953957082e-14,1.0,1.0,1.0,1.0,1.0,1.0,293.15,1.0,DRESS,0.546314335542205,293.15,0.0,0.0
degraded_ups_3s_interruption_during_dress,NO_CONNECTION,541,5.4,5.41,False,1.0,0.9999999999999784,GRID,500.0,1.0,False,187.78401781319874,0.0002027505548143368,191428.18229738623,0.0,291771.4244336821,0.0001,293.15,-1.2842195331512572e-13,1.0,1.0,1.0,1.0,1.0,1.0,293.15,1.0,DRESS,0.5463959901426334,293.15,0.0,0.0
degraded_ups_3s_interruption_during_dress,NO_CONNECTION,542,5.41,5.42,False,1.0,0.9999999999999827,GRID,500.0,1.0,False,187.81981692253882,0.0002026558980885913,191771.42443368217,5.820766091346741e-11,292101.67741402984,0.0001,293.15,-2.253780759838963e-13,1.0,1.0,1.0,1.0,1.0,1.0,293.15,1.0,DRESS,0.5464776300304931,293.15,0.0,0.0
degraded_ups_3s_interruption_during_dress,NO_CONNECTION,543,5.42,5.43,False,1.0,0.9999999999999861,GRID,500.0,1.0,False,187.85382607641188,0.00020256388636708482,192101.6774140298,-2.9103830456733704e-11,292419.38705090433,0.0001,293.15,1.0414271187634454e-13,1.0,1.0,1.0,1.0,1.0,1.0,293.15,1.0,DRESS,0.5465592552084378,293.15,0.0,0.0
degraded_ups_3s_interruption_during_dress,NO_CONNECTION,544,5.43,5.44,False,1.0,0.9999999999999889,GRID,500.0,1.0,False,187.88613477259128,0.00020247448802671262,192419.38705090433,0.0,292724.9868167564,0.0001,293.15,-6.987074747309653e-13,1.0,1.0,1.0,1.0,1.0,1.0,293.15,1.0,DRESS,0.5466408656791211,293.15,0.0,0.0
degraded_ups_3s_interruption_during_dress,NO_CONNECTION,545,5.44,5.45,False,1.0,0.9999999999999911,GRID,500.0,1.0,False,187.9168280339617,0.00020238766825757663,192724.98681675646,2.9103830456733704e-11,293018.89778580517,0.0001,293.15,-1.63007204712377e-14,1.0,1.0,1.0,1.0,1.0,1.0,293.15,1.0,DRESS,0.5467224614451957,293.15,0.0,0.0
degraded_ups_3s_interruption_during_dress,NO_CONNECTION,546,5.45,5.46,False,1.0,0.9999999999999929,GRID,500.0,1.0,False,187.9459866322636,0.00020230338953343028,193018.89778580522,5.820766091346741e-11,293301.52904149145,0.0001,293.15,-1.0104110422832916e-13,1.0,1.0,1.0,1.0,1.0,1.0,293.15,1.0,DRESS,0.546804042509314,293.15,0.0,0.0
degraded_ups_3s_interruption_during_dress,NO_CONNECTION,547,5.46,5.47,False,1.0,0.9999999999999943,GRID,500.0,1.0,False,187.97368730065043,0.0002022216118325084,193301.52904149145,0.0,293573.277676478,0.0001,293.15,2.9453778419051904e-13,1.0,1.0,1.0,1.0,1.0,1.0,293.15,1.0,DRESS,0.5468856088741281,293.15,0.0,0.0
degraded_ups_3s_interruption_during_dress,NO_CONNECTION,548,5.47,5.48,False,1.0,0.9999999999999954,GRID,500.0,1.0,False,188.0000029356179,0.00020214229304078165,193573.27767647803,0.0,293834.5291418955,0.0001,293.15,-8.38514977260672e-13,1.0,1.0,1.0,1.0,1.0,1.0,293.15,1.0,DRESS,0.5469671605422893,293.15,0.0,0.0
degraded_ups_3s_interruption_during_dress,NO_CONNECTION,549,5.48,5.49,False,1.0,0.9999999999999963,GRID,500.0,1.0,False,188.025002788837,0.00020206538916446543,193834.52914189547,0.0,294085.65713092685,0.0001,293.15,8.183745115968965e-13,1.0,1.0,1.0,1.0,1.0,1.0,293.15,1.0,DRESS,0.5470486975164487,293.15,0.0,0.0
degraded_ups_3s_interruption_during_dress,NO_CONNECTION,550,5.49,5.5,False,1.0,0.9999999999999971,GRID,500.0,1.0,False,188.04875264939517,0.0002019908547554756,194085.65713092682,-2.9103830456733704e-11,294327.02427729964,0.0001,293.15,-3.106301226982709e-13,1.0,1.0,1.0,1.0,1.0,1.0,293.15,1.0,DRESS,0.5471302197992568,293.15,0.0,0.0
degraded_ups_3s_interruption_during_dress,NO_CONNECTION,551,5.5,5.51,False,1.0,0.9999999999999977,GRID,500.0,1.0,False,188.0713150169254,0.00020191864291692886,194327.0242772996,-2.9103830456733704e-11,294558.98192245513,0.0001,293.15,-9.474085046616868e-13,1.0,1.0,1.0,1.0,1.0,1.0,293.15,1.0,DRESS,0.5472117273933635,293.15,0.0,0.0
degraded_ups_3s_interruption_during_dress,NO_CONNECTION,552,5.51,5.5200000000000005,False,1.0,0.9999999999999981,GRID,500.0,1.0,False,188.09274926607915,0.00020184870575347128,194558.98192245516,2.9103830456733704e-11,294781.87046479434,0.0001,293.15,-3.257100035712027e-13,1.0,1.0,1.0,1.0,1.0,1.0,293.15,1.0,DRESS,0.5472932203014186,293.15,0.0,0.0
degraded_ups_3s_interruption_during_dress,NO_CONNECTION,553,5.5200000000000005,5.53,False,1.0,0.9999999999999984,GRID,500.0,1.0,False,188.1131118027752,0.00020178099451821223,194781.87046479434,0.0,294996.019708924,0.0001,293.15,-2.1884292202836372e-13,1.0,1.0,1.0,1.0,1.0,1.0,293.15,1.0,DRESS,0.5473746985260709,293.15,0.0,0.0
degraded_ups_3s_interruption_during_dress,NO_CONNECTION,554,5.53,5.54,False,1.0,0.9999999999999988,GRID,500.0,1.0,False,188.13245621263644,0.0002017154597447593,194996.019708924,0.0,295201.7489820719,0.0001,293.15,-2.0923428022459872e-13,1.0,1.0,1.0,1.0,1.0,1.0,293.15,1.0,DRESS,0.547456162069969,293.15,0.0,0.0
degraded_ups_3s_interruption_during_dress,NO_CONNECTION,555,5.54,5.55,False,1.0,0.999999999999999,GRID,500.0,1.0,False,188.15083340200462,0.00020165205148044653,195201.7489820719,2.9103830456733704e-11,295399.36736691743,0.0001,293.15,1.000767207954634e-13,1.0,1.0,1.0,1.0,1.0,1.0,293.15,1.0,DRESS,0.5475376109357613,293.15,0.0,0.0
degraded_ups_3s_interruption_during_dress,NO_CONNECTION,556,5.55,5.5600000000000005,False,1.0,0.9999999999999992,GRID,500.0,1.0,False,188.1682917319044,0.00020159071944836666,195399.36736691743,0.0,295589.1739926301,0.0001,293.15,-6.220165145283331e-14,1.0,1.0,1.0,1.0,1.0,1.0,293.15,1.0,DRESS,0.547619045126095,293.15,0.0,0.0
degraded_ups_3s_interruption_during_dress,NO_CONNECTION,557,5.5600000000000005,5.57,False,1.0,0.9999999999999993,GRID,500.0,1.0,False,188.18487714530917,0.00020153141316753444,195589.1739926301,0.0,295771.45820949227,0.0001,293.15,-2.7445513445462436e-13,1.0,1.0,1.0,1.0,1.0,1.0,293.15,1.0,DRESS,0.5477004646436177,293.15,0.0,0.0
degraded_ups_3s_interruption_during_dress,NO_CONNECTION,558,5.57,5.58,False,1.0,0.9999999999999994,GRID,500.0,1.0,False,188.20063328804372,0.00020147408211835364,195771.45820949227,0.0,295946.49982172996,0.0001,293.15,-3.7265189526981e-14,1.0,1.0,1.0,1.0,1.0,1.0,293.15,1.0,DRESS,0.5477818694909757,293.15,0.0,0.0
degraded_ups_3s_interruption_during_dress,NO_CONNECTION,559,5.58,5.59,False,1.0,0.9999999999999996,GRID,500.0,1.0,False,188.21560162364153,0.0002014186758673421,195946.49982172996,0.0,296114.5693785511,0.0001,293.15,4.164379929287002e-14,1.0,1.0,1.0,1.0,1.0,1.0,293.15,1.0,DRESS,0.5478632596708155,293.15,0.0,0.0
degraded_ups_3s_interruption_during_dress,NO_CONNECTION,560,5.59,5.6000000000000005,False,1.0,0.9999999999999997,GRID,500.0,1.0,False,188.22982154245946,0.00020136514415157358,196114.5693785511,0.0,296275.92840697616,0.0001,293.15,-6.204158666270278e-13,1.0,1.0,1.0,1.0,1.0,1.0,293.15,1.0,DRESS,0.5479446351857827,293.15,0.0,0.0
degraded_ups_3s_interruption_during_dress,NO_CONNECTION,561,5.6000000000000005,5.61,False,1.0,0.9999999999999998,GRID,500.0,1.0,False,188.2433304653365,0.0002013134369811096,196275.92840697616,0.0,296430.82947004586,0.0001,293.15,9.846926524800933e-13,1.0,1.0,1.0,1.0,1.0,1.0,293.15,1.0,DRESS,0.5480259960385225,293.15,0.0,0.0
degraded_ups_3s_interruption_during_dress,NO_CONNECTION,562,5.61,5.62,False,1.0,0.9999999999999998,GRID,500.0,1.0,False,188.25616394206966,0.00020126350481779645,196430.8294700459,2.9103830456733704e-11,296579.51674889773,0.0001,293.15,8.663102414520774e-13,1.0,1.0,1.0,1.0,1.0,1.0,293.15,1.0,DRESS,0.5481073422316798,293.15,0.0,0.0
degraded_ups_3s_interruption_during_dress,NO_CONNECTION,563,5.62,5.63,False,1.0,0.9999999999999998,GRID,500.0,1.0,False,188.2683557449662,0.00020121529848389985,196579.51674889773,0.0,296722.22598455846,0.0001,293.15,7.784059727965567e-13,1.0,1.0,1.0,1.0,1.0,1.0,293.15,1.0,DRESS,0.5481886737678987,293.15,0.0,0.0
degraded_ups_3s_interruption_during_dress,NO_CONNECTION,564,5.63,5.64,False,1.0,0.9999999999999998,GRID,500.0,1.0,False,188.2799379577179,0.00020116876937927507,196722.22598455846,0.0,296859.1848271899,0.0001,293.15,1.1305153294150568e-13,1.0,1.0,1.0,1.0,1.0,1.0,293.15,1.0,DRESS,0.5482699906498232,293.15,0.0,0.0
degraded_ups_3s_interruption_during_dress,NO_CONNECTION,565,5.64,5.65,False,1.0,0.9999999999999998,GRID,500.0,1.0,False,188.290941059832,0.00020112386948708708,196859.18482718983,-5.820766091346741e-11,296990.61301071197,0.0001,293.15,-6.887104069109955e-13,1.0,1.0,1.0,1.0,1.0,1.0,293.15,1.0,DRESS,0.5483512928800964,293.15,0.0,0.0
degraded_ups_3s_interruption_during_dress,NO_CONNECTION,566,5.65,5.66,False,1.0,0.9999999999999998,GRID,500.0,1.0,False,188.30139400684038,0.00020108055145763232,196990.613010712,2.9103830456733704e-11,297116.72252742574,0.0001,293.15,-1.4035592629338422e-13,1.0,1.0,1.0,1.0,1.0,1.0,293.15,1.0,DRESS,0.5484325804613615,293.15,0.0,0.0
degraded_ups_3s_interruption_during_dress,NO_CONNECTION,567,5.66,5.67,False,1.0,0.9999999999999998,GRID,500.0,1.0,False,188.31132430649836,0.00020103876868393184,197116.72252742577,2.9103830456733704e-11,297237.71803546697,0.0001,293.15,-4.946263129880165e-13,1.0,1.0,1.0,1.0,1.0,1.0,293.15,1.0,DRESS,0.5485138533962605,293.15,0.0,0.0
degraded_ups_3s_interruption_during_dress,NO_CONNECTION,568,5.67,5.68,False,1.0,0.9999999999999998,GRID,500.0,1.0,False,188.32075809117345,0.00020099847525363075,197237.7180354669,-5.820766091346741e-11,297353.7969170138,0.0001,293.15,-8.358132627609013e-13,1.0,1.0,1.0,1.0,1.0,1.0,293.15,1.0,DRESS,0.5485951116874355,293.15,0.0,0.0
degraded_ups_3s_interruption_during_dress,NO_CONNECTION,569,5.68,5.69,False,1.0,0.9999999999999998,GRID,500.0,1.0,False,188.32972018661476,0.00020095962606705398,197353.79691701382,0.0,297465.1494529098,0.0001,293.15,6.226789883137431e-13,1.0,1.0,1.0,1.0,1.0,1.0,293.15,1.0,DRESS,0.5486763553375279,293.15,0.0,0.0
degraded_ups_3s_interruption_during_dress,NO_CONNECTION,570,5.69,5.7,False,1.0,0.9999999999999998,GRID,500.0,1.0,False,188.33823417728402,0.0002009221768902432,197465.14945290977,-5.820766091346741e-11,297571.9593465328,0.0001,293.15,-6.554831085703869e-13,1.0,1.0,1.0,1.0,1.0,1.0,293.15,1.0,DRESS,0.5487575843491787,293.15,0.0,0.0
degraded_ups_3s_interruption_during_dress,NO_CONNECTION,571,5.7,5.71,False,1.0,0.9999999999999998,GRID,500.0,1.0,False,188.34632246841983,0.0002008860842273203,197571.95934653282,0.0,297674.40343275666,0.0001,293.15,7.864651457002388e-13,1.0,1.0,1.0,1.0,1.0,1.0,293.15,1.0,DRESS,0.5488387987250283,293.15,0.0,0.0
degraded_ups_3s_interruption_during_dress,NO_CONNECTION,572,5.71,5.72,False,1.0,0.9999999999999998,GRID,500.0,1.0,False,188.35400634499882,0.00020085130559189138,197674.40343275666,0.0,297772.65237644315,0.0001,293.15,5.299400961526518e-13,1.0,1.0,1.0,1.0,1.0,1.0,293.15,1.0,DRESS,0.5489199984677168,293.15,0.0,0.0
degraded_ups_3s_interruption_during_dress,NO_CONNECTION,573,5.72,5.73,False,1.0,0.9999999999999998,GRID,500.0,1.0,False,188.36130602774887,0.00020081779927974636,197772.65237644315,0.0,297866.8705560267,0.0001,293.15,4.10062019122088e-13,1.0,1.0,1.0,1.0,1.0,1.0,293.15,1.0,DRESS,0.5490011835798836,293.15,0.0,0.0
degraded_ups_3s_interruption_during_dress,NO_CONNECTION,574,5.73,5.74,False,1.0,0.9999999999999998,GRID,500.0,1.0,False,188.36824072636142,0.00020078552454124644,197866.8705560267,0.0,297957.2164127603,0.0001,293.15,-7.998061253189397e-13,1.0,1.0,1.0,1.0,1.0,1.0,293.15,1.0,DRESS,0.5490823540641677,293.15,0.0,0.0
degraded_ups_3s_interruption_during_dress,NO_CONNECTION,575,5.74,5.75,False,1.0,0.9999999999999998,GRID,500.0,1.0,False,188.37482869004336,0.00020075444151627198,197957.21641276032,0.0,298043.8424507156,0.0001,293.15,-4.68191499541657e-13,1.0,1.0,1.0,1.0,1.0,1.0,293.15,1.0,DRESS,0.5491635099232078,293.15,0.0,0.0
degraded_ups_3s_interruption_during_dress,NO_CONNECTION,576,5.75,5.76,False,1.0,0.9999999999999998,GRID,500.0,1.0,False,188.3810872555412,0.0002007245113377178,198043.8424507156,0.0,298126.8955860287,0.0001,293.15,8.384415714796388e-13,1.0,1.0,1.0,1.0,1.0,1.0,293.15,1.0,DRESS,0.5492446511596419,293.15,0.0,0.0
degraded_ups_3s_interruption_during_dress,NO_CONNECTION,577,5.76,5.7700000000000005,False,1.0,0.9999999999999998,GRID,500.0,1.0,False,188.38703289276413,0.0002006956960559396,198126.8955860287,0.0,298206.51749614626,0.0001,293.15,-8.944848779362727e-13,1.0,1.0,1.0,1.0,1.0,1.0,293.15,1.0,DRESS,0.5493257777761077,293.15,0.0,0.0
degraded_ups_3s_interruption_during_dress,NO_CONNECTION,578,5.7700000000000005,5.78,False,1.0,0.9999999999999998,GRID,500.0,1.0,False,188.3926812481259,0.00020066795855825685,198206.51749614626,0.0,298282.8442705795,0.0001,293.15,9.34301989056742e-13,1.0,1.0,1.0,1.0,1.0,1.0,293.15,1.0,DRESS,0.5494068897752422,293.15,0.0,0.0
degraded_ups_3s_interruption_during_dress,NO_CONNECTION,579,5.78,5.79,False,1.0,0.9999999999999998,GRID,500.0,1.0,False,188.3980471857196,0.0002006412628318834,198282.8442705795,-2.9103830456733704e-11,298356.0072258115,0.0001,293.15,1.1433835365354565e-13,1.0,1.0,1.0,1.0,1.0,1.0,293.15,1.0,DRESS,0.5494879871596822,293.15,0.0,0.0
degraded_ups_3s_interruption_during_dress,NO_CONNECTION,580,5.79,5.8,False,1.0,0.9999999999999998,GRID,500.0,1.0,False,188.40314482643362,0.00020061557364236325,198356.00722581148,0.0,298426.132556051,0.0001,293.15,7.595470546412081e-13,1.0,1.0,1.0,1.0,1.0,1.0,293.15,1.0,DRESS,0.5495690699320638,293.15,0.0,0.0
degraded_ups_3s_interruption_during_dress,NO_CONNECTION,581,5.8,5.8100000000000005,False,1.0,0.9999999999999998,GRID,500.0,1.0,False,188.40798758511193,0.00020059085678791988,198426.132556051,-2.9103830456733704e-11,298493.34185710177,0.0001,293.15,-1.616460496594354e-13,1.0,1.0,1.0,1.0,1.0,1.0,293.15,1.0,DRESS,0.5496501380950227,293.15,0.0,0.0
degraded_ups_3s_interruption_during_dress,NO_CONNECTION,582,5.8100000000000005,5.82,False,1.0,0.9999999999999998,GRID,500.0,1.0,False,188.41258820585634,0.0002005670789146811,198493.34185710174,-2.9103830456733704e-11,298557.75200994685,0.0001,293.15,-1.4719402941755705e-13,1.0,1.0,1.0,1.0,1.0,1.0,293.15,1.0,DRESS,0.5497311916511942,293.15,0.0,0.0
degraded_ups_3s_interruption_during_dress,NO_CONNECTION,583,5.82,5.83,False,1.0,0.9999999999999998,GRID,500.0,1.0,False,188.41695879556352,0.0002005442076472443,198557.75200994682,-2.9103830456733704e-11,298619.47547178715,0.0001,293.15,6.745446768172673e-13,1.0,1.0,1.0,1.0,1.0,1.0,293.15,1.0,DRESS,0.549812230603213,293.15,0.0,0.0
degraded_ups_3s_interruption_during_dress,NO_CONNECTION,584,5.83,5.84,False,1.0,0.9999999999999998,GRID,500.0,1.0,False,188.42111085578534,0.00020052221151252545,198619.4754717871,-5.820766091346741e-11,298678.620508872,0.0001,293.15,5.163930984276627e-13,1.0,1.0,1.0,1.0,1.0,1.0,293.15,1.0,DRESS,0.5498932549537134,293.15,0.0,0.0
degraded_ups_3s_interruption_during_dress,NO_CONNECTION,585,5.84,5.8500000000000005,False,1.0,0.9999999999999998,GRID,500.0,1.0,False,188.42505531299608,0.00020050105988915108,198678.62050887197,0.0,298735.2912547067,0.0001,293.15,-6.548964296224379e-13,1.0,1.0,1.0,1.0,1.0,1.0,293.15,1.0,DRESS,0.5499742647053293,293.15,0.0,0.0
degraded_ups_3s_interruption_during_dress,NO_CONNECTION,586,5.8500000000000005,5.86,False,1.0,0.9999999999999998,GRID,500.0,1.0,False,188.42880254734627,0.00020048072304065654,198735.29125470668,0.0,298789.5877100527,0.0001,293.15,7.870920826418633e-14,1.0,1.0,1.0,1.0,1.0,1.0,293.15,1.0,DRESS,0.5500552598606938,293.15,0.0,0.0
degraded_ups_3s_interruption_during_dress,NO_CONNECTION,587,5.86,5.87,False,1.0,0.9999999999999998,GRID,500.0,1.0,False,188.43236241997894,0.00020046117217463824,198789.5877100527,-2.9103830456733704e-11,298841.60615038127,0.0001,293.15,2.9287682839040214e-13,1.0,1.0,1.0,1.0,1.0,1.0,293.15,1.0,DRESS,0.5501362404224399,293.15,0.0,0.0
degraded_ups_3s_interruption_during_dress,NO_CONNECTION,588,5.87,5.88,False,1.0,0.9999999999999998,GRID,500.0,1.0,False,188.43574429897998,0.00020044237929570997,198841.60615038127,0.0,298891.43912587315,0.0001,293.15,2.2293576384191458e-13,1.0,1.0,1.0,1.0,1.0,1.0,293.15,1.0,DRESS,0.5502172063931999,293.15,0.0,0.0
degraded_ups_3s_interruption_during_dress,NO_CONNECTION,589,5.88,5.89,False,1.0,0.9999999999999998,GRID,500.0,1.0,False,188.438957084031,0.0002004243172588656,198891.43912587315,0.0,298939.17557783425,0.0001,293.15,4.307264652962656e-13,1.0,1.0,1.0,1.0,1.0,1.0,293.15,1.0,DRESS,0.5502981577756059,293.15,0.0,0.0
degraded_ups_3s_interruption_during_dress,NO_CONNECTION,590,5.89,5.9,False,1.0,0.9999999999999998,GRID,500.0,1.0,False,188.44200922982944,0.00020040695976211628,198939.17557783425,0.0,298984.9010715261,0.0001,293.15,-6.474840108432141e-13,1.0,1.0,1.0,1.0,1.0,1.0,293.15,1.0,DRESS,0.5503790945722891,293.15,0.0,0.0
degraded_ups_3s_interruption_during_dress,NO_CONNECTION,591,5.9,5.91,False,1.0,0.9999999999999998,GRID,500.0,1.0,False,188.44490876833797,0.0002003902812784947,198984.90107152614,2.9103830456733704e-11,299028.6976797506,0.0001,293.15,2.741291433428408e-13,1.0,1.0,1.0,1.0,1.0,1.0,293.15,1.0,DRESS,0.5504600167858805,293.15,0.0,0.0
degraded_ups_3s_interruption_during_dress,NO_CONNECTION,592,5.91,5.92,False,1.0,0.9999999999999998,GRID,500.0,1.0,False,188.44766332992106,0.00020037425715991382,199028.69767975065,2.9103830456733704e-11,299070.6444485113,0.0001,293.15,-4.3955545318851065e-13,1.0,1.0,1.0,1.0,1.0,1.0,293.15,1.0,DRESS,0.5505409244190107,293.15,0.0,0.0
degraded_ups_3s_interruption_during_dress,NO_CONNECTION,593,5.92,5.93,False,1.0,0.9999999999999998,GRID,500.0,1.0,False,188.450280163425,0.00020035886344826887,199070.6444485113,0.0,299110.81716418266,0.0001,293.15,5.527503227394166e-13,1.0,1.0,1.0,1.0,1.0,1.0,293.15,1.0,DRESS,0.5506218174743096,293.15,0.0,0.0
degraded_ups_3s_interruption_during_dress,NO_CONNECTION,594,5.93,5.94,False,1.0,0.9999999999999998,GRID,500.0,1.0,False,188.45276615525376,0.00020034407703292263,199110.81716418272,5.820766091346741e-11,299149.2888191715,0.0001,293.15,-4.764396201907623e-13,1.0,1.0,1.0,1.0,1.0,1.0,293.15,1.0,DRESS,0.5507026959544067,293.15,0.0,0.0
degraded_ups_3s_interruption_during_dress,NO_CONNECTION,595,5.94,5.95,False,1.0,0.9999999999999998,GRID,500.0,1.0,False,188.45512784749107,0.00020032987545752382,199149.28881917146,-2.9103830456733704e-11,299186.1293790862,0.0001,293.15,-4.3031345520755794e-13,1.0,1.0,1.0,1.0,1.0,1.0,293.15,1.0,DRESS,0.5507835598619311,293.15,0.0,0.0
degraded_ups_3s_interruption_during_dress,NO_CONNECTION,596,5.95,5.96,False,1.0,0.9999999999999998,GRID,500.0,1.0,False,188.45737145511652,0.0002003162370734733,199186.12937908623,2.9103830456733704e-11,299221.40607377514,0.0001,293.15,1.4280679939736383e-13,1.0,1.0,1.0,1.0,1.0,1.0,293.15,1.0,DRESS,0.5508644091995113,293.15,0.0,0.0
degraded_ups_3s_interruption_during_dress,NO_CONNECTION,597,5.96,5.97,False,1.0,0.9999999999999998,GRID,500.0,1.0,False,188.45950288236068,0.00020030314093005038,199221.4060737751,-2.9103830456733704e-11,299255.1835719496,0.0001,293.15,-8.194135957124136e-13,1.0,1.0,1.0,1.0,1.0,1.0,293.15,1.0,DRESS,0.5509452439697755,293.15,0.0,0.0
degraded_ups_3s_interruption_during_dress,NO_CONNECTION,598,5.97,5.98,False,1.0,0.9999999999999998,GRID,500.0,1.0,False,188.46152773824264,0.00020029056672084448,199255.18357194966,5.820766091346741e-11,299287.5238065608,0.0001,293.15,1.2534041293642197e-13,1.0,1.0,1.0,1.0,1.0,1.0,293.15,1.0,DRESS,0.5510260641753513,293.15,0.0,0.0
degraded_ups_3s_interruption_during_dress,NO_CONNECTION,599,5.98,5.99,False,1.0,0.9999999999999998,GRID,500.0,1.0,False,188.4634513513305,0.00020027849490286378,199287.52380656078,0.0,299318.48638225347,0.0001,293.15,1.978833714811869e-13,1.0,1.0,1.0,1.0,1.0,1.0,293.15,1.0,DRESS,0.5511068698188658,293.15,0.0,0.0
degraded_ups_3s_interruption_during_dress,NO_CONNECTION,600,5.99,6.0,False,1.0,0.9999999999999998,GRID,500.0,1.0,False,188.46527878376398,0.0002002669065234364,199318.48638225347,0.0,299348.12851715833,0.0001,293.15,-4.3324000750927634e-13,1.0,1.0,1.0,1.0,1.0,1.0,293.15,1.0,DRESS,0.5511876609029458,293.15,0.0,0.0
degraded_ups_3s_interruption_during_dress,NO_CONNECTION,601,6.0,6.01,False,1.0,0.9999999999999998,GRID,500.0,1.0,False,188.46701484457577,0.00020025578327806395,199348.12851715833,0.0,299376.5051010996,0.0001,293.15,-9.513114786402756e-13,1.0,1.0,1.0,1.0,1.0,1.0,293.15,1.0,PREPARE,0.5511876609029458,293.15,0.0,0.0
degraded_ups_3s_interruption_during_dress,NO_CONNECTION,602,6.01,6.0200000000000005,False,1.0,0.9999999999999998,GRID,500.0,1.0,False,188.468664102347,0.00020024510750871565,199376.5051010996,0.0,299403.6687538028,0.0001,293.15,7.77509355387603e-14,1.0,1.0,1.0,1.0,1.0,1.0,293.15,1.0,PREPARE,0.5511876609029458,293.15,0.0,0.0
degraded_ups_3s_interruption_during_dress,NO_CONNECTION,603,6.0200000000000005,6.03,False,1.0,0.9999999999999998,GRID,500.0,1.0,False,188.47023089722964,0.0002002348622007494,199403.66875380278,0.0,299429.6701159328,0.0001,293.15,-9.981794037161595e-14,1.0,1.0,1.0,1.0,1.0,1.0,293.15,1.0,PREPARE,0.5511876609029458,293.15,0.0,0.0
degraded_ups_3s_interruption_during_dress,NO_CONNECTION,604,6.03,6.04,False,1.0,0.9999999999999998,GRID,500.0,1.0,False,188.47171935236815,0.00020022503086224438,199429.67011593282,0.0,299454.55773267895,0.0001,293.15,-3.3901765561980264e-13,1.0,1.0,1.0,1.0,1.0,1.0,293.15,1.0,PREPARE,0.5511876609029458,293.15,0.0,0.0
degraded_ups_3s_interruption_during_dress,NO_CONNECTION,605,6.04,6.05,False,1.0,0.9999999999999998,GRID,500.0,1.0,False,188.47313338474976,0.00020021559760556785,199454.55773267895,0.0,299478.3781701699,0.0001,293.15,-2.2933589762222083e-13,1.0,1.0,1.0,1.0,1.0,1.0,293.15,1.0,PREPARE,0.5511876609029458,293.15,0.0,0.0
degraded_ups_3s_interruption_during_dress,NO_CONNECTION,606,6.05,6.0600000000000005,False,1.0,0.9999999999999998,GRID,500.0,1.0,False,188.47447671551228,0.0002002065471114953,199478.37817016995,5.820766091346741e-11,299501.1761318892,0.0001,293.15,-1.8883600361912353e-13,1.0,1.0,1.0,1.0,1.0,1.0,293.15,1.0,PREPARE,0.5511876609029458,293.15,0.0,0.0
degraded_ups_3s_interruption_during_dress,NO_CONNECTION,607,6.0600000000000005,6.07,False,1.0,0.9999999999999998,GRID,500.0,1.0,False,188.47575287973666,0.0002001978645922037,199501.1761318892,-2.9103830456733704e-11,299522.9944586754,0.0001,293.15,8.271427959730041e-13,1.0,1.0,1.0,1.0,1.0,1.0,293.15,1.0,PREPARE,0.5511876609029458,293.15,0.0,0.0
degraded_ups_3s_interruption_during_dress,NO_CONNECTION,608,6.07,6.08,False,1.0,0.9999999999999998,GRID,500.0,1.0,False,188.47696523574982,0.00020018953581134763,199522.99445867536,-2.9103830456733704e-11,299543.8743615523,0.0001,293.15,5.730332132345641e-13,1.0,1.0,1.0,1.0,1.0,1.0,293.15,1.0,PREPARE,0.5511876609029458,293.15,0.0,0.0
degraded_ups_3s_interruption_during_dress,NO_CONNECTION,609,6.08,6.09,False,1.0,0.9999999999999998,GRID,500.0,1.0,False,188.47811697396233,0.00020018154698682258,199543.8743615523,0.0,299563.85530531406,0.0001,293.15,4.589302245201929e-13,1.0,1.0,1.0,1.0,1.0,1.0,293.15,1.0,PREPARE,0.5511876609029458,293.15,0.0,0.0
degraded_ups_3s_interruption_during_dress,NO_CONNECTION,610,6.09,6.1000000000000005,False,1.0,0.9999999999999998,GRID,500.0,1.0,False,188.47921112526421,0.0002001738848670206,199563.85530531412,5.820766091346741e-11,299582.9751249403,0.0001,293.15,9.12026220036783e-13,1.0,1.0,1.0,1.0,1.0,1.0,293.15,1.0,PREPARE,0.5511876609029458,293.15,0.0,0.0
degraded_ups_3s_interruption_during_dress,NO_CONNECTION,611,6.1000000000000005,6.11,False,1.0,0.9999999999999998,GRID,500.0,1.0,False,188.48025056900102,0.00020016653668987697,199582.97512494025,-2.9103830456733704e-11,299601.270200219,0.0001,293.15,8.419287346550798e-14,1.0,1.0,1.0,1.0,1.0,1.0,293.15,1.0,PREPARE,0.5511876609029458,293.15,0.0,0.0
degraded_ups_3s_interruption_during_dress,NO_CONNECTION,612,6.11,6.12,False,1.0,0.9999999999999998,GRID,500.0,1.0,False,188.48123804055098,0.0002001594901119626,199601.270200219,0.0,299618.7752811238,0.0001,293.15,8.533044442584894e-13,1.0,1.0,1.0,1.0,1.0,1.0,293.15,1.0,PREPARE,0.5511876609029458,293.15,0.0,0.0
degraded_ups_3s_interruption_during_dress,NO_CONNECTION,613,6.12,6.13,False,1.0,0.9999999999999998,GRID,500.0,1.0,False,188.4821761385234,0.00020015273331123353,199618.77528112382,0.0,299635.52383705974,0.0001,293.15,2.739852756437826e-13,1.0,1.0,1.0,1.0,1.0,1.0,293.15,1.0,PREPARE,0.5511876609029458,293.15,0.0,0.0
degraded_ups_3s_interruption_during_dress,NO_CONNECTION,614,6.13,6.140000000000001,False,1.0,0.9999999999999998,GRID,500.0,1.0,False,188.48306733159725,0.00020014625482727897,199635.52383705974,0.0,299651.54788224027,0.0001,293.15,-1.7451761590074567e-14,1.0,1.0,1.0,1.0,1.0,1.0,293.15,1.0,PREPARE,0.5511876609029458,293.15,0.0,0.0
degraded_ups_3s_interruption_during_dress,NO_CONNECTION,615,6.140000000000001,6.15,False,1.0,0.9999999999999998,GRID,500.0,1.0,False,188.4839139650174,0.00020014004366254964,199651.5478822403,2.9103830456733704e-11,299666.8780921027,0.0001,293.15,4.192494696635452e-13,1.0,1.0,1.0,1.0,1.0,1.0,293.15,1.0,PREPARE,0.5511876609029458,293.15,0.0,0.0
degraded_ups_3s_interruption_during_dress,NO_CONNECTION,616,6.15,6.16,False,1.0,0.9999999999999998,GRID,500.0,1.0,False,188.48471826676652,0.00020013408923748313,199666.87809210274,2.9103830456733704e-11,299681.54397793114,0.0001,293.15,-4.68051153382077e-13,1.0,1.0,1.0,1.0,1.0,1.0,293.15,1.0,PREPARE,0.5511876609029458,293.15,0.0,0.0
degraded_ups_3s_interruption_during_dress,NO_CONNECTION,617,6.16,6.17,False,1.0,0.9999999999999998,GRID,500.0,1.0,False,188.48548235342818,0.0002001283813158675,199681.54397793108,-5.820766091346741e-11,299695.5736540258,0.0001,293.15,9.669615672172828e-13,1.0,1.0,1.0,1.0,1.0,1.0,293.15,1.0,PREPARE,0.5511876609029458,293.15,0.0,0.0
degraded_ups_3s_interruption_during_dress,NO_CONNECTION,618,6.17,6.18,False,1.0,0.9999999999999998,GRID,500.0,1.0,False,188.48620823575678,0.00020012291013316185,199695.57365402582,2.9103830456733704e-11,299708.9943033643,0.0001,293.15,-5.290578641159997e-15,1.0,1.0,1.0,1.0,1.0,1.0,293.15,1.0,PREPARE,0.5511876609029458,293.15,0.0,0.0
degraded_ups_3s_interruption_during_dress,NO_CONNECTION,619,6.18,6.19,False,1.0,0.9999999999999998,GRID,500.0,1.0,False,188.48689782396895,0.0002001176661751956,199708.99430336428,-2.9103830456733704e-11,299721.8318283558,0.0001,293.15,-2.38811943882571e-13,1.0,1.0,1.0,1.0,1.0,1.0,293.15,1.0,PREPARE,0.5511876609029458,293.15,0.0,0.0
degraded_ups_3s_interruption_during_dress,NO_CONNECTION,620,6.19,6.2,False,1.0,0.9999999999999998,GRID,500.0,1.0,False,188.48755293277048,0.00020011264036348577,199721.8318283558,0.0,299734.11108367145,0.0001,293.15,-2.8466318277634345e-13,1.0,1.0,1.0,1.0,1.0,1.0,293.15,1.0,PREPARE,0.5511876609029458,293.15,0.0,0.0
degraded_ups_3s_interruption_during_dress,NO_CONNECTION,621,6.2,6.21,False,1.0,0.9999999999999998,GRID,500.0,1.0,False,188.48817528613196,0.00020010782394915962,199734.11108367142,-2.9103830456733704e-11,299745.8558762446,0.0001,293.15,1.5957422991387119e-13,1.0,1.0,1.0,1.0,1.0,1.0,293.15,1.0,PREPARE,0.5511876609029458,293.15,0.0,0.0
degraded_ups_3s_interruption_during_dress,NO_CONNECTION,622,6.21,6.22,False,1.0,0.9999999999999998,GRID,500.0,1.0,False,188.48876652182537,0.00020010320852270123,199745.85587624466,5.820766091346741e-11,299757.089081686,0.0001,293.15,-1.2696948257828618e-13,1.0,1.0,1.0,1.0,1.0,1.0,293.15,1.0,PREPARE,0.5511876609029458,293.15,0.0,0.0
degraded_ups_3s_interruption_during_dress,NO_CONNECTION,623,6.22,6.23,False,1.0,0.9999999999999998,GRID,500.0,1.0,False,188.4893281957341,0.00020009878596503132,199757.089081686,0.0,299767.83252786845,0.0001,293.15,7.774478988062359e-13,1.0,1.0,1.0,1.0,1.0,1.0,293.15,1.0,PREPARE,0.5511876609029458,293.15,0.0,0.0
degraded_ups_3s_interruption_during_dress,NO_CONNECTION,624,6.23,6.24,False,1.0,0.9999999999999998,GRID,500.0,1.0,False,188.4898617859474,0.00020009454851447706,199767.83252786845,0.0,299778.1072277576,0.0001,293.15,9.028157919531563e-13,1.0,1.0,1.0,1.0,1.0,1.0,293.15,1.0,PREPARE,0.5511876609029458,293.15,0.0,0.0
degraded_ups_3s_interruption_during_dress,NO_CONNECTION,625,6.24,6.25,False,1.0,0.9999999999999998,GRID,500.0,1.0,False,188.49036869665002,0.00020009048865876435,199778.10722775757,0.0,299787.93332120404,0.0001,293.15,1.2923306195396063e-13,1.0,1.0,1.0,1.0,1.0,1.0,293.15,1.0,PREPARE,0.5511876609029458,293.15,0.0,0.0
degraded_ups_3s_interruption_during_dress,NO_CONNECTION,626,6.25,6.26,False,1.0,0.9999999999999998,GRID,500.0,1.0,False,188.4908502618175,0.00020008659917203508,199787.93332120404,0.0,299797.3300749436,0.0001,293.15,-9.402280413816759e-13,1.0,1.0,1.0,1.0,1.0,1.0,293.15,1.0,PREPARE,0.5511876609029458,293.15,0.0,0.0
degraded_ups_3s_interruption_during_dress,NO_CONNECTION,627,6.26,6.2700000000000005,False,1.0,0.9999999999999998,GRID,500.0,1.0,False,188.49130774872663,0.00020008287312237879,199797.3300749436,0.0,299806.31582438946,0.0001,293.15,2.2126694627902796e-13,1.0,1.0,1.0,1.0,1.0,1.0,293.15,1.0,PREPARE,0.5511876609029458,293.15,0.0,0.0
degraded_ups_3s_interruption_during_dress,NO_CONNECTION,628,6.2700000000000005,6.28,False,1.0,0.9999999999999998,GRID,500.0,1.0,False,188.4917423612903,0.00020007930390807983,199806.31582438943,-2.9103830456733704e-11,299814.9083228782,0.0001,293.15,-2.2313374781422837e-13,1.0,1.0,1.0,1.0,1.0,1.0,293.15,1.0,PREPARE,0.5511876609029458,293.15,0.0,0.0
degraded_ups_3s_interruption_during_dress,NO_CONNECTION,629,6.28,6.29,False,1.0,0.9999999999999998,GRID,500.0,1.0,False,188.4921552432258,0.00020007588508985934,199814.90832287818,0.0,299823.12445063144,0.0001,293.15,3.09478464992388e-13,1.0,1.0,1.0,1.0,1.0,1.0,293.15,1.0,PREPARE,0.5511876609029458,293.15,0.0,0.0
degraded_ups_3s_interruption_during_dress,NO_CONNECTION,630,6.29,6.3,False,1.0,0.9999999999999998,GRID,500.0,1.0,False,188.4925474810645,0.00020007261054278574,199823.1244506314,-2.9103830456733704e-11,299830.9805057943,0.0001,293.15,-8.133683440407025e-13,1.0,1.0,1.0,1.0,1.0,1.0,293.15,1.0,PREPARE,0.5511876609029458,293.15,0.0,0.0
degraded_ups_3s_interruption_during_dress,NO_CONNECTION,631,6.3,6.3100000000000005,False,1.0,0.9999999999999998,GRID,500.0,1.0,False,188.49292010701126,0.00020006947431693904,199830.98050579426,-2.9103830456733704e-11,299838.4919716045,0.0001,293.15,-9.850680156600646e-13,1.0,1.0,1.0,1.0,1.0,1.0,293.15,1.0,PREPARE,0.5511876609029458,293.15,0.0,0.0
degraded_ups_3s_interruption_during_dress,NO_CONNECTION,632,6.3100000000000005,6.32,False,1.0,0.9999999999999998,GRID,500.0,1.0,False,188.4932741016607,0.00020006647075960254,199838.49197160453,0.0,299845.67363280803,0.0001,293.15,7.191284568751548e-13,1.0,1.0,1.0,1.0,1.0,1.0,293.15,1.0,PREPARE,0.5511876609029458,293.15,0.0,0.0
degraded_ups_3s_interruption_during_dress,NO_CONNECTION,633,6.32,6.33,False,1.0,0.9999999999999998,GRID,500.0,1.0,False,188.49361039657765,0.00020006359446260598,199845.673632808,-2.9103830456733704e-11,299852.53986669704,0.0001,293.15,-1.4852281081831502e-13,1.0,1.0,1.0,1.0,1.0,1.0,293.15,1.0,PREPARE,0.5511876609029458,293.15,0.0,0.0
degraded_ups_3s_interruption_during_dress,NO_CONNECTION,634,6.33,6.34,False,1.0,0.9999999999999998,GRID,500.0,1.0,False,188.49392987674878,0.00020006084012210142,199852.53986669704,0.0,299859.10423565656,0.0001,293.15,6.25082816996074e-13,1.0,1.0,1.0,1.0,1.0,1.0,293.15,1.0,PREPARE,0.5511876609029458,293.15,0.0,0.0
degraded_ups_3s_interruption_during_dress,NO_CONNECTION,635,6.34,6.3500000000000005,False,1.0,0.9999999999999998,GRID,500.0,1.0,False,188.49423338291135,0.00020005820274720946,199859.10423565653,-2.9103830456733704e-11,299865.3798364103,0.0001,293.15,8.139298170880864e-13,1.0,1.0,1.0,1.0,1.0,1.0,293.15,1.0,PREPARE,0.5511876609029458,293.15,0.0,0.0
degraded_ups_3s_interruption_during_dress,NO_CONNECTION,636,6.3500000000000005,6.36,False,1.0,0.9999999999999998,GRID,500.0,1.0,False,188.49452171376578,0.00020005567749018706,199865.37983641028,0.0,299871.3791836053,0.0001,293.15,9.544838124011862e-13,1.0,1.0,1.0,1.0,1.0,1.0,293.15,1.0,PREPARE,0.5511876609029458,293.15,0.0,0.0
degraded_ups_3s_interruption_during_dress,NO_CONNECTION,637,6.36,6.37,False,1.0,0.9999999999999998,GRID,500.0,1.0,False,188.4947956280775,0.00020005325970911386,199871.37918360528,-2.9103830456733704e-11,299877.1142680198,0.0001,293.15,8.868143204400683e-13,1.0,1.0,1.0,1.0,1.0,1.0,293.15,1.0,PREPARE,0.5511876609029458,293.15,0.0,0.0
degraded_ups_3s_interruption_during_dress,NO_CONNECTION,638,6.37,6.38,False,1.0,0.9999999999999998,GRID,500.0,1.0,False,188.4950558466736,0.000200050944943068,199877.11426801977,-2.9103830456733704e-11,299882.5966147706,0.0001,293.15,-2.9933321880357745e-13,1.0,1.0,1.0,1.0,1.0,1.0,293.15,1.0,PREPARE,0.5511876609029458,293.15,0.0,0.0
degraded_ups_3s_interruption_during_dress,NO_CONNECTION,639,6.38,6.390000000000001,False,1.0,0.9999999999999998,GRID,500.0,1.0,False,188.49530305433993,0.0002000487288870867,199882.5966147706,0.0,299887.83716689795,0.0001,293.15,-7.389094956618216e-13,1.0,1.0,1.0,1.0,1.0,1.0,293.15,1.0,PREPARE,0.5511876609029458,293.15,0.0,0.0
degraded_ups_3s_interruption_during_dress,NO_CONNECTION,640,6.390000000000001,6.4,False,1.0,0.9999999999999998,GRID,500.0,1.0,False,188.49553790162292,0.00020004660745421207,199887.83716689798,2.9103830456733704e-11,299892.84640178084,0.0001,293.15,-4.44336182436102e-13,1.0,1.0,1.0,1.0,1.0,1.0,293.15,1.0,PREPARE,0.5511876609029458,293.15,0.0,0.0
degraded_ups_3s_interruption_during_dress,NO_CONNECTION,641,6.4,6.41,False,1.0,0.9999999999999998,GRID,500.0,1.0,False,188.49576100654178,0.0002000445767209593,199892.84640178084,0.0,299897.63433113694,0.0001,293.15,9.68268847255775e-13,1.0,1.0,1.0,1.0,1.0,1.0,293.15,1.0,PREPARE,0.5511876609029458,293.15,0.0,0.0
degraded_ups_3s_interruption_during_dress,NO_CONNECTION,642,6.41,6.42,False,1.0,0.9999999999999998,GRID,500.0,1.0,False,188.4959729562147,0.00020004263293079216,199897.63433113694,0.0,299902.2107338533,0.0001,293.15,-4.904612583069898e-13,1.0,1.0,1.0,1.0,1.0,1.0,293.15,1.0,PREPARE,0.5511876609029458,293.15,0.0,0.0
degraded_ups_3s_interruption_during_dress,NO_CONNECTION,643,6.42,6.43,False,1.0,0.9999999999999998,GRID,500.0,1.0,False,188.49617430840397,0.00020004077238103363,199902.2107338533,2.9103830456733704e-11,299906.58469032496,0.0001,293.15,9.064375161854965e-13,1.0,1.0,1.0,1.0,1.0,1.0,293.15,1.0,PREPARE,0.5511876609029458,293.15,0.0,0.0
degraded_ups_3s_interruption_during_dress,NO_CONNECTION,644,6.43,6.44,False,1.0,0.9999999999999998,GRID,500.0,1.0,False,188.49636559298378,0.00020003899165878234,199906.58469032496,0.0,299910.76516453177,0.0001,293.15,-4.076196628549837e-13,1.0,1.0,1.0,1.0,1.0,1.0,293.15,1.0,PREPARE,0.5511876609029458,293.15,0.0,0.0
degraded_ups_3s_interruption_during_dress,NO_CONNECTION,645,6.44,6.45,False,1.0,0.9999999999999998,GRID,500.0,1.0,False,188.4965473133346,0.00020003728735291332,199910.76516453177,0.0,299914.76053837687,0.0001,293.15,-3.931771195485915e-13,1.0,1.0,1.0,1.0,1.0,1.0,293.15,1.0,PREPARE,0.5511876609029458,293.15,0.0,0.0
degraded_ups_3s_interruption_during_dress,NO_CONNECTION,646,6.45,6.46,False,1.0,0.9999999999999998,GRID,500.0,1.0,False,188.49671994766786,0.00020003565628969047,199914.76053837687,0.0,299918.57884451747,0.0001,293.15,7.446196957617753e-13,1.0,1.0,1.0,1.0,1.0,1.0,293.15,1.0,PREPARE,0.5511876609029458,293.15,0.0,0.0
degraded_ups_3s_interruption_during_dress,NO_CONNECTION,647,6.46,6.47,False,1.0,0.9999999999999998,GRID,500.0,1.0,False,188.49688395028446,0.00020003409541906184,199918.57884451747,0.0,299922.22788278013,0.0001,293.15,7.124184624417611e-13,1.0,1.0,1.0,1.0,1.0,1.0,293.15,1.0,PREPARE,0.5511876609029458,293.15,0.0,0.0
degraded_ups_3s_interruption_during_dress,NO_CONNECTION,648,6.47,6.48,False,1.0,0.9999999999999998,GRID,500.0,1.0,False,188.49703975277023,0.00020003260175901352,199922.22788278013,0.0,299925.71510374546,0.0001,293.15,-2.1216573691325617e-13,1.0,1.0,1.0,1.0,1.0,1.0,293.15,1.0,PREPARE,0.5511876609029458,293.15,0.0,0.0
degraded_ups_3s_interruption_during_dress,NO_CONNECTION,649,6.48,6.49,False,1.0,0.9999999999999998,GRID,500.0,1.0,False,188.4971877651317,0.00020003117245619007,199925.71510374543,-2.9103830456733704e-11,299929.04749233276,0.0001,293.15,9.382777622348945e-13,1.0,1.0,1.0,1.0,1.0,1.0,293.15,1.0,PREPARE,0.5511876609029458,293.15,0.0,0.0
degraded_ups_3s_interruption_during_dress,NO_CONNECTION,650,6.49,6.5,False,1.0,0.9999999999999998,GRID,500.0,1.0,False,188.49732837687512,0.00020002980484639643,199929.0474923328,2.9103830456733704e-11,299932.231917046,0.0001,293.15,3.936083452396485e-13,1.0,1.0,1.0,1.0,1.0,1.0,293.15,1.0,PREPARE,0.5511876609029458,293.15,0.0,0.0
degraded_ups_3s_interruption_during_dress,NO_CONNECTION,651,6.5,6.51,False,1.0,0.9999999999999998,GRID,500.0,1.0,False,188.49746195803135,0.0002000284962821891,199932.231917046,0.0,299935.27489714324,0.0001,293.15,-7.683271981932613e-13,1.0,1.0,1.0,1.0,1.0,1.0,293.15,1.0,PREPARE,0.5511876609029458,293.15,0.0,0.0
degraded_ups_3s_interruption_during_dress,NO_CONNECTION,652,6.51,6.5200000000000005,False,1.0,0.9999999999999998,GRID,500.0,1.0,False,188.49758886012978,0.00020002724425135002,199935.27489714324,0.0,299938.18254442886,0.0001,293.15,3.3423381246733895e-14,1.0,1.0,1.0,1.0,1.0,1.0,293.15,1.0,PREPARE,0.5511876609029458,293.15,0.0,0.0
degraded_ups_3s_interruption_during_dress,NO_CONNECTION,653,6.5200000000000005,6.53,False,1.0,0.9999999999999998,GRID,500.0,1.0,False,188.4977094171233,0.00020002604640796036,199938.18254442883,-2.9103830456733704e-11,299940.9608542919,0.0001,293.15,-2.1644682194595884e-13,1.0,1.0,1.0,1.0,1.0,1.0,293.15,1.0,PREPARE,0.5511876609029458,293.15,0.0,0.0
degraded_ups_3s_interruption_during_dress,NO_CONNECTION,654,6.53,6.54,False,1.0,0.9999999999999998,GRID,500.0,1.0,False,188.49782394626715,0.0002000249004287754,199940.96085429194,2.9103830456733704e-11,299943.61547287554,0.0001,293.15,3.206652537899927e-13,1.0,1.0,1.0,1.0,1.0,1.0,293.15,1.0,PREPARE,0.5511876609029458,293.15,0.0,0.0
degraded_ups_3s_interruption_during_dress,NO_CONNECTION,655,6.54,6.55,False,1.0,0.9999999999999998,GRID,500.0,1.0,False,188.4979327489538,0.00020002380413140428,199943.61547287554,0.0,299946.1519299075,0.0001,293.15,-9.741887868218614e-13,1.0,1.0,1.0,1.0,1.0,1.0,293.15,1.0,PREPARE,0.5511876609029458,293.15,0.0,0.0
degraded_ups_3s_interruption_during_dress,NO_CONNECTION,656,6.55,6.5600000000000005,False,1.0,0.9999999999999998,GRID,500.0,1.0,False,188.4980361115061,0.00020002275535959977,199946.1519299075,0.0,299948.575347662,0.0001,293.15,-6.693206411241483e-13,1.0,1.0,1.0,1.0,1.0,1.0,293.15,1.0,PREPARE,0.5511876609029458,293.15,0.0,0.0
degraded_ups_3s_interruption_during_dress,NO_CONNECTION,657,6.5600000000000005,6.57,False,1.0,0.9999999999999998,GRID,500.0,1.0,False,188.49813430593082,0.00020002175213036592,199948.57534766197,0.0,299950.8907319978,0.0001,293.15,-9.223492976363484e-13,1.0,1.0,1.0,1.0,1.0,1.0,293.15,1.0,PREPARE,0.5511876609029458,293.15,0.0,0.0
degraded_ups_3s_interruption_during_dress,NO_CONNECTION,658,6.57,6.58,False,1.0,0.9999999999999998,GRID,500.0,1.0,False,188.4982275906343,0.00020002079248998203,199950.8907319978,0.0,299953.1027395278,0.0001,293.15,9.696174413527393e-13,1.0,1.0,1.0,1.0,1.0,1.0,293.15,1.0,PREPARE,0.5511876609029458,293.15,0.0,0.0
degraded_ups_3s_interruption_during_dress,NO_CONNECTION,659,6.58,6.59,False,1.0,0.9999999999999998,GRID,500.0,1.0,False,188.49831621110258,0.00020001987463185372,199953.10273952782,0.0,299955.21602686495,0.0001,293.15,8.716787529411189e-13,1.0,1.0,1.0,1.0,1.0,1.0,293.15,1.0,PREPARE,0.5511876609029458,293.15,0.0,0.0
degraded_ups_3s_interruption_during_dress,NO_CONNECTION,660,6.59,6.6000000000000005,False,1.0,0.9999999999999998,GRID,500.0,1.0,False,188.49840040054744,0.0002000189967232849,199955.2160268649,-5.820766091346741e-11,299957.2350177914,0.0001,293.15,-6.041396918338776e-13,1.0,1.0,1.0,1.0,1.0,1.0,293.15,1.0,PREPARE,0.5511876609029458,293.15,0.0,0.0
degraded_ups_3s_interruption_during_dress,NO_CONNECTION,661,6.6000000000000005,6.61,False,1.0,0.9999999999999998,GRID,500.0,1.0,False,188.49848038052008,0.00020001815702318723,199957.2350177914,0.0,299959.1637868434,0.0001,293.15,-2.5127506304136517e-13,1.0,1.0,1.0,1.0,1.0,1.0,293.15,1.0,PREPARE,0.5511876609029458,293.15,0.0,0.0
degraded_ups_3s_interruption_during_dress,NO_CONNECTION,662,6.61,6.62,False,1.0,0.9999999999999998,GRID,500.0,1.0,False,188.49855636149408,0.00020001735394152554,199959.16378684342,0.0,299961.006292142,0.0001,293.15,6.89483441041657e-13,1.0,1.0,1.0,1.0,1.0,1.0,293.15,1.0,PREPARE,0.5511876609029458,293.15,0.0,0.0
degraded_ups_3s_interruption_during_dress,NO_CONNECTION,663,6.62,6.63,False,1.0,0.9999999999999998,GRID,500.0,1.0,False,188.4986285434194,0.00020001658592409282,199961.00629214197,0.0,299962.76643360034,0.0001,293.15,-1.218746089275907e-13,1.0,1.0,1.0,1.0,1.0,1.0,293.15,1.0,PREPARE,0.5511876609029458,293.15,0.0,0.0
degraded_ups_3s_interruption_during_dress,NO_CONNECTION,664,6.63,6.640000000000001,False,1.0,0.9999999999999998,GRID,500.0,1.0,False,188.49869711624842,0.00020001585142452903,199962.76643360034,0.0,299964.4477618858,0.0001,293.15,9.77876400728082e-13,1.0,1.0,1.0,1.0,1.0,1.0,293.15,1.0,PREPARE,0.5511876609029458,293.15,0.0,0.0
degraded_ups_3s_interruption_during_dress,NO_CONNECTION,665,6.640000000000001,6.65,False,1.0,0.9999999999999998,GRID,500.0,1.0,False,188.498762260436,0.0002000151490508923,199964.44776188582,0.0,299966.05382766575,0.0001,293.15,8.214609190335327e-13,1.0,1.0,1.0,1.0,1.0,1.0,293.15,1.0,PREPARE,0.5511876609029458,293.15,0.0,0.0
degraded_ups_3s_interruption_during_dress,NO_CONNECTION,666,6.65,6.66,False,1.0,0.9999999999999998,GRID,500.0,1.0,False,188.49882414741418,0.00020001447739206141,199966.05382766575,0.0,299967.5879487768,0.0001,293.15,9.95452316496655e-13,1.0,1.0,1.0,1.0,1.0,1.0,293.15,1.0,PREPARE,0.5511876609029458,293.15,0.0,0.0
degraded_ups_3s_interruption_during_dress,NO_CONNECTION,667,6.66,6.67,False,1.0,0.9999999999999998,GRID,500.0,1.0,False,188.49888294004347,0.00020001383513510194,199967.58794877678,0.0,299969.05338484794,0.0001,293.15,-2.787451790676621e-13,1.0,1.0,1.0,1.0,1.0,1.0,293.15,1.0,PREPARE,0.5511876609029458,293.15,0.0,0.0
degraded_ups_3s_interruption_during_dress,NO_CONNECTION,668,6.67,6.68,False,1.0,0.9999999999999998,GRID,500.0,1.0,False,188.4989387930413,0.00020001322097887354,199969.05338484794,0.0,299970.4531044699,0.0001,293.15,3.419885034896454e-14,1.0,1.0,1.0,1.0,1.0,1.0,293.15,1.0,PREPARE,0.5511876609029458,293.15,0.0,0.0
degraded_ups_3s_interruption_during_dress,NO_CONNECTION,669,6.68,6.69,False,1.0,0.9999999999999998,GRID,500.0,1.0,False,188.49899185338924,0.00020001263375130383,199970.45310446993,0.0,299971.79007623345,0.0001,293.15,-7.220833290021631e-13,1.0,1.0,1.0,1.0,1.0,1.0,293.15,1.0,PREPARE,0.5511876609029458,293.15,0.0,0.0
degraded_ups_3s_interruption_during_dress,NO_CONNECTION,670,6.69,6.7,False,1.0,0.9999999999999998,GRID,500.0,1.0,False,188.4990422607198,0.0002000120722647022,199971.79007623342,-2.9103830456733704e-11,299973.06703589857,0.0001,293.15,-4.4654948087723624e-13,1.0,1.0,1.0,1.0,1.0,1.0,293.15,1.0,PREPARE,0.5511876609029458,293.15,0.0,0.0
degraded_ups_3s_interruption_during_dress,NO_CONNECTION,671,6.7,6.71,False,1.0,0.9999999999999998,GRID,500.0,1.0,False,188.4990901476838,0.00020001153543294938,199973.06703589854,-2.9103830456733704e-11,299974.28660281,0.0001,293.15,7.933151905562911e-13,1.0,1.0,1.0,1.0,1.0,1.0,293.15,1.0,PREPARE,0.5511876609029458,293.15,0.0,0.0
degraded_ups_3s_interruption_during_dress,NO_CONNECTION,672,6.71,6.72,False,1.0,0.9999999999999998,GRID,500.0,1.0,False,188.4991356402996,0.00020001102221403667,199974.28660281,-2.9103830456733704e-11,299975.4514545202,0.0001,293.15,-5.474274467981522e-13,1.0,1.0,1.0,1.0,1.0,1.0,293.15,1.0,PREPARE,0.5511876609029458,293.15,0.0,0.0
degraded_ups_3s_interruption_during_dress,NO_CONNECTION,673,6.72,6.73,False,1.0,0.9999999999999998,GRID,500.0,1.0,False,188.49917885828464,0.0002000105315234641,199975.45145452023,0.0,299976.5639193356,0.0001,293.15,2.674887351542234e-13,1.0,1.0,1.0,1.0,1.0,1.0,293.15,1.0,PREPARE,0.5511876609029458,293.15,0.0,0.0
degraded_ups_3s_interruption_during_dress,NO_CONNECTION,674,6.73,6.74,False,1.0,0.9999999999999998,GRID,500.0,1.0,False,188.49921991537042,0.00020001006243862665,199976.5639193356,0.0,299977.62638377026,0.0001,293.15,-4.195155995606654e-14,1.0,1.0,1.0,1.0,1.0,1.0,293.15,1.0,PREPARE,0.5511876609029458,293.15,0.0,0.0
degraded_ups_3s_interruption_during_dress,NO_CONNECTION,675,6.74,6.75,False,1.0,0.9999999999999998,GRID,500.0,1.0,False,188.49925891960189,0.0002000096139957347,199977.62638377023,-2.9103830456733704e-11,299978.6410597153,0.0001,293.15,-5.302383477956806e-14,1.0,1.0,1.0,1.0,1.0,1.0,293.15,1.0,PREPARE,0.5511876609029458,293.15,0.0,0.0
degraded_ups_3s_interruption_during_dress,NO_CONNECTION,676,6.75,6.76,False,1.0,0.9999999999999998,GRID,500.0,1.0,False,188.4992959736218,0.00020000918530682836,199978.6410597153,0.0,299979.6100426465,0.0001,293.15,6.268805564708523e-13,1.0,1.0,1.0,1.0,1.0,1.0,293.15,1.0,PREPARE,0.5511876609029458,293.15,0.0,0.0
degraded_ups_3s_interruption_during_dress,NO_CONNECTION,677,6.76,6.7700000000000005,False,1.0,0.9999999999999998,GRID,500.0,1.0,False,188.49933117494072,0.00020000877553124952,199979.61004264653,0.0,299980.53542803973,0.0001,293.15,1.0936559871816313e-13,1.0,1.0,1.0,1.0,1.0,1.0,293.15,1.0,PREPARE,0.5511876609029458,293.15,0.0,0.0
degraded_ups_3s_interruption_during_dress,NO_CONNECTION,678,6.7700000000000005,6.78,False,1.0,0.9999999999999998,GRID,500.0,1.0,False,188.49936461619367,0.00020000838381798225,199980.53542803973,0.0,299981.4191367477,0.0001,293.15,7.544862033393885e-14,1.0,1.0,1.0,1.0,1.0,1.0,293.15,1.0,PREPARE,0.5511876609029458,293.15,0.0,0.0
degraded_ups_3s_interruption_during_dress,NO_CONNECTION,679,6.78,6.79,False,1.0,0.9999999999999998,GRID,500.0,1.0,False,188.499396385384,0.00020000800939347924,199981.41913674772,0.0,299982.26303141564,0.0001,293.15,-1.5587048252478215e-14,1.0,1.0,1.0,1.0,1.0,1.0,293.15,1.0,PREPARE,0.5511876609029458,293.15,0.0,0.0
degraded_ups_3s_interruption_during_dress,NO_CONNECTION,680,6.79,6.8,False,1.0,0.9999999999999998,GRID,500.0,1.0,False,188.49942656611478,0.0002000076515039485,199982.26303141564,0.0,299983.0688582733,0.0001,293.15,5.376581276551755e-13,1.0,1.0,1.0,1.0,1.0,1.0,293.15,1.0,PREPARE,0.5511876609029458,293.15,0.0,0.0
degraded_ups_3s_interruption_during_dress,NO_CONNECTION,681,6.8,6.8100000000000005,False,1.0,0.9999999999999998,GRID,500.0,1.0,False,188.49945523780903,0.00020000730944492456,199983.06885827333,0.0,299983.8383635506,0.0001,293.15,1.5760372878853384e-13,1.0,1.0,1.0,1.0,1.0,1.0,293.15,1.0,PREPARE,0.5511876609029458,293.15,0.0,0.0
degraded_ups_3s_interruption_during_dress,NO_CONNECTION,682,6.8100000000000005,6.82,False,1.0,0.9999999999999998,GRID,500.0,1.0,False,188.49948247591857,0.00020000698250350658,199983.8383635506,0.0,299984.573177062,0.0001,293.15,-3.5525183977367916e-13,1.0,1.0,1.0,1.0,1.0,1.0,293.15,1.0,PREPARE,0.5511876609029458,293.15,0.0,0.0
degraded_ups_3s_interruption_during_dress,NO_CONNECTION,683,6.82,6.83,False,1.0,0.9999999999999998,GRID,500.0,1.0,False,188.49950835212263,0.0002000066700169863,199984.573177062,2.9103830456733704e-11,299985.2748122066,0.0001,293.15,-9.201002698532651e-14,1.0,1.0,1.0,1.0,1.0,1.0,293.15,1.0,PREPARE,0.5511876609029458,293.15,0.0,0.0
degraded_ups_3s_interruption_during_dress,NO_CONNECTION,684,6.83,6.84,False,1.0,0.9999999999999998,GRID,500.0,1.0,False,188.4995329345165,0.00020000637137324923,199985.27481220663,0.0,299985.94478238374,0.0001,293.15,-4.214849254128992e-13,1.0,1.0,1.0,1.0,1.0,1.0,293.15,1.0,PREPARE,0.5511876609029458,293.15,0.0,0.0
degraded_ups_3s_interruption_during_dress,NO_CONNECTION,685,6.84,6.8500000000000005,False,1.0,0.9999999999999998,GRID,500.0,1.0,False,188.49955628779068,0.00020000608595294937,199985.94478238374,0.0,299986.5844845772,0.0001,293.15,-3.332080000379251e-13,1.0,1.0,1.0,1.0,1.0,1.0,293.15,1.0,PREPARE,0.5511876609029458,293.15,0.0,0.0
degraded_ups_3s_interruption_during_dress,NO_CONNECTION,686,6.8500000000000005,6.86,False,1.0,0.9999999999999998,GRID,500.0,1.0,False,188.49957847340116,0.00020000581318807727,199986.5844845772,2.9103830456733704e-11,299987.19525756314,0.0001,293.15,9.957638608990404e-14,1.0,1.0,1.0,1.0,1.0,1.0,293.15,1.0,PREPARE,0.5511876609029458,293.15,0.0,0.0
degraded_ups_3s_interruption_during_dress,NO_CONNECTION,687,6.86,6.87,False,1.0,0.9999999999999998,GRID,500.0,1.0,False,188.4995995497311,0.00020000555253320068,199987.19525756311,-2.9103830456733704e-11,299987.77844011784,0.0001,293.15,-3.3795208493622617e-13,1.0,1.0,1.0,1.0,1.0,1.0,293.15,1.0,PREPARE,0.5511876609029458,293.15,0.0,0.0
degraded_ups_3s_interruption_during_dress,NO_CONNECTION,688,6.87,6.88,False,1.0,0.9999999999999998,GRID,500.0,1.0,False,188.49961957224454,0.00020000530343668797,199987.77844011784,0.0,299988.33525460213,0.0001,293.15,-4.802990649509771e-13,1.0,1.0,1.0,1.0,1.0,1.0,293.15,1.0,PREPARE,0.5511876609029458,293.15,0.0,0.0
degraded_ups_3s_interruption_during_dress,NO_CONNECTION,689,6.88,6.890000000000001,False,1.0,0.9999999999999998,GRID,500.0,1.0,False,188.4996385936323,0.00020000506539922435,199988.33525460216,2.9103830456733704e-11,299988.8668069616,0.0001,293.15,9.485543123527175e-13,1.0,1.0,1.0,1.0,1.0,1.0,293.15,1.0,PREPARE,0.5511876609029458,293.15,0.0,0.0
degraded_ups_3s_interruption_during_dress,NO_CONNECTION,690,6.890000000000001,6.9,False,1.0,0.9999999999999998,GRID,500.0,1.0,False,188.4996566639507,0.00020000483797410687,199988.8668069616,0.0,299989.37437776476,0.0001,293.15,-6.30838824646087e-13,1.0,1.0,1.0,1.0,1.0,1.0,293.15,1.0,PREPARE,0.5511876609029458,293.15,0.0,0.0
degraded_ups_3s_interruption_during_dress,NO_CONNECTION,691,6.9,6.91,False,1.0,0.9999999999999998,GRID,500.0,1.0,False,188.49967383075318,0.00020000462062200828,199989.37437776476,0.0,299989.8588983342,0.0001,293.15,7.614523014947613e-13,1.0,1.0,1.0,1.0,1.0,1.0,293.15,1.0,PREPARE,0.5511876609029458,293.15,0.0,0.0
degraded_ups_3s_interruption_during_dress,NO_CONNECTION,692,6.91,6.92,False,1.0,0.9999999999999998,GRID,500.0,1.0,False,188.49969013921552,0.00020000441297317138,199989.8588983342,0.0,299990.32153282315,0.0001,293.15,-4.830189953525365e-13,1.0,1.0,1.0,1.0,1.0,1.0,293.15,1.0,PREPARE,0.5511876609029458,293.15,0.0,0.0
degraded_ups_3s_interruption_during_dress,NO_CONNECTION,693,6.92,6.93,False,1.0,0.9999999999999998,GRID,500.0,1.0,False,188.49970563225475,0.00020000421453663007,199990.32153282312,-2.9103830456733704e-11,299990.76321255416,0.0001,293.15,-6.642672382197852e-13,1.0,1.0,1.0,1.0,1.0,1.0,293.15,1.0,PREPARE,0.5511876609029458,293.15,0.0,0.0
degraded_ups_3s_interruption_during_dress,NO_CONNECTION,694,6.93,6.94,False,1.0,0.9999999999999998,GRID,500.0,1.0,False,188.499720350642,0.00020000402493327457,199990.7632125542,2.9103830456733704e-11,299991.1848688498,0.0001,293.15,-6.270634846873003e-13,1.0,1.0,1.0,1.0,1.0,1.0,293.15,1.0,PREPARE,0.5511876609029458,293.15,0.0,0.0
degraded_ups_3s_interruption_during_dress,NO_CONNECTION,695,6.94,6.95,False,1.0,0.9999999999999998,GRID,500.0,1.0,False,188.4997343331099,0.00020000384377966683,199991.18486884987,5.820766091346741e-11,299991.58737482503,0.0001,293.15,-2.7250022985282392e-14,1.0,1.0,1.0,1.0,1.0,1.0,293.15,1.0,PREPARE,0.5511876609029458,293.15,0.0,0.0
degraded_ups_3s_interruption_during_dress,NO_CONNECTION,696,6.95,6.96,False,1.0,0.9999999999999998,GRID,500.0,1.0,False,188.4997476164544,0.00020000367071736018,199991.58737482503,0.0,299991.9716035947,0.0001,293.15,3.4016901545960133e-13,1.0,1.0,1.0,1.0,1.0,1.0,293.15,1.0,PREPARE,0.5511876609029458,293.15,0.0,0.0
degraded_ups_3s_interruption_during_dress,NO_CONNECTION,697,6.96,6.97,False,1.0,0.9999999999999998,GRID,500.0,1.0,False,188.4997602356317,0.00020000350538400152,199991.97160359475,2.9103830456733704e-11,299992.3384282738,0.0001,293.15,-3.2371690831431746e-13,1.0,1.0,1.0,1.0,1.0,1.0,293.15,1.0,PREPARE,0.5511876609029458,293.15,0.0,0.0
degraded_ups_3s_interruption_during_dress,NO_CONNECTION,698,6.97,6.98,False,1.0,0.9999999999999998,GRID,500.0,1.0,False,188.4997722238501,0.000200003347413527,199992.3384282738,0.0,299992.68860556185,0.0001,293.15,-4.3501503018327634e-13,1.0,1.0,1.0,1.0,1.0,1.0,293.15,1.0,PREPARE,0.5511876609029458,293.15,0.0,0.0
degraded_ups_3s_interruption_during_dress,NO_CONNECTION,699,6.98,6.99,False,1.0,0.9999999999999998,GRID,500.0,1.0,False,188.4997836126576,0.00020000319649455427,199992.68860556188,2.9103830456733704e-11,299993.0228339508,0.0001,293.15,5.097995506642929e-13,1.0,1.0,1.0,1.0,1.0,1.0,293.15,1.0,PREPARE,0.5511876609029458,293.15,0.0,0.0
degraded_ups_3s_interruption_during_dress,NO_CONNECTION,700,6.99,7.0,False,1.0,0.9999999999999998,GRID,500.0,1.0,False,188.49979443202471,0.0002000030523414553,199993.02283395082,0.0,299993.34192834795,0.0001,293.15,-5.106612214253096e-13,1.0,1.0,1.0,1.0,1.0,1.0,293.15,1.0,PREPARE,0.5511876609029458,293.15,0.0,0.0
degraded_ups_3s_interruption_during_dress,NO_CONNECTION,701,7.0,7.01,False,1.0,0.9999999999999998,GRID,500.0,1.0,False,188.4998047104235,0.00020000291460721398,199993.34192834795,0.0,299993.64647082984,0.0001,293.15,5.221610708920301e-13,1.0,1.0,1.0,1.0,1.0,1.0,293.15,1.0,POLISH,0.5511865654042062,293.15027092754167,9.502175039076342e-10,9.502175039076341e-12
degraded_ups_3s_interruption_during_dress,NO_CONNECTION,702,7.01,7.0200000000000005,False,1.0,0.9999999999999998,GRID,500.0,1.0,False,188.4998144749023,0.00020000278305820531,199993.6464708299,5.820766091346741e-11,299993.93715988845,0.0001,293.15,6.970890542321594e-13,1.0,1.0,1.0,1.0,1.0,1.0,293.15,1.0,POLISH,0.551185469564263,293.15054181159815,9.525113115868001e-10,1.902728815494434e-11
degraded_ups_3s_interruption_during_dress,NO_CONNECTION,703,7.0200000000000005,7.03,False,1.0,0.9999999999999998,GRID,500.0,1.0,False,188.49982375115718,0.0002000026573997267,199993.9371598884,-5.820766091346741e-11,299994.2146940157,0.0001,293.15,-6.29825843171847e-13,1.0,1.0,1.0,1.0,1.0,1.0,293.15,1.0,POLISH,0.5511843734002577,293.1508126478693,9.547414920282836e-10,2.8574703075227177e-11
degraded_ups_3s_interruption_during_dress,NO_CONNECTION,704,7.03,7.04,False,1.0,0.9999999999999998,GRID,500.0,1.0,False,188.4998325635993,0.00020000253733434777,199994.21469401568,0.0,299994.47953887284,0.0001,293.15,6.677682224450615e-13,1.0,1.0,1.0,1.0,1.0,1.0,293.15,1.0,POLISH,0.5511832769284768,293.1510834322717,9.56909904678068e-10,3.8143802122007855e-11
degraded_ups_3s_interruption_during_dress,NO_CONNECTION,705,7.04,7.05,False,1.0,0.9999999999999998,GRID,500.0,1.0,False,188.49984093541934,0.0002000024226784609,199994.47953887284,0.0,299994.73239295185,0.0001,293.15,-5.995951819897986e-13,1.0,1.0,1.0,1.0,1.0,1.0,293.15,1.0,POLISH,0.5511821801643941,293.15135416092767,9.59018352260607e-10,4.773398564461393e-11
degraded_ups_3s_interruption_during_dress,NO_CONNECTION,706,7.05,7.0600000000000005,False,1.0,0.9999999999999998,GRID,500.0,1.0,False,188.4998488886484,0.0002000023131295831,199994.73239295185,0.0,299994.973721914,0.0001,293.15,-3.106168523348295e-13,1.0,1.0,1.0,1.0,1.0,1.0,293.15,1.0,POLISH,0.5511810831227114,293.15162483015513,9.610685824738453e-10,5.734467146935238e-11
degraded_ups_3s_interruption_during_dress,NO_CONNECTION,707,7.0600000000000005,7.07,False,1.0,0.9999999999999998,GRID,500.0,1.0,False,188.49985644421596,0.0002000022084993069,199994.973721914,0.0,299995.2040496282,0.0001,293.15,-7.979191905732436e-14,1.0,1.0,1.0,1.0,1.0,1.0,293.15,1.0,POLISH,0.5511799858173969,293.15189543645806,9.63062289645222e-10,6.697529436580461e-11
degraded_ups_3s_interruption_during_dress,NO_CONNECTION,708,7.07,7.08,False,1.0,0.9999999999999998,GRID,500.0,1.0,False,188.49986362200517,0.00020000210856789994,199995.2040496282,-2.9103830456733704e-11,299995.4238999635,0.0001,293.15,-3.8878722615489117e-13,1.0,1.0,1.0,1.0,1.0,1.0,293.15,1.0,POLISH,0.5511788882617219,293.15216597651704,9.650011163482016e-10,7.662530552928662e-11
degraded_ups_3s_interruption_during_dress,NO_CONNECTION,709,7.08,7.09,False,1.0,0.9999999999999998,GRID,500.0,1.0,False,188.4998704409049,0.00020000201311351945,199995.42389996347,-2.9103830456733704e-11,299995.63368037343,0.0001,293.15,6.651340898412801e-13,1.0,1.0,1.0,1.0,1.0,1.0,293.15,1.0,POLISH,0.5511777904682955,293.15243644718066,9.668866549790567e-10,8.629417207907718e-11
degraded_ups_3s_interruption_during_dress,NO_CONNECTION,710,7.09,7.1000000000000005,False,1.0,0.9999999999999998,GRID,500.0,1.0,False,188.49987691885966,0.00020000192197052496,199995.6336803734,-2.9103830456733704e-11,299995.833914727,0.0001,293.15,3.26090624771887e-13,1.0,1.0,1.0,1.0,1.0,1.0,293.15,1.0,POLISH,0.5511766924490976,293.1527068454571,9.6872044929378e-10,9.598137657201498e-11
degraded_ups_3s_interruption_during_dress,NO_CONNECTION,711,7.1000000000000005,7.11,False,1.0,0.9999999999999998,GRID,500.0,1.0,False,188.49988307291667,0.0002000018349131645,199995.8339147269,-5.820766091346741e-11,299996.0250686854,0.0001,293.15,-7.003469971928412e-13,1.0,1.0,1.0,1.0,1.0,1.0,293.15,1.0,POLISH,0.5511755942155103,293.15297716850614,9.705039959051387e-10,1.0568641653106637e-10
degraded_ups_3s_interruption_during_dress,NO_CONNECTION,712,7.11,7.12,False,1.0,0.9999999999999998,GRID,500.0,1.0,False,188.49988891927083,0.0002000017517429801,199996.0250686854,0.0,299996.2074914947,0.0001,293.15,-4.589533272739325e-13,1.0,1.0,1.0,1.0,1.0,1.0,293.15,1.0,POLISH,0.5511744957783477,293.1532474136318,9.722387457400163e-10,1.1540880398846653e-10
degraded_ups_3s_interruption_during_dress,NO_CONNECTION,713,7.12,7.13,False,1.0,0.9999999999999998,GRID,500.0,1.0,False,188.49989447330728,0.00020000167231800227,199996.2074914947,-2.9103830456733704e-11,299996.38153240085,0.0001,293.15,7.336792198079106e-13,1.0,1.0,1.0,1.0,1.0,1.0,293.15,1.0,POLISH,0.5511733971478842,293.1535175782751,9.73926105457279e-10,1.251480650430393e-10
degraded_ups_3s_interruption_during_dress,NO_CONNECTION,714,7.13,7.140000000000001,False,1.0,0.9999999999999998,GRID,500.0,1.0,False,188.4998997496419,0.00020000159649462878,199996.38153240088,2.9103830456733704e-11,299996.5476570651,0.0001,293.15,1.7281128676496994e-13,1.0,1.0,1.0,1.0,1.0,1.0,293.15,1.0,POLISH,0.5511722983338815,293.1537876600073,9.75567438826513e-10,1.3490373943130444e-10
degraded_ups_3s_interruption_during_dress,NO_CONNECTION,715,7.140000000000001,7.15,False,1.0,0.9999999999999998,GRID,500.0,1.0,False,188.49990476215982,0.00020000152406949892,199996.54765706512,2.9103830456733704e-11,299996.7062147334,0.0001,293.15,-1.9123435853549405e-13,1.0,1.0,1.0,1.0,1.0,1.0,293.15,1.0,POLISH,0.5511711993456141,293.1540576565233,9.771640680680544e-10,1.4467538011198498e-10
degraded_ups_3s_interruption_during_dress,NO_CONNECTION,716,7.15,7.16,False,1.0,0.9999999999999998,GRID,500.0,1.0,False,188.49990952405182,0.00020000145489598557,199996.70621473345,2.9103830456733704e-11,299996.8575546518,0.0001,293.15,-6.797078362392323e-13,1.0,1.0,1.0,1.0,1.0,1.0,293.15,1.0,POLISH,0.5511701001918936,293.1543275656358,9.787172751548007e-10,1.54462552863533e-10
degraded_ups_3s_interruption_during_dress,NO_CONNECTION,717,7.16,7.17,False,1.0,0.9999999999999998,GRID,500.0,1.0,False,188.49991404784922,0.00020000138882606168,199996.85755465183,2.9103830456733704e-11,299997.00190965086,0.0001,293.15,7.712549322064435e-13,1.0,1.0,1.0,1.0,1.0,1.0,293.15,1.0,POLISH,0.5511690008810918,293.1545973852691,9.802283030763653e-10,1.6426483589429667e-10
degraded_ups_3s_interruption_during_dress,NO_CONNECTION,718,7.17,7.18,False,1.0,0.9999999999999998,GRID,500.0,1.0,False,188.49991834545676,0.00020000132576857767,199997.00190965086,0.0,299997.1397453919,0.0001,293.15,-8.189391488078195e-13,1.0,1.0,1.0,1.0,1.0,1.0,293.15,1.0,POLISH,0.5511679014211627,293.1548671134538,9.816983570661806e-10,1.7408181946495846e-10
degraded_ups_3s_interruption_during_dress,NO_CONNECTION,719,7.18,7.19,False,1.0,0.9999999999999998,GRID,500.0,1.0,False,188.49992242818394,0.00020000126551470584,199997.1397453919,0.0,299997.2712364979,0.0001,293.15,7.433681383126323e-14,1.0,1.0,1.0,1.0,1.0,1.0,293.15,1.0,POLISH,0.5511668018196632,293.15513674832147,9.83128605792198e-10,1.8391310552288045e-10
degraded_ups_3s_interruption_during_dress,NO_CONNECTION,720,7.19,7.2,False,1.0,0.9999999999999998,GRID,500.0,1.0,False,188.49992630677474,0.00020000120799993664,199997.2712364979,0.0,299997.3966740072,0.0001,293.15,9.12747666077019e-13,1.0,1.0,1.0,1.0,1.0,1.0,293.15,1.0,POLISH,0.551165702083773,293.15540628809964,9.845201825118872e-10,1.9375830734799933e-10
degraded_ups_3s_interruption_during_dress,NO_CONNECTION,721,7.2,7.21,False,1.0,0.9999999999999998,GRID,500.0,1.0,False,188.499929991436,0.00020000115310041288,199997.3966740072,2.9103830456733704e-11,299997.51646537334,0.0001,293.15,-9.595969900852152e-13,1.0,1.0,1.0,1.0,1.0,1.0,293.15,1.0,POLISH,0.5511646022203136,293.155675731107,9.858741861922383e-10,2.036170492099217e-10
degraded_ups_3s_interruption_during_dress,NO_CONNECTION,722,7.21,7.22,False,1.0,0.9999999999999998,GRID,500.0,1.0,False,188.4999334918642,0.00020000110063298708,199997.51646537334,0.0,299997.6307270117,0.0001,293.15,3.671375595042582e-14,1.0,1.0,1.0,1.0,1.0,1.0,293.15,1.0,POLISH,0.5511635022357658,293.15594507574895,9.87191682595528e-10,2.1348896603587698e-10
degraded_ups_3s_interruption_during_dress,NO_CONNECTION,723,7.22,7.23,False,1.0,0.9999999999999998,GRID,500.0,1.0,False,188.499936817271,0.00020000105055900094,199997.63072701168,-2.9103830456733704e-11,299997.7397499606,0.0001,293.15,2.2504281478678728e-13,1.0,1.0,1.0,1.0,1.0,1.0,293.15,1.0,POLISH,0.551162402136287,293.1562143205132,9.884737053316068e-10,2.2337370308919305e-10
degraded_ups_3s_interruption_during_dress,NO_CONNECTION,724,7.23,7.24,False,1.0,0.9999999999999998,GRID,500.0,1.0,False,188.49993997640743,0.0002000010027515075,199997.7397499606,0.0,299997.8438252583,0.0001,293.15,-6.670759452631855e-13,1.0,1.0,1.0,1.0,1.0,1.0,293.15,1.0,POLISH,0.5511613019277269,293.15648346396574,9.897212568774887e-10,2.3327091565796795e-10
degraded_ups_3s_interruption_during_dress,NO_CONNECTION,725,7.24,7.25,False,1.0,0.9999999999999998,GRID,500.0,1.0,False,188.49994297758707,0.00020000095708263134,199997.84382525834,2.9103830456733704e-11,299997.94312752783,0.0001,293.15,-5.26522951214994e-13,1.0,1.0,1.0,1.0,1.0,1.0,293.15,1.0,POLISH,0.5511602016156437,293.15675250474703,9.909353095650367e-10,2.431802687536183e-10
degraded_ups_3s_interruption_during_dress,NO_CONNECTION,726,7.25,7.26,False,1.0,0.9999999999999998,GRID,500.0,1.0,False,188.49994582870772,0.00020000091348182212,199997.94312752783,0.0,299998.0378895998,0.0001,293.15,-7.044171257583545e-13,1.0,1.0,1.0,1.0,1.0,1.0,293.15,1.0,POLISH,0.5511591012053177,293.1570214415682,9.921168065375414e-10,2.531014368189937e-10
degraded_ups_3s_interruption_during_dress,NO_CONNECTION,727,7.26,7.2700000000000005,False,1.0,0.9999999999999998,GRID,500.0,1.0,False,188.49994853727233,0.00020000087184858756,199998.0378895998,0.0,299998.12822788954,0.0001,293.15,9.688480237264399e-13,1.0,1.0,1.0,1.0,1.0,1.0,293.15,1.0,POLISH,0.5511580007017658,293.1572902732076,9.932666626759885e-10,2.630341034457536e-10
degraded_ups_3s_interruption_during_dress,NO_CONNECTION,728,7.2700000000000005,7.28,False,1.0,0.9999999999999998,GRID,500.0,1.0,False,188.49995111040872,0.00020000083213984676,199998.12822788954,0.0,299998.214491643,0.0001,293.15,-3.8104422828841833e-13,1.0,1.0,1.0,1.0,1.0,1.0,293.15,1.0,POLISH,0.5511569001097543,293.1575589985074,9.943857654958296e-10,2.729779611007119e-10
degraded_ups_3s_interruption_during_dress,NO_CONNECTION,729,7.28,7.29,False,1.0,0.9999999999999998,GRID,500.0,1.0,False,188.4999535548883,0.00020000079419534757,199998.214491643,0.0,299998.29679727554,0.0001,293.15,-3.159408346922017e-13,1.0,1.0,1.0,1.0,1.0,1.0,293.15,1.0,POLISH,0.5511557994338114,293.15782761637047,9.954749760150402e-10,2.829327108608623e-10
degraded_ups_3s_interruption_during_dress,NO_CONNECTION,730,7.29,7.3,False,1.0,0.9999999999999998,GRID,500.0,1.0,False,188.4999558771439,0.000200000757970534,199998.29679727554,0.0,299998.3753194101,0.0001,293.15,-1.318624988930801e-13,1.0,1.0,1.0,1.0,1.0,1.0,293.15,1.0,POLISH,0.5511546986782396,293.15809612575737,9.965351295942753e-10,2.928980621568051e-10
degraded_ups_3s_interruption_during_dress,NO_CONNECTION,731,7.3,7.3100000000000005,False,1.0,0.9999999999999998,GRID,500.0,1.0,False,188.49995808328669,0.00020000072339106386,199998.3753194101,-2.9103830456733704e-11,299998.4502326697,0.0001,293.15,9.537089000361756e-15,1.0,1.0,1.0,1.0,1.0,1.0,293.15,1.0,POLISH,0.5511535978471264,293.1583645256835,9.97567036749901e-10,3.028737325243041e-10
degraded_ups_3s_interruption_during_dress,NO_CONNECTION,732,7.3100000000000005,7.32,False,1.0,0.9999999999999998,GRID,500.0,1.0,False,188.49996017912235,0.0002000006903819464,199998.4502326697,0.0,299998.5217116773,0.0001,293.15,-5.404430375457371e-14,1.0,1.0,1.0,1.0,1.0,1.0,293.15,1.0,POLISH,0.551152496944355,293.1586328152164,9.98571483940687e-10,3.12859447363711e-10
degraded_ups_3s_interruption_during_dress,NO_CONNECTION,733,7.32,7.33,False,1.0,0.9999999999999998,GRID,500.0,1.0,False,188.49996217016624,0.00020000065886757485,199998.52171167728,-2.9103830456733704e-11,299998.5899310559,0.0001,293.15,-4.855249264701428e-13,1.0,1.0,1.0,1.0,1.0,1.0,293.15,1.0,POLISH,0.551151395973615,293.158900993473,9.995492343289325e-10,3.2285493970700033e-10
degraded_ups_3s_interruption_during_dress,NO_CONNECTION,734,7.33,7.34,False,1.0,0.9999999999999998,GRID,500.0,1.0,False,188.49996406165792,0.00020000062877175708,199998.5899310559,0.0,299998.6550072208,0.0001,293.15,-2.551513492675075e-13,1.0,1.0,1.0,1.0,1.0,1.0,293.15,1.0,POLISH,0.5511502949384115,293.15916905961745,1.0005010285167819e-09,3.3285994999216816e-10
degraded_ups_3s_interruption_during_dress,NO_CONNECTION,735,7.34,7.3500000000000005,False,1.0,0.9999999999999998,GRID,500.0,1.0,False,188.49996585857502,0.00020000060004684883,199998.6550072208,0.0,299998.71705658734,0.0001,293.15,5.312244822632859e-13,1.0,1.0,1.0,1.0,1.0,1.0,293.15,1.0,POLISH,0.5511491938420748,293.15943701285846,1.0014275852584803e-09,3.4287422584475296e-10
degraded_ups_3s_interruption_during_dress,NO_CONNECTION,736,7.3500000000000005,7.36,False,1.0,0.9999999999999998,GRID,500.0,1.0,False,188.49996756564627,0.00020000057264467764,199998.71705658737,2.9103830456733704e-11,299998.77631198615,0.0001,293.15,-6.192916264437606e-13,1.0,1.0,1.0,1.0,1.0,1.0,293.15,1.0,POLISH,0.5511480926877689,293.15970485244736,1.002329602149302e-09,3.52897521866246e-10
degraded_ups_3s_interruption_during_dress,NO_CONNECTION,737,7.36,7.37,False,1.0,0.9999999999999998,GRID,500.0,1.0,False,188.49996918736394,0.00020000054645836162,199998.77631198612,-2.9103830456733704e-11,299998.83277341723,0.0001,293.15,8.430312735872658e-13,1.0,1.0,1.0,1.0,1.0,1.0,293.15,1.0,POLISH,0.5511469914784995,293.15997257767583,1.0032077562918738e-09,3.629295994291647e-10
degraded_ups_3s_interruption_during_dress,NO_CONNECTION,738,7.37,7.38,False,1.0,0.9999999999999998,GRID,500.0,1.0,False,188.49997072799576,0.00020000052149695742,199998.83277341723,0.0,299998.88667371124,0.0001,293.15,1.5422167503559692e-13,1.0,1.0,1.0,1.0,1.0,1.0,293.15,1.0,POLISH,0.5511458902171226,293.1602401878739,1.0040627049405967e-09,3.729702264785707e-10
degraded_ups_3s_interruption_during_dress,NO_CONNECTION,739,7.38,7.390000000000001,False,1.0,0.9999999999999998,GRID,500.0,1.0,False,188.49997219159596,0.00020000049765265363,199998.88667371118,-5.820766091346741e-11,299998.9381292835,0.0001,293.15,-5.234330666386262e-13,1.0,1.0,1.0,1.0,1.0,1.0,293.15,1.0,POLISH,0.5511447889063512,293.1605076824082,1.0048950861248588e-09,3.8301917733981926e-10
degraded_ups_3s_interruption_during_dress,NO_CONNECTION,740,7.390000000000001,7.4,False,1.0,0.9999999999999998,GRID,500.0,1.0,False,188.49997358201617,0.00020000047487541626,199998.9381292835,0.0,299998.98719834164,0.0001,293.15,-1.0491756064191942e-13,1.0,1.0,1.0,1.0,1.0,1.0,293.15,1.0,POLISH,0.5511436875487632,293.1607750606799,1.0057055192517113e-09,3.9307623253233637e-10
degraded_ups_3s_interruption_during_dress,NO_CONNECTION,741,7.4,7.41,False,1.0,0.9999999999999998,GRID,500.0,1.0,False,188.49997490291537,0.0002000004531439064,199998.98719834167,2.9103830456733704e-11,299999.033997301,0.0001,293.15,1.6606838950858698e-13,1.0,1.0,1.0,1.0,1.0,1.0,293.15,1.0,POLISH,0.5511425861468074,293.1610423221232,1.0064946056886707e-09,4.031411785892231e-10
degraded_ups_3s_interruption_during_dress,NO_CONNECTION,742,7.41,7.42,False,1.0,0.9999999999999998,GRID,500.0,1.0,False,188.4999761577696,0.0002000004324072929,199999.03399730098,-2.9103830456733704e-11,299999.07864257693,0.0001,293.15,1.8048601567282602e-13,1.0,1.0,1.0,1.0,1.0,1.0,293.15,1.0,POLISH,0.5511414847028105,293.1613094662036,1.0072629293272843e-09,4.1321380788249593e-10
degraded_ups_3s_interruption_during_dress,NO_CONNECTION,743,7.42,7.43,False,1.0,0.9999999999999998,GRID,500.0,1.0,False,188.4999773498811,0.00020000041261437603,199999.07864257696,2.9103830456733704e-11,299999.1212505847,0.0001,293.15,-1.7107211968632302e-13,1.0,1.0,1.0,1.0,1.0,1.0,293.15,1.0,POLISH,0.5511403832189831,293.1615764924163,1.0080110571280896e-09,4.2329391845377685e-10
degraded_ups_3s_interruption_during_dress,NO_CONNECTION,744,7.43,7.44,False,1.0,0.9999999999999998,GRID,500.0,1.0,False,188.49997848238706,0.00020000039371360556,199999.12125058478,5.820766091346741e-11,299999.16187953204,0.0001,293.15,1.948931852490388e-13,1.0,1.0,1.0,1.0,1.0,1.0,293.15,1.0,POLISH,0.551139281697425,293.16184340028497,1.008739539647575e-09,4.3338131385025263e-10
degraded_ups_3s_interruption_during_dress,NO_CONNECTION,745,7.44,7.45,False,1.0,0.9999999999999998,GRID,500.0,1.0,False,188.4999795582677,0.0002000003756822022,199999.16187953204,0.0,299999.2006458342,0.0001,293.15,3.324173727078672e-14,1.0,1.0,1.0,1.0,1.0,1.0,293.15,1.0,POLISH,0.5511381801401314,293.1621101893599,1.0094489115477362e-09,4.4347580296573e-10
degraded_ups_3s_interruption_during_dress,NO_CONNECTION,746,7.45,7.46,False,1.0,0.9999999999999998,GRID,500.0,1.0,False,188.49998058035433,0.0002000003584679666,199999.2006458342,0.0,299999.23766590655,0.0001,293.15,-7.6643349490334e-13,1.0,1.0,1.0,1.0,1.0,1.0,293.15,1.0,POLISH,0.551137078548998,293.1623768592171,1.0101396920888052e-09,4.5357719988661803e-10
degraded_ups_3s_interruption_during_dress,NO_CONNECTION,747,7.46,7.47,False,1.0,0.9999999999999998,GRID,500.0,1.0,False,188.49998155133662,0.00020000034201839888,199999.23766590658,2.9103830456733704e-11,299999.27293974906,0.0001,293.15,7.167407780559365e-14,1.0,1.0,1.0,1.0,1.0,1.0,293.15,1.0,POLISH,0.5511359769258254,293.1626434094568,1.010812385605707e-09,4.636853237426751e-10
degraded_ups_3s_interruption_during_dress,NO_CONNECTION,748,7.47,7.48,False,1.0,0.9999999999999998,GRID,500.0,1.0,False,188.4999824737698,0.00020000032633892153,199999.27293974906,0.0,299999.30658377707,0.0001,293.15,1.664728229398548e-13,1.0,1.0,1.0,1.0,1.0,1.0,293.15,1.0,POLISH,0.5511348752723246,293.16290983970225,1.0114674819688007e-09,4.737999985623632e-10
degraded_ups_3s_interruption_during_dress,NO_CONNECTION,749,7.48,7.49,False,1.0,0.9999999999999998,GRID,500.0,1.0,False,188.4999833500813,0.00020000031137647816,199999.30658377707,0.0,299999.3387144059,0.0001,293.15,-5.933012712850041e-13,1.0,1.0,1.0,1.0,1.0,1.0,293.15,1.0,POLISH,0.5511337735901211,293.16317614959877,1.0121054570294163e-09,4.839210531326573e-10
degraded_ups_3s_interruption_during_dress,NO_CONNECTION,750,7.49,7.5,False,1.0,0.9999999999999998,GRID,500.0,1.0,False,188.49998418257724,0.00020000029707775498,199999.3387144059,0.0,299999.36933163553,0.0001,293.15,6.734440587653473e-14,1.0,1.0,1.0,1.0,1.0,1.0,293.15,1.0,POLISH,0.551132671880759,293.16344233881233,1.0127267730507146e-09,4.940483208631644e-10
degraded_ups_3s_interruption_during_dress,NO_CONNECTION,751,7.5,7.51,False,1.0,0.9999999999999998,GRID,500.0,1.0,False,188.49998497344836,0.00020000028344740092,199999.3693316355,-2.9103830456733704e-11,299999.3985518813,0.0001,293.15,-2.3345531562605873e-13,1.0,1.0,1.0,1.0,1.0,1.0,293.15,1.0,POLISH,0.5511315701457055,293.1637084070288,1.013331879124356e-09,5.04181639654408e-10
degraded_ups_3s_interruption_during_dress,NO_CONNECTION,752,7.51,7.5200000000000005,False,1.0,0.9999999999999998,GRID,500.0,1.0,False,188.49998572477594,0.00020000027043162502,199999.39855188128,-2.9103830456733704e-11,299999.42637514323,0.0001,293.15,7.788150717868344e-13,1.0,1.0,1.0,1.0,1.0,1.0,293.15,1.0,POLISH,0.5511304683863544,293.1639743539529,1.0139212115734675e-09,5.143208517701427e-10
degraded_ups_3s_interruption_during_dress,NO_CONNECTION,753,7.5200000000000005,7.53,False,1.0,0.9999999999999998,GRID,500.0,1.0,False,188.49998643853715,0.00020000025803462295,199999.42637514326,2.9103830456733704e-11,299999.4529178366,0.0001,293.15,7.218371066889985e-13,1.0,1.0,1.0,1.0,1.0,1.0,293.15,1.0,POLISH,0.5511293666040299,293.1642401793071,1.014495194342364e-09,5.244658037135664e-10
degraded_ups_3s_interruption_during_dress,NO_CONNECTION,754,7.53,7.54,False,1.0,0.9999999999999998,GRID,500.0,1.0,False,188.4999871166103,0.00020000024620217313,199999.4529178366,0.0,299999.47829637676,0.0001,293.15,-5.168184147785773e-13,1.0,1.0,1.0,1.0,1.0,1.0,293.15,1.0,POLISH,0.55112826479999,293.164505882831,1.0150542393734899e-09,5.346163461073013e-10
degraded_ups_3s_interruption_during_dress,NO_CONNECTION,755,7.54,7.55,False,1.0,0.9999999999999998,GRID,500.0,1.0,False,188.4999877607798,0.00020000023487985445,199999.47829637676,0.0,299999.5025107637,0.0001,293.15,-6.63266204654396e-13,1.0,1.0,1.0,1.0,1.0,1.0,293.15,1.0,POLISH,0.5511271629754299,293.16477146428025,1.0155987469719992e-09,5.447723335770213e-10
degraded_ups_3s_interruption_during_dress,NO_CONNECTION,756,7.55,7.5600000000000005,False,1.0,0.9999999999999998,GRID,500.0,1.0,False,188.4999883727408,0.00020000022407126432,199999.5025107637,0.0,299999.5255609974,0.0001,293.15,2.8609116052743103e-13,1.0,1.0,1.0,1.0,1.0,1.0,293.15,1.0,POLISH,0.5511260611314851,293.1650369234259,1.0161291061584145e-09,5.549336246386054e-10
degraded_ups_3s_interruption_during_dress,NO_CONNECTION,757,7.5600000000000005,7.57,False,1.0,0.9999999999999998,GRID,500.0,1.0,False,188.49998895410377,0.00020000021377982014,199999.52556099743,0.0,299999.54756349325,0.0001,293.15,-5.1842993873564366e-14,1.0,1.0,1.0,1.0,1.0,1.0,293.15,1.0,POLISH,0.5511249592692344,293.16530226005347,1.0166456950097615e-09,5.65100081588703e-10
degraded_ups_3s_interruption_during_dress,NO_CONNECTION,758,7.57,7.58,False,1.0,0.9999999999999998,GRID,500.0,1.0,False,188.49998950639858,0.00020000020395056077,199999.54756349322,-2.9103830456733704e-11,299999.5685182512,0.0001,293.15,5.962765925546822e-13,1.0,1.0,1.0,1.0,1.0,1.0,293.15,1.0,POLISH,0.5511238573897027,293.1655674739625,1.017148880989579e-09,5.752715703985988e-10
degraded_ups_3s_interruption_during_dress,NO_CONNECTION,759,7.58,7.59,False,1.0,0.9999999999999998,GRID,500.0,1.0,False,188.49999003107865,0.00020000019458657053,199999.56851825118,0.0,299999.58854168653,0.0001,293.15,-1.5297983528821187e-13,1.0,1.0,1.0,1.0,1.0,1.0,293.15,1.0,POLISH,0.5511227554938636,293.16583256496557,1.0176390212671844e-09,5.854479606112706e-10
degraded_ups_3s_interruption_during_dress,NO_CONNECTION,760,7.59,7.6000000000000005,False,1.0,0.9999999999999998,GRID,500.0,1.0,False,188.49999052952472,0.00020000018563257182,199999.58854168656,2.9103830456733704e-11,299999.6076337993,0.0001,293.15,-2.6583427841850112e-14,1.0,1.0,1.0,1.0,1.0,1.0,293.15,1.0,POLISH,0.5511216535826421,293.1660975328878,1.01811646302657e-09,5.956291252415363e-10
degraded_ups_3s_interruption_during_dress,NO_CONNECTION,761,7.6000000000000005,7.61,False,1.0,0.9999999999999998,GRID,500.0,1.0,False,188.49999100304848,0.00020000017709134808,199999.6076337993,0.0,299999.6257945895,0.0001,293.15,9.782492193686571e-13,1.0,1.0,1.0,1.0,1.0,1.0,293.15,1.0,POLISH,0.5511205516569171,293.1663623775662,1.0185815437652745e-09,6.05814940679189e-10
degraded_ups_3s_interruption_during_dress,NO_CONNECTION,762,7.61,7.62,False,1.0,0.9999999999999998,GRID,500.0,1.0,False,188.49999145289604,0.00020000016896554366,199999.62579458952,0.0,299999.6431404725,0.0001,293.15,4.776483820013326e-13,1.0,1.0,1.0,1.0,1.0,1.0,293.15,1.0,POLISH,0.5511194497175235,293.16662709884906,1.0190345915835872e-09,6.160052865950249e-10
degraded_ups_3s_interruption_during_dress,NO_CONNECTION,763,7.62,7.63,False,1.0,0.9999999999999998,GRID,500.0,1.0,False,188.49999188025123,0.00020000016119946308,199999.64314047244,-2.9103830456733704e-11,299999.6596714482,0.0001,293.15,7.442249903367128e-13,1.0,1.0,1.0,1.0,1.0,1.0,293.15,1.0,POLISH,0.5511183477652545,293.1668916965955,1.0194759254644102e-09,6.26200045849669e-10
degraded_ups_3s_interruption_during_dress,NO_CONNECTION,764,7.63,7.640000000000001,False,1.0,0.9999999999999998,GRID,500.0,1.0,False,188.49999228623867,0.0002000001537954928,199999.65967144814,-2.9103830456733704e-11,299999.67550393194,0.0001,293.15,-6.061485574539052e-13,1.0,1.0,1.0,1.0,1.0,1.0,293.15,1.0,POLISH,0.5511172458008636,293.1671561706746,1.0199058555441025e-09,6.3639910440511e-10
degraded_ups_3s_interruption_during_dress,NO_CONNECTION,765,7.640000000000001,7.65,False,1.0,0.9999999999999998,GRID,500.0,1.0,False,188.49999267192672,0.00020000014669769241,199999.67550393194,0.0,299999.6905797161,0.0001,293.15,-1.0784918531152054e-13,1.0,1.0,1.0,1.0,1.0,1.0,293.15,1.0,POLISH,0.5511161438250668,293.1674205209654,1.0203246833746117e-09,6.466023512388561e-10
degraded_ups_3s_interruption_during_dress,NO_CONNECTION,766,7.65,7.66,False,1.0,0.9999999999999998,GRID,500.0,1.0,False,188.4999930383304,0.00020000013993731953,199999.69057971612,0.0,299999.70495700836,0.0001,293.15,-8.702957571187135e-14,1.0,1.0,1.0,1.0,1.0,1.0,293.15,1.0,POLISH,0.5511150418385442,293.16768474735596,1.020732702177203e-09,6.568096782606281e-10
degraded_ups_3s_interruption_during_dress,NO_CONNECTION,767,7.66,7.67,False,1.0,0.9999999999999998,GRID,500.0,1.0,False,188.49999338641388,0.0002000001334873165,199999.70495700836,0.0,299999.71869401634,0.0001,293.15,-5.998511843491172e-13,1.0,1.0,1.0,1.0,1.0,1.0,293.15,1.0,POLISH,0.551113939841942,293.1679488497432,1.02113019708806e-09,6.670209802315087e-10
degraded_ups_3s_interruption_during_dress,NO_CONNECTION,768,7.67,7.68,False,1.0,0.9999999999999998,GRID,500.0,1.0,False,188.4999937170932,0.0002000001273205233,199999.71869401634,0.0,299999.7317325324,0.0001,293.15,6.839362100751716e-13,1.0,1.0,1.0,1.0,1.0,1.0,293.15,1.0,POLISH,0.5511128378358741,293.1682128280322,1.0215174453960507e-09,6.772361546854692e-10
degraded_ups_3s_interruption_during_dress,NO_CONNECTION,769,7.68,7.69,False,1.0,0.9999999999999998,GRID,500.0,1.0,False,188.49999403123854,0.00020000012146789033,199999.73173253238,0.0,299999.7441889718,0.0001,293.15,2.446157171135035e-13,1.0,1.0,1.0,1.0,1.0,1.0,293.15,1.0,POLISH,0.5511117358209235,293.16847668213614,1.0218947167729151e-09,6.874551018531983e-10
degraded_ups_3s_interruption_during_dress,NO_CONNECTION,770,7.69,7.7,False,1.0,0.9999999999999998,GRID,500.0,1.0,False,188.4999943296766,0.0002000001158729642,199999.7441889718,-2.9103830456733704e-11,299999.75606333464,0.0001,293.15,3.540403419651603e-13,1.0,1.0,1.0,1.0,1.0,1.0,293.15,1.0,POLISH,0.5511106337976446,293.1687404119755,1.0222622734961445e-09,6.976777245881597e-10
degraded_ups_3s_interruption_during_dress,NO_CONNECTION,771,7.7,7.71,False,1.0,0.9999999999999998,GRID,500.0,1.0,False,188.49999461319277,0.0002000001105374116,199999.75606333464,0.0,299999.7674138285,0.0001,293.15,-1.793802384191957e-13,1.0,1.0,1.0,1.0,1.0,1.0,293.15,1.0,POLISH,0.5511095317665636,293.16900401747796,1.0226203706647948e-09,7.079039282948076e-10
degraded_ups_3s_interruption_during_dress,NO_CONNECTION,772,7.71,7.72,False,1.0,0.9999999999999998,GRID,500.0,1.0,False,188.49999488253314,0.00020000010543371196,199999.76741382852,0.0,299999.7781822458,0.0001,293.15,9.742436729315886e-13,1.0,1.0,1.0,1.0,1.0,1.0,293.15,1.0,POLISH,0.5511084297281806,293.16926749857805,1.0229692564084774e-09,7.181336208588924e-10
degraded_ups_3s_interruption_during_dress,NO_CONNECTION,773,7.72,7.73,False,1.0,0.9999999999999998,GRID,500.0,1.0,False,188.4999951384065,0.0002000001005924731,199999.7781822458,0.0,299999.78854320943,0.0001,293.15,-8.984044622606064e-13,1.0,1.0,1.0,1.0,1.0,1.0,293.15,1.0,POLISH,0.5511073276829708,293.16953085521664,1.0233091720897677e-09,7.283667125797901e-10
degraded_ups_3s_interruption_during_dress,NO_CONNECTION,774,7.73,7.74,False,1.0,0.9999999999999998,GRID,500.0,1.0,False,188.49999538148617,0.00020000009592781255,199999.78854320943,0.0,299999.7983803041,0.0001,293.15,-4.233409412948044e-15,1.0,1.0,1.0,1.0,1.0,1.0,293.15,1.0,POLISH,0.5511062256313853,293.16979408734073,1.0236403525002414e-09,7.386031161047925e-10
degraded_ups_3s_interruption_during_dress,NO_CONNECTION,775,7.74,7.75,False,1.0,0.9999999999999998,GRID,500.0,1.0,False,188.49999561241185,0.00020000009149929524,199999.7983803041,-2.9103830456733704e-11,299999.80775173753,0.0001,293.15,1.9475832459344811e-13,1.0,1.0,1.0,1.0,1.0,1.0,293.15,1.0,POLISH,0.5511051235738531,293.1700571949031,1.0239630260503692e-09,7.488427463652961e-10
degraded_ups_3s_interruption_during_dress,NO_CONNECTION,776,7.75,7.76,False,1.0,0.9999999999999998,GRID,500.0,1.0,False,188.49999583179127,0.00020000008727910702,199999.8077517375,-2.9103830456733704e-11,299999.8167157173,0.0001,293.15,-3.5834725865911407e-13,1.0,1.0,1.0,1.0,1.0,1.0,293.15,1.0,POLISH,0.5511040215107815,293.1703201778621,1.0242774149534732e-09,7.590855205148308e-10
degraded_ups_3s_interruption_during_dress,NO_CONNECTION,777,7.76,7.7700000000000005,False,1.0,0.9999999999999998,GRID,500.0,1.0,False,188.4999960402017,0.0002000000832393691,199999.8167157173,-2.9103830456733704e-11,299999.8252140358,0.0001,293.15,6.659813309552564e-13,1.0,1.0,1.0,1.0,1.0,1.0,293.15,1.0,POLISH,0.5511029194425576,293.1705830361812,1.0245837354039423e-09,7.693313578688702e-10
degraded_ups_3s_interruption_during_dress,NO_CONNECTION,778,7.7700000000000005,7.78,False,1.0,0.9999999999999998,GRID,500.0,1.0,False,188.4999962381916,0.00020000007941034916,199999.82521403578,-2.9103830456733704e-11,299999.83336310834,0.0001,293.15,-2.526555733292096e-13,1.0,1.0,1.0,1.0,1.0,1.0,293.15,1.0,POLISH,0.551101817369549,293.170845769829,1.0248821977499086e-09,7.795801798463693e-10
degraded_ups_3s_interruption_during_dress,NO_CONNECTION,779,7.78,7.79,False,1.0,0.9999999999999998,GRID,500.0,1.0,False,188.49999642628202,0.00020000007573494515,199999.8333631083,-2.9103830456733704e-11,299999.8411629349,0.0001,293.15,-8.430535496052351e-13,1.0,1.0,1.0,1.0,1.0,1.0,293.15,1.0,POLISH,0.551100715292105,293.1711083787787,1.0251730066605663e-09,7.89831909912975e-10
degraded_ups_3s_interruption_during_dress,NO_CONNECTION,780,7.79,7.8,False,1.0,0.9999999999999998,GRID,500.0,1.0,False,188.49999660496792,0.00020000007221420747,199999.84116293487,-2.9103830456733704e-11,299999.84855530784,0.0001,293.15,8.909483068843053e-14,1.0,1.0,1.0,1.0,1.0,1.0,293.15,1.0,POLISH,0.5510996132105576,293.171370863008,1.0254563612883177e-09,8.000864735258582e-10
degraded_ups_3s_interruption_during_dress,NO_CONNECTION,781,7.8,7.8100000000000005,False,1.0,0.9999999999999998,GRID,500.0,1.0,False,188.49999677471953,0.0002000000688782378,199999.84855530784,0.0,299999.8555984348,0.0001,293.15,2.1648099003506308e-13,1.0,1.0,1.0,1.0,1.0,1.0,293.15,1.0,POLISH,0.5510985111252218,293.17163322249894,1.025732455425917e-09,8.103437980801173e-10
degraded_ups_3s_interruption_during_dress,NO_CONNECTION,782,7.8100000000000005,7.82,False,1.0,0.9999999999999998,GRID,500.0,1.0,False,188.49999693598355,0.00020000006569888016,199999.8555984348,0.0,299999.8623505235,0.0001,293.15,-5.181549053755428e-13,1.0,1.0,1.0,1.0,1.0,1.0,293.15,1.0,POLISH,0.5510974090363973,293.17189545723755,1.0260014776587792e-09,8.206038128567051e-10
degraded_ups_3s_interruption_during_dress,NO_CONNECTION,783,7.82,7.83,False,1.0,0.9999999999999998,GRID,500.0,1.0,False,188.49999708918438,0.00020000006264793142,199999.86235052347,0.0,299999.8687533662,0.0001,293.15,2.143943226076591e-13,1.0,1.0,1.0,1.0,1.0,1.0,293.15,1.0,POLISH,0.5510963069443685,293.1721575672137,1.0262636115126235e-09,8.308664489718313e-10
degraded_ups_3s_interruption_during_dress,NO_CONNECTION,784,7.83,7.84,False,1.0,0.9999999999999998,GRID,500.0,1.0,False,188.49999723472516,0.0002000000597553508,199999.86875336617,0.0,299999.87486517057,0.0001,293.15,8.667759164495036e-14,1.0,1.0,1.0,1.0,1.0,1.0,293.15,1.0,POLISH,0.5510952048494059,293.1724195524209,1.026519035596596e-09,8.411316393277973e-10
degraded_ups_3s_interruption_during_dress,NO_CONNECTION,785,7.84,7.8500000000000005,False,1.0,0.9999999999999998,GRID,500.0,1.0,False,188.4999973729889,0.0002000000569928473,199999.87486517057,0.0,299999.8807441443,0.0001,293.15,-9.586999152443747e-13,1.0,1.0,1.0,1.0,1.0,1.0,293.15,1.0,POLISH,0.5510941027517662,293.1726814128561,1.0267679237420317e-09,8.513993185652176e-10
degraded_ups_3s_interruption_during_dress,NO_CONNECTION,786,7.8500000000000005,7.86,False,1.0,0.9999999999999998,GRID,500.0,1.0,False,188.49999750433946,0.00020000005433208913,199999.88074414432,0.0,299999.88633207977,0.0001,293.15,-5.92659714707131e-13,1.0,1.0,1.0,1.0,1.0,1.0,293.15,1.0,POLISH,0.5510930006516934,293.1729431485196,1.0270104451369941e-09,8.616694230165876e-10
degraded_ups_3s_interruption_during_dress,NO_CONNECTION,787,7.86,7.87,False,1.0,0.9999999999999998,GRID,500.0,1.0,False,188.49999762912248,0.00020000005180291359,199999.88633207977,0.0,299999.8916289769,0.0001,293.15,5.048225943174083e-14,1.0,1.0,1.0,1.0,1.0,1.0,293.15,1.0,POLISH,0.5510918985494193,293.17320475941483,1.02724676445674e-09,8.71941890661155e-10
degraded_ups_3s_interruption_during_dress,NO_CONNECTION,788,7.87,7.88,False,1.0,0.9999999999999998,GRID,500.0,1.0,False,188.49999774766636,0.00020000004940601762,199999.8916289769,0.0,299999.8966930434,0.0001,293.15,-2.218340805102895e-13,1.0,1.0,1.0,1.0,1.0,1.0,293.15,1.0,POLISH,0.5510907964451641,293.1734662455481,1.027477041990233e-09,8.822166610810573e-10
degraded_ups_3s_interruption_during_dress,NO_CONNECTION,789,7.88,7.890000000000001,False,1.0,0.9999999999999998,GRID,500.0,1.0,False,188.49999786028303,0.0002000000471129593,199999.8966930434,0.0,299999.9014660716,0.0001,293.15,9.193595938792387e-13,1.0,1.0,1.0,1.0,1.0,1.0,293.15,1.0,POLISH,0.551089694339137,293.17372760692865,1.0277014337628509e-09,8.924936754186859e-10
degraded_ups_3s_interruption_during_dress,NO_CONNECTION,790,7.890000000000001,7.9,False,1.0,0.9999999999999998,GRID,500.0,1.0,False,188.49999796726888,0.00020000004495347137,199999.9014660716,0.0,299999.9060644768,0.0001,293.15,-4.6871288859715005e-14,1.0,1.0,1.0,1.0,1.0,1.0,293.15,1.0,POLISH,0.5510885922315367,293.1739888435683,1.0279200916553943e-09,9.027728763352398e-10
degraded_ups_3s_interruption_during_dress,NO_CONNECTION,791,7.9,7.91,False,1.0,0.9999999999999998,GRID,500.0,1.0,False,188.49999806890543,0.0002000000428699436,199999.90606447682,0.0,299999.9104300514,0.0001,293.15,3.434265404608089e-13,1.0,1.0,1.0,1.0,1.0,1.0,293.15,1.0,POLISH,0.5510874901225521,293.1742499554814,1.0281331635195384e-09,9.130542079704351e-10
degraded_ups_3s_interruption_during_dress,NO_CONNECTION,792,7.91,7.92,False,1.0,0.9999999999999998,GRID,500.0,1.0,False,188.49999816546017,0.00020000004089204743,199999.9104300514,0.0,299999.914621003,0.0001,293.15,-2.374857748605918e-13,1.0,1.0,1.0,1.0,1.0,1.0,293.15,1.0,POLISH,0.5510863880123624,293.1745109426848,1.0283407932898243e-09,9.233376159033334e-10
degraded_ups_3s_interruption_during_dress,NO_CONNECTION,793,7.92,7.930000000000001,False,1.0,0.9999999999999998,GRID,500.0,1.0,False,188.49999825718717,0.00020000003899121817,199999.91462100294,-2.9103830456733704e-11,299999.9185791239,0.0001,293.15,5.392373619026182e-13,1.0,1.0,1.0,1.0,1.0,1.0,293.15,1.0,POLISH,0.5510852859011383,293.1747718051975,1.028543121092317e-09,9.336230471142566e-10
degraded_ups_3s_interruption_during_dress,NO_CONNECTION,794,7.930000000000001,7.94,False,1.0,0.9999999999999998,GRID,500.0,1.0,False,188.49999834432782,0.0002000000371970719,199999.91857912389,-2.9103830456733704e-11,299999.92242082953,0.0001,293.15,-8.474552808633609e-13,1.0,1.0,1.0,1.0,1.0,1.0,293.15,1.0,POLISH,0.5510841837890413,293.1750325430408,1.0287402833500307e-09,9.43910449947757e-10
degraded_ups_3s_interruption_during_dress,NO_CONNECTION,795,7.94,7.95,False,1.0,0.9999999999999998,GRID,500.0,1.0,False,188.49999842711142,0.0002000000354518875,199999.9224208295,-2.9103830456733704e-11,299999.9260297045,0.0001,293.15,2.5953570564375746e-13,1.0,1.0,1.0,1.0,1.0,1.0,293.15,1.0,POLISH,0.5510830816762256,293.175293156238,1.0289324128852323e-09,9.541997740766094e-10
degraded_ups_3s_interruption_during_dress,NO_CONNECTION,796,7.95,7.96,False,1.0,0.9999999999999998,GRID,500.0,1.0,False,188.49999850575585,0.00020000003381433505,199999.92602970454,2.9103830456733704e-11,299999.92952216417,0.0001,293.15,-7.959401394268583e-13,1.0,1.0,1.0,1.0,1.0,1.0,293.15,1.0,POLISH,0.551081979562837,293.1755536448144,1.0291196390187151e-09,9.644909704667965e-10
degraded_ups_3s_interruption_during_dress,NO_CONNECTION,797,7.96,7.97,False,1.0,0.9999999999999998,GRID,500.0,1.0,False,188.49999858046806,0.00020000003222664595,199999.9295221642,2.9103830456733704e-11,299999.9327817932,0.0001,293.15,6.431691317769779e-13,1.0,1.0,1.0,1.0,1.0,1.0,293.15,1.0,POLISH,0.5510808774490145,293.175814008797,1.0293020876661533e-09,9.74783991343458e-10
degraded_ups_3s_interruption_during_dress,NO_CONNECTION,798,7.97,7.98,False,1.0,0.9999999999999998,GRID,500.0,1.0,False,188.49999865144466,0.00020000003074744515,199999.93278179318,0.0,299999.93592500687,0.0001,293.15,-7.933207151096935e-14,1.0,1.0,1.0,1.0,1.0,1.0,293.15,1.0,POLISH,0.5510797753348898,293.17607424821466,1.029479881431616e-09,9.850787901577742e-10
degraded_ups_3s_interruption_during_dress,NO_CONNECTION,799,7.98,7.99,False,1.0,0.9999999999999998,GRID,500.0,1.0,False,188.49999871887243,0.00020000002931892132,199999.9359250069,2.9103830456733704e-11,299999.93895180523,0.0001,293.15,-6.929486531023092e-13,1.0,1.0,1.0,1.0,1.0,1.0,293.15,1.0,POLISH,0.5510786732205883,293.176334363098,1.0296531396983464e-09,9.953753215547577e-10
degraded_ups_3s_interruption_during_dress,NO_CONNECTION,800,7.99,8.0,False,1.0,0.9999999999999998,GRID,500.0,1.0,False,188.4999987829288,0.00020000002794145097,199999.93895180523,0.0,299999.9418039806,0.0001,293.15,-4.047029638492093e-15,1.0,1.0,1.0,1.0,1.0,1.0,293.15,1.0,POLISH,0.5510775711062291,293.1765943534791,1.0298219787168805e-09,1.0056735413419266e-09
degraded_ups_3s_interruption_during_dress,NO_CONNECTION,801,8.0,8.01,False,1.0,0.9999999999999998,GRID,500.0,1.0,False,188.49999884378235,0.00020000002664449567,199999.9418039806,-2.9103830456733704e-11,299999.9445397407,0.0001,293.15,-3.4057593225646557e-13,1.0,1.0,1.0,1.0,1.0,1.0,293.15,1.0,POLISH,0.5510764689919252,293.1768542193916,1.0299865116906023e-09,1.0159734064588326e-09
degraded_ups_3s_interruption_during_dress,NO_CONNECTION,802,8.01,8.02,False,1.0,0.9999999999999998,GRID,500.0,1.0,False,188.49999890159324,0.0002000000253992914,199999.9445397407,2.9103830456733704e-11,299999.94710087776,0.0001,293.15,6.261109187534472e-13,1.0,1.0,1.0,1.0,1.0,1.0,293.15,1.0,POLISH,0.5510753668777839,293.17711396087043,1.030146848858806e-09,1.0262748749474206e-09
degraded_ups_3s_interruption_during_dress,NO_CONNECTION,803,8.02,8.03,False,1.0,0.9999999999999998,GRID,500.0,1.0,False,188.4999989565136,0.0002000000242352649,199999.94710087776,0.0,299999.9495455995,0.0001,293.15,5.680299622595077e-13,1.0,1.0,1.0,1.0,1.0,1.0,293.15,1.0,POLISH,0.5510742647639074,293.17737357795204,1.0303030975773497e-09,1.0365779059231942e-09
degraded_ups_3s_interruption_during_dress,NO_CONNECTION,804,8.03,8.040000000000001,False,1.0,0.9999999999999998,GRID,500.0,1.0,False,188.49999900868792,0.0002000000231236189,199999.94954559952,0.0,299999.95187390596,0.0001,293.15,6.20537180125687e-13,1.0,1.0,1.0,1.0,1.0,1.0,293.15,1.0,POLISH,0.5510731626503926,293.17763307067406,1.0304553623969812e-09,1.046882459547164e-09
degraded_ups_3s_interruption_during_dress,NO_CONNECTION,805,8.040000000000001,8.05,False,1.0,0.9999999999999998,GRID,500.0,1.0,False,188.49999905825354,0.0002000000220646448,199999.95187390596,0.0,299999.9540857971,0.0001,293.15,7.839239652383806e-13,1.0,1.0,1.0,1.0,1.0,1.0,293.15,1.0,POLISH,0.5510720605373316,293.1778924390754,1.0306037451393933e-09,1.0571884969985579e-09
degraded_ups_3s_interruption_during_dress,NO_CONNECTION,806,8.05,8.06,False,1.0,0.9999999999999998,GRID,500.0,1.0,False,188.49999910534086,0.00020000002105861943,199999.95408579704,-2.9103830456733704e-11,299999.9562394805,0.0001,293.15,-1.3478991197930033e-13,1.0,1.0,1.0,1.0,1.0,1.0,293.15,1.0,POLISH,0.5510709584248119,293.178151683196,1.0307483449711016e-09,1.0674959804482688e-09
degraded_ups_3s_interruption_during_dress,NO_CONNECTION,807,8.06,8.07,False,1.0,0.9999999999999998,GRID,500.0,1.0,False,188.49999915007382,0.00020000002007670184,199999.95623948053,0.0,299999.95827674866,0.0001,293.15,1.9296486338058223e-13,1.0,1.0,1.0,1.0,1.0,1.0,293.15,1.0,POLISH,0.5510698563129166,293.17841080307704,1.0308892584751938e-09,1.0778048730330208e-09
degraded_ups_3s_interruption_during_dress,NO_CONNECTION,808,8.07,8.08,False,1.0,0.9999999999999998,GRID,500.0,1.0,False,188.49999919257013,0.00020000001914824572,199999.9582767487,2.9103830456733704e-11,299999.9602558091,0.0001,293.15,-5.608682772774807e-13,1.0,1.0,1.0,1.0,1.0,1.0,293.15,1.0,POLISH,0.5510687542017247,293.17866979876067,1.0310265797210265e-09,1.088115138830231e-09
degraded_ups_3s_interruption_during_dress,NO_CONNECTION,809,8.08,8.09,False,1.0,0.9999999999999998,GRID,500.0,1.0,False,188.49999923294163,0.00020000001824438456,199999.9602558091,-2.9103830456733704e-11,299999.9621184543,0.0001,293.15,-6.774557911176726e-14,1.0,1.0,1.0,1.0,1.0,1.0,293.15,1.0,POLISH,0.5510676520913113,293.1789286702899,1.031160400331934e-09,1.0984267428335503e-09
degraded_ups_3s_interruption_during_dress,NO_CONNECTION,810,8.09,8.1,False,1.0,0.9999999999999998,GRID,500.0,1.0,False,188.49999927129454,0.00020000001739444752,199999.96211845428,0.0,299999.9638646841,0.0001,293.15,5.375089127046205e-13,1.0,1.0,1.0,1.0,1.0,1.0,293.15,1.0,POLISH,0.5510665499817474,293.1791874177089,1.031290809551004e-09,1.1087396509290602e-09
degraded_ups_3s_interruption_during_dress,NO_CONNECTION,811,8.1,8.11,False,1.0,0.9999999999999998,GRID,500.0,1.0,False,188.4999993077298,0.00020000001659864887,199999.9638646841,0.0,299999.9655527063,0.0001,293.15,6.185239657692059e-14,1.0,1.0,1.0,1.0,1.0,1.0,293.15,1.0,POLISH,0.551065447873101,293.1794460410624,1.031417894304986e-09,1.11905382987211e-09
degraded_ups_3s_interruption_during_dress,NO_CONNECTION,812,8.11,8.120000000000001,False,1.0,0.9999999999999998,GRID,500.0,1.0,False,188.49999934234333,0.00020000001582808828,199999.96555270627,0.0,299999.9671243131,0.0001,293.15,8.337948273441275e-13,1.0,1.0,1.0,1.0,1.0,1.0,293.15,1.0,POLISH,0.5510643457654363,293.1797045403963,1.031541739266389e-09,1.129369247264774e-09
degraded_ups_3s_interruption_during_dress,NO_CONNECTION,813,8.120000000000001,8.13,False,1.0,0.9999999999999998,GRID,500.0,1.0,False,188.49999937522617,0.00020000001511206284,199999.96712431312,0.0,299999.9686377123,0.0001,293.15,5.252230139522741e-13,1.0,1.0,1.0,1.0,1.0,1.0,293.15,1.0,POLISH,0.5510632436588144,293.1799629157571,1.0316624269138185e-09,1.1396858715339122e-09
degraded_ups_3s_interruption_during_dress,NO_CONNECTION,814,8.13,8.14,False,1.0,0.9999999999999998,GRID,500.0,1.0,False,188.49999940646487,0.00020000001442165233,199999.9686377123,0.0,299999.9701511115,0.0001,293.15,-9.21887090862655e-13,1.0,1.0,1.0,1.0,1.0,1.0,293.15,1.0,POLISH,0.5510621415532935,293.180221167192,1.0317800375906157e-09,1.1500036719098183e-09
degraded_ups_3s_interruption_during_dress,NO_CONNECTION,815,8.14,8.15,False,1.0,0.9999999999999998,GRID,500.0,1.0,False,188.49999943614162,0.00020000001372792733,199999.9701511115,2.9103830456733704e-11,299999.97154809535,0.0001,293.15,1.4202410406579403e-14,1.0,1.0,1.0,1.0,1.0,1.0,293.15,1.0,POLISH,0.5510610394489286,293.180479294749,1.0318946495618435e-09,1.1603226184054368e-09
degraded_ups_3s_interruption_during_dress,NO_CONNECTION,816,8.15,8.16,False,1.0,0.9999999999999998,GRID,500.0,1.0,False,188.49999946433454,0.00020000001308926127,199999.97154809532,-2.9103830456733704e-11,299999.97288687155,0.0001,293.15,-1.2969852730866765e-13,1.0,1.0,1.0,1.0,1.0,1.0,293.15,1.0,POLISH,0.5510599373457721,293.18073729847674,1.0320063390696704e-09,1.1706426817961335e-09
degraded_ups_3s_interruption_during_dress,NO_CONNECTION,817,8.16,8.17,False,1.0,0.9999999999999998,GRID,500.0,1.0,False,188.49999949111782,0.00020000001247670777,199999.97288687155,0.0,299999.9741092324,0.0001,293.15,9.74873972238271e-13,1.0,1.0,1.0,1.0,1.0,1.0,293.15,1.0,POLISH,0.5510588352438738,293.1809951784245,1.0321151803872078e-09,1.1809638336000055e-09
degraded_ups_3s_interruption_during_dress,NO_CONNECTION,818,8.17,8.18,False,1.0,0.9999999999999998,GRID,500.0,1.0,False,188.49999951656193,0.00020000001191952018,199999.97410923243,0.0,299999.97527338564,0.0001,293.15,9.997629839882797e-13,1.0,1.0,1.0,1.0,1.0,1.0,293.15,1.0,POLISH,0.551057733143281,293.18125293464215,1.0322212458708347e-09,1.1912860460587138e-09
degraded_ups_3s_interruption_during_dress,NO_CONNECTION,819,8.18,8.19,False,1.0,0.9999999999999998,GRID,500.0,1.0,False,188.49999954073382,0.00020000001138873675,199999.97527338564,0.0,299999.97643753886,0.0001,293.15,-1.1309705071332323e-13,1.0,1.0,1.0,1.0,1.0,1.0,293.15,1.0,POLISH,0.5510566310440387,293.1815105671801,1.0323246060110676e-09,1.2016092921188245e-09
degraded_ups_3s_interruption_during_dress,NO_CONNECTION,820,8.19,8.2,False,1.0,0.9999999999999998,GRID,500.0,1.0,False,188.49999956369714,0.0002000000108553887,199999.97643753886,0.0,299999.9775434844,0.0001,293.15,-3.526465794725956e-14,1.0,1.0,1.0,1.0,1.0,1.0,293.15,1.0,POLISH,0.5510555289461895,293.1817680760893,1.0324253294820141e-09,1.2119335454136446e-09
degraded_ups_3s_interruption_during_dress,NO_CONNECTION,821,8.2,8.21,False,1.0,0.9999999999999998,GRID,500.0,1.0,False,188.49999958551228,0.00020000001034870798,199999.97754348442,0.0,299999.9785912223,0.0001,293.15,9.833889128355111e-14,1.0,1.0,1.0,1.0,1.0,1.0,293.15,1.0,POLISH,0.5510544268497739,293.18202546142123,1.03252348318945e-09,1.222258780245539e-09
degraded_ups_3s_interruption_during_dress,NO_CONNECTION,822,8.21,8.22,False,1.0,0.9999999999999998,GRID,500.0,1.0,False,188.49999960623666,0.0002000000098688165,199999.97859122232,0.0,299999.97958075255,0.0001,293.15,2.878355019608744e-13,1.0,1.0,1.0,1.0,1.0,1.0,293.15,1.0,POLISH,0.5510533247548305,293.1822827232278,1.0326191323175677e-09,1.2325849715687149e-09
degraded_ups_3s_interruption_during_dress,NO_CONNECTION,823,8.22,8.23,False,1.0,0.9999999999999998,GRID,500.0,1.0,False,188.49999962592483,0.00020000000941583002,199999.97958075255,0.0,299999.9805120751,0.0001,293.15,5.333409668767382e-13,1.0,1.0,1.0,1.0,1.0,1.0,293.15,1.0,POLISH,0.5510522226613959,293.18253986156134,1.0327123403744267e-09,1.2429120949724592e-09
degraded_ups_3s_interruption_during_dress,NO_CONNECTION,824,8.23,8.24,False,1.0,0.9999999999999998,GRID,500.0,1.0,False,188.4999996446286,0.00020000000898985843,199999.98051207518,5.820766091346741e-11,299999.9814433977,0.0001,293.15,-3.582919242328332e-13,1.0,1.0,1.0,1.0,1.0,1.0,293.15,1.0,POLISH,0.5510511205695047,293.1827968764747,1.0328031692361533e-09,1.2532401266648207e-09
degraded_ups_3s_interruption_during_dress,NO_CONNECTION,825,8.24,8.25,False,1.0,0.9999999999999998,GRID,500.0,1.0,False,188.49999966239716,0.0002000000085619024,199999.98144339767,-2.9103830456733704e-11,299999.9823165126,0.0001,293.15,-5.86521906346595e-14,1.0,1.0,1.0,1.0,1.0,1.0,293.15,1.0,POLISH,0.5510500184791901,293.18305376802107,1.0328916791899234e-09,1.2635690434567198e-09
degraded_ups_3s_interruption_during_dress,NO_CONNECTION,826,8.25,8.26,False,1.0,0.9999999999999998,GRID,500.0,1.0,False,188.4999996792773,0.00020000000816116484,199999.98231651259,-2.9103830456733704e-11,299999.9831896275,0.0001,293.15,-8.959471998939283e-13,1.0,1.0,1.0,1.0,1.0,1.0,293.15,1.0,POLISH,0.5510489163904834,293.18331053625406,1.0329779289757587e-09,1.2738988227464775e-09
degraded_ups_3s_interruption_during_dress,NO_CONNECTION,827,8.26,8.27,False,1.0,0.9999999999999998,GRID,500.0,1.0,False,188.49999969531342,0.00020000000775863627,199999.98318962753,0.0,299999.9840045348,0.0001,293.15,-5.417761763304109e-13,1.0,1.0,1.0,1.0,1.0,1.0,293.15,1.0,POLISH,0.5510478143034144,293.18356718122755,1.0330619758271818e-09,1.2842294425047492e-09
degraded_ups_3s_interruption_during_dress,NO_CONNECTION,828,8.27,8.28,False,1.0,0.9999999999999998,GRID,500.0,1.0,False,188.49999971054774,0.00020000000738351015,199999.9840045348,2.9103830456733704e-11,299999.9847612344,0.0001,293.15,-1.3109888012414385e-13,1.0,1.0,1.0,1.0,1.0,1.0,293.15,1.0,POLISH,0.5510467122180115,293.1838237029958,1.0331438755107536e-09,1.2945608812598568e-09
degraded_ups_3s_interruption_during_dress,NO_CONNECTION,829,8.28,8.290000000000001,False,1.0,0.9999999999999998,GRID,500.0,1.0,False,188.49999972502036,0.0002000000070358715,199999.98476123437,0.0,299999.98551793396,0.0001,293.15,-8.570873362163256e-13,1.0,1.0,1.0,1.0,1.0,1.0,293.15,1.0,POLISH,0.5510456101343015,293.18408010161346,1.0332236823645336e-09,1.3048931180835022e-09
degraded_ups_3s_interruption_during_dress,NO_CONNECTION,830,8.290000000000001,8.3,False,1.0,0.9999999999999998,GRID,500.0,1.0,False,188.49999973876933,0.00020000000668669724,199999.985517934,2.9103830456733704e-11,299999.9862164259,0.0001,293.15,-3.9135433500640914e-13,1.0,1.0,1.0,1.0,1.0,1.0,293.15,1.0,POLISH,0.5510445080523101,293.1843363771353,1.0333014493354871e-09,1.3152261325768572e-09
degraded_ups_3s_interruption_during_dress,NO_CONNECTION,831,8.3,8.31,False,1.0,0.9999999999999998,GRID,500.0,1.0,False,188.49999975183087,0.00020000000636516814,199999.98621642587,-2.9103830456733704e-11,299999.98685671017,0.0001,293.15,1.3112765105509343e-13,1.0,1.0,1.0,1.0,1.0,1.0,293.15,1.0,POLISH,0.5510434059720614,293.1845925296165,1.033377228015878e-09,1.325559904857016e-09
degraded_ups_3s_interruption_during_dress,NO_CONNECTION,832,8.31,8.32,False,1.0,0.9999999999999998,GRID,500.0,1.0,False,188.49999976423933,0.00020000000607135694,199999.98685671014,-2.9103830456733704e-11,299999.98749699444,0.0001,293.15,-4.828256815626181e-13,1.0,1.0,1.0,1.0,1.0,1.0,293.15,1.0,POLISH,0.5510423038935784,293.1848485591125,1.0334510686786687e-09,1.3358944155438027e-09
degraded_ups_3s_interruption_during_dress,NO_CONNECTION,833,8.32,8.33,False,1.0,0.9999999999999998,GRID,500.0,1.0,False,188.49999977602738,0.00020000000577622922,199999.98749699446,2.9103830456733704e-11,299999.98807907104,0.0001,293.15,9.516150617071913e-14,1.0,1.0,1.0,1.0,1.0,1.0,293.15,1.0,POLISH,0.5510412018168833,293.18510446567893,1.0335230203119625e-09,1.3462296457469224e-09
degraded_ups_3s_interruption_during_dress,NO_CONNECTION,834,8.33,8.34,False,1.0,0.9999999999999998,GRID,500.0,1.0,False,188.49999978722602,0.00020000000550895466,199999.98807907102,-2.9103830456733704e-11,299999.98866114765,0.0001,293.15,-4.631513570016114e-13,1.0,1.0,1.0,1.0,1.0,1.0,293.15,1.0,POLISH,0.5510400997419967,293.1853602493717,1.0335931306525107e-09,1.3565655770534474e-09
degraded_ups_3s_interruption_during_dress,NO_CONNECTION,835,8.34,8.35,False,1.0,0.9999999999999998,GRID,500.0,1.0,False,188.49999979786472,0.00020000000524049183,199999.98866114768,2.9103830456733704e-11,299999.9891850166,0.0001,293.15,1.7060456129411355e-13,1.0,1.0,1.0,1.0,1.0,1.0,293.15,1.0,POLISH,0.5510389976689385,293.1856159102469,1.0336614462183161e-09,1.3669021915156306e-09
degraded_ups_3s_interruption_during_dress,NO_CONNECTION,836,8.35,8.36,False,1.0,0.9999999999999998,GRID,500.0,1.0,False,188.49999980797148,0.00020000000500000406,199999.98918501657,-2.9103830456733704e-11,299999.98970888555,0.0001,293.15,-3.318176934391164e-13,1.0,1.0,1.0,1.0,1.0,1.0,293.15,1.0,POLISH,0.5510378955977273,293.18587144836084,1.0337280123403526e-09,1.377239471639034e-09
degraded_ups_3s_interruption_during_dress,NO_CONNECTION,837,8.36,8.370000000000001,False,1.0,0.9999999999999998,GRID,500.0,1.0,False,188.4999998175729,0.00020000000475844395,199999.98970888555,0.0,299999.99017454684,0.0001,293.15,3.579447751655277e-13,1.0,1.0,1.0,1.0,1.0,1.0,293.15,1.0,POLISH,0.5510367935283811,293.18612686376997,1.0337928731934352e-09,1.3875774003709683e-09
degraded_ups_3s_interruption_during_dress,NO_CONNECTION,838,8.370000000000001,8.38,False,1.0,0.9999999999999998,GRID,500.0,1.0,False,188.49999982669425,0.00020000000454496898,199999.99017454684,0.0,299999.9906402081,0.0001,293.15,-8.836082852816554e-14,1.0,1.0,1.0,1.0,1.0,1.0,293.15,1.0,POLISH,0.5510356914609168,293.186382156531,1.0338560718262558e-09,1.3979159610892309e-09
degraded_ups_3s_interruption_during_dress,NO_CONNECTION,839,8.38,8.39,False,1.0,0.9999999999999998,GRID,500.0,1.0,False,188.49999983535955,0.00020000000433052624,199999.9906402081,-2.9103830456733704e-11,299999.9911058694,0.0001,293.15,-5.356342181860737e-13,1.0,1.0,1.0,1.0,1.0,1.0,293.15,1.0,POLISH,0.5510345893953505,293.1866373267008,1.033917650190613e-09,1.408255137591137e-09
degraded_ups_3s_interruption_during_dress,NO_CONNECTION,840,8.39,8.4,False,1.0,0.9999999999999998,GRID,500.0,1.0,False,188.49999984359158,0.0002000000041151641,199999.99110586935,-5.820766091346741e-11,299999.9915715307,0.0001,293.15,-9.838269841811952e-13,1.0,1.0,1.0,1.0,1.0,1.0,293.15,1.0,POLISH,0.5510334873316977,293.1868923743363,1.0339776491698581e-09,1.4185949140828356e-09
degraded_ups_3s_interruption_during_dress,NO_CONNECTION,841,8.4,8.41,False,1.0,0.9999999999999998,GRID,500.0,1.0,False,188.499999851412,0.00020000000389892853,199999.9915715307,0.0,299999.99192077667,0.0001,293.15,9.5362088288909e-13,1.0,1.0,1.0,1.0,1.0,1.0,293.15,1.0,POLISH,0.5510323852699726,293.1871472994947,1.0340361086065817e-09,1.4289352751689014e-09
degraded_ups_3s_interruption_during_dress,NO_CONNECTION,842,8.41,8.42,False,1.0,0.9999999999999998,GRID,500.0,1.0,False,188.49999985884142,0.00020000000374007087,199999.9919207767,2.9103830456733704e-11,299999.99227002263,0.0001,293.15,6.201402439525225e-13,1.0,1.0,1.0,1.0,1.0,1.0,293.15,1.0,POLISH,0.5510312832101891,293.18740210223325,1.0340930673295555e-09,1.439276205842197e-09
degraded_ups_3s_interruption_during_dress,NO_CONNECTION,843,8.42,8.43,False,1.0,0.9999999999999998,GRID,500.0,1.0,False,188.49999986589935,0.00020000000358042497,199999.9922700226,-2.9103830456733704e-11,299999.9926192686,0.0001,293.15,2.858713629315038e-13,1.0,1.0,1.0,1.0,1.0,1.0,293.15,1.0,POLISH,0.5510301811523605,293.18765678260934,1.0341485631799577e-09,1.4496176914739966e-09
degraded_ups_3s_interruption_during_dress,NO_CONNECTION,844,8.43,8.44,False,1.0,0.9999999999999998,GRID,500.0,1.0,False,188.49999987260438,0.00020000000342003014,199999.9926192686,0.0,299999.99296851456,0.0001,293.15,-4.914645784521359e-14,1.0,1.0,1.0,1.0,1.0,1.0,293.15,1.0,POLISH,0.5510290790964991,293.1879113406805,1.0342026330369011e-09,1.4599597178043657e-09
degraded_ups_3s_interruption_during_dress,NO_CONNECTION,845,8.44,8.45,False,1.0,0.9999999999999998,GRID,500.0,1.0,False,188.49999987897417,0.00020000000325892396,199999.99296851453,-2.9103830456733704e-11,299999.9933177605,0.0001,293.15,-3.848756236672987e-13,1.0,1.0,1.0,1.0,1.0,1.0,293.15,1.0,POLISH,0.5510279770426169,293.1881657765044,1.0342553128422769e-09,1.4703022709327884e-09
degraded_ups_3s_interruption_during_dress,NO_CONNECTION,846,8.45,8.46,False,1.0,0.9999999999999998,GRID,500.0,1.0,False,188.49999988502546,0.00020000000309714188,199999.99331776056,2.9103830456733704e-11,299999.9936670065,0.0001,293.15,-7.212806811237113e-13,1.0,1.0,1.0,1.0,1.0,1.0,293.15,1.0,POLISH,0.5510268749907249,293.18842009013866,1.0343066376249428e-09,1.4806453373090377e-09
degraded_ups_3s_interruption_during_dress,NO_CONNECTION,847,8.46,8.47,False,1.0,0.9999999999999998,GRID,500.0,1.0,False,188.49999989077418,0.00020000000293471777,199999.9936670065,0.0,299999.9939580448,0.0001,293.15,1.3492927749495616e-13,1.0,1.0,1.0,1.0,1.0,1.0,293.15,1.0,POLISH,0.5510257729408339,293.18867428164117,1.0343566415242662e-09,1.4909889037242803e-09
degraded_ups_3s_interruption_during_dress,NO_CONNECTION,848,8.47,8.48,False,1.0,0.9999999999999998,GRID,500.0,1.0,False,188.49999989623547,0.00020000000280078758,199999.9939580448,0.0,299999.9942490831,0.0001,293.15,-1.4452006486063323e-13,1.0,1.0,1.0,1.0,1.0,1.0,293.15,1.0,POLISH,0.551024670892954,293.1889283510698,1.034405357813044e-09,1.5013329573024108e-09
degraded_ups_3s_interruption_during_dress,NO_CONNECTION,849,8.48,8.49,False,1.0,0.9999999999999998,GRID,500.0,1.0,False,188.49999990142368,0.00020000000266627788,199999.99424908307,-2.9103830456733704e-11,299999.99448191375,0.0001,293.15,7.687081266666284e-13,1.0,1.0,1.0,1.0,1.0,1.0,293.15,1.0,POLISH,0.551023568847095,293.18918229848254,1.0344528189198159e-09,1.511677485491609e-09
degraded_ups_3s_interruption_during_dress,NO_CONNECTION,850,8.49,8.5,False,1.0,0.9999999999999998,GRID,500.0,1.0,False,188.49999990635249,0.00020000000256032157,199999.99448191377,2.9103830456733704e-11,299999.9947147444,0.0001,293.15,5.463364992613211e-13,1.0,1.0,1.0,1.0,1.0,1.0,293.15,1.0,POLISH,0.5510224668032659,293.1894361239374,1.0344990564505879e-09,1.5220224760561149e-09
degraded_ups_3s_interruption_during_dress,NO_CONNECTION,851,8.5,8.51,False,1.0,0.9999999999999998,GRID,500.0,1.0,False,188.49999991103485,0.00020000000245384231,199999.9947147444,0.0,299999.99494757503,0.0001,293.15,3.2344192049064265e-13,1.0,1.0,1.0,1.0,1.0,1.0,293.15,1.0,POLISH,0.5510213647614756,293.1896898274926,1.0345441012099823e-09,1.5323679170682146e-09
degraded_ups_3s_interruption_during_dress,NO_CONNECTION,852,8.51,8.52,False,1.0,0.9999999999999998,GRID,500.0,1.0,False,188.4999999154831,0.00020000000234686628,199999.99494757503,0.0,299999.9951804057,0.0001,293.15,1.0005056028453131e-13,1.0,1.0,1.0,1.0,1.0,1.0,293.15,1.0,POLISH,0.5510202627217321,293.18994340920625,1.0345879832218285e-09,1.542713796900433e-09
degraded_ups_3s_interruption_during_dress,NO_CONNECTION,853,8.52,8.53,False,1.0,0.9999999999999998,GRID,500.0,1.0,False,188.49999991970896,0.0002000000022394183,199999.99518040565,-2.9103830456733704e-11,299999.9954132363,0.0001,293.15,-1.238127395747358e-13,1.0,1.0,1.0,1.0,1.0,1.0,293.15,1.0,POLISH,0.5510191606840434,293.19019686913657,1.0346307317492137e-09,1.553060104217925e-09
degraded_ups_3s_interruption_during_dress,NO_CONNECTION,854,8.53,8.540000000000001,False,1.0,0.9999999999999998,GRID,500.0,1.0,False,188.49999992372352,0.0002000000021315219,199999.99541323635,2.9103830456733704e-11,299999.99564606696,0.0001,293.15,-3.4812445190001577e-13,1.0,1.0,1.0,1.0,1.0,1.0,293.15,1.0,POLISH,0.551018058648417,293.1904502073419,1.0346723753140036e-09,1.5634068279710652e-09
degraded_ups_3s_interruption_during_dress,NO_CONNECTION,855,8.540000000000001,8.55,False,1.0,0.9999999999999998,GRID,500.0,1.0,False,188.49999992753735,0.0002000000020231996,199999.99564606696,0.0,299999.9958788976,0.0001,293.15,-5.728620794962295e-13,1.0,1.0,1.0,1.0,1.0,1.0,293.15,1.0,POLISH,0.5510169566148599,293.19070342388045,1.0347129417158535e-09,1.5737539573882237e-09
degraded_ups_3s_interruption_during_dress,NO_CONNECTION,856,8.55,8.56,False,1.0,0.9999999999999998,GRID,500.0,1.0,False,188.4999999311605,0.00020000000191447266,199999.9958788976,0.0,299999.99611172825,0.0001,293.15,-7.98004344895742e-13,1.0,1.0,1.0,1.0,1.0,1.0,293.15,1.0,POLISH,0.5510158545833789,293.1909565188107,1.034752458050716e-09,1.584101481968731e-09
degraded_ups_3s_interruption_during_dress,NO_CONNECTION,857,8.56,8.57,False,1.0,0.9999999999999998,GRID,500.0,1.0,False,188.49999993460247,0.00020000000180536126,199999.99611172825,0.0,299999.99628635123,0.0001,293.15,1.6972598511095338e-13,1.0,1.0,1.0,1.0,1.0,1.0,293.15,1.0,POLISH,0.5510147525539804,293.19120949219104,1.0347909507288673e-09,1.5944493914760196e-09
degraded_ups_3s_interruption_during_dress,NO_CONNECTION,858,8.57,8.58,False,1.0,0.9999999999999998,GRID,500.0,1.0,False,188.49999993787236,0.00020000000172498854,199999.9962863512,-2.9103830456733704e-11,299999.9964609742,0.0001,293.15,2.0417727838309448e-15,1.0,1.0,1.0,1.0,1.0,1.0,293.15,1.0,POLISH,0.5510136505266703,293.1914623440798,1.034828445492461e-09,1.6047976759309442e-09
degraded_ups_3s_interruption_during_dress,NO_CONNECTION,859,8.58,8.59,False,1.0,0.9999999999999998,GRID,500.0,1.0,False,188.49999994097874,0.00020000000164426885,199999.99646097422,0.0,299999.9966355972,0.0001,293.15,-1.6598941134354117e-13,1.0,1.0,1.0,1.0,1.0,1.0,293.15,1.0,POLISH,0.5510125485014545,293.1917150745356,1.0348649674326184e-09,1.6151463256052704e-09
degraded_ups_3s_interruption_during_dress,NO_CONNECTION,860,8.59,8.6,False,1.0,0.9999999999999998,GRID,500.0,1.0,False,188.4999999439298,0.0002000000015632195,199999.9966355972,0.0,299999.9968102202,0.0001,293.15,-3.343502471414575e-13,1.0,1.0,1.0,1.0,1.0,1.0,293.15,1.0,POLISH,0.5510114464783386,293.1919676836168,1.034900541006079e-09,1.6254953310153312e-09
degraded_ups_3s_interruption_during_dress,NO_CONNECTION,861,8.6,8.61,False,1.0,0.9999999999999998,GRID,500.0,1.0,False,188.4999999467333,0.00020000000148185713,199999.99681022018,0.0,299999.9969266355,0.0001,293.15,6.902329342849469e-13,1.0,1.0,1.0,1.0,1.0,1.0,293.15,1.0,POLISH,0.5510103444573277,293.1922201713819,1.0349351900514107e-09,1.6358446829158453e-09
degraded_ups_3s_interruption_during_dress,NO_CONNECTION,862,8.61,8.620000000000001,False,1.0,0.9999999999999998,GRID,500.0,1.0,False,188.49999994939665,0.00020000000142930113,199999.9969266355,0.0,299999.9970430508,0.0001,293.15,5.794692818032048e-13,1.0,1.0,1.0,1.0,1.0,1.0,293.15,1.0,POLISH,0.5510092424384266,293.19247253788944,1.0349689378047998e-09,1.6461943722938933e-09
degraded_ups_3s_interruption_during_dress,NO_CONNECTION,863,8.620000000000001,8.63,False,1.0,0.9999999999999998,GRID,500.0,1.0,False,188.4999999519268,0.00020000000137646248,199999.99704305083,0.0,299999.99715946615,0.0001,293.15,4.684229642625686e-13,1.0,1.0,1.0,1.0,1.0,1.0,293.15,1.0,POLISH,0.5510081404216403,293.192724783198,1.0350018069154303e-09,1.6565443903630476e-09
degraded_ups_3s_interruption_during_dress,NO_CONNECTION,864,8.63,8.64,False,1.0,0.9999999999999998,GRID,500.0,1.0,False,188.49999995433046,0.00020000000132335542,199999.99715946615,0.0,299999.99727588147,0.0001,293.15,3.571082389216065e-13,1.0,1.0,1.0,1.0,1.0,1.0,293.15,1.0,POLISH,0.5510070384069731,293.1929769073661,1.0350338194604596e-09,1.6668947285576522e-09
degraded_ups_3s_interruption_during_dress,NO_CONNECTION,865,8.64,8.65,False,1.0,0.9999999999999998,GRID,500.0,1.0,False,188.49999995661395,0.00020000000126999334,199999.99727588147,0.0,299999.9973922968,0.0001,293.15,2.4553850922967575e-13,1.0,1.0,1.0,1.0,1.0,1.0,293.15,1.0,POLISH,0.5510059363944292,293.1932289104522,1.035064996959609e-09,1.6772453785272482e-09
degraded_ups_3s_interruption_during_dress,NO_CONNECTION,866,8.65,8.66,False,1.0,0.9999999999999998,GRID,500.0,1.0,False,188.49999995878326,0.00020000000121638903,199999.99739229676,-2.9103830456733704e-11,299999.9975087121,0.0001,293.15,1.3372652811483027e-13,1.0,1.0,1.0,1.0,1.0,1.0,293.15,1.0,POLISH,0.5510048343840127,293.19348079251495,1.0350953603893718e-09,1.687596332131142e-09
degraded_ups_3s_interruption_during_dress,NO_CONNECTION,867,8.66,8.67,False,1.0,0.9999999999999998,GRID,500.0,1.0,False,188.4999999608441,0.0002000000011625545,199999.9975087121,0.0,299999.99762512743,0.0001,293.15,2.1684330221184663e-14,1.0,1.0,1.0,1.0,1.0,1.0,293.15,1.0,POLISH,0.5510037323757274,293.1937325536129,1.035124930196856e-09,1.6979475814331106e-09
degraded_ups_3s_interruption_during_dress,NO_CONNECTION,868,8.67,8.68,False,1.0,0.9999999999999998,GRID,500.0,1.0,False,188.4999999628019,0.00020000000110850127,199999.99762512746,2.9103830456733704e-11,299999.99774154276,0.0001,293.15,-9.057655125065128e-14,1.0,1.0,1.0,1.0,1.0,1.0,293.15,1.0,POLISH,0.551002630369577,293.19398419380457,1.0351537263132622e-09,1.7082991186962432e-09
degraded_ups_3s_interruption_during_dress,NO_CONNECTION,869,8.68,8.69,False,1.0,0.9999999999999998,GRID,500.0,1.0,False,188.4999999646618,0.00020000000105424042,199999.99774154276,0.0,299999.9978579581,0.0001,293.15,-2.030450574385182e-13,1.0,1.0,1.0,1.0,1.0,1.0,293.15,1.0,POLISH,0.5510015283655648,293.1942357131485,1.0351817681670202e-09,1.7186509363779133e-09
degraded_ups_3s_interruption_during_dress,NO_CONNECTION,870,8.69,8.700000000000001,False,1.0,0.9999999999999998,GRID,500.0,1.0,False,188.49999996642873,0.00020000000099978222,199999.99785795805,-2.9103830456733704e-11,299999.9979743734,0.0001,293.15,-3.1571092907935893e-13,1.0,1.0,1.0,1.0,1.0,1.0,293.15,1.0,POLISH,0.5510004263636943,293.19448711170327,1.0352090746965795e-09,1.7290030271248792e-09
degraded_ups_3s_interruption_during_dress,NO_CONNECTION,871,8.700000000000001,8.71,False,1.0,0.9999999999999998,GRID,500.0,1.0,False,188.4999999681073,0.00020000000094513645,199999.99797437337,-2.9103830456733704e-11,299999.9980907887,0.0001,293.15,-4.285643541435125e-13,1.0,1.0,1.0,1.0,1.0,1.0,293.15,1.0,POLISH,0.5509993243639684,293.1947383895274,1.0352356643628702e-09,1.7393553837685079e-09
degraded_ups_3s_interruption_during_dress,NO_CONNECTION,872,8.71,8.72,False,1.0,0.9999999999999998,GRID,500.0,1.0,False,188.49999996970192,0.00020000000089031263,199999.99809078872,0.0,299999.99820720404,0.0001,293.15,-5.415958323094425e-13,1.0,1.0,1.0,1.0,1.0,1.0,293.15,1.0,POLISH,0.5509982223663902,293.19498954667944,1.0352615551614437e-09,1.7497079993201224e-09
degraded_ups_3s_interruption_during_dress,NO_CONNECTION,873,8.72,8.73,False,1.0,0.9999999999999998,GRID,500.0,1.0,False,188.49999997121682,0.00020000000083531962,199999.99820720404,0.0,299999.99832361937,0.0001,293.15,-6.54796513776916e-13,1.0,1.0,1.0,1.0,1.0,1.0,293.15,1.0,POLISH,0.5509971203709624,293.19524058321787,1.0352867646342985e-09,1.7600608669664654e-09
degraded_ups_3s_interruption_during_dress,NO_CONNECTION,874,8.73,8.74,False,1.0,0.9999999999999998,GRID,500.0,1.0,False,188.49999997265598,0.0002000000007801659,199999.99832361934,-2.9103830456733704e-11,299999.9984400347,0.0001,293.15,-7.681578875588791e-13,1.0,1.0,1.0,1.0,1.0,1.0,293.15,1.0,POLISH,0.5509960183776877,293.19549149920124,1.0353113098814008e-09,1.7704139800652795e-09
degraded_ups_3s_interruption_during_dress,NO_CONNECTION,875,8.74,8.75,False,1.0,0.9999999999999998,GRID,500.0,1.0,False,188.49999997402318,0.00020000000072485942,199999.9984400347,0.0,299999.99855645,0.0001,293.15,-8.816720254269453e-13,1.0,1.0,1.0,1.0,1.0,1.0,293.15,1.0,POLISH,0.5509949163865688,293.19574229468805,1.0353352075719081e-09,1.7807673321409985e-09
degraded_ups_3s_interruption_during_dress,NO_CONNECTION,876,8.75,8.76,False,1.0,0.9999999999999998,GRID,500.0,1.0,False,188.49999997532203,0.00020000000066940795,199999.99855645,0.0,299999.99867286533,0.0001,293.15,-9.953311482305272e-13,1.0,1.0,1.0,1.0,1.0,1.0,293.15,1.0,POLISH,0.550993814397608,293.1959929697367,1.0353584739551042e-09,1.7911209168805496e-09
degraded_ups_3s_interruption_during_dress,NO_CONNECTION,877,8.76,8.77,False,1.0,0.9999999999999998,GRID,500.0,1.0,False,188.49999997655593,0.00020000000061381863,199999.99867286536,2.9103830456733704e-11,299999.998731073,0.0001,293.15,8.412891260370367e-14,1.0,1.0,1.0,1.0,1.0,1.0,293.15,1.0,POLISH,0.5509927124108075,293.19624352440576,1.0353811248710528e-09,1.80147472812926e-09
degraded_ups_3s_interruption_during_dress,NO_CONNECTION,878,8.77,8.78,False,1.0,0.9999999999999998,GRID,500.0,1.0,False,188.49999997772812,0.00020000000058720223,199999.998731073,0.0,299999.99878928065,0.0001,293.15,2.8408672983482017e-14,1.0,1.0,1.0,1.0,1.0,1.0,293.15,1.0,POLISH,0.5509916104261696,293.1964939587536,1.0354031757609747e-09,1.8118287598868698e-09
degraded_ups_3s_interruption_during_dress,NO_CONNECTION,879,8.78,8.790000000000001,False,1.0,0.9999999999999998,GRID,500.0,1.0,False,188.4999999788417,0.00020000000056046146,199999.99878928062,-2.9103830456733704e-11,299999.9988474883,0.0001,293.15,-2.743591107339657e-14,1.0,1.0,1.0,1.0,1.0,1.0,293.15,1.0,POLISH,0.5509905084436963,293.19674427283866,1.0354246416773615e-09,1.8221830063036435e-09
degraded_ups_3s_interruption_during_dress,NO_CONNECTION,880,8.790000000000001,8.8,False,1.0,0.9999999999999998,GRID,500.0,1.0,False,188.49999997989963,0.00020000000053360255,199999.9988474883,0.0,299999.998905696,0.0001,293.15,-8.339865961454892e-14,1.0,1.0,1.0,1.0,1.0,1.0,293.15,1.0,POLISH,0.5509894064633897,293.19699446671933,1.0354455372938277e-09,1.8325374616765818e-09
degraded_ups_3s_interruption_during_dress,NO_CONNECTION,881,8.8,8.81,False,1.0,0.9999999999999998,GRID,500.0,1.0,False,188.49999998090465,0.00020000000050663137,199999.99890569595,-2.9103830456733704e-11,299999.99896390364,0.0001,293.15,-1.3947367729066215e-13,1.0,1.0,1.0,1.0,1.0,1.0,293.15,1.0,POLISH,0.5509883044852515,293.19724454045405,1.0354658769147094e-09,1.842892120445729e-09
degraded_ups_3s_interruption_during_dress,NO_CONNECTION,882,8.81,8.82,False,1.0,0.9999999999999998,GRID,500.0,1.0,False,188.49999998185942,0.00020000000047955358,199999.99896390366,2.9103830456733704e-11,299999.9990221113,0.0001,293.15,-1.9565528559285785e-13,1.0,1.0,1.0,1.0,1.0,1.0,293.15,1.0,POLISH,0.5509872025092835,293.19749449410114,1.0354856744844185e-09,1.853246977190573e-09
degraded_ups_3s_interruption_during_dress,NO_CONNECTION,883,8.82,8.83,False,1.0,0.9999999999999998,GRID,500.0,1.0,False,188.49999998276644,0.00020000000045237445,199999.99902211133,2.9103830456733704e-11,299999.9990221113,0.0001,293.15,9.413188002509176e-13,1.0,1.0,1.0,1.0,1.0,1.0,293.15,1.0,POLISH,0.5509861005354874,293.1977443277189,1.0355049435965535e-09,1.8636020266265385e-09
degraded_ups_3s_interruption_during_dress,NO_CONNECTION,884,8.83,8.84,False,1.0,0.9999999999999998,GRID,500.0,1.0,False,188.49999998362813,0.00020000000045420298,199999.9990221113,0.0,299999.9990221113,0.0001,293.15,9.431473343198687e-13,1.0,1.0,1.0,1.0,1.0,1.0,293.15,1.0,POLISH,0.5509849985638647,293.1979940413657,1.0355236975027834e-09,1.873957263601566e-09
degraded_ups_3s_interruption_during_dress,NO_CONNECTION,885,8.84,8.85,False,1.0,0.9999999999999998,GRID,500.0,1.0,False,188.49999998444673,0.0002000000004559401,199999.9990221113,0.0,299999.9990221113,0.0001,293.15,9.44884443040625e-13,1.0,1.0,1.0,1.0,1.0,1.0,293.15,1.0,POLISH,0.5509838965944172,293.1982436350998,1.0355419491214942e-09,1.884312683092781e-09
degraded_ups_3s_interruption_during_dress,NO_CONNECTION,886,8.85,8.86,False,1.0,0.9999999999999998,GRID,500.0,1.0,False,188.4999999852244,0.00020000000045759033,199999.9990221113,0.0,299999.9990221113,0.0001,293.15,9.465346800623109e-13,1.0,1.0,1.0,1.0,1.0,1.0,293.15,1.0,POLISH,0.550982794627146,293.19849310897945,1.0355597110462255e-09,1.8946682802032435e-09
degraded_ups_3s_interruption_during_dress,NO_CONNECTION,887,8.86,8.870000000000001,False,1.0,0.9999999999999998,GRID,500.0,1.0,False,188.4999999859632,0.00020000000045915803,199999.9990221113,0.0,299999.9990221113,0.0001,293.15,9.481023821936163e-13,1.0,1.0,1.0,1.0,1.0,1.0,293.15,1.0,POLISH,0.5509816926620528,293.1987424630629,1.0355769955538806e-09,1.9050240501587824e-09
degraded_ups_3s_interruption_during_dress,NO_CONNECTION,888,8.870000000000001,8.88,False,1.0,0.9999999999999998,GRID,500.0,1.0,False,188.49999998666505,0.0002000000004606474,199999.99902211127,-2.9103830456733704e-11,299999.9990221113,0.0001,293.15,9.495917507179596e-13,1.0,1.0,1.0,1.0,1.0,1.0,293.15,1.0,POLISH,0.5509805906991386,293.19899169740836,1.0355938146127354e-09,1.91537998830491e-09
degraded_ups_3s_interruption_during_dress,NO_CONNECTION,889,8.88,8.89,False,1.0,0.9999999999999998,GRID,500.0,1.0,False,188.4999999873318,0.0002000000004620622,199999.99902211133,2.9103830456733704e-11,299999.9990221113,0.0001,293.15,9.510065532378903e-13,1.0,1.0,1.0,1.0,1.0,1.0,293.15,1.0,POLISH,0.5509794887384049,293.199240812074,1.0356101798902353e-09,1.925736090103812e-09
degraded_ups_3s_interruption_during_dress,NO_CONNECTION,890,8.89,8.9,False,1.0,0.9999999999999998,GRID,500.0,1.0,False,188.4999999879652,0.00020000000046340631,199999.99902211124,-5.820766091346741e-11,299999.9990221113,0.0001,293.15,9.523506657761749e-13,1.0,1.0,1.0,1.0,1.0,1.0,293.15,1.0,POLISH,0.5509783867798526,293.1994898071179,1.035626102760601e-09,1.936092351131418e-09
degraded_ups_3s_interruption_during_dress,NO_CONNECTION,891,8.9,8.91,False,1.0,0.9999999999999998,GRID,500.0,1.0,False,188.49999998856694,0.0002000000004646832,199999.99902211133,2.9103830456733704e-11,299999.9990221113,0.0001,293.15,9.536275577797654e-13,1.0,1.0,1.0,1.0,1.0,1.0,293.15,1.0,POLISH,0.550977284823483,293.1997386825983,1.0356415943122305e-09,1.9464487670745402e-09
degraded_ups_3s_interruption_during_dress,NO_CONNECTION,892,8.91,8.92,False,1.0,0.9999999999999998,GRID,500.0,1.0,False,188.4999999891386,0.00020000000046589624,199999.9990221113,0.0,299999.9990221113,0.0001,293.15,9.548405902753965e-13,1.0,1.0,1.0,1.0,1.0,1.0,293.15,1.0,POLISH,0.5509761828692971,293.1999874385732,1.0356566653549217e-09,1.9568053337280894e-09
degraded_ups_3s_interruption_during_dress,NO_CONNECTION,893,8.92,8.93,False,1.0,0.9999999999999998,GRID,500.0,1.0,False,188.49999998968167,0.00020000000046704872,199999.9990221113,0.0,299999.9990221113,0.0001,293.15,9.559930700796943e-13,1.0,1.0,1.0,1.0,1.0,1.0,293.15,1.0,POLISH,0.5509750809172959,293.2002360751007,1.0356713264269035e-09,1.9671620469923584e-09
degraded_ups_3s_interruption_during_dress,NO_CONNECTION,894,8.93,8.94,False,1.0,0.9999999999999998,GRID,500.0,1.0,False,188.49999999019758,0.00020000000046814346,199999.9990221113,0.0,299999.9990221113,0.0001,293.15,9.570878161183072e-13,1.0,1.0,1.0,1.0,1.0,1.0,293.15,1.0,POLISH,0.5509739789674803,293.20048459223875,1.0356855878016924e-09,1.977518902870375e-09
degraded_ups_3s_interruption_during_dress,NO_CONNECTION,895,8.94,8.950000000000001,False,1.0,0.9999999999999998,GRID,500.0,1.0,False,188.4999999906877,0.00020000000046918354,199999.9990221113,0.0,299999.9990221113,0.0001,293.15,9.581278912623725e-13,1.0,1.0,1.0,1.0,1.0,1.0,293.15,1.0,POLISH,0.5509728770198514,293.2007329900454,1.0356994594947725e-09,1.987875897465323e-09
degraded_ups_3s_interruption_during_dress,NO_CONNECTION,896,8.950000000000001,8.96,False,1.0,0.9999999999999998,GRID,500.0,1.0,False,188.49999999115332,0.00020000000047017152,199999.99902211135,5.820766091346741e-11,299999.9990221113,0.0001,293.15,9.5911587049205e-13,1.0,1.0,1.0,1.0,1.0,1.0,293.15,1.0,POLISH,0.55097177507441,293.2009812685787,1.035712951270104e-09,1.998233026978024e-09
degraded_ups_3s_interruption_during_dress,NO_CONNECTION,897,8.96,8.97,False,1.0,0.9999999999999998,GRID,500.0,1.0,False,188.49999999159564,0.00020000000047111017,199999.9990221113,0.0,299999.9990221113,0.0001,293.15,9.600545185228793e-13,1.0,1.0,1.0,1.0,1.0,1.0,293.15,1.0,POLISH,0.5509706731311568,293.2012294278964,1.0357260726464715e-09,2.008590287704489e-09
degraded_ups_3s_interruption_during_dress,NO_CONNECTION,898,8.97,8.98,False,1.0,0.9999999999999998,GRID,500.0,1.0,False,188.49999999201586,0.00020000000047200184,199999.9990221113,0.0,299999.9990221113,0.0001,293.15,9.609461934945857e-13,1.0,1.0,1.0,1.0,1.0,1.0,293.15,1.0,POLISH,0.5509695711900926,293.2014774680565,1.0357388329036618e-09,2.0189476760335254e-09
degraded_ups_3s_interruption_during_dress,NO_CONNECTION,899,8.98,8.99,False,1.0,0.9999999999999998,GRID,500.0,1.0,False,188.49999999241507,0.000200000000472849,199999.99902211127,-2.9103830456733704e-11,299999.9990221113,0.0001,293.15,9.617933619671115e-13,1.0,1.0,1.0,1.0,1.0,1.0,293.15,1.0,POLISH,0.5509684692512182,293.20172538911686,1.0357512410884942e-09,2.0293051884444105e-09
degraded_ups_3s_interruption_during_dress,NO_CONNECTION,900,8.99,9.0,False,1.0,0.9999999999999998,GRID,500.0,1.0,False,188.49999999279433,0.00020000000047365379,199999.99902211127,-2.9103830456733704e-11,299999.9990221113,0.0001,293.15,9.625981381346932e-13,1.0,1.0,1.0,1.0,1.0,1.0,293.15,1.0,POLISH,0.5509673673145343,293.2019731911353,1.0357633060206899e-09,2.0396628215046173e-09
degraded_ups_3s_interruption_during_dress,DRESSING_WATER_SUPPORT,1,0.0,0.01,False,1.0,1.0,GRID,500.0,1.0,False,188.49995111039513,0.00020000082829812828,199998.13591130078,0.0,299998.2218258083,0.0001,293.15,-9.049260353641732e-13,1.0,1.0,1.0,1.0,1.0,1.0,293.15,1.0,DRESS,0.50009,293.15,0.0,0.0
degraded_ups_3s_interruption_during_dress,DRESSING_WATER_SUPPORT,2,0.01,0.02,False,1.0,1.0,GRID,500.0,1.0,False,188.49995355487536,0.000200000790528252,199998.22182580832,2.9103830456733704e-11,299998.30378219485,0.0001,293.15,-4.90576754566549e-13,1.0,1.0,1.0,1.0,1.0,1.0,293.15,1.0,DRESS,0.5001799837820032,293.15,0.0,0.0
degraded_ups_3s_interruption_during_dress,DRESSING_WATER_SUPPORT,3,0.02,0.03,False,1.0,1.0,GRID,500.0,1.0,False,188.49995587713158,0.00020000075447806147,199998.30378219482,-2.9103830456733704e-11,299998.38195508346,0.0001,293.15,4.274760395925176e-14,1.0,1.0,1.0,1.0,1.0,1.0,293.15,1.0,DRESS,0.5002699513489355,293.15,0.0,0.0
degraded_ups_3s_interruption_during_dress,DRESSING_WATER_SUPPORT,4,0.03,0.04,False,1.0,1.0,GRID,500.0,1.0,False,188.499958083275,0.00020000072007321434,199998.3819550835,2.9103830456733704e-11,299998.4565190971,0.0001,293.15,5.333931874743185e-13,1.0,1.0,1.0,1.0,1.0,1.0,293.15,1.0,DRESS,0.5003599027037219,293.15,0.0,0.0
degraded_ups_3s_interruption_during_dress,DRESSING_WATER_SUPPORT,5,0.04,0.05,False,1.0,1.0,GRID,500.0,1.0,False,188.49996017911124,0.00020000068723871993,199998.45651909706,-2.9103830456733704e-11,299998.5276488587,0.0001,293.15,8.190578445511165e-13,1.0,1.0,1.0,1.0,1.0,1.0,293.15,1.0,DRESS,0.5004498378492871,293.15,0.0,0.0
degraded_ups_3s_interruption_during_dress,DRESSING_WATER_SUPPORT,6,0.05,0.06,False,1.0,1.0,GRID,500.0,1.0,False,188.49996217015567,0.00020000065589897146,199998.5276488587,-2.9103830456733704e-11,299998.59551899135,0.0001,293.15,7.368232716672808e-13,1.0,1.0,1.0,1.0,1.0,1.0,293.15,1.0,DRESS,0.5005397567885552,293.15,0.0,0.0
degraded_ups_3s_interruption_during_dress,DRESSING_WATER_SUPPORT,7,0.06,0.07,False,1.0,1.0,GRID,500.0,1.0,False,188.4999640616479,0.00020000062597777684,199998.59551899135,0.0,299998.66030411795,0.0001,293.15,1.2318592652005916e-13,1.0,1.0,1.0,1.0,1.0,1.0,293.15,1.0,DRESS,0.5006296595244499,293.15,0.0,0.0
degraded_ups_3s_interruption_during_dress,DRESSING_WATER_SUPPORT,8,0.07,0.08,False,1.0,1.0,GRID,500.0,1.0,False,188.4999658585655,0.00020000059739838798,199998.66030411798,2.9103830456733704e-11,299998.72212065384,0.0001,293.15,7.343260114445962e-15,1.0,1.0,1.0,1.0,1.0,1.0,293.15,1.0,DRESS,0.5007195460598943,293.15,0.0,0.0
degraded_ups_3s_interruption_during_dress,DRESSING_WATER_SUPPORT,9,0.08,0.09,False,1.0,1.0,GRID,500.0,1.0,False,188.49996756563723,0.00020000057011263246,199998.72212065384,0.0,299998.78108501434,0.0001,293.15,2.829151713248024e-13,1.0,1.0,1.0,1.0,1.0,1.0,293.15,1.0,DRESS,0.5008094163978108,293.15,0.0,0.0
degraded_ups_3s_interruption_during_dress,DRESSING_WATER_SUPPORT,10,0.09,0.1,False,1.0,1.0,GRID,500.0,1.0,False,188.49996918735536,0.00020000054407183582,199998.78108501434,0.0,299998.8373136148,0.0001,293.15,8.43019573419629e-13,1.0,1.0,1.0,1.0,1.0,1.0,293.15,1.0,DRESS,0.5008992705411216,293.15,0.0,0.0
degraded_ups_3s_interruption_during_dress,DRESSING_WATER_SUPPORT,11,0.1,0.11,False,1.0,1.0,GRID,500.0,1.0,False,188.4999707279876,0.00020000051922684726,199998.8373136148,0.0,299998.89098107815,0.0001,293.15,3.8704094128860966e-13,1.0,1.0,1.0,1.0,1.0,1.0,293.15,1.0,DRESS,0.5009891084927481,293.15,0.0,0.0
degraded_ups_3s_interruption_during_dress,DRESSING_WATER_SUPPORT,12,0.11,0.12,False,1.0,1.0,GRID,500.0,1.0,False,188.49997219158823,0.00020000049549895912,199998.89098107818,2.9103830456733704e-11,299998.94220381975,0.0001,293.15,-5.778283396475709e-14,1.0,1.0,1.0,1.0,1.0,1.0,293.15,1.0,DRESS,0.5010789302556113,293.15,0.0,0.0
degraded_ups_3s_interruption_during_dress,DRESSING_WATER_SUPPORT,13,0.12,0.13,False,1.0,1.0,GRID,500.0,1.0,False,188.4999735820088,0.00020000047283813736,199998.94220381975,0.0,299998.9910982549,0.0001,293.15,-5.99693455701322e-13,1.0,1.0,1.0,1.0,1.0,1.0,293.15,1.0,DRESS,0.5011687358326317,293.15,0.0,0.0
degraded_ups_3s_interruption_during_dress,DRESSING_WATER_SUPPORT,14,0.13,0.14,False,1.0,1.0,GRID,500.0,1.0,False,188.49997490290838,0.00020000045119393932,199998.99109825492,0.0,299999.0377225913,0.0001,293.15,-1.5408418247914462e-13,1.0,1.0,1.0,1.0,1.0,1.0,293.15,1.0,DRESS,0.5012585252267291,293.15,0.0,0.0
degraded_ups_3s_interruption_during_dress,DRESSING_WATER_SUPPORT,15,0.14,0.15,False,1.0,1.0,GRID,500.0,1.0,False,188.49997615776294,0.0002000004305446376,199999.0377225913,0.0,299999.08219324425,0.0001,293.15,3.495671254624316e-14,1.0,1.0,1.0,1.0,1.0,1.0,293.15,1.0,DRESS,0.5013482984408228,293.15,0.0,0.0
degraded_ups_3s_interruption_during_dress,DRESSING_WATER_SUPPORT,16,0.15,0.16,False,1.0,1.0,GRID,500.0,1.0,False,188.4999773498748,0.00020000041083903262,199999.08219324428,2.9103830456733704e-11,299999.12462662905,0.0001,293.15,-1.4197803197870254e-13,1.0,1.0,1.0,1.0,1.0,1.0,293.15,1.0,DRESS,0.5014380554778319,293.15,0.0,0.0
degraded_ups_3s_interruption_during_dress,DRESSING_WATER_SUPPORT,17,0.16,0.17,False,1.0,1.0,GRID,500.0,1.0,False,188.49997848238107,0.00020000039202557404,199999.12462662905,0.0,299999.16513916105,0.0001,293.15,-7.946464032583145e-13,1.0,1.0,1.0,1.0,1.0,1.0,293.15,1.0,DRESS,0.5015277963406747,293.15,0.0,0.0
degraded_ups_3s_interruption_during_dress,DRESSING_WATER_SUPPORT,18,0.17,0.18,False,1.0,1.0,GRID,500.0,1.0,False,188.49997955826203,0.00020000037405237873,199999.16513916108,2.9103830456733704e-11,299999.2037890479,0.0001,293.15,-8.398821444095437e-13,1.0,1.0,1.0,1.0,1.0,1.0,293.15,1.0,DRESS,0.5016175210322689,293.15,0.0,0.0
degraded_ups_3s_interruption_during_dress,DRESSING_WATER_SUPPORT,19,0.18,0.19,False,1.0,1.0,GRID,500.0,1.0,False,188.49998058034893,0.0002000003568963511,199999.2037890479,0.0,299999.2405762896,0.0001,293.15,8.633723559214895e-13,1.0,1.0,1.0,1.0,1.0,1.0,293.15,1.0,DRESS,0.5017072295555317,293.15,0.0,0.0
degraded_ups_3s_interruption_during_dress,DRESSING_WATER_SUPPORT,20,0.19,0.2,False,1.0,1.0,GRID,500.0,1.0,False,188.49998155133147,0.0002000003405631989,199999.2405762896,0.0,299999.2757337168,0.0001,293.15,-4.5220332036203095e-13,1.0,1.0,1.0,1.0,1.0,1.0,293.15,1.0,DRESS,0.5017969219133801,293.15,0.0,0.0
degraded_ups_3s_interruption_during_dress,DRESSING_WATER_SUPPORT,21,0.2,0.21,False,1.0,1.0,GRID,500.0,1.0,False,188.4999824737649,0.00020000032494192955,199999.2757337168,0.0,299999.3092613295,0.0001,293.15,-2.4098892261075216e-13,1.0,1.0,1.0,1.0,1.0,1.0,293.15,1.0,DRESS,0.5018865981087302,293.15,0.0,0.0
degraded_ups_3s_interruption_during_dress,DRESSING_WATER_SUPPORT,22,0.21,0.22,False,1.0,1.0,GRID,500.0,1.0,False,188.49998335007666,0.0002000003100376942,199999.3092613295,2.9103830456733704e-11,299999.341275543,0.0001,293.15,-8.843473371135391e-13,1.0,1.0,1.0,1.0,1.0,1.0,293.15,1.0,DRESS,0.5019762581444976,293.15,0.0,0.0
degraded_ups_3s_interruption_during_dress,DRESSING_WATER_SUPPORT,23,0.22,0.23,False,1.0,1.0,GRID,500.0,1.0,False,188.49998418257283,0.00020000029579717897,199999.34127554297,0.0,299999.3717763573,0.0001,293.15,-1.0728606154519466e-13,1.0,1.0,1.0,1.0,1.0,1.0,293.15,1.0,DRESS,0.5020659020235977,293.15,0.0,0.0
degraded_ups_3s_interruption_during_dress,DRESSING_WATER_SUPPORT,24,0.23,0.24,False,1.0,1.0,GRID,500.0,1.0,False,188.49998497344419,0.0002000002822250329,199999.37177635735,5.820766091346741e-11,299999.40088018775,0.0001,293.15,-2.9167011687813993e-13,1.0,1.0,1.0,1.0,1.0,1.0,293.15,1.0,DRESS,0.502155529748945,293.15,0.0,0.0
degraded_ups_3s_interruption_during_dress,DRESSING_WATER_SUPPORT,25,0.24,0.25,False,1.0,1.0,GRID,500.0,1.0,False,188.499985724772,0.000200000269267465,199999.4008801878,5.820766091346741e-11,299999.42858703434,0.0001,293.15,8.370159231517708e-13,1.0,1.0,1.0,1.0,1.0,1.0,293.15,1.0,DRESS,0.5022451413234535,293.15,0.0,0.0
degraded_ups_3s_interruption_during_dress,DRESSING_WATER_SUPPORT,26,0.25,0.26,False,1.0,1.0,GRID,500.0,1.0,False,188.4999864385334,0.0002000002569286709,199999.4285870343,-5.820766091346741e-11,299999.4550133124,0.0001,293.15,8.964535971184254e-13,1.0,1.0,1.0,1.0,1.0,1.0,293.15,1.0,DRESS,0.502334736750037,293.15,0.0,0.0
degraded_ups_3s_interruption_during_dress,DRESSING_WATER_SUPPORT,27,0.26,0.27,False,1.0,1.0,GRID,500.0,1.0,False,188.49998711660672,0.00020000024515442886,199999.4550133124,0.0,299999.48027543724,0.0001,293.15,-2.2578648857256728e-13,1.0,1.0,1.0,1.0,1.0,1.0,293.15,1.0,DRESS,0.5024243160316085,293.15,0.0,0.0
degraded_ups_3s_interruption_during_dress,DRESSING_WATER_SUPPORT,28,0.27,0.28,False,1.0,1.0,GRID,500.0,1.0,False,188.49998776077638,0.00020000023389031817,199999.4802754372,-2.9103830456733704e-11,299999.50437340885,0.0001,293.15,-2.5581862583136824e-13,1.0,1.0,1.0,1.0,1.0,1.0,293.15,1.0,DRESS,0.5025138791710805,293.15,0.0,0.0
degraded_ups_3s_interruption_during_dress,DRESSING_WATER_SUPPORT,29,0.28,0.29,False,1.0,1.0,GRID,500.0,1.0,False,188.49998837273756,0.0002000002231399359,199999.50437340885,0.0,299999.52730722725,0.0001,293.15,8.099542699946803e-13,1.0,1.0,1.0,1.0,1.0,1.0,293.15,1.0,DRESS,0.502603426171365,293.15,0.0,0.0
degraded_ups_3s_interruption_during_dress,DRESSING_WATER_SUPPORT,30,0.29,0.3,False,1.0,1.0,GRID,500.0,1.0,False,188.49998895410067,0.00020000021290669958,199999.52730722725,0.0,299999.54919330776,0.0001,293.15,5.884356191329038e-13,1.0,1.0,1.0,1.0,1.0,1.0,293.15,1.0,DRESS,0.5026929570353735,293.15,0.0,0.0
degraded_ups_3s_interruption_during_dress,DRESSING_WATER_SUPPORT,31,0.3,0.31,False,1.0,1.0,GRID,500.0,1.0,False,188.49998950639565,0.00020000020313564812,199999.54919330773,-2.9103830456733704e-11,299999.570089858,0.0001,293.15,1.5971375047151282e-13,1.0,1.0,1.0,1.0,1.0,1.0,293.15,1.0,DRESS,0.5027824717660171,293.15,0.0,0.0
degraded_ups_3s_interruption_during_dress,DRESSING_WATER_SUPPORT,32,0.31,0.32,False,1.0,1.0,GRID,500.0,1.0,False,188.49999003107587,0.00020000019380076196,199999.57008985805,2.9103830456733704e-11,299999.5900550857,0.0001,293.15,-5.313347765240248e-13,1.0,1.0,1.0,1.0,1.0,1.0,293.15,1.0,DRESS,0.5028719703662061,293.15,0.0,0.0
degraded_ups_3s_interruption_during_dress,DRESSING_WATER_SUPPORT,33,0.32,0.33,False,1.0,1.0,GRID,500.0,1.0,False,188.49999052952208,0.00020000018487586734,199999.59005508572,0.0,299999.6090307832,0.0001,293.15,8.465265852663434e-13,1.0,1.0,1.0,1.0,1.0,1.0,293.15,1.0,DRESS,0.5029614528388505,293.15,0.0,0.0
degraded_ups_3s_interruption_during_dress,DRESSING_WATER_SUPPORT,34,0.33,0.34,False,1.0,1.0,GRID,500.0,1.0,False,188.49999100304598,0.00020000017639285145,199999.60903078318,0.0,299999.6271915734,0.0001,293.15,-4.1873934387202097e-13,1.0,1.0,1.0,1.0,1.0,1.0,293.15,1.0,DRESS,0.5030509191868596,293.15,0.0,0.0
degraded_ups_3s_interruption_during_dress,DRESSING_WATER_SUPPORT,35,0.34,0.35000000000000003,False,1.0,1.0,GRID,500.0,1.0,False,188.49999145289368,0.0002000001682670473,199999.62719157335,-2.9103830456733704e-11,299999.64453745633,0.0001,293.15,-9.193399101888024e-13,1.0,1.0,1.0,1.0,1.0,1.0,293.15,1.0,DRESS,0.5031403694131423,293.15,0.0,0.0
degraded_ups_3s_interruption_during_dress,DRESSING_WATER_SUPPORT,36,0.35000000000000003,0.36,False,1.0,1.0,GRID,500.0,1.0,False,188.49999188024898,0.0002000001605009669,199999.64453745636,2.9103830456733704e-11,299999.66106843203,0.0001,293.15,-6.527630985655148e-13,1.0,1.0,1.0,1.0,1.0,1.0,293.15,1.0,DRESS,0.503229803520607,293.15,0.0,0.0
degraded_ups_3s_interruption_during_dress,DRESSING_WATER_SUPPORT,37,0.36,0.37,False,1.0,1.0,GRID,500.0,1.0,False,188.49999228623653,0.00020000015309699687,199999.66106843197,-5.820766091346741e-11,299999.6767845005,0.0001,293.15,3.833776910299737e-13,1.0,1.0,1.0,1.0,1.0,1.0,293.15,1.0,DRESS,0.5033192215121614,293.15,0.0,0.0
degraded_ups_3s_interruption_during_dress,DRESSING_WATER_SUPPORT,38,0.37,0.38,False,1.0,1.0,GRID,500.0,1.0,False,188.4999926719247,0.0002000001460574043,199999.67678450048,0.0,299999.691802077,0.0001,293.15,-1.9516451389007533e-13,1.0,1.0,1.0,1.0,1.0,1.0,293.15,1.0,DRESS,0.5034086233907128,293.15,0.0,0.0
degraded_ups_3s_interruption_during_dress,DRESSING_WATER_SUPPORT,39,0.38,0.39,False,1.0,1.0,GRID,500.0,1.0,False,188.49999303832845,0.00020000013932613544,199999.691802077,0.0,299999.7061211616,0.0001,293.15,-1.161370576530749e-13,1.0,1.0,1.0,1.0,1.0,1.0,293.15,1.0,DRESS,0.503498009159168,293.15,0.0,0.0
degraded_ups_3s_interruption_during_dress,DRESSING_WATER_SUPPORT,40,0.39,0.4,False,1.0,1.0,GRID,500.0,1.0,False,188.49999338641203,0.0002000001329052364,199999.70612116155,-2.9103830456733704e-11,299999.71974175423,0.0001,293.15,6.22506193185944e-13,1.0,1.0,1.0,1.0,1.0,1.0,293.15,1.0,DRESS,0.5035873788204331,293.15,0.0,0.0
degraded_ups_3s_interruption_during_dress,DRESSING_WATER_SUPPORT,41,0.4,0.41000000000000003,False,1.0,1.0,GRID,500.0,1.0,False,188.49999371709143,0.0002000001267966509,199999.71974175423,0.0,299999.7327802703,0.0001,293.15,-3.638051242639105e-13,1.0,1.0,1.0,1.0,1.0,1.0,293.15,1.0,DRESS,0.5036767323774141,293.15,0.0,0.0
degraded_ups_3s_interruption_during_dress,DRESSING_WATER_SUPPORT,42,0.41000000000000003,0.42,False,1.0,1.0,GRID,500.0,1.0,False,188.49999403123687,0.00020000012094401813,199999.73278027028,0.0,299999.7452367097,0.0001,293.15,-8.031254410427255e-13,1.0,1.0,1.0,1.0,1.0,1.0,293.15,1.0,DRESS,0.5037660698330159,293.15,0.0,0.0
degraded_ups_3s_interruption_during_dress,DRESSING_WATER_SUPPORT,43,0.42,0.43,False,1.0,1.0,GRID,500.0,1.0,False,188.49999432967502,0.00020000011534909216,199999.74523670977,5.820766091346741e-11,299999.75711107254,0.0001,293.15,-6.937006400082157e-13,1.0,1.0,1.0,1.0,1.0,1.0,293.15,1.0,DRESS,0.5038553911901433,293.15,0.0,0.0
degraded_ups_3s_interruption_during_dress,DRESSING_WATER_SUPPORT,44,0.43,0.44,False,1.0,1.0,GRID,500.0,1.0,False,188.49999461319126,0.00020000011001353974,199999.75711107254,0.0,299999.76840335876,0.0001,293.15,-3.386399071314623e-14,1.0,1.0,1.0,1.0,1.0,1.0,293.15,1.0,DRESS,0.5039446964517005,293.15,0.0,0.0
degraded_ups_3s_interruption_during_dress,DRESSING_WATER_SUPPORT,45,0.44,0.45,False,1.0,1.0,GRID,500.0,1.0,False,188.4999948825317,0.00020000010493894405,199999.76840335876,0.0,299999.779171776,0.0001,293.15,-1.5289353984270574e-14,1.0,1.0,1.0,1.0,1.0,1.0,293.15,1.0,DRESS,0.504033985620591,293.15,0.0,0.0
degraded_ups_3s_interruption_during_dress,DRESSING_WATER_SUPPORT,46,0.45,0.46,False,1.0,1.0,GRID,500.0,1.0,False,188.4999951384051,0.00020000010009770533,199999.77917177603,0.0,299999.789474532,0.0001,293.15,-6.946803137071487e-13,1.0,1.0,1.0,1.0,1.0,1.0,293.15,1.0,DRESS,0.5041232586997179,293.15,0.0,0.0
degraded_ups_3s_interruption_during_dress,DRESSING_WATER_SUPPORT,47,0.46,0.47000000000000003,False,1.0,1.0,GRID,500.0,1.0,False,188.49999538148484,0.00020000009546214867,199999.789474532,0.0,299999.79925341904,0.0001,293.15,2.576984773575919e-13,1.0,1.0,1.0,1.0,1.0,1.0,293.15,1.0,DRESS,0.5042125156919837,293.15,0.0,0.0
degraded_ups_3s_interruption_during_dress,DRESSING_WATER_SUPPORT,48,0.47000000000000003,0.48,False,1.0,1.0,GRID,500.0,1.0,False,188.4999956124106,0.00020000009106273535,199999.799253419,-2.9103830456733704e-11,299999.8085666448,0.0001,293.15,5.148980308962333e-13,1.0,1.0,1.0,1.0,1.0,1.0,293.15,1.0,DRESS,0.5043017566002905,293.15,0.0,0.0
degraded_ups_3s_interruption_during_dress,DRESSING_WATER_SUPPORT,49,0.48,0.49,False,1.0,1.0,GRID,500.0,1.0,False,188.49999583179007,0.00020000008687165102,199999.8085666448,0.0,299999.8174724169,0.0001,293.15,2.0000172308226267e-14,1.0,1.0,1.0,1.0,1.0,1.0,293.15,1.0,DRESS,0.5043909814275399,293.15,0.0,0.0
degraded_ups_3s_interruption_during_dress,DRESSING_WATER_SUPPORT,50,0.49,0.5,False,1.0,1.0,GRID,500.0,1.0,False,188.49999604020056,0.00020000008286101702,199999.81747241694,2.9103830456733704e-11,299999.8259707354,0.0001,293.15,-9.072055335689336e-14,1.0,1.0,1.0,1.0,1.0,1.0,293.15,1.0,DRESS,0.5044801901766328,293.15,0.0,0.0
degraded_ups_3s_interruption_during_dress,DRESSING_WATER_SUPPORT,51,0.5,0.51,False,1.0,1.0,GRID,500.0,1.0,False,188.49999623819053,0.00020000007903199724,199999.82597073537,-2.9103830456733704e-11,299999.83406160027,0.0001,293.15,1.8389975848553892e-13,1.0,1.0,1.0,1.0,1.0,1.0,293.15,1.0,DRESS,0.5045693828504697,293.15,0.0,0.0
degraded_ups_3s_interruption_during_dress,DRESSING_WATER_SUPPORT,52,0.51,0.52,False,1.0,1.0,GRID,500.0,1.0,False,188.499996426281,0.00020000007538569712,199999.83406160027,0.0,299999.8417450115,0.0001,293.15,8.44966560370641e-13,1.0,1.0,1.0,1.0,1.0,1.0,293.15,1.0,DRESS,0.5046585594519506,293.15,0.0,0.0
degraded_ups_3s_interruption_during_dress,DRESSING_WATER_SUPPORT,53,0.52,0.53,False,1.0,1.0,GRID,500.0,1.0,False,188.49999660496695,0.00020000007192316722,199999.84174501145,-5.820766091346741e-11,299999.8490791768,0.0001,293.15,7.002733229443173e-13,1.0,1.0,1.0,1.0,1.0,1.0,293.15,1.0,DRESS,0.5047477199839748,293.15,0.0,0.0
degraded_ups_3s_interruption_during_dress,DRESSING_WATER_SUPPORT,54,0.53,0.54,False,1.0,1.0,GRID,500.0,1.0,False,188.4999967747186,0.00020000006861630143,199999.84907917678,0.0,299999.8560640961,0.0001,293.15,8.858671798504507e-13,1.0,1.0,1.0,1.0,1.0,1.0,293.15,1.0,DRESS,0.5048368644494413,293.15,0.0,0.0
degraded_ups_3s_interruption_during_dress,DRESSING_WATER_SUPPORT,55,0.54,0.55,False,1.0,1.0,GRID,500.0,1.0,False,188.49999693598267,0.00020000006546604774,199999.85606409606,-2.9103830456733704e-11,299999.86281618476,0.0001,293.15,-9.838179630770095e-13,1.0,1.0,1.0,1.0,1.0,1.0,293.15,1.0,DRESS,0.5049259928512484,293.15,0.0,0.0
degraded_ups_3s_interruption_during_dress,DRESSING_WATER_SUPPORT,56,0.55,0.56,False,1.0,1.0,GRID,500.0,1.0,False,188.49999708918352,0.00020000006241509903,199999.8628161848,2.9103830456733704e-11,299999.86921902746,0.0001,293.15,-2.512687079887533e-13,1.0,1.0,1.0,1.0,1.0,1.0,293.15,1.0,DRESS,0.505015105192294,293.15,0.0,0.0
degraded_ups_3s_interruption_during_dress,DRESSING_WATER_SUPPORT,57,0.56,0.5700000000000001,False,1.0,1.0,GRID,500.0,1.0,False,188.49999723472433,0.0002000000595225185,199999.86921902746,0.0,299999.8752726242,0.0001,293.15,8.142716823077462e-13,1.0,1.0,1.0,1.0,1.0,1.0,293.15,1.0,DRESS,0.5051042014754753,293.15,0.0,0.0
degraded_ups_3s_interruption_during_dress,DRESSING_WATER_SUPPORT,58,0.5700000000000001,0.58,False,1.0,1.0,GRID,500.0,1.0,False,188.4999973729881,0.00020000005678911885,199999.8752726242,0.0,299999.8810933903,0.0001,293.15,-1.7289812702207807e-13,1.0,1.0,1.0,1.0,1.0,1.0,293.15,1.0,DRESS,0.5051932817036893,293.15,0.0,0.0
degraded_ups_3s_interruption_during_dress,DRESSING_WATER_SUPPORT,59,0.58,0.59,False,1.0,1.0,GRID,500.0,1.0,False,188.4999975043387,0.00020000005415746457,199999.88109339026,-2.9103830456733704e-11,299999.88668132573,0.0001,293.15,-9.419072553168516e-13,1.0,1.0,1.0,1.0,1.0,1.0,293.15,1.0,DRESS,0.5052823458798321,293.15,0.0,0.0
degraded_ups_3s_interruption_during_dress,DRESSING_WATER_SUPPORT,60,0.59,0.6,False,1.0,1.0,GRID,500.0,1.0,False,188.49999762912176,0.00020000005162828914,199999.8866813257,-2.9103830456733704e-11,299999.8919200152,0.0001,293.15,8.944918807388099e-13,1.0,1.0,1.0,1.0,1.0,1.0,293.15,1.0,DRESS,0.5053713940067995,293.15,0.0,0.0
degraded_ups_3s_interruption_during_dress,DRESSING_WATER_SUPPORT,61,0.6,0.61,False,1.0,1.0,GRID,500.0,1.0,False,188.49999774766567,0.00020000004926049706,199999.8919200152,-2.9103830456733704e-11,299999.89692587405,0.0001,293.15,6.803832519088075e-13,1.0,1.0,1.0,1.0,1.0,1.0,293.15,1.0,DRESS,0.5054604260874869,293.15,0.0,0.0
degraded_ups_3s_interruption_during_dress,DRESSING_WATER_SUPPORT,62,0.61,0.62,False,1.0,1.0,GRID,500.0,1.0,False,188.49999786028238,0.0002000000469965426,199999.89692587405,0.0,299999.90169890225,0.0001,293.15,6.865275703612641e-13,1.0,1.0,1.0,1.0,1.0,1.0,293.15,1.0,DRESS,0.5055494421247887,293.15,0.0,0.0
degraded_ups_3s_interruption_during_dress,DRESSING_WATER_SUPPORT,63,0.62,0.63,False,1.0,1.0,GRID,500.0,1.0,False,188.49999796726826,0.00020000004483705476,199999.90169890225,0.0,299999.9062390998,0.0001,293.15,9.13553835986573e-13,1.0,1.0,1.0,1.0,1.0,1.0,293.15,1.0,DRESS,0.5056384421215994,293.15,0.0,0.0
degraded_ups_3s_interruption_during_dress,DRESSING_WATER_SUPPORT,64,0.63,0.64,False,1.0,1.0,GRID,500.0,1.0,False,188.49999806890486,0.00020000004278263094,199999.9062390998,0.0,299999.91060467437,0.0001,293.15,1.6880237713266105e-13,1.0,1.0,1.0,1.0,1.0,1.0,293.15,1.0,DRESS,0.5057274260808124,293.15,0.0,0.0
degraded_ups_3s_interruption_during_dress,DRESSING_WATER_SUPPORT,65,0.64,0.65,False,1.0,1.0,GRID,500.0,1.0,False,188.4999981654596,0.00020000004080473474,199999.91060467437,0.0,299999.9147374183,0.0001,293.15,7.811470882027785e-13,1.0,1.0,1.0,1.0,1.0,1.0,293.15,1.0,DRESS,0.5058163940053211,293.15,0.0,0.0
degraded_ups_3s_interruption_during_dress,DRESSING_WATER_SUPPORT,66,0.65,0.66,False,1.0,1.0,GRID,500.0,1.0,False,188.49999825718663,0.00020000003893300941,199999.91473741826,-2.9103830456733704e-11,299999.91869553924,0.0001,293.15,4.228209503440798e-13,1.0,1.0,1.0,1.0,1.0,1.0,293.15,1.0,DRESS,0.5059053458980178,293.15,0.0,0.0
degraded_ups_3s_interruption_during_dress,DRESSING_WATER_SUPPORT,67,0.66,0.67,False,1.0,1.0,GRID,500.0,1.0,False,188.4999983443273,0.00020000003713886317,199999.9186955393,5.820766091346741e-11,299999.92253724486,0.0001,293.15,-9.63871665316845e-13,1.0,1.0,1.0,1.0,1.0,1.0,293.15,1.0,DRESS,0.505994281761795,293.15,0.0,0.0
degraded_ups_3s_interruption_during_dress,DRESSING_WATER_SUPPORT,68,0.67,0.68,False,1.0,1.0,GRID,500.0,1.0,False,188.49999842711094,0.00020000003539367883,199999.92253724483,-2.9103830456733704e-11,299999.92614611983,0.0001,293.15,1.4311937540038202e-13,1.0,1.0,1.0,1.0,1.0,1.0,293.15,1.0,DRESS,0.5060832015995439,293.15,0.0,0.0
degraded_ups_3s_interruption_during_dress,DRESSING_WATER_SUPPORT,69,0.68,0.6900000000000001,False,1.0,1.0,GRID,500.0,1.0,False,188.4999985057554,0.00020000003375612646,199999.92614611983,0.0,299999.9296385795,0.0001,293.15,-9.123563883550708e-13,1.0,1.0,1.0,1.0,1.0,1.0,293.15,1.0,DRESS,0.5061721054141558,293.15,0.0,0.0
degraded_ups_3s_interruption_during_dress,DRESSING_WATER_SUPPORT,70,0.6900000000000001,0.7000000000000001,False,1.0,1.0,GRID,500.0,1.0,False,188.49999858046763,0.00020000003216843744,199999.9296385795,0.0,299999.9328982085,0.0001,293.15,5.267529641639284e-13,1.0,1.0,1.0,1.0,1.0,1.0,293.15,1.0,DRESS,0.5062609932085211,293.15,0.0,0.0
degraded_ups_3s_interruption_during_dress,DRESSING_WATER_SUPPORT,71,0.7000000000000001,0.71,False,1.0,1.0,GRID,500.0,1.0,False,188.49999865144426,0.00020000003068923664,199999.93289820853,2.9103830456733704e-11,299999.9360414222,0.0001,293.15,-1.9574823912401892e-13,1.0,1.0,1.0,1.0,1.0,1.0,293.15,1.0,DRESS,0.5063498649855299,293.15,0.0,0.0
degraded_ups_3s_interruption_during_dress,DRESSING_WATER_SUPPORT,72,0.71,0.72,False,1.0,1.0,GRID,500.0,1.0,False,188.49999871887204,0.00020000002926071284,199999.93604142216,-2.9103830456733704e-11,299999.93906822056,0.0001,293.15,-8.093647936103045e-13,1.0,1.0,1.0,1.0,1.0,1.0,293.15,1.0,DRESS,0.5064387207480716,293.15,0.0,0.0
degraded_ups_3s_interruption_during_dress,DRESSING_WATER_SUPPORT,73,0.72,0.73,False,1.0,1.0,GRID,500.0,1.0,False,188.49999878292843,0.00020000002788324255,199999.93906822053,-2.9103830456733704e-11,299999.94192039594,0.0001,293.15,-1.2046312948890588e-13,1.0,1.0,1.0,1.0,1.0,1.0,293.15,1.0,DRESS,0.5065275604990352,293.15,0.0,0.0
degraded_ups_3s_interruption_during_dress,DRESSING_WATER_SUPPORT,74,0.73,0.74,False,1.0,1.0,GRID,500.0,1.0,False,188.499998843782,0.00020000002658628724,199999.94192039594,0.0,299999.944656156,0.0001,293.15,-4.569920185543522e-13,1.0,1.0,1.0,1.0,1.0,1.0,293.15,1.0,DRESS,0.5066163842413092,293.15,0.0,0.0
degraded_ups_3s_interruption_during_dress,DRESSING_WATER_SUPPORT,75,0.74,0.75,False,1.0,1.0,GRID,500.0,1.0,False,188.4999989015929,0.00020000002534108306,199999.944656156,0.0,299999.9472172931,0.0001,293.15,5.096949002181964e-13,1.0,1.0,1.0,1.0,1.0,1.0,293.15,1.0,DRESS,0.5067051919777814,293.15,0.0,0.0
degraded_ups_3s_interruption_during_dress,DRESSING_WATER_SUPPORT,76,0.75,0.76,False,1.0,1.0,GRID,500.0,1.0,False,188.49999895651325,0.0002000000241770565,199999.94721729308,0.0,299999.94966201484,0.0001,293.15,4.5161390306667535e-13,1.0,1.0,1.0,1.0,1.0,1.0,293.15,1.0,DRESS,0.5067939837113393,293.15,0.0,0.0
degraded_ups_3s_interruption_during_dress,DRESSING_WATER_SUPPORT,77,0.76,0.77,False,1.0,1.0,GRID,500.0,1.0,False,188.49999900868758,0.0002000000230654105,199999.9496620148,-2.9103830456733704e-11,299999.9519903213,0.0001,293.15,5.041211344853818e-13,1.0,1.0,1.0,1.0,1.0,1.0,293.15,1.0,DRESS,0.5068827594448697,293.15,0.0,0.0
degraded_ups_3s_interruption_during_dress,DRESSING_WATER_SUPPORT,78,0.77,0.78,False,1.0,1.0,GRID,500.0,1.0,False,188.4999990582532,0.00020000002200643642,199999.95199032128,0.0,299999.9542022124,0.0001,293.15,6.675079331506026e-13,1.0,1.0,1.0,1.0,1.0,1.0,293.15,1.0,DRESS,0.506971519181259,293.15,0.0,0.0
degraded_ups_3s_interruption_during_dress,DRESSING_WATER_SUPPORT,79,0.78,0.79,False,1.0,1.0,GRID,500.0,1.0,False,188.49999910534052,0.00020000002100041108,199999.95420221236,-2.9103830456733704e-11,299999.9562976882,0.0001,293.15,9.420511229820213e-13,1.0,1.0,1.0,1.0,1.0,1.0,293.15,1.0,DRESS,0.5070602629233931,293.15,0.0,0.0
degraded_ups_3s_interruption_during_dress,DRESSING_WATER_SUPPORT,80,0.79,0.8,False,1.0,1.0,GRID,500.0,1.0,False,188.4999991500735,0.00020000002004759738,199999.9562976882,0.0,299999.9583349563,0.0001,293.15,1.3475658306241368e-13,1.0,1.0,1.0,1.0,1.0,1.0,293.15,1.0,DRESS,0.5071489906741572,293.15,0.0,0.0
degraded_ups_3s_interruption_during_dress,DRESSING_WATER_SUPPORT,81,0.8,0.81,False,1.0,1.0,GRID,500.0,1.0,False,188.49999919256982,0.00020000001911914123,199999.95833495632,0.0,299999.9602558091,0.0001,293.15,5.741804552433417e-13,1.0,1.0,1.0,1.0,1.0,1.0,293.15,1.0,DRESS,0.5072377024364362,293.15,0.0,0.0
degraded_ups_3s_interruption_during_dress,DRESSING_WATER_SUPPORT,82,0.81,0.8200000000000001,False,1.0,1.0,GRID,500.0,1.0,False,188.49999923294132,0.00020000001824438388,199999.9602558091,-2.9103830456733704e-11,299999.9621184543,0.0001,293.15,-6.774625673812506e-14,1.0,1.0,1.0,1.0,1.0,1.0,293.15,1.0,DRESS,0.5073263982131142,293.15,0.0,0.0
degraded_ups_3s_interruption_during_dress,DRESSING_WATER_SUPPORT,83,0.8200000000000001,0.8300000000000001,False,1.0,1.0,GRID,500.0,1.0,False,188.49999927129426,0.00020000001739444692,199999.96211845425,-2.9103830456733704e-11,299999.9638646841,0.0001,293.15,5.375083163934257e-13,1.0,1.0,1.0,1.0,1.0,1.0,293.15,1.0,DRESS,0.5074150780070752,293.15,0.0,0.0
degraded_ups_3s_interruption_during_dress,DRESSING_WATER_SUPPORT,84,0.8300000000000001,0.84,False,1.0,1.0,GRID,500.0,1.0,False,188.49999930772955,0.00020000001659864833,199999.96386468413,2.9103830456733704e-11,299999.9655527063,0.0001,293.15,6.185185447583435e-14,1.0,1.0,1.0,1.0,1.0,1.0,293.15,1.0,DRESS,0.5075037418212023,293.15,0.0,0.0
degraded_ups_3s_interruption_during_dress,DRESSING_WATER_SUPPORT,85,0.84,0.85,False,1.0,1.0,GRID,500.0,1.0,False,188.49999934234307,0.00020000001582808776,199999.9655527063,2.9103830456733704e-11,299999.9671243131,0.0001,293.15,8.337943123480955e-13,1.0,1.0,1.0,1.0,1.0,1.0,293.15,1.0,DRESS,0.5075923896583782,293.15,0.0,0.0
degraded_ups_3s_interruption_during_dress,DRESSING_WATER_SUPPORT,86,0.85,0.86,False,1.0,1.0,GRID,500.0,1.0,False,188.4999993752259,0.0002000000151120623,199999.96712431317,5.820766091346741e-11,299999.9686377123,0.0001,293.15,5.252224718511878e-13,1.0,1.0,1.0,1.0,1.0,1.0,293.15,1.0,DRESS,0.507681021521485,293.15,0.0,0.0
degraded_ups_3s_interruption_during_dress,DRESSING_WATER_SUPPORT,87,0.86,0.87,False,1.0,1.0,GRID,500.0,1.0,False,188.4999994064646,0.0002000000144216518,199999.96863771227,-2.9103830456733704e-11,299999.9701511115,0.0001,293.15,-9.218876329637412e-13,1.0,1.0,1.0,1.0,1.0,1.0,293.15,1.0,DRESS,0.5077696374134045,293.15,0.0,0.0
degraded_ups_3s_interruption_during_dress,DRESSING_WATER_SUPPORT,88,0.87,0.88,False,1.0,1.0,GRID,500.0,1.0,False,188.49999943614137,0.00020000001372792682,199999.97015111148,0.0,299999.97154809535,0.0001,293.15,1.4201895410547473e-14,1.0,1.0,1.0,1.0,1.0,1.0,293.15,1.0,DRESS,0.5078582373370178,293.15,0.0,0.0
degraded_ups_3s_interruption_during_dress,DRESSING_WATER_SUPPORT,89,0.88,0.89,False,1.0,1.0,GRID,500.0,1.0,False,188.4999994643343,0.00020000001308926078,199999.97154809535,0.0,299999.97288687155,0.0001,293.15,-1.2969901519964527e-13,1.0,1.0,1.0,1.0,1.0,1.0,293.15,1.0,DRESS,0.5079468212952056,293.15,0.0,0.0
degraded_ups_3s_interruption_during_dress,DRESSING_WATER_SUPPORT,90,0.89,0.9,False,1.0,1.0,GRID,500.0,1.0,False,188.4999994911176,0.00020000001247670729,199999.97288687155,0.0,299999.9741092324,0.0001,293.15,9.748734843472934e-13,1.0,1.0,1.0,1.0,1.0,1.0,293.15,1.0,DRESS,0.508035389290848,293.15,0.0,0.0
degraded_ups_3s_interruption_during_dress,DRESSING_WATER_SUPPORT,91,0.9,0.91,False,1.0,1.0,GRID,500.0,1.0,False,188.4999995165617,0.0002000000119195197,199999.9741092324,-2.9103830456733704e-11,299999.97527338564,0.0001,293.15,9.99762496097302e-13,1.0,1.0,1.0,1.0,1.0,1.0,293.15,1.0,DRESS,0.5081239413268245,293.15,0.0,0.0
degraded_ups_3s_interruption_during_dress,DRESSING_WATER_SUPPORT,92,0.91,0.92,False,1.0,1.0,GRID,500.0,1.0,False,188.49999954073363,0.0002000000113887363,199999.97527338567,2.9103830456733704e-11,299999.97643753886,0.0001,293.15,-1.1309751149924653e-13,1.0,1.0,1.0,1.0,1.0,1.0,293.15,1.0,DRESS,0.5082124774060142,293.15,0.0,0.0
degraded_ups_3s_interruption_during_dress,DRESSING_WATER_SUPPORT,93,0.92,0.93,False,1.0,1.0,GRID,500.0,1.0,False,188.49999956369695,0.00020000001085538824,199999.97643753886,0.0,299999.9775434844,0.0001,293.15,-3.526511873318287e-14,1.0,1.0,1.0,1.0,1.0,1.0,293.15,1.0,DRESS,0.5083009975312957,293.15,0.0,0.0
degraded_ups_3s_interruption_during_dress,DRESSING_WATER_SUPPORT,94,0.93,0.9400000000000001,False,1.0,1.0,GRID,500.0,1.0,False,188.49999958551209,0.00020000001034870758,199999.9775434844,-2.9103830456733704e-11,299999.9785912223,0.0001,293.15,9.833848470773643e-14,1.0,1.0,1.0,1.0,1.0,1.0,293.15,1.0,DRESS,0.5083895017055469,293.15,0.0,0.0
degraded_ups_3s_interruption_during_dress,DRESSING_WATER_SUPPORT,95,0.9400000000000001,0.9500000000000001,False,1.0,1.0,GRID,500.0,1.0,False,188.49999960623649,0.00020000000986881614,199999.97859122232,0.0,299999.97958075255,0.0001,293.15,2.8783514959516834e-13,1.0,1.0,1.0,1.0,1.0,1.0,293.15,1.0,DRESS,0.5084779899316454,293.15,0.0,0.0
degraded_ups_3s_interruption_during_dress,DRESSING_WATER_SUPPORT,96,0.9500000000000001,0.96,False,1.0,1.0,GRID,500.0,1.0,False,188.49999962592466,0.00020000000941582967,199999.97958075258,2.9103830456733704e-11,299999.9805120751,0.0001,293.15,5.333406145110322e-13,1.0,1.0,1.0,1.0,1.0,1.0,293.15,1.0,DRESS,0.5085664622124683,293.15,0.0,0.0
degraded_ups_3s_interruption_during_dress,DRESSING_WATER_SUPPORT,97,0.96,0.97,False,1.0,1.0,GRID,500.0,1.0,False,188.49999964462842,0.00020000000898985808,199999.9805120751,-2.9103830456733704e-11,299999.9814433977,0.0001,293.15,-3.5829227659853924e-13,1.0,1.0,1.0,1.0,1.0,1.0,293.15,1.0,DRESS,0.5086549185508918,293.15,0.0,0.0
degraded_ups_3s_interruption_during_dress,DRESSING_WATER_SUPPORT,98,0.97,0.98,False,1.0,1.0,GRID,500.0,1.0,False,188.499999662397,0.00020000000856190198,199999.98144339767,-2.9103830456733704e-11,299999.9823165126,0.0001,293.15,-5.865259721047419e-14,1.0,1.0,1.0,1.0,1.0,1.0,293.15,1.0,DRESS,0.5087433589497922,293.15,0.0,0.0
degraded_ups_3s_interruption_during_dress,DRESSING_WATER_SUPPORT,99,0.98,0.99,False,1.0,1.0,GRID,500.0,1.0,False,188.49999967927715,0.00020000000816116457,199999.9823165126,0.0,299999.9831896275,0.0001,293.15,-8.959474709444714e-13,1.0,1.0,1.0,1.0,1.0,1.0,293.15,1.0,DRESS,0.5088317834120446,293.15,0.0,0.0
degraded_ups_3s_interruption_during_dress,DRESSING_WATER_SUPPORT,100,0.99,1.0,False,1.0,1.0,GRID,500.0,1.0,False,188.4999996953133,0.00020000000775863608,199999.98318962753,0.0,299999.9840045348,0.0001,293.15,-5.417763660657911e-13,1.0,1.0,1.0,1.0,1.0,1.0,293.15,1.0,DRESS,0.5089201919405241,293.15,0.0,0.0
degraded_ups_3s_interruption_during_dress,DRESSING_WATER_SUPPORT,101,1.0,1.01,True,0.0,0.96,TRANSFER,473.6842105263158,1.0,False,188.49999971054763,0.00020000000738350994,199999.98400453478,0.0,299999.9847612344,0.0001,293.15,-1.3109909696457835e-13,1.0,1.0,1.0,1.0,1.0,1.0,293.15,1.0,DRESS,0.5090085845381049,293.15,0.0,0.0
degraded_ups_3s_interruption_during_dress,DRESSING_WATER_SUPPORT,102,1.01,1.02,True,0.0,0.9279999999999999,TRANSFER,447.36842105263156,1.0,False,188.49999972502025,0.00020000000703587127,199999.98476123434,-2.9103830456733704e-11,299999.98551793396,0.0001,293.15,-8.570875530567601e-13,1.0,1.0,1.0,1.0,1.0,1.0,293.15,1.0,DRESS,0.5090969612076611,293.15,0.0,0.0
degraded_ups_3s_interruption_during_dress,DRESSING_WATER_SUPPORT,103,1.02,1.03,True,0.0,0.9024,TRANSFER,421.05263157894734,1.0,False,188.49999973876925,0.00020000000668669708,199999.98551793396,0.0,299999.9862164259,0.0001,293.15,-3.91354497636735e-13,1.0,1.0,1.0,1.0,1.0,1.0,293.15,1.0,DRESS,0.509185321952066,293.15,0.0,0.0
degraded_ups_3s_interruption_during_dress,DRESSING_WATER_SUPPORT,104,1.03,1.04,True,0.0,0.88192,TRANSFER,394.7368421052631,0.9548000000000001,False,188.0739897518308,0.000199094980234418,199999.98621642592,2.9103830456733704e-11,299955.83925629035,0.0001,293.15,-1.9101619045708865e-13,1.0,1.0,1.0,1.0,1.0,1.0,293.15,1.0,DRESS,0.5092736667741924,293.15,0.0,0.0
degraded_ups_3s_interruption_during_dress,DRESSING_WATER_SUPPORT,105,1.04,1.05,True,0.0,0.8655360000000001,TRANSFER,368.4210526315789,0.9138400000000002,False,187.28323226423925,0.0001974319257666258,199955.83925629038,2.9103830456733704e-11,299831.64442237467,0.0001,293.15,2.337520766345128e-13,1.0,1.0,1.0,1.0,1.0,1.0,293.15,1.0,DRESS,0.5093619956769125,293.15,0.0,0.0
degraded_ups_3s_interruption_during_dress,DRESSING_WATER_SUPPORT,106,1.05,1.06,True,0.0,0.8924288,BATTERY,342.1052631578947,0.981072,False,187.16567425102727,0.00019724374643984813,199831.64442237464,-2.9103830456733704e-11,299701.2993087992,0.0001,293.15,-9.430423018108927e-13,1.0,1.0,1.0,1.0,1.0,1.0,293.15,1.0,DRESS,0.5094503086630984,293.15,0.0,0.0
degraded_ups_3s_interruption_during_dress,DRESSING_WATER_SUPPORT,107,1.06,1.07,True,0.0,0.91394304,BATTERY,315.78947368421046,1.0,False,187.2323905384759,0.00019745228007011473,199701.29930879924,2.9103830456733704e-11,299584.30563565344,0.0001,293.15,7.152034244380838e-13,1.0,1.0,1.0,1.0,1.0,1.0,293.15,1.0,DRESS,0.509538605735621,293.15,0.0,0.0
degraded_ups_3s_interruption_during_dress,DRESSING_WATER_SUPPORT,108,1.07,1.08,True,0.0,0.931154432,BATTERY,289.47368421052624,1.0,False,187.2957710115521,0.00019764677244566738,199584.3056356534,-2.9103830456733704e-11,299479.6529179439,0.0001,293.15,3.4088624672386236e-13,1.0,1.0,1.0,1.0,1.0,1.0,293.15,1.0,DRESS,0.5096268868973514,293.15,0.0,0.0
degraded_ups_3s_interruption_during_dress,DRESSING_WATER_SUPPORT,109,1.08,1.09,True,0.0,0.9449235456,BATTERY,263.157894736842,1.0,False,187.35598246097447,0.00019782812419917158,199479.6529179439,0.0,299386.39912288636,0.0001,293.15,5.388790944606248e-13,1.0,1.0,1.0,1.0,1.0,1.0,293.15,1.0,DRESS,0.5097151521511596,293.15,0.0,0.0
degraded_ups_3s_interruption_during_dress,DRESSING_WATER_SUPPORT,110,1.09,1.1,True,0.0,0.95593883648,BATTERY,236.8421052631578,1.0,False,187.41318333792574,0.00019799717839048567,199386.39912288636,0.0,299303.66636253893,0.0001,293.15,4.16164715112444e-13,1.0,1.0,1.0,1.0,1.0,1.0,293.15,1.0,DRESS,0.5098034014999154,293.15,0.0,0.0
degraded_ups_3s_interruption_during_dress,DRESSING_WATER_SUPPORT,111,1.1,1.11,True,0.0,0.964751069184,BATTERY,210.52631578947359,1.0,False,187.46752417102945,0.00019815472429016945,199303.66636253893,0.0,299230.63670285046,0.0001,293.15,-8.674863291234064e-13,1.0,1.0,1.0,1.0,1.0,1.0,293.15,1.0,DRESS,0.509891634946488,293.15,0.0,0.0
degraded_ups_3s_interruption_during_dress,DRESSING_WATER_SUPPORT,112,1.11,1.12,True,0.0,0.9718008553472,BATTERY,184.21052631578937,1.0,False,187.51914796247797,0.00019830150096443103,199230.63670285046,0.0,299166.54808912426,0.0001,293.15,-8.056071369726039e-13,1.0,1.0,1.0,1.0,1.0,1.0,293.15,1.0,DRESS,0.5099798524937462,293.15,0.0,0.0
degraded_ups_3s_interruption_during_dress,DRESSING_WATER_SUPPORT,113,1.12,1.1300000000000001,True,0.0,0.97744068427776,BATTERY,157.89473684210515,1.0,False,187.56819056435407,0.00019843820067587075,199166.54808912426,0.0,299110.6908535585,0.0001,293.15,-3.959286232405718e-14,1.0,1.0,1.0,1.0,1.0,1.0,293.15,1.0,DRESS,0.510068054144558,293.15,0.0,0.0
degraded_ups_3s_interruption_during_dress,DRESSING_WATER_SUPPORT,114,1.1300000000000001,1.1400000000000001,True,0.0,0.9819525474222079,BATTERY,131.57894736842093,1.0,False,187.61478103613638,0.00019856547187824397,199110.69085355848,0.0,299062.40433920175,0.0001,293.15,-4.2222692949242654e-15,1.0,1.0,1.0,1.0,1.0,1.0,293.15,1.0,DRESS,0.5101562399017912,293.15,0.0,0.0
degraded_ups_3s_interruption_during_dress,DRESSING_WATER_SUPPORT,115,1.1400000000000001,1.1500000000000001,True,0.0,0.9855620379377663,BATTERY,105.26315789473671,1.0,False,187.65904198432955,0.00019868392205189944,199062.40433920172,-2.9103830456733704e-11,299021.0736403242,0.0001,293.15,-7.907111851748828e-13,1.0,1.0,1.0,1.0,1.0,1.0,293.15,1.0,DRESS,0.5102444097683128,293.15,0.0,0.0
degraded_ups_3s_interruption_during_dress,DRESSING_WATER_SUPPORT,116,1.1500000000000001,1.16,True,0.0,0.988449630350213,BATTERY,78.94736842105249,1.0,False,187.70108988511308,0.00019879412038973341,199021.07364032418,0.0,298986.12645920366,0.0001,293.15,7.825418774475086e-13,1.0,1.0,1.0,1.0,1.0,1.0,293.15,1.0,DRESS,0.5103325637469894,293.15,0.0,0.0
degraded_ups_3s_interruption_during_dress,DRESSING_WATER_SUPPORT,117,1.16,1.17,True,0.0,0.9907597042801705,BATTERY,52.631578947368276,1.0,False,187.74103539085743,0.00019889660034242516,198986.12645920366,0.0,298957.03066140413,0.0001,293.15,9.677136484593642e-13,1.0,1.0,1.0,1.0,1.0,1.0,293.15,1.0,DRESS,0.5104207018406873,293.15,0.0,0.0
degraded_ups_3s_interruption_during_dress,DRESSING_WATER_SUPPORT,118,1.17,1.18,True,0.0,0.9926077634241364,BATTERY,26.315789473684063,1.0,False,187.77898362131455,0.00019899186173826097,198957.03066140413,0.0,298933.2914818078,0.0001,293.15,-4.1071685547611043e-13,1.0,1.0,1.0,1.0,1.0,1.0,293.15,1.0,DRESS,0.5105088240522719,293.15,0.0,0.0
degraded_ups_3s_interruption_during_dress,DRESSING_WATER_SUPPORT,119,1.18,1.19,True,0.0,0.9940862107393091,BATTERY,0.0,1.0,False,187.81503444024884,0.0001990803730117268,198933.29148180783,0.0,298914.44890527055,0.0001,293.15,8.983715411307918e-14,1.0,1.0,1.0,1.0,1.0,1.0,293.15,1.0,DRESS,0.5105969303846083,293.15,0.0,0.0
degraded_ups_3s_interruption_during_dress,DRESSING_WATER_SUPPORT,120,1.19,1.2,True,0.0,0.7952689685914474,BYPASS,0.0,0.7381724214786184,False,185.38155779067236,0.00019388669759684102,198914.44890527055,0.0,298642.71592814475,0.0001,293.15,-8.24715484943337e-13,1.0,1.0,1.0,1.0,1.0,1.0,293.15,1.0,DRESS,0.510685020840561,293.15,0.0,0.0
degraded_ups_3s_interruption_during_dress,DRESSING_WATER_SUPPORT,121,1.2,1.21,True,0.0,0.6362151748731579,BYPASS,0.0,0.3405379371828948,False,179.32204995908754,0.0001807506761518005,198642.71592814475,0.0,297736.82905361056,0.0001,293.15,-8.843209842244841e-13,1.0,1.0,1.0,1.0,1.0,1.0,293.15,1.0,DRESS,0.5107730954229941,293.15,0.0,0.0
degraded_ups_3s_interruption_during_dress,DRESSING_WATER_SUPPORT,122,1.21,1.22,True,0.0,0.5089721398985263,BYPASS,0.0,0.022430349746315748,False,170.5673535074922,0.00016110654498760498,197736.82905361056,0.0,295894.78662237525,0.0001,293.15,3.0112361443321994e-13,1.0,1.0,1.0,1.0,1.0,1.0,293.15,1.0,DRESS,0.5108611541347712,293.15,0.0,0.0
degraded_ups_3s_interruption_during_dress,DRESSING_WATER_SUPPORT,123,1.22,1.23,True,0.0,0.407177711918821,BYPASS,0.0,0.0,True,162.0389858321176,0.0001411992052769956,195894.78662237525,0.0,293126.58230774105,0.0001,293.15,4.1580915143349384e-13,1.0,1.0,1.0,1.0,1.0,1.0,293.15,1.0,DRESS,0.5109491969787551,293.15,0.0,0.0
degraded_ups_3s_interruption_during_dress,DRESSING_WATER_SUPPORT,124,1.23,1.24,True,0.0,0.3257421695350568,BYPASS,0.0,0.0,True,153.9370365405117,0.00012135497343120018,193126.58230774105,0.0,289457.8838837333,0.0001,293.15,-3.051160398555991e-14,1.0,1.0,1.0,1.0,1.0,1.0,293.15,1.0,DRESS,0.5110372239578084,293.15,0.0,0.0
degraded_ups_3s_interruption_during_dress,DRESSING_WATER_SUPPORT,125,1.24,1.25,True,0.0,0.26059373562804544,BYPASS,0.0,0.0,True,146.24018471348612,0.0001012863047138179,189457.8838837333,0.0,284899.70645168796,0.0001,293.15,1.2888073854661064e-13,0.9990448233494094,1.0,0.9990448233494094,0.9990448233494094,0.9990448233494094,1.0,293.15,1.0,DRESS,0.5111251510086291,293.15,0.0,0.0
degraded_ups_3s_interruption_during_dress,DRESSING_WATER_SUPPORT,126,1.25,1.26,True,0.0,0.20847498850243634,BYPASS,0.0,0.0,True,138.9281754778118,8.047284019969127e-05,184899.70645168796,0.0,279437.4131131917,0.0001,293.15,4.130201633175193e-13,0.9470229820303976,1.0,0.9470229820303976,0.9470229820303976,0.9470229820303976,1.0,293.15,1.0,DRESS,0.5112084845543998,293.15,0.0,0.0
degraded_ups_3s_interruption_during_dress,DRESSING_WATER_SUPPORT,127,1.26,1.27,True,0.0,0.16677999080194908,BYPASS,0.0,0.0,True,131.9817667039212,5.771823191800308e-05,179437.41311319172,0.0,272998.3655968681,0.0001,293.15,-5.539584633021399e-13,0.8856987199701726,1.0,0.8856987199701726,0.8856987199701726,0.8856987199701726,1.0,293.15,1.0,DRESS,0.5112864085550518,293.15,0.0,0.0
degraded_ups_3s_interruption_during_dress,DRESSING_WATER_SUPPORT,128,1.27,1.28,True,0.0,0.13342399264155927,BYPASS,0.0,0.0,True,125.38267836872515,2.820218607596217e-05,172998.3655968681,0.0,265276.5608741902,0.0001,293.15,9.242538917368648e-14,0.8121577226113352,1.0,0.8121577226113352,0.8121577226113352,0.8121577226113352,1.0,293.15,1.0,DRESS,0.5113578509959331,293.15,0.0,0.0
degraded_ups_3s_interruption_during_dress,DRESSING_WATER_SUPPORT,129,1.28,1.29,True,0.0,0.10673919411324742,BYPASS,0.0,0.0,True,119.1135444502889,0.0,159720.10184000115,0.0,256367.37644672394,0.0001,293.15,3.259628894927702e-13,0.7273083471116568,1.0,0.7273083471116568,0.7273083471116568,0.7273083471116568,1.0,293.15,1.0,DRESS,0.511421820195326,293.15,0.0,0.0
degraded_ups_3s_interruption_during_dress,DRESSING_WATER_SUPPORT,130,1.29,1.3,True,0.0,0.08539135529059794,BYPASS,0.0,0.0,True,113.15786722777446,0.0,144147.39191060103,0.0,247675.4891918972,0.0001,293.15,5.005858737510555e-13,0.6445284684942594,1.0,0.6445284684942594,0.6445284684942594,0.6445284684942594,1.0,293.15,1.0,DRESS,0.5114785011983396,293.15,0.0,0.0
degraded_ups_3s_interruption_during_dress,DRESSING_WATER_SUPPORT,131,1.3,1.31,True,0.0,0.06831308423247835,BYPASS,0.0,0.0,True,107.49997386638574,0.0,130093.02119931747,0.0,239195.59924397618,0.0001,293.15,-6.635673456024949e-13,0.5637676118473922,1.0,0.5637676118473922,0.5637676118473922,0.5637676118473922,1.0,293.15,1.0,DRESS,0.5115280741869523,293.15,0.0,0.0
degraded_ups_3s_interruption_during_dress,DRESSING_WATER_SUPPORT,132,1.31,1.32,True,0.0,0.054650467385982684,BYPASS,0.0,0.0,True,102.12497517306646,0.0,117408.951632384,0.0,230922.5358418189,0.0001,293.15,1.2223607000726167e-13,0.48497653182684686,1.0,0.48497653182684686,0.48497653182684686,0.48497653182684686,1.0,293.15,1.0,DRESS,0.5115707146175581,293.15,0.0,0.0
degraded_ups_3s_interruption_during_dress,DRESSING_WATER_SUPPORT,133,1.32,1.33,True,0.0,0.04372037390878615,BYPASS,0.0,0.0,True,97.01872641441314,0.0,105961.57884822656,0.0,222851.25447669998,0.0001,293.15,6.402842665786945e-14,0.40810718549238095,1.0,0.40810718549238095,0.408107185492381,0.408107185492381,1.0,293.15,1.0,DRESS,0.5116065933544104,293.15,0.0,0.0
degraded_ups_3s_interruption_during_dress,DRESSING_WATER_SUPPORT,134,1.33,1.34,True,0.0,0.03497629912702892,BYPASS,0.0,0.0,True,92.16779009369247,0.0,95630.32491052446,0.0,214976.83363268152,0.0001,293.15,6.402842665786945e-14,0.3331127012636337,1.0,0.3331127012636337,0.3331127012636337,0.3331127012636337,1.0,293.15,1.0,DRESS,0.5116358767987169,293.15,0.0,0.0
degraded_ups_3s_interruption_during_dress,DRESSING_WATER_SUPPORT,135,1.34,1.35,True,0.0,0.027981039301623135,BYPASS,0.0,0.0,True,87.55940058900785,0.0,86306.36823174832,0.0,207294.47181802243,0.0001,293.15,3.841705599472167e-13,0.25994735064783275,1.0,0.25994735064783275,0.2599473506478327,0.2599473506478327,1.0,293.15,1.0,DRESS,0.5116587270137172,293.15,0.0,0.0
degraded_ups_3s_interruption_during_dress,DRESSING_WATER_SUPPORT,136,1.35,1.36,True,0.0,0.02238483144129851,BYPASS,0.0,0.0,True,83.18143055955746,0.0,77891.49732915286,0.0,199808.81097726524,9.980881097726525e-05,293.15,3.492459414115162e-13,0.1886553426406214,1.0,0.1886553426406214,0.18865534264062145,0.18865534264062145,1.0,293.15,1.0,DRESS,0.511675309653261,293.15,0.0,0.0
degraded_ups_3s_interruption_during_dress,DRESSING_WATER_SUPPORT,137,1.36,1.37,True,0.0,0.017907865153038806,BYPASS,0.0,0.0,True,79.02235903157958,0.0,70297.07633956046,0.0,192845.40556836873,9.284540556836873e-05,293.15,-1.7462298425828526e-13,0.1223371958892261,0.9521201237415275,0.1223371958892261,0.12233719588922609,0.12233719588922609,1.0,293.15,1.0,DRESS,0.5116860626201767,293.15,0.0,0.0
degraded_ups_3s_interruption_during_dress,DRESSING_WATER_SUPPORT,138,1.37,1.3800000000000001,True,0.0,0.014326292122431045,BYPASS,0.0,0.0,True,75.0712410800006,0.0,63443.111396453314,0.0,186367.81910900027,8.636781910900027e-05,293.15,5.238689527748558e-13,0.06064589627619307,0.8081737579777838,0.06064589627619307,0.0606458962761931,0.0606458962761931,1.0,293.15,1.0,DRESS,0.5116913930426675,293.15,0.0,0.0
degraded_ups_3s_interruption_during_dress,DRESSING_WATER_SUPPORT,139,1.3800000000000001,1.3900000000000001,True,0.0,0.011461033697944836,BYPASS,0.0,0.0,True,71.31767902600058,0.0,57257.408035299115,0.0,180342.15727820992,8.034215727820993e-05,293.15,6.984919370331411e-13,0.003258640744856489,0.6742701617379984,0.003258640744856489,0.003258640744856489,0.003258640744856489,1.0,293.15,1.0,DRESS,0.5116916794551565,293.15,0.0,0.0
degraded_ups_3s_interruption_during_dress,DRESSING_WATER_SUPPORT,140,1.3900000000000001,1.4000000000000001,True,0.0,0.009168826958355868,BYPASS,0.0,0.0,True,67.75179507470055,0.0,51674.81075185746,0.0,174736.89049948007,7.473689049948007e-05,293.15,-1.7462298425828526e-13,0.0,0.5497086777662238,0.0,0.0,0.0,1.0,293.15,1.0,DRESS,0.5116916794551565,293.15,0.0,0.0
degraded_ups_3s_interruption_during_dress,DRESSING_WATER_SUPPORT,141,1.4000000000000001,1.41,True,0.0,0.007335061566684694,BYPASS,0.0,0.0,True,64.36420532096552,0.0,46636.51670355136,0.0,169522.68886379898,6.952268886379897e-05,293.15,-5.82076596124248e-13,0.0,0.4338375303066437,0.0,0.0,0.0,1.0,293.15,1.0,DRESS,0.5116916794551565,293.15,0.0,0.0
degraded_ups_3s_interruption_during_dress,DRESSING_WATER_SUPPORT,142,1.41,1.42,True,0.0,0.005868049253347755,BYPASS,0.0,0.0,True,61.14599505491725,0.0,42089.4563249551,0.0,164672.26869426668,6.467226869426667e-05,293.15,3.4924596851657053e-13,0.0,0.32605041542814817,0.0,0.0,0.0,1.0,293.15,1.0,DRESS,0.5116916794551565,293.15,0.0,0.0
degraded_ups_3s_interruption_during_dress,DRESSING_WATER_SUPPORT,143,1.42,1.43,True,0.0,0.004694439402678204,BYPASS,0.0,0.0,True,58.08869530217139,0.0,37985.734333271976,0.0,160160.24993732572,6.016024993732572e-05,293.15,2.3283064116020463e-13,0.0,0.22578333194057149,0.0,0.0,0.0,1.0,293.15,1.0,DRESS,0.5116916794551565,293.15,0.0,0.0
degraded_ups_3s_interruption_during_dress,DRESSING_WATER_SUPPORT,144,1.43,1.44,True,0.0,0.0037555515221425633,BYPASS,0.0,0.0,True,55.18426053706282,0.0,34282.12523577796,0.0,155963.02321646363,5.596302321646362e-05,293.15,-4.0745361186596274e-13,0.0,0.13251162703252478,0.0,0.0,0.0,1.0,293.15,1.0,DRESS,0.5116916794551565,293.15,0.0,0.0
degraded_ups_3s_interruption_during_dress,DRESSING_WATER_SUPPORT,145,1.44,1.45,True,0.0,0.003004441217714051,BYPASS,0.0,0.0,True,52.42504751020968,0.0,30939.618025289616,0.0,152058.6262573488,5.2058626257348804e-05,293.15,-2.0372680593298137e-13,0.0,0.045747250163306795,0.0,0.0,0.0,1.0,293.15,1.0,DRESS,0.5116916794551565,293.15,0.0,0.0
degraded_ups_3s_interruption_during_dress,DRESSING_WATER_SUPPORT,146,1.45,1.46,True,0.0,0.002403552974171241,BYPASS,0.0,0.0,True,49.80379513469919,0.0,27923.005267823875,0.0,148426.62904411554,4.8426629044115543e-05,293.15,6.984919234806139e-13,0.0,0.0,0.0,0.0,0.0,1.0,293.15,1.0,DRESS,0.5116916794551565,293.15,0.0,0.0
degraded_ups_3s_interruption_during_dress,DRESSING_WATER_SUPPORT,147,1.46,1.47,True,0.0,0.0019228423793369927,BYPASS,0.0,0.0,True,47.31360537796424,0.0,25200.512254211048,0.0,145048.02700830624,4.5048027008306236e-05,293.15,2.0372681948550853e-13,0.0,0.0,0.0,0.0,0.0,1.0,293.15,1.0,DRESS,0.5116916794551565,293.15,0.0,0.0
degraded_ups_3s_interruption_during_dress,DRESSING_WATER_SUPPORT,148,1.47,1.48,True,0.0,0.0015382739034695942,BYPASS,0.0,0.0,True,44.94792510906603,0.0,22743.46230942547,0.0,141905.14143556356,4.1905141435563564e-05,293.15,-6.984919234806139e-13,0.0,0.0,0.0,0.0,0.0,1.0,293.15,1.0,DRESS,0.5116916794551565,293.15,0.0,0.0
degraded_ups_3s_interruption_during_dress,DRESSING_WATER_SUPPORT,149,1.48,1.49,True,0.0,0.0012306191227756753,BYPASS,0.0,0.0,True,42.700528853612724,0.0,20525.974734256484,0.0,138981.52691544965,3.898152691544965e-05,293.15,2.9103828450959685e-14,0.0,0.0,0.0,0.0,0.0,1.0,293.15,1.0,DRESS,0.5116916794551565,293.15,0.0,0.0
degraded_ups_3s_interruption_during_dress,DRESSING_WATER_SUPPORT,150,1.49,1.5,True,0.0,0.0009844952982205402,BYPASS,0.0,0.0,True,40.56550241093209,0.0,18524.692197666485,0.0,136261.88554335386,3.626188554335385e-05,293.15,-8.731149077388992e-13,0.0,0.0,0.0,0.0,0.0,1.0,293.15,1.0,DRESS,0.5116916794551565,293.15,0.0,0.0
degraded_ups_3s_interruption_during_dress,DRESSING_WATER_SUPPORT,151,1.5,1.51,True,0.0,0.0007875962385764322,BYPASS,0.0,0.0,True,38.53722729038549,0.0,16718.534708394003,0.0,133731.98653571308,3.373198653571308e-05,293.15,3.4924596174030695e-13,0.0,0.0,0.0,0.0,0.0,1.0,293.15,1.0,DRESS,0.5116916794551565,293.15,0.0,0.0
degraded_ups_3s_interruption_during_dress,DRESSING_WATER_SUPPORT,152,1.51,1.52,True,0.0,0.0006300769908611458,BYPASS,0.0,0.0,True,36.61036592586621,0.0,15088.477574325585,0.0,131378.5921316594,3.137859213165939e-05,293.15,-1.1641532058010232e-13,0.0,0.0,0.0,0.0,0.0,1.0,293.15,1.0,DRESS,0.5116916794551565,293.15,0.0,0.0
degraded_ups_3s_interruption_during_dress,DRESSING_WATER_SUPPORT,153,1.52,1.53,True,0.0,0.0005040615926889166,BYPASS,0.0,0.0,True,34.7798476295729,0.0,13617.351010828841,0.0,129189.38803486526,2.918938803486526e-05,293.15,-1.1641532058010232e-13,0.0,0.0,0.0,0.0,0.0,1.0,293.15,1.0,DRESS,0.5116916794551565,293.15,0.0,0.0
degraded_ups_3s_interruption_during_dress,DRESSING_WATER_SUPPORT,154,1.53,1.54,True,0.0,0.0004032492741511333,BYPASS,0.0,0.0,True,33.04085524809425,0.0,12289.659287273027,0.0,127152.91909407824,2.7152919094078243e-05,293.15,1.7462298425828526e-13,0.0,0.0,0.0,0.0,0.0,1.0,293.15,1.0,DRESS,0.5116916794551565,293.15,0.0,0.0
degraded_ups_3s_interruption_during_dress,DRESSING_WATER_SUPPORT,155,1.54,1.55,True,0.0,0.00032259941932090663,BYPASS,0.0,0.0,True,31.38881248568954,0.0,11091.41750676391,0.0,125258.52934923023,2.525852934923023e-05,293.15,8.731149145151627e-13,0.0,0.0,0.0,0.0,0.0,1.0,293.15,1.0,DRESS,0.5116916794551565,293.15,0.0,0.0
degraded_ups_3s_interruption_during_dress,DRESSING_WATER_SUPPORT,156,1.55,1.56,True,0.0,0.0002580795354567253,BYPASS,0.0,0.0,True,29.819371861405063,0.0,10010.004299854427,0.0,123496.30638491362,2.3496306384913622e-05,293.15,-2.91038298062124e-13,0.0,0.0,0.0,0.0,0.0,1.0,293.15,1.0,DRESS,0.5116916794551565,293.15,0.0,0.0
degraded_ups_3s_interruption_during_dress,DRESSING_WATER_SUPPORT,157,1.56,1.57,True,0.0,0.00020646362836538026,BYPASS,0.0,0.0,True,28.32840326833481,0.0,9034.02888061862,0.0,121857.02917631716,2.1857029176317155e-05,293.15,4.074536254184899e-13,0.0,0.0,0.0,0.0,0.0,1.0,293.15,1.0,DRESS,0.5116916794551565,293.15,0.0,0.0
degraded_ups_3s_interruption_during_dress,DRESSING_WATER_SUPPORT,158,1.57,1.58,True,0.0,0.0001651709026923042,BYPASS,0.0,0.0,True,26.911983104918068,0.0,8153.211064758303,0.0,120332.1201261133,2.0332120126113295e-05,293.15,8.149072542251116e-13,0.0,0.0,0.0,0.0,0.0,1.0,293.15,1.0,DRESS,0.5116916794551565,293.15,0.0,0.0
degraded_ups_3s_interruption_during_dress,DRESSING_WATER_SUPPORT,159,1.58,1.59,True,0.0,0.00013213672215384335,BYPASS,0.0,0.0,True,25.566383949672165,0.0,7358.27298594437,0.0,118913.60012814403,1.8913600128144025e-05,293.15,-2.3283064116020463e-13,0.0,0.0,0.0,0.0,0.0,1.0,293.15,1.0,DRESS,0.5116916794551565,293.15,0.0,0.0
degraded_ups_3s_interruption_during_dress,DRESSING_WATER_SUPPORT,160,1.59,1.6,True,0.0,0.00010570937772307469,BYPASS,0.0,0.0,True,24.288064752188557,0.0,6640.841369814792,0.0,117594.04665790498,1.759404665790498e-05,293.15,-5.820766096767752e-13,0.0,0.0,0.0,0.0,0.0,1.0,293.15,1.0,DRESS,0.5116916794551565,293.15,0.0,0.0
degraded_ups_3s_interruption_during_dress,DRESSING_WATER_SUPPORT,161,1.6,1.61,True,0.0,8.456750217845975e-05,BYPASS,0.0,0.0,True,23.07366151457913,0.0,5993.359336257851,0.0,116366.55500624329,1.6366555006243287e-05,293.15,5.23868949386724e-13,0.0,0.0,0.0,0.0,0.0,1.0,293.15,1.0,DRESS,0.5116916794551565,293.15,0.0,0.0
degraded_ups_3s_interruption_during_dress,DRESSING_WATER_SUPPORT,162,1.61,1.62,True,0.0,6.76540017427678e-05,BYPASS,0.0,0.0,True,21.919978438850173,0.0,5409.006800972711,0.0,115224.70230702311,1.5224702307023108e-05,293.15,5.23868949386724e-13,0.0,0.0,0.0,0.0,0.0,1.0,293.15,1.0,DRESS,0.5116916794551565,293.15,0.0,0.0
degraded_ups_3s_interruption_during_dress,DRESSING_WATER_SUPPORT,163,1.62,1.6300000000000001,True,0.0,5.4123201394214236e-05,BYPASS,0.0,0.0,True,20.823979516907663,0.0,4881.628637877871,0.0,114162.51377668232,1.4162513776682317e-05,293.15,-5.820766029005116e-14,0.0,0.0,0.0,0.0,0.0,1.0,293.15,1.0,DRESS,0.5116916794551565,293.15,0.0,0.0
degraded_ups_3s_interruption_during_dress,DRESSING_WATER_SUPPORT,164,1.6300000000000001,1.6400000000000001,True,0.0,4.329856111537139e-05,BYPASS,0.0,0.0,True,19.78278054106228,0.0,4405.669845684777,0.0,113174.43139851093,1.3174431398510933e-05,293.15,4.656612890966728e-13,0.0,0.0,0.0,0.0,0.0,1.0,293.15,1.0,DRESS,0.5116916794551565,293.15,0.0,0.0
degraded_ups_3s_interruption_during_dress,DRESSING_WATER_SUPPORT,165,1.6400000000000001,1.6500000000000001,True,0.0,3.463884889229711e-05,BYPASS,0.0,0.0,True,18.793641514009167,0.0,3976.1170357305123,0.0,112255.2850516513,1.2255285051651298e-05,293.15,-6.402842665786945e-13,0.0,0.0,0.0,0.0,0.0,1.0,293.15,1.0,DRESS,0.5116916794551565,293.15,0.0,0.0
degraded_ups_3s_interruption_during_dress,DRESSING_WATER_SUPPORT,166,1.6500000000000001,1.6600000000000001,True,0.0,2.7711079113837686e-05,BYPASS,0.0,0.0,True,17.85395943830871,0.0,3588.4456247467874,0.0,111400.26515349746,1.1400265153497458e-05,293.15,2.328306445483364e-13,0.0,0.0,0.0,0.0,0.0,1.0,293.15,1.0,DRESS,0.5116916794551565,293.15,0.0,0.0
degraded_ups_3s_interruption_during_dress,DRESSING_WATER_SUPPORT,167,1.6600000000000001,1.67,True,0.0,2.216886329107015e-05,BYPASS,0.0,0.0,True,16.961261466393275,0.0,3238.5721763339766,0.0,110604.8978632316,1.06048978632316e-05,293.15,-9.89530235095265e-13,0.0,0.0,0.0,0.0,0.0,1.0,293.15,1.0,DRESS,0.5116916794551565,293.15,0.0,0.0
degraded_ups_3s_interruption_during_dress,DRESSING_WATER_SUPPORT,168,1.67,1.68,True,0.0,1.7735090632856118e-05,BYPASS,0.0,0.0,True,16.11319839307361,0.0,2922.811389141413,0.0,109865.02127489075,9.86502127489075e-06,293.15,-1.455191507251279e-13,0.0,0.0,0.0,0.0,0.0,1.0,293.15,1.0,DRESS,0.5116916794551565,293.15,0.0,0.0
degraded_ups_3s_interruption_during_dress,DRESSING_WATER_SUPPORT,169,1.68,1.69,True,0.0,1.4188072506284895e-05,BYPASS,0.0,0.0,True,15.30753847341993,0.0,2637.837278700126,0.0,109176.7639387399,9.176763938739895e-06,293.15,8.149072542251116e-13,0.0,0.0,0.0,0.0,0.0,1.0,293.15,1.0,DRESS,0.5116916794551565,293.15,0.0,0.0
degraded_ups_3s_interruption_during_dress,DRESSING_WATER_SUPPORT,170,1.69,1.7,True,0.0,1.1350458005027916e-05,BYPASS,0.0,0.0,True,14.542161549748933,0.0,2380.648144026863,0.0,108536.52460500598,8.536524605005979e-06,293.15,-2.3283064285427053e-13,0.0,0.0,0.0,0.0,0.0,1.0,293.15,1.0,DRESS,0.5116916794551565,293.15,0.0,0.0
degraded_ups_3s_interruption_during_dress,DRESSING_WATER_SUPPORT,171,1.7,1.71,True,0.0,9.080366404022333e-06,BYPASS,0.0,0.0,True,13.815053472261486,0.0,2148.534949984244,0.0,107940.95313176513,7.940953131765127e-06,293.15,-2.3283064285427053e-13,0.0,0.0,0.0,0.0,0.0,1.0,293.15,1.0,DRESS,0.5116916794551565,293.15,0.0,0.0
degraded_ups_3s_interruption_during_dress,DRESSING_WATER_SUPPORT,172,1.71,1.72,True,0.0,7.264293123217866e-06,BYPASS,0.0,0.0,True,13.124300798648411,0.0,1939.05279236078,0.0,107386.93313905969,7.3869331390596925e-06,293.15,1.455191524191938e-13,0.0,0.0,0.0,0.0,0.0,1.0,293.15,1.0,DRESS,0.5116916794551565,293.15,0.0,0.0
degraded_ups_3s_interruption_during_dress,DRESSING_WATER_SUPPORT,173,1.72,1.73,True,0.0,5.811434498574293e-06,BYPASS,0.0,0.0,True,12.46808575871599,0.0,1749.995145105604,0.0,106871.5657107532,6.871565710753203e-06,293.15,-1.6940658945086007e-21,0.0,0.0,0.0,0.0,0.0,1.0,293.15,1.0,DRESS,0.5116916794551565,293.15,0.0,0.0
degraded_ups_3s_interruption_during_dress,DRESSING_WATER_SUPPORT,174,1.73,1.74,True,0.0,4.6491475988594345e-06,BYPASS,0.0,0.0,True,11.844681470780191,0.0,1579.3706184578077,0.0,106392.1541441232,6.392154144123197e-06,293.15,1.1641532058010232e-13,0.0,0.0,0.0,0.0,0.0,1.0,293.15,1.0,DRESS,0.5116916794551565,293.15,0.0,0.0
degraded_ups_3s_interruption_during_dress,DRESSING_WATER_SUPPORT,175,1.74,1.75,True,0.0,3.719318079087548e-06,BYPASS,0.0,0.0,True,11.252447397241182,0.0,1425.3819831581716,0.0,105946.18986360729,5.946189863607287e-06,293.15,8.149072525310457e-13,0.0,0.0,0.0,0.0,0.0,1.0,293.15,1.0,DRESS,0.5116916794551565,293.15,0.0,0.0
degraded_ups_3s_interruption_during_dress,DRESSING_WATER_SUPPORT,176,1.75,1.76,True,0.0,2.975454463270038e-06,BYPASS,0.0,0.0,True,10.689825027379124,0.0,1286.4072398002502,0.0,105531.33944049478,5.5313394404947755e-06,293.15,-6.984919319509434e-13,0.0,0.0,0.0,0.0,0.0,1.0,293.15,1.0,DRESS,0.5116916794551565,293.15,0.0,0.0
degraded_ups_3s_interruption_during_dress,DRESSING_WATER_SUPPORT,177,1.76,1.77,True,0.0,2.3803635706160304e-06,BYPASS,0.0,0.0,True,10.155333776010167,0.0,1160.9825339197257,0.0,105145.43207827955,5.145432078279555e-06,293.15,-8.731149145151627e-13,0.0,0.0,0.0,0.0,0.0,1.0,293.15,1.0,DRESS,0.5116916794551565,293.15,0.0,0.0
degraded_ups_3s_interruption_during_dress,DRESSING_WATER_SUPPORT,178,1.77,1.78,True,0.0,1.9042908564928245e-06,BYPASS,0.0,0.0,True,9.647567087209659,0.0,1047.7867368625523,0.0,104786.44843678921,4.786448436789215e-06,293.15,1.7462298256421937e-13,0.0,0.0,0.0,0.0,0.0,1.0,293.15,1.0,DRESS,0.5116916794551565,293.15,0.0,0.0
degraded_ups_3s_interruption_during_dress,DRESSING_WATER_SUPPORT,179,1.78,1.79,True,0.0,1.5234326851942596e-06,BYPASS,0.0,0.0,True,9.165188732849176,0.0,945.6275300184534,0.0,104452.51015480608,4.4525101548060776e-06,293.15,4.074536271125558e-13,0.0,0.0,0.0,0.0,0.0,1.0,293.15,1.0,DRESS,0.5116916794551565,293.15,0.0,0.0
degraded_ups_3s_interruption_during_dress,DRESSING_WATER_SUPPORT,180,1.79,1.8,True,0.0,1.2187461481554077e-06,BYPASS,0.0,0.0,True,8.706929296206717,0.0,853.4288458416542,0.0,104141.86995476484,4.141869954764843e-06,293.15,-9.313225748052139e-13,0.0,0.0,0.0,0.0,0.0,1.0,293.15,1.0,DRESS,0.5116916794551565,293.15,0.0,0.0
degraded_ups_3s_interruption_during_dress,DRESSING_WATER_SUPPORT,181,1.8,1.81,True,0.0,9.749969185243261e-07,BYPASS,0.0,0.0,True,8.271582831396382,0.0,770.2195333720931,0.0,103852.90232952684,3.852902329526841e-06,293.15,-9.895302342482321e-13,0.0,0.0,0.0,0.0,0.0,1.0,293.15,1.0,DRESS,0.5116916794551565,293.15,0.0,0.0
degraded_ups_3s_interruption_during_dress,DRESSING_WATER_SUPPORT,182,1.81,1.82,True,0.0,7.799975348194609e-07,BYPASS,0.0,0.0,True,7.858003689826562,0.0,695.1231288683138,0.0,103584.09516047686,3.5840951604768634e-06,293.15,6.402842699668263e-13,0.0,0.0,0.0,0.0,0.0,1.0,293.15,1.0,DRESS,0.5116916794551565,293.15,0.0,0.0
degraded_ups_3s_interruption_during_dress,DRESSING_WATER_SUPPORT,183,1.82,1.83,True,0.0,6.239980278555687e-07,BYPASS,0.0,0.0,True,7.465103505335234,0.0,627.3486238036533,0.0,103334.04203411192,3.334042034111917e-06,293.15,-5.238689476926581e-13,0.0,0.0,0.0,0.0,0.0,1.0,293.15,1.0,DRESS,0.5116916794551565,293.15,0.0,0.0
degraded_ups_3s_interruption_during_dress,DRESSING_WATER_SUPPORT,184,1.83,1.84,True,0.0,4.99198422284455e-07,BYPASS,0.0,0.0,True,7.091848330068473,0.0,566.182132982797,0.0,103101.43444221467,3.1014344422146677e-06,293.15,1.7462298341125232e-13,0.0,0.0,0.0,0.0,0.0,1.0,293.15,1.0,DRESS,0.5116916794551565,293.15,0.0,0.0
degraded_ups_3s_interruption_during_dress,DRESSING_WATER_SUPPORT,185,1.84,1.85,True,0.0,3.9935873782756397e-07,BYPASS,0.0,0.0,True,6.737255913565049,0.0,510.9793750169745,0.0,102885.05526259542,2.8850552625954153e-06,293.15,6.984919311039104e-13,0.0,0.0,0.0,0.0,0.0,1.0,293.15,1.0,DRESS,0.5116916794551565,293.15,0.0,0.0
degraded_ups_3s_interruption_during_dress,DRESSING_WATER_SUPPORT,186,1.85,1.86,True,0.0,3.194869902620512e-07,BYPASS,0.0,0.0,True,6.4003931178867965,0.0,461.15888595281933,0.0,102683.77235624939,2.683772356249392e-06,293.15,-4.0745362626552284e-13,0.0,0.0,0.0,0.0,0.0,1.0,293.15,1.0,DRESS,0.5116916794551565,293.15,0.0,0.0
degraded_ups_3s_interruption_during_dress,DRESSING_WATER_SUPPORT,187,1.86,1.87,True,0.0,2.5558959220964095e-07,BYPASS,0.0,0.0,True,6.0803734619924565,0.0,416.19589457241943,0.0,102496.53239734471,2.4965323973447084e-06,293.15,5.820766096767752e-13,0.0,0.0,0.0,0.0,0.0,1.0,293.15,1.0,DRESS,0.5116916794551565,293.15,0.0,0.0
degraded_ups_3s_interruption_during_dress,DRESSING_WATER_SUPPORT,188,1.87,1.8800000000000001,True,0.0,2.0447167376771277e-07,BYPASS,0.0,0.0,True,5.776354788892833,0.0,375.6167948516085,0.0,102322.35575094819,2.3223557509481905e-06,293.15,-6.984919306803939e-13,0.0,0.0,0.0,0.0,0.0,1.0,293.15,1.0,DRESS,0.5116916794551565,293.15,0.0,0.0
degraded_ups_3s_interruption_during_dress,DRESSING_WATER_SUPPORT,189,1.8800000000000001,1.8900000000000001,True,0.0,1.6357733901417022e-07,BYPASS,0.0,0.0,True,5.487537049448192,0.0,338.9941573535767,0.0,102160.33088508993,2.1603308850899337e-06,293.15,9.895302355187815e-13,0.0,0.0,0.0,0.0,0.0,1.0,293.15,1.0,DRESS,0.5116916794551565,293.15,0.0,0.0
degraded_ups_3s_interruption_during_dress,DRESSING_WATER_SUPPORT,190,1.8900000000000001,1.9000000000000001,True,0.0,1.3086187121133618e-07,BYPASS,0.0,0.0,True,5.213160196975783,0.0,305.94222701160305,0.0,102009.61012160406,2.009610121604055e-06,293.15,8.731149170562616e-14,0.0,0.0,0.0,0.0,0.0,1.0,293.15,1.0,DRESS,0.5116916794551565,293.15,0.0,0.0
degraded_ups_3s_interruption_during_dress,DRESSING_WATER_SUPPORT,191,1.9000000000000001,1.9100000000000001,True,0.0,1.0468949696906895e-07,BYPASS,0.0,0.0,True,4.952502187126994,0.0,276.1128598779718,0.0,101869.40480489284,1.869404804892838e-06,293.15,-8.731149136681298e-13,0.0,0.0,0.0,0.0,0.0,1.0,293.15,1.0,DRESS,0.5116916794551565,293.15,0.0,0.0
degraded_ups_3s_interruption_during_dress,DRESSING_WATER_SUPPORT,192,1.9100000000000001,1.92,True,0.0,8.375159757525516e-08,BYPASS,0.0,0.0,True,4.704877077770644,0.0,249.1918560398695,0.0,101738.98122739047,1.7389812273904682e-06,293.15,-2.910383044148711e-13,0.0,0.0,0.0,0.0,0.0,1.0,293.15,1.0,DRESS,0.5116916794551565,293.15,0.0,0.0
degraded_ups_3s_interruption_during_dress,DRESSING_WATER_SUPPORT,193,1.92,1.93,True,0.0,6.700127806020413e-08,BYPASS,0.0,0.0,True,4.469633223882112,0.0,224.89565007598225,0.0,101617.6569624804,1.617656962480396e-06,293.15,-1.4551915199567732e-13,0.0,0.0,0.0,0.0,0.0,1.0,293.15,1.0,DRESS,0.5116916794551565,293.15,0.0,0.0
degraded_ups_3s_interruption_during_dress,DRESSING_WATER_SUPPORT,194,1.93,1.94,True,0.0,5.3601022448163304e-08,BYPASS,0.0,0.0,True,4.246151562688007,0.0,202.968324193574,0.0,101504.79713920504,1.5047971392050386e-06,293.15,7.566995918174781e-13,0.0,0.0,0.0,0.0,0.0,1.0,293.15,1.0,DRESS,0.5116916794551565,293.15,0.0,0.0
degraded_ups_3s_interruption_during_dress,DRESSING_WATER_SUPPORT,195,1.94,1.95,True,0.0,4.2880817958530644e-08,BYPASS,0.0,0.0,True,4.033843984553607,0.0,183.17891258470058,0.0,101399.81129905209,1.3998112990520895e-06,293.15,-1.455191524191938e-13,0.0,0.0,0.0,0.0,0.0,1.0,293.15,1.0,DRESS,0.5116916794551565,293.15,0.0,0.0
degraded_ups_3s_interruption_during_dress,DRESSING_WATER_SUPPORT,196,1.95,1.96,True,0.0,3.4304654366824516e-08,BYPASS,0.0,0.0,True,3.8321517853259266,0.0,165.31896860769228,0.0,101302.15007811785,1.3021500781178474e-06,293.15,-6.984919311039104e-13,0.0,0.0,0.0,0.0,0.0,1.0,293.15,1.0,DRESS,0.5116916794551565,293.15,0.0,0.0
degraded_ups_3s_interruption_during_dress,DRESSING_WATER_SUPPORT,197,1.96,1.97,True,0.0,2.7443723493459612e-08,BYPASS,0.0,0.0,True,3.64054419605963,0.0,149.20036916844228,0.0,101211.30235493183,1.2113023549318313e-06,293.15,9.313225748052139e-13,0.0,0.0,0.0,0.0,0.0,1.0,293.15,1.0,DRESS,0.5116916794551565,293.15,0.0,0.0
degraded_ups_3s_interruption_during_dress,DRESSING_WATER_SUPPORT,198,1.97,1.98,True,0.0,2.195497879476769e-08,BYPASS,0.0,0.0,True,3.4585169862566487,0.0,134.6533331745192,0.0,101126.79286394268,1.1267928639426827e-06,293.15,5.238689483279328e-13,0.0,0.0,0.0,0.0,0.0,1.0,293.15,1.0,DRESS,0.5116916794551565,293.15,0.0,0.0
degraded_ups_3s_interruption_during_dress,DRESSING_WATER_SUPPORT,199,1.98,1.99,True,0.0,1.756398303581415e-08,BYPASS,0.0,0.0,True,3.2855911369438164,0.0,121.52463319000356,0.0,101048.17940155044,1.048179401550442e-06,293.15,1.455191524191938e-13,0.0,0.0,0.0,0.0,0.0,1.0,293.15,1.0,DRESS,0.5116916794551565,293.15,0.0,0.0
degraded_ups_3s_interruption_during_dress,DRESSING_WATER_SUPPORT,200,1.99,2.0,True,0.0,1.405118642865132e-08,BYPASS,0.0,0.0,True,3.121311580096626,0.0,109.67598145397825,0.0,100975.05061421543,9.750506142154335e-07,293.15,-1.7462298256421937e-13,0.0,0.0,0.0,0.0,0.0,1.0,293.15,1.0,DRESS,0.5116916794551565,293.15,0.0,0.0
degraded_ups_3s_interruption_during_dress,DRESSING_WATER_SUPPORT,201,2.0,2.0100000000000002,True,0.0,1.1240949142921057e-08,BYPASS,0.0,0.0,True,2.9652460010917947,0.0,98.98257326221537,0.0,100907.02378656715,9.070237865671515e-07,293.15,8.73114913879888e-13,0.0,0.0,0.0,0.0,0.0,1.0,293.15,1.0,DRESS,0.5116916794551565,293.15,0.0,0.0
degraded_ups_3s_interruption_during_dress,DRESSING_WATER_SUPPORT,202,2.0100000000000002,2.02,True,0.0,8.992759314336846e-09,BYPASS,0.0,0.0,True,2.8169837010372047,0.0,89.33177236914935,0.0,100843.74309517443,8.437430951744318e-07,293.15,-8.149072527428039e-13,0.0,0.0,0.0,0.0,0.0,1.0,293.15,1.0,DRESS,0.5116916794551565,293.15,0.0,0.0
degraded_ups_3s_interruption_during_dress,DRESSING_WATER_SUPPORT,203,2.02,2.0300000000000002,True,0.0,7.194207451469477e-09,BYPASS,0.0,0.0,True,2.6761345159853445,0.0,80.6219245631573,0.0,100784.87733844668,7.848773384466767e-07,293.15,-8.73114913879888e-13,0.0,0.0,0.0,0.0,0.0,1.0,293.15,1.0,DRESS,0.5116916794551565,293.15,0.0,0.0
degraded_ups_3s_interruption_during_dress,DRESSING_WATER_SUPPORT,204,2.0300000000000002,2.04,True,0.0,5.7553659611755816e-09,BYPASS,0.0,0.0,True,2.5423277901860772,0.0,72.76128691824945,0.0,100730.11848144233,7.301184814423323e-07,293.15,-5.820766092532587e-13,0.0,0.0,0.0,0.0,0.0,1.0,293.15,1.0,DRESS,0.5116916794551565,293.15,0.0,0.0
degraded_ups_3s_interruption_during_dress,DRESSING_WATER_SUPPORT,205,2.04,2.05,True,0.0,4.604292768940465e-09,BYPASS,0.0,0.0,True,2.4152114006767733,0.0,65.66706144372013,0.0,100679.18002605438,6.791800260543823e-07,293.15,-9.313225745934557e-13,0.0,0.0,0.0,0.0,0.0,1.0,293.15,1.0,DRESS,0.5116916794551565,293.15,0.0,0.0
degraded_ups_3s_interruption_during_dress,DRESSING_WATER_SUPPORT,206,2.05,2.06,True,0.0,3.6834342151523723e-09,BYPASS,0.0,0.0,True,2.2944508306429348,0.0,59.26452295295741,0.0,100631.79538119584,6.317953811958432e-07,293.15,-1.746229827759776e-13,0.0,0.0,0.0,0.0,0.0,1.0,293.15,1.0,DRESS,0.5116916794551565,293.15,0.0,0.0
degraded_ups_3s_interruption_during_dress,DRESSING_WATER_SUPPORT,207,2.06,2.07,True,0.0,2.946747372121898e-09,BYPASS,0.0,0.0,True,2.179728289110788,0.0,53.48623196504408,0.0,100587.71664043888,5.877166404388845e-07,293.15,-1.4551915231331467e-13,0.0,0.0,0.0,0.0,0.0,1.0,293.15,1.0,DRESS,0.5116916794551565,293.15,0.0,0.0
degraded_ups_3s_interruption_during_dress,DRESSING_WATER_SUPPORT,208,2.07,2.08,True,0.0,2.3573978976975183e-09,BYPASS,0.0,0.0,True,2.0707418746552486,0.0,48.271324348452275,0.0,100546.7131268233,5.46713126823306e-07,293.15,5.820766092532587e-13,0.0,0.0,0.0,0.0,0.0,1.0,293.15,1.0,DRESS,0.5116916794551565,293.15,0.0,0.0
degraded_ups_3s_interruption_during_dress,DRESSING_WATER_SUPPORT,209,2.08,2.09,True,0.0,1.8859183181580148e-09,BYPASS,0.0,0.0,True,1.9672047809224862,0.0,43.564870224478184,0.0,100508.57034511864,5.085703451186419e-07,293.15,1.1641532174477262e-13,0.0,0.0,0.0,0.0,0.0,1.0,293.15,1.0,DRESS,0.5116916794551565,293.15,0.0,0.0
degraded_ups_3s_interruption_during_dress,DRESSING_WATER_SUPPORT,210,2.09,2.1,True,0.0,1.5087346545264118e-09,BYPASS,0.0,0.0,True,1.868844541876362,0.0,39.317295377591556,0.0,100473.08870125562,4.730887012556195e-07,293.15,-1.746229827759776e-13,0.0,0.0,0.0,0.0,0.0,1.0,293.15,1.0,DRESS,0.5116916794551565,293.15,0.0,0.0
degraded_ups_3s_interruption_during_dress,DRESSING_WATER_SUPPORT,211,2.1,2.11,True,0.0,1.2069877236211295e-09,BYPASS,0.0,0.0,True,1.775402314782544,0.0,35.48385907827638,0.0,100440.08251279593,4.4008251279592516e-07,293.15,0.0,0.0,0.0,0.0,0.0,0.0,1.0,293.15,1.0,DRESS,0.5116916794551565,293.15,0.0,0.0
degraded_ups_3s_interruption_during_dress,DRESSING_WATER_SUPPORT,212,2.11,2.12,True,0.0,9.655901788969035e-10,BYPASS,0.0,0.0,True,1.6866321990434168,0.0,32.024182818144446,0.0,100409.37907760963,4.093790776096284e-07,293.15,8.73114913879888e-14,0.0,0.0,0.0,0.0,0.0,1.0,293.15,1.0,DRESS,0.5116916794551565,293.15,0.0,0.0
degraded_ups_3s_interruption_during_dress,DRESSING_WATER_SUPPORT,213,2.12,2.13,True,0.0,7.724721431175228e-10,BYPASS,0.0,0.0,True,1.6023005890912458,0.0,28.90182499337535,0.0,100380.81774255261,3.8081774255260827e-07,293.15,8.73114913879888e-14,0.0,0.0,0.0,0.0,0.0,1.0,293.15,1.0,DRESS,0.5116916794551565,293.15,0.0,0.0
degraded_ups_3s_interruption_during_dress,DRESSING_WATER_SUPPORT,214,2.13,2.14,True,0.0,6.179777144940182e-10,BYPASS,0.0,0.0,True,1.5221855596366836,0.0,26.083897056521263,0.0,100354.24903035164,3.542490303516388e-07,293.15,6.984919309980313e-13,0.0,0.0,0.0,0.0,0.0,1.0,293.15,1.0,DRESS,0.5116916794551565,293.15,0.0,0.0
degraded_ups_3s_interruption_during_dress,DRESSING_WATER_SUPPORT,215,2.14,2.15,True,0.0,4.943821715952146e-10,BYPASS,0.0,0.0,True,1.4460762816548494,0.0,23.540717093510434,0.0,100329.53394111246,3.2953394111245873e-07,293.15,8.731149136681298e-13,0.0,0.0,0.0,0.0,0.0,1.0,293.15,1.0,DRESS,0.5116916794551565,293.15,0.0,0.0
degraded_ups_3s_interruption_during_dress,DRESSING_WATER_SUPPORT,216,2.15,2.16,True,0.0,3.9550573727617164e-10,BYPASS,0.0,0.0,True,1.3737724675721068,0.0,21.245497176893164,0.0,100306.54319562018,3.065431956201792e-07,293.15,1.1641532179771218e-13,0.0,0.0,0.0,0.0,0.0,1.0,293.15,1.0,DRESS,0.5116916794551565,293.15,0.0,0.0
degraded_ups_3s_interruption_during_dress,DRESSING_WATER_SUPPORT,217,2.16,2.17,True,0.0,3.164045898209373e-10,BYPASS,0.0,0.0,True,1.3050838441935015,0.0,19.174061202146085,0.0,100285.15642043203,2.8515642043203114e-07,293.15,8.731149137740089e-13,0.0,0.0,0.0,0.0,0.0,1.0,293.15,1.0,DRESS,0.5116916794551565,293.15,0.0,0.0
degraded_ups_3s_interruption_during_dress,DRESSING_WATER_SUPPORT,218,2.17,2.18,True,0.0,2.5312367185674984e-10,BYPASS,0.0,0.0,True,1.2398296519838266,0.0,17.304590234936843,0.0,100265.26174042374,2.6526174042373897e-07,293.15,9.895302355187815e-13,0.0,0.0,0.0,0.0,0.0,1.0,293.15,1.0,DRESS,0.5116916794551565,293.15,0.0,0.0
degraded_ups_3s_interruption_during_dress,DRESSING_WATER_SUPPORT,219,2.18,2.19,True,0.0,2.0249893748539987e-10,BYPASS,0.0,0.0,True,1.1778381693846351,0.0,15.617392687030499,0.0,100246.75508029759,2.467550802975893e-07,293.15,5.820766091473796e-13,0.0,0.0,0.0,0.0,0.0,1.0,293.15,1.0,DRESS,0.5116916794551565,293.15,0.0,0.0
degraded_ups_3s_interruption_during_dress,DRESSING_WATER_SUPPORT,220,2.19,2.2,True,0.0,1.619991499883199e-10,BYPASS,0.0,0.0,True,1.1189462609154033,0.0,14.094696900045019,0.0,100229.53958250582,2.2953958250582218e-07,293.15,5.8207660909444e-13,0.0,0.0,0.0,0.0,0.0,1.0,293.15,1.0,DRESS,0.5116916794551565,293.15,0.0,0.0
degraded_ups_3s_interruption_during_dress,DRESSING_WATER_SUPPORT,221,2.2,2.21,True,0.0,1.2959931999065593e-10,BYPASS,0.0,0.0,True,1.0629989478696331,0.0,12.720463952290629,0.0,100213.525199797,2.1352519979700446e-07,293.15,-1.4551915231331467e-13,0.0,0.0,0.0,0.0,0.0,1.0,293.15,1.0,DRESS,0.5116916794551565,293.15,0.0,0.0
degraded_ups_3s_interruption_during_dress,DRESSING_WATER_SUPPORT,222,2.21,2.22,True,0.0,1.0367945599252474e-10,BYPASS,0.0,0.0,True,1.0098490004761516,0.0,11.480218716942296,0.0,100198.62805493176,1.9862805493175983e-07,293.15,8.149072527957435e-13,0.0,0.0,0.0,0.0,0.0,1.0,293.15,1.0,DRESS,0.5116916794551565,293.15,0.0,0.0
degraded_ups_3s_interruption_during_dress,DRESSING_WATER_SUPPORT,223,2.22,2.23,True,0.0,8.294356479401978e-11,BYPASS,0.0,0.0,True,0.959356550452344,0.0,10.360897392040425,0.0,100184.77032426745,1.84770324267447e-07,293.15,-8.731149136681298e-13,0.0,0.0,0.0,0.0,0.0,1.0,293.15,1.0,DRESS,0.5116916794551565,293.15,0.0,0.0
degraded_ups_3s_interruption_during_dress,DRESSING_WATER_SUPPORT,224,2.23,2.24,True,0.0,6.635485183521583e-11,BYPASS,0.0,0.0,True,0.9113887229297268,0.0,9.350709896316484,0.0,100171.87936464325,1.7187936464324592e-07,293.15,1.4551915231331467e-13,0.0,0.0,0.0,0.0,0.0,1.0,293.15,1.0,DRESS,0.5116916794551565,293.15,0.0,0.0
degraded_ups_3s_interruption_during_dress,DRESSING_WATER_SUPPORT,225,2.24,2.25,True,0.0,5.308388146817266e-11,BYPASS,0.0,0.0,True,0.8658192867832405,0.0,8.439015681425625,0.0,100159.88777158782,1.5988777158781887e-07,293.15,2.0372681318570098e-13,0.0,0.0,0.0,0.0,0.0,1.0,293.15,1.0,DRESS,0.5116916794551565,293.15,0.0,0.0
degraded_ups_3s_interruption_during_dress,DRESSING_WATER_SUPPORT,226,2.25,2.2600000000000002,True,0.0,4.246710517453813e-11,BYPASS,0.0,0.0,True,0.8225283224440785,0.0,7.616211652486626,0.0,100148.7327972427,1.4873279724270106e-07,293.15,2.910383045736898e-13,0.0,0.0,0.0,0.0,0.0,1.0,293.15,1.0,DRESS,0.5116916794551565,293.15,0.0,0.0
degraded_ups_3s_interruption_during_dress,DRESSING_WATER_SUPPORT,227,2.2600000000000002,2.27,True,0.0,3.3973684139630505e-11,BYPASS,0.0,0.0,True,0.7814019063218746,0.0,6.873631016369182,0.0,100138.35611753166,1.3835611753165722e-07,293.15,-5.820766091209098e-13,0.0,0.0,0.0,0.0,0.0,1.0,293.15,1.0,DRESS,0.5116916794551565,293.15,0.0,0.0
degraded_ups_3s_interruption_during_dress,DRESSING_WATER_SUPPORT,228,2.27,2.2800000000000002,True,0.0,2.7178947311704405e-11,BYPASS,0.0,0.0,True,0.7423318110057808,0.0,6.203451992273187,0.0,100128.7033664994,1.2870336649939418e-07,293.15,-2.9103830462662934e-14,0.0,0.0,0.0,0.0,0.0,1.0,293.15,1.0,DRESS,0.5116916794551565,293.15,0.0,0.0
degraded_ups_3s_interruption_during_dress,DRESSING_WATER_SUPPORT,229,2.2800000000000002,2.29,True,0.0,2.1743157849363523e-11,BYPASS,0.0,0.0,True,0.7052152204554918,0.0,5.5986154230265495,0.0,100119.7240781039,1.1972407810389996e-07,293.15,-3.4924596547254587e-13,0.0,0.0,0.0,0.0,0.0,1.0,293.15,1.0,DRESS,0.5116916794551565,293.15,0.0,0.0
degraded_ups_3s_interruption_during_dress,DRESSING_WATER_SUPPORT,230,2.29,2.3000000000000003,True,0.0,1.739452627949082e-11,BYPASS,0.0,0.0,True,0.6699544594327171,0.0,5.052750419281462,0.0,100111.37127876282,1.1137127876281739e-07,293.15,-9.313225746199254e-13,0.0,0.0,0.0,0.0,0.0,1.0,293.15,1.0,DRESS,0.5116916794551565,293.15,0.0,0.0
degraded_ups_3s_interruption_during_dress,DRESSING_WATER_SUPPORT,231,2.3000000000000003,2.31,True,0.0,1.3915621023592656e-11,BYPASS,0.0,0.0,True,0.6364567364610813,0.0,4.560107253401518,0.0,100103.60119631514,1.0360119631513953e-07,293.15,-1.455191522868449e-13,0.0,0.0,0.0,0.0,0.0,1.0,293.15,1.0,DRESS,0.5116916794551565,293.15,0.0,0.0
degraded_ups_3s_interruption_during_dress,DRESSING_WATER_SUPPORT,232,2.31,2.32,True,0.0,1.1132496818874124e-11,BYPASS,0.0,0.0,True,0.6046338996380272,0.0,4.11549679619487,0.0,100096.37320181355,9.637320181354881e-08,293.15,8.731149136151902e-14,0.0,0.0,0.0,0.0,0.0,1.0,293.15,1.0,DRESS,0.5116916794551565,293.15,0.0,0.0
degraded_ups_3s_interruption_during_dress,DRESSING_WATER_SUPPORT,233,2.32,2.33,True,0.0,8.9059974550993e-12,BYPASS,0.0,0.0,True,0.5744022046561258,0.0,3.7142358585658695,0.0,100089.64946027845,8.964946027845144e-08,293.15,6.402842700727054e-13,0.0,0.0,0.0,0.0,0.0,1.0,293.15,1.0,DRESS,0.5116916794551565,293.15,0.0,0.0
degraded_ups_3s_interruption_during_dress,DRESSING_WATER_SUPPORT,234,2.33,2.34,True,0.0,7.1247979640794405e-12,BYPASS,0.0,0.0,True,0.5456820944233195,0.0,3.352097862355697,0.0,100083.39481428266,8.339481428265572e-08,293.15,6.984919309450917e-13,0.0,0.0,0.0,0.0,0.0,1.0,293.15,1.0,DRESS,0.5116916794551565,293.15,0.0,0.0
degraded_ups_3s_interruption_during_dress,DRESSING_WATER_SUPPORT,235,2.34,2.35,True,0.0,5.6998383712635524e-12,BYPASS,0.0,0.0,True,0.5183979897021536,0.0,3.0252683207760174,0.0,100077.57660932839,7.757660932838917e-08,293.15,-8.149072527825086e-13,0.0,0.0,0.0,0.0,0.0,1.0,293.15,1.0,DRESS,0.5116916794551565,293.15,0.0,0.0
degraded_ups_3s_interruption_during_dress,DRESSING_WATER_SUPPORT,236,2.35,2.36,True,0.0,4.559870697010842e-12,BYPASS,0.0,0.0,True,0.49247809021704586,0.0,2.730304659500355,0.0,100072.16428639367,7.216428639367222e-08,293.15,2.9103830475897824e-14,0.0,0.0,0.0,0.0,0.0,1.0,293.15,1.0,DRESS,0.5116916794551565,293.15,0.0,0.0
degraded_ups_3s_interruption_during_dress,DRESSING_WATER_SUPPORT,237,2.36,2.37,True,0.0,3.647896557608674e-12,BYPASS,0.0,0.0,True,0.4678541857061936,0.0,2.464099955199071,0.0,100067.12961476296,6.712961476296187e-08,293.15,-9.895302355187815e-13,0.0,0.0,0.0,0.0,0.0,1.0,293.15,1.0,DRESS,0.5116916794551565,293.15,0.0,0.0
degraded_ups_3s_interruption_during_dress,DRESSING_WATER_SUPPORT,238,2.37,2.38,True,0.0,2.918317246086939e-12,BYPASS,0.0,0.0,True,0.4444614764208839,0.0,2.2238502095671615,0.0,100062.44610995054,6.244610995054245e-08,293.15,9.313225746066905e-13,0.0,0.0,0.0,0.0,0.0,1.0,293.15,1.0,DRESS,0.5116916794551565,293.15,0.0,0.0
degraded_ups_3s_interruption_during_dress,DRESSING_WATER_SUPPORT,239,2.38,2.39,True,0.0,2.3346537968695513e-12,BYPASS,0.0,0.0,True,0.4222384025998397,0.0,2.007024814134363,0.0,100058.08938294649,5.808938294649124e-08,293.15,4.656612873099627e-13,0.0,0.0,0.0,0.0,0.0,1.0,293.15,1.0,DRESS,0.5116916794551565,293.15,0.0,0.0
degraded_ups_3s_interruption_during_dress,DRESSING_WATER_SUPPORT,240,2.39,2.4,True,0.0,1.867723037495641e-12,BYPASS,0.0,0.0,True,0.4011264824698477,0.0,1.811339894756263,0.0,100054.03661634773,5.403661634773016e-08,293.15,4.0745362639787174e-13,0.0,0.0,0.0,0.0,0.0,1.0,293.15,1.0,DRESS,0.5116916794551565,293.15,0.0,0.0
degraded_ups_3s_interruption_during_dress,DRESSING_WATER_SUPPORT,241,2.4,2.41,True,0.0,1.4941784299965127e-12,BYPASS,0.0,0.0,True,0.3810701583463553,0.0,1.6347342550175268,0.0,100050.26662256569,5.02666225656867e-08,293.15,-5.820766089885609e-14,0.0,0.0,0.0,0.0,0.0,1.0,293.15,1.0,DRESS,0.5116916794551565,293.15,0.0,0.0
degraded_ups_3s_interruption_during_dress,DRESSING_WATER_SUPPORT,242,2.41,2.42,True,0.0,1.19534274399721e-12,BYPASS,0.0,0.0,True,0.3620166504290376,0.0,1.4753476651533184,0.0,100046.75961099565,4.675961099565029e-08,293.15,8.149072527957435e-13,0.0,0.0,0.0,0.0,0.0,1.0,293.15,1.0,DRESS,0.5116916794551565,293.15,0.0,0.0
degraded_ups_3s_interruption_during_dress,DRESSING_WATER_SUPPORT,243,2.42,2.43,True,0.0,9.562741951977681e-13,BYPASS,0.0,0.0,True,0.3439158179075857,0.0,1.3315012678008697,0.0,100043.4973044321,4.34973044320941e-08,293.15,1.7462298274950783e-13,0.0,0.0,0.0,0.0,0.0,1.0,293.15,1.0,DRESS,0.5116916794551565,293.15,0.0,0.0
degraded_ups_3s_interruption_during_dress,DRESSING_WATER_SUPPORT,244,2.43,2.44,True,0.0,7.650193561582145e-13,BYPASS,0.0,0.0,True,0.3267200270122064,0.0,1.201679894190285,0.0,100040.46258982271,4.0462589822709563e-08,293.15,4.0745362638463685e-13,0.0,0.0,0.0,0.0,0.0,1.0,293.15,1.0,DRESS,0.5116916794551565,293.15,0.0,0.0
degraded_ups_3s_interruption_during_dress,DRESSING_WATER_SUPPORT,245,2.44,2.45,True,0.0,6.120154849265716e-13,BYPASS,0.0,0.0,True,0.3103840256615961,0.0,1.0845161045067324,0.0,100037.63963468373,3.763963468372822e-08,293.15,-3.492459654791633e-13,0.0,0.0,0.0,0.0,0.0,1.0,293.15,1.0,DRESS,0.5116916794551565,293.15,0.0,0.0
degraded_ups_3s_interruption_during_dress,DRESSING_WATER_SUPPORT,246,2.45,2.46,True,0.0,4.896123879412573e-13,BYPASS,0.0,0.0,True,0.2948648243785163,0.0,0.978775784317326,0.0,100035.01365426928,3.501365426927805e-08,293.15,-8.73114913701217e-13,0.0,0.0,0.0,0.0,0.0,1.0,293.15,1.0,DRESS,0.5116916794551565,293.15,0.0,0.0
degraded_ups_3s_interruption_during_dress,DRESSING_WATER_SUPPORT,247,2.46,2.47,True,0.0,3.9168991035300584e-13,BYPASS,0.0,0.0,True,0.28012158315959046,0.0,0.8833451453463864,0.0,100032.57079515606,3.257079515606165e-08,293.15,9.89530235525399e-13,0.0,0.0,0.0,0.0,0.0,1.0,293.15,1.0,DRESS,0.5116916794551565,293.15,0.0,0.0
degraded_ups_3s_interruption_during_dress,DRESSING_WATER_SUPPORT,248,2.47,2.48,True,0.0,3.1335192828240466e-13,BYPASS,0.0,0.0,True,0.26611550400161094,0.0,0.7972189936751137,0.0,100030.298368074,3.0298368073999885e-08,293.15,9.89530235525399e-13,0.0,0.0,0.0,0.0,0.0,1.0,293.15,1.0,DRESS,0.5116916794551565,293.15,0.0,0.0
degraded_ups_3s_interruption_during_dress,DRESSING_WATER_SUPPORT,249,2.48,2.49,True,0.0,2.5068154262592373e-13,BYPASS,0.0,0.0,True,0.2528097288015304,0.0,0.7194901417917904,0.0,100028.18449866027,2.81844986602664e-08,293.15,6.402842700528531e-13,0.0,0.0,0.0,0.0,0.0,1.0,293.15,1.0,DRESS,0.5116916794551565,293.15,0.0,0.0
degraded_ups_3s_interruption_during_dress,DRESSING_WATER_SUPPORT,250,2.49,2.5,True,0.0,2.0054523410073898e-13,BYPASS,0.0,0.0,True,0.2401692423614539,0.0,0.6493398529670908,0.0,100026.21812745929,2.6218127459287642e-08,293.15,2.3283064365498136e-13,0.0,0.0,0.0,0.0,0.0,1.0,293.15,1.0,DRESS,0.5116916794551565,293.15,0.0,0.0
degraded_ups_3s_interruption_during_dress,DRESSING_WATER_SUPPORT,251,2.5,2.5100000000000002,True,0.0,1.604361872805912e-13,BYPASS,0.0,0.0,True,0.2281607802433812,0.0,0.5860292173027994,0.0,100024.38895171508,2.438895171508193e-08,293.15,8.731149136813647e-14,0.0,0.0,0.0,0.0,0.0,1.0,293.15,1.0,DRESS,0.5116916794551565,293.15,0.0,0.0
degraded_ups_3s_interruption_during_dress,DRESSING_WATER_SUPPORT,252,2.5100000000000002,2.52,True,0.0,1.2834894982447295e-13,BYPASS,0.0,0.0,True,0.21675274123121216,0.0,0.5288913686157766,0.0,100022.6873671636,2.268736716359854e-08,293.15,6.402842700462357e-13,0.0,0.0,0.0,0.0,0.0,1.0,293.15,1.0,DRESS,0.5116916794551565,293.15,0.0,0.0
degraded_ups_3s_interruption_during_dress,DRESSING_WATER_SUPPORT,253,2.52,2.5300000000000002,True,0.0,1.0267915985957836e-13,BYPASS,0.0,0.0,True,0.20591510416965156,0.0,0.4773244601757384,0.0,100021.10452624038,2.1104526240378617e-08,293.15,2.910383045604549e-14,0.0,0.0,0.0,0.0,0.0,1.0,293.15,1.0,DRESS,0.5116916794551565,293.15,0.0,0.0
degraded_ups_3s_interruption_during_dress,DRESSING_WATER_SUPPORT,254,2.5300000000000002,2.54,True,0.0,8.21433278876627e-14,BYPASS,0.0,0.0,True,0.19561934896116898,0.0,0.430785325308604,0.0,100019.63216345757,1.963216345757246e-08,293.15,-9.895302355287077e-13,0.0,0.0,0.0,0.0,0.0,1.0,293.15,1.0,DRESS,0.5116916794551565,293.15,0.0,0.0
degraded_ups_3s_interruption_during_dress,DRESSING_WATER_SUPPORT,255,2.54,2.5500000000000003,True,0.0,6.571466231013016e-14,BYPASS,0.0,0.0,True,0.18583838151311052,0.0,0.38878375609101495,0.0,100018.26247898862,1.826247898861766e-08,293.15,-2.910383045604549e-14,0.0,0.0,0.0,0.0,0.0,1.0,293.15,1.0,DRESS,0.5116916794551565,293.15,0.0,0.0
degraded_ups_3s_interruption_during_dress,DRESSING_WATER_SUPPORT,256,2.5500000000000003,2.56,True,0.0,5.257172984810413e-14,BYPASS,0.0,0.0,True,0.176546462437455,0.0,0.3508773398721411,0.0,100016.98837149888,1.698837149888277e-08,293.15,-4.07453626394563e-13,0.0,0.0,0.0,0.0,0.0,1.0,293.15,1.0,DRESS,0.5116916794551565,293.15,0.0,0.0
degraded_ups_3s_interruption_during_dress,DRESSING_WATER_SUPPORT,257,2.56,2.57,True,0.0,4.20573838784833e-14,BYPASS,0.0,0.0,True,0.16771913931558224,0.0,0.31666679923460733,0.0,100015.80314710736,1.5803147107362746e-08,293.15,-2.3283064365167264e-13,0.0,0.0,0.0,0.0,0.0,1.0,293.15,1.0,DRESS,0.5116916794551565,293.15,0.0,0.0
degraded_ups_3s_interruption_during_dress,DRESSING_WATER_SUPPORT,258,2.57,2.58,True,0.0,3.3645907102786644e-14,BYPASS,0.0,0.0,True,0.15933318234980312,0.0,0.2857917863092331,0.0,100014.70057759434,1.4700577594339848e-08,293.15,5.238689482220537e-13,0.0,0.0,0.0,0.0,0.0,1.0,293.15,1.0,DRESS,0.5116916794551565,293.15,0.0,0.0
degraded_ups_3s_interruption_during_dress,DRESSING_WATER_SUPPORT,259,2.58,2.59,True,0.0,2.6916725682229318e-14,BYPASS,0.0,0.0,True,0.15136652323231298,0.0,0.2579270871440828,0.0,100013.67495860904,1.3674958609044552e-08,293.15,-5.820766091209098e-14,0.0,0.0,0.0,0.0,0.0,1.0,293.15,1.0,DRESS,0.5116916794551565,293.15,0.0,0.0
degraded_ups_3s_interruption_during_dress,DRESSING_WATER_SUPPORT,260,2.59,2.6,True,0.0,2.1533380545783453e-14,BYPASS,0.0,0.0,True,0.14379819707069733,0.0,0.23277919614753473,0.0,100012.72093504667,1.2720935046672822e-08,293.15,-9.313225746166167e-13,0.0,0.0,0.0,0.0,0.0,1.0,293.15,1.0,DRESS,0.5116916794551565,293.15,0.0,0.0
degraded_ups_3s_interruption_during_dress,DRESSING_WATER_SUPPORT,261,2.6,2.61,True,0.0,1.722670443662676e-14,BYPASS,0.0,0.0,True,0.13660828721716245,0.0,0.21008322452315012,0.0,100011.83338463306,1.183338463306427e-08,293.15,9.313225746166167e-13,0.0,0.0,0.0,0.0,0.0,1.0,293.15,1.0,DRESS,0.5116916794551565,293.15,0.0,0.0
degraded_ups_3s_interruption_during_dress,DRESSING_WATER_SUPPORT,262,2.61,2.62,True,0.0,1.3781363549301408e-14,BYPASS,0.0,0.0,True,0.12977787285630432,0.0,0.18960011013214292,0.0,100011.00776717067,1.1007767170667648e-08,293.15,6.984919309616354e-13,0.0,0.0,0.0,0.0,0.0,1.0,293.15,1.0,DRESS,0.5116916794551565,293.15,0.0,0.0
degraded_ups_3s_interruption_during_dress,DRESSING_WATER_SUPPORT,263,2.62,2.63,True,0.0,1.1025090839441127e-14,BYPASS,0.0,0.0,True,0.12328897921348911,0.0,0.171114099394259,0.0,100010.23977529258,1.023977529257536e-08,293.15,1.7462298273958166e-13,0.0,0.0,0.0,0.0,0.0,1.0,293.15,1.0,DRESS,0.5116916794551565,293.15,0.0,0.0
degraded_ups_3s_interruption_during_dress,DRESSING_WATER_SUPPORT,264,2.63,2.64,True,0.0,8.820072671552901e-15,BYPASS,0.0,0.0,True,0.11712453025281465,0.0,0.15443047470331872,0.0,100009.52533446252,9.52533446252346e-09,293.15,8.14907252789126e-13,0.0,0.0,0.0,0.0,0.0,1.0,293.15,1.0,DRESS,0.5116916794551565,293.15,0.0,0.0
degraded_ups_3s_interruption_during_dress,DRESSING_WATER_SUPPORT,265,2.64,2.65,True,0.0,7.056058137242321e-15,BYPASS,0.0,0.0,True,0.11126830374017392,0.0,0.13937350341974516,0.0,100008.86077759787,8.860777597874403e-09,293.15,-2.910383045769985e-14,0.0,0.0,0.0,0.0,0.0,1.0,293.15,1.0,DRESS,0.5116916794551565,293.15,0.0,0.0
degraded_ups_3s_interruption_during_dress,DRESSING_WATER_SUPPORT,266,2.65,2.66,True,0.0,5.6448465097938565e-15,BYPASS,0.0,0.0,True,0.10570488855316523,0.0,0.12578458683632004,0.0,100008.24255403131,8.242554031312465e-09,293.15,6.402842700495444e-13,0.0,0.0,0.0,0.0,0.0,1.0,293.15,1.0,DRESS,0.5116916794551565,293.15,0.0,0.0
degraded_ups_3s_interruption_during_dress,DRESSING_WATER_SUPPORT,267,2.66,2.67,True,0.0,4.515877207835085e-15,BYPASS,0.0,0.0,True,0.10041964412550697,0.0,0.11352058961977883,0.0,100007.66746234149,7.667462341487408e-09,293.15,6.4028427004789e-13,0.0,0.0,0.0,0.0,0.0,1.0,293.15,1.0,DRESS,0.5116916794551565,293.15,0.0,0.0
degraded_ups_3s_interruption_during_dress,DRESSING_WATER_SUPPORT,268,2.67,2.68,True,0.0,3.612701766268068e-15,BYPASS,0.0,0.0,True,0.09539866191923162,0.0,0.10245233213185037,0.0,100007.13253393769,7.132533937692642e-09,293.15,-2.32830643653327e-13,0.0,0.0,0.0,0.0,0.0,1.0,293.15,1.0,DRESS,0.5116916794551565,293.15,0.0,0.0
degraded_ups_3s_interruption_during_dress,DRESSING_WATER_SUPPORT,269,2.68,2.69,True,0.0,2.8901614130144546e-15,BYPASS,0.0,0.0,True,0.09062872882327004,0.0,0.09246322974899499,0.0,100006.63491664454,6.634916644543409e-09,293.15,-2.910383045769985e-14,0.0,0.0,0.0,0.0,0.0,1.0,293.15,1.0,DRESS,0.5116916794551565,293.15,0.0,0.0
degraded_ups_3s_interruption_during_dress,DRESSING_WATER_SUPPORT,270,2.69,2.7,True,0.0,2.312129130411564e-15,BYPASS,0.0,0.0,True,0.08609729238210653,0.0,0.08344806484846796,0.0,100006.1719911173,6.171991117298603e-09,293.15,5.238689482203993e-13,0.0,0.0,0.0,0.0,0.0,1.0,293.15,1.0,DRESS,0.5116916794551565,293.15,0.0,0.0
degraded_ups_3s_interruption_during_dress,DRESSING_WATER_SUPPORT,271,2.7,2.71,True,0.0,1.849703304329251e-15,BYPASS,0.0,0.0,True,0.0817924277630012,0.0,0.07531187852574235,0.0,100005.74137084186,5.741370841860771e-09,293.15,3.492459654808177e-13,0.0,0.0,0.0,0.0,0.0,1.0,293.15,1.0,DRESS,0.5116916794551565,293.15,0.0,0.0
degraded_ups_3s_interruption_during_dress,DRESSING_WATER_SUPPORT,272,2.71,2.72,True,0.0,1.4797626434634008e-15,BYPASS,0.0,0.0,True,0.07770280637485115,0.0,0.06796897036948248,0.0,100005.34078571945,5.340785719454289e-09,293.15,5.238689482220537e-13,0.0,0.0,0.0,0.0,0.0,1.0,293.15,1.0,DRESS,0.5116916794551565,293.15,0.0,0.0
degraded_ups_3s_interruption_during_dress,DRESSING_WATER_SUPPORT,273,2.72,2.73,True,0.0,1.1838101147707207e-15,BYPASS,0.0,0.0,True,0.0738176660561086,0.0,0.061341995758457925,0.0,100004.96814027429,4.96814027428627e-09,293.15,6.98491930959981e-13,0.0,0.0,0.0,0.0,0.0,1.0,293.15,1.0,DRESS,0.5116916794551565,293.15,0.0,0.0
degraded_ups_3s_interruption_during_dress,DRESSING_WATER_SUPPORT,274,2.73,2.74,True,0.0,9.470480918165765e-16,BYPASS,0.0,0.0,True,0.07012678275330317,0.0,0.055361151172008294,0.0,100004.62157186121,4.621571861207485e-09,293.15,-9.895302355287077e-13,0.0,0.0,0.0,0.0,0.0,1.0,293.15,1.0,DRESS,0.5116916794551565,293.15,0.0,0.0
degraded_ups_3s_interruption_during_dress,DRESSING_WATER_SUPPORT,275,2.74,2.75,True,0.0,7.576384734532612e-16,BYPASS,0.0,0.0,True,0.06662044361563801,0.0,0.04996343893273749,0.0,100004.29910141975,4.299101419746876e-09,293.15,7.566995918745535e-13,0.0,0.0,0.0,0.0,0.0,1.0,293.15,1.0,DRESS,0.5116916794551565,293.15,0.0,0.0
degraded_ups_3s_interruption_during_dress,DRESSING_WATER_SUPPORT,276,2.75,2.7600000000000002,True,0.0,6.061107787626089e-16,BYPASS,0.0,0.0,True,0.06328942143485611,0.0,0.045092003636795566,0.0,100003.99915734306,3.999157343059778e-09,293.15,1.4551915228353617e-13,0.0,0.0,0.0,0.0,0.0,1.0,293.15,1.0,DRESS,0.5116916794551565,293.15,0.0,0.0
degraded_ups_3s_interruption_during_dress,DRESSING_WATER_SUPPORT,277,2.7600000000000002,2.77,True,0.0,4.848886230100872e-16,BYPASS,0.0,0.0,True,0.0601249503631133,0.0,0.040695533282208,0.0,100003.7201680243,3.720168024301529e-09,293.15,-4.656612873074812e-13,0.0,0.0,0.0,0.0,0.0,1.0,293.15,1.0,DRESS,0.5116916794551565,293.15,0.0,0.0
degraded_ups_3s_interruption_during_dress,DRESSING_WATER_SUPPORT,278,2.77,2.7800000000000002,True,0.0,3.8791089840806973e-16,BYPASS,0.0,0.0,True,0.05711870284495763,0.0,0.03672771878719272,0.0,100003.46062006429,3.460620064288378e-09,293.15,2.910383045687267e-14,0.0,0.0,0.0,0.0,0.0,1.0,293.15,1.0,DRESS,0.5116916794551565,293.15,0.0,0.0
degraded_ups_3s_interruption_during_dress,DRESSING_WATER_SUPPORT,279,2.7800000000000002,2.79,True,0.0,3.103287187264558e-16,BYPASS,0.0,0.0,True,0.05426276770270975,0.0,0.033146766205441415,0.0,100003.21917468682,3.219174686819315e-09,293.15,1.4551915228436335e-13,0.0,0.0,0.0,0.0,0.0,1.0,293.15,1.0,DRESS,0.5116916794551565,293.15,0.0,0.0
degraded_ups_3s_interruption_during_dress,DRESSING_WATER_SUPPORT,280,2.79,2.8000000000000003,True,0.0,2.4826297498116464e-16,BYPASS,0.0,0.0,True,0.05154962931757426,0.0,0.029914956500410882,0.0,100002.99455132335,2.994551323354244e-09,293.15,6.402842700487172e-13,0.0,0.0,0.0,0.0,0.0,1.0,293.15,1.0,DRESS,0.5116916794551565,293.15,0.0,0.0
degraded_ups_3s_interruption_during_dress,DRESSING_WATER_SUPPORT,281,2.8000000000000003,2.81,True,0.0,1.9861037998493171e-16,BYPASS,0.0,0.0,True,0.04897214785169555,0.0,0.026998248241620827,0.0,100002.78558582067,2.7855858206748963e-09,293.15,9.313225746149624e-13,0.0,0.0,0.0,0.0,0.0,1.0,293.15,1.0,DRESS,0.5116916794551565,293.15,0.0,0.0
degraded_ups_3s_interruption_during_dress,DRESSING_WATER_SUPPORT,282,2.81,2.82,True,0.0,1.5888830398794536e-16,BYPASS,0.0,0.0,True,0.04652354045911077,0.0,0.0243659190380628,0.0,100002.59128864855,2.591288648545742e-09,293.15,-9.895302355287077e-13,0.0,0.0,0.0,0.0,0.0,1.0,293.15,1.0,DRESS,0.5116916794551565,293.15,0.0,0.0
degraded_ups_3s_interruption_during_dress,DRESSING_WATER_SUPPORT,283,2.82,2.83,True,0.0,1.2711064319035628e-16,BYPASS,0.0,0.0,True,0.04419736343615523,0.0,0.021990241931851673,0.0,100002.41049565375,2.4104956537485122e-09,293.15,1.1641532182749068e-13,0.0,0.0,0.0,0.0,0.0,1.0,293.15,1.0,DRESS,0.5116916794551565,293.15,0.0,0.0
degraded_ups_3s_interruption_during_dress,DRESSING_WATER_SUPPORT,284,2.83,2.84,True,0.0,1.0168851455228503e-16,BYPASS,0.0,0.0,True,0.041987495264347474,0.0,0.019846193343496136,0.0,100002.24227551371,2.2422755137085914e-09,293.15,9.895302355291213e-13,0.0,0.0,0.0,0.0,0.0,1.0,293.15,1.0,DRESS,0.5116916794551565,293.15,0.0,0.0
degraded_ups_3s_interruption_during_dress,DRESSING_WATER_SUPPORT,285,2.84,2.85,True,0.0,8.135081164182802e-17,BYPASS,0.0,0.0,True,0.0398881205011301,0.0,0.017911189492505263,0.0,100002.08581332117,2.0858133211731913e-09,293.15,5.238689482208129e-13,0.0,0.0,0.0,0.0,0.0,1.0,293.15,1.0,DRESS,0.5116916794551565,293.15,0.0,0.0
degraded_ups_3s_interruption_during_dress,DRESSING_WATER_SUPPORT,286,2.85,2.86,True,0.0,6.508064931346241e-17,BYPASS,0.0,0.0,True,0.0378937144760736,0.0,0.016164848516986,0.0,100001.94029416889,1.9402941688895227e-09,293.15,-5.820766091374534e-14,0.0,0.0,0.0,0.0,0.0,1.0,293.15,1.0,DRESS,0.5116916794551565,293.15,0.0,0.0
degraded_ups_3s_interruption_during_dress,DRESSING_WATER_SUPPORT,287,2.86,2.87,True,0.0,5.206451945076993e-17,BYPASS,0.0,0.0,True,0.03599902875226992,0.0,0.014588775786579872,0.0,100001.8049031496,1.8049031496047973e-09,293.15,4.656612873078948e-13,0.0,0.0,0.0,0.0,0.0,1.0,293.15,1.0,DRESS,0.5116916794551565,293.15,0.0,0.0
degraded_ups_3s_interruption_during_dress,DRESSING_WATER_SUPPORT,288,2.87,2.88,True,0.0,4.165161556061595e-17,BYPASS,0.0,0.0,True,0.03419907731465643,0.0,0.013166370147388336,0.0,100001.67894177139,1.678941771388054e-09,293.15,8.149072527882989e-13,0.0,0.0,0.0,0.0,0.0,1.0,293.15,1.0,DRESS,0.5116916794551565,293.15,0.0,0.0
degraded_ups_3s_interruption_during_dress,DRESSING_WATER_SUPPORT,289,2.88,2.89,True,0.0,3.3321292448492757e-17,BYPASS,0.0,0.0,True,0.03248912344892361,0.0,0.011882649058017973,0.0,100001.56182795763,1.5618279576301575e-09,293.15,-4.656612873078948e-13,0.0,0.0,0.0,0.0,0.0,1.0,293.15,1.0,DRESS,0.5116916794551565,293.15,0.0,0.0
degraded_ups_3s_interruption_during_dress,DRESSING_WATER_SUPPORT,290,2.89,2.9,True,0.0,2.6657033958794206e-17,BYPASS,0.0,0.0,True,0.03086466727647743,0.0,0.010724090774861224,0.0,100001.4528632164,1.4528632164001465e-09,293.15,0.0,0.0,0.0,0.0,0.0,0.0,1.0,293.15,1.0,DRESS,0.5116916794551565,293.15,0.0,0.0
degraded_ups_3s_interruption_during_dress,DRESSING_WATER_SUPPORT,291,2.9,2.91,True,0.0,2.1325627167035365e-17,BYPASS,0.0,0.0,True,0.029321433912653558,0.0,0.009678491924312254,0.0,100001.35146547109,1.3514654710888863e-09,293.15,7.566995918753807e-13,0.0,0.0,0.0,0.0,0.0,1.0,293.15,1.0,DRESS,0.5116916794551565,293.15,0.0,0.0
degraded_ups_3s_interruption_during_dress,DRESSING_WATER_SUPPORT,292,2.91,2.92,True,0.0,1.7060501733628292e-17,BYPASS,0.0,0.0,True,0.02785536221702088,0.0,0.008734838961691808,0.0,100001.25716906041,1.257169060409069e-09,293.15,1.7462298274040884e-13,0.0,0.0,0.0,0.0,0.0,1.0,293.15,1.0,DRESS,0.5116916794551565,293.15,0.0,0.0
degraded_ups_3s_interruption_during_dress,DRESSING_WATER_SUPPORT,293,2.92,2.93,True,0.0,1.3648401386902633e-17,BYPASS,0.0,0.0,True,0.026462594106169836,0.0,0.007883192162926858,0.0,100001.16945011541,1.1694501154124737e-09,293.15,2.0372681319707471e-13,0.0,0.0,0.0,0.0,0.0,1.0,293.15,1.0,DRESS,0.5116916794551565,293.15,0.0,0.0
degraded_ups_3s_interruption_during_dress,DRESSING_WATER_SUPPORT,294,2.93,2.94,True,0.0,1.0918721109522107e-17,BYPASS,0.0,0.0,True,0.025139464400861344,0.0,0.0071145809270414875,0.0,100001.08790118247,1.087901182472706e-09,293.15,-8.73114913702251e-13,0.0,0.0,0.0,0.0,0.0,1.0,293.15,1.0,DRESS,0.5116916794551565,293.15,0.0,0.0
degraded_ups_3s_interruption_during_dress,DRESSING_WATER_SUPPORT,295,2.94,2.95,True,0.0,8.734976887617685e-18,BYPASS,0.0,0.0,True,0.023882491180818276,0.0,0.006420909286654943,0.0,100001.01199839264,1.0119983926415443e-09,293.15,5.820766091353854e-14,0.0,0.0,0.0,0.0,0.0,1.0,293.15,1.0,DRESS,0.5116916794551565,293.15,0.0,0.0
degraded_ups_3s_interruption_during_dress,DRESSING_WATER_SUPPORT,296,2.95,2.96,True,0.0,6.987981510094148e-18,BYPASS,0.0,0.0,True,0.02268836662177736,0.0,0.005794870631206086,0.0,100000.94139249995,9.413924999535083e-10,293.15,2.9103830457079465e-14,0.0,0.0,0.0,0.0,0.0,1.0,293.15,1.0,DRESS,0.5116916794551565,293.15,0.0,0.0
degraded_ups_3s_interruption_during_dress,DRESSING_WATER_SUPPORT,297,2.96,2.97,True,0.0,5.590385208075318e-18,BYPASS,0.0,0.0,True,0.02155394829068849,0.0,0.00522987074466349,0.0,100000.87567605078,8.756760507822037e-10,293.15,8.149072527885057e-13,0.0,0.0,0.0,0.0,0.0,1.0,293.15,1.0,DRESS,0.5116916794551565,293.15,0.0,0.0
degraded_ups_3s_interruption_during_dress,DRESSING_WATER_SUPPORT,298,2.97,2.98,True,0.0,4.472308166460255e-18,BYPASS,0.0,0.0,True,0.020476250876154067,0.0,0.004719958347058801,0.0,100000.81455800682,8.145580068230629e-10,293.15,5.238689482212265e-13,0.0,0.0,0.0,0.0,0.0,1.0,293.15,1.0,DRESS,0.5116916794551565,293.15,0.0,0.0
degraded_ups_3s_interruption_during_dress,DRESSING_WATER_SUPPORT,299,2.98,2.99,True,0.0,3.577846533168204e-18,BYPASS,0.0,0.0,True,0.019452438332346365,0.0,0.004259762408220569,0.0,100000.75774732977,7.577473297715187e-10,293.15,-4.074536263943562e-13,0.0,0.0,0.0,0.0,0.0,1.0,293.15,1.0,DRESS,0.5116916794551565,293.15,0.0,0.0
degraded_ups_3s_interruption_during_dress,DRESSING_WATER_SUPPORT,300,2.99,3.0,True,0.0,2.862277226534563e-18,BYPASS,0.0,0.0,True,0.018479816415729048,0.0,0.0038444355734190637,0.0,100000.70489477366,7.048947736620903e-10,293.15,-2.9103830456727913e-13,0.0,0.0,0.0,0.0,0.0,1.0,293.15,1.0,DRESS,0.5116916794551565,293.15,0.0,0.0
degraded_ups_3s_interruption_during_dress,DRESSING_WATER_SUPPORT,301,3.0,3.0100000000000002,True,0.0,2.2898217812276503e-18,BYPASS,0.0,0.0,True,0.017555825594942596,0.0,0.003469603105010705,0.0,100000.65570930019,6.557093001902104e-10,293.15,1.4551915228353617e-13,0.0,0.0,0.0,0.0,0.0,1.0,293.15,1.0,DRESS,0.5116916794551565,293.15,0.0,0.0
degraded_ups_3s_interruption_during_dress,DRESSING_WATER_SUPPORT,302,3.0100000000000002,3.02,True,0.0,1.8318574249821203e-18,BYPASS,0.0,0.0,True,0.016678034315195465,0.0,0.003131316802272161,0.0,100000.60995807871,6.099580787122249e-10,293.15,8.731149137030782e-14,0.0,0.0,0.0,0.0,0.0,1.0,293.15,1.0,DRESS,0.5116916794551565,293.15,0.0,0.0
degraded_ups_3s_interruption_during_dress,DRESSING_WATER_SUPPORT,303,3.02,3.0300000000000002,True,0.0,1.4654859399856963e-18,BYPASS,0.0,0.0,True,0.015844132599435692,0.0,0.002826013414050625,0.0,100000.56740827858,5.674082785844802e-10,293.15,-1.164153218268703e-13,0.0,0.0,0.0,0.0,0.0,1.0,293.15,1.0,DRESS,0.5116916794551565,293.15,0.0,0.0
degraded_ups_3s_interruption_during_dress,DRESSING_WATER_SUPPORT,304,3.0300000000000002,3.04,True,0.0,1.172388751988557e-18,BYPASS,0.0,0.0,True,0.015051925969463907,0.0,0.002550477106180689,0.0,100000.52782706916,5.278270691633224e-10,293.15,-1.164153218269737e-13,0.0,0.0,0.0,0.0,0.0,1.0,293.15,1.0,DRESS,0.5116916794551565,293.15,0.0,0.0
degraded_ups_3s_interruption_during_dress,DRESSING_WATER_SUPPORT,305,3.04,3.0500000000000003,True,0.0,9.379110015908457e-19,BYPASS,0.0,0.0,True,0.014299329670990712,0.0,0.0023018055883280717,0.0,100000.49103982747,4.91039827466011e-10,293.15,-8.149072527885057e-13,0.0,0.0,0.0,0.0,0.0,1.0,293.15,1.0,DRESS,0.5116916794551565,293.15,0.0,0.0
degraded_ups_3s_interruption_during_dress,DRESSING_WATER_SUPPORT,306,3.0500000000000003,3.06,True,0.0,7.503288012726766e-19,BYPASS,0.0,0.0,True,0.013584363187441176,0.0,0.0020773795434660845,0.0,100000.45681372285,4.568137228488922e-10,293.15,-6.984919309616354e-13,0.0,0.0,0.0,0.0,0.0,1.0,293.15,1.0,DRESS,0.5116916794551565,293.15,0.0,0.0
degraded_ups_3s_interruption_during_dress,DRESSING_WATER_SUPPORT,307,3.06,3.0700000000000003,True,0.0,6.002630410181412e-19,BYPASS,0.0,0.0,True,0.012905145028069116,0.0,0.0018748350379781415,0.0,100000.42491592467,4.2491592466831206e-10,293.15,5.820766091347651e-13,0.0,0.0,0.0,0.0,0.0,1.0,293.15,1.0,DRESS,0.5116916794551565,293.15,0.0,0.0
degraded_ups_3s_interruption_during_dress,DRESSING_WATER_SUPPORT,308,3.0700000000000003,3.08,True,0.0,4.8021043281451295e-19,BYPASS,0.0,0.0,True,0.012259887776665661,0.0,0.0016920386217752729,0.0,100000.3952300176,3.952300176024437e-10,293.15,8.731149137020442e-13,0.0,0.0,0.0,0.0,0.0,1.0,293.15,1.0,DRESS,0.5116916794551565,293.15,0.0,0.0
degraded_ups_3s_interruption_during_dress,DRESSING_WATER_SUPPORT,309,3.08,3.09,True,0.0,3.841683462516104e-19,BYPASS,0.0,0.0,True,0.011646893387832378,0.0,0.0015270648561521837,0.0,100000.36763958633,3.6763958632946013e-10,293.15,3.492459654808177e-13,0.0,0.0,0.0,0.0,0.0,1.0,293.15,1.0,DRESS,0.5116916794551565,293.15,0.0,0.0
degraded_ups_3s_interruption_during_dress,DRESSING_WATER_SUPPORT,310,3.09,3.1,True,0.0,3.073346770012883e-19,BYPASS,0.0,0.0,True,0.011064548718440759,0.0,0.0013781760326773457,0.0,100000.34202821553,3.420282155275345e-10,293.15,-8.149072527885057e-13,0.0,0.0,0.0,0.0,0.0,1.0,293.15,1.0,DRESS,0.5116916794551565,293.15,0.0,0.0
degraded_ups_3s_interruption_during_dress,DRESSING_WATER_SUPPORT,311,3.1,3.11,True,0.0,2.4586774160103066e-19,BYPASS,0.0,0.0,True,0.01051132128251872,0.0,0.0012438038694913046,0.0,100000.31816307455,3.1816307455301286e-10,293.15,5.820766091343515e-14,0.0,0.0,0.0,0.0,0.0,1.0,293.15,1.0,DRESS,0.5116916794551565,293.15,0.0,0.0
degraded_ups_3s_interruption_during_dress,DRESSING_WATER_SUPPORT,312,3.11,3.12,True,0.0,1.9669419328082452e-19,BYPASS,0.0,0.0,True,0.009985755218392785,0.0,0.0011225329922159022,0.0,100000.29592774808,2.959277480840683e-10,293.15,8.14907252788609e-13,0.0,0.0,0.0,0.0,0.0,1.0,293.15,1.0,DRESS,0.5116916794551565,293.15,0.0,0.0
degraded_ups_3s_interruption_during_dress,DRESSING_WATER_SUPPORT,313,3.12,3.13,True,0.0,1.5735535462465961e-19,BYPASS,0.0,0.0,True,0.009486467457473146,0.0,0.001013086025474852,0.0,100000.27532223612,2.7532223612070086e-10,293.15,-8.731149137020442e-13,0.0,0.0,0.0,0.0,0.0,1.0,293.15,1.0,DRESS,0.5116916794551565,293.15,0.0,0.0
degraded_ups_3s_interruption_during_dress,DRESSING_WATER_SUPPORT,314,3.13,3.14,True,0.0,1.258842836997277e-19,BYPASS,0.0,0.0,True,0.009012144084599489,0.0,0.0009143101379910538,0.0,100000.25611370802,2.561137080192566e-10,293.15,0.0,0.0,0.0,0.0,0.0,0.0,1.0,293.15,1.0,DRESS,0.5116916794551565,293.15,0.0,0.0
degraded_ups_3s_interruption_during_dress,DRESSING_WATER_SUPPORT,315,3.14,3.15,True,0.0,1.0070742695978216e-19,BYPASS,0.0,0.0,True,0.008561536880369515,0.0,0.0008251648995369262,0.0,100000.23824395612,2.382439561188221e-10,293.15,2.910383045676927e-14,0.0,0.0,0.0,0.0,0.0,1.0,293.15,1.0,DRESS,0.5116916794551565,293.15,0.0,0.0
degraded_ups_3s_interruption_during_dress,DRESSING_WATER_SUPPORT,316,3.15,3.16,True,0.0,8.056594156782573e-20,BYPASS,0.0,0.0,True,0.008133460036351039,0.0,0.0007447113218320758,0.0,100000.22165477276,2.2165477275848388e-10,293.15,-6.984919309615837e-13,0.0,0.0,0.0,0.0,0.0,1.0,293.15,1.0,DRESS,0.5116916794551565,293.15,0.0,0.0
degraded_ups_3s_interruption_during_dress,DRESSING_WATER_SUPPORT,317,3.16,3.17,True,0.0,6.445275325426059e-20,BYPASS,0.0,0.0,True,0.007726787034533487,0.0,0.0006721019679534483,0.0,100000.20617153496,2.0617153495550155e-10,293.15,4.074536263943045e-13,0.0,0.0,0.0,0.0,0.0,1.0,293.15,1.0,DRESS,0.5116916794551565,293.15,0.0,0.0
degraded_ups_3s_interruption_during_dress,DRESSING_WATER_SUPPORT,318,3.17,3.18,True,0.0,5.156220260340847e-20,BYPASS,0.0,0.0,True,0.007340447682806813,0.0,0.0006065720260779873,0.0,100000.19179424271,1.917942427098751e-10,293.15,-1.4551915228363957e-13,0.0,0.0,0.0,0.0,0.0,1.0,293.15,1.0,DRESS,0.5116916794551565,293.15,0.0,0.0
degraded_ups_3s_interruption_during_dress,DRESSING_WATER_SUPPORT,319,3.18,3.19,True,0.0,4.124976208272678e-20,BYPASS,0.0,0.0,True,0.006973425298666472,0.0,0.0005474312535353836,0.0,100000.1784064807,1.784064806997776e-10,293.15,1.4551915228369127e-13,0.0,0.0,0.0,0.0,0.0,1.0,293.15,1.0,DRESS,0.5116916794551565,293.15,0.0,0.0
degraded_ups_3s_interruption_during_dress,DRESSING_WATER_SUPPORT,320,3.19,3.2,True,0.0,3.299980966618143e-20,BYPASS,0.0,0.0,True,0.006624754033733148,0.0,0.0004940567063156834,0.0,100000.16595004126,1.6595004126429558e-10,293.15,2.0372681319712641e-13,0.0,0.0,0.0,0.0,0.0,1.0,293.15,1.0,DRESS,0.5116916794551565,293.15,0.0,0.0
degraded_ups_3s_interruption_during_dress,DRESSING_WATER_SUPPORT,321,3.2,3.21,True,0.0,2.639984773294514e-20,BYPASS,0.0,0.0,True,0.006293516332046491,0.0,0.00044588617744990437,0.0,100000.15436671674,1.5436671674251557e-10,293.15,1.16415321826922e-13,0.0,0.0,0.0,0.0,0.0,1.0,293.15,1.0,DRESS,0.5116916794551565,293.15,0.0,0.0
degraded_ups_3s_interruption_during_dress,DRESSING_WATER_SUPPORT,322,3.21,3.22,True,0.0,2.1119878186356113e-20,BYPASS,0.0,0.0,True,0.0059788405154441665,0.0,0.00040241227514853877,0.0,100000.14359829947,1.435982994735241e-10,293.15,-2.9103830456717574e-14,0.0,0.0,0.0,0.0,0.0,1.0,293.15,1.0,DRESS,0.5116916794551565,293.15,0.0,0.0
degraded_ups_3s_interruption_during_dress,DRESSING_WATER_SUPPORT,323,3.22,3.23,True,0.0,1.689590254908489e-20,BYPASS,0.0,0.0,True,0.005679898489671958,0.0,0.0003631770783215563,0.0,100000.1335865818,1.335865817964077e-10,293.15,-1.4551915228366542e-13,0.0,0.0,0.0,0.0,0.0,1.0,293.15,1.0,DRESS,0.5116916794551565,293.15,0.0,0.0
degraded_ups_3s_interruption_during_dress,DRESSING_WATER_SUPPORT,324,3.23,3.24,True,0.0,1.3516722039267912e-20,BYPASS,0.0,0.0,True,0.00539590356518836,0.0,0.0003277673131852045,0.0,100000.12427335605,1.242733560502529e-10,293.15,-1.4551915228363957e-13,0.0,0.0,0.0,0.0,0.0,1.0,293.15,1.0,DRESS,0.5116916794551565,293.15,0.0,0.0
degraded_ups_3s_interruption_during_dress,DRESSING_WATER_SUPPORT,325,3.24,3.25,True,0.0,1.081337763141433e-20,BYPASS,0.0,0.0,True,0.005126108386928942,0.0,0.000295810000149647,0.0,100000.11560041457,1.1560041457414627e-10,293.15,5.8207660913461e-14,0.0,0.0,0.0,0.0,0.0,1.0,293.15,1.0,DRESS,0.5116916794551565,293.15,0.0,0.0
degraded_ups_3s_interruption_during_dress,DRESSING_WATER_SUPPORT,326,3.25,3.2600000000000002,True,0.0,8.650702105131464e-21,BYPASS,0.0,0.0,True,0.0048698029675824945,0.0,0.0002669685251350564,0.0,100000.10756775737,1.0756775736808777e-10,293.15,-6.984919309616095e-13,0.0,0.0,0.0,0.0,0.0,1.0,293.15,1.0,DRESS,0.5116916794551565,293.15,0.0,0.0
degraded_ups_3s_interruption_during_dress,DRESSING_WATER_SUPPORT,327,3.2600000000000002,3.27,True,0.0,6.92056168410517e-21,BYPASS,0.0,0.0,True,0.00462631281920337,0.0,0.00024093909393438842,0.0,100000.10005896911,1.0005896911025048e-10,293.15,8.731149137020442e-14,0.0,0.0,0.0,0.0,0.0,1.0,293.15,1.0,DRESS,0.5116916794551565,293.15,0.0,0.0
degraded_ups_3s_interruption_during_dress,DRESSING_WATER_SUPPORT,328,3.27,3.2800000000000002,True,0.0,5.536449347284136e-21,BYPASS,0.0,0.0,True,0.004394997178243201,0.0,0.0002174475322757855,0.0,100000.0930740498,9.307404980063438e-11,293.15,8.731149137020442e-14,0.0,0.0,0.0,0.0,0.0,1.0,293.15,1.0,DRESS,0.5116916794551565,293.15,0.0,0.0
degraded_ups_3s_interruption_during_dress,DRESSING_WATER_SUPPORT,329,3.2800000000000002,3.29,True,0.0,4.429159477827309e-21,BYPASS,0.0,0.0,True,0.004175247319331041,0.0,0.0001962463978788964,0.0,100000.08661299944,8.66129994392395e-11,293.15,-6.984919309616095e-13,0.0,0.0,0.0,0.0,0.0,1.0,293.15,1.0,DRESS,0.5116916794551565,293.15,0.0,0.0
degraded_ups_3s_interruption_during_dress,DRESSING_WATER_SUPPORT,330,3.29,3.3000000000000003,True,0.0,3.5433275822618466e-21,BYPASS,0.0,0.0,True,0.003966484953364489,0.0,0.00017711237408570406,0.0,100000.0805594027,8.055940270423889e-11,293.15,2.328306436538957e-13,0.0,0.0,0.0,0.0,0.0,1.0,293.15,1.0,DRESS,0.5116916794551565,293.15,0.0,0.0
degraded_ups_3s_interruption_during_dress,DRESSING_WATER_SUPPORT,331,3.3000000000000003,3.31,True,0.0,2.8346620658094774e-21,BYPASS,0.0,0.0,True,0.0037681607056962644,0.0,0.00015984391761234788,0.0,100000.07497146726,7.497146725654602e-11,293.15,-6.984919309615966e-13,0.0,0.0,0.0,0.0,0.0,1.0,293.15,1.0,DRESS,0.5116916794551565,293.15,0.0,0.0
degraded_ups_3s_interruption_during_dress,DRESSING_WATER_SUPPORT,332,3.31,3.3200000000000003,True,0.0,2.267729652647582e-21,BYPASS,0.0,0.0,True,0.0035797526704114515,0.0,0.000144259135645144,0.0,100000.06973277777,6.973277777433395e-11,293.15,1.7462298274040884e-13,0.0,0.0,0.0,0.0,0.0,1.0,293.15,1.0,DRESS,0.5116916794551565,293.15,0.0,0.0
degraded_ups_3s_interruption_during_dress,DRESSING_WATER_SUPPORT,333,3.3200000000000003,3.33,True,0.0,1.8141837221180655e-21,BYPASS,0.0,0.0,True,0.003400765036890879,0.0,0.00013019386991974243,0.0,100000.06484333426,6.48433342576027e-11,293.15,5.238689482211877e-13,0.0,0.0,0.0,0.0,0.0,1.0,293.15,1.0,DRESS,0.5116916794551565,293.15,0.0,0.0
degraded_ups_3s_interruption_during_dress,DRESSING_WATER_SUPPORT,334,3.33,3.34,True,0.0,1.4513469776944524e-21,BYPASS,0.0,0.0,True,0.003230726785046335,0.0,0.00011749996760256755,0.0,100000.0603031367,6.030313670635224e-11,293.15,3.4924596548080475e-13,0.0,0.0,0.0,0.0,0.0,1.0,293.15,1.0,DRESS,0.5116916794551565,293.15,0.0,0.0
degraded_ups_3s_interruption_during_dress,DRESSING_WATER_SUPPORT,335,3.34,3.35,True,0.0,1.1610775821555619e-21,BYPASS,0.0,0.0,True,0.0030691904457940183,0.0,0.00010604372076131724,0.0,100000.05611218512,5.611218512058258e-11,293.15,-3.4924596548080475e-13,0.0,0.0,0.0,0.0,0.0,1.0,293.15,1.0,DRESS,0.5116916794551565,293.15,0.0,0.0
degraded_ups_3s_interruption_during_dress,DRESSING_WATER_SUPPORT,336,3.35,3.36,True,0.0,9.288620657244495e-22,BYPASS,0.0,0.0,True,0.0029157309235043173,0.0,9.570445798708878e-05,0.0,100000.05215406418,5.21540641784668e-11,293.15,9.313225746154793e-13,0.0,0.0,0.0,0.0,0.0,1.0,293.15,1.0,DRESS,0.5116916794551565,293.15,0.0,0.0
degraded_ups_3s_interruption_during_dress,DRESSING_WATER_SUPPORT,337,3.36,3.37,True,0.0,7.430896525795595e-22,BYPASS,0.0,0.0,True,0.0027699443773291014,0.0,8.637327333334762e-05,0.0,100000.0485451892,4.8545189201831816e-11,293.15,-6.402842700481356e-13,0.0,0.0,0.0,0.0,0.0,1.0,293.15,1.0,DRESS,0.5116916794551565,293.15,0.0,0.0
degraded_ups_3s_interruption_during_dress,DRESSING_WATER_SUPPORT,338,3.37,3.38,True,0.0,5.944717220636476e-22,BYPASS,0.0,0.0,True,0.0026314471584626465,0.0,7.795187918334626e-05,0.0,100000.04516914487,4.516914486885071e-11,293.15,-2.3283064365388276e-13,0.0,0.0,0.0,0.0,0.0,1.0,293.15,1.0,DRESS,0.5116916794551565,293.15,0.0,0.0
degraded_ups_3s_interruption_during_dress,DRESSING_WATER_SUPPORT,339,3.38,3.39,True,0.0,4.755773776509181e-22,BYPASS,0.0,0.0,True,0.002499874800539514,0.0,7.035157096296998e-05,0.0,100000.04202593118,4.2025931179523467e-11,293.15,-1.7462298274039591e-13,0.0,0.0,0.0,0.0,0.0,1.0,293.15,1.0,DRESS,0.5116916794551565,293.15,0.0,0.0
degraded_ups_3s_interruption_during_dress,DRESSING_WATER_SUPPORT,340,3.39,3.4,True,0.0,3.8046190212073445e-22,BYPASS,0.0,0.0,True,0.0023748810605125383,0.0,6.349229279408041e-05,0.0,100000.03911554813,3.91155481338501e-11,293.15,-4.656612873077397e-13,0.0,0.0,0.0,0.0,0.0,1.0,293.15,1.0,DRESS,0.5116916794551565,293.15,0.0,0.0
degraded_ups_3s_interruption_during_dress,DRESSING_WATER_SUPPORT,341,3.4,3.41,True,0.0,3.0436952169658757e-22,BYPASS,0.0,0.0,True,0.0022561370074869113,0.0,5.7301794246657564e-05,0.0,100000.03637978807,3.637978807091713e-11,293.15,1.4551915228367188e-13,0.0,0.0,0.0,0.0,0.0,1.0,293.15,1.0,DRESS,0.5116916794551565,293.15,0.0,0.0
degraded_ups_3s_interruption_during_dress,DRESSING_WATER_SUPPORT,342,3.41,3.42,True,0.0,2.4349561735727007e-22,BYPASS,0.0,0.0,True,0.0021433301571125657,0.0,5.171486930760846e-05,0.0,100000.03387685865,3.387685865163803e-11,293.15,-7.56699591875077e-13,0.0,0.0,0.0,0.0,0.0,1.0,293.15,1.0,DRESS,0.5116916794551565,293.15,0.0,0.0
degraded_ups_3s_interruption_during_dress,DRESSING_WATER_SUPPORT,343,3.42,3.43,True,0.0,1.9479649388581606e-22,BYPASS,0.0,0.0,True,0.0020361636492569374,0.0,4.667266955011661e-05,0.0,100000.03154855222,3.154855221509934e-11,293.15,-7.56699591875077e-13,0.0,0.0,0.0,0.0,0.0,1.0,293.15,1.0,DRESS,0.5116916794551565,293.15,0.0,0.0
degraded_ups_3s_interruption_during_dress,DRESSING_WATER_SUPPORT,344,3.43,3.44,True,0.0,1.5583719510865286e-22,BYPASS,0.0,0.0,True,0.0019343554667940906,0.0,4.2122084268980256e-05,0.0,100000.0293366611,2.9336661100387573e-11,293.15,2.3283064365386984e-13,0.0,0.0,0.0,0.0,0.0,1.0,293.15,1.0,DRESS,0.5116916794551565,293.15,0.0,0.0
degraded_ups_3s_interruption_during_dress,DRESSING_WATER_SUPPORT,345,3.44,3.45,True,0.0,1.246697560869223e-22,BYPASS,0.0,0.0,True,0.001837637693454386,0.0,3.801518105275468e-05,0.0,100000.02729939297,2.7299392968416212e-11,293.15,-2.0372681319713288e-13,0.0,0.0,0.0,0.0,0.0,1.0,293.15,1.0,DRESS,0.5116916794551565,293.15,0.0,0.0
degraded_ups_3s_interruption_during_dress,DRESSING_WATER_SUPPORT,346,3.45,3.46,True,0.0,9.973580486953783e-23,BYPASS,0.0,0.0,True,0.0017457558087816667,0.0,3.43087009001111e-05,0.0,100000.02537854016,2.537854015827179e-11,293.15,3.4924596548080475e-13,0.0,0.0,0.0,0.0,0.0,1.0,293.15,1.0,DRESS,0.5116916794551565,293.15,0.0,0.0
degraded_ups_3s_interruption_during_dress,DRESSING_WATER_SUPPORT,347,3.46,3.47,True,0.0,7.978864389563026e-23,BYPASS,0.0,0.0,True,0.0016584680183425835,0.0,3.0963602562350264e-05,0.0,100000.02363231033,2.363231033086777e-11,293.15,-5.238689482212071e-13,0.0,0.0,0.0,0.0,0.0,1.0,293.15,1.0,DRESS,0.5116916794551565,293.15,0.0,0.0
degraded_ups_3s_interruption_during_dress,DRESSING_WATER_SUPPORT,348,3.47,3.48,True,0.0,6.38309151165042e-23,BYPASS,0.0,0.0,True,0.0015755446174254544,0.0,2.7944651312521127e-05,0.0,100000.02200249583,2.200249582529068e-11,293.15,-4.0745362639426575e-13,0.0,0.0,0.0,0.0,0.0,1.0,293.15,1.0,DRESS,0.5116916794551565,293.15,0.0,0.0
degraded_ups_3s_interruption_during_dress,DRESSING_WATER_SUPPORT,349,3.48,3.49,True,0.0,5.106473209320336e-23,BYPASS,0.0,0.0,True,0.0014967673865541817,0.0,2.5220047809550307e-05,0.0,100000.02048909664,2.0489096641540526e-11,293.15,-4.656612873077397e-13,0.0,0.0,0.0,0.0,0.0,1.0,293.15,1.0,DRESS,0.5116916794551565,293.15,0.0,0.0
degraded_ups_3s_interruption_during_dress,DRESSING_WATER_SUPPORT,350,3.49,3.5,True,0.0,4.085178567456269e-23,BYPASS,0.0,0.0,True,0.0014219290172264726,0.0,2.2761093148119153e-05,0.0,100000.01909211278,1.909211277961731e-11,293.15,-6.984919309616063e-13,0.0,0.0,0.0,0.0,0.0,1.0,293.15,1.0,DRESS,0.5116916794551565,293.15,0.0,0.0
degraded_ups_3s_interruption_during_dress,DRESSING_WATER_SUPPORT,351,3.5,3.5100000000000002,True,0.0,3.268142853965015e-23,BYPASS,0.0,0.0,True,0.001350832566365149,0.0,2.0541886566177536e-05,0.0,100000.01775333658,1.775333657860756e-11,293.15,1.4551915228366865e-13,0.0,0.0,0.0,0.0,0.0,1.0,293.15,1.0,DRESS,0.5116916794551565,293.15,0.0,0.0
degraded_ups_3s_interruption_during_dress,DRESSING_WATER_SUPPORT,352,3.5100000000000002,3.52,True,0.0,2.614514283172012e-23,BYPASS,0.0,0.0,True,0.0012832909380468915,0.0,1.853905262597523e-05,0.0,100000.0165309757,1.6530975699424742e-11,293.15,-3.492459654808015e-13,0.0,0.0,0.0,0.0,0.0,1.0,293.15,1.0,DRESS,0.5116916794551565,293.15,0.0,0.0
degraded_ups_3s_interruption_during_dress,DRESSING_WATER_SUPPORT,353,3.52,3.5300000000000002,True,0.0,2.0916114265376096e-23,BYPASS,0.0,0.0,True,0.001219126391144547,0.0,1.6731494994942644e-05,0.0,100000.01536682248,1.5366822481155396e-11,293.15,2.3283064365386984e-13,0.0,0.0,0.0,0.0,0.0,1.0,293.15,1.0,DRESS,0.5116916794551565,293.15,0.0,0.0
degraded_ups_3s_interruption_during_dress,DRESSING_WATER_SUPPORT,354,3.5300000000000002,3.54,True,0.0,1.6732891412300876e-23,BYPASS,0.0,0.0,True,0.0011581700715873197,0.0,1.510017423293574e-05,0.0,100000.01431908458,1.4319084584712982e-11,293.15,-5.238689482212071e-13,0.0,0.0,0.0,0.0,0.0,1.0,293.15,1.0,DRESS,0.5116916794551565,293.15,0.0,0.0
degraded_ups_3s_interruption_during_dress,DRESSING_WATER_SUPPORT,355,3.54,3.5500000000000003,True,0.0,1.3386313129840702e-23,BYPASS,0.0,0.0,True,0.0011002615680079538,0.0,1.3627907245224505e-05,0.0,100000.01332955435,1.3329554349184037e-11,293.15,-2.037268131971361e-13,0.0,0.0,0.0,0.0,0.0,1.0,293.15,1.0,DRESS,0.5116916794551565,293.15,0.0,0.0
degraded_ups_3s_interruption_during_dress,DRESSING_WATER_SUPPORT,356,3.5500000000000003,3.56,True,0.0,1.0709050503872562e-23,BYPASS,0.0,0.0,True,0.001045248489607556,0.0,1.2299186288815115e-05,0.0,100000.01239823177,1.2398231774568557e-11,293.15,2.910383045673373e-14,0.0,0.0,0.0,0.0,0.0,1.0,293.15,1.0,DRESS,0.5116916794551565,293.15,0.0,0.0
degraded_ups_3s_interruption_during_dress,DRESSING_WATER_SUPPORT,357,3.56,3.5700000000000003,True,0.0,8.567240403098049e-24,BYPASS,0.0,0.0,True,0.0009929860651271781,0.0,1.110001562565564e-05,0.0,100000.01152511686,1.1525116860866547e-11,293.15,1.7462298274039915e-13,0.0,0.0,0.0,0.0,0.0,1.0,293.15,1.0,DRESS,0.5116916794551565,293.15,0.0,0.0
degraded_ups_3s_interruption_during_dress,DRESSING_WATER_SUPPORT,358,3.5700000000000003,3.58,True,0.0,6.853792322478438e-24,BYPASS,0.0,0.0,True,0.0009433367618708193,0.0,1.0017764102154216e-05,0.0,100000.01071020961,1.0710209608078003e-11,293.15,2.3283064365386984e-13,0.0,0.0,0.0,0.0,0.0,1.0,293.15,1.0,DRESS,0.5116916794551565,293.15,0.0,0.0
degraded_ups_3s_interruption_during_dress,DRESSING_WATER_SUPPORT,359,3.58,3.59,True,0.0,5.483033857982751e-24,BYPASS,0.0,0.0,True,0.0008961699237772784,0.0,9.04103210219418e-06,0.0,100000.00995351002,9.953510016202927e-12,293.15,2.037268131971361e-13,0.0,0.0,0.0,0.0,0.0,1.0,293.15,1.0,DRESS,0.5116916794551565,293.15,0.0,0.0
degraded_ups_3s_interruption_during_dress,DRESSING_WATER_SUPPORT,360,3.59,3.6,True,0.0,4.386427086386201e-24,BYPASS,0.0,0.0,True,0.0008513614275884145,0.0,8.159531472230248e-06,0.0,100000.00925501809,9.255018085241318e-12,293.15,8.73114913702028e-14,0.0,0.0,0.0,0.0,0.0,1.0,293.15,1.0,DRESS,0.5116916794551565,293.15,0.0,0.0
degraded_ups_3s_interruption_during_dress,DRESSING_WATER_SUPPORT,361,3.6,3.61,True,0.0,3.5091416691089606e-24,BYPASS,0.0,0.0,True,0.0008087933562089938,0.0,7.363977153687801e-06,0.0,100000.00861473382,8.614733815193176e-12,293.15,-1.164153218269333e-13,0.0,0.0,0.0,0.0,0.0,1.0,293.15,1.0,DRESS,0.5116916794551565,293.15,0.0,0.0
degraded_ups_3s_interruption_during_dress,DRESSING_WATER_SUPPORT,362,3.61,3.62,True,0.0,2.8073133352871683e-24,BYPASS,0.0,0.0,True,0.0007683536883985441,0.0,6.6459893812032395e-06,0.0,100000.0080326572,8.032657206058503e-12,293.15,-4.074536263942722e-13,0.0,0.0,0.0,0.0,0.0,1.0,293.15,1.0,DRESS,0.5116916794551565,293.15,0.0,0.0
degraded_ups_3s_interruption_during_dress,DRESSING_WATER_SUPPORT,363,3.62,3.63,True,0.0,2.2458506682297346e-24,BYPASS,0.0,0.0,True,0.0007299360039786168,0.0,5.998005416535922e-06,0.0,100000.0074505806,7.450580596923828e-12,293.15,4.656612873077397e-13,0.0,0.0,0.0,0.0,0.0,1.0,293.15,1.0,DRESS,0.5116916794551565,293.15,0.0,0.0
degraded_ups_3s_interruption_during_dress,DRESSING_WATER_SUPPORT,364,3.63,3.64,True,0.0,1.7966805345837875e-24,BYPASS,0.0,0.0,True,0.000693439203779686,0.0,5.41319988842367e-06,0.0,100000.00692671165,6.926711648702621e-12,293.15,8.731149137020119e-14,0.0,0.0,0.0,0.0,0.0,1.0,293.15,1.0,DRESS,0.5116916794551565,293.15,0.0,0.0
degraded_ups_3s_interruption_during_dress,DRESSING_WATER_SUPPORT,365,3.64,3.65,True,0.0,1.43734442766703e-24,BYPASS,0.0,0.0,True,0.0006587672435907016,0.0,4.885412899302361e-06,0.0,100000.0064028427,6.402842700481415e-12,293.15,8.731149137020103e-13,0.0,0.0,0.0,0.0,0.0,1.0,293.15,1.0,DRESS,0.5116916794551565,293.15,0.0,0.0
degraded_ups_3s_interruption_during_dress,DRESSING_WATER_SUPPORT,366,3.65,3.66,True,0.0,1.149875542133624e-24,BYPASS,0.0,0.0,True,0.0006258288814111665,0.0,4.4090851416203805e-06,0.0,100000.00593718141,5.937181413173675e-12,293.15,4.074536263942722e-13,0.0,0.0,0.0,0.0,0.0,1.0,293.15,1.0,DRESS,0.5116916794551565,293.15,0.0,0.0
degraded_ups_3s_interruption_during_dress,DRESSING_WATER_SUPPORT,367,3.66,3.67,True,0.0,9.199004337068992e-25,BYPASS,0.0,0.0,True,0.0005945374373406082,0.0,3.979199340312393e-06,0.0,100000.00552972779,5.529727786779404e-12,293.15,-1.4551915228366865e-13,0.0,0.0,0.0,0.0,0.0,1.0,293.15,1.0,DRESS,0.5116916794551565,293.15,0.0,0.0
degraded_ups_3s_interruption_during_dress,DRESSING_WATER_SUPPORT,368,3.67,3.68,True,0.0,7.359203469655193e-25,BYPASS,0.0,0.0,True,0.0005648105654735778,0.0,3.5912274046319356e-06,0.0,100000.00512227416,5.1222741603851315e-12,293.15,4.656612873077397e-13,0.0,0.0,0.0,0.0,0.0,1.0,293.15,1.0,DRESS,0.5116916794551565,293.15,0.0,0.0
degraded_ups_3s_interruption_during_dress,DRESSING_WATER_SUPPORT,369,3.68,3.69,True,0.0,5.887362775724155e-25,BYPASS,0.0,0.0,True,0.0005365700371998989,0.0,3.241082732680321e-06,0.0,100000.0047730282,4.7730281949043276e-12,293.15,-1.7462298274040157e-13,0.0,0.0,0.0,0.0,0.0,1.0,293.15,1.0,DRESS,0.5116916794551565,293.15,0.0,0.0
degraded_ups_3s_interruption_during_dress,DRESSING_WATER_SUPPORT,370,3.69,3.7,True,0.0,4.709890220579323e-25,BYPASS,0.0,0.0,True,0.0005097415353399039,0.0,2.9250771662439897e-06,0.0,100000.00442378223,4.423782229423523e-12,293.15,3.4924596548080556e-13,0.0,0.0,0.0,0.0,0.0,1.0,293.15,1.0,DRESS,0.5116916794551565,293.15,0.0,0.0
degraded_ups_3s_interruption_during_dress,DRESSING_WATER_SUPPORT,371,3.7,3.71,True,0.0,3.7679121764634586e-25,BYPASS,0.0,0.0,True,0.0004842544585729087,0.0,2.639882142535201e-06,0.0,100000.00407453626,4.074536263942719e-12,293.15,8.731149137020111e-13,0.0,0.0,0.0,0.0,0.0,1.0,293.15,1.0,DRESS,0.5116916794551565,293.15,0.0,0.0
degraded_ups_3s_interruption_during_dress,DRESSING_WATER_SUPPORT,372,3.71,3.72,True,0.0,3.014329741170767e-25,BYPASS,0.0,0.0,True,0.0004600417356442633,0.0,2.382493633638019e-06,0.0,100000.00378349796,3.783497959375382e-12,293.15,1.4551915228366865e-13,0.0,0.0,0.0,0.0,0.0,1.0,293.15,1.0,DRESS,0.5116916794551565,293.15,0.0,0.0
degraded_ups_3s_interruption_during_dress,DRESSING_WATER_SUPPORT,373,3.72,3.73,True,0.0,2.4114637929366135e-25,BYPASS,0.0,0.0,True,0.00043703964886205015,0.0,2.150200504358312e-06,0.0,100000.00349245965,3.4924596548080443e-12,293.15,5.820766091346746e-13,0.0,0.0,0.0,0.0,0.0,1.0,293.15,1.0,DRESS,0.5116916794551565,293.15,0.0,0.0
degraded_ups_3s_interruption_during_dress,DRESSING_WATER_SUPPORT,374,3.73,3.74,True,0.0,1.9291710343492907e-25,BYPASS,0.0,0.0,True,0.00041518766641894766,0.0,1.9405559551833772e-06,0.0,100000.00325962901,3.259629011154175e-12,293.15,-2.3283064365386984e-13,0.0,0.0,0.0,0.0,0.0,1.0,293.15,1.0,DRESS,0.5116916794551565,293.15,0.0,0.0
degraded_ups_3s_interruption_during_dress,DRESSING_WATER_SUPPORT,375,3.74,3.75,True,0.0,1.5433368274794325e-25,BYPASS,0.0,0.0,True,0.0003944282830980003,0.0,1.7513517495529976e-06,0.0,100000.00302679837,3.026798367500305e-12,293.15,1.1641532182693492e-13,0.0,0.0,0.0,0.0,0.0,1.0,293.15,1.0,DRESS,0.5116916794551565,293.15,0.0,0.0
degraded_ups_3s_interruption_during_dress,DRESSING_WATER_SUPPORT,376,3.75,3.7600000000000002,True,0.0,1.234669461983546e-25,BYPASS,0.0,0.0,True,0.0003747068689431003,0.0,1.5805949539715804e-06,0.0,100000.00279396772,2.7939677238464356e-12,293.15,4.656612873077389e-13,0.0,0.0,0.0,0.0,0.0,1.0,293.15,1.0,DRESS,0.5116916794551565,293.15,0.0,0.0
degraded_ups_3s_interruption_during_dress,DRESSING_WATER_SUPPORT,377,3.7600000000000002,3.77,True,0.0,9.877355695868368e-26,BYPASS,0.0,0.0,True,0.00035597152549594527,0.0,1.4264869459593516e-06,0.0,100000.00256113708,2.5611370801925658e-12,293.15,8.149072527885436e-13,0.0,0.0,0.0,0.0,0.0,1.0,293.15,1.0,DRESS,0.5116916794551565,293.15,0.0,0.0
degraded_ups_3s_interruption_during_dress,DRESSING_WATER_SUPPORT,378,3.77,3.7800000000000002,True,0.0,7.901884556694695e-26,BYPASS,0.0,0.0,True,0.000338172949221148,0.0,1.2874044687283146e-06,0.0,100000.0023865141,2.3865140974521638e-12,293.15,-8.731149137020078e-14,0.0,0.0,0.0,0.0,0.0,1.0,293.15,1.0,DRESS,0.5116916794551565,293.15,0.0,0.0
degraded_ups_3s_interruption_during_dress,DRESSING_WATER_SUPPORT,379,3.7800000000000002,3.79,True,0.0,6.321507645355755e-26,BYPASS,0.0,0.0,True,0.0003212643017600906,0.0,1.1618825330273036e-06,0.0,100000.00221189111,2.2118911147117614e-12,293.15,1.7462298274040278e-13,0.0,0.0,0.0,0.0,0.0,1.0,293.15,1.0,DRESS,0.5116916794551565,293.15,0.0,0.0
degraded_ups_3s_interruption_during_dress,DRESSING_WATER_SUPPORT,380,3.79,3.8000000000000003,True,0.0,5.057206116284604e-26,BYPASS,0.0,0.0,True,0.0003052010866720861,0.0,1.0485989860571418e-06,0.0,100000.0020954758,2.0954757928848265e-12,293.15,-8.149072527885432e-13,0.0,0.0,0.0,0.0,0.0,1.0,293.15,1.0,DRESS,0.5116916794551565,293.15,0.0,0.0
degraded_ups_3s_interruption_during_dress,DRESSING_WATER_SUPPORT,381,3.8000000000000003,3.81,True,0.0,4.045764893027683e-26,BYPASS,0.0,0.0,True,0.00028994103233848177,0.0,9.463605849165703e-07,0.0,100000.00197906047,1.979060471057892e-12,293.15,-6.402842700481416e-13,0.0,0.0,0.0,0.0,0.0,1.0,293.15,1.0,DRESS,0.5116916794551565,293.15,0.0,0.0
degraded_ups_3s_interruption_during_dress,DRESSING_WATER_SUPPORT,382,3.81,3.8200000000000003,True,0.0,3.2366119144221465e-26,BYPASS,0.0,0.0,True,0.0002754439807215577,0.0,8.540904278872049e-07,0.0,100000.00186264515,1.862645149230957e-12,293.15,-4.656612873077393e-13,0.0,0.0,0.0,0.0,0.0,1.0,293.15,1.0,DRESS,0.5116916794551565,293.15,0.0,0.0
degraded_ups_3s_interruption_during_dress,DRESSING_WATER_SUPPORT,383,3.8200000000000003,3.83,True,0.0,2.589289531537717e-26,BYPASS,0.0,0.0,True,0.0002616717816854798,0.0,7.708166111682024e-07,0.0,100000.00174622983,1.7462298274040222e-12,293.15,-2.910383045673369e-13,0.0,0.0,0.0,0.0,0.0,1.0,293.15,1.0,DRESS,0.5116916794551565,293.15,0.0,0.0
degraded_ups_3s_interruption_during_dress,DRESSING_WATER_SUPPORT,384,3.83,3.84,True,0.0,2.0714316252301737e-26,BYPASS,0.0,0.0,True,0.0002485881926012058,0.0,6.956619915793028e-07,0.0,100000.0016298145,1.6298145055770874e-12,293.15,-1.1641532182693492e-13,0.0,0.0,0.0,0.0,0.0,1.0,293.15,1.0,DRESS,0.5116916794551565,293.15,0.0,0.0
degraded_ups_3s_interruption_during_dress,DRESSING_WATER_SUPPORT,385,3.84,3.85,True,0.0,1.657145300184139e-26,BYPASS,0.0,0.0,True,0.00023615878297114553,0.0,6.278349474003208e-07,0.0,100000.00151339918,1.5133991837501525e-12,293.15,5.820766091346746e-14,0.0,0.0,0.0,0.0,0.0,1.0,293.15,1.0,DRESS,0.5116916794551565,293.15,0.0,0.0
degraded_ups_3s_interruption_during_dress,DRESSING_WATER_SUPPORT,386,3.85,3.86,True,0.0,1.325716240147311e-26,BYPASS,0.0,0.0,True,0.00022435084382258825,0.0,5.666210400287895e-07,0.0,100000.00139698386,1.3969838619232178e-12,293.15,2.3283064365386943e-13,0.0,0.0,0.0,0.0,0.0,1.0,293.15,1.0,DRESS,0.5116916794551565,293.15,0.0,0.0
degraded_ups_3s_interruption_during_dress,DRESSING_WATER_SUPPORT,387,3.86,3.87,True,0.0,1.060572992117849e-26,BYPASS,0.0,0.0,True,0.00021313330163145883,0.0,5.113754886259824e-07,0.0,100000.00128056854,1.2805685400962829e-12,293.15,4.074536263942718e-13,0.0,0.0,0.0,0.0,0.0,1.0,293.15,1.0,DRESS,0.5116916794551565,293.15,0.0,0.0
degraded_ups_3s_interruption_during_dress,DRESSING_WATER_SUPPORT,388,3.87,3.88,True,0.0,8.484583936942791e-27,BYPASS,0.0,0.0,True,0.0002024766365498859,0.0,4.615163784849492e-07,0.0,100000.00116415322,1.1641532182693482e-12,293.15,5.820766091346742e-13,0.0,0.0,0.0,0.0,0.0,1.0,293.15,1.0,DRESS,0.5116916794551565,293.15,0.0,0.0
degraded_ups_3s_interruption_during_dress,DRESSING_WATER_SUPPORT,389,3.88,3.89,True,0.0,6.787667149554233e-27,BYPASS,0.0,0.0,True,0.0001923528047223916,0.0,4.165185315826667e-07,0.0,100000.0010477379,1.0477378964424133e-12,293.15,7.566995918750766e-13,0.0,0.0,0.0,0.0,0.0,1.0,293.15,1.0,DRESS,0.5116916794551565,293.15,0.0,0.0
degraded_ups_3s_interruption_during_dress,DRESSING_WATER_SUPPORT,390,3.89,3.9,True,0.0,5.430133719643386e-27,BYPASS,0.0,0.0,True,0.00018273516448627202,0.0,3.7590797475335665e-07,0.0,100000.00093132257,9.313225746154785e-13,293.15,9.313225746154785e-13,0.0,0.0,0.0,0.0,0.0,1.0,293.15,1.0,DRESS,0.5116916794551565,293.15,0.0,0.0
degraded_ups_3s_interruption_during_dress,DRESSING_WATER_SUPPORT,391,3.9,3.91,True,0.0,4.344106975714709e-27,BYPASS,0.0,0.0,True,0.00017359840626195841,0.0,3.3925694721490435e-07,0.0,100000.00087311491,8.731149137020111e-13,293.15,-1.4551915228366845e-13,0.0,0.0,0.0,0.0,0.0,1.0,293.15,1.0,DRESS,0.5116916794551565,293.15,0.0,0.0
degraded_ups_3s_interruption_during_dress,DRESSING_WATER_SUPPORT,392,3.91,3.92,True,0.0,3.475285580571767e-27,BYPASS,0.0,0.0,True,0.0001649184859488605,0.0,3.0617939486145117e-07,0.0,100000.00081490725,8.149072527885437e-13,293.15,-5.820766091346746e-14,0.0,0.0,0.0,0.0,0.0,1.0,293.15,1.0,DRESS,0.5116916794551565,293.15,0.0,0.0
degraded_ups_3s_interruption_during_dress,DRESSING_WATER_SUPPORT,393,3.92,3.93,True,0.0,2.7802284644574135e-27,BYPASS,0.0,0.0,True,0.0001566725616514175,0.0,2.763269038624597e-07,0.0,100000.00075669959,7.566995918750763e-13,293.15,2.910383045673373e-14,0.0,0.0,0.0,0.0,0.0,1.0,293.15,1.0,DRESS,0.5116916794551565,293.15,0.0,0.0
degraded_ups_3s_interruption_during_dress,DRESSING_WATER_SUPPORT,394,3.93,3.94,True,0.0,2.2241827715659308e-27,BYPASS,0.0,0.0,True,0.00014883893356884662,0.0,2.4938503073587e-07,0.0,100000.00069849193,6.984919309616089e-13,293.15,1.1641532182693472e-13,0.0,0.0,0.0,0.0,0.0,1.0,293.15,1.0,DRESS,0.5116916794551565,293.15,0.0,0.0
degraded_ups_3s_interruption_during_dress,DRESSING_WATER_SUPPORT,395,3.94,3.95,True,0.0,1.7793462172527445e-27,BYPASS,0.0,0.0,True,0.0001413969868904043,0.0,2.2506999023912265e-07,0.0,100000.00064028427,6.402842700481414e-13,293.15,2.037268131971359e-13,0.0,0.0,0.0,0.0,0.0,1.0,293.15,1.0,DRESS,0.5116916794551565,293.15,0.0,0.0
degraded_ups_3s_interruption_during_dress,DRESSING_WATER_SUPPORT,396,3.95,3.96,True,0.0,1.4234769738021956e-27,BYPASS,0.0,0.0,True,0.00013432713754588408,0.0,2.031256661908082e-07,0.0,100000.00058207661,5.820766091346741e-13,293.15,2.910383045673371e-13,0.0,0.0,0.0,0.0,0.0,1.0,293.15,1.0,DRESS,0.5116916794551565,293.15,0.0,0.0
degraded_ups_3s_interruption_during_dress,DRESSING_WATER_SUPPORT,397,3.96,3.97,True,0.0,1.1387815790417565e-27,BYPASS,0.0,0.0,True,0.0001276107806685899,0.0,1.8332091373720446e-07,0.0,100000.00058207661,5.820766091346741e-13,293.15,-8.731149137020111e-13,0.0,0.0,0.0,0.0,0.0,1.0,293.15,1.0,DRESS,0.5116916794551565,293.15,0.0,0.0
degraded_ups_3s_interruption_during_dress,DRESSING_WATER_SUPPORT,398,3.97,3.98,True,0.0,9.110252632334051e-28,BYPASS,0.0,0.0,True,0.0001212302416351604,0.0,1.65447124647827e-07,0.0,100000.00058207661,5.820766091346741e-13,293.15,-8.731149137020111e-13,0.0,0.0,0.0,0.0,0.0,1.0,293.15,1.0,DRESS,0.5116916794551565,293.15,0.0,0.0
degraded_ups_3s_interruption_during_dress,DRESSING_WATER_SUPPORT,399,3.98,3.99,True,0.0,7.2882021058672405e-28,BYPASS,0.0,0.0,True,0.00011516872955340238,0.0,1.493160299946639e-07,0.0,100000.00058207661,5.820766091346741e-13,293.15,-8.731149137020111e-13,0.0,0.0,0.0,0.0,0.0,1.0,293.15,1.0,DRESS,0.5116916794551565,293.15,0.0,0.0
degraded_ups_3s_interruption_during_dress,DRESSING_WATER_SUPPORT,400,3.99,4.0,True,0.0,5.830561684693793e-28,BYPASS,0.0,0.0,True,0.00010941029307573226,0.0,1.3475771707018414e-07,0.0,100000.00058207661,5.820766091346741e-13,293.15,-8.731149137020111e-13,0.0,0.0,0.0,0.0,0.0,1.0,293.15,1.0,DRESS,0.5116916794551565,293.15,0.0,0.0
degraded_ups_3s_interruption_during_dress,DRESSING_WATER_SUPPORT,401,4.0,4.01,False,1.0,0.19999999999999998,RECOVERY,5.0,0.0,True,0.00010393977842194564,0.0,1.216188396558412e-07,0.0,100000.00058207661,5.820766091346741e-13,293.15,-8.731149137020111e-13,0.0,0.0,0.0,0.0,0.0,1.0,293.15,1.0,DRESS,0.5116916794551565,293.15,0.0,0.0
degraded_ups_3s_interruption_during_dress,DRESSING_WATER_SUPPORT,402,4.01,4.0200000000000005,False,1.0,0.36,RECOVERY,10.0,0.0,True,9.874278950084836e-05,0.0,1.0976100278939668e-07,0.0,100000.00058207661,5.820766091346741e-13,293.15,-8.731149137020111e-13,0.0,0.0,0.0,0.0,0.0,1.0,293.15,1.0,DRESS,0.5116916794551565,293.15,0.0,0.0
degraded_ups_3s_interruption_during_dress,DRESSING_WATER_SUPPORT,403,4.0200000000000005,4.03,False,1.0,0.488,RECOVERY,15.0,0.0,True,9.380565002580594e-05,0.0,9.905930501743049e-08,0.0,100000.00058207661,5.820766091346741e-13,293.15,-8.731149137020111e-13,0.0,0.0,0.0,0.0,0.0,1.0,293.15,1.0,DRESS,0.5116916794551565,293.15,0.0,0.0
degraded_ups_3s_interruption_during_dress,DRESSING_WATER_SUPPORT,404,4.03,4.04,False,1.0,0.5904,RECOVERY,20.0,0.0,True,8.911536752451564e-05,0.0,8.940102277823101e-08,0.0,100000.00058207661,5.820766091346741e-13,293.15,-8.731149137020111e-13,0.0,0.0,0.0,0.0,0.0,1.0,293.15,1.0,DRESS,0.5116916794551565,293.15,0.0,0.0
degraded_ups_3s_interruption_during_dress,DRESSING_WATER_SUPPORT,405,4.04,4.05,False,1.0,0.67232,RECOVERY,25.0,0.0,True,8.465959914828985e-05,0.0,8.068442305735347e-08,0.0,100000.00058207661,5.820766091346741e-13,293.15,-8.731149137020111e-13,0.0,0.0,0.0,0.0,0.0,1.0,293.15,1.0,DRESS,0.5116916794551565,293.15,0.0,0.0
degraded_ups_3s_interruption_during_dress,DRESSING_WATER_SUPPORT,406,4.05,4.0600000000000005,False,1.0,0.7378560000000001,RECOVERY,30.0,0.0,True,8.042661919087536e-05,0.0,7.281769180926151e-08,0.0,100000.00058207661,5.820766091346741e-13,293.15,-8.731149137020111e-13,0.0,0.0,0.0,0.0,0.0,1.0,293.15,1.0,DRESS,0.5116916794551565,293.15,0.0,0.0
degraded_ups_3s_interruption_during_dress,DRESSING_WATER_SUPPORT,407,4.0600000000000005,4.07,False,1.0,0.7902848,RECOVERY,35.0,0.0,True,7.64052882313316e-05,0.0,6.571796685785852e-08,0.0,100000.00058207661,5.820766091346741e-13,293.15,-8.731149137020111e-13,0.0,0.0,0.0,0.0,0.0,1.0,293.15,1.0,DRESS,0.5116916794551565,293.15,0.0,0.0
degraded_ups_3s_interruption_during_dress,DRESSING_WATER_SUPPORT,408,4.07,4.08,False,1.0,0.83222784,RECOVERY,40.0,0.0,True,7.258502381976502e-05,0.0,5.931046508921733e-08,0.0,100000.00058207661,5.820766091346741e-13,293.15,-8.731149137020111e-13,0.0,0.0,0.0,0.0,0.0,1.0,293.15,1.0,DRESS,0.5116916794551565,293.15,0.0,0.0
degraded_ups_3s_interruption_during_dress,DRESSING_WATER_SUPPORT,409,4.08,4.09,False,1.0,0.865782272,RECOVERY,45.0,0.0,True,6.895577262877677e-05,0.0,5.352769474301865e-08,0.0,100000.00058207661,5.820766091346741e-13,293.15,-8.731149137020111e-13,0.0,0.0,0.0,0.0,0.0,1.0,293.15,1.0,DRESS,0.5116916794551565,293.15,0.0,0.0
degraded_ups_3s_interruption_during_dress,DRESSING_WATER_SUPPORT,410,4.09,4.1,False,1.0,0.8926258176,RECOVERY,50.0,0.0,True,6.550798399733794e-05,0.0,4.830874450557432e-08,0.0,100000.00058207661,5.820766091346741e-13,293.15,-8.731149137020111e-13,0.0,0.0,0.0,0.0,0.0,1.0,293.15,1.0,DRESS,0.5116916794551565,293.15,0.0,0.0
degraded_ups_3s_interruption_during_dress,DRESSING_WATER_SUPPORT,411,4.1,4.11,False,1.0,0.9141006540800001,RECOVERY,55.0,0.0,True,6.223258479747104e-05,0.0,4.359864191628083e-08,0.0,100000.00058207661,5.820766091346741e-13,293.15,-8.731149137020111e-13,0.0,0.0,0.0,0.0,0.0,1.0,293.15,1.0,DRESS,0.5116916794551565,293.15,0.0,0.0
degraded_ups_3s_interruption_during_dress,DRESSING_WATER_SUPPORT,412,4.11,4.12,False,1.0,0.931280523264,RECOVERY,60.0,0.0,True,5.912095555759749e-05,0.0,3.934777432944345e-08,0.0,100000.00058207661,5.820766091346741e-13,293.15,-8.731149137020111e-13,0.0,0.0,0.0,0.0,0.0,1.0,293.15,1.0,DRESS,0.5116916794551565,293.15,0.0,0.0
degraded_ups_3s_interruption_during_dress,DRESSING_WATER_SUPPORT,413,4.12,4.13,False,1.0,0.9450244186112,RECOVERY,65.0,0.0,True,5.616490777971761e-05,0.0,3.5511366332322707e-08,0.0,100000.00058207661,5.820766091346741e-13,293.15,-8.731149137020111e-13,0.0,0.0,0.0,0.0,0.0,1.0,293.15,1.0,DRESS,0.5116916794551565,293.15,0.0,0.0
degraded_ups_3s_interruption_during_dress,DRESSING_WATER_SUPPORT,414,4.13,4.14,False,1.0,0.95601953488896,RECOVERY,70.0,0.0,True,5.335666239073173e-05,0.0,3.204900811492124e-08,0.0,100000.00058207661,5.820766091346741e-13,293.15,-8.731149137020111e-13,0.0,0.0,0.0,0.0,0.0,1.0,293.15,1.0,DRESS,0.5116916794551565,293.15,0.0,0.0
degraded_ups_3s_interruption_during_dress,DRESSING_WATER_SUPPORT,415,4.14,4.15,False,1.0,0.9648156279111679,RECOVERY,75.0,0.0,True,5.068882927119514e-05,0.0,2.8924229823716418e-08,0.0,100000.00058207661,5.820766091346741e-13,293.15,-8.731149137020111e-13,0.0,0.0,0.0,0.0,0.0,1.0,293.15,1.0,DRESS,0.5116916794551565,293.15,0.0,0.0
degraded_ups_3s_interruption_during_dress,DRESSING_WATER_SUPPORT,416,4.15,4.16,False,1.0,0.9718525023289344,RECOVERY,80.0,0.0,True,4.8154387807635384e-05,0.0,2.6104117415904074e-08,0.0,100000.00058207661,5.820766091346741e-13,293.15,-8.731149137020111e-13,0.0,0.0,0.0,0.0,0.0,1.0,293.15,1.0,DRESS,0.5116916794551565,293.15,0.0,0.0
degraded_ups_3s_interruption_during_dress,DRESSING_WATER_SUPPORT,417,4.16,4.17,False,1.0,0.9774820018631475,RECOVERY,85.0,0.0,True,4.574666841725361e-05,0.0,2.355896596785342e-08,0.0,100000.00058207661,5.820766091346741e-13,293.15,-8.731149137020111e-13,0.0,0.0,0.0,0.0,0.0,1.0,293.15,1.0,DRESS,0.5116916794551565,293.15,0.0,0.0
degraded_ups_3s_interruption_during_dress,DRESSING_WATER_SUPPORT,418,4.17,4.18,False,1.0,0.981985601490518,RECOVERY,90.0,0.0,True,4.345933499639093e-05,0.0,2.1261966785987707e-08,0.0,100000.00058207661,5.820766091346741e-13,293.15,-8.731149137020111e-13,0.0,0.0,0.0,0.0,0.0,1.0,293.15,1.0,DRESS,0.5116916794551565,293.15,0.0,0.0
degraded_ups_3s_interruption_during_dress,DRESSING_WATER_SUPPORT,419,4.18,4.19,False,1.0,0.9855884811924144,RECOVERY,95.0,0.0,True,4.128636824657138e-05,0.0,1.9188925024353904e-08,0.0,100000.00058207661,5.820766091346741e-13,293.15,-8.731149137020111e-13,0.0,0.0,0.0,0.0,0.0,1.0,293.15,1.0,DRESS,0.5116916794551565,293.15,0.0,0.0
degraded_ups_3s_interruption_during_dress,DRESSING_WATER_SUPPORT,420,4.19,4.2,False,1.0,0.9884707849539315,RECOVERY,100.0,0.0,True,3.9222049834242816e-05,0.0,1.7318004834479404e-08,0.0,100000.00058207661,5.820766091346741e-13,293.15,-8.731149137020111e-13,0.0,0.0,0.0,0.0,0.0,1.0,293.15,1.0,DRESS,0.5116916794551565,293.15,0.0,0.0
degraded_ups_3s_interruption_during_dress,DRESSING_WATER_SUPPORT,421,4.2,4.21,False,1.0,0.9907766279631451,RECOVERY,105.0,0.0,True,3.7260947342530674e-05,0.0,1.562949936311766e-08,0.0,100000.00058207661,5.820766091346741e-13,293.15,-8.731149137020111e-13,0.0,0.0,0.0,0.0,0.0,1.0,293.15,1.0,DRESS,0.5116916794551565,293.15,0.0,0.0
degraded_ups_3s_interruption_during_dress,DRESSING_WATER_SUPPORT,422,4.21,4.22,False,1.0,0.9926213023705162,RECOVERY,110.0,0.0,True,3.539789997540414e-05,0.0,1.4105623175213688e-08,0.0,100000.00058207661,5.820766091346741e-13,293.15,-8.731149137020111e-13,0.0,0.0,0.0,0.0,0.0,1.0,293.15,1.0,DRESS,0.5116916794551565,293.15,0.0,0.0
degraded_ups_3s_interruption_during_dress,DRESSING_WATER_SUPPORT,423,4.22,4.23,False,1.0,0.9940970418964129,RECOVERY,115.0,0.0,True,3.362800497663393e-05,0.0,1.273032491563035e-08,0.0,100000.00058207661,5.820766091346741e-13,293.15,-8.731149137020111e-13,0.0,0.0,0.0,0.0,0.0,1.0,293.15,1.0,DRESS,0.5116916794551565,293.15,0.0,0.0
degraded_ups_3s_interruption_during_dress,DRESSING_WATER_SUPPORT,424,4.23,4.24,False,1.0,0.9952776335171303,RECOVERY,120.0,0.0,True,3.194660472780223e-05,0.0,1.1489118236356394e-08,0.0,100000.00058207661,5.820766091346741e-13,293.15,-8.731149137020111e-13,0.0,0.0,0.0,0.0,0.0,1.0,293.15,1.0,DRESS,0.5116916794551565,293.15,0.0,0.0
degraded_ups_3s_interruption_during_dress,DRESSING_WATER_SUPPORT,425,4.24,4.25,False,1.0,0.9962221068137043,RECOVERY,125.0,0.0,True,3.034927449141212e-05,0.0,1.0368929208311644e-08,0.0,100000.00058207661,5.820766091346741e-13,293.15,-8.731149137020111e-13,0.0,0.0,0.0,0.0,0.0,1.0,293.15,1.0,DRESS,0.5116916794551565,293.15,0.0,0.0
degraded_ups_3s_interruption_during_dress,DRESSING_WATER_SUPPORT,426,4.25,4.26,False,1.0,0.9969776854509634,GRID,130.0,0.0,True,2.8831810766841514e-05,0.0,9.357958610501257e-09,0.0,100000.00058207661,5.820766091346741e-13,293.15,-8.731149137020111e-13,0.0,0.0,0.0,0.0,0.0,1.0,293.15,1.0,DRESS,0.5116916794551565,293.15,0.0,0.0
degraded_ups_3s_interruption_during_dress,DRESSING_WATER_SUPPORT,427,4.26,4.2700000000000005,False,1.0,0.9975821483607707,GRID,135.0,0.0,True,2.739022022849944e-05,0.0,8.445557645977383e-09,0.0,100000.00058207661,5.820766091346741e-13,293.15,-8.731149137020111e-13,0.0,0.0,0.0,0.0,0.0,1.0,293.15,1.0,DRESS,0.5116916794551565,293.15,0.0,0.0
degraded_ups_3s_interruption_during_dress,DRESSING_WATER_SUPPORT,428,4.2700000000000005,4.28,False,1.0,0.9980657186886166,GRID,140.0,1.0,False,5.000027390220229,7.502492557196442e-06,0.0005820766090778307,-5.684341886080802e-14,100348.9536466077,3.48953646607697e-07,293.15,7.966631386291433e-13,0.0,0.0,0.0,0.0,0.0,1.0,293.15,1.0,DRESS,0.5116916794551565,293.15,0.0,0.0
degraded_ups_3s_interruption_during_dress,DRESSING_WATER_SUPPORT,429,4.28,4.29,False,1.0,0.9984525749508932,GRID,145.0,1.0,False,10.000027390220229,1.2464272190925865e-05,348.9536466076969,-1.1368683772161603e-13,100904.34163575992,9.043416357599199e-07,293.15,-4.575847316887812e-14,0.0,0.0,0.0,0.0,0.0,1.0,293.15,1.0,DRESS,0.5116916794551565,293.15,0.0,0.0
degraded_ups_3s_interruption_during_dress,DRESSING_WATER_SUPPORT,430,4.29,4.3,False,1.0,0.9987620599607145,GRID,150.0,1.0,False,15.000027390220229,1.80475918505616e-05,904.3416357599199,0.0,101680.67088816315,1.6806708881631493e-06,293.15,4.702522855978223e-13,0.0,0.0,0.0,0.0,0.0,1.0,293.15,1.0,DRESS,0.5116916794551565,293.15,0.0,0.0
degraded_ups_3s_interruption_during_dress,DRESSING_WATER_SUPPORT,431,4.3,4.3100000000000005,False,1.0,0.9990096479685716,GRID,155.0,1.0,False,20.00002739022023,2.3758337439933006e-05,1680.6708881631494,0.0,102668.45372971147,2.668453729711473e-06,293.15,1.4399322934097875e-14,0.0,0.0,0.0,0.0,0.0,1.0,293.15,1.0,DRESS,0.5116916794551565,293.15,0.0,0.0
degraded_ups_3s_interruption_during_dress,DRESSING_WATER_SUPPORT,432,4.3100000000000005,4.32,False,1.0,0.9992077183748573,GRID,160.0,1.0,False,25.00002739022023,2.955477448715292e-05,2668.453729711473,0.0,103856.92319832742,3.856923198327422e-06,293.15,3.1734280459515263e-13,0.0,0.0,0.0,0.0,0.0,1.0,293.15,1.0,DRESS,0.5116916794551565,293.15,0.0,0.0
degraded_ups_3s_interruption_during_dress,DRESSING_WATER_SUPPORT,433,4.32,4.33,False,1.0,0.9993661746998859,GRID,165.0,1.0,False,30.00002739022023,3.542523472399555e-05,3856.9231983274212,-9.094947017729282e-13,105235.52088998258,5.235520889982581e-06,293.15,-4.440815018502426e-13,0.0,0.0,0.0,0.0,0.0,1.0,293.15,1.0,DRESS,0.5116916794551565,293.15,0.0,0.0
degraded_ups_3s_interruption_during_dress,DRESSING_WATER_SUPPORT,434,4.33,4.34,False,1.0,0.9994929397599087,GRID,170.0,1.0,False,35.000027390220225,4.136372758234621e-05,5235.520889982581,0.0,106794.14626210928,6.794146262109279e-06,293.15,7.466483215121805e-13,0.0,0.0,0.0,0.0,0.0,1.0,293.15,1.0,DRESS,0.5116916794551565,293.15,0.0,0.0
degraded_ups_3s_interruption_during_dress,DRESSING_WATER_SUPPORT,435,4.34,4.3500000000000005,False,1.0,0.999594351807927,GRID,175.0,1.0,False,40.000027390220225,4.7365989024500553e-05,6794.146262109283,3.637978807091713e-12,108523.20529520512,8.523205295205116e-06,293.15,4.1977614553866463e-13,0.0,0.0,0.0,0.0,0.0,1.0,293.15,1.0,DRESS,0.5116916794551565,293.15,0.0,0.0
degraded_ups_3s_interruption_during_dress,DRESSING_WATER_SUPPORT,436,4.3500000000000005,4.36,False,1.0,0.9996754814463416,GRID,180.0,1.0,False,45.000027390220225,5.34284842517391e-05,8523.205295205116,0.0,110413.60886301845,1.0413608863018453e-05,293.15,-3.9905531407525424e-13,0.0,0.0,0.0,0.0,0.0,1.0,293.15,1.0,DRESS,0.5116916794551565,293.15,0.0,0.0
degraded_ups_3s_interruption_during_dress,DRESSING_WATER_SUPPORT,437,4.36,4.37,False,1.0,0.9997403851570732,GRID,185.0,1.0,False,50.000027390220225,5.954807993768194e-05,10413.60886301845,-3.637978807091713e-12,112456.75614336506,1.2456756143365055e-05,293.15,1.1570231535015796e-13,0.0,0.0,0.0,0.0,0.0,1.0,293.15,1.0,DRESS,0.5116916794551565,293.15,0.0,0.0
degraded_ups_3s_interruption_during_dress,DRESSING_WATER_SUPPORT,438,4.37,4.38,False,1.0,0.9997923081256586,GRID,190.0,1.0,False,55.000027390220225,6.572191236706845e-05,12456.756143365052,-3.637978807091713e-12,114644.51325591654,1.4644513255916535e-05,293.15,2.3216404655950623e-13,0.0,0.0,0.0,0.0,0.0,1.0,293.15,1.0,DRESS,0.5116916794551565,293.15,0.0,0.0
degraded_ups_3s_interruption_during_dress,DRESSING_WATER_SUPPORT,439,4.38,4.39,False,1.0,0.9998338465005269,GRID,195.0,1.0,False,60.000027390220225,7.194732467760156e-05,14644.513255916536,0.0,116969.19021196663,1.6969190211966633e-05,293.15,2.3864964231136085e-13,0.0,0.0,0.0,0.0,0.0,1.0,293.15,1.0,DRESS,0.5116916794551565,293.15,0.0,0.0
degraded_ups_3s_interruption_during_dress,DRESSING_WATER_SUPPORT,440,4.39,4.4,False,1.0,0.9998670772004215,GRID,200.0,1.0,False,65.00002739022023,7.822183270190348e-05,16969.190211966627,-7.275957614183426e-12,119423.51798061281,1.9423517980612816e-05,293.15,3.580606473753585e-13,0.0,0.0,0.0,0.0,0.0,1.0,293.15,1.0,DRESS,0.5116916794551565,293.15,0.0,0.0
degraded_ups_3s_interruption_during_dress,DRESSING_WATER_SUPPORT,441,4.4,4.41,False,1.0,0.9998936617603371,GRID,205.0,1.0,False,70.00002739022023,8.454310332786592e-05,19423.51798061282,7.275957614183426e-12,122000.62619522214,2.200062619522214e-05,293.15,-2.571537749992796e-13,0.0,0.0,0.0,0.0,0.0,1.0,293.15,1.0,DRESS,0.5116916794551565,293.15,0.0,0.0
degraded_ups_3s_interruption_during_dress,DRESSING_WATER_SUPPORT,442,4.41,4.42,False,1.0,0.9999149294082696,GRID,210.0,1.0,False,75.00002739022023,9.09089392126854e-05,22000.626195222132,-7.275957614183426e-12,124694.02155838907,2.4694021558389068e-05,293.15,-3.882367721036971e-13,0.0,0.0,0.0,0.0,0.0,1.0,293.15,1.0,DRESS,0.5116916794551565,293.15,0.0,0.0
degraded_ups_3s_interruption_during_dress,DRESSING_WATER_SUPPORT,443,4.42,4.43,False,1.0,0.9999319435266157,GRID,215.0,1.0,False,80.00002739022023,9.731726720440836e-05,24694.021558389068,0.0,127497.56735283881,2.7497567352838813e-05,293.15,2.86155200555048e-13,0.0,0.0,0.0,0.0,0.0,1.0,293.15,1.0,DRESS,0.5116916794551565,293.15,0.0,0.0
degraded_ups_3s_interruption_during_dress,DRESSING_WATER_SUPPORT,444,4.43,4.44,False,1.0,0.9999455548212925,GRID,220.0,1.0,False,85.00002739022023,0.00010376612870217637,27497.56735283882,7.275957614183426e-12,130405.4640000686,3.0405464000068603e-05,293.15,-2.425223447088433e-13,0.0,0.0,0.0,0.0,0.0,1.0,293.15,1.0,DRESS,0.5116916794551565,293.15,0.0,0.0
degraded_ups_3s_interruption_during_dress,DRESSING_WATER_SUPPORT,445,4.44,4.45,False,1.0,0.9999564438570341,GRID,225.0,1.0,False,90.00002739022023,0.00011025367138369379,30405.464000068612,7.275957614183426e-12,133412.23031748086,3.3412230317480865e-05,293.15,-4.407726557332202e-13,0.0,0.0,0.0,0.0,0.0,1.0,293.15,1.0,DRESS,0.5116916794551565,293.15,0.0,0.0
degraded_ups_3s_interruption_during_dress,DRESSING_WATER_SUPPORT,446,4.45,4.46,False,1.0,0.9999651550856272,GRID,230.0,1.0,False,94.92502602070921,0.00011664074346495158,33412.23031748086,0.0,136506.29532057792,3.650629532057792e-05,293.15,4.221435484161318e-13,0.0,0.0,0.0,0.0,0.0,1.0,293.15,1.0,DRESS,0.5116916794551565,293.15,0.0,0.0
degraded_ups_3s_interruption_during_dress,DRESSING_WATER_SUPPORT,447,4.46,4.47,False,1.0,0.9999721240685018,GRID,235.0,1.0,False,99.60377471967375,0.00012261905969894346,36506.29532057792,0.0,139662.55660634488,3.966255660634488e-05,293.15,-9.259130463214194e-13,0.0,0.0,0.0,0.0,0.0,1.0,293.15,1.0,DRESS,0.5116916794551565,293.15,0.0,0.0
degraded_ups_3s_interruption_during_dress,DRESSING_WATER_SUPPORT,448,4.47,4.48,False,1.0,0.9999776992548014,GRID,240.0,1.0,False,104.04858598369006,0.0001282271776885378,39662.556606344864,-1.4551915228366852e-11,142859.4562690705,4.2859456269070503e-05,293.15,3.0419501011007266e-14,0.0,0.0,0.0,0.0,0.0,1.0,293.15,1.0,DRESS,0.5116916794551565,293.15,0.0,0.0
degraded_ups_3s_interruption_during_dress,DRESSING_WATER_SUPPORT,449,4.48,4.49,False,1.0,0.9999821594038412,GRID,245.0,1.0,False,108.27115668450556,0.00013349665268165035,42859.45626907049,-1.4551915228366852e-11,146078.40825337917,4.6078408253379163e-05,293.15,6.154083996958229e-13,0.0,0.0,0.0,0.0,0.0,1.0,293.15,1.0,DRESS,0.5116916794551565,293.15,0.0,0.0
degraded_ups_3s_interruption_during_dress,DRESSING_WATER_SUPPORT,450,4.49,4.5,False,1.0,0.9999857275230729,GRID,250.0,1.0,False,112.28259885028028,0.00013845408437851965,46078.40825337915,-1.4551915228366852e-11,149303.3603997901,4.930336039979011e-05,293.15,8.506156255706429e-13,0.0,0.0,0.0,0.0,0.0,1.0,293.15,1.0,DRESS,0.5116916794551565,293.15,0.0,0.0
degraded_ups_3s_interruption_during_dress,DRESSING_WATER_SUPPORT,451,4.5,4.51,False,1.0,0.9999885820184583,GRID,255.0,1.0,False,116.09346890776627,0.0001431224243427226,49303.36039979011,0.0,152520.4479927197,5.252044799271971e-05,293.15,4.950510081079898e-13,0.0,0.056009955393771335,0.0,0.0,0.0,1.0,293.15,1.0,DRESS,0.5116916794551565,293.15,0.0,0.0
degraded_ups_3s_interruption_during_dress,DRESSING_WATER_SUPPORT,452,4.51,4.5200000000000005,False,1.0,0.9999908656147667,GRID,260.0,1.0,False,119.71379546237796,0.00014752184287036024,52520.44799271971,0.0,155717.71174436435,5.571771174436435e-05,293.15,2.2092091068841302e-13,0.0,0.12706026098587447,0.0,0.0,0.0,1.0,293.15,1.0,DRESS,0.5116916794551565,293.15,0.0,0.0
degraded_ups_3s_interruption_during_dress,DRESSING_WATER_SUPPORT,453,4.5200000000000005,4.53,False,1.0,0.9999926924918133,GRID,265.0,1.0,False,123.15310568925906,0.00015167032328699948,55717.71174436434,-1.4551915228366852e-11,158884.86315961927,5.8884863159619274e-05,293.15,2.4247216647704795e-13,0.0,0.19744140354709494,0.0,0.0,0.0,1.0,293.15,1.0,DRESS,0.5116916794551565,293.15,0.0,0.0
degraded_ups_3s_interruption_during_dress,DRESSING_WATER_SUPPORT,454,4.53,4.54,False,1.0,0.9999941539934507,GRID,270.0,1.0,False,126.42045040479611,0.00015558408170453756,58884.86315961926,-1.4551915228366852e-11,162013.0858151242,6.201308581512422e-05,293.15,-1.2824760513546057e-13,0.0,0.26695746255831587,0.0,0.0,0.0,1.0,293.15,1.0,DRESS,0.5116916794551565,293.15,0.0,0.0
degraded_ups_3s_interruption_during_dress,DRESSING_WATER_SUPPORT,455,4.54,4.55,False,1.0,0.9999953231947606,GRID,275.0,1.0,False,129.5244278845563,0.0001592778717609606,62013.08581512423,1.4551915228366852e-11,165094.8645779863,6.50948645779863e-05,293.15,-3.632605690860255e-13,0.0,0.335441435066362,0.0,0.0,0.0,1.0,293.15,1.0,DRESS,0.5116916794551565,293.15,0.0,0.0
degraded_ups_3s_interruption_during_dress,DRESSING_WATER_SUPPORT,456,4.55,4.5600000000000005,False,1.0,0.9999962585558084,GRID,280.0,1.0,False,132.4732064903285,0.00016276521162254774,65094.8645779863,0.0,168123.8373508677,6.812383735086769e-05,293.15,1.3861842581988984e-13,0.0,0.40275194113039314,0.0,0.0,0.0,1.0,293.15,1.0,DRESS,0.5116916794551565,293.15,0.0,0.0
degraded_ups_3s_interruption_during_dress,DRESSING_WATER_SUPPORT,457,4.5600000000000005,4.57,False,1.0,0.9999970068446468,GRID,285.0,1.0,False,135.27454616581207,0.00016605855705746346,68123.83735086769,0.0,171094.6653271094,7.10946653271094e-05,293.15,-4.580347941749753e-13,0.0,0.46877034060243106,0.0,0.0,0.0,1.0,293.15,1.0,DRESS,0.5116916794551565,293.15,0.0,0.0
degraded_ups_3s_interruption_during_dress,DRESSING_WATER_SUPPORT,458,4.57,4.58,False,1.0,0.9999976054757174,GRID,290.0,1.0,False,137.93581885752147,0.00016916943630502395,71094.6653271094,0.0,174002.91826343164,7.400291826343164e-05,293.15,1.8343164579501595e-13,0.0,0.5333981836318142,0.0,0.0,0.0,1.0,293.15,1.0,DRESS,0.5116916794551565,293.15,0.0,0.0
degraded_ups_3s_interruption_during_dress,DRESSING_WATER_SUPPORT,459,4.58,4.59,False,1.0,0.9999980843805739,GRID,295.0,1.0,False,140.46402791464538,0.00017210855760485262,74002.91826343164,0.0,176844.97314039618,7.684497314039617e-05,293.15,3.5496757443131965e-13,0.0,0.5965549586754705,0.0,0.0,0.0,1.0,293.15,1.0,DRESS,0.5116916794551565,293.15,0.0,0.0
degraded_ups_3s_interruption_during_dress,DRESSING_WATER_SUPPORT,460,4.59,4.6000000000000005,False,1.0,0.9999984675044591,GRID,300.0,1.0,False,142.8658265189131,0.00017488589623011093,76844.97314039615,-2.9103830456733704e-11,179617.92370770127,7.961792370770126e-05,293.15,-6.775427251583602e-13,0.0,0.6581760823933612,0.0,0.0,0.0,1.0,293.15,1.0,DRESS,0.5116916794551565,293.15,0.0,0.0
degraded_ups_3s_interruption_during_dress,DRESSING_WATER_SUPPORT,461,4.6000000000000005,4.61,False,1.0,0.9999987740035673,GRID,305.0,1.0,False,145.14753519296747,0.000177510766509067,79617.92370770127,0.0,182319.49957553297,8.231949957553297e-05,293.15,-2.1086660249945016e-13,0.022090472147933138,0.7182111016785103,0.022090472147933138,0.022090472147933138,0.022090472147933138,1.0,293.15,1.0,DRESS,0.5116936210571585,293.15,0.0,0.0
degraded_ups_3s_interruption_during_dress,DRESSING_WATER_SUPPORT,462,4.61,4.62,False,1.0,0.9999990192028538,GRID,310.0,1.0,False,147.31515843331908,0.00017999188235403728,82319.49957553291,-5.820766091346741e-11,184947.99409527332,8.494799409527331e-05,293.15,8.163204473824424e-13,0.047123753288317465,0.7766220910060737,0.047123753288317465,0.047123753288317416,0.047123753288317416,1.0,293.15,1.0,DRESS,0.5116977628975371,293.15,0.0,0.0
degraded_ups_3s_interruption_during_dress,DRESSING_WATER_SUPPORT,463,4.62,4.63,False,1.0,0.9999992153622831,GRID,315.0,1.0,False,149.37440051165314,0.00018233740865376442,84947.99409527332,0.0,187502.19957437366,8.750219957437366e-05,293.15,-2.8980300554063906e-13,0.07144951975593981,0.833382212763859,0.07144951975593981,0.07144951975593983,0.07144951975593983,1.0,293.15,1.0,DRESS,0.5117040427452232,293.15,0.0,0.0
degraded_ups_3s_interruption_during_dress,DRESSING_WATER_SUPPORT,464,4.63,4.64,False,1.0,0.9999993722898265,GRID,320.0,1.0,False,151.3306804860705,0.0001845550057020051,87502.19957437369,2.9103830456733704e-11,189981.34871944785,8.998134871944785e-05,293.15,-2.786504615373206e-13,0.09506046399474151,0.8884744159877301,0.09506046399474151,0.09506046399474155,0.09506046399474155,1.0,293.15,1.0,DRESS,0.5117123977005966,293.15,0.0,0.0
degraded_ups_3s_interruption_during_dress,DRESSING_WATER_SUPPORT,465,4.64,4.65,False,1.0,0.9999994978318612,GRID,325.0,1.0,False,153.18914646176697,0.00018665186821357528,89981.34871944782,-2.9103830456733704e-11,192385.062482208,9.238506248220801e-05,293.15,-7.6493998445561e-13,0.11795297602102867,0.9418902773824002,0.11795297602102867,0.11795297602102872,0.11795297602102872,1.0,293.15,1.0,DRESS,0.5117227645232322,293.15,0.0,0.0
degraded_ups_3s_interruption_during_dress,DRESSING_WATER_SUPPORT,466,4.65,4.66,False,1.0,0.9999995982654889,GRID,330.0,1.0,False,154.95468913867862,0.00018863475950507333,92385.06248220801,0.0,194713.3027948439,9.471330279484391e-05,293.15,-9.399105097202855e-13,0.14012669328422792,0.9936289509965315,0.14012669328422792,0.1401266932842279,0.1401266932842279,1.0,293.15,1.0,DRESS,0.5117350799200026,293.15,0.0,0.0
degraded_ups_3s_interruption_during_dress,DRESSING_WATER_SUPPORT,467,4.66,4.67,False,1.0,0.9999996786123911,GRID,335.0,1.0,False,156.63195468174467,0.0001905100421434658,94713.30279484391,0.0,196966.33013663813,9.696633013663814e-05,293.15,1.0262412664455156e-13,0.16158409653941078,1.0,0.16158409653941078,0.16158409653941075,0.16158409653941075,1.0,293.15,1.0,DRESS,0.5117492807975578,293.15,0.0,0.0
degraded_ups_3s_interruption_during_dress,DRESSING_WATER_SUPPORT,468,4.67,4.68,False,1.0,0.9999997428899129,GRID,340.0,1.0,False,158.22535694765745,0.00019228370542419214,96966.33013663813,0.0,199144.66552436352,9.914466552436352e-05,293.15,-6.168608037023481e-13,0.18233014785108131,1.0,0.18233014785108131,0.18233014785108126,0.18233014785108126,1.0,293.15,1.0,DRESS,0.5117653044828671,293.15,0.0,0.0
degraded_ups_3s_interruption_during_dress,DRESSING_WATER_SUPPORT,469,4.68,4.69,False,1.0,0.9999997943119303,GRID,345.0,1.0,False,159.73908910027458,0.00019396139013850262,99144.66552436352,0.0,201309.98538807034,0.0001,293.15,1.7033089890795827e-13,0.2029522417911462,1.0,0.2029522417911462,0.20295224179114624,0.20295224179114624,1.0,293.15,1.0,DRESS,0.5117831399096884,293.15,0.0,0.0
degraded_ups_3s_interruption_during_dress,DRESSING_WATER_SUPPORT,470,4.69,4.7,False,1.0,0.9999998354495443,GRID,350.0,1.0,False,161.17713464526085,0.0001955172505870535,101309.98538807037,2.9103830456733704e-11,203498.38819820434,0.0001,293.15,2.852714538117279e-13,0.2237941733162319,1.0,0.2237941733162319,0.22379417331623186,0.22379417331623186,1.0,293.15,1.0,DRESS,0.5118028062045469,293.15,0.0,0.0
degraded_ups_3s_interruption_during_dress,DRESSING_WATER_SUPPORT,471,4.7,4.71,False,1.0,0.9999998683596354,GRID,355.0,1.0,False,162.5432779129978,0.00019693914393296286,103498.3881982044,5.820766091346741e-11,205702.7759961784,0.0001,293.15,-2.4607343886064864e-14,0.24478834282074663,1.0,0.24478834282074663,0.24478834282074668,0.24478834282074668,1.0,293.15,1.0,DRESS,0.5118243165304005,293.15,0.0,0.0
degraded_ups_3s_interruption_during_dress,DRESSING_WATER_SUPPORT,472,4.71,4.72,False,1.0,0.9999998946877083,GRID,360.0,1.0,False,163.8411140173479,0.00019823687658513544,105702.77599617836,-2.9103830456733704e-11,207916.70228354633,0.0001,293.15,-3.0399652657360846e-13,0.2658733550813938,1.0,0.2658733550813938,0.26587335508139387,0.26587335508139387,1.0,293.15,1.0,DRESS,0.5118476786324248,293.15,0.0,0.0
degraded_ups_3s_interruption_during_dress,DRESSING_WATER_SUPPORT,473,4.72,4.73,False,1.0,0.9999999157501667,GRID,365.0,1.0,False,165.07405831648052,0.00019941946783481795,107916.70228354636,2.9103830456733704e-11,210134.31777246296,0.0001,293.15,-8.297462516333384e-13,0.28699350259488554,1.0,0.28699350259488554,0.28699350259488554,0.28699350259488554,1.0,293.15,1.0,DRESS,0.5118728953385752,293.15,0.0,0.0
degraded_ups_3s_interruption_during_dress,DRESSING_WATER_SUPPORT,474,4.73,4.74,False,1.0,0.9999999326001333,GRID,370.0,1.0,False,166.24535540065648,0.0002004952344918289,110134.31777246302,5.820766091346741e-11,212350.3214912489,0.0001,293.15,-6.295143917321548e-13,0.30809829991665644,1.0,0.30809829991665644,0.3080982999166564,0.3080982999166564,1.0,293.15,1.0,DRESS,0.5118999650193865,293.15,0.0,0.0
degraded_ups_3s_interruption_during_dress,DRESSING_WATER_SUPPORT,475,4.74,4.75,False,1.0,0.9999999460801067,GRID,375.0,1.0,False,167.35808763062366,0.0002014718629619958,112350.32149124888,-2.9103830456733704e-11,214559.91672119126,0.0001,293.15,2.553140262141068e-15,0.3291420640113455,1.0,0.3291420640113455,0.3291420640113455,0.3291420640113455,1.0,293.15,1.0,DRESS,0.5119288820110274,293.15,0.0,0.0
degraded_ups_3s_interruption_during_dress,DRESSING_WATER_SUPPORT,476,4.75,4.76,False,1.0,0.9999999568640854,GRID,380.0,1.0,False,168.41518324909248,0.0002023564710028604,114559.91672119126,0.0,216758.77100788057,0.0001,293.15,-2.348661019900382e-13,0.35008353340838644,1.0,0.35008353340838644,0.3500835334083865,0.3500835334083865,1.0,293.15,1.0,DRESS,0.5119596370049989,293.15,0.0,0.0
degraded_ups_3s_interruption_during_dress,DRESSING_WATER_SUPPORT,477,4.76,4.7700000000000005,False,1.0,0.9999999654912683,GRID,385.0,1.0,False,169.41942408663786,0.00020315566107271813,116758.77100788057,0.0,218942.97960679978,0.0001,293.15,-7.09066018519857e-13,0.37088552006476,1.0,0.37088552006476,0.37088552006476005,0.37088552006476005,1.0,293.15,1.0,DRESS,0.5119922174073308,293.15,0.0,0.0
degraded_ups_3s_interruption_during_dress,DRESSING_WATER_SUPPORT,478,4.7700000000000005,4.78,False,1.0,0.9999999723930146,GRID,390.0,1.0,False,170.37345288230597,0.0002038755667951235,118942.97960679984,5.820766091346741e-11,221109.0321885422,0.0001,293.15,-9.33995705754663e-13,0.39151459227183044,1.0,0.39151459227183044,0.3915145922718304,0.3915145922718304,1.0,293.15,1.0,DRESS,0.5120266076699828,293.15,0.0,0.0
degraded_ups_3s_interruption_during_dress,DRESSING_WATER_SUPPORT,479,4.78,4.79,False,1.0,0.9999999779144118,GRID,395.0,1.0,False,171.27978023819068,0.0002045218935778279,121109.03218854222,2.9103830456733704e-11,223253.78227978945,0.0001,293.15,6.129879590033305e-13,0.41194078361704256,1.0,0.41194078361704256,0.41194078361704256,0.41194078361704256,1.0,293.15,1.0,DRESS,0.5120627895967226,293.15,0.0,0.0
degraded_ups_3s_interruption_during_dress,DRESSING_WATER_SUPPORT,480,4.79,4.8,False,1.0,0.9999999823315294,GRID,400.0,1.0,False,172.14079122628115,0.00020509995440350082,123253.78227978945,0.0,225374.41949825734,0.0001,293.15,2.8501431493773224e-13,0.432137328554832,1.0,0.432137328554832,0.432137328554832,0.432137328554832,1.0,293.15,1.0,DRESS,0.512100742625803,293.15,0.0,0.0
degraded_ups_3s_interruption_during_dress,DRESSING_WATER_SUPPORT,481,4.8,4.8100000000000005,False,1.0,0.9999999858652235,GRID,405.0,1.0,False,172.95875166496708,0.0002056147013727919,125374.41949825731,-2.9103830456733704e-11,227468.44347566366,0.0001,293.15,8.683359614030176e-14,0.45208041405393984,1.0,0.45208041405393984,0.45208041405393984,0.45208041405393984,1.0,293.15,1.0,DRESS,0.5121404440908344,293.15,0.0,0.0
degraded_ups_3s_interruption_during_dress,DRESSING_WATER_SUPPORT,482,4.8100000000000005,4.82,False,1.0,0.9999999886921789,GRID,410.0,1.0,False,173.73581408171873,0.00020607075403017997,127468.44347566366,0.0,229533.64016721025,0.0001,293.15,1.1564305692516805e-13,0.47174895397343114,1.0,0.47174895397343114,0.4717489539734312,0.4717489539734312,1.0,293.15,1.0,DRESS,0.5121818694618373,293.15,0.0,0.0
degraded_ups_3s_interruption_during_dress,DRESSING_WATER_SUPPORT,483,4.82,4.83,False,1.0,0.9999999909537431,GRID,415.0,1.0,False,174.4740233776328,0.00020647242452840234,129533.64016721025,0.0,231568.0599072948,0.0001,293.15,-2.2693625407674278e-13,0.49112438006947456,1.0,0.49112438006947456,0.49112438006947456,0.49112438006947456,1.0,293.15,1.0,DRESS,0.5122249925679231,293.15,0.0,0.0
degraded_ups_3s_interruption_during_dress,DRESSING_WATER_SUPPORT,484,4.83,4.84,False,1.0,0.9999999927629946,GRID,420.0,1.0,False,175.17532220875114,0.00020682374026882125,131568.0599072948,0.0,233569.9970368296,0.0001,293.15,-8.402891623075955e-13,0.5101904479698056,1.0,0.5101904479698056,0.5101904479698056,0.5101904479698056,1.0,293.15,1.0,DRESS,0.5122697858029086,293.15,0.0,0.0
degraded_ups_3s_interruption_during_dress,DRESSING_WATER_SUPPORT,485,4.84,4.8500000000000005,False,1.0,0.9999999942103956,GRID,425.0,1.0,False,175.8415560983136,0.000207128464367536,133569.9970368296,0.0,235537.9709857516,0.0001,293.15,-1.0377998780437478e-13,0.5289330570071581,1.0,0.5289330570071581,0.5289330570071581,0.5289330570071581,1.0,293.15,1.0,DRESS,0.5123162203150715,293.15,0.0,0.0
degraded_ups_3s_interruption_during_dress,DRESSING_WATER_SUPPORT,486,4.8500000000000005,4.86,False,1.0,0.9999999953683165,GRID,430.0,1.0,False,176.4744782933979,0.00020739011422202206,135537.9709857516,0.0,237470.70892713964,0.0001,293.15,9.306914166748968e-13,0.5473400850203777,1.0,0.5473400850203777,0.5473400850203777,0.5473400850203777,1.0,293.15,1.0,DRESS,0.512364266182355,293.15,0.0,0.0
degraded_ups_3s_interruption_during_dress,DRESSING_WATER_SUPPORT,487,4.86,4.87,False,1.0,0.9999999962946532,GRID,435.0,1.0,False,177.07575437872802,0.00020761197830323374,137470.7089271396,-2.9103830456733704e-11,239367.12959548458,0.0001,293.15,1.3859254049302175e-13,0.5654012342427103,1.0,0.5654012342427103,0.5654012342427103,0.5654012342427103,1.0,293.15,1.0,DRESS,0.5124138925739872,293.15,0.0,0.0
degraded_ups_3s_interruption_during_dress,DRESSING_WATER_SUPPORT,488,4.87,4.88,False,1.0,0.9999999970357225,GRID,440.0,1.0,False,177.64696665979162,0.00020779713152030882,139367.12959548456,-2.9103830456733704e-11,241226.32797807455,0.0001,293.15,-1.2052778073550277e-13,0.583107885505472,1.0,0.583107885505472,0.583107885505472,0.583107885505472,1.0,293.15,1.0,DRESS,0.5124650678992425,293.15,0.0,0.0
degraded_ups_3s_interruption_during_dress,DRESSING_WATER_SUPPORT,489,4.88,4.89,False,1.0,0.999999997628578,GRID,445.0,1.0,False,178.18961832680205,0.0002079484494226208,141226.32797807455,0.0,243047.56140336394,0.0001,293.15,2.151509629092982e-13,0.6004529657463235,1.0,0.6004529657463235,0.6004529657463235,0.6004529657463235,1.0,293.15,1.0,DRESS,0.5125177599445068,293.15,0.0,0.0
degraded_ups_3s_interruption_during_dress,DRESSING_WATER_SUPPORT,490,4.89,4.9,False,1.0,0.9999999981028624,GRID,450.0,1.0,False,178.70513741046196,0.0002080686210915278,143047.561403364,5.820766091346741e-11,244830.23656066507,0.0001,293.15,-3.348273129024845e-13,0.6174308243872865,1.0,0.6174308243872865,0.6174308243872865,0.6174308243872865,1.0,293.15,1.0,DRESS,0.5125719359994229,293.15,0.0,0.0
degraded_ups_3s_interruption_during_dress,DRESSING_WATER_SUPPORT,491,4.9,4.91,False,1.0,0.9999999984822899,GRID,455.0,1.0,False,179.19488053993885,0.00020816016103421798,144830.23656066504,-2.9103830456733704e-11,246573.8972183317,0.0001,293.15,-7.282803375120717e-13,0.634037116365064,1.0,0.634037116365064,0.634037116365064,0.634037116365064,1.0,293.15,1.0,DRESS,0.5126275629726984,293.15,0.0,0.0
degraded_ups_3s_interruption_during_dress,DRESSING_WATER_SUPPORT,492,4.91,4.92,False,1.0,0.9999999987858319,GRID,460.0,1.0,False,179.6601365129419,0.00020822542026517843,146573.8972183317,0.0,248278.21287326515,0.0001,293.15,7.298768048822658e-13,0.6502686940310967,1.0,0.6502686940310967,0.6502686940310967,0.6502686940310967,1.0,293.15,1.0,DRESS,0.5126846074983527,293.15,0.0,0.0
degraded_ups_3s_interruption_during_dress,DRESSING_WATER_SUPPORT,493,4.92,4.93,False,1.0,0.9999999990286655,GRID,465.0,1.0,False,180.10212968729482,0.0002082665965256627,148278.21287326512,-2.9103830456733704e-11,249942.968506366,0.0001,293.15,-3.89537665632881e-13,0.6661235095844382,1.0,0.6661235095844382,0.6661235095844382,0.6661235095844382,1.0,293.15,1.0,DRESS,0.5127430360333253,293.15,0.0,0.0
degraded_ups_3s_interruption_during_dress,DRESSING_WATER_SUPPORT,494,4.93,4.94,False,1.0,0.9999999992229325,GRID,470.0,1.0,False,180.5220232029301,0.00020828574361028712,149942.968506366,0.0,251568.0543379858,0.0001,293.15,-1.9110177307789245e-13,0.6816005175046268,1.0,0.6816005175046268,0.6816005175046268,0.6816005175046268,1.0,293.15,1.0,DRESS,0.5128028149464487,293.15,0.0,0.0
degraded_ups_3s_interruption_during_dress,DRESSING_WATER_SUPPORT,495,4.94,4.95,False,1.0,0.9999999993783459,GRID,475.0,1.0,False,180.9209220427836,0.00020828478037652798,151568.0543379858,0.0,253153.45698036253,0.0001,293.15,-9.61187713081034e-13,0.6966995902891671,1.0,0.6966995902891671,0.6966995902891671,0.6966995902891671,1.0,293.15,1.0,DRESS,0.5128639105999503,293.15,0.0,0.0
degraded_ups_3s_interruption_during_dress,DRESSING_WATER_SUPPORT,496,4.95,4.96,False,1.0,0.9999999995026767,GRID,480.0,1.0,False,181.2998759406444,0.0002082654988043581,153153.45698036253,0.0,254699.25064826384,0.0001,293.15,1.222000270612901e-13,0.7114214347453699,1.0,0.7114214347453699,0.7114214347453699,0.7114214347453699,1.0,293.15,1.0,DRESS,0.5129262894235349,293.15,0.0,0.0
degraded_ups_3s_interruption_during_dress,DRESSING_WATER_SUPPORT,497,4.96,4.97,False,1.0,0.9999999996021414,GRID,485.0,1.0,False,181.65988214361218,0.00020822957178133364,154699.25064826384,0.0,256205.5895337835,0.0001,293.15,-6.959511871689524e-13,0.7257675193693667,1.0,0.7257675193693667,0.7257675193693667,0.7257675193693667,1.0,293.15,1.0,DRESS,0.5129899179820216,293.15,0.0,0.0
degraded_ups_3s_interruption_during_dress,DRESSING_WATER_SUPPORT,498,4.97,4.98,False,1.0,0.999999999681713,GRID,490.0,1.0,False,182.00188803643158,0.00020817856010977922,156205.5895337835,0.0,257672.7000065148,0.0001,293.15,6.51895980366456e-13,0.7397400000620458,1.0,0.7397400000620458,0.7397400000620458,0.7397400000620458,1.0,293.15,1.0,DRESS,0.5130547630363909,293.15,0.0,0.0
degraded_ups_3s_interruption_during_dress,DRESSING_WATER_SUPPORT,499,4.98,4.99,False,1.0,0.9999999997453705,GRID,495.0,1.0,False,182.32679363461,0.00020811391940261419,157672.70000651476,-2.9103830456733704e-11,259100.87409429252,0.0001,293.15,5.999132465209396e-13,0.7533416580408813,1.0,0.7533416580408813,0.7533416580408813,0.7533416580408813,1.0,293.15,1.0,DRESS,0.5131207915993131,293.15,0.0,0.0
degraded_ups_3s_interruption_during_dress,DRESSING_WATER_SUPPORT,500,4.99,5.0,False,1.0,0.9999999997962964,GRID,500.0,1.0,False,182.6354539528795,0.00020803700618930138,159100.8740942925,-2.9103830456733704e-11,260490.462789312,0.0001,293.15,8.942556981375582e-13,0.7665758360886857,1.0,0.7665758360886857,0.7665758360886857,0.7665758360886857,1.0,293.15,1.0,DRESS,0.5131879709850172,293.15,0.0,0.0
degraded_ups_3s_interruption_during_dress,DRESSING_WATER_SUPPORT,501,5.0,5.01,False,1.0,0.9999999998370371,GRID,500.0,1.0,False,182.92868125523552,0.0002079490839482414,160490.46278931198,-2.9103830456733704e-11,261841.87022736296,0.0001,293.15,7.354079977904722e-14,0.7794463831177425,1.0,0.7794463831177425,0.7794463831177425,0.7794463831177425,1.0,293.15,1.0,DRESS,0.5132562688542278,293.15,0.0,0.0
degraded_ups_3s_interruption_during_dress,DRESSING_WATER_SUPPORT,502,5.01,5.0200000000000005,False,1.0,0.9999999998696297,GRID,500.0,1.0,False,183.20724719247374,0.0002078513285773264,161841.87022736296,0.0,263155.5479252711,0.0001,293.15,6.565281731620281e-13,0.7919575992882961,1.0,0.7919575992882961,0.7919575992882961,0.7919575992882961,1.0,293.15,1.0,DRESS,0.5133256532542259,293.15,0.0,0.0
degraded_ups_3s_interruption_during_dress,DRESSING_WATER_SUPPORT,503,5.0200000000000005,5.03,False,1.0,0.9999999998957038,GRID,500.0,1.0,False,183.47188483285007,0.00020774483370719965,163155.54792527106,-2.9103830456733704e-11,264431.9898914546,0.0001,293.15,-5.621973088345937e-13,0.8041141894424245,1.0,0.8041141894424245,0.8041141894424245,0.8041141894424245,1.0,293.15,1.0,DRESS,0.5133960926547626,293.15,0.0,0.0
degraded_ups_3s_interruption_during_dress,DRESSING_WATER_SUPPORT,504,5.03,5.04,False,1.0,0.999999999916563,GRID,500.0,1.0,False,183.72329059120756,0.00020763061547645682,164431.98989145455,-2.9103830456733704e-11,265671.7275036499,0.0001,293.15,-5.192743987353279e-13,0.8159212143204752,1.0,0.8159212143204752,0.8159212143204752,0.8159212143204752,1.0,293.15,1.0,DRESS,0.5134675559796367,293.15,0.0,0.0
degraded_ups_3s_interruption_during_dress,DRESSING_WATER_SUPPORT,505,5.04,5.05,False,1.0,0.9999999999332504,GRID,500.0,1.0,False,183.96212606164718,0.00020750961731048667,165671.72750364992,2.9103830456733704e-11,266875.3252597526,0.0001,293.15,-4.4144324155316605e-13,0.8273840500928819,1.0,0.8273840500928819,0.8273840500928819,0.8273840500928819,1.0,293.15,1.0,DRESS,0.5135400126346653,293.15,0.0,0.0
degraded_ups_3s_interruption_during_dress,DRESSING_WATER_SUPPORT,506,5.05,5.0600000000000005,False,1.0,0.9999999999466003,GRID,500.0,1.0,False,184.18901975856483,0.00020738271418013006,166875.3252597526,2.9103830456733704e-11,268043.376528658,0.0001,293.15,5.376930522463415e-13,0.8385083478919807,1.0,0.8385083478919807,0.8385083478919807,0.8385083478919807,1.0,293.15,1.0,DRESS,0.5136134325320542,293.15,0.0,0.0
degraded_ups_3s_interruption_during_dress,DRESSING_WATER_SUPPORT,507,5.0600000000000005,5.07,False,1.0,0.9999999999572802,GRID,500.0,1.0,False,184.4045687706366,0.0002072507167676184,168043.37652865794,-2.9103830456733704e-11,269176.49982497096,0.0001,293.15,9.288731588096618e-13,0.8492999983330568,1.0,0.8492999983330568,0.8492999983330568,0.8492999983330568,1.0,293.15,1.0,DRESS,0.5136877861116054,293.15,0.0,0.0
degraded_ups_3s_interruption_during_dress,DRESSING_WATER_SUPPORT,508,5.07,5.08,False,1.0,0.9999999999658241,GRID,500.0,1.0,False,184.60934033210475,0.0002071143752937999,169176.499824971,2.9103830456733704e-11,270275.33520013094,0.0001,293.15,1.9053485392629514e-13,0.8597650971441042,1.0,0.8597650971441042,0.8597650971441042,0.8597650971441042,1.0,293.15,1.0,DRESS,0.5137630443588644,293.15,0.0,0.0
degraded_ups_3s_interruption_during_dress,DRESSING_WATER_SUPPORT,509,5.08,5.09,False,1.0,0.9999999999726593,GRID,500.0,1.0,False,184.80387331549952,0.00020697438320851487,170275.33520013094,0.0,271340.5408663675,0.0001,293.15,-5.494004841452745e-13,0.8699099130130241,1.0,0.8699099130130241,0.8699099130130241,0.8699099130130241,1.0,293.15,1.0,DRESS,0.5138391788204039,293.15,0.0,0.0
degraded_ups_3s_interruption_during_dress,DRESSING_WATER_SUPPORT,510,5.09,5.1000000000000005,False,1.0,0.9999999999781275,GRID,500.0,1.0,False,184.98867964972453,0.0002068313806930051,171340.54086636752,0.0,272372.79016990215,0.0001,293.15,-4.626385198872561e-13,0.8797408587609729,1.0,0.8797408587609729,0.8797408587609729,0.8797408587609729,1.0,293.15,1.0,DRESS,0.5139161616165372,293.15,0.0,0.0
degraded_ups_3s_interruption_during_dress,DRESSING_WATER_SUPPORT,511,5.1000000000000005,5.11,False,1.0,0.999999999982502,GRID,500.0,1.0,False,185.1642456672383,0.0002066859579223361,172372.7901699022,5.820766091346741e-11,273372.7687969804,0.0001,293.15,9.82281194995523e-13,0.8892644647331467,1.0,0.8892644647331467,0.8892644647331467,0.8892644647331467,1.0,293.15,1.0,DRESS,0.5139939654516622,293.15,0.0,0.0
degraded_ups_3s_interruption_during_dress,DRESSING_WATER_SUPPORT,512,5.11,5.12,False,1.0,0.9999999999860016,GRID,500.0,1.0,False,185.3310333838764,0.00020653865814768268,173372.76879698035,-2.9103830456733704e-11,274341.1723873578,0.0001,293.15,1.464553677713986e-13,0.8984873560700744,1.0,0.8984873560700744,0.8984873560700744,0.8984873560700744,1.0,293.15,1.0,DRESS,0.5140725636225749,293.15,0.0,0.0
degraded_ups_3s_interruption_during_dress,DRESSING_WATER_SUPPORT,513,5.12,5.13,False,1.0,0.9999999999888013,GRID,500.0,1.0,False,185.48948171468257,0.00020638998051716024,174341.1723873578,0.0,275278.70379853994,0.0001,293.15,3.942475584547706e-13,0.9074162266527613,1.0,0.9074162266527613,0.9074162266527613,0.9074162266527613,1.0,293.15,1.0,DRESS,0.5141519300244669,293.15,0.0,0.0
degraded_ups_3s_interruption_during_dress,DRESSING_WATER_SUPPORT,514,5.13,5.14,False,1.0,0.999999999991041,GRID,500.0,1.0,False,185.64000762894844,0.0002062403830045691,175278.70379853994,0.0,276186.0711267218,0.0001,293.15,8.775709278458377e-13,0.9160578202544936,1.0,0.9160578202544936,0.9160578202544936,0.9160578202544936,1.0,293.15,1.0,DRESS,0.5142320391552393,293.15,0.0,0.0
degraded_ups_3s_interruption_during_dress,DRESSING_WATER_SUPPORT,515,5.14,5.15,False,1.0,0.9999999999928328,GRID,500.0,1.0,False,185.78300724750102,0.00020609028491340794,176186.07112672177,-2.9103830456733704e-11,277063.9857277274,0.0001,293.15,2.9431948685935266e-14,0.9244189116926422,1.0,0.9244189116926422,0.9244189116926422,0.9244189116926422,1.0,293.15,1.0,DRESS,0.5143128661181371,293.15,0.0,0.0
degraded_ups_3s_interruption_during_dress,DRESSING_WATER_SUPPORT,516,5.15,5.16,False,1.0,0.9999999999942663,GRID,500.0,1.0,False,185.91885688512596,0.00020594006932456938,177063.9857277274,0.0,277913.1601797417,0.0001,293.15,1.9441319078694272e-13,0.9325062874261115,1.0,0.9325062874261115,0.9325062874261115,0.9325062874261115,1.0,293.15,1.0,DRESS,0.5143943866226572,293.15,0.0,0.0
degraded_ups_3s_interruption_during_dress,DRESSING_WATER_SUPPORT,517,5.16,5.17,False,1.0,0.999999999995413,GRID,500.0,1.0,False,186.04791404086967,0.00020579008551858683,177913.16017974168,0.0,278734.30682811886,0.0001,293.15,-8.630161980828412e-13,0.9403267316963702,1.0,0.9403267316963702,0.9403267316963702,0.9403267316963702,1.0,293.15,1.0,DRESS,0.5144765769842184,293.15,0.0,0.0
degraded_ups_3s_interruption_during_dress,DRESSING_WATER_SUPPORT,518,5.17,5.18,False,1.0,0.9999999999963304,GRID,500.0,1.0,False,186.17051833882618,0.0002056406510635889,178734.30682811886,0.0,279528.1359809451,0.0001,293.15,1.659197275015109e-14,0.9478870093423343,1.0,0.9478870093423343,0.9478870093423343,0.9478870093423343,1.0,293.15,1.0,DRESS,0.5145594141223047,293.15,0.0,0.0
degraded_ups_3s_interruption_during_dress,DRESSING_WATER_SUPPORT,519,5.18,5.19,False,1.0,0.9999999999970643,GRID,500.0,1.0,False,186.28699242188486,0.0002054920540229265,179528.13598094505,-2.9103830456733704e-11,280295.3548030928,0.0001,293.15,1.7842616896772065e-13,0.9551938552675504,1.0,0.9551938552675504,0.9551938552675504,0.9551938552675504,1.0,293.15,1.0,DRESS,0.5146428755576664,293.15,0.0,0.0
degraded_ups_3s_interruption_during_dress,DRESSING_WATER_SUPPORT,520,5.19,5.2,False,1.0,0.9999999999976514,GRID,500.0,1.0,False,186.3976428007906,0.00020534455477512392,180295.35480309278,0.0,281036.66591923684,0.0001,293.15,-5.073757271256956e-13,0.9622539611355891,1.0,0.9622539611355891,0.9622539611355891,0.9622539611355891,1.0,293.15,1.0,DRESS,0.5147269394083388,293.15,0.0,0.0
degraded_ups_3s_interruption_during_dress,DRESSING_WATER_SUPPORT,521,5.2,5.21,False,1.0,0.9999999999981212,GRID,500.0,1.0,False,186.50276066075108,0.00020519838792856308,181036.66591923687,2.9103830456733704e-11,281752.76613328606,0.0001,293.15,5.809356444383624e-13,0.9690739631741532,1.0,0.9690739631741532,0.9690739631741532,0.9690739631741532,1.0,293.15,1.0,DRESS,0.5148115843845776,293.15,0.0,0.0
degraded_ups_3s_interruption_during_dress,DRESSING_WATER_SUPPORT,522,5.21,5.22,False,1.0,0.999999999998497,GRID,500.0,1.0,False,186.60262262771352,0.00020505376413467667,181752.76613328606,0.0,282444.34567168355,0.0001,293.15,5.308850638963006e-13,0.9756604349684148,1.0,0.9756604349684148,0.9756604349684148,0.9756604349684148,1.0,293.15,1.0,DRESS,0.5148967897831495,293.15,0.0,0.0
degraded_ups_3s_interruption_during_dress,DRESSING_WATER_SUPPORT,523,5.22,5.23,False,1.0,0.9999999999987976,GRID,500.0,1.0,False,186.69749149632784,0.00020491087160218457,182444.34567168355,0.0,283112.0870774612,0.0001,293.15,-5.209869604412727e-14,0.9820198769282019,1.0,0.9820198769282019,0.9820198769282019,0.9820198769282019,1.0,293.15,1.0,DRESS,0.5149825354806887,293.15,0.0,0.0
degraded_ups_3s_interruption_during_dress,DRESSING_WATER_SUPPORT,524,5.23,5.24,False,1.0,0.9999999999990381,GRID,500.0,1.0,False,186.78761692151144,0.0002047698777390907,183112.08707746112,-5.820766091346741e-11,283756.66439533234,0.0001,293.15,-8.15998524040509e-13,0.9881587085269748,1.0,0.9881587085269748,0.9881587085269748,0.9881587085269748,1.0,293.15,1.0,DRESS,0.5150688019263647,293.15,0.0,0.0
degraded_ups_3s_interruption_during_dress,DRESSING_WATER_SUPPORT,525,5.24,5.25,False,1.0,0.9999999999992305,GRID,500.0,1.0,False,186.87323607543587,0.00020463093061187272,183756.6643953323,-2.9103830456733704e-11,284378.74235678464,0.0001,293.15,2.0443428003778016e-13,0.9940832605408063,1.0,0.9940832605408063,0.9940832605408063,0.9940832605408063,1.0,293.15,1.0,DRESS,0.5151555701338615,293.15,0.0,0.0
degraded_ups_3s_interruption_during_dress,DRESSING_WATER_SUPPORT,526,5.25,5.26,False,1.0,0.9999999999993844,GRID,500.0,1.0,False,186.9545742716641,0.00020449416036493061,184378.74235678464,0.0,284978.97597262636,0.0001,293.15,6.178309478062881e-14,0.9997997711678702,1.0,0.9997997711678702,0.9997997711678702,0.9997997711678702,1.0,293.15,1.0,DRESS,0.5152428216730099,293.15,0.0,0.0
degraded_ups_3s_interruption_during_dress,DRESSING_WATER_SUPPORT,527,5.26,5.2700000000000005,False,1.0,0.9999999999995075,GRID,500.0,1.0,False,187.03184555808087,0.00020435968040228187,184978.97597262636,0.0,285558.0097762868,0.0001,293.15,-5.590699751019043e-13,1.0,1.0,1.0,1.0,1.0,1.0,293.15,1.0,DRESS,0.5153300749637438,293.15,0.0,0.0
degraded_ups_3s_interruption_during_dress,DRESSING_WATER_SUPPORT,528,5.2700000000000005,5.28,False,1.0,0.999999999999606,GRID,500.0,1.0,False,187.10525328017684,0.0002042275887024254,185558.00977628678,0.0,286116.47724173963,0.0001,293.15,7.724985862984533e-13,1.0,1.0,1.0,1.0,1.0,1.0,293.15,1.0,DRESS,0.5154173125319781,293.15,0.0,0.0
degraded_ups_3s_interruption_during_dress,DRESSING_WATER_SUPPORT,529,5.28,5.29,False,1.0,0.9999999999996848,GRID,500.0,1.0,False,187.174990616168,0.00020409796901175352,186116.4772417396,-2.9103830456733704e-11,286655.00066708773,0.0001,293.15,1.7124759184479477e-13,1.0,1.0,1.0,1.0,1.0,1.0,293.15,1.0,DRESS,0.5155045343805489,293.15,0.0,0.0
degraded_ups_3s_interruption_during_dress,DRESSING_WATER_SUPPORT,530,5.29,5.3,False,1.0,0.9999999999997479,GRID,500.0,1.0,False,187.2412410853596,0.0002039708917746608,186655.00066708776,2.9103830456733704e-11,287174.19053427875,0.0001,293.15,-8.36298910371759e-13,1.0,1.0,1.0,1.0,1.0,1.0,293.15,1.0,DRESS,0.5155917405122921,293.15,0.0,0.0
degraded_ups_3s_interruption_during_dress,DRESSING_WATER_SUPPORT,531,5.3,5.3100000000000005,False,1.0,0.9999999999997983,GRID,500.0,1.0,False,187.30417903109162,0.00020384641528597988,187174.19053427872,-2.9103830456733704e-11,287674.6452180669,0.0001,293.15,-9.988159709988778e-13,1.0,1.0,1.0,1.0,1.0,1.0,293.15,1.0,DRESS,0.5156789309300428,293.15,0.0,0.0
degraded_ups_3s_interruption_during_dress,DRESSING_WATER_SUPPORT,532,5.3100000000000005,5.32,False,1.0,0.9999999999998386,GRID,500.0,1.0,False,187.36397007953704,0.00020372458663943968,187674.64521806684,-2.9103830456733704e-11,288156.9507531822,0.0001,293.15,5.605425605154308e-13,1.0,1.0,1.0,1.0,1.0,1.0,293.15,1.0,DRESS,0.5157661056366358,293.15,0.0,0.0
degraded_ups_3s_interruption_during_dress,DRESSING_WATER_SUPPORT,533,5.32,5.33,False,1.0,0.9999999999998709,GRID,500.0,1.0,False,187.4207715755602,0.00020360544261547497,188156.95075318217,0.0,288621.6808343306,0.0001,293.15,5.753407343237317e-13,1.0,1.0,1.0,1.0,1.0,1.0,293.15,1.0,DRESS,0.5158532646349052,293.15,0.0,0.0
degraded_ups_3s_interruption_during_dress,DRESSING_WATER_SUPPORT,534,5.33,5.34,False,1.0,0.9999999999998967,GRID,500.0,1.0,False,187.4747329967822,0.00020348901042355457,188621.68083433062,0.0,289069.3964669481,0.0001,293.15,-4.622689543301714e-13,1.0,1.0,1.0,1.0,1.0,1.0,293.15,1.0,DRESS,0.5159404079276848,293.15,0.0,0.0
degraded_ups_3s_interruption_during_dress,DRESSING_WATER_SUPPORT,535,5.34,5.3500000000000005,False,1.0,0.9999999999999174,GRID,500.0,1.0,False,187.5259963469431,0.00020337530858585877,189069.39646694806,-2.9103830456733704e-11,289500.64573436975,0.0001,293.15,3.702406287911693e-13,1.0,1.0,1.0,1.0,1.0,1.0,293.15,1.0,DRESS,0.5160275355178077,293.15,0.0,0.0
degraded_ups_3s_interruption_during_dress,DRESSING_WATER_SUPPORT,536,5.3500000000000005,5.36,False,1.0,0.9999999999999339,GRID,500.0,1.0,False,187.57469652959594,0.00020326434773493819,189500.64573436975,0.0,289915.9640306607,0.0001,293.15,-2.0621084694135133e-13,1.0,1.0,1.0,1.0,1.0,1.0,293.15,1.0,DRESS,0.5161146474081064,293.15,0.0,0.0
degraded_ups_3s_interruption_during_dress,DRESSING_WATER_SUPPORT,537,5.36,5.37,False,1.0,0.9999999999999472,GRID,500.0,1.0,False,187.62096170311614,0.0002031561311542209,189915.96403066072,2.9103830456733704e-11,290315.87371136993,0.0001,293.15,6.843510895910296e-13,1.0,1.0,1.0,1.0,1.0,1.0,293.15,1.0,DRESS,0.5162017436014132,293.15,0.0,0.0
degraded_ups_3s_interruption_during_dress,DRESSING_WATER_SUPPORT,538,5.37,5.38,False,1.0,0.9999999999999577,GRID,500.0,1.0,False,187.66491361796034,0.0002030506555775093,190315.87371136996,2.9103830456733704e-11,290700.8843845688,0.0001,293.15,-7.875207342527332e-14,1.0,1.0,1.0,1.0,1.0,1.0,293.15,1.0,DRESS,0.5162888241005598,293.15,0.0,0.0
degraded_ups_3s_interruption_during_dress,DRESSING_WATER_SUPPORT,539,5.38,5.39,False,1.0,0.9999999999999661,GRID,500.0,1.0,False,187.70666793706232,0.0002029479116471879,190700.88438456878,0.0,291071.4926198125,0.0001,293.15,6.324074844325117e-13,1.0,1.0,1.0,1.0,1.0,1.0,293.15,1.0,DRESS,0.5163758889083772,293.15,0.0,0.0
degraded_ups_3s_interruption_during_dress,DRESSING_WATER_SUPPORT,540,5.39,5.4,False,1.0,0.9999999999999729,GRID,500.0,1.0,False,187.7463345402092,0.00020284788463355812,191071.49261981252,2.9103830456733704e-11,291428.1822973862,0.0001,293.15,-6.660980953957082e-14,1.0,1.0,1.0,1.0,1.0,1.0,293.15,1.0,DRESS,0.5164629380276959,293.15,0.0,0.0
degraded_ups_3s_interruption_during_dress,DRESSING_WATER_SUPPORT,541,5.4,5.41,False,1.0,0.9999999999999784,GRID,500.0,1.0,False,187.78401781319874,0.0002027505548143368,191428.18229738623,0.0,291771.4244336821,0.0001,293.15,-1.2842195331512572e-13,1.0,1.0,1.0,1.0,1.0,1.0,293.15,1.0,DRESS,0.5165499714613463,293.15,0.0,0.0
degraded_ups_3s_interruption_during_dress,DRESSING_WATER_SUPPORT,542,5.41,5.42,False,1.0,0.9999999999999827,GRID,500.0,1.0,False,187.81981692253882,0.0002026558980885913,191771.42443368217,5.820766091346741e-11,292101.67741402984,0.0001,293.15,-2.253780759838963e-13,1.0,1.0,1.0,1.0,1.0,1.0,293.15,1.0,DRESS,0.5166369892121577,293.15,0.0,0.0
degraded_ups_3s_interruption_during_dress,DRESSING_WATER_SUPPORT,543,5.42,5.43,False,1.0,0.9999999999999861,GRID,500.0,1.0,False,187.85382607641188,0.00020256388636708482,192101.6774140298,-2.9103830456733704e-11,292419.38705090433,0.0001,293.15,1.0414271187634454e-13,1.0,1.0,1.0,1.0,1.0,1.0,293.15,1.0,DRESS,0.5167239912829594,293.15,0.0,0.0
degraded_ups_3s_interruption_during_dress,DRESSING_WATER_SUPPORT,544,5.43,5.44,False,1.0,0.9999999999999889,GRID,500.0,1.0,False,187.88613477259128,0.00020247448802671262,192419.38705090433,0.0,292724.9868167564,0.0001,293.15,-6.987074747309653e-13,1.0,1.0,1.0,1.0,1.0,1.0,293.15,1.0,DRESS,0.5168109776765798,293.15,0.0,0.0
degraded_ups_3s_interruption_during_dress,DRESSING_WATER_SUPPORT,545,5.44,5.45,False,1.0,0.9999999999999911,GRID,500.0,1.0,False,187.9168280339617,0.00020238766825757663,192724.98681675646,2.9103830456733704e-11,293018.89778580517,0.0001,293.15,-1.63007204712377e-14,1.0,1.0,1.0,1.0,1.0,1.0,293.15,1.0,DRESS,0.516897948395847,293.15,0.0,0.0
degraded_ups_3s_interruption_during_dress,DRESSING_WATER_SUPPORT,546,5.45,5.46,False,1.0,0.9999999999999929,GRID,500.0,1.0,False,187.9459866322636,0.00020230338953343028,193018.89778580522,5.820766091346741e-11,293301.52904149145,0.0001,293.15,-1.0104110422832916e-13,1.0,1.0,1.0,1.0,1.0,1.0,293.15,1.0,DRESS,0.5169849034435886,293.15,0.0,0.0
degraded_ups_3s_interruption_during_dress,DRESSING_WATER_SUPPORT,547,5.46,5.47,False,1.0,0.9999999999999943,GRID,500.0,1.0,False,187.97368730065043,0.0002022216118325084,193301.52904149145,0.0,293573.277676478,0.0001,293.15,2.9453778419051904e-13,1.0,1.0,1.0,1.0,1.0,1.0,293.15,1.0,DRESS,0.5170718428226315,293.15,0.0,0.0
degraded_ups_3s_interruption_during_dress,DRESSING_WATER_SUPPORT,548,5.47,5.48,False,1.0,0.9999999999999954,GRID,500.0,1.0,False,188.0000029356179,0.00020214229304078165,193573.27767647803,0.0,293834.5291418955,0.0001,293.15,-8.38514977260672e-13,1.0,1.0,1.0,1.0,1.0,1.0,293.15,1.0,DRESS,0.5171587665358024,293.15,0.0,0.0
degraded_ups_3s_interruption_during_dress,DRESSING_WATER_SUPPORT,549,5.48,5.49,False,1.0,0.9999999999999963,GRID,500.0,1.0,False,188.025002788837,0.00020206538916446543,193834.52914189547,0.0,294085.65713092685,0.0001,293.15,8.183745115968965e-13,1.0,1.0,1.0,1.0,1.0,1.0,293.15,1.0,DRESS,0.5172456745859272,293.15,0.0,0.0
degraded_ups_3s_interruption_during_dress,DRESSING_WATER_SUPPORT,550,5.49,5.5,False,1.0,0.9999999999999971,GRID,500.0,1.0,False,188.04875264939517,0.0002019908547554756,194085.65713092682,-2.9103830456733704e-11,294327.02427729964,0.0001,293.15,-3.106301226982709e-13,1.0,1.0,1.0,1.0,1.0,1.0,293.15,1.0,DRESS,0.5173325669758314,293.15,0.0,0.0
degraded_ups_3s_interruption_during_dress,DRESSING_WATER_SUPPORT,551,5.5,5.51,False,1.0,0.9999999999999977,GRID,500.0,1.0,False,188.0713150169254,0.00020191864291692886,194327.0242772996,-2.9103830456733704e-11,294558.98192245513,0.0001,293.15,-9.474085046616868e-13,1.0,1.0,1.0,1.0,1.0,1.0,293.15,1.0,DRESS,0.51741944370834,293.15,0.0,0.0
degraded_ups_3s_interruption_during_dress,DRESSING_WATER_SUPPORT,552,5.51,5.5200000000000005,False,1.0,0.9999999999999981,GRID,500.0,1.0,False,188.09274926607915,0.00020184870575347128,194558.98192245516,2.9103830456733704e-11,294781.87046479434,0.0001,293.15,-3.257100035712027e-13,1.0,1.0,1.0,1.0,1.0,1.0,293.15,1.0,DRESS,0.5175063047862776,293.15,0.0,0.0
degraded_ups_3s_interruption_during_dress,DRESSING_WATER_SUPPORT,553,5.5200000000000005,5.53,False,1.0,0.9999999999999984,GRID,500.0,1.0,False,188.1131118027752,0.00020178099451821223,194781.87046479434,0.0,294996.019708924,0.0001,293.15,-2.1884292202836372e-13,1.0,1.0,1.0,1.0,1.0,1.0,293.15,1.0,DRESS,0.5175931502124679,293.15,0.0,0.0
degraded_ups_3s_interruption_during_dress,DRESSING_WATER_SUPPORT,554,5.53,5.54,False,1.0,0.9999999999999988,GRID,500.0,1.0,False,188.13245621263644,0.0002017154597447593,194996.019708924,0.0,295201.7489820719,0.0001,293.15,-2.0923428022459872e-13,1.0,1.0,1.0,1.0,1.0,1.0,293.15,1.0,DRESS,0.5176799799897346,293.15,0.0,0.0
degraded_ups_3s_interruption_during_dress,DRESSING_WATER_SUPPORT,555,5.54,5.55,False,1.0,0.999999999999999,GRID,500.0,1.0,False,188.15083340200462,0.00020165205148044653,195201.7489820719,2.9103830456733704e-11,295399.36736691743,0.0001,293.15,1.000767207954634e-13,1.0,1.0,1.0,1.0,1.0,1.0,293.15,1.0,DRESS,0.5177667941209005,293.15,0.0,0.0
degraded_ups_3s_interruption_during_dress,DRESSING_WATER_SUPPORT,556,5.55,5.5600000000000005,False,1.0,0.9999999999999992,GRID,500.0,1.0,False,188.1682917319044,0.00020159071944836666,195399.36736691743,0.0,295589.1739926301,0.0001,293.15,-6.220165145283331e-14,1.0,1.0,1.0,1.0,1.0,1.0,293.15,1.0,DRESS,0.5178535926087882,293.15,0.0,0.0
degraded_ups_3s_interruption_during_dress,DRESSING_WATER_SUPPORT,557,5.5600000000000005,5.57,False,1.0,0.9999999999999993,GRID,500.0,1.0,False,188.18487714530917,0.00020153141316753444,195589.1739926301,0.0,295771.45820949227,0.0001,293.15,-2.7445513445462436e-13,1.0,1.0,1.0,1.0,1.0,1.0,293.15,1.0,DRESS,0.5179403754562194,293.15,0.0,0.0
degraded_ups_3s_interruption_during_dress,DRESSING_WATER_SUPPORT,558,5.57,5.58,False,1.0,0.9999999999999994,GRID,500.0,1.0,False,188.20063328804372,0.00020147408211835364,195771.45820949227,0.0,295946.49982172996,0.0001,293.15,-3.7265189526981e-14,1.0,1.0,1.0,1.0,1.0,1.0,293.15,1.0,DRESS,0.5180271426660157,293.15,0.0,0.0
degraded_ups_3s_interruption_during_dress,DRESSING_WATER_SUPPORT,559,5.58,5.59,False,1.0,0.9999999999999996,GRID,500.0,1.0,False,188.21560162364153,0.0002014186758673421,195946.49982172996,0.0,296114.5693785511,0.0001,293.15,4.164379929287002e-14,1.0,1.0,1.0,1.0,1.0,1.0,293.15,1.0,DRESS,0.518113894240998,293.15,0.0,0.0
degraded_ups_3s_interruption_during_dress,DRESSING_WATER_SUPPORT,560,5.59,5.6000000000000005,False,1.0,0.9999999999999997,GRID,500.0,1.0,False,188.22982154245946,0.00020136514415157358,196114.5693785511,0.0,296275.92840697616,0.0001,293.15,-6.204158666270278e-13,1.0,1.0,1.0,1.0,1.0,1.0,293.15,1.0,DRESS,0.5182006301839865,293.15,0.0,0.0
degraded_ups_3s_interruption_during_dress,DRESSING_WATER_SUPPORT,561,5.6000000000000005,5.61,False,1.0,0.9999999999999998,GRID,500.0,1.0,False,188.2433304653365,0.0002013134369811096,196275.92840697616,0.0,296430.82947004586,0.0001,293.15,9.846926524800933e-13,1.0,1.0,1.0,1.0,1.0,1.0,293.15,1.0,DRESS,0.5182873504978014,293.15,0.0,0.0
degraded_ups_3s_interruption_during_dress,DRESSING_WATER_SUPPORT,562,5.61,5.62,False,1.0,0.9999999999999998,GRID,500.0,1.0,False,188.25616394206966,0.00020126350481779645,196430.8294700459,2.9103830456733704e-11,296579.51674889773,0.0001,293.15,8.663102414520774e-13,1.0,1.0,1.0,1.0,1.0,1.0,293.15,1.0,DRESS,0.5183740551852619,293.15,0.0,0.0
degraded_ups_3s_interruption_during_dress,DRESSING_WATER_SUPPORT,563,5.62,5.63,False,1.0,0.9999999999999998,GRID,500.0,1.0,False,188.2683557449662,0.00020121529848389985,196579.51674889773,0.0,296722.22598455846,0.0001,293.15,7.784059727965567e-13,1.0,1.0,1.0,1.0,1.0,1.0,293.15,1.0,DRESS,0.518460744249187,293.15,0.0,0.0
degraded_ups_3s_interruption_during_dress,DRESSING_WATER_SUPPORT,564,5.63,5.64,False,1.0,0.9999999999999998,GRID,500.0,1.0,False,188.2799379577179,0.00020116876937927507,196722.22598455846,0.0,296859.1848271899,0.0001,293.15,1.1305153294150568e-13,1.0,1.0,1.0,1.0,1.0,1.0,293.15,1.0,DRESS,0.5185474176923949,293.15,0.0,0.0
degraded_ups_3s_interruption_during_dress,DRESSING_WATER_SUPPORT,565,5.64,5.65,False,1.0,0.9999999999999998,GRID,500.0,1.0,False,188.290941059832,0.00020112386948708708,196859.18482718983,-5.820766091346741e-11,296990.61301071197,0.0001,293.15,-6.887104069109955e-13,1.0,1.0,1.0,1.0,1.0,1.0,293.15,1.0,DRESS,0.5186340755177036,293.15,0.0,0.0
degraded_ups_3s_interruption_during_dress,DRESSING_WATER_SUPPORT,566,5.65,5.66,False,1.0,0.9999999999999998,GRID,500.0,1.0,False,188.30139400684038,0.00020108055145763232,196990.613010712,2.9103830456733704e-11,297116.72252742574,0.0001,293.15,-1.4035592629338422e-13,1.0,1.0,1.0,1.0,1.0,1.0,293.15,1.0,DRESS,0.5187207177279303,293.15,0.0,0.0
degraded_ups_3s_interruption_during_dress,DRESSING_WATER_SUPPORT,567,5.66,5.67,False,1.0,0.9999999999999998,GRID,500.0,1.0,False,188.31132430649836,0.00020103876868393184,197116.72252742577,2.9103830456733704e-11,297237.71803546697,0.0001,293.15,-4.946263129880165e-13,1.0,1.0,1.0,1.0,1.0,1.0,293.15,1.0,DRESS,0.5188073443258919,293.15,0.0,0.0
degraded_ups_3s_interruption_during_dress,DRESSING_WATER_SUPPORT,568,5.67,5.68,False,1.0,0.9999999999999998,GRID,500.0,1.0,False,188.32075809117345,0.00020099847525363075,197237.7180354669,-5.820766091346741e-11,297353.7969170138,0.0001,293.15,-8.358132627609013e-13,1.0,1.0,1.0,1.0,1.0,1.0,293.15,1.0,DRESS,0.5188939553144049,293.15,0.0,0.0
degraded_ups_3s_interruption_during_dress,DRESSING_WATER_SUPPORT,569,5.68,5.69,False,1.0,0.9999999999999998,GRID,500.0,1.0,False,188.32972018661476,0.00020095962606705398,197353.79691701382,0.0,297465.1494529098,0.0001,293.15,6.226789883137431e-13,1.0,1.0,1.0,1.0,1.0,1.0,293.15,1.0,DRESS,0.5189805506962848,293.15,0.0,0.0
degraded_ups_3s_interruption_during_dress,DRESSING_WATER_SUPPORT,570,5.69,5.7,False,1.0,0.9999999999999998,GRID,500.0,1.0,False,188.33823417728402,0.0002009221768902432,197465.14945290977,-5.820766091346741e-11,297571.9593465328,0.0001,293.15,-6.554831085703869e-13,1.0,1.0,1.0,1.0,1.0,1.0,293.15,1.0,DRESS,0.5190671304743472,293.15,0.0,0.0
degraded_ups_3s_interruption_during_dress,DRESSING_WATER_SUPPORT,571,5.7,5.71,False,1.0,0.9999999999999998,GRID,500.0,1.0,False,188.34632246841983,0.0002008860842273203,197571.95934653282,0.0,297674.40343275666,0.0001,293.15,7.864651457002388e-13,1.0,1.0,1.0,1.0,1.0,1.0,293.15,1.0,DRESS,0.5191536946514067,293.15,0.0,0.0
degraded_ups_3s_interruption_during_dress,DRESSING_WATER_SUPPORT,572,5.71,5.72,False,1.0,0.9999999999999998,GRID,500.0,1.0,False,188.35400634499882,0.00020085130559189138,197674.40343275666,0.0,297772.65237644315,0.0001,293.15,5.299400961526518e-13,1.0,1.0,1.0,1.0,1.0,1.0,293.15,1.0,DRESS,0.5192402432302777,293.15,0.0,0.0
degraded_ups_3s_interruption_during_dress,DRESSING_WATER_SUPPORT,573,5.72,5.73,False,1.0,0.9999999999999998,GRID,500.0,1.0,False,188.36130602774887,0.00020081779927974636,197772.65237644315,0.0,297866.8705560267,0.0001,293.15,4.10062019122088e-13,1.0,1.0,1.0,1.0,1.0,1.0,293.15,1.0,DRESS,0.5193267762137741,293.15,0.0,0.0
degraded_ups_3s_interruption_during_dress,DRESSING_WATER_SUPPORT,574,5.73,5.74,False,1.0,0.9999999999999998,GRID,500.0,1.0,False,188.36824072636142,0.00020078552454124644,197866.8705560267,0.0,297957.2164127603,0.0001,293.15,-7.998061253189397e-13,1.0,1.0,1.0,1.0,1.0,1.0,293.15,1.0,DRESS,0.519413293604709,293.15,0.0,0.0
degraded_ups_3s_interruption_during_dress,DRESSING_WATER_SUPPORT,575,5.74,5.75,False,1.0,0.9999999999999998,GRID,500.0,1.0,False,188.37482869004336,0.00020075444151627198,197957.21641276032,0.0,298043.8424507156,0.0001,293.15,-4.68191499541657e-13,1.0,1.0,1.0,1.0,1.0,1.0,293.15,1.0,DRESS,0.5194997954058952,293.15,0.0,0.0
degraded_ups_3s_interruption_during_dress,DRESSING_WATER_SUPPORT,576,5.75,5.76,False,1.0,0.9999999999999998,GRID,500.0,1.0,False,188.3810872555412,0.0002007245113377178,198043.8424507156,0.0,298126.8955860287,0.0001,293.15,8.384415714796388e-13,1.0,1.0,1.0,1.0,1.0,1.0,293.15,1.0,DRESS,0.519586281620145,293.15,0.0,0.0
degraded_ups_3s_interruption_during_dress,DRESSING_WATER_SUPPORT,577,5.76,5.7700000000000005,False,1.0,0.9999999999999998,GRID,500.0,1.0,False,188.38703289276413,0.0002006956960559396,198126.8955860287,0.0,298206.51749614626,0.0001,293.15,-8.944848779362727e-13,1.0,1.0,1.0,1.0,1.0,1.0,293.15,1.0,DRESS,0.5196727522502701,293.15,0.0,0.0
degraded_ups_3s_interruption_during_dress,DRESSING_WATER_SUPPORT,578,5.7700000000000005,5.78,False,1.0,0.9999999999999998,GRID,500.0,1.0,False,188.3926812481259,0.00020066795855825685,198206.51749614626,0.0,298282.8442705795,0.0001,293.15,9.34301989056742e-13,1.0,1.0,1.0,1.0,1.0,1.0,293.15,1.0,DRESS,0.5197592072990818,293.15,0.0,0.0
degraded_ups_3s_interruption_during_dress,DRESSING_WATER_SUPPORT,579,5.78,5.79,False,1.0,0.9999999999999998,GRID,500.0,1.0,False,188.3980471857196,0.0002006412628318834,198282.8442705795,-2.9103830456733704e-11,298356.0072258115,0.0001,293.15,1.1433835365354565e-13,1.0,1.0,1.0,1.0,1.0,1.0,293.15,1.0,DRESS,0.5198456467693908,293.15,0.0,0.0
degraded_ups_3s_interruption_during_dress,DRESSING_WATER_SUPPORT,580,5.79,5.8,False,1.0,0.9999999999999998,GRID,500.0,1.0,False,188.40314482643362,0.00020061557364236325,198356.00722581148,0.0,298426.132556051,0.0001,293.15,7.595470546412081e-13,1.0,1.0,1.0,1.0,1.0,1.0,293.15,1.0,DRESS,0.5199320706640074,293.15,0.0,0.0
degraded_ups_3s_interruption_during_dress,DRESSING_WATER_SUPPORT,581,5.8,5.8100000000000005,False,1.0,0.9999999999999998,GRID,500.0,1.0,False,188.40798758511193,0.00020059085678791988,198426.132556051,-2.9103830456733704e-11,298493.34185710177,0.0001,293.15,-1.616460496594354e-13,1.0,1.0,1.0,1.0,1.0,1.0,293.15,1.0,DRESS,0.5200184789857413,293.15,0.0,0.0
degraded_ups_3s_interruption_during_dress,DRESSING_WATER_SUPPORT,582,5.8100000000000005,5.82,False,1.0,0.9999999999999998,GRID,500.0,1.0,False,188.41258820585634,0.0002005670789146811,198493.34185710174,-2.9103830456733704e-11,298557.75200994685,0.0001,293.15,-1.4719402941755705e-13,1.0,1.0,1.0,1.0,1.0,1.0,293.15,1.0,DRESS,0.5201048717374016,293.15,0.0,0.0
degraded_ups_3s_interruption_during_dress,DRESSING_WATER_SUPPORT,583,5.82,5.83,False,1.0,0.9999999999999998,GRID,500.0,1.0,False,188.41695879556352,0.0002005442076472443,198557.75200994682,-2.9103830456733704e-11,298619.47547178715,0.0001,293.15,6.745446768172673e-13,1.0,1.0,1.0,1.0,1.0,1.0,293.15,1.0,DRESS,0.5201912489217971,293.15,0.0,0.0
degraded_ups_3s_interruption_during_dress,DRESSING_WATER_SUPPORT,584,5.83,5.84,False,1.0,0.9999999999999998,GRID,500.0,1.0,False,188.42111085578534,0.00020052221151252545,198619.4754717871,-5.820766091346741e-11,298678.620508872,0.0001,293.15,5.163930984276627e-13,1.0,1.0,1.0,1.0,1.0,1.0,293.15,1.0,DRESS,0.5202776105417362,293.15,0.0,0.0
degraded_ups_3s_interruption_during_dress,DRESSING_WATER_SUPPORT,585,5.84,5.8500000000000005,False,1.0,0.9999999999999998,GRID,500.0,1.0,False,188.42505531299608,0.00020050105988915108,198678.62050887197,0.0,298735.2912547067,0.0001,293.15,-6.548964296224379e-13,1.0,1.0,1.0,1.0,1.0,1.0,293.15,1.0,DRESS,0.5203639566000262,293.15,0.0,0.0
degraded_ups_3s_interruption_during_dress,DRESSING_WATER_SUPPORT,586,5.8500000000000005,5.86,False,1.0,0.9999999999999998,GRID,500.0,1.0,False,188.42880254734627,0.00020048072304065654,198735.29125470668,0.0,298789.5877100527,0.0001,293.15,7.870920826418633e-14,1.0,1.0,1.0,1.0,1.0,1.0,293.15,1.0,DRESS,0.5204502870994746,293.15,0.0,0.0
degraded_ups_3s_interruption_during_dress,DRESSING_WATER_SUPPORT,587,5.86,5.87,False,1.0,0.9999999999999998,GRID,500.0,1.0,False,188.43236241997894,0.00020046117217463824,198789.5877100527,-2.9103830456733704e-11,298841.60615038127,0.0001,293.15,2.9287682839040214e-13,1.0,1.0,1.0,1.0,1.0,1.0,293.15,1.0,DRESS,0.520536602042888,293.15,0.0,0.0
degraded_ups_3s_interruption_during_dress,DRESSING_WATER_SUPPORT,588,5.87,5.88,False,1.0,0.9999999999999998,GRID,500.0,1.0,False,188.43574429897998,0.00020044237929570997,198841.60615038127,0.0,298891.43912587315,0.0001,293.15,2.2293576384191458e-13,1.0,1.0,1.0,1.0,1.0,1.0,293.15,1.0,DRESS,0.5206229014330725,293.15,0.0,0.0
degraded_ups_3s_interruption_during_dress,DRESSING_WATER_SUPPORT,589,5.88,5.89,False,1.0,0.9999999999999998,GRID,500.0,1.0,False,188.438957084031,0.0002004243172588656,198891.43912587315,0.0,298939.17557783425,0.0001,293.15,4.307264652962656e-13,1.0,1.0,1.0,1.0,1.0,1.0,293.15,1.0,DRESS,0.5207091852728339,293.15,0.0,0.0
degraded_ups_3s_interruption_during_dress,DRESSING_WATER_SUPPORT,590,5.89,5.9,False,1.0,0.9999999999999998,GRID,500.0,1.0,False,188.44200922982944,0.00020040695976211628,198939.17557783425,0.0,298984.9010715261,0.0001,293.15,-6.474840108432141e-13,1.0,1.0,1.0,1.0,1.0,1.0,293.15,1.0,DRESS,0.5207954535649773,293.15,0.0,0.0
degraded_ups_3s_interruption_during_dress,DRESSING_WATER_SUPPORT,591,5.9,5.91,False,1.0,0.9999999999999998,GRID,500.0,1.0,False,188.44490876833797,0.0002003902812784947,198984.90107152614,2.9103830456733704e-11,299028.6976797506,0.0001,293.15,2.741291433428408e-13,1.0,1.0,1.0,1.0,1.0,1.0,293.15,1.0,DRESS,0.5208817063123072,293.15,0.0,0.0
degraded_ups_3s_interruption_during_dress,DRESSING_WATER_SUPPORT,592,5.91,5.92,False,1.0,0.9999999999999998,GRID,500.0,1.0,False,188.44766332992106,0.00020037425715991382,199028.69767975065,2.9103830456733704e-11,299070.6444485113,0.0001,293.15,-4.3955545318851065e-13,1.0,1.0,1.0,1.0,1.0,1.0,293.15,1.0,DRESS,0.520967943517628,293.15,0.0,0.0
degraded_ups_3s_interruption_during_dress,DRESSING_WATER_SUPPORT,593,5.92,5.93,False,1.0,0.9999999999999998,GRID,500.0,1.0,False,188.450280163425,0.00020035886344826887,199070.6444485113,0.0,299110.81716418266,0.0001,293.15,5.527503227394166e-13,1.0,1.0,1.0,1.0,1.0,1.0,293.15,1.0,DRESS,0.5210541651837431,293.15,0.0,0.0
degraded_ups_3s_interruption_during_dress,DRESSING_WATER_SUPPORT,594,5.93,5.94,False,1.0,0.9999999999999998,GRID,500.0,1.0,False,188.45276615525376,0.00020034407703292263,199110.81716418272,5.820766091346741e-11,299149.2888191715,0.0001,293.15,-4.764396201907623e-13,1.0,1.0,1.0,1.0,1.0,1.0,293.15,1.0,DRESS,0.5211403713134559,293.15,0.0,0.0
degraded_ups_3s_interruption_during_dress,DRESSING_WATER_SUPPORT,595,5.94,5.95,False,1.0,0.9999999999999998,GRID,500.0,1.0,False,188.45512784749107,0.00020032987545752382,199149.28881917146,-2.9103830456733704e-11,299186.1293790862,0.0001,293.15,-4.3031345520755794e-13,1.0,1.0,1.0,1.0,1.0,1.0,293.15,1.0,DRESS,0.5212265619095688,293.15,0.0,0.0
degraded_ups_3s_interruption_during_dress,DRESSING_WATER_SUPPORT,596,5.95,5.96,False,1.0,0.9999999999999998,GRID,500.0,1.0,False,188.45737145511652,0.0002003162370734733,199186.12937908623,2.9103830456733704e-11,299221.40607377514,0.0001,293.15,1.4280679939736383e-13,1.0,1.0,1.0,1.0,1.0,1.0,293.15,1.0,DRESS,0.5213127369748841,293.15,0.0,0.0
degraded_ups_3s_interruption_during_dress,DRESSING_WATER_SUPPORT,597,5.96,5.97,False,1.0,0.9999999999999998,GRID,500.0,1.0,False,188.45950288236068,0.00020030314093005038,199221.4060737751,-2.9103830456733704e-11,299255.1835719496,0.0001,293.15,-8.194135957124136e-13,1.0,1.0,1.0,1.0,1.0,1.0,293.15,1.0,DRESS,0.5213988965122033,293.15,0.0,0.0
degraded_ups_3s_interruption_during_dress,DRESSING_WATER_SUPPORT,598,5.97,5.98,False,1.0,0.9999999999999998,GRID,500.0,1.0,False,188.46152773824264,0.00020029056672084448,199255.18357194966,5.820766091346741e-11,299287.5238065608,0.0001,293.15,1.2534041293642197e-13,1.0,1.0,1.0,1.0,1.0,1.0,293.15,1.0,DRESS,0.5214850405243275,293.15,0.0,0.0
degraded_ups_3s_interruption_during_dress,DRESSING_WATER_SUPPORT,599,5.98,5.99,False,1.0,0.9999999999999998,GRID,500.0,1.0,False,188.4634513513305,0.00020027849490286378,199287.52380656078,0.0,299318.48638225347,0.0001,293.15,1.978833714811869e-13,1.0,1.0,1.0,1.0,1.0,1.0,293.15,1.0,DRESS,0.5215711690140574,293.15,0.0,0.0
degraded_ups_3s_interruption_during_dress,DRESSING_WATER_SUPPORT,600,5.99,6.0,False,1.0,0.9999999999999998,GRID,500.0,1.0,False,188.46527878376398,0.0002002669065234364,199318.48638225347,0.0,299348.12851715833,0.0001,293.15,-4.3324000750927634e-13,1.0,1.0,1.0,1.0,1.0,1.0,293.15,1.0,DRESS,0.521657281984193,293.15,0.0,0.0
degraded_ups_3s_interruption_during_dress,DRESSING_WATER_SUPPORT,601,6.0,6.01,False,1.0,0.9999999999999998,GRID,500.0,1.0,False,188.46701484457577,0.00020025578327806395,199348.12851715833,0.0,299376.5051010996,0.0001,293.15,-9.513114786402756e-13,1.0,1.0,1.0,1.0,1.0,1.0,293.15,1.0,PREPARE,0.521657281984193,293.15,0.0,0.0
degraded_ups_3s_interruption_during_dress,DRESSING_WATER_SUPPORT,602,6.01,6.0200000000000005,False,1.0,0.9999999999999998,GRID,500.0,1.0,False,188.468664102347,0.00020024510750871565,199376.5051010996,0.0,299403.6687538028,0.0001,293.15,7.77509355387603e-14,1.0,1.0,1.0,1.0,1.0,1.0,293.15,1.0,PREPARE,0.521657281984193,293.15,0.0,0.0
degraded_ups_3s_interruption_during_dress,DRESSING_WATER_SUPPORT,603,6.0200000000000005,6.03,False,1.0,0.9999999999999998,GRID,500.0,1.0,False,188.47023089722964,0.0002002348622007494,199403.66875380278,0.0,299429.6701159328,0.0001,293.15,-9.981794037161595e-14,1.0,1.0,1.0,1.0,1.0,1.0,293.15,1.0,PREPARE,0.521657281984193,293.15,0.0,0.0
degraded_ups_3s_interruption_during_dress,DRESSING_WATER_SUPPORT,604,6.03,6.04,False,1.0,0.9999999999999998,GRID,500.0,1.0,False,188.47171935236815,0.00020022503086224438,199429.67011593282,0.0,299454.55773267895,0.0001,293.15,-3.3901765561980264e-13,1.0,1.0,1.0,1.0,1.0,1.0,293.15,1.0,PREPARE,0.521657281984193,293.15,0.0,0.0
degraded_ups_3s_interruption_during_dress,DRESSING_WATER_SUPPORT,605,6.04,6.05,False,1.0,0.9999999999999998,GRID,500.0,1.0,False,188.47313338474976,0.00020021559760556785,199454.55773267895,0.0,299478.3781701699,0.0001,293.15,-2.2933589762222083e-13,1.0,1.0,1.0,1.0,1.0,1.0,293.15,1.0,PREPARE,0.521657281984193,293.15,0.0,0.0
degraded_ups_3s_interruption_during_dress,DRESSING_WATER_SUPPORT,606,6.05,6.0600000000000005,False,1.0,0.9999999999999998,GRID,500.0,1.0,False,188.47447671551228,0.0002002065471114953,199478.37817016995,5.820766091346741e-11,299501.1761318892,0.0001,293.15,-1.8883600361912353e-13,1.0,1.0,1.0,1.0,1.0,1.0,293.15,1.0,PREPARE,0.521657281984193,293.15,0.0,0.0
degraded_ups_3s_interruption_during_dress,DRESSING_WATER_SUPPORT,607,6.0600000000000005,6.07,False,1.0,0.9999999999999998,GRID,500.0,1.0,False,188.47575287973666,0.0002001978645922037,199501.1761318892,-2.9103830456733704e-11,299522.9944586754,0.0001,293.15,8.271427959730041e-13,1.0,1.0,1.0,1.0,1.0,1.0,293.15,1.0,PREPARE,0.521657281984193,293.15,0.0,0.0
degraded_ups_3s_interruption_during_dress,DRESSING_WATER_SUPPORT,608,6.07,6.08,False,1.0,0.9999999999999998,GRID,500.0,1.0,False,188.47696523574982,0.00020018953581134763,199522.99445867536,-2.9103830456733704e-11,299543.8743615523,0.0001,293.15,5.730332132345641e-13,1.0,1.0,1.0,1.0,1.0,1.0,293.15,1.0,PREPARE,0.521657281984193,293.15,0.0,0.0
degraded_ups_3s_interruption_during_dress,DRESSING_WATER_SUPPORT,609,6.08,6.09,False,1.0,0.9999999999999998,GRID,500.0,1.0,False,188.47811697396233,0.00020018154698682258,199543.8743615523,0.0,299563.85530531406,0.0001,293.15,4.589302245201929e-13,1.0,1.0,1.0,1.0,1.0,1.0,293.15,1.0,PREPARE,0.521657281984193,293.15,0.0,0.0
degraded_ups_3s_interruption_during_dress,DRESSING_WATER_SUPPORT,610,6.09,6.1000000000000005,False,1.0,0.9999999999999998,GRID,500.0,1.0,False,188.47921112526421,0.0002001738848670206,199563.85530531412,5.820766091346741e-11,299582.9751249403,0.0001,293.15,9.12026220036783e-13,1.0,1.0,1.0,1.0,1.0,1.0,293.15,1.0,PREPARE,0.521657281984193,293.15,0.0,0.0
degraded_ups_3s_interruption_during_dress,DRESSING_WATER_SUPPORT,611,6.1000000000000005,6.11,False,1.0,0.9999999999999998,GRID,500.0,1.0,False,188.48025056900102,0.00020016653668987697,199582.97512494025,-2.9103830456733704e-11,299601.270200219,0.0001,293.15,8.419287346550798e-14,1.0,1.0,1.0,1.0,1.0,1.0,293.15,1.0,PREPARE,0.521657281984193,293.15,0.0,0.0
degraded_ups_3s_interruption_during_dress,DRESSING_WATER_SUPPORT,612,6.11,6.12,False,1.0,0.9999999999999998,GRID,500.0,1.0,False,188.48123804055098,0.0002001594901119626,199601.270200219,0.0,299618.7752811238,0.0001,293.15,8.533044442584894e-13,1.0,1.0,1.0,1.0,1.0,1.0,293.15,1.0,PREPARE,0.521657281984193,293.15,0.0,0.0
degraded_ups_3s_interruption_during_dress,DRESSING_WATER_SUPPORT,613,6.12,6.13,False,1.0,0.9999999999999998,GRID,500.0,1.0,False,188.4821761385234,0.00020015273331123353,199618.77528112382,0.0,299635.52383705974,0.0001,293.15,2.739852756437826e-13,1.0,1.0,1.0,1.0,1.0,1.0,293.15,1.0,PREPARE,0.521657281984193,293.15,0.0,0.0
degraded_ups_3s_interruption_during_dress,DRESSING_WATER_SUPPORT,614,6.13,6.140000000000001,False,1.0,0.9999999999999998,GRID,500.0,1.0,False,188.48306733159725,0.00020014625482727897,199635.52383705974,0.0,299651.54788224027,0.0001,293.15,-1.7451761590074567e-14,1.0,1.0,1.0,1.0,1.0,1.0,293.15,1.0,PREPARE,0.521657281984193,293.15,0.0,0.0
degraded_ups_3s_interruption_during_dress,DRESSING_WATER_SUPPORT,615,6.140000000000001,6.15,False,1.0,0.9999999999999998,GRID,500.0,1.0,False,188.4839139650174,0.00020014004366254964,199651.5478822403,2.9103830456733704e-11,299666.8780921027,0.0001,293.15,4.192494696635452e-13,1.0,1.0,1.0,1.0,1.0,1.0,293.15,1.0,PREPARE,0.521657281984193,293.15,0.0,0.0
degraded_ups_3s_interruption_during_dress,DRESSING_WATER_SUPPORT,616,6.15,6.16,False,1.0,0.9999999999999998,GRID,500.0,1.0,False,188.48471826676652,0.00020013408923748313,199666.87809210274,2.9103830456733704e-11,299681.54397793114,0.0001,293.15,-4.68051153382077e-13,1.0,1.0,1.0,1.0,1.0,1.0,293.15,1.0,PREPARE,0.521657281984193,293.15,0.0,0.0
degraded_ups_3s_interruption_during_dress,DRESSING_WATER_SUPPORT,617,6.16,6.17,False,1.0,0.9999999999999998,GRID,500.0,1.0,False,188.48548235342818,0.0002001283813158675,199681.54397793108,-5.820766091346741e-11,299695.5736540258,0.0001,293.15,9.669615672172828e-13,1.0,1.0,1.0,1.0,1.0,1.0,293.15,1.0,PREPARE,0.521657281984193,293.15,0.0,0.0
degraded_ups_3s_interruption_during_dress,DRESSING_WATER_SUPPORT,618,6.17,6.18,False,1.0,0.9999999999999998,GRID,500.0,1.0,False,188.48620823575678,0.00020012291013316185,199695.57365402582,2.9103830456733704e-11,299708.9943033643,0.0001,293.15,-5.290578641159997e-15,1.0,1.0,1.0,1.0,1.0,1.0,293.15,1.0,PREPARE,0.521657281984193,293.15,0.0,0.0
degraded_ups_3s_interruption_during_dress,DRESSING_WATER_SUPPORT,619,6.18,6.19,False,1.0,0.9999999999999998,GRID,500.0,1.0,False,188.48689782396895,0.0002001176661751956,199708.99430336428,-2.9103830456733704e-11,299721.8318283558,0.0001,293.15,-2.38811943882571e-13,1.0,1.0,1.0,1.0,1.0,1.0,293.15,1.0,PREPARE,0.521657281984193,293.15,0.0,0.0
degraded_ups_3s_interruption_during_dress,DRESSING_WATER_SUPPORT,620,6.19,6.2,False,1.0,0.9999999999999998,GRID,500.0,1.0,False,188.48755293277048,0.00020011264036348577,199721.8318283558,0.0,299734.11108367145,0.0001,293.15,-2.8466318277634345e-13,1.0,1.0,1.0,1.0,1.0,1.0,293.15,1.0,PREPARE,0.521657281984193,293.15,0.0,0.0
degraded_ups_3s_interruption_during_dress,DRESSING_WATER_SUPPORT,621,6.2,6.21,False,1.0,0.9999999999999998,GRID,500.0,1.0,False,188.48817528613196,0.00020010782394915962,199734.11108367142,-2.9103830456733704e-11,299745.8558762446,0.0001,293.15,1.5957422991387119e-13,1.0,1.0,1.0,1.0,1.0,1.0,293.15,1.0,PREPARE,0.521657281984193,293.15,0.0,0.0
degraded_ups_3s_interruption_during_dress,DRESSING_WATER_SUPPORT,622,6.21,6.22,False,1.0,0.9999999999999998,GRID,500.0,1.0,False,188.48876652182537,0.00020010320852270123,199745.85587624466,5.820766091346741e-11,299757.089081686,0.0001,293.15,-1.2696948257828618e-13,1.0,1.0,1.0,1.0,1.0,1.0,293.15,1.0,PREPARE,0.521657281984193,293.15,0.0,0.0
degraded_ups_3s_interruption_during_dress,DRESSING_WATER_SUPPORT,623,6.22,6.23,False,1.0,0.9999999999999998,GRID,500.0,1.0,False,188.4893281957341,0.00020009878596503132,199757.089081686,0.0,299767.83252786845,0.0001,293.15,7.774478988062359e-13,1.0,1.0,1.0,1.0,1.0,1.0,293.15,1.0,PREPARE,0.521657281984193,293.15,0.0,0.0
degraded_ups_3s_interruption_during_dress,DRESSING_WATER_SUPPORT,624,6.23,6.24,False,1.0,0.9999999999999998,GRID,500.0,1.0,False,188.4898617859474,0.00020009454851447706,199767.83252786845,0.0,299778.1072277576,0.0001,293.15,9.028157919531563e-13,1.0,1.0,1.0,1.0,1.0,1.0,293.15,1.0,PREPARE,0.521657281984193,293.15,0.0,0.0
degraded_ups_3s_interruption_during_dress,DRESSING_WATER_SUPPORT,625,6.24,6.25,False,1.0,0.9999999999999998,GRID,500.0,1.0,False,188.49036869665002,0.00020009048865876435,199778.10722775757,0.0,299787.93332120404,0.0001,293.15,1.2923306195396063e-13,1.0,1.0,1.0,1.0,1.0,1.0,293.15,1.0,PREPARE,0.521657281984193,293.15,0.0,0.0
degraded_ups_3s_interruption_during_dress,DRESSING_WATER_SUPPORT,626,6.25,6.26,False,1.0,0.9999999999999998,GRID,500.0,1.0,False,188.4908502618175,0.00020008659917203508,199787.93332120404,0.0,299797.3300749436,0.0001,293.15,-9.402280413816759e-13,1.0,1.0,1.0,1.0,1.0,1.0,293.15,1.0,PREPARE,0.521657281984193,293.15,0.0,0.0
degraded_ups_3s_interruption_during_dress,DRESSING_WATER_SUPPORT,627,6.26,6.2700000000000005,False,1.0,0.9999999999999998,GRID,500.0,1.0,False,188.49130774872663,0.00020008287312237879,199797.3300749436,0.0,299806.31582438946,0.0001,293.15,2.2126694627902796e-13,1.0,1.0,1.0,1.0,1.0,1.0,293.15,1.0,PREPARE,0.521657281984193,293.15,0.0,0.0
degraded_ups_3s_interruption_during_dress,DRESSING_WATER_SUPPORT,628,6.2700000000000005,6.28,False,1.0,0.9999999999999998,GRID,500.0,1.0,False,188.4917423612903,0.00020007930390807983,199806.31582438943,-2.9103830456733704e-11,299814.9083228782,0.0001,293.15,-2.2313374781422837e-13,1.0,1.0,1.0,1.0,1.0,1.0,293.15,1.0,PREPARE,0.521657281984193,293.15,0.0,0.0
degraded_ups_3s_interruption_during_dress,DRESSING_WATER_SUPPORT,629,6.28,6.29,False,1.0,0.9999999999999998,GRID,500.0,1.0,False,188.4921552432258,0.00020007588508985934,199814.90832287818,0.0,299823.12445063144,0.0001,293.15,3.09478464992388e-13,1.0,1.0,1.0,1.0,1.0,1.0,293.15,1.0,PREPARE,0.521657281984193,293.15,0.0,0.0
degraded_ups_3s_interruption_during_dress,DRESSING_WATER_SUPPORT,630,6.29,6.3,False,1.0,0.9999999999999998,GRID,500.0,1.0,False,188.4925474810645,0.00020007261054278574,199823.1244506314,-2.9103830456733704e-11,299830.9805057943,0.0001,293.15,-8.133683440407025e-13,1.0,1.0,1.0,1.0,1.0,1.0,293.15,1.0,PREPARE,0.521657281984193,293.15,0.0,0.0
degraded_ups_3s_interruption_during_dress,DRESSING_WATER_SUPPORT,631,6.3,6.3100000000000005,False,1.0,0.9999999999999998,GRID,500.0,1.0,False,188.49292010701126,0.00020006947431693904,199830.98050579426,-2.9103830456733704e-11,299838.4919716045,0.0001,293.15,-9.850680156600646e-13,1.0,1.0,1.0,1.0,1.0,1.0,293.15,1.0,PREPARE,0.521657281984193,293.15,0.0,0.0
degraded_ups_3s_interruption_during_dress,DRESSING_WATER_SUPPORT,632,6.3100000000000005,6.32,False,1.0,0.9999999999999998,GRID,500.0,1.0,False,188.4932741016607,0.00020006647075960254,199838.49197160453,0.0,299845.67363280803,0.0001,293.15,7.191284568751548e-13,1.0,1.0,1.0,1.0,1.0,1.0,293.15,1.0,PREPARE,0.521657281984193,293.15,0.0,0.0
degraded_ups_3s_interruption_during_dress,DRESSING_WATER_SUPPORT,633,6.32,6.33,False,1.0,0.9999999999999998,GRID,500.0,1.0,False,188.49361039657765,0.00020006359446260598,199845.673632808,-2.9103830456733704e-11,299852.53986669704,0.0001,293.15,-1.4852281081831502e-13,1.0,1.0,1.0,1.0,1.0,1.0,293.15,1.0,PREPARE,0.521657281984193,293.15,0.0,0.0
degraded_ups_3s_interruption_during_dress,DRESSING_WATER_SUPPORT,634,6.33,6.34,False,1.0,0.9999999999999998,GRID,500.0,1.0,False,188.49392987674878,0.00020006084012210142,199852.53986669704,0.0,299859.10423565656,0.0001,293.15,6.25082816996074e-13,1.0,1.0,1.0,1.0,1.0,1.0,293.15,1.0,PREPARE,0.521657281984193,293.15,0.0,0.0
degraded_ups_3s_interruption_during_dress,DRESSING_WATER_SUPPORT,635,6.34,6.3500000000000005,False,1.0,0.9999999999999998,GRID,500.0,1.0,False,188.49423338291135,0.00020005820274720946,199859.10423565653,-2.9103830456733704e-11,299865.3798364103,0.0001,293.15,8.139298170880864e-13,1.0,1.0,1.0,1.0,1.0,1.0,293.15,1.0,PREPARE,0.521657281984193,293.15,0.0,0.0
degraded_ups_3s_interruption_during_dress,DRESSING_WATER_SUPPORT,636,6.3500000000000005,6.36,False,1.0,0.9999999999999998,GRID,500.0,1.0,False,188.49452171376578,0.00020005567749018706,199865.37983641028,0.0,299871.3791836053,0.0001,293.15,9.544838124011862e-13,1.0,1.0,1.0,1.0,1.0,1.0,293.15,1.0,PREPARE,0.521657281984193,293.15,0.0,0.0
degraded_ups_3s_interruption_during_dress,DRESSING_WATER_SUPPORT,637,6.36,6.37,False,1.0,0.9999999999999998,GRID,500.0,1.0,False,188.4947956280775,0.00020005325970911386,199871.37918360528,-2.9103830456733704e-11,299877.1142680198,0.0001,293.15,8.868143204400683e-13,1.0,1.0,1.0,1.0,1.0,1.0,293.15,1.0,PREPARE,0.521657281984193,293.15,0.0,0.0
degraded_ups_3s_interruption_during_dress,DRESSING_WATER_SUPPORT,638,6.37,6.38,False,1.0,0.9999999999999998,GRID,500.0,1.0,False,188.4950558466736,0.000200050944943068,199877.11426801977,-2.9103830456733704e-11,299882.5966147706,0.0001,293.15,-2.9933321880357745e-13,1.0,1.0,1.0,1.0,1.0,1.0,293.15,1.0,PREPARE,0.521657281984193,293.15,0.0,0.0
degraded_ups_3s_interruption_during_dress,DRESSING_WATER_SUPPORT,639,6.38,6.390000000000001,False,1.0,0.9999999999999998,GRID,500.0,1.0,False,188.49530305433993,0.0002000487288870867,199882.5966147706,0.0,299887.83716689795,0.0001,293.15,-7.389094956618216e-13,1.0,1.0,1.0,1.0,1.0,1.0,293.15,1.0,PREPARE,0.521657281984193,293.15,0.0,0.0
degraded_ups_3s_interruption_during_dress,DRESSING_WATER_SUPPORT,640,6.390000000000001,6.4,False,1.0,0.9999999999999998,GRID,500.0,1.0,False,188.49553790162292,0.00020004660745421207,199887.83716689798,2.9103830456733704e-11,299892.84640178084,0.0001,293.15,-4.44336182436102e-13,1.0,1.0,1.0,1.0,1.0,1.0,293.15,1.0,PREPARE,0.521657281984193,293.15,0.0,0.0
degraded_ups_3s_interruption_during_dress,DRESSING_WATER_SUPPORT,641,6.4,6.41,False,1.0,0.9999999999999998,GRID,500.0,1.0,False,188.49576100654178,0.0002000445767209593,199892.84640178084,0.0,299897.63433113694,0.0001,293.15,9.68268847255775e-13,1.0,1.0,1.0,1.0,1.0,1.0,293.15,1.0,PREPARE,0.521657281984193,293.15,0.0,0.0
degraded_ups_3s_interruption_during_dress,DRESSING_WATER_SUPPORT,642,6.41,6.42,False,1.0,0.9999999999999998,GRID,500.0,1.0,False,188.4959729562147,0.00020004263293079216,199897.63433113694,0.0,299902.2107338533,0.0001,293.15,-4.904612583069898e-13,1.0,1.0,1.0,1.0,1.0,1.0,293.15,1.0,PREPARE,0.521657281984193,293.15,0.0,0.0
degraded_ups_3s_interruption_during_dress,DRESSING_WATER_SUPPORT,643,6.42,6.43,False,1.0,0.9999999999999998,GRID,500.0,1.0,False,188.49617430840397,0.00020004077238103363,199902.2107338533,2.9103830456733704e-11,299906.58469032496,0.0001,293.15,9.064375161854965e-13,1.0,1.0,1.0,1.0,1.0,1.0,293.15,1.0,PREPARE,0.521657281984193,293.15,0.0,0.0
degraded_ups_3s_interruption_during_dress,DRESSING_WATER_SUPPORT,644,6.43,6.44,False,1.0,0.9999999999999998,GRID,500.0,1.0,False,188.49636559298378,0.00020003899165878234,199906.58469032496,0.0,299910.76516453177,0.0001,293.15,-4.076196628549837e-13,1.0,1.0,1.0,1.0,1.0,1.0,293.15,1.0,PREPARE,0.521657281984193,293.15,0.0,0.0
degraded_ups_3s_interruption_during_dress,DRESSING_WATER_SUPPORT,645,6.44,6.45,False,1.0,0.9999999999999998,GRID,500.0,1.0,False,188.4965473133346,0.00020003728735291332,199910.76516453177,0.0,299914.76053837687,0.0001,293.15,-3.931771195485915e-13,1.0,1.0,1.0,1.0,1.0,1.0,293.15,1.0,PREPARE,0.521657281984193,293.15,0.0,0.0
degraded_ups_3s_interruption_during_dress,DRESSING_WATER_SUPPORT,646,6.45,6.46,False,1.0,0.9999999999999998,GRID,500.0,1.0,False,188.49671994766786,0.00020003565628969047,199914.76053837687,0.0,299918.57884451747,0.0001,293.15,7.446196957617753e-13,1.0,1.0,1.0,1.0,1.0,1.0,293.15,1.0,PREPARE,0.521657281984193,293.15,0.0,0.0
degraded_ups_3s_interruption_during_dress,DRESSING_WATER_SUPPORT,647,6.46,6.47,False,1.0,0.9999999999999998,GRID,500.0,1.0,False,188.49688395028446,0.00020003409541906184,199918.57884451747,0.0,299922.22788278013,0.0001,293.15,7.124184624417611e-13,1.0,1.0,1.0,1.0,1.0,1.0,293.15,1.0,PREPARE,0.521657281984193,293.15,0.0,0.0
degraded_ups_3s_interruption_during_dress,DRESSING_WATER_SUPPORT,648,6.47,6.48,False,1.0,0.9999999999999998,GRID,500.0,1.0,False,188.49703975277023,0.00020003260175901352,199922.22788278013,0.0,299925.71510374546,0.0001,293.15,-2.1216573691325617e-13,1.0,1.0,1.0,1.0,1.0,1.0,293.15,1.0,PREPARE,0.521657281984193,293.15,0.0,0.0
degraded_ups_3s_interruption_during_dress,DRESSING_WATER_SUPPORT,649,6.48,6.49,False,1.0,0.9999999999999998,GRID,500.0,1.0,False,188.4971877651317,0.00020003117245619007,199925.71510374543,-2.9103830456733704e-11,299929.04749233276,0.0001,293.15,9.382777622348945e-13,1.0,1.0,1.0,1.0,1.0,1.0,293.15,1.0,PREPARE,0.521657281984193,293.15,0.0,0.0
degraded_ups_3s_interruption_during_dress,DRESSING_WATER_SUPPORT,650,6.49,6.5,False,1.0,0.9999999999999998,GRID,500.0,1.0,False,188.49732837687512,0.00020002980484639643,199929.0474923328,2.9103830456733704e-11,299932.231917046,0.0001,293.15,3.936083452396485e-13,1.0,1.0,1.0,1.0,1.0,1.0,293.15,1.0,PREPARE,0.521657281984193,293.15,0.0,0.0
degraded_ups_3s_interruption_during_dress,DRESSING_WATER_SUPPORT,651,6.5,6.51,False,1.0,0.9999999999999998,GRID,500.0,1.0,False,188.49746195803135,0.0002000284962821891,199932.231917046,0.0,299935.27489714324,0.0001,293.15,-7.683271981932613e-13,1.0,1.0,1.0,1.0,1.0,1.0,293.15,1.0,PREPARE,0.521657281984193,293.15,0.0,0.0
degraded_ups_3s_interruption_during_dress,DRESSING_WATER_SUPPORT,652,6.51,6.5200000000000005,False,1.0,0.9999999999999998,GRID,500.0,1.0,False,188.49758886012978,0.00020002724425135002,199935.27489714324,0.0,299938.18254442886,0.0001,293.15,3.3423381246733895e-14,1.0,1.0,1.0,1.0,1.0,1.0,293.15,1.0,PREPARE,0.521657281984193,293.15,0.0,0.0
degraded_ups_3s_interruption_during_dress,DRESSING_WATER_SUPPORT,653,6.5200000000000005,6.53,False,1.0,0.9999999999999998,GRID,500.0,1.0,False,188.4977094171233,0.00020002604640796036,199938.18254442883,-2.9103830456733704e-11,299940.9608542919,0.0001,293.15,-2.1644682194595884e-13,1.0,1.0,1.0,1.0,1.0,1.0,293.15,1.0,PREPARE,0.521657281984193,293.15,0.0,0.0
degraded_ups_3s_interruption_during_dress,DRESSING_WATER_SUPPORT,654,6.53,6.54,False,1.0,0.9999999999999998,GRID,500.0,1.0,False,188.49782394626715,0.0002000249004287754,199940.96085429194,2.9103830456733704e-11,299943.61547287554,0.0001,293.15,3.206652537899927e-13,1.0,1.0,1.0,1.0,1.0,1.0,293.15,1.0,PREPARE,0.521657281984193,293.15,0.0,0.0
degraded_ups_3s_interruption_during_dress,DRESSING_WATER_SUPPORT,655,6.54,6.55,False,1.0,0.9999999999999998,GRID,500.0,1.0,False,188.4979327489538,0.00020002380413140428,199943.61547287554,0.0,299946.1519299075,0.0001,293.15,-9.741887868218614e-13,1.0,1.0,1.0,1.0,1.0,1.0,293.15,1.0,PREPARE,0.521657281984193,293.15,0.0,0.0
degraded_ups_3s_interruption_during_dress,DRESSING_WATER_SUPPORT,656,6.55,6.5600000000000005,False,1.0,0.9999999999999998,GRID,500.0,1.0,False,188.4980361115061,0.00020002275535959977,199946.1519299075,0.0,299948.575347662,0.0001,293.15,-6.693206411241483e-13,1.0,1.0,1.0,1.0,1.0,1.0,293.15,1.0,PREPARE,0.521657281984193,293.15,0.0,0.0
degraded_ups_3s_interruption_during_dress,DRESSING_WATER_SUPPORT,657,6.5600000000000005,6.57,False,1.0,0.9999999999999998,GRID,500.0,1.0,False,188.49813430593082,0.00020002175213036592,199948.57534766197,0.0,299950.8907319978,0.0001,293.15,-9.223492976363484e-13,1.0,1.0,1.0,1.0,1.0,1.0,293.15,1.0,PREPARE,0.521657281984193,293.15,0.0,0.0
degraded_ups_3s_interruption_during_dress,DRESSING_WATER_SUPPORT,658,6.57,6.58,False,1.0,0.9999999999999998,GRID,500.0,1.0,False,188.4982275906343,0.00020002079248998203,199950.8907319978,0.0,299953.1027395278,0.0001,293.15,9.696174413527393e-13,1.0,1.0,1.0,1.0,1.0,1.0,293.15,1.0,PREPARE,0.521657281984193,293.15,0.0,0.0
degraded_ups_3s_interruption_during_dress,DRESSING_WATER_SUPPORT,659,6.58,6.59,False,1.0,0.9999999999999998,GRID,500.0,1.0,False,188.49831621110258,0.00020001987463185372,199953.10273952782,0.0,299955.21602686495,0.0001,293.15,8.716787529411189e-13,1.0,1.0,1.0,1.0,1.0,1.0,293.15,1.0,PREPARE,0.521657281984193,293.15,0.0,0.0
degraded_ups_3s_interruption_during_dress,DRESSING_WATER_SUPPORT,660,6.59,6.6000000000000005,False,1.0,0.9999999999999998,GRID,500.0,1.0,False,188.49840040054744,0.0002000189967232849,199955.2160268649,-5.820766091346741e-11,299957.2350177914,0.0001,293.15,-6.041396918338776e-13,1.0,1.0,1.0,1.0,1.0,1.0,293.15,1.0,PREPARE,0.521657281984193,293.15,0.0,0.0
degraded_ups_3s_interruption_during_dress,DRESSING_WATER_SUPPORT,661,6.6000000000000005,6.61,False,1.0,0.9999999999999998,GRID,500.0,1.0,False,188.49848038052008,0.00020001815702318723,199957.2350177914,0.0,299959.1637868434,0.0001,293.15,-2.5127506304136517e-13,1.0,1.0,1.0,1.0,1.0,1.0,293.15,1.0,PREPARE,0.521657281984193,293.15,0.0,0.0
degraded_ups_3s_interruption_during_dress,DRESSING_WATER_SUPPORT,662,6.61,6.62,False,1.0,0.9999999999999998,GRID,500.0,1.0,False,188.49855636149408,0.00020001735394152554,199959.16378684342,0.0,299961.006292142,0.0001,293.15,6.89483441041657e-13,1.0,1.0,1.0,1.0,1.0,1.0,293.15,1.0,PREPARE,0.521657281984193,293.15,0.0,0.0
degraded_ups_3s_interruption_during_dress,DRESSING_WATER_SUPPORT,663,6.62,6.63,False,1.0,0.9999999999999998,GRID,500.0,1.0,False,188.4986285434194,0.00020001658592409282,199961.00629214197,0.0,299962.76643360034,0.0001,293.15,-1.218746089275907e-13,1.0,1.0,1.0,1.0,1.0,1.0,293.15,1.0,PREPARE,0.521657281984193,293.15,0.0,0.0
degraded_ups_3s_interruption_during_dress,DRESSING_WATER_SUPPORT,664,6.63,6.640000000000001,False,1.0,0.9999999999999998,GRID,500.0,1.0,False,188.49869711624842,0.00020001585142452903,199962.76643360034,0.0,299964.4477618858,0.0001,293.15,9.77876400728082e-13,1.0,1.0,1.0,1.0,1.0,1.0,293.15,1.0,PREPARE,0.521657281984193,293.15,0.0,0.0
degraded_ups_3s_interruption_during_dress,DRESSING_WATER_SUPPORT,665,6.640000000000001,6.65,False,1.0,0.9999999999999998,GRID,500.0,1.0,False,188.498762260436,0.0002000151490508923,199964.44776188582,0.0,299966.05382766575,0.0001,293.15,8.214609190335327e-13,1.0,1.0,1.0,1.0,1.0,1.0,293.15,1.0,PREPARE,0.521657281984193,293.15,0.0,0.0
degraded_ups_3s_interruption_during_dress,DRESSING_WATER_SUPPORT,666,6.65,6.66,False,1.0,0.9999999999999998,GRID,500.0,1.0,False,188.49882414741418,0.00020001447739206141,199966.05382766575,0.0,299967.5879487768,0.0001,293.15,9.95452316496655e-13,1.0,1.0,1.0,1.0,1.0,1.0,293.15,1.0,PREPARE,0.521657281984193,293.15,0.0,0.0
degraded_ups_3s_interruption_during_dress,DRESSING_WATER_SUPPORT,667,6.66,6.67,False,1.0,0.9999999999999998,GRID,500.0,1.0,False,188.49888294004347,0.00020001383513510194,199967.58794877678,0.0,299969.05338484794,0.0001,293.15,-2.787451790676621e-13,1.0,1.0,1.0,1.0,1.0,1.0,293.15,1.0,PREPARE,0.521657281984193,293.15,0.0,0.0
degraded_ups_3s_interruption_during_dress,DRESSING_WATER_SUPPORT,668,6.67,6.68,False,1.0,0.9999999999999998,GRID,500.0,1.0,False,188.4989387930413,0.00020001322097887354,199969.05338484794,0.0,299970.4531044699,0.0001,293.15,3.419885034896454e-14,1.0,1.0,1.0,1.0,1.0,1.0,293.15,1.0,PREPARE,0.521657281984193,293.15,0.0,0.0
degraded_ups_3s_interruption_during_dress,DRESSING_WATER_SUPPORT,669,6.68,6.69,False,1.0,0.9999999999999998,GRID,500.0,1.0,False,188.49899185338924,0.00020001263375130383,199970.45310446993,0.0,299971.79007623345,0.0001,293.15,-7.220833290021631e-13,1.0,1.0,1.0,1.0,1.0,1.0,293.15,1.0,PREPARE,0.521657281984193,293.15,0.0,0.0
degraded_ups_3s_interruption_during_dress,DRESSING_WATER_SUPPORT,670,6.69,6.7,False,1.0,0.9999999999999998,GRID,500.0,1.0,False,188.4990422607198,0.0002000120722647022,199971.79007623342,-2.9103830456733704e-11,299973.06703589857,0.0001,293.15,-4.4654948087723624e-13,1.0,1.0,1.0,1.0,1.0,1.0,293.15,1.0,PREPARE,0.521657281984193,293.15,0.0,0.0
degraded_ups_3s_interruption_during_dress,DRESSING_WATER_SUPPORT,671,6.7,6.71,False,1.0,0.9999999999999998,GRID,500.0,1.0,False,188.4990901476838,0.00020001153543294938,199973.06703589854,-2.9103830456733704e-11,299974.28660281,0.0001,293.15,7.933151905562911e-13,1.0,1.0,1.0,1.0,1.0,1.0,293.15,1.0,PREPARE,0.521657281984193,293.15,0.0,0.0
degraded_ups_3s_interruption_during_dress,DRESSING_WATER_SUPPORT,672,6.71,6.72,False,1.0,0.9999999999999998,GRID,500.0,1.0,False,188.4991356402996,0.00020001102221403667,199974.28660281,-2.9103830456733704e-11,299975.4514545202,0.0001,293.15,-5.474274467981522e-13,1.0,1.0,1.0,1.0,1.0,1.0,293.15,1.0,PREPARE,0.521657281984193,293.15,0.0,0.0
degraded_ups_3s_interruption_during_dress,DRESSING_WATER_SUPPORT,673,6.72,6.73,False,1.0,0.9999999999999998,GRID,500.0,1.0,False,188.49917885828464,0.0002000105315234641,199975.45145452023,0.0,299976.5639193356,0.0001,293.15,2.674887351542234e-13,1.0,1.0,1.0,1.0,1.0,1.0,293.15,1.0,PREPARE,0.521657281984193,293.15,0.0,0.0
degraded_ups_3s_interruption_during_dress,DRESSING_WATER_SUPPORT,674,6.73,6.74,False,1.0,0.9999999999999998,GRID,500.0,1.0,False,188.49921991537042,0.00020001006243862665,199976.5639193356,0.0,299977.62638377026,0.0001,293.15,-4.195155995606654e-14,1.0,1.0,1.0,1.0,1.0,1.0,293.15,1.0,PREPARE,0.521657281984193,293.15,0.0,0.0
degraded_ups_3s_interruption_during_dress,DRESSING_WATER_SUPPORT,675,6.74,6.75,False,1.0,0.9999999999999998,GRID,500.0,1.0,False,188.49925891960189,0.0002000096139957347,199977.62638377023,-2.9103830456733704e-11,299978.6410597153,0.0001,293.15,-5.302383477956806e-14,1.0,1.0,1.0,1.0,1.0,1.0,293.15,1.0,PREPARE,0.521657281984193,293.15,0.0,0.0
degraded_ups_3s_interruption_during_dress,DRESSING_WATER_SUPPORT,676,6.75,6.76,False,1.0,0.9999999999999998,GRID,500.0,1.0,False,188.4992959736218,0.00020000918530682836,199978.6410597153,0.0,299979.6100426465,0.0001,293.15,6.268805564708523e-13,1.0,1.0,1.0,1.0,1.0,1.0,293.15,1.0,PREPARE,0.521657281984193,293.15,0.0,0.0
degraded_ups_3s_interruption_during_dress,DRESSING_WATER_SUPPORT,677,6.76,6.7700000000000005,False,1.0,0.9999999999999998,GRID,500.0,1.0,False,188.49933117494072,0.00020000877553124952,199979.61004264653,0.0,299980.53542803973,0.0001,293.15,1.0936559871816313e-13,1.0,1.0,1.0,1.0,1.0,1.0,293.15,1.0,PREPARE,0.521657281984193,293.15,0.0,0.0
degraded_ups_3s_interruption_during_dress,DRESSING_WATER_SUPPORT,678,6.7700000000000005,6.78,False,1.0,0.9999999999999998,GRID,500.0,1.0,False,188.49936461619367,0.00020000838381798225,199980.53542803973,0.0,299981.4191367477,0.0001,293.15,7.544862033393885e-14,1.0,1.0,1.0,1.0,1.0,1.0,293.15,1.0,PREPARE,0.521657281984193,293.15,0.0,0.0
degraded_ups_3s_interruption_during_dress,DRESSING_WATER_SUPPORT,679,6.78,6.79,False,1.0,0.9999999999999998,GRID,500.0,1.0,False,188.499396385384,0.00020000800939347924,199981.41913674772,0.0,299982.26303141564,0.0001,293.15,-1.5587048252478215e-14,1.0,1.0,1.0,1.0,1.0,1.0,293.15,1.0,PREPARE,0.521657281984193,293.15,0.0,0.0
degraded_ups_3s_interruption_during_dress,DRESSING_WATER_SUPPORT,680,6.79,6.8,False,1.0,0.9999999999999998,GRID,500.0,1.0,False,188.49942656611478,0.0002000076515039485,199982.26303141564,0.0,299983.0688582733,0.0001,293.15,5.376581276551755e-13,1.0,1.0,1.0,1.0,1.0,1.0,293.15,1.0,PREPARE,0.521657281984193,293.15,0.0,0.0
degraded_ups_3s_interruption_during_dress,DRESSING_WATER_SUPPORT,681,6.8,6.8100000000000005,False,1.0,0.9999999999999998,GRID,500.0,1.0,False,188.49945523780903,0.00020000730944492456,199983.06885827333,0.0,299983.8383635506,0.0001,293.15,1.5760372878853384e-13,1.0,1.0,1.0,1.0,1.0,1.0,293.15,1.0,PREPARE,0.521657281984193,293.15,0.0,0.0
degraded_ups_3s_interruption_during_dress,DRESSING_WATER_SUPPORT,682,6.8100000000000005,6.82,False,1.0,0.9999999999999998,GRID,500.0,1.0,False,188.49948247591857,0.00020000698250350658,199983.8383635506,0.0,299984.573177062,0.0001,293.15,-3.5525183977367916e-13,1.0,1.0,1.0,1.0,1.0,1.0,293.15,1.0,PREPARE,0.521657281984193,293.15,0.0,0.0
degraded_ups_3s_interruption_during_dress,DRESSING_WATER_SUPPORT,683,6.82,6.83,False,1.0,0.9999999999999998,GRID,500.0,1.0,False,188.49950835212263,0.0002000066700169863,199984.573177062,2.9103830456733704e-11,299985.2748122066,0.0001,293.15,-9.201002698532651e-14,1.0,1.0,1.0,1.0,1.0,1.0,293.15,1.0,PREPARE,0.521657281984193,293.15,0.0,0.0
degraded_ups_3s_interruption_during_dress,DRESSING_WATER_SUPPORT,684,6.83,6.84,False,1.0,0.9999999999999998,GRID,500.0,1.0,False,188.4995329345165,0.00020000637137324923,199985.27481220663,0.0,299985.94478238374,0.0001,293.15,-4.214849254128992e-13,1.0,1.0,1.0,1.0,1.0,1.0,293.15,1.0,PREPARE,0.521657281984193,293.15,0.0,0.0
degraded_ups_3s_interruption_during_dress,DRESSING_WATER_SUPPORT,685,6.84,6.8500000000000005,False,1.0,0.9999999999999998,GRID,500.0,1.0,False,188.49955628779068,0.00020000608595294937,199985.94478238374,0.0,299986.5844845772,0.0001,293.15,-3.332080000379251e-13,1.0,1.0,1.0,1.0,1.0,1.0,293.15,1.0,PREPARE,0.521657281984193,293.15,0.0,0.0
degraded_ups_3s_interruption_during_dress,DRESSING_WATER_SUPPORT,686,6.8500000000000005,6.86,False,1.0,0.9999999999999998,GRID,500.0,1.0,False,188.49957847340116,0.00020000581318807727,199986.5844845772,2.9103830456733704e-11,299987.19525756314,0.0001,293.15,9.957638608990404e-14,1.0,1.0,1.0,1.0,1.0,1.0,293.15,1.0,PREPARE,0.521657281984193,293.15,0.0,0.0
degraded_ups_3s_interruption_during_dress,DRESSING_WATER_SUPPORT,687,6.86,6.87,False,1.0,0.9999999999999998,GRID,500.0,1.0,False,188.4995995497311,0.00020000555253320068,199987.19525756311,-2.9103830456733704e-11,299987.77844011784,0.0001,293.15,-3.3795208493622617e-13,1.0,1.0,1.0,1.0,1.0,1.0,293.15,1.0,PREPARE,0.521657281984193,293.15,0.0,0.0
degraded_ups_3s_interruption_during_dress,DRESSING_WATER_SUPPORT,688,6.87,6.88,False,1.0,0.9999999999999998,GRID,500.0,1.0,False,188.49961957224454,0.00020000530343668797,199987.77844011784,0.0,299988.33525460213,0.0001,293.15,-4.802990649509771e-13,1.0,1.0,1.0,1.0,1.0,1.0,293.15,1.0,PREPARE,0.521657281984193,293.15,0.0,0.0
degraded_ups_3s_interruption_during_dress,DRESSING_WATER_SUPPORT,689,6.88,6.890000000000001,False,1.0,0.9999999999999998,GRID,500.0,1.0,False,188.4996385936323,0.00020000506539922435,199988.33525460216,2.9103830456733704e-11,299988.8668069616,0.0001,293.15,9.485543123527175e-13,1.0,1.0,1.0,1.0,1.0,1.0,293.15,1.0,PREPARE,0.521657281984193,293.15,0.0,0.0
degraded_ups_3s_interruption_during_dress,DRESSING_WATER_SUPPORT,690,6.890000000000001,6.9,False,1.0,0.9999999999999998,GRID,500.0,1.0,False,188.4996566639507,0.00020000483797410687,199988.8668069616,0.0,299989.37437776476,0.0001,293.15,-6.30838824646087e-13,1.0,1.0,1.0,1.0,1.0,1.0,293.15,1.0,PREPARE,0.521657281984193,293.15,0.0,0.0
degraded_ups_3s_interruption_during_dress,DRESSING_WATER_SUPPORT,691,6.9,6.91,False,1.0,0.9999999999999998,GRID,500.0,1.0,False,188.49967383075318,0.00020000462062200828,199989.37437776476,0.0,299989.8588983342,0.0001,293.15,7.614523014947613e-13,1.0,1.0,1.0,1.0,1.0,1.0,293.15,1.0,PREPARE,0.521657281984193,293.15,0.0,0.0
degraded_ups_3s_interruption_during_dress,DRESSING_WATER_SUPPORT,692,6.91,6.92,False,1.0,0.9999999999999998,GRID,500.0,1.0,False,188.49969013921552,0.00020000441297317138,199989.8588983342,0.0,299990.32153282315,0.0001,293.15,-4.830189953525365e-13,1.0,1.0,1.0,1.0,1.0,1.0,293.15,1.0,PREPARE,0.521657281984193,293.15,0.0,0.0
degraded_ups_3s_interruption_during_dress,DRESSING_WATER_SUPPORT,693,6.92,6.93,False,1.0,0.9999999999999998,GRID,500.0,1.0,False,188.49970563225475,0.00020000421453663007,199990.32153282312,-2.9103830456733704e-11,299990.76321255416,0.0001,293.15,-6.642672382197852e-13,1.0,1.0,1.0,1.0,1.0,1.0,293.15,1.0,PREPARE,0.521657281984193,293.15,0.0,0.0
degraded_ups_3s_interruption_during_dress,DRESSING_WATER_SUPPORT,694,6.93,6.94,False,1.0,0.9999999999999998,GRID,500.0,1.0,False,188.499720350642,0.00020000402493327457,199990.7632125542,2.9103830456733704e-11,299991.1848688498,0.0001,293.15,-6.270634846873003e-13,1.0,1.0,1.0,1.0,1.0,1.0,293.15,1.0,PREPARE,0.521657281984193,293.15,0.0,0.0
degraded_ups_3s_interruption_during_dress,DRESSING_WATER_SUPPORT,695,6.94,6.95,False,1.0,0.9999999999999998,GRID,500.0,1.0,False,188.4997343331099,0.00020000384377966683,199991.18486884987,5.820766091346741e-11,299991.58737482503,0.0001,293.15,-2.7250022985282392e-14,1.0,1.0,1.0,1.0,1.0,1.0,293.15,1.0,PREPARE,0.521657281984193,293.15,0.0,0.0
degraded_ups_3s_interruption_during_dress,DRESSING_WATER_SUPPORT,696,6.95,6.96,False,1.0,0.9999999999999998,GRID,500.0,1.0,False,188.4997476164544,0.00020000367071736018,199991.58737482503,0.0,299991.9716035947,0.0001,293.15,3.4016901545960133e-13,1.0,1.0,1.0,1.0,1.0,1.0,293.15,1.0,PREPARE,0.521657281984193,293.15,0.0,0.0
degraded_ups_3s_interruption_during_dress,DRESSING_WATER_SUPPORT,697,6.96,6.97,False,1.0,0.9999999999999998,GRID,500.0,1.0,False,188.4997602356317,0.00020000350538400152,199991.97160359475,2.9103830456733704e-11,299992.3384282738,0.0001,293.15,-3.2371690831431746e-13,1.0,1.0,1.0,1.0,1.0,1.0,293.15,1.0,PREPARE,0.521657281984193,293.15,0.0,0.0
degraded_ups_3s_interruption_during_dress,DRESSING_WATER_SUPPORT,698,6.97,6.98,False,1.0,0.9999999999999998,GRID,500.0,1.0,False,188.4997722238501,0.000200003347413527,199992.3384282738,0.0,299992.68860556185,0.0001,293.15,-4.3501503018327634e-13,1.0,1.0,1.0,1.0,1.0,1.0,293.15,1.0,PREPARE,0.521657281984193,293.15,0.0,0.0
degraded_ups_3s_interruption_during_dress,DRESSING_WATER_SUPPORT,699,6.98,6.99,False,1.0,0.9999999999999998,GRID,500.0,1.0,False,188.4997836126576,0.00020000319649455427,199992.68860556188,2.9103830456733704e-11,299993.0228339508,0.0001,293.15,5.097995506642929e-13,1.0,1.0,1.0,1.0,1.0,1.0,293.15,1.0,PREPARE,0.521657281984193,293.15,0.0,0.0
degraded_ups_3s_interruption_during_dress,DRESSING_WATER_SUPPORT,700,6.99,7.0,False,1.0,0.9999999999999998,GRID,500.0,1.0,False,188.49979443202471,0.0002000030523414553,199993.02283395082,0.0,299993.34192834795,0.0001,293.15,-5.106612214253096e-13,1.0,1.0,1.0,1.0,1.0,1.0,293.15,1.0,PREPARE,0.521657281984193,293.15,0.0,0.0
degraded_ups_3s_interruption_during_dress,DRESSING_WATER_SUPPORT,701,7.0,7.01,False,1.0,0.9999999999999998,GRID,500.0,1.0,False,188.4998047104235,0.00020000291460721398,199993.34192834795,0.0,299993.64647082984,0.0001,293.15,5.221610708920301e-13,1.0,1.0,1.0,1.0,1.0,1.0,293.15,1.0,POLISH,0.5216562451777921,293.15027092754167,9.198786748020281e-10,9.198786748020281e-12
degraded_ups_3s_interruption_during_dress,DRESSING_WATER_SUPPORT,702,7.01,7.0200000000000005,False,1.0,0.9999999999999998,GRID,500.0,1.0,False,188.4998144749023,0.00020000278305820531,199993.6464708299,5.820766091346741e-11,299993.93715988845,0.0001,293.15,6.970890542321594e-13,1.0,1.0,1.0,1.0,1.0,1.0,293.15,1.0,POLISH,0.5216552080484679,293.15054181159815,9.220992707699423e-10,1.8419779455719705e-11
degraded_ups_3s_interruption_during_dress,DRESSING_WATER_SUPPORT,703,7.0200000000000005,7.03,False,1.0,0.9999999999999998,GRID,500.0,1.0,False,188.49982375115718,0.0002000026573997267,199993.9371598884,-5.820766091346741e-11,299994.2146940157,0.0001,293.15,-6.29825843171847e-13,1.0,1.0,1.0,1.0,1.0,1.0,293.15,1.0,POLISH,0.5216541706124436,293.1508126478693,9.242582711375426e-10,2.766236216709513e-11
degraded_ups_3s_interruption_during_dress,DRESSING_WATER_SUPPORT,704,7.03,7.04,False,1.0,0.9999999999999998,GRID,500.0,1.0,False,188.4998325635993,0.00020000253733434777,199994.21469401568,0.0,299994.47953887284,0.0001,293.15,6.677682224450615e-13,1.0,1.0,1.0,1.0,1.0,1.0,293.15,1.0,POLISH,0.5216531328851329,293.1510834322717,9.263574759765399e-10,3.692593692686053e-11
degraded_ups_3s_interruption_during_dress,DRESSING_WATER_SUPPORT,705,7.04,7.05,False,1.0,0.9999999999999998,GRID,500.0,1.0,False,188.49984093541934,0.0002000024226784609,199994.47953887284,0.0,299994.73239295185,0.0001,293.15,-5.995951819897986e-13,1.0,1.0,1.0,1.0,1.0,1.0,293.15,1.0,POLISH,0.5216520948811808,293.15135416092767,9.283986304483438e-10,4.620992323134397e-11
degraded_ups_3s_interruption_during_dress,DRESSING_WATER_SUPPORT,706,7.05,7.0600000000000005,False,1.0,0.9999999999999998,GRID,500.0,1.0,False,188.4998488886484,0.0002000023131295831,199994.73239295185,0.0,299994.973721914,0.0001,293.15,-3.106168523348295e-13,1.0,1.0,1.0,1.0,1.0,1.0,293.15,1.0,POLISH,0.5216510566145013,293.15162483015513,9.303834264449582e-10,5.551375749579355e-11
degraded_ups_3s_interruption_during_dress,DRESSING_WATER_SUPPORT,707,7.0600000000000005,7.07,False,1.0,0.9999999999999998,GRID,500.0,1.0,False,188.49985644421596,0.0002000022084993069,199994.973721914,0.0,299995.2040496282,0.0001,293.15,-7.979191905732436e-14,1.0,1.0,1.0,1.0,1.0,1.0,293.15,1.0,POLISH,0.5216500180983143,293.15189543645806,9.32313504192102e-10,6.483689253771457e-11
degraded_ups_3s_interruption_during_dress,DRESSING_WATER_SUPPORT,708,7.07,7.08,False,1.0,0.9999999999999998,GRID,500.0,1.0,False,188.49986362200517,0.00020000210856789994,199995.2040496282,-2.9103830456733704e-11,299995.4238999635,0.0001,293.15,-3.8878722615489117e-13,1.0,1.0,1.0,1.0,1.0,1.0,293.15,1.0,POLISH,0.5216489793451802,293.15216597651704,9.341904538141211e-10,7.417879707585578e-11
degraded_ups_3s_interruption_during_dress,DRESSING_WATER_SUPPORT,709,7.08,7.09,False,1.0,0.9999999999999998,GRID,500.0,1.0,False,188.4998704409049,0.00020000201311351945,199995.42389996347,-2.9103830456733704e-11,299995.63368037343,0.0001,293.15,6.651340898412801e-13,1.0,1.0,1.0,1.0,1.0,1.0,293.15,1.0,POLISH,0.5216479403670323,293.15243644718066,9.360158168604197e-10,8.353895524445997e-11
degraded_ups_3s_interruption_during_dress,DRESSING_WATER_SUPPORT,710,7.09,7.1000000000000005,False,1.0,0.9999999999999998,GRID,500.0,1.0,False,188.49987691885966,0.00020000192197052496,199995.6336803734,-2.9103830456733704e-11,299995.833914727,0.0001,293.15,3.26090624771887e-13,1.0,1.0,1.0,1.0,1.0,1.0,293.15,1.0,POLISH,0.521646901175209,293.1527068454571,9.377910877932937e-10,9.291686612239291e-11
degraded_ups_3s_interruption_during_dress,DRESSING_WATER_SUPPORT,711,7.1000000000000005,7.11,False,1.0,0.9999999999999998,GRID,500.0,1.0,False,188.49988307291667,0.0002000018349131645,199995.8339147269,-5.820766091346741e-11,299996.0250686854,0.0001,293.15,-7.003469971928412e-13,1.0,1.0,1.0,1.0,1.0,1.0,293.15,1.0,POLISH,0.5216458617804823,293.15297716850614,9.395177154371808e-10,1.0231204327676472e-10
degraded_ups_3s_interruption_during_dress,DRESSING_WATER_SUPPORT,712,7.11,7.12,False,1.0,0.9999999999999998,GRID,500.0,1.0,False,188.49988891927083,0.0002000017517429801,199996.0250686854,0.0,299996.2074914947,0.0001,293.15,-4.589533272739325e-13,1.0,1.0,1.0,1.0,1.0,1.0,293.15,1.0,POLISH,0.521644822193087,293.1532474136318,9.411971043894667e-10,1.1172401432065939e-10
degraded_ups_3s_interruption_during_dress,DRESSING_WATER_SUPPORT,713,7.12,7.13,False,1.0,0.9999999999999998,GRID,500.0,1.0,False,188.49989447330728,0.00020000167231800227,199996.2074914947,-2.9103830456733704e-11,299996.38153240085,0.0001,293.15,7.336792198079106e-13,1.0,1.0,1.0,1.0,1.0,1.0,293.15,1.0,POLISH,0.5216437824227472,293.1535175782751,9.42830616393073e-10,1.2115232048459012e-10
degraded_ups_3s_interruption_during_dress,DRESSING_WATER_SUPPORT,714,7.13,7.140000000000001,False,1.0,0.9999999999999998,GRID,500.0,1.0,False,188.4998997496419,0.00020000159649462878,199996.38153240088,2.9103830456733704e-11,299996.5476570651,0.0001,293.15,1.7281128676496994e-13,1.0,1.0,1.0,1.0,1.0,1.0,293.15,1.0,POLISH,0.5216427424787015,293.1537876600073,9.444195716711696e-10,1.3059651620130182e-10
degraded_ups_3s_interruption_during_dress,DRESSING_WATER_SUPPORT,715,7.140000000000001,7.15,False,1.0,0.9999999999999998,GRID,500.0,1.0,False,188.49990476215982,0.00020000152406949892,199996.54765706512,2.9103830456733704e-11,299996.7062147334,0.0001,293.15,-1.9123435853549405e-13,1.0,1.0,1.0,1.0,1.0,1.0,293.15,1.0,POLISH,0.5216417023697274,293.1540576565233,9.459652502244146e-10,1.4005616870354598e-10
degraded_ups_3s_interruption_during_dress,DRESSING_WATER_SUPPORT,716,7.15,7.16,False,1.0,0.9999999999999998,GRID,500.0,1.0,False,188.49990952405182,0.00020000145489598557,199996.70621473345,2.9103830456733704e-11,299996.8575546518,0.0001,293.15,-6.797078362392323e-13,1.0,1.0,1.0,1.0,1.0,1.0,293.15,1.0,POLISH,0.5216406621041645,293.1543275656358,9.474688930911939e-10,1.4953085763445792e-10
degraded_ups_3s_interruption_during_dress,DRESSING_WATER_SUPPORT,717,7.16,7.17,False,1.0,0.9999999999999998,GRID,500.0,1.0,False,188.49991404784922,0.00020000138882606168,199996.85755465183,2.9103830456733704e-11,299997.00190965086,0.0001,293.15,7.712549322064435e-13,1.0,1.0,1.0,1.0,1.0,1.0,293.15,1.0,POLISH,0.521639621689936,293.1545973852691,9.489317035714094e-10,1.59020174670172e-10
degraded_ups_3s_interruption_during_dress,DRESSING_WATER_SUPPORT,718,7.17,7.18,False,1.0,0.9999999999999998,GRID,500.0,1.0,False,188.49991834545676,0.00020000132576857767,199997.00190965086,0.0,299997.1397453919,0.0001,293.15,-8.189391488078195e-13,1.0,1.0,1.0,1.0,1.0,1.0,293.15,1.0,POLISH,0.52163858113457,293.1548671134538,9.503548484143976e-10,1.6852372315431599e-10
degraded_ups_3s_interruption_during_dress,DRESSING_WATER_SUPPORT,719,7.18,7.19,False,1.0,0.9999999999999998,GRID,500.0,1.0,False,188.49992242818394,0.00020000126551470584,199997.1397453919,0.0,299997.2712364979,0.0001,293.15,7.433681383126323e-14,1.0,1.0,1.0,1.0,1.0,1.0,293.15,1.0,POLISH,0.5216375404452183,293.15513674832147,9.51739458971608e-10,1.7804111774403206e-10
degraded_ups_3s_interruption_during_dress,DRESSING_WATER_SUPPORT,720,7.19,7.2,False,1.0,0.9999999999999998,GRID,500.0,1.0,False,188.49992630677474,0.00020000120799993664,199997.2712364979,0.0,299997.3966740072,0.0001,293.15,9.12747666077019e-13,1.0,1.0,1.0,1.0,1.0,1.0,293.15,1.0,POLISH,0.5216364996286761,293.15540628809964,9.530866323147201e-10,1.8757198406717925e-10
degraded_ups_3s_interruption_during_dress,DRESSING_WATER_SUPPORT,721,7.2,7.21,False,1.0,0.9999999999999998,GRID,500.0,1.0,False,188.499929991436,0.00020000115310041288,199997.3966740072,2.9103830456733704e-11,299997.51646537334,0.0001,293.15,-9.595969900852152e-13,1.0,1.0,1.0,1.0,1.0,1.0,293.15,1.0,POLISH,0.5216354586913993,293.155675731107,9.543974323198814e-10,1.9711595839037806e-10
degraded_ups_3s_interruption_during_dress,DRESSING_WATER_SUPPORT,722,7.21,7.22,False,1.0,0.9999999999999998,GRID,500.0,1.0,False,188.4999334918642,0.00020000110063298708,199997.51646537334,0.0,299997.6307270117,0.0001,293.15,3.671375595042582e-14,1.0,1.0,1.0,1.0,1.0,1.0,293.15,1.0,POLISH,0.5216344176395215,293.15594507574895,9.556728907188025e-10,2.0667268729756608e-10
degraded_ups_3s_interruption_during_dress,DRESSING_WATER_SUPPORT,723,7.22,7.23,False,1.0,0.9999999999999998,GRID,500.0,1.0,False,188.499936817271,0.00020000105055900094,199997.63072701168,-2.9103830456733704e-11,299997.7397499606,0.0001,293.15,2.2504281478678728e-13,1.0,1.0,1.0,1.0,1.0,1.0,293.15,1.0,POLISH,0.5216333764788701,293.1562143205132,9.569140081174435e-10,2.162418273787405e-10
degraded_ups_3s_interruption_during_dress,DRESSING_WATER_SUPPORT,724,7.23,7.24,False,1.0,0.9999999999999998,GRID,500.0,1.0,False,188.49993997640743,0.0002000010027515075,199997.7397499606,0.0,299997.8438252583,0.0001,293.15,-6.670759452631855e-13,1.0,1.0,1.0,1.0,1.0,1.0,293.15,1.0,POLISH,0.5216323352149818,293.15648346396574,9.581217549830439e-10,2.2582304492857096e-10
degraded_ups_3s_interruption_during_dress,DRESSING_WATER_SUPPORT,725,7.24,7.25,False,1.0,0.9999999999999998,GRID,500.0,1.0,False,188.49994297758707,0.00020000095708263134,199997.84382525834,2.9103830456733704e-11,299997.94312752783,0.0001,293.15,-5.26522951214994e-13,1.0,1.0,1.0,1.0,1.0,1.0,293.15,1.0,POLISH,0.5216312938531165,293.15675250474703,9.59297072600271e-10,2.354160156545737e-10
degraded_ups_3s_interruption_during_dress,DRESSING_WATER_SUPPORT,726,7.25,7.26,False,1.0,0.9999999999999998,GRID,500.0,1.0,False,188.49994582870772,0.00020000091348182212,199997.94312752783,0.0,299998.0378895998,0.0001,293.15,-7.044171257583545e-13,1.0,1.0,1.0,1.0,1.0,1.0,293.15,1.0,POLISH,0.5216302523982719,293.1570214415682,9.604408739972527e-10,2.450204243945462e-10
degraded_ups_3s_interruption_during_dress,DRESSING_WATER_SUPPORT,727,7.26,7.2700000000000005,False,1.0,0.9999999999999998,GRID,500.0,1.0,False,188.49994853727233,0.00020000087184858756,199998.0378895998,0.0,299998.12822788954,0.0001,293.15,9.688480237264399e-13,1.0,1.0,1.0,1.0,1.0,1.0,293.15,1.0,POLISH,0.521629210855196,293.1572902732076,9.615540448422666e-10,2.546359648429689e-10
degraded_ups_3s_interruption_during_dress,DRESSING_WATER_SUPPORT,728,7.2700000000000005,7.28,False,1.0,0.9999999999999998,GRID,500.0,1.0,False,188.49995111040872,0.00020000083213984676,199998.12822788954,0.0,299998.214491643,0.0001,293.15,-3.8104422828841833e-13,1.0,1.0,1.0,1.0,1.0,1.0,293.15,1.0,POLISH,0.5216281692283998,293.1575589985074,9.626374443118744e-10,2.642623392860876e-10
degraded_ups_3s_interruption_during_dress,DRESSING_WATER_SUPPORT,729,7.28,7.29,False,1.0,0.9999999999999998,GRID,500.0,1.0,False,188.4999535548883,0.00020000079419534757,199998.214491643,0.0,299998.29679727554,0.0001,293.15,-3.159408346922017e-13,1.0,1.0,1.0,1.0,1.0,1.0,293.15,1.0,POLISH,0.5216271275221691,293.15782761637047,9.636919059312638e-10,2.7389925834540025e-10
degraded_ups_3s_interruption_during_dress,DRESSING_WATER_SUPPORT,730,7.29,7.3,False,1.0,0.9999999999999998,GRID,500.0,1.0,False,188.4999558771439,0.000200000757970534,199998.29679727554,0.0,299998.3753194101,0.0001,293.15,-1.318624988930801e-13,1.0,1.0,1.0,1.0,1.0,1.0,293.15,1.0,POLISH,0.5216260857405756,293.15809612575737,9.647182383875727e-10,2.8354644072927596e-10
degraded_ups_3s_interruption_during_dress,DRESSING_WATER_SUPPORT,731,7.3,7.3100000000000005,False,1.0,0.9999999999999998,GRID,500.0,1.0,False,188.49995808328669,0.00020000072339106386,199998.3753194101,-2.9103830456733704e-11,299998.4502326697,0.0001,293.15,9.537089000361756e-15,1.0,1.0,1.0,1.0,1.0,1.0,293.15,1.0,POLISH,0.5216250438874878,293.1583645256835,9.657172263169615e-10,2.932036129924456e-10
degraded_ups_3s_interruption_during_dress,DRESSING_WATER_SUPPORT,732,7.3100000000000005,7.32,False,1.0,0.9999999999999998,GRID,500.0,1.0,False,188.49996017912235,0.0002000006903819464,199998.4502326697,0.0,299998.5217116773,0.0001,293.15,-5.404430375457371e-14,1.0,1.0,1.0,1.0,1.0,1.0,293.15,1.0,POLISH,0.521624001966581,293.1586328152164,9.666896310661842e-10,3.028705093031074e-10
degraded_ups_3s_interruption_during_dress,DRESSING_WATER_SUPPORT,733,7.32,7.33,False,1.0,0.9999999999999998,GRID,500.0,1.0,False,188.49996217016624,0.00020000065886757485,199998.52171167728,-2.9103830456733704e-11,299998.5899310559,0.0001,293.15,-4.855249264701428e-13,1.0,1.0,1.0,1.0,1.0,1.0,293.15,1.0,POLISH,0.521622959981347,293.158900993473,9.6763619142941e-10,3.125468712174015e-10
degraded_ups_3s_interruption_during_dress,DRESSING_WATER_SUPPORT,734,7.33,7.34,False,1.0,0.9999999999999998,GRID,500.0,1.0,False,188.49996406165792,0.00020000062877175708,199998.5899310559,0.0,299998.6550072208,0.0001,293.15,-2.551513492675075e-13,1.0,1.0,1.0,1.0,1.0,1.0,293.15,1.0,POLISH,0.5216219179351033,293.15916905961745,9.685576243610279e-10,3.222324474610118e-10
degraded_ups_3s_interruption_during_dress,DRESSING_WATER_SUPPORT,735,7.34,7.3500000000000005,False,1.0,0.9999999999999998,GRID,500.0,1.0,False,188.49996585857502,0.00020000060004684883,199998.6550072208,0.0,299998.71705658734,0.0001,293.15,5.312244822632859e-13,1.0,1.0,1.0,1.0,1.0,1.0,293.15,1.0,POLISH,0.5216208758310016,293.15943701285846,9.694546256651558e-10,3.3192699371766337e-10
degraded_ups_3s_interruption_during_dress,DRESSING_WATER_SUPPORT,736,7.3500000000000005,7.36,False,1.0,0.9999999999999998,GRID,500.0,1.0,False,188.49996756564627,0.00020000057264467764,199998.71705658737,2.9103830456733704e-11,299998.77631198615,0.0001,293.15,-6.192916264437606e-13,1.0,1.0,1.0,1.0,1.0,1.0,293.15,1.0,POLISH,0.5216198336720365,293.15970485244736,9.703278706625737e-10,3.416302724242891e-10
degraded_ups_3s_interruption_during_dress,DRESSING_WATER_SUPPORT,737,7.36,7.37,False,1.0,0.9999999999999998,GRID,500.0,1.0,False,188.49996918736394,0.00020000054645836162,199998.77631198612,-2.9103830456733704e-11,299998.83277341723,0.0001,293.15,8.430312735872658e-13,1.0,1.0,1.0,1.0,1.0,1.0,293.15,1.0,POLISH,0.5216187914610526,293.15997257767583,9.711780148357686e-10,3.5134205257264677e-10
degraded_ups_3s_interruption_during_dress,DRESSING_WATER_SUPPORT,738,7.37,7.38,False,1.0,0.9999999999999998,GRID,500.0,1.0,False,188.49997072799576,0.00020000052149695742,199998.83277341723,0.0,299998.88667371124,0.0001,293.15,1.5422167503559692e-13,1.0,1.0,1.0,1.0,1.0,1.0,293.15,1.0,POLISH,0.5216177492007529,293.1602401878739,9.720056944527776e-10,3.6106210951717456e-10
degraded_ups_3s_interruption_during_dress,DRESSING_WATER_SUPPORT,739,7.38,7.390000000000001,False,1.0,0.9999999999999998,GRID,500.0,1.0,False,188.49997219159596,0.00020000049765265363,199998.88667371118,-5.820766091346741e-11,299998.9381292835,0.0001,293.15,-5.234330666386262e-13,1.0,1.0,1.0,1.0,1.0,1.0,293.15,1.0,POLISH,0.5216167068937051,293.1605076824082,9.728115271705018e-10,3.7079022478887956e-10
degraded_ups_3s_interruption_during_dress,DRESSING_WATER_SUPPORT,740,7.390000000000001,7.4,False,1.0,0.9999999999999998,GRID,500.0,1.0,False,188.49997358201617,0.00020000047487541626,199998.9381292835,0.0,299998.98719834164,0.0001,293.15,-1.0491756064191942e-13,1.0,1.0,1.0,1.0,1.0,1.0,293.15,1.0,POLISH,0.5216156645423489,293.1607750606799,9.735961126181378e-10,3.8052618591506094e-10
degraded_ups_3s_interruption_during_dress,DRESSING_WATER_SUPPORT,741,7.4,7.41,False,1.0,0.9999999999999998,GRID,500.0,1.0,False,188.49997490291537,0.0002000004531439064,199998.98719834167,2.9103830456733704e-11,299999.033997301,0.0001,293.15,1.6606838950858698e-13,1.0,1.0,1.0,1.0,1.0,1.0,293.15,1.0,POLISH,0.5216146221490019,293.1610423221232,9.74360032961369e-10,3.9026978624467465e-10
degraded_ups_3s_interruption_during_dress,DRESSING_WATER_SUPPORT,742,7.41,7.42,False,1.0,0.9999999999999998,GRID,500.0,1.0,False,188.4999761577696,0.0002000004324072929,199999.03399730098,-2.9103830456733704e-11,299999.07864257693,0.0001,293.15,1.8048601567282602e-13,1.0,1.0,1.0,1.0,1.0,1.0,293.15,1.0,POLISH,0.5216135797158663,293.1613094662036,9.751038534479362e-10,4.0002082477915403e-10
degraded_ups_3s_interruption_during_dress,DRESSING_WATER_SUPPORT,743,7.42,7.43,False,1.0,0.9999999999999998,GRID,500.0,1.0,False,188.4999773498811,0.00020000041261437603,199999.07864257696,2.9103830456733704e-11,299999.1212505847,0.0001,293.15,-1.7107211968632302e-13,1.0,1.0,1.0,1.0,1.0,1.0,293.15,1.0,POLISH,0.521612537245034,293.1615764924163,9.758281229351952e-10,4.09779106008506e-10
degraded_ups_3s_interruption_during_dress,DRESSING_WATER_SUPPORT,744,7.43,7.44,False,1.0,0.9999999999999998,GRID,500.0,1.0,False,188.49997848238706,0.00020000039371360556,199999.12125058478,5.820766091346741e-11,299999.16187953204,0.0001,293.15,1.948931852490388e-13,1.0,1.0,1.0,1.0,1.0,1.0,293.15,1.0,POLISH,0.5216114947384926,293.16184340028497,9.765333744002518e-10,4.195444397525085e-10
degraded_ups_3s_interruption_during_dress,DRESSING_WATER_SUPPORT,745,7.44,7.45,False,1.0,0.9999999999999998,GRID,500.0,1.0,False,188.4999795582677,0.0002000003756822022,199999.16187953204,0.0,299999.2006458342,0.0001,293.15,3.324173727078672e-14,1.0,1.0,1.0,1.0,1.0,1.0,293.15,1.0,POLISH,0.5216104521981302,293.1621101893599,9.772201254332455e-10,4.29316641006841e-10
degraded_ups_3s_interruption_during_dress,DRESSING_WATER_SUPPORT,746,7.45,7.46,False,1.0,0.9999999999999998,GRID,500.0,1.0,False,188.49998058035433,0.0002000003584679666,199999.2006458342,0.0,299999.23766590655,0.0001,293.15,-7.6643349490334e-13,1.0,1.0,1.0,1.0,1.0,1.0,293.15,1.0,POLISH,0.521609409625741,293.1623768592171,9.77888878714345e-10,4.390955297939844e-10
degraded_ups_3s_interruption_during_dress,DRESSING_WATER_SUPPORT,747,7.46,7.47,False,1.0,0.9999999999999998,GRID,500.0,1.0,False,188.49998155133662,0.00020000034201839888,199999.23766590658,2.9103830456733704e-11,299999.27293974906,0.0001,293.15,7.167407780559365e-14,1.0,1.0,1.0,1.0,1.0,1.0,293.15,1.0,POLISH,0.5216083670230292,293.1626434094568,9.785401224749928e-10,4.4888093101873435e-10
degraded_ups_3s_interruption_during_dress,DRESSING_WATER_SUPPORT,748,7.47,7.48,False,1.0,0.9999999999999998,GRID,500.0,1.0,False,188.4999824737698,0.00020000032633892153,199999.27293974906,0.0,299999.30658377707,0.0001,293.15,1.664728229398548e-13,1.0,1.0,1.0,1.0,1.0,1.0,293.15,1.0,POLISH,0.5216073243916141,293.16290983970225,9.791743309439325e-10,4.586726743281737e-10
degraded_ups_3s_interruption_during_dress,DRESSING_WATER_SUPPORT,749,7.48,7.49,False,1.0,0.9999999999999998,GRID,500.0,1.0,False,188.4999833500813,0.00020000031137647816,199999.30658377707,0.0,299999.3387144059,0.0001,293.15,-5.933012712850041e-13,1.0,1.0,1.0,1.0,1.0,1.0,293.15,1.0,POLISH,0.5216062817330339,293.16317614959877,9.797919647785184e-10,4.684705939759589e-10
degraded_ups_3s_interruption_during_dress,DRESSING_WATER_SUPPORT,750,7.49,7.5,False,1.0,0.9999999999999998,GRID,500.0,1.0,False,188.49998418257724,0.00020000029707775498,199999.3387144059,0.0,299999.36933163553,0.0001,293.15,6.734440587653473e-14,1.0,1.0,1.0,1.0,1.0,1.0,293.15,1.0,POLISH,0.5216052390487503,293.16344233881233,9.803934714818191e-10,4.782745286907771e-10
degraded_ups_3s_interruption_during_dress,DRESSING_WATER_SUPPORT,751,7.5,7.51,False,1.0,0.9999999999999998,GRID,500.0,1.0,False,188.49998497344836,0.00020000028344740092,199999.3693316355,-2.9103830456733704e-11,299999.3985518813,0.0001,293.15,-2.3345531562605873e-13,1.0,1.0,1.0,1.0,1.0,1.0,293.15,1.0,POLISH,0.5216041963401518,293.1637084070288,9.809792858059803e-10,4.880843215488368e-10
degraded_ups_3s_interruption_during_dress,DRESSING_WATER_SUPPORT,752,7.51,7.5200000000000005,False,1.0,0.9999999999999998,GRID,500.0,1.0,False,188.49998572477594,0.00020000027043162502,199999.39855188128,-2.9103830456733704e-11,299999.42637514323,0.0001,293.15,7.788150717868344e-13,1.0,1.0,1.0,1.0,1.0,1.0,293.15,1.0,POLISH,0.5216031536085572,293.1639743539529,9.815498301423227e-10,4.978998198502601e-10
degraded_ups_3s_interruption_during_dress,DRESSING_WATER_SUPPORT,753,7.5200000000000005,7.53,False,1.0,0.9999999999999998,GRID,500.0,1.0,False,188.49998643853715,0.00020000025803462295,199999.42637514326,2.9103830456733704e-11,299999.4529178366,0.0001,293.15,7.218371066889985e-13,1.0,1.0,1.0,1.0,1.0,1.0,293.15,1.0,POLISH,0.5216021108552202,293.1642401793071,9.821055148986243e-10,5.077208749992463e-10
degraded_ups_3s_interruption_during_dress,DRESSING_WATER_SUPPORT,754,7.53,7.54,False,1.0,0.9999999999999998,GRID,500.0,1.0,False,188.4999871166103,0.00020000024620217313,199999.4529178366,0.0,299999.47829637676,0.0001,293.15,-5.168184147785773e-13,1.0,1.0,1.0,1.0,1.0,1.0,293.15,1.0,POLISH,0.5216010680813312,293.164505882831,9.826467388640189e-10,5.175473423878865e-10
degraded_ups_3s_interruption_during_dress,DRESSING_WATER_SUPPORT,755,7.54,7.55,False,1.0,0.9999999999999998,GRID,500.0,1.0,False,188.4999877607798,0.00020000023487985445,199999.47829637676,0.0,299999.5025107637,0.0001,293.15,-6.63266204654396e-13,1.0,1.0,1.0,1.0,1.0,1.0,293.15,1.0,POLISH,0.5216000252880214,293.16477146428025,9.8317388956194e-10,5.273790812835059e-10
degraded_ups_3s_interruption_during_dress,DRESSING_WATER_SUPPORT,756,7.55,7.5600000000000005,False,1.0,0.9999999999999998,GRID,500.0,1.0,False,188.4999883727408,0.00020000022407126432,199999.5025107637,0.0,299999.5255609974,0.0001,293.15,2.8609116052743103e-13,1.0,1.0,1.0,1.0,1.0,1.0,293.15,1.0,POLISH,0.5215989824763655,293.1650369234259,9.836873435915161e-10,5.372159547194211e-10
degraded_ups_3s_interruption_during_dress,DRESSING_WATER_SUPPORT,757,7.5600000000000005,7.57,False,1.0,0.9999999999999998,GRID,500.0,1.0,False,188.49998895410377,0.00020000021377982014,199999.52556099743,0.0,299999.54756349325,0.0001,293.15,-5.1842993873564366e-14,1.0,1.0,1.0,1.0,1.0,1.0,293.15,1.0,POLISH,0.5215979396473843,293.16530226005347,9.841874669578123e-10,5.470578293889992e-10
degraded_ups_3s_interruption_during_dress,DRESSING_WATER_SUPPORT,758,7.57,7.58,False,1.0,0.9999999999999998,GRID,500.0,1.0,False,188.49998950639858,0.00020000020395056077,199999.54756349322,-2.9103830456733704e-11,299999.5685182512,0.0001,293.15,5.962765925546822e-13,1.0,1.0,1.0,1.0,1.0,1.0,293.15,1.0,POLISH,0.521596896802048,293.1655674739625,9.846746153913043e-10,5.569045755429123e-10
degraded_ups_3s_interruption_during_dress,DRESSING_WATER_SUPPORT,759,7.58,7.59,False,1.0,0.9999999999999998,GRID,500.0,1.0,False,188.49999003107865,0.00020000019458657053,199999.56851825118,0.0,299999.58854168653,0.0001,293.15,-1.5297983528821187e-13,1.0,1.0,1.0,1.0,1.0,1.0,293.15,1.0,POLISH,0.521595853941278,293.16583256496557,9.851491346569471e-10,5.667560668894817e-10
degraded_ups_3s_interruption_during_dress,DRESSING_WATER_SUPPORT,760,7.59,7.6000000000000005,False,1.0,0.9999999999999998,GRID,500.0,1.0,False,188.49999052952472,0.00020000018563257182,199999.58854168656,2.9103830456733704e-11,299999.6076337993,0.0001,293.15,-2.6583427841850112e-14,1.0,1.0,1.0,1.0,1.0,1.0,293.15,1.0,POLISH,0.5215948110659498,293.1660975328878,9.856113608532105e-10,5.766121804980138e-10
degraded_ups_3s_interruption_during_dress,DRESSING_WATER_SUPPORT,761,7.6000000000000005,7.61,False,1.0,0.9999999999999998,GRID,500.0,1.0,False,188.49999100304848,0.00020000017709134808,199999.6076337993,0.0,299999.6257945895,0.0001,293.15,9.782492193686571e-13,1.0,1.0,1.0,1.0,1.0,1.0,293.15,1.0,POLISH,0.5215937681768952,293.1663623775662,9.860616207014043e-10,5.864727967050279e-10
degraded_ups_3s_interruption_during_dress,DRESSING_WATER_SUPPORT,762,7.61,7.62,False,1.0,0.9999999999999998,GRID,500.0,1.0,False,188.49999145289604,0.00020000016896554366,199999.62579458952,0.0,299999.6431404725,0.0001,293.15,4.776483820013326e-13,1.0,1.0,1.0,1.0,1.0,1.0,293.15,1.0,POLISH,0.5215927252749042,293.16662709884906,9.865002318256497e-10,5.963377990232844e-10
degraded_ups_3s_interruption_during_dress,DRESSING_WATER_SUPPORT,763,7.62,7.63,False,1.0,0.9999999999999998,GRID,500.0,1.0,False,188.49999188025123,0.00020000016119946308,199999.64314047244,-2.9103830456733704e-11,299999.6596714482,0.0001,293.15,7.442249903367128e-13,1.0,1.0,1.0,1.0,1.0,1.0,293.15,1.0,POLISH,0.5215916823607276,293.1668916965955,9.869275030238051e-10,6.062070740535225e-10
degraded_ups_3s_interruption_during_dress,DRESSING_WATER_SUPPORT,764,7.63,7.640000000000001,False,1.0,0.9999999999999998,GRID,500.0,1.0,False,188.49999228623867,0.0002000001537954928,199999.65967144814,-2.9103830456733704e-11,299999.67550393194,0.0001,293.15,-6.061485574539052e-13,1.0,1.0,1.0,1.0,1.0,1.0,293.15,1.0,POLISH,0.5215906394350786,293.1671561706746,9.873437345296602e-10,6.160805113988191e-10
degraded_ups_3s_interruption_during_dress,DRESSING_WATER_SUPPORT,765,7.640000000000001,7.65,False,1.0,0.9999999999999998,GRID,500.0,1.0,False,188.49999267192672,0.00020000014669769241,199999.67550393194,0.0,299999.6905797161,0.0001,293.15,-1.0784918531152054e-13,1.0,1.0,1.0,1.0,1.0,1.0,293.15,1.0,POLISH,0.5215895964986347,293.1674205209654,9.877492182666995e-10,6.25958003581486e-10
degraded_ups_3s_interruption_during_dress,DRESSING_WATER_SUPPORT,766,7.65,7.66,False,1.0,0.9999999999999998,GRID,500.0,1.0,False,188.4999930383304,0.00020000013993731953,199999.69057971612,0.0,299999.70495700836,0.0001,293.15,-8.702957571187135e-14,1.0,1.0,1.0,1.0,1.0,1.0,293.15,1.0,POLISH,0.5215885535520397,293.16768474735596,9.881442380937283e-10,6.358394459624234e-10
degraded_ups_3s_interruption_during_dress,DRESSING_WATER_SUPPORT,767,7.66,7.67,False,1.0,0.9999999999999998,GRID,500.0,1.0,False,188.49999338641388,0.0002000001334873165,199999.70495700836,0.0,299999.71869401634,0.0001,293.15,-5.998511843491172e-13,1.0,1.0,1.0,1.0,1.0,1.0,293.15,1.0,POLISH,0.5215875105959051,293.1679488497432,9.885290700426313e-10,6.457247366628497e-10
degraded_ups_3s_interruption_during_dress,DRESSING_WATER_SUPPORT,768,7.67,7.68,False,1.0,0.9999999999999998,GRID,500.0,1.0,False,188.4999937170932,0.0002000001273205233,199999.71869401634,0.0,299999.7317325324,0.0001,293.15,6.839362100751716e-13,1.0,1.0,1.0,1.0,1.0,1.0,293.15,1.0,POLISH,0.521586467630812,293.1682128280322,9.889039825485463e-10,6.556137764883352e-10
degraded_ups_3s_interruption_during_dress,DRESSING_WATER_SUPPORT,769,7.68,7.69,False,1.0,0.9999999999999998,GRID,500.0,1.0,False,188.49999403123854,0.00020000012146789033,199999.73173253238,0.0,299999.7441889718,0.0001,293.15,2.446157171135035e-13,1.0,1.0,1.0,1.0,1.0,1.0,293.15,1.0,POLISH,0.5215854246573121,293.16847668213614,9.892692366727023e-10,6.655064688550622e-10
degraded_ups_3s_interruption_during_dress,DRESSING_WATER_SUPPORT,770,7.69,7.7,False,1.0,0.9999999999999998,GRID,500.0,1.0,False,188.4999943296766,0.0002000001158729642,199999.7441889718,-2.9103830456733704e-11,299999.75606333464,0.0001,293.15,3.540403419651603e-13,1.0,1.0,1.0,1.0,1.0,1.0,293.15,1.0,POLISH,0.5215843816759299,293.1687404119755,9.896250863181813e-10,6.75402719718244e-10
degraded_ups_3s_interruption_during_dress,DRESSING_WATER_SUPPORT,771,7.7,7.71,False,1.0,0.9999999999999998,GRID,500.0,1.0,False,188.49999461319277,0.0002000001105374116,199999.75606333464,0.0,299999.7674138285,0.0001,293.15,-1.793802384191957e-13,1.0,1.0,1.0,1.0,1.0,1.0,293.15,1.0,POLISH,0.5215833386871638,293.16900401747796,9.899717784388398e-10,6.853024375026324e-10
degraded_ups_3s_interruption_during_dress,DRESSING_WATER_SUPPORT,772,7.71,7.72,False,1.0,0.9999999999999998,GRID,500.0,1.0,False,188.49999488253314,0.00020000010543371196,199999.76741382852,0.0,299999.7781822458,0.0001,293.15,9.742436729315886e-13,1.0,1.0,1.0,1.0,1.0,1.0,293.15,1.0,POLISH,0.5215822956914868,293.16926749857805,9.90309553241629e-10,6.952055330350487e-10
degraded_ups_3s_interruption_during_dress,DRESSING_WATER_SUPPORT,773,7.72,7.73,False,1.0,0.9999999999999998,GRID,500.0,1.0,False,188.4999951384065,0.0002000001005924731,199999.7781822458,0.0,299999.78854320943,0.0001,293.15,-8.984044622606064e-13,1.0,1.0,1.0,1.0,1.0,1.0,293.15,1.0,POLISH,0.5215812526893487,293.16953085521664,9.906386443825366e-10,7.051119194788741e-10
degraded_ups_3s_interruption_during_dress,DRESSING_WATER_SUPPORT,774,7.73,7.74,False,1.0,0.9999999999999998,GRID,500.0,1.0,False,188.49999538148617,0.00020000009592781255,199999.78854320943,0.0,299999.7983803041,0.0001,293.15,-4.233409412948044e-15,1.0,1.0,1.0,1.0,1.0,1.0,293.15,1.0,POLISH,0.5215802096811767,293.16979408734073,9.90959279156366e-10,7.150215122704378e-10
degraded_ups_3s_interruption_during_dress,DRESSING_WATER_SUPPORT,775,7.74,7.75,False,1.0,0.9999999999999998,GRID,500.0,1.0,False,188.49999561241185,0.00020000009149929524,199999.7983803041,-2.9103830456733704e-11,299999.80775173753,0.0001,293.15,1.9475832459344811e-13,1.0,1.0,1.0,1.0,1.0,1.0,293.15,1.0,POLISH,0.5215791666673765,293.1700571949031,9.912716786805672e-10,7.249342290572435e-10
degraded_ups_3s_interruption_during_dress,DRESSING_WATER_SUPPORT,776,7.75,7.76,False,1.0,0.9999999999999998,GRID,500.0,1.0,False,188.49999583179127,0.00020000008727910702,199999.8077517375,-2.9103830456733704e-11,299999.8167157173,0.0001,293.15,-3.5834725865911407e-13,1.0,1.0,1.0,1.0,1.0,1.0,293.15,1.0,POLISH,0.5215781236483337,293.1703201778621,9.91576058073317e-10,7.348499896379766e-10
degraded_ups_3s_interruption_during_dress,DRESSING_WATER_SUPPORT,777,7.76,7.7700000000000005,False,1.0,0.9999999999999998,GRID,500.0,1.0,False,188.4999960402017,0.0002000000832393691,199999.8167157173,-2.9103830456733704e-11,299999.8252140358,0.0001,293.15,6.659813309552564e-13,1.0,1.0,1.0,1.0,1.0,1.0,293.15,1.0,POLISH,0.5215770806244145,293.1705830361812,9.918726266260479e-10,7.447687159042371e-10
degraded_ups_3s_interruption_during_dress,DRESSING_WATER_SUPPORT,778,7.7700000000000005,7.78,False,1.0,0.9999999999999998,GRID,500.0,1.0,False,188.4999962381916,0.00020000007941034916,199999.82521403578,-2.9103830456733704e-11,299999.83336310834,0.0001,293.15,-2.526555733292096e-13,1.0,1.0,1.0,1.0,1.0,1.0,293.15,1.0,POLISH,0.521576037595967,293.170845769829,9.921615879706053e-10,7.546903317839431e-10
degraded_ups_3s_interruption_during_dress,DRESSING_WATER_SUPPORT,779,7.78,7.79,False,1.0,0.9999999999999998,GRID,500.0,1.0,False,188.49999642628202,0.00020000007573494515,199999.8333631083,-2.9103830456733704e-11,299999.8411629349,0.0001,293.15,-8.430535496052351e-13,1.0,1.0,1.0,1.0,1.0,1.0,293.15,1.0,POLISH,0.5215749945633218,293.1711083787787,9.924431402412303e-10,7.646147631863555e-10
degraded_ups_3s_interruption_during_dress,DRESSING_WATER_SUPPORT,780,7.79,7.8,False,1.0,0.9999999999999998,GRID,500.0,1.0,False,188.49999660496792,0.00020000007221420747,199999.84116293487,-2.9103830456733704e-11,299999.84855530784,0.0001,293.15,8.909483068843053e-14,1.0,1.0,1.0,1.0,1.0,1.0,293.15,1.0,POLISH,0.5215739515267929,293.171370863008,9.92717476231522e-10,7.745419379486707e-10
degraded_ups_3s_interruption_during_dress,DRESSING_WATER_SUPPORT,781,7.8,7.8100000000000005,False,1.0,0.9999999999999998,GRID,500.0,1.0,False,188.49999677471953,0.0002000000688782378,199999.84855530784,0.0,299999.8555984348,0.0001,293.15,2.1648099003506308e-13,1.0,1.0,1.0,1.0,1.0,1.0,293.15,1.0,POLISH,0.5215729084866787,293.17163322249894,9.929847835465673e-10,7.844717857841364e-10
degraded_ups_3s_interruption_during_dress,DRESSING_WATER_SUPPORT,782,7.8100000000000005,7.82,False,1.0,0.9999999999999998,GRID,500.0,1.0,False,188.49999693598355,0.00020000006569888016,199999.8555984348,0.0,299999.8623505235,0.0001,293.15,-5.181549053755428e-13,1.0,1.0,1.0,1.0,1.0,1.0,293.15,1.0,POLISH,0.5215718654432626,293.17189545723755,9.932452447503855e-10,7.944042382316402e-10
degraded_ups_3s_interruption_during_dress,DRESSING_WATER_SUPPORT,783,7.82,7.83,False,1.0,0.9999999999999998,GRID,500.0,1.0,False,188.49999708918438,0.00020000006264793142,199999.86235052347,0.0,299999.8687533662,0.0001,293.15,2.143943226076591e-13,1.0,1.0,1.0,1.0,1.0,1.0,293.15,1.0,POLISH,0.5215708223968141,293.1721575672137,9.93499037508857e-10,8.043392286067287e-10
degraded_ups_3s_interruption_during_dress,DRESSING_WATER_SUPPORT,784,7.83,7.84,False,1.0,0.9999999999999998,GRID,500.0,1.0,False,188.49999723472516,0.0002000000597553508,199999.86875336617,0.0,299999.87486517057,0.0001,293.15,8.667759164495036e-14,1.0,1.0,1.0,1.0,1.0,1.0,293.15,1.0,POLISH,0.5215697793475887,293.1724195524209,9.937463347282754e-10,8.142766919540115e-10
degraded_ups_3s_interruption_during_dress,DRESSING_WATER_SUPPORT,785,7.84,7.8500000000000005,False,1.0,0.9999999999999998,GRID,500.0,1.0,False,188.4999973729889,0.0002000000569928473,199999.87486517057,0.0,299999.8807441443,0.0001,293.15,-9.586999152443747e-13,1.0,1.0,1.0,1.0,1.0,1.0,293.15,1.0,POLISH,0.5215687362958298,293.1726814128561,9.939873046896804e-10,8.242165650009083e-10
degraded_ups_3s_interruption_during_dress,DRESSING_WATER_SUPPORT,786,7.8500000000000005,7.86,False,1.0,0.9999999999999998,GRID,500.0,1.0,False,188.49999750433946,0.00020000005433208913,199999.88074414432,0.0,299999.88633207977,0.0001,293.15,-5.92659714707131e-13,1.0,1.0,1.0,1.0,1.0,1.0,293.15,1.0,POLISH,0.5215676932417681,293.1729431485196,9.942221111791005e-10,8.341587861126993e-10
degraded_ups_3s_interruption_during_dress,DRESSING_WATER_SUPPORT,787,7.86,7.87,False,1.0,0.9999999999999998,GRID,500.0,1.0,False,188.49999762912248,0.00020000005180291359,199999.88633207977,0.0,299999.8916289769,0.0001,293.15,5.048225943174083e-14,1.0,1.0,1.0,1.0,1.0,1.0,293.15,1.0,POLISH,0.5215666501856231,293.17320475941483,9.944509136138505e-10,8.441032952488378e-10
degraded_ups_3s_interruption_during_dress,DRESSING_WATER_SUPPORT,788,7.87,7.88,False,1.0,0.9999999999999998,GRID,500.0,1.0,False,188.49999774766636,0.00020000004940601762,199999.8916289769,0.0,299999.8966930434,0.0001,293.15,-2.218340805102895e-13,1.0,1.0,1.0,1.0,1.0,1.0,293.15,1.0,POLISH,0.521565607127603,293.1734662455481,9.946738671650083e-10,8.540500339204879e-10
degraded_ups_3s_interruption_during_dress,DRESSING_WATER_SUPPORT,789,7.88,7.890000000000001,False,1.0,0.9999999999999998,GRID,500.0,1.0,False,188.49999786028303,0.0002000000471129593,199999.8966930434,0.0,299999.9014660716,0.0001,293.15,9.193595938792387e-13,1.0,1.0,1.0,1.0,1.0,1.0,293.15,1.0,POLISH,0.5215645640679061,293.17372760692865,9.948911228762016e-10,8.639989451492498e-10
degraded_ups_3s_interruption_during_dress,DRESSING_WATER_SUPPORT,790,7.890000000000001,7.9,False,1.0,0.9999999999999998,GRID,500.0,1.0,False,188.49999796726888,0.00020000004495347137,199999.9014660716,0.0,299999.9060644768,0.0001,293.15,-4.6871288859715005e-14,1.0,1.0,1.0,1.0,1.0,1.0,293.15,1.0,POLISH,0.5215635210067202,293.1739888435683,9.95102827778818e-10,8.73949973427038e-10
degraded_ups_3s_interruption_during_dress,DRESSING_WATER_SUPPORT,791,7.9,7.91,False,1.0,0.9999999999999998,GRID,500.0,1.0,False,188.49999806890543,0.0002000000428699436,199999.90606447682,0.0,299999.9104300514,0.0001,293.15,3.434265404608089e-13,1.0,1.0,1.0,1.0,1.0,1.0,293.15,1.0,POLISH,0.5215624779442242,293.1742499554814,9.953091250037691e-10,8.839030646770756e-10
degraded_ups_3s_interruption_during_dress,DRESSING_WATER_SUPPORT,792,7.91,7.92,False,1.0,0.9999999999999998,GRID,500.0,1.0,False,188.49999816546017,0.00020000004089204743,199999.9104300514,0.0,299999.914621003,0.0001,293.15,-2.374857748605918e-13,1.0,1.0,1.0,1.0,1.0,1.0,293.15,1.0,POLISH,0.5215614348805877,293.1745109426848,9.95510153889907e-10,8.938581662159747e-10
degraded_ups_3s_interruption_during_dress,DRESSING_WATER_SUPPORT,793,7.92,7.930000000000001,False,1.0,0.9999999999999998,GRID,500.0,1.0,False,188.49999825718717,0.00020000003899121817,199999.91462100294,-2.9103830456733704e-11,299999.9185791239,0.0001,293.15,5.392373619026182e-13,1.0,1.0,1.0,1.0,1.0,1.0,293.15,1.0,POLISH,0.521560391815972,293.1747718051975,9.957060500892113e-10,9.038152267168668e-10
degraded_ups_3s_interruption_during_dress,DRESSING_WATER_SUPPORT,794,7.930000000000001,7.94,False,1.0,0.9999999999999998,GRID,500.0,1.0,False,188.49999834432782,0.0002000000371970719,199999.91857912389,-2.9103830456733704e-11,299999.92242082953,0.0001,293.15,-8.474552808633609e-13,1.0,1.0,1.0,1.0,1.0,1.0,293.15,1.0,POLISH,0.5215593487505304,293.1750325430408,9.958969456688504e-10,9.137741961735554e-10
degraded_ups_3s_interruption_during_dress,DRESSING_WATER_SUPPORT,795,7.94,7.95,False,1.0,0.9999999999999998,GRID,500.0,1.0,False,188.49999842711142,0.0002000000354518875,199999.9224208295,-2.9103830456733704e-11,299999.9260297045,0.0001,293.15,2.5953570564375746e-13,1.0,1.0,1.0,1.0,1.0,1.0,293.15,1.0,POLISH,0.5215583056844085,293.175293156238,9.96082969210216e-10,9.237350258656576e-10
degraded_ups_3s_interruption_during_dress,DRESSING_WATER_SUPPORT,796,7.95,7.96,False,1.0,0.9999999999999998,GRID,500.0,1.0,False,188.49999850575585,0.00020000003381433505,199999.92602970454,2.9103830456733704e-11,299999.92952216417,0.0001,293.15,-7.959401394268583e-13,1.0,1.0,1.0,1.0,1.0,1.0,293.15,1.0,POLISH,0.5215572626177445,293.1755536448144,9.962642459050278e-10,9.336976683247077e-10
degraded_ups_3s_interruption_during_dress,DRESSING_WATER_SUPPORT,797,7.96,7.97,False,1.0,0.9999999999999998,GRID,500.0,1.0,False,188.49999858046806,0.00020000003222664595,199999.9295221642,2.9103830456733704e-11,299999.9327817932,0.0001,293.15,6.431691317769779e-13,1.0,1.0,1.0,1.0,1.0,1.0,293.15,1.0,POLISH,0.5215562195506698,293.175814008797,9.964408976486117e-10,9.436620773011938e-10
degraded_ups_3s_interruption_during_dress,DRESSING_WATER_SUPPORT,798,7.97,7.98,False,1.0,0.9999999999999998,GRID,500.0,1.0,False,188.49999865144466,0.00020000003074744515,199999.93278179318,0.0,299999.93592500687,0.0001,293.15,-7.933207151096935e-14,1.0,1.0,1.0,1.0,1.0,1.0,293.15,1.0,POLISH,0.5215551764833091,293.17607424821466,9.966130431304278e-10,9.53628207732498e-10
degraded_ups_3s_interruption_during_dress,DRESSING_WATER_SUPPORT,799,7.98,7.99,False,1.0,0.9999999999999998,GRID,500.0,1.0,False,188.49999871887243,0.00020000002931892132,199999.9359250069,2.9103830456733704e-11,299999.93895180523,0.0001,293.15,-6.929486531023092e-13,1.0,1.0,1.0,1.0,1.0,1.0,293.15,1.0,POLISH,0.521554133415781,293.176334363098,9.967807979219502e-10,9.635960157117176e-10
degraded_ups_3s_interruption_during_dress,DRESSING_WATER_SUPPORT,800,7.99,8.0,False,1.0,0.9999999999999998,GRID,500.0,1.0,False,188.4999987829288,0.00020000002794145097,199999.93895180523,0.0,299999.9418039806,0.0001,293.15,-4.047029638492093e-15,1.0,1.0,1.0,1.0,1.0,1.0,293.15,1.0,POLISH,0.5215530903481983,293.1765943534791,9.96944274561973e-10,9.735654584573373e-10
degraded_ups_3s_interruption_during_dress,DRESSING_WATER_SUPPORT,801,8.0,8.01,False,1.0,0.9999999999999998,GRID,500.0,1.0,False,188.49999884378235,0.00020000002664449567,199999.9418039806,-2.9103830456733704e-11,299999.9445397407,0.0001,293.15,-3.4057593225646557e-13,1.0,1.0,1.0,1.0,1.0,1.0,293.15,1.0,POLISH,0.521552047280668,293.1768542193916,9.971035826394324e-10,9.835364942837316e-10
degraded_ups_3s_interruption_during_dress,DRESSING_WATER_SUPPORT,802,8.01,8.02,False,1.0,0.9999999999999998,GRID,500.0,1.0,False,188.49999890159324,0.0002000000253992914,199999.9445397407,2.9103830456733704e-11,299999.94710087776,0.0001,293.15,6.261109187534472e-13,1.0,1.0,1.0,1.0,1.0,1.0,293.15,1.0,POLISH,0.5215510042132916,293.17711396087043,9.972588288738187e-10,9.935090825724697e-10
degraded_ups_3s_interruption_during_dress,DRESSING_WATER_SUPPORT,803,8.02,8.03,False,1.0,0.9999999999999998,GRID,500.0,1.0,False,188.4999989565136,0.0002000000242352649,199999.94710087776,0.0,299999.9495455995,0.0001,293.15,5.680299622595077e-13,1.0,1.0,1.0,1.0,1.0,1.0,293.15,1.0,POLISH,0.5215499611461657,293.17737357795204,9.974101171932528e-10,1.0034831837444022e-09
degraded_ups_3s_interruption_during_dress,DRESSING_WATER_SUPPORT,804,8.03,8.040000000000001,False,1.0,0.9999999999999998,GRID,500.0,1.0,False,188.49999900868792,0.0002000000231236189,199999.94954559952,0.0,299999.95187390596,0.0001,293.15,6.20537180125687e-13,1.0,1.0,1.0,1.0,1.0,1.0,293.15,1.0,POLISH,0.5215489180793822,293.17763307067406,9.975575488103104e-10,1.0134587592325054e-09
degraded_ups_3s_interruption_during_dress,DRESSING_WATER_SUPPORT,805,8.040000000000001,8.05,False,1.0,0.9999999999999998,GRID,500.0,1.0,False,188.49999905825354,0.0002000000220646448,199999.95187390596,0.0,299999.9540857971,0.0001,293.15,7.839239652383806e-13,1.0,1.0,1.0,1.0,1.0,1.0,293.15,1.0,POLISH,0.5215478750130281,293.1778924390754,9.977012222956527e-10,1.023435771455462e-09
degraded_ups_3s_interruption_during_dress,DRESSING_WATER_SUPPORT,806,8.05,8.06,False,1.0,0.9999999999999998,GRID,500.0,1.0,False,188.49999910534086,0.00020000002105861943,199999.95408579704,-2.9103830456733704e-11,299999.9562394805,0.0001,293.15,-1.3478991197930033e-13,1.0,1.0,1.0,1.0,1.0,1.0,293.15,1.0,POLISH,0.5215468319471864,293.178151683196,9.9784123364954e-10,1.0334141837919575e-09
degraded_ups_3s_interruption_during_dress,DRESSING_WATER_SUPPORT,807,8.06,8.07,False,1.0,0.9999999999999998,GRID,500.0,1.0,False,188.49999915007382,0.00020000002007670184,199999.95623948053,0.0,299999.95827674866,0.0001,293.15,1.9296486338058223e-13,1.0,1.0,1.0,1.0,1.0,1.0,293.15,1.0,POLISH,0.5215457888819357,293.17841080307704,9.979776763712944e-10,1.0433939605556705e-09
degraded_ups_3s_interruption_during_dress,DRESSING_WATER_SUPPORT,808,8.07,8.08,False,1.0,0.9999999999999998,GRID,500.0,1.0,False,188.49999919257013,0.00020000001914824572,199999.9582767487,2.9103830456733704e-11,299999.9602558091,0.0001,293.15,-5.608682772774807e-13,1.0,1.0,1.0,1.0,1.0,1.0,293.15,1.0,POLISH,0.5215447458173507,293.17866979876067,9.98110641526769e-10,1.0533750669709381e-09
degraded_ups_3s_interruption_during_dress,DRESSING_WATER_SUPPORT,809,8.08,8.09,False,1.0,0.9999999999999998,GRID,500.0,1.0,False,188.49999923294163,0.00020000001824438456,199999.9602558091,-2.9103830456733704e-11,299999.9621184543,0.0001,293.15,-6.774557911176726e-14,1.0,1.0,1.0,1.0,1.0,1.0,293.15,1.0,POLISH,0.5215437027535023,293.1789286702899,9.982402178138932e-10,1.063357469149077e-09
degraded_ups_3s_interruption_during_dress,DRESSING_WATER_SUPPORT,810,8.09,8.1,False,1.0,0.9999999999999998,GRID,500.0,1.0,False,188.49999927129454,0.00020000001739444752,199999.96211845428,0.0,299999.9638646841,0.0001,293.15,5.375089127046205e-13,1.0,1.0,1.0,1.0,1.0,1.0,293.15,1.0,POLISH,0.5215426596904581,293.1791874177089,9.983664916263535e-10,1.0733411340653406e-09
degraded_ups_3s_interruption_during_dress,DRESSING_WATER_SUPPORT,811,8.1,8.11,False,1.0,0.9999999999999998,GRID,500.0,1.0,False,188.4999993077298,0.00020000001659864887,199999.9638646841,0.0,299999.9655527063,0.0001,293.15,6.185239657692059e-14,1.0,1.0,1.0,1.0,1.0,1.0,293.15,1.0,POLISH,0.5215416166282821,293.1794460410624,9.984895471154547e-10,1.0833260295364953e-09
degraded_ups_3s_interruption_during_dress,DRESSING_WATER_SUPPORT,812,8.11,8.120000000000001,False,1.0,0.9999999999999998,GRID,500.0,1.0,False,188.49999934234333,0.00020000001582808828,199999.96555270627,0.0,299999.9671243131,0.0001,293.15,8.337948273441275e-13,1.0,1.0,1.0,1.0,1.0,1.0,293.15,1.0,POLISH,0.5215405735670353,293.1797045403963,9.986094662502396e-10,1.0933121241989977e-09
degraded_ups_3s_interruption_during_dress,DRESSING_WATER_SUPPORT,813,8.120000000000001,8.13,False,1.0,0.9999999999999998,GRID,500.0,1.0,False,188.49999937522617,0.00020000001511206284,199999.96712431312,0.0,299999.9686377123,0.0001,293.15,5.252230139522741e-13,1.0,1.0,1.0,1.0,1.0,1.0,293.15,1.0,POLISH,0.5215395305067755,293.1799629157571,9.987263288758968e-10,1.1032993874877566e-09
degraded_ups_3s_interruption_during_dress,DRESSING_WATER_SUPPORT,814,8.13,8.14,False,1.0,0.9999999999999998,GRID,500.0,1.0,False,188.49999940646487,0.00020000001442165233,199999.9686377123,0.0,299999.9701511115,0.0001,293.15,-9.21887090862655e-13,1.0,1.0,1.0,1.0,1.0,1.0,293.15,1.0,POLISH,0.5215384874475575,293.180221167192,9.988402127705293e-10,1.113287789615462e-09
degraded_ups_3s_interruption_during_dress,DRESSING_WATER_SUPPORT,815,8.14,8.15,False,1.0,0.9999999999999998,GRID,500.0,1.0,False,188.49999943614162,0.00020000001372792733,199999.9701511115,2.9103830456733704e-11,299999.97154809535,0.0001,293.15,1.4202410406579403e-14,1.0,1.0,1.0,1.0,1.0,1.0,293.15,1.0,POLISH,0.5215374443894336,293.180479294749,9.989511937003193e-10,1.1232773015524652e-09
degraded_ups_3s_interruption_during_dress,DRESSING_WATER_SUPPORT,816,8.15,8.16,False,1.0,0.9999999999999998,GRID,500.0,1.0,False,188.49999946433454,0.00020000001308926127,199999.97154809532,-2.9103830456733704e-11,299999.97288687155,0.0001,293.15,-1.2969852730866765e-13,1.0,1.0,1.0,1.0,1.0,1.0,293.15,1.0,POLISH,0.5215364013324535,293.18073729847674,9.990593454731452e-10,1.1332678950071967e-09
degraded_ups_3s_interruption_during_dress,DRESSING_WATER_SUPPORT,817,8.16,8.17,False,1.0,0.9999999999999998,GRID,500.0,1.0,False,188.49999949111782,0.00020000001247670777,199999.97288687155,0.0,299999.9741092324,0.0001,293.15,9.74873972238271e-13,1.0,1.0,1.0,1.0,1.0,1.0,293.15,1.0,POLISH,0.5215353582766642,293.1809951784245,9.991647399906983e-10,1.1432595424071037e-09
degraded_ups_3s_interruption_during_dress,DRESSING_WATER_SUPPORT,818,8.17,8.18,False,1.0,0.9999999999999998,GRID,500.0,1.0,False,188.49999951656193,0.00020000001191952018,199999.97410923243,0.0,299999.97527338564,0.0001,293.15,9.997629839882797e-13,1.0,1.0,1.0,1.0,1.0,1.0,293.15,1.0,POLISH,0.5215343152221104,293.18125293464215,9.992674472991374e-10,1.153252216880095e-09
degraded_ups_3s_interruption_during_dress,DRESSING_WATER_SUPPORT,819,8.18,8.19,False,1.0,0.9999999999999998,GRID,500.0,1.0,False,188.49999954073382,0.00020000001138873675,199999.97527338564,0.0,299999.97643753886,0.0001,293.15,-1.1309705071332323e-13,1.0,1.0,1.0,1.0,1.0,1.0,293.15,1.0,POLISH,0.5215332721688346,293.1815105671801,9.993675356383362e-10,1.1632458922364784e-09
degraded_ups_3s_interruption_during_dress,DRESSING_WATER_SUPPORT,820,8.19,8.2,False,1.0,0.9999999999999998,GRID,500.0,1.0,False,188.49999956369714,0.0002000000108553887,199999.97643753886,0.0,299999.9775434844,0.0001,293.15,-3.526465794725956e-14,1.0,1.0,1.0,1.0,1.0,1.0,293.15,1.0,POLISH,0.5215322291168774,293.1817680760893,9.994650714897544e-10,1.173240542951376e-09
degraded_ups_3s_interruption_during_dress,DRESSING_WATER_SUPPORT,821,8.2,8.21,False,1.0,0.9999999999999998,GRID,500.0,1.0,False,188.49999958551228,0.00020000001034870798,199999.97754348442,0.0,299999.9785912223,0.0001,293.15,9.833889128355111e-14,1.0,1.0,1.0,1.0,1.0,1.0,293.15,1.0,POLISH,0.5215311860662769,293.18202546142123,9.995601196229822e-10,1.1832361441476057e-09
degraded_ups_3s_interruption_during_dress,DRESSING_WATER_SUPPORT,822,8.21,8.22,False,1.0,0.9999999999999998,GRID,500.0,1.0,False,188.49999960623666,0.0002000000098688165,199999.97859122232,0.0,299999.97958075255,0.0001,293.15,2.878355019608744e-13,1.0,1.0,1.0,1.0,1.0,1.0,293.15,1.0,POLISH,0.5215301430170698,293.1822827232278,9.996527431409948e-10,1.1932326715790157e-09
degraded_ups_3s_interruption_during_dress,DRESSING_WATER_SUPPORT,823,8.22,8.23,False,1.0,0.9999999999999998,GRID,500.0,1.0,False,188.49999962592483,0.00020000000941583002,199999.97958075255,0.0,299999.9805120751,0.0001,293.15,5.333409668767382e-13,1.0,1.0,1.0,1.0,1.0,1.0,293.15,1.0,POLISH,0.5215290999692906,293.18253986156134,9.99743003524153e-10,1.2032301016142573e-09
degraded_ups_3s_interruption_during_dress,DRESSING_WATER_SUPPORT,824,8.23,8.24,False,1.0,0.9999999999999998,GRID,500.0,1.0,False,188.4999996446286,0.00020000000898985843,199999.98051207518,5.820766091346741e-11,299999.9814433977,0.0001,293.15,-3.582919242328332e-13,1.0,1.0,1.0,1.0,1.0,1.0,293.15,1.0,POLISH,0.5215280569229723,293.1827968764747,9.998309606729908e-10,1.2132284112209871e-09
degraded_ups_3s_interruption_during_dress,DRESSING_WATER_SUPPORT,825,8.24,8.25,False,1.0,0.9999999999999998,GRID,500.0,1.0,False,188.49999966239716,0.0002000000085619024,199999.98144339767,-2.9103830456733704e-11,299999.9823165126,0.0001,293.15,-5.86521906346595e-14,1.0,1.0,1.0,1.0,1.0,1.0,293.15,1.0,POLISH,0.521527013878146,293.18305376802107,9.999166729498243e-10,1.2232275779504854e-09
degraded_ups_3s_interruption_during_dress,DRESSING_WATER_SUPPORT,826,8.25,8.26,False,1.0,0.9999999999999998,GRID,500.0,1.0,False,188.4999996792773,0.00020000000816116484,199999.98231651259,-2.9103830456733704e-11,299999.9831896275,0.0001,293.15,-8.959471998939283e-13,1.0,1.0,1.0,1.0,1.0,1.0,293.15,1.0,POLISH,0.5215259708348415,293.18331053625406,1.0000001972192164e-09,1.2332275799226775e-09
degraded_ups_3s_interruption_during_dress,DRESSING_WATER_SUPPORT,827,8.26,8.27,False,1.0,0.9999999999999998,GRID,500.0,1.0,False,188.49999969531342,0.00020000000775863627,199999.98318962753,0.0,299999.9840045348,0.0001,293.15,-5.417761763304109e-13,1.0,1.0,1.0,1.0,1.0,1.0,293.15,1.0,POLISH,0.521524927793087,293.18356718122755,1.0000815888873308e-09,1.2432283958115509e-09
degraded_ups_3s_interruption_during_dress,DRESSING_WATER_SUPPORT,828,8.27,8.28,False,1.0,0.9999999999999998,GRID,500.0,1.0,False,188.49999971054774,0.00020000000738351015,199999.9840045348,2.9103830456733704e-11,299999.9847612344,0.0001,293.15,-1.3109888012414385e-13,1.0,1.0,1.0,1.0,1.0,1.0,293.15,1.0,POLISH,0.5215238847529092,293.1838237029958,1.0001609019402095e-09,1.253230004830953e-09
degraded_ups_3s_interruption_during_dress,DRESSING_WATER_SUPPORT,829,8.28,8.290000000000001,False,1.0,0.9999999999999998,GRID,500.0,1.0,False,188.49999972502036,0.0002000000070358715,199999.98476123437,0.0,299999.98551793396,0.0001,293.15,-8.570873362163256e-13,1.0,1.0,1.0,1.0,1.0,1.0,293.15,1.0,POLISH,0.5215228417143337,293.18408010161346,1.0002381889810023e-09,1.263232386720763e-09
degraded_ups_3s_interruption_during_dress,DRESSING_WATER_SUPPORT,830,8.290000000000001,8.3,False,1.0,0.9999999999999998,GRID,500.0,1.0,False,188.49999973876933,0.00020000000668669724,199999.985517934,2.9103830456733704e-11,299999.9862164259,0.0001,293.15,-3.9135433500640914e-13,1.0,1.0,1.0,1.0,1.0,1.0,293.15,1.0,POLISH,0.5215217986773846,293.1843363771353,1.0003135012661828e-09,1.2732355217334247e-09
degraded_ups_3s_interruption_during_dress,DRESSING_WATER_SUPPORT,831,8.3,8.31,False,1.0,0.9999999999999998,GRID,500.0,1.0,False,188.49999975183087,0.00020000000636516814,199999.98621642587,-2.9103830456733704e-11,299999.98685671017,0.0001,293.15,1.3112765105509343e-13,1.0,1.0,1.0,1.0,1.0,1.0,293.15,1.0,POLISH,0.5215207556420849,293.1845925296165,1.0003868887407769e-09,1.2832393906208325e-09
degraded_ups_3s_interruption_during_dress,DRESSING_WATER_SUPPORT,832,8.31,8.32,False,1.0,0.9999999999999998,GRID,500.0,1.0,False,188.49999976423933,0.00020000000607135694,199999.98685671014,-2.9103830456733704e-11,299999.98749699444,0.0001,293.15,-4.828256815626181e-13,1.0,1.0,1.0,1.0,1.0,1.0,293.15,1.0,POLISH,0.5215197126084564,293.1848485591125,1.0004584000726329e-09,1.2932439746215589e-09
degraded_ups_3s_interruption_during_dress,DRESSING_WATER_SUPPORT,833,8.32,8.33,False,1.0,0.9999999999999998,GRID,500.0,1.0,False,188.49999977602738,0.00020000000577622922,199999.98749699446,2.9103830456733704e-11,299999.98807907104,0.0001,293.15,9.516150617071913e-14,1.0,1.0,1.0,1.0,1.0,1.0,293.15,1.0,POLISH,0.5215186695765199,293.18510446567893,1.0005280826857634e-09,1.3032492554484166e-09
degraded_ups_3s_interruption_during_dress,DRESSING_WATER_SUPPORT,834,8.33,8.34,False,1.0,0.9999999999999998,GRID,500.0,1.0,False,188.49999978722602,0.00020000000550895466,199999.98807907102,-2.9103830456733704e-11,299999.98866114765,0.0001,293.15,-4.631513570016114e-13,1.0,1.0,1.0,1.0,1.0,1.0,293.15,1.0,POLISH,0.5215176265462951,293.1853602493717,1.0005959827927852e-09,1.3132552152763445e-09
degraded_ups_3s_interruption_during_dress,DRESSING_WATER_SUPPORT,835,8.34,8.35,False,1.0,0.9999999999999998,GRID,500.0,1.0,False,188.49999979786472,0.00020000000524049183,199999.98866114768,2.9103830456733704e-11,299999.9891850166,0.0001,293.15,1.7060456129411355e-13,1.0,1.0,1.0,1.0,1.0,1.0,293.15,1.0,POLISH,0.5215165835178006,293.1856159102469,1.0006621454264783e-09,1.3232618367306093e-09
degraded_ups_3s_interruption_during_dress,DRESSING_WATER_SUPPORT,836,8.35,8.36,False,1.0,0.9999999999999998,GRID,500.0,1.0,False,188.49999980797148,0.00020000000500000406,199999.98918501657,-2.9103830456733704e-11,299999.98970888555,0.0001,293.15,-3.318176934391164e-13,1.0,1.0,1.0,1.0,1.0,1.0,293.15,1.0,POLISH,0.5215155404910543,293.18587144836084,1.0007266144704953e-09,1.3332691028753144e-09
degraded_ups_3s_interruption_during_dress,DRESSING_WATER_SUPPORT,837,8.36,8.370000000000001,False,1.0,0.9999999999999998,GRID,500.0,1.0,False,188.4999998175729,0.00020000000475844395,199999.98970888555,0.0,299999.99017454684,0.0001,293.15,3.579447751655277e-13,1.0,1.0,1.0,1.0,1.0,1.0,293.15,1.0,POLISH,0.521514497466073,293.18612686376997,1.0007894326892444e-09,1.3432769972022068e-09
degraded_ups_3s_interruption_during_dress,DRESSING_WATER_SUPPORT,838,8.370000000000001,8.38,False,1.0,0.9999999999999998,GRID,500.0,1.0,False,188.49999982669425,0.00020000000454496898,199999.99017454684,0.0,299999.9906402081,0.0001,293.15,-8.836082852816554e-14,1.0,1.0,1.0,1.0,1.0,1.0,293.15,1.0,POLISH,0.5215134544428729,293.186382156531,1.0008506417569666e-09,1.3532855036197765e-09
degraded_ups_3s_interruption_during_dress,DRESSING_WATER_SUPPORT,839,8.38,8.39,False,1.0,0.9999999999999998,GRID,500.0,1.0,False,188.49999983535955,0.00020000000433052624,199999.9906402081,-2.9103830456733704e-11,299999.9911058694,0.0001,293.15,-5.356342181860737e-13,1.0,1.0,1.0,1.0,1.0,1.0,293.15,1.0,POLISH,0.5215124114214691,293.1866373267008,1.000910282286032e-09,1.3632946064426368e-09
degraded_ups_3s_interruption_during_dress,DRESSING_WATER_SUPPORT,840,8.39,8.4,False,1.0,0.9999999999999998,GRID,500.0,1.0,False,188.49999984359158,0.0002000000041151641,199999.99110586935,-5.820766091346741e-11,299999.9915715307,0.0001,293.15,-9.838269841811952e-13,1.0,1.0,1.0,1.0,1.0,1.0,293.15,1.0,POLISH,0.5215113684018761,293.1868923743363,1.0009683938544782e-09,1.3733042903811817e-09
degraded_ups_3s_interruption_during_dress,DRESSING_WATER_SUPPORT,841,8.4,8.41,False,1.0,0.9999999999999998,GRID,500.0,1.0,False,188.499999851412,0.00020000000389892853,199999.9915715307,0.0,299999.99192077667,0.0001,293.15,9.5362088288909e-13,1.0,1.0,1.0,1.0,1.0,1.0,293.15,1.0,POLISH,0.5215103253841076,293.1871472994947,1.0010250150328112e-09,1.3833145405315099e-09
degraded_ups_3s_interruption_during_dress,DRESSING_WATER_SUPPORT,842,8.41,8.42,False,1.0,0.9999999999999998,GRID,500.0,1.0,False,188.49999985884142,0.00020000000374007087,199999.9919207767,2.9103830456733704e-11,299999.99227002263,0.0001,293.15,6.201402439525225e-13,1.0,1.0,1.0,1.0,1.0,1.0,293.15,1.0,POLISH,0.5215092823681767,293.18740210223325,1.0010801834100893e-09,1.3933253423656107e-09
degraded_ups_3s_interruption_during_dress,DRESSING_WATER_SUPPORT,843,8.42,8.43,False,1.0,0.9999999999999998,GRID,500.0,1.0,False,188.49999986589935,0.00020000000358042497,199999.9922700226,-2.9103830456733704e-11,299999.9926192686,0.0001,293.15,2.858713629315038e-13,1.0,1.0,1.0,1.0,1.0,1.0,293.15,1.0,POLISH,0.521508239354096,293.18765678260934,1.0011339356193094e-09,1.4033366817218039e-09
degraded_ups_3s_interruption_during_dress,DRESSING_WATER_SUPPORT,844,8.43,8.44,False,1.0,0.9999999999999998,GRID,500.0,1.0,False,188.49999987260438,0.00020000000342003014,199999.9926192686,0.0,299999.99296851456,0.0001,293.15,-4.914645784521359e-14,1.0,1.0,1.0,1.0,1.0,1.0,293.15,1.0,POLISH,0.521507196341877,293.1879113406805,1.00118630736212e-09,1.4133485447954251e-09
degraded_ups_3s_interruption_during_dress,DRESSING_WATER_SUPPORT,845,8.44,8.45,False,1.0,0.9999999999999998,GRID,500.0,1.0,False,188.49999987897417,0.00020000000325892396,199999.99296851453,-2.9103830456733704e-11,299999.9933177605,0.0001,293.15,-3.848756236672987e-13,1.0,1.0,1.0,1.0,1.0,1.0,293.15,1.0,POLISH,0.5215061533315312,293.1881657765044,1.0012373334328736e-09,1.4233609181297538e-09
degraded_ups_3s_interruption_during_dress,DRESSING_WATER_SUPPORT,846,8.45,8.46,False,1.0,0.9999999999999998,GRID,500.0,1.0,False,188.49999988502546,0.00020000000309714188,199999.99331776056,2.9103830456733704e-11,299999.9936670065,0.0001,293.15,-7.212806811237113e-13,1.0,1.0,1.0,1.0,1.0,1.0,293.15,1.0,POLISH,0.521505110323069,293.18842009013866,1.0012870477420396e-09,1.4333737886071742e-09
degraded_ups_3s_interruption_during_dress,DRESSING_WATER_SUPPORT,847,8.46,8.47,False,1.0,0.9999999999999998,GRID,500.0,1.0,False,188.49999989077418,0.00020000000293471777,199999.9936670065,0.0,299999.9939580448,0.0001,293.15,1.3492927749495616e-13,1.0,1.0,1.0,1.0,1.0,1.0,293.15,1.0,POLISH,0.5215040673165007,293.18867428164117,1.0013354833389982e-09,1.443387143440564e-09
degraded_ups_3s_interruption_during_dress,DRESSING_WATER_SUPPORT,848,8.47,8.48,False,1.0,0.9999999999999998,GRID,500.0,1.0,False,188.49999989623547,0.00020000000280078758,199999.9939580448,0.0,299999.9942490831,0.0001,293.15,-1.4452006486063323e-13,1.0,1.0,1.0,1.0,1.0,1.0,293.15,1.0,POLISH,0.5215030243118357,293.1889283510698,1.0013826724342271e-09,1.4534009701649063e-09
degraded_ups_3s_interruption_during_dress,DRESSING_WATER_SUPPORT,849,8.48,8.49,False,1.0,0.9999999999999998,GRID,500.0,1.0,False,188.49999990142368,0.00020000000266627788,199999.99424908307,-2.9103830456733704e-11,299999.99448191375,0.0001,293.15,7.687081266666284e-13,1.0,1.0,1.0,1.0,1.0,1.0,293.15,1.0,POLISH,0.5215019813090833,293.18918229848254,1.001428646420903e-09,1.4634152566291152e-09
degraded_ups_3s_interruption_during_dress,DRESSING_WATER_SUPPORT,850,8.49,8.5,False,1.0,0.9999999999999998,GRID,500.0,1.0,False,188.49999990635249,0.00020000000256032157,199999.99448191377,2.9103830456733704e-11,299999.9947147444,0.0001,293.15,5.463364992613211e-13,1.0,1.0,1.0,1.0,1.0,1.0,293.15,1.0,POLISH,0.5215009383082521,293.1894361239374,1.0014734358959315e-09,1.4734299909880746e-09
degraded_ups_3s_interruption_during_dress,DRESSING_WATER_SUPPORT,851,8.5,8.51,False,1.0,0.9999999999999998,GRID,500.0,1.0,False,188.49999991103485,0.00020000000245384231,199999.9947147444,0.0,299999.99494757503,0.0001,293.15,3.2344192049064265e-13,1.0,1.0,1.0,1.0,1.0,1.0,293.15,1.0,POLISH,0.5214998953093503,293.1896898274926,1.0015170706804204e-09,1.4834451616948788e-09
degraded_ups_3s_interruption_during_dress,DRESSING_WATER_SUPPORT,852,8.51,8.52,False,1.0,0.9999999999999998,GRID,500.0,1.0,False,188.4999999154831,0.00020000000234686628,199999.99494757503,0.0,299999.9951804057,0.0001,293.15,1.0005056028453131e-13,1.0,1.0,1.0,1.0,1.0,1.0,293.15,1.0,POLISH,0.5214988523123857,293.18994340920625,1.0015595798396155e-09,1.493460757493275e-09
degraded_ups_3s_interruption_during_dress,DRESSING_WATER_SUPPORT,853,8.52,8.53,False,1.0,0.9999999999999998,GRID,500.0,1.0,False,188.49999991970896,0.0002000000022394183,199999.99518040565,-2.9103830456733704e-11,299999.9954132363,0.0001,293.15,-1.238127395747358e-13,1.0,1.0,1.0,1.0,1.0,1.0,293.15,1.0,POLISH,0.5214978093173659,293.19019686913657,1.001600991702309e-09,1.5034767674102982e-09
degraded_ups_3s_interruption_during_dress,DRESSING_WATER_SUPPORT,854,8.53,8.540000000000001,False,1.0,0.9999999999999998,GRID,500.0,1.0,False,188.49999992372352,0.0002000000021315219,199999.99541323635,2.9103830456733704e-11,299999.99564606696,0.0001,293.15,-3.4812445190001577e-13,1.0,1.0,1.0,1.0,1.0,1.0,293.15,1.0,POLISH,0.5214967663242979,293.1904502073419,1.0016413338797378e-09,1.5134931807490956e-09
degraded_ups_3s_interruption_during_dress,DRESSING_WATER_SUPPORT,855,8.540000000000001,8.55,False,1.0,0.9999999999999998,GRID,500.0,1.0,False,188.49999992753735,0.0002000000020231996,199999.99564606696,0.0,299999.9958788976,0.0001,293.15,-5.728620794962295e-13,1.0,1.0,1.0,1.0,1.0,1.0,293.15,1.0,POLISH,0.5214957233331883,293.19070342388045,1.0016806332839866e-09,1.5235099870819355e-09
degraded_ups_3s_interruption_during_dress,DRESSING_WATER_SUPPORT,856,8.55,8.56,False,1.0,0.9999999999999998,GRID,500.0,1.0,False,188.4999999311605,0.00020000000191447266,199999.9958788976,0.0,299999.99611172825,0.0001,293.15,-7.98004344895742e-13,1.0,1.0,1.0,1.0,1.0,1.0,293.15,1.0,POLISH,0.5214946803440436,293.1909565188107,1.0017189161459075e-09,1.5335271762433946e-09
degraded_ups_3s_interruption_during_dress,DRESSING_WATER_SUPPORT,857,8.56,8.57,False,1.0,0.9999999999999998,GRID,500.0,1.0,False,188.49999993460247,0.00020000000180536126,199999.99611172825,0.0,299999.99628635123,0.0001,293.15,1.6972598511095338e-13,1.0,1.0,1.0,1.0,1.0,1.0,293.15,1.0,POLISH,0.5214936373568697,293.19120949219104,1.0017562080325668e-09,1.5435447383237204e-09
degraded_ups_3s_interruption_during_dress,DRESSING_WATER_SUPPORT,858,8.57,8.58,False,1.0,0.9999999999999998,GRID,500.0,1.0,False,188.49999993787236,0.00020000000172498854,199999.9962863512,-2.9103830456733704e-11,299999.9964609742,0.0001,293.15,2.0417727838309448e-15,1.0,1.0,1.0,1.0,1.0,1.0,293.15,1.0,POLISH,0.5214925943716725,293.1914623440798,1.0017925338642412e-09,1.5535626636623629e-09
degraded_ups_3s_interruption_during_dress,DRESSING_WATER_SUPPORT,859,8.58,8.59,False,1.0,0.9999999999999998,GRID,500.0,1.0,False,188.49999994097874,0.00020000000164426885,199999.99646097422,0.0,299999.9966355972,0.0001,293.15,-1.6598941134354117e-13,1.0,1.0,1.0,1.0,1.0,1.0,293.15,1.0,POLISH,0.5214915513884574,293.1917150745356,1.0018279179309614e-09,1.5635809428416724e-09
degraded_ups_3s_interruption_during_dress,DRESSING_WATER_SUPPORT,860,8.59,8.6,False,1.0,0.9999999999999998,GRID,500.0,1.0,False,188.4999999439298,0.0002000000015632195,199999.9966355972,0.0,299999.9968102202,0.0001,293.15,-3.343502471414575e-13,1.0,1.0,1.0,1.0,1.0,1.0,293.15,1.0,POLISH,0.5214905084072295,293.1919676836168,1.0018623839086304e-09,1.5735995666807587e-09
degraded_ups_3s_interruption_during_dress,DRESSING_WATER_SUPPORT,861,8.6,8.61,False,1.0,0.9999999999999998,GRID,500.0,1.0,False,188.4999999467333,0.00020000000148185713,199999.99681022018,0.0,299999.9969266355,0.0001,293.15,6.902329342849469e-13,1.0,1.0,1.0,1.0,1.0,1.0,293.15,1.0,POLISH,0.5214894654279939,293.1922201713819,1.0018959548747178e-09,1.5836185262295059e-09
degraded_ups_3s_interruption_during_dress,DRESSING_WATER_SUPPORT,862,8.61,8.620000000000001,False,1.0,0.9999999999999998,GRID,500.0,1.0,False,188.49999994939665,0.00020000000142930113,199999.9969266355,0.0,299999.9970430508,0.0001,293.15,5.794692818032048e-13,1.0,1.0,1.0,1.0,1.0,1.0,293.15,1.0,POLISH,0.5214884224507552,293.19247253788944,1.0019286533235435e-09,1.5936378127627413e-09
degraded_ups_3s_interruption_during_dress,DRESSING_WATER_SUPPORT,863,8.620000000000001,8.63,False,1.0,0.9999999999999998,GRID,500.0,1.0,False,188.4999999519268,0.00020000000137646248,199999.99704305083,0.0,299999.99715946615,0.0001,293.15,4.684229642625686e-13,1.0,1.0,1.0,1.0,1.0,1.0,293.15,1.0,POLISH,0.5214873794755178,293.192724783198,1.0019605011811675e-09,1.603657417774553e-09
degraded_ups_3s_interruption_during_dress,DRESSING_WATER_SUPPORT,864,8.63,8.64,False,1.0,0.9999999999999998,GRID,500.0,1.0,False,188.49999995433046,0.00020000000132335542,199999.99715946615,0.0,299999.99727588147,0.0001,293.15,3.571082389216065e-13,1.0,1.0,1.0,1.0,1.0,1.0,293.15,1.0,POLISH,0.521486336502286,293.1929769073661,1.0019915198198877e-09,1.613677332972752e-09
degraded_ups_3s_interruption_during_dress,DRESSING_WATER_SUPPORT,865,8.64,8.65,False,1.0,0.9999999999999998,GRID,500.0,1.0,False,188.49999995661395,0.00020000000126999334,199999.99727588147,0.0,299999.9973922968,0.0001,293.15,2.4553850922967575e-13,1.0,1.0,1.0,1.0,1.0,1.0,293.15,1.0,POLISH,0.5214852935310639,293.1932289104522,1.0020217300723625e-09,1.6236975502734756e-09
degraded_ups_3s_interruption_during_dress,DRESSING_WATER_SUPPORT,866,8.65,8.66,False,1.0,0.9999999999999998,GRID,500.0,1.0,False,188.49999995878326,0.00020000000121638903,199999.99739229676,-2.9103830456733704e-11,299999.9975087121,0.0001,293.15,1.3372652811483027e-13,1.0,1.0,1.0,1.0,1.0,1.0,293.15,1.0,POLISH,0.5214842505618551,293.19348079251495,1.0020511522453673e-09,1.6337180617959293e-09
degraded_ups_3s_interruption_during_dress,DRESSING_WATER_SUPPORT,867,8.66,8.67,False,1.0,0.9999999999999998,GRID,500.0,1.0,False,188.4999999608441,0.0002000000011625545,199999.9975087121,0.0,299999.99762512743,0.0001,293.15,2.1684330221184663e-14,1.0,1.0,1.0,1.0,1.0,1.0,293.15,1.0,POLISH,0.5214832075946634,293.1937325536129,1.0020798061331944e-09,1.6437388598572613e-09
degraded_ups_3s_interruption_during_dress,DRESSING_WATER_SUPPORT,868,8.67,8.68,False,1.0,0.9999999999999998,GRID,500.0,1.0,False,188.4999999628019,0.00020000000110850127,199999.99762512746,2.9103830456733704e-11,299999.99774154276,0.0001,293.15,-9.057655125065128e-14,1.0,1.0,1.0,1.0,1.0,1.0,293.15,1.0,POLISH,0.521482164629492,293.19398419380457,1.002107711030701e-09,1.6537599369675683e-09
degraded_ups_3s_interruption_during_dress,DRESSING_WATER_SUPPORT,869,8.68,8.69,False,1.0,0.9999999999999998,GRID,500.0,1.0,False,188.4999999646618,0.00020000000105424042,199999.99774154276,0.0,299999.9978579581,0.0001,293.15,-2.030450574385182e-13,1.0,1.0,1.0,1.0,1.0,1.0,293.15,1.0,POLISH,0.5214811216663445,293.1942357131485,1.002134885746025e-09,1.6637812858250286e-09
degraded_ups_3s_interruption_during_dress,DRESSING_WATER_SUPPORT,870,8.69,8.700000000000001,False,1.0,0.9999999999999998,GRID,500.0,1.0,False,188.49999996642873,0.00020000000099978222,199999.99785795805,-2.9103830456733704e-11,299999.9979743734,0.0001,293.15,-3.1571092907935893e-13,1.0,1.0,1.0,1.0,1.0,1.0,293.15,1.0,POLISH,0.5214800787052238,293.19448711170327,1.0021613486129689e-09,1.6738028993111582e-09
degraded_ups_3s_interruption_during_dress,DRESSING_WATER_SUPPORT,871,8.700000000000001,8.71,False,1.0,0.9999999999999998,GRID,500.0,1.0,False,188.4999999681073,0.00020000000094513645,199999.99797437337,-2.9103830456733704e-11,299999.9980907887,0.0001,293.15,-4.285643541435125e-13,1.0,1.0,1.0,1.0,1.0,1.0,293.15,1.0,POLISH,0.5214790357461329,293.1947383895274,1.0021871175030619e-09,1.6838247704861887e-09
degraded_ups_3s_interruption_during_dress,DRESSING_WATER_SUPPORT,872,8.71,8.72,False,1.0,0.9999999999999998,GRID,500.0,1.0,False,188.49999996970192,0.00020000000089031263,199999.99809078872,0.0,299999.99820720404,0.0001,293.15,-5.415958323094425e-13,1.0,1.0,1.0,1.0,1.0,1.0,293.15,1.0,POLISH,0.5214779927890745,293.19498954667944,1.0022122098373125e-09,1.6938468925845617e-09
degraded_ups_3s_interruption_during_dress,DRESSING_WATER_SUPPORT,873,8.72,8.73,False,1.0,0.9999999999999998,GRID,500.0,1.0,False,188.49999997121682,0.00020000000083531962,199999.99820720404,0.0,299999.99832361937,0.0001,293.15,-6.54796513776916e-13,1.0,1.0,1.0,1.0,1.0,1.0,293.15,1.0,POLISH,0.5214769498340514,293.19524058321787,1.0022366425976587e-09,1.7038692590105384e-09
degraded_ups_3s_interruption_during_dress,DRESSING_WATER_SUPPORT,874,8.73,8.74,False,1.0,0.9999999999999998,GRID,500.0,1.0,False,188.49999997265598,0.0002000000007801659,199999.99832361934,-2.9103830456733704e-11,299999.9984400347,0.0001,293.15,-7.681578875588791e-13,1.0,1.0,1.0,1.0,1.0,1.0,293.15,1.0,POLISH,0.521475906881066,293.19549149920124,1.0022604323381183e-09,1.7138918633339196e-09
degraded_ups_3s_interruption_during_dress,DRESSING_WATER_SUPPORT,875,8.74,8.75,False,1.0,0.9999999999999998,GRID,500.0,1.0,False,188.49999997402318,0.00020000000072485942,199999.9984400347,0.0,299999.99855645,0.0001,293.15,-8.816720254269453e-13,1.0,1.0,1.0,1.0,1.0,1.0,293.15,1.0,POLISH,0.521474863930121,293.19574229468805,1.002283595195655e-09,1.723914699285876e-09
degraded_ups_3s_interruption_during_dress,DRESSING_WATER_SUPPORT,876,8.75,8.76,False,1.0,0.9999999999999998,GRID,500.0,1.0,False,188.49999997532203,0.00020000000066940795,199999.99855645,0.0,299999.99867286533,0.0001,293.15,-9.953311482305272e-13,1.0,1.0,1.0,1.0,1.0,1.0,293.15,1.0,POLISH,0.5214738209812183,293.1959929697367,1.002306146900765e-09,1.7339377607548838e-09
degraded_ups_3s_interruption_during_dress,DRESSING_WATER_SUPPORT,877,8.76,8.77,False,1.0,0.9999999999999998,GRID,500.0,1.0,False,188.49999997655593,0.00020000000061381863,199999.99867286536,2.9103830456733704e-11,299999.998731073,0.0001,293.15,8.412891260370367e-14,1.0,1.0,1.0,1.0,1.0,1.0,293.15,1.0,POLISH,0.5214727780343603,293.19624352440576,1.0023281027877904e-09,1.7439610417827617e-09
degraded_ups_3s_interruption_during_dress,DRESSING_WATER_SUPPORT,878,8.77,8.78,False,1.0,0.9999999999999998,GRID,500.0,1.0,False,188.49999997772812,0.00020000000058720223,199999.998731073,0.0,299999.99878928065,0.0001,293.15,2.8408672983482017e-14,1.0,1.0,1.0,1.0,1.0,1.0,293.15,1.0,POLISH,0.521471735089549,293.1964939587536,1.0023494778049632e-09,1.7539845365608112e-09
degraded_ups_3s_interruption_during_dress,DRESSING_WATER_SUPPORT,879,8.78,8.790000000000001,False,1.0,0.9999999999999998,GRID,500.0,1.0,False,188.4999999788417,0.00020000000056046146,199999.99878928062,-2.9103830456733704e-11,299999.9988474883,0.0001,293.15,-2.743591107339657e-14,1.0,1.0,1.0,1.0,1.0,1.0,293.15,1.0,POLISH,0.5214706921467864,293.19674427283866,1.002370286524199e-09,1.7640082394260533e-09
degraded_ups_3s_interruption_during_dress,DRESSING_WATER_SUPPORT,880,8.790000000000001,8.8,False,1.0,0.9999999999999998,GRID,500.0,1.0,False,188.49999997989963,0.00020000000053360255,199999.9988474883,0.0,299999.998905696,0.0001,293.15,-8.339865961454892e-14,1.0,1.0,1.0,1.0,1.0,1.0,293.15,1.0,POLISH,0.5214696492060743,293.19699446671933,1.0023905431506317e-09,1.7740321448575596e-09
degraded_ups_3s_interruption_during_dress,DRESSING_WATER_SUPPORT,881,8.8,8.81,False,1.0,0.9999999999999998,GRID,500.0,1.0,False,188.49999998090465,0.00020000000050663137,199999.99890569595,-2.9103830456733704e-11,299999.99896390364,0.0001,293.15,-1.3947367729066215e-13,1.0,1.0,1.0,1.0,1.0,1.0,293.15,1.0,POLISH,0.5214686062674144,293.19724454045405,1.002410261531908e-09,1.7840562474728786e-09
degraded_ups_3s_interruption_during_dress,DRESSING_WATER_SUPPORT,882,8.81,8.82,False,1.0,0.9999999999999998,GRID,500.0,1.0,False,188.49999998185942,0.00020000000047955358,199999.99896390366,2.9103830456733704e-11,299999.9990221113,0.0001,293.15,-1.9565528559285785e-13,1.0,1.0,1.0,1.0,1.0,1.0,293.15,1.0,POLISH,0.5214675633308085,293.19749449410114,1.002429455167241e-09,1.794080542024551e-09
degraded_ups_3s_interruption_during_dress,DRESSING_WATER_SUPPORT,883,8.82,8.83,False,1.0,0.9999999999999998,GRID,500.0,1.0,False,188.49999998276644,0.00020000000045237445,199999.99902211133,2.9103830456733704e-11,299999.9990221113,0.0001,293.15,9.413188002509176e-13,1.0,1.0,1.0,1.0,1.0,1.0,293.15,1.0,POLISH,0.5214665203962581,293.1977443277189,1.0024481372162328e-09,1.8041050233967134e-09
degraded_ups_3s_interruption_during_dress,DRESSING_WATER_SUPPORT,884,8.83,8.84,False,1.0,0.9999999999999998,GRID,500.0,1.0,False,188.49999998362813,0.00020000000045420298,199999.9990221113,0.0,299999.9990221113,0.0001,293.15,9.431473343198687e-13,1.0,1.0,1.0,1.0,1.0,1.0,293.15,1.0,POLISH,0.5214654774637647,293.1979940413657,1.0024663205074704e-09,1.814129686601788e-09
degraded_ups_3s_interruption_during_dress,DRESSING_WATER_SUPPORT,885,8.84,8.85,False,1.0,0.9999999999999998,GRID,500.0,1.0,False,188.49999998444673,0.0002000000004559401,199999.9990221113,0.0,299999.9990221113,0.0001,293.15,9.44884443040625e-13,1.0,1.0,1.0,1.0,1.0,1.0,293.15,1.0,POLISH,0.5214644345333299,293.1982436350998,1.002484017546901e-09,1.824154526777257e-09
degraded_ups_3s_interruption_during_dress,DRESSING_WATER_SUPPORT,886,8.85,8.86,False,1.0,0.9999999999999998,GRID,500.0,1.0,False,188.4999999852244,0.00020000000045759033,199999.9990221113,0.0,299999.9990221113,0.0001,293.15,9.465346800623109e-13,1.0,1.0,1.0,1.0,1.0,1.0,293.15,1.0,POLISH,0.5214633916049549,293.19849310897945,1.0025012405259956e-09,1.834179539182517e-09
degraded_ups_3s_interruption_during_dress,DRESSING_WATER_SUPPORT,887,8.86,8.870000000000001,False,1.0,0.9999999999999998,GRID,500.0,1.0,False,188.4999999859632,0.00020000000045915803,199999.9990221113,0.0,299999.9990221113,0.0001,293.15,9.481023821936163e-13,1.0,1.0,1.0,1.0,1.0,1.0,293.15,1.0,POLISH,0.521462348678641,293.1987424630629,1.0025180013296994e-09,1.844204719195814e-09
degraded_ups_3s_interruption_during_dress,DRESSING_WATER_SUPPORT,888,8.870000000000001,8.88,False,1.0,0.9999999999999998,GRID,500.0,1.0,False,188.49999998666505,0.0002000000004606474,199999.99902211127,-2.9103830456733704e-11,299999.9990221113,0.0001,293.15,9.495917507179596e-13,1.0,1.0,1.0,1.0,1.0,1.0,293.15,1.0,POLISH,0.5214613057543896,293.19899169740836,1.0025343115441829e-09,1.854230062311256e-09
degraded_ups_3s_interruption_during_dress,DRESSING_WATER_SUPPORT,889,8.88,8.89,False,1.0,0.9999999999999998,GRID,500.0,1.0,False,188.4999999873318,0.0002000000004620622,199999.99902211133,2.9103830456733704e-11,299999.9990221113,0.0001,293.15,9.510065532378903e-13,1.0,1.0,1.0,1.0,1.0,1.0,293.15,1.0,POLISH,0.5214602628322018,293.199240812074,1.0025501824643923e-09,1.8642555641358998e-09
degraded_ups_3s_interruption_during_dress,DRESSING_WATER_SUPPORT,890,8.89,8.9,False,1.0,0.9999999999999998,GRID,500.0,1.0,False,188.4999999879652,0.00020000000046340631,199999.99902211124,-5.820766091346741e-11,299999.9990221113,0.0001,293.15,9.523506657761749e-13,1.0,1.0,1.0,1.0,1.0,1.0,293.15,1.0,POLISH,0.5214592199120786,293.1994898071179,1.0025656251014087e-09,1.8742812203869136e-09
degraded_ups_3s_interruption_during_dress,DRESSING_WATER_SUPPORT,891,8.9,8.91,False,1.0,0.9999999999999998,GRID,500.0,1.0,False,188.49999998856694,0.0002000000004646832,199999.99902211133,2.9103830456733704e-11,299999.9990221113,0.0001,293.15,9.536275577797654e-13,1.0,1.0,1.0,1.0,1.0,1.0,293.15,1.0,POLISH,0.5214581769940211,293.1997386825983,1.0025806501896184e-09,1.88430702688881e-09
degraded_ups_3s_interruption_during_dress,DRESSING_WATER_SUPPORT,892,8.91,8.92,False,1.0,0.9999999999999998,GRID,500.0,1.0,False,188.4999999891386,0.00020000000046589624,199999.9990221113,0.0,299999.9990221113,0.0001,293.15,9.548405902753965e-13,1.0,1.0,1.0,1.0,1.0,1.0,293.15,1.0,POLISH,0.5214571340780303,293.1999874385732,1.0025952681937015e-09,1.8943329795707467e-09
degraded_ups_3s_interruption_during_dress,DRESSING_WATER_SUPPORT,893,8.92,8.93,False,1.0,0.9999999999999998,GRID,500.0,1.0,False,188.49999998968167,0.00020000000046704872,199999.9990221113,0.0,299999.9990221113,0.0001,293.15,9.559930700796943e-13,1.0,1.0,1.0,1.0,1.0,1.0,293.15,1.0,POLISH,0.5214560911641072,293.2002360751007,1.0026094893154395e-09,1.904359074463901e-09
degraded_ups_3s_interruption_during_dress,DRESSING_WATER_SUPPORT,894,8.93,8.94,False,1.0,0.9999999999999998,GRID,500.0,1.0,False,188.49999999019758,0.00020000000046814346,199999.9990221113,0.0,299999.9990221113,0.0001,293.15,9.570878161183072e-13,1.0,1.0,1.0,1.0,1.0,1.0,293.15,1.0,POLISH,0.5214550482522526,293.20048459223875,1.0026233235003534e-09,1.9143853076989043e-09
degraded_ups_3s_interruption_during_dress,DRESSING_WATER_SUPPORT,895,8.94,8.950000000000001,False,1.0,0.9999999999999998,GRID,500.0,1.0,False,188.4999999906877,0.00020000000046918354,199999.9990221113,0.0,299999.9990221113,0.0001,293.15,9.581278912623725e-13,1.0,1.0,1.0,1.0,1.0,1.0,293.15,1.0,POLISH,0.5214540053424676,293.2007329900454,1.00263678044417e-09,1.924411675503346e-09
degraded_ups_3s_interruption_during_dress,DRESSING_WATER_SUPPORT,896,8.950000000000001,8.96,False,1.0,0.9999999999999998,GRID,500.0,1.0,False,188.49999999115332,0.00020000000047017152,199999.99902211135,5.820766091346741e-11,299999.9990221113,0.0001,293.15,9.5911587049205e-13,1.0,1.0,1.0,1.0,1.0,1.0,293.15,1.0,POLISH,0.5214529624347527,293.2009812685787,1.0026498695991233e-09,1.934438174199337e-09
degraded_ups_3s_interruption_during_dress,DRESSING_WATER_SUPPORT,897,8.96,8.97,False,1.0,0.9999999999999998,GRID,500.0,1.0,False,188.49999999159564,0.00020000000047111017,199999.9990221113,0.0,299999.9990221113,0.0001,293.15,9.600545185228793e-13,1.0,1.0,1.0,1.0,1.0,1.0,293.15,1.0,POLISH,0.5214519195291089,293.2012294278964,1.0026626001800982e-09,1.944464800201138e-09
degraded_ups_3s_interruption_during_dress,DRESSING_WATER_SUPPORT,898,8.97,8.98,False,1.0,0.9999999999999998,GRID,500.0,1.0,False,188.49999999201586,0.00020000000047200184,199999.9990221113,0.0,299999.9990221113,0.0001,293.15,9.609461934945857e-13,1.0,1.0,1.0,1.0,1.0,1.0,293.15,1.0,POLISH,0.5214508766255368,293.2014774680565,1.0026749811706139e-09,1.954491550012844e-09
degraded_ups_3s_interruption_during_dress,DRESSING_WATER_SUPPORT,899,8.98,8.99,False,1.0,0.9999999999999998,GRID,500.0,1.0,False,188.49999999241507,0.000200000000472849,199999.99902211127,-2.9103830456733704e-11,299999.9990221113,0.0001,293.15,9.617933619671115e-13,1.0,1.0,1.0,1.0,1.0,1.0,293.15,1.0,POLISH,0.5214498337240372,293.20172538911686,1.002687021328658e-09,1.9645184202261307e-09
degraded_ups_3s_interruption_during_dress,DRESSING_WATER_SUPPORT,900,8.99,9.0,False,1.0,0.9999999999999998,GRID,500.0,1.0,False,188.49999999279433,0.00020000000047365379,199999.99902211127,-2.9103830456733704e-11,299999.9990221113,0.0001,293.15,9.625981381346932e-13,1.0,1.0,1.0,1.0,1.0,1.0,293.15,1.0,POLISH,0.5214487908246107,293.2019731911353,1.0026987291923727e-09,1.9745454075180545e-09
