model_kind,run_id,split_id,decision_step_index,decision_timestamp_s,label,probability,predicted_excursion,conformal_prediction_set,first_excursion_timestamp_s,latency_s
PREVALENCE,test-normal-00,TEST,430,4.3,0,0.05982561967695384,False,0,,3.114368547032265e-07
PREVALENCE,test-normal-00,TEST,440,4.4,0,0.05982561967695384,False,0,,3.114368547032265e-07
PREVALENCE,test-normal-00,TEST,450,4.5,0,0.05982561967695384,False,0,,3.114368547032265e-07
PREVALENCE,test-normal-00,TEST,460,4.6000000000000005,0,0.05982561967695384,False,0,,3.114368547032265e-07
PREVALENCE,test-normal-00,TEST,470,4.7,0,0.05982561967695384,False,0,,3.114368547032265e-07
PREVALENCE,test-normal-00,TEST,480,4.8,0,0.05982561967695384,False,0,,3.114368547032265e-07
PREVALENCE,test-normal-00,TEST,490,4.9,0,0.05982561967695384,False,0,,3.114368547032265e-07
PREVALENCE,test-normal-00,TEST,500,5.0,0,0.05982561967695384,False,0,,3.114368547032265e-07
PREVALENCE,test-normal-00,TEST,510,5.1000000000000005,0,0.05982561967695384,False,0,,3.114368547032265e-07
PREVALENCE,test-normal-00,TEST,520,5.2,0,0.05982561967695384,False,0,,3.114368547032265e-07
PREVALENCE,test-normal-00,TEST,530,5.3,0,0.05982561967695384,False,0,,3.114368547032265e-07
PREVALENCE,test-normal-00,TEST,540,5.4,0,0.05982561967695384,False,0,,3.114368547032265e-07
PREVALENCE,test-normal-00,TEST,550,5.5,0,0.05982561967695384,False,0,,3.114368547032265e-07
PREVALENCE,test-normal-00,TEST,560,5.6000000000000005,0,0.05982561967695384,False,0,,3.114368547032265e-07
PREVALENCE,test-normal-00,TEST,570,5.7,0,0.05982561967695384,False,0,,3.114368547032265e-07
PREVALENCE,test-normal-00,TEST,580,5.8,0,0.05982561967695384,False,0,,3.114368547032265e-07
PREVALENCE,test-normal-00,TEST,590,5.9,0,0.05982561967695384,False,0,,3.114368547032265e-07
PREVALENCE,test-normal-00,TEST,600,6.0,0,0.05982561967695384,False,0,,3.114368547032265e-07
PREVALENCE,test-normal-00,TEST,610,6.1000000000000005,0,0.05982561967695384,False,0,,3.114368547032265e-07
PREVALENCE,test-normal-00,TEST,620,6.2,0,0.05982561967695384,False,0,,3.114368547032265e-07
PREVALENCE,test-normal-00,TEST,630,6.3,0,0.05982561967695384,False,0,,3.114368547032265e-07
PREVALENCE,test-normal-00,TEST,640,6.4,0,0.05982561967695384,False,0,,3.114368547032265e-07
PREVALENCE,test-normal-00,TEST,650,6.5,0,0.05982561967695384,False,0,,3.114368547032265e-07
PREVALENCE,test-normal-00,TEST,660,6.6000000000000005,0,0.05982561967695384,False,0,,3.114368547032265e-07
PREVALENCE,test-normal-00,TEST,670,6.7,0,0.05982561967695384,False,0,,3.114368547032265e-07
PREVALENCE,test-normal-00,TEST,680,6.8,0,0.05982561967695384,False,0,,3.114368547032265e-07
PREVALENCE,test-normal-00,TEST,690,6.9,0,0.05982561967695384,False,0,,3.114368547032265e-07
PREVALENCE,test-normal-00,TEST,700,7.0,0,0.05982561967695384,False,0,,3.114368547032265e-07
PREVALENCE,test-normal-00,TEST,710,7.1000000000000005,0,0.05982561967695384,False,0,,3.114368547032265e-07
PREVALENCE,test-normal-00,TEST,720,7.2,0,0.05982561967695384,False,0,,3.114368547032265e-07
PREVALENCE,test-normal-00,TEST,730,7.3,0,0.05982561967695384,False,0,,3.114368547032265e-07
PREVALENCE,test-normal-00,TEST,740,7.4,0,0.05982561967695384,False,0,,3.114368547032265e-07
PREVALENCE,test-normal-00,TEST,750,7.5,0,0.05982561967695384,False,0,,3.114368547032265e-07
PREVALENCE,test-normal-00,TEST,760,7.6000000000000005,0,0.05982561967695384,False,0,,3.114368547032265e-07
PREVALENCE,test-normal-00,TEST,770,7.7,0,0.05982561967695384,False,0,,3.114368547032265e-07
PREVALENCE,test-normal-00,TEST,780,7.8,0,0.05982561967695384,False,0,,3.114368547032265e-07
PREVALENCE,test-normal-00,TEST,790,7.9,0,0.05982561967695384,False,0,,3.114368547032265e-07
PREVALENCE,test-normal-00,TEST,800,8.0,0,0.05982561967695384,False,0,,3.114368547032265e-07
PREVALENCE,test-normal-00,TEST,810,8.1,0,0.05982561967695384,False,0,,3.114368547032265e-07
PREVALENCE,test-normal-00,TEST,820,8.2,0,0.05982561967695384,False,0,,3.114368547032265e-07
PREVALENCE,test-normal-00,TEST,830,8.3,0,0.05982561967695384,False,0,,3.114368547032265e-07
PREVALENCE,test-normal-00,TEST,840,8.4,0,0.05982561967695384,False,0,,3.114368547032265e-07
PREVALENCE,test-normal-00,TEST,850,8.5,0,0.05982561967695384,False,0,,3.114368547032265e-07
PREVALENCE,test-normal-00,TEST,860,8.6,0,0.05982561967695384,False,0,,3.114368547032265e-07
PREVALENCE,test-normal-00,TEST,870,8.700000000000001,0,0.05982561967695384,False,0,,3.114368547032265e-07
PREVALENCE,test-normal-00,TEST,880,8.8,0,0.05982561967695384,False,0,,3.114368547032265e-07
PREVALENCE,test-normal-00,TEST,890,8.9,0,0.05982561967695384,False,0,,3.114368547032265e-07
PREVALENCE,test-normal-00,TEST,900,9.0,0,0.05982561967695384,False,0,,3.114368547032265e-07
PREVALENCE,test-normal-00,TEST,910,9.1,0,0.05982561967695384,False,0,,3.114368547032265e-07
PREVALENCE,test-normal-00,TEST,920,9.200000000000001,0,0.05982561967695384,False,0,,3.114368547032265e-07
PREVALENCE,test-normal-00,TEST,930,9.3,0,0.05982561967695384,False,0,,3.114368547032265e-07
PREVALENCE,test-normal-00,TEST,940,9.4,0,0.05982561967695384,False,0,,3.114368547032265e-07
PREVALENCE,test-normal-00,TEST,950,9.5,0,0.05982561967695384,False,0,,3.114368547032265e-07
PREVALENCE,test-normal-00,TEST,960,9.6,0,0.05982561967695384,False,0,,3.114368547032265e-07
PREVALENCE,test-normal-00,TEST,970,9.700000000000001,0,0.05982561967695384,False,0,,3.114368547032265e-07
PREVALENCE,test-normal-00,TEST,980,9.8,0,0.05982561967695384,False,0,,3.114368547032265e-07
PREVALENCE,test-normal-00,TEST,990,9.9,0,0.05982561967695384,False,0,,3.114368547032265e-07
PREVALENCE,test-normal-00,TEST,1000,10.0,0,0.05982561967695384,False,0,,3.114368547032265e-07
PREVALENCE,test-normal-00,TEST,1010,10.1,0,0.05982561967695384,False,0,,3.114368547032265e-07
PREVALENCE,test-normal-00,TEST,1020,10.200000000000001,0,0.05982561967695384,False,0,,3.114368547032265e-07
PREVALENCE,test-normal-00,TEST,1030,10.3,0,0.05982561967695384,False,0,,3.114368547032265e-07
PREVALENCE,test-normal-00,TEST,1040,10.4,0,0.05982561967695384,False,0,,3.114368547032265e-07
PREVALENCE,test-normal-00,TEST,1050,10.5,0,0.05982561967695384,False,0,,3.114368547032265e-07
PREVALENCE,test-normal-00,TEST,1060,10.6,0,0.05982561967695384,False,0,,3.114368547032265e-07
PREVALENCE,test-normal-00,TEST,1070,10.700000000000001,0,0.05982561967695384,False,0,,3.114368547032265e-07
PREVALENCE,test-normal-00,TEST,1080,10.8,0,0.05982561967695384,False,0,,3.114368547032265e-07
PREVALENCE,test-normal-00,TEST,1090,10.9,0,0.05982561967695384,False,0,,3.114368547032265e-07
PREVALENCE,test-normal-00,TEST,1100,11.0,0,0.05982561967695384,False,0,,3.114368547032265e-07
PREVALENCE,test-normal-00,TEST,1110,11.1,0,0.05982561967695384,False,0,,3.114368547032265e-07
PREVALENCE,test-normal-00,TEST,1120,11.200000000000001,0,0.05982561967695384,False,0,,3.114368547032265e-07
PREVALENCE,test-normal-00,TEST,1130,11.3,0,0.05982561967695384,False,0,,3.114368547032265e-07
PREVALENCE,test-normal-00,TEST,1140,11.4,0,0.05982561967695384,False,0,,3.114368547032265e-07
PREVALENCE,test-normal-00,TEST,1150,11.5,0,0.05982561967695384,False,0,,3.114368547032265e-07
PREVALENCE,test-normal-00,TEST,1160,11.6,0,0.05982561967695384,False,0,,3.114368547032265e-07
PREVALENCE,test-normal-00,TEST,1170,11.700000000000001,0,0.05982561967695384,False,0,,3.114368547032265e-07
PREVALENCE,test-normal-00,TEST,1180,11.8,0,0.05982561967695384,False,0,,3.114368547032265e-07
PREVALENCE,test-normal-00,TEST,1190,11.9,0,0.05982561967695384,False,0,,3.114368547032265e-07
PREVALENCE,test-normal-00,TEST,1200,12.0,0,0.05982561967695384,False,0,,3.114368547032265e-07
PREVALENCE,test-normal-00,TEST,1210,12.1,0,0.05982561967695384,False,0,,3.114368547032265e-07
PREVALENCE,test-normal-00,TEST,1220,12.200000000000001,0,0.05982561967695384,False,0,,3.114368547032265e-07
PREVALENCE,test-normal-00,TEST,1230,12.3,0,0.05982561967695384,False,0,,3.114368547032265e-07
PREVALENCE,test-normal-00,TEST,1240,12.4,0,0.05982561967695384,False,0,,3.114368547032265e-07
PREVALENCE,test-normal-00,TEST,1250,12.5,0,0.05982561967695384,False,0,,3.114368547032265e-07
PREVALENCE,test-normal-00,TEST,1260,12.6,0,0.05982561967695384,False,0,,3.114368547032265e-07
PREVALENCE,test-normal-00,TEST,1270,12.700000000000001,0,0.05982561967695384,False,0,,3.114368547032265e-07
PREVALENCE,test-normal-00,TEST,1280,12.8,0,0.05982561967695384,False,0,,3.114368547032265e-07
PREVALENCE,test-normal-00,TEST,1290,12.9,0,0.05982561967695384,False,0,,3.114368547032265e-07
PREVALENCE,test-normal-00,TEST,1300,13.0,0,0.05982561967695384,False,0,,3.114368547032265e-07
PREVALENCE,test-normal-01,TEST,430,4.3,0,0.05982561967695384,False,0,,3.114368547032265e-07
PREVALENCE,test-normal-01,TEST,440,4.4,0,0.05982561967695384,False,0,,3.114368547032265e-07
PREVALENCE,test-normal-01,TEST,450,4.5,0,0.05982561967695384,False,0,,3.114368547032265e-07
PREVALENCE,test-normal-01,TEST,460,4.6000000000000005,0,0.05982561967695384,False,0,,3.114368547032265e-07
PREVALENCE,test-normal-01,TEST,470,4.7,0,0.05982561967695384,False,0,,3.114368547032265e-07
PREVALENCE,test-normal-01,TEST,480,4.8,0,0.05982561967695384,False,0,,3.114368547032265e-07
PREVALENCE,test-normal-01,TEST,490,4.9,0,0.05982561967695384,False,0,,3.114368547032265e-07
PREVALENCE,test-normal-01,TEST,500,5.0,0,0.05982561967695384,False,0,,3.114368547032265e-07
PREVALENCE,test-normal-01,TEST,510,5.1000000000000005,0,0.05982561967695384,False,0,,3.114368547032265e-07
PREVALENCE,test-normal-01,TEST,520,5.2,0,0.05982561967695384,False,0,,3.114368547032265e-07
PREVALENCE,test-normal-01,TEST,530,5.3,0,0.05982561967695384,False,0,,3.114368547032265e-07
PREVALENCE,test-normal-01,TEST,540,5.4,0,0.05982561967695384,False,0,,3.114368547032265e-07
PREVALENCE,test-normal-01,TEST,550,5.5,0,0.05982561967695384,False,0,,3.114368547032265e-07
PREVALENCE,test-normal-01,TEST,560,5.6000000000000005,0,0.05982561967695384,False,0,,3.114368547032265e-07
PREVALENCE,test-normal-01,TEST,570,5.7,0,0.05982561967695384,False,0,,3.114368547032265e-07
PREVALENCE,test-normal-01,TEST,580,5.8,0,0.05982561967695384,False,0,,3.114368547032265e-07
PREVALENCE,test-normal-01,TEST,590,5.9,0,0.05982561967695384,False,0,,3.114368547032265e-07
PREVALENCE,test-normal-01,TEST,600,6.0,0,0.05982561967695384,False,0,,3.114368547032265e-07
PREVALENCE,test-normal-01,TEST,610,6.1000000000000005,0,0.05982561967695384,False,0,,3.114368547032265e-07
PREVALENCE,test-normal-01,TEST,620,6.2,0,0.05982561967695384,False,0,,3.114368547032265e-07
PREVALENCE,test-normal-01,TEST,630,6.3,0,0.05982561967695384,False,0,,3.114368547032265e-07
PREVALENCE,test-normal-01,TEST,640,6.4,0,0.05982561967695384,False,0,,3.114368547032265e-07
PREVALENCE,test-normal-01,TEST,650,6.5,0,0.05982561967695384,False,0,,3.114368547032265e-07
PREVALENCE,test-normal-01,TEST,660,6.6000000000000005,0,0.05982561967695384,False,0,,3.114368547032265e-07
PREVALENCE,test-normal-01,TEST,670,6.7,0,0.05982561967695384,False,0,,3.114368547032265e-07
PREVALENCE,test-normal-01,TEST,680,6.8,0,0.05982561967695384,False,0,,3.114368547032265e-07
PREVALENCE,test-normal-01,TEST,690,6.9,0,0.05982561967695384,False,0,,3.114368547032265e-07
PREVALENCE,test-normal-01,TEST,700,7.0,0,0.05982561967695384,False,0,,3.114368547032265e-07
PREVALENCE,test-normal-01,TEST,710,7.1000000000000005,0,0.05982561967695384,False,0,,3.114368547032265e-07
PREVALENCE,test-normal-01,TEST,720,7.2,0,0.05982561967695384,False,0,,3.114368547032265e-07
PREVALENCE,test-normal-01,TEST,730,7.3,0,0.05982561967695384,False,0,,3.114368547032265e-07
PREVALENCE,test-normal-01,TEST,740,7.4,0,0.05982561967695384,False,0,,3.114368547032265e-07
PREVALENCE,test-normal-01,TEST,750,7.5,0,0.05982561967695384,False,0,,3.114368547032265e-07
PREVALENCE,test-normal-01,TEST,760,7.6000000000000005,0,0.05982561967695384,False,0,,3.114368547032265e-07
PREVALENCE,test-normal-01,TEST,770,7.7,0,0.05982561967695384,False,0,,3.114368547032265e-07
PREVALENCE,test-normal-01,TEST,780,7.8,0,0.05982561967695384,False,0,,3.114368547032265e-07
PREVALENCE,test-normal-01,TEST,790,7.9,0,0.05982561967695384,False,0,,3.114368547032265e-07
PREVALENCE,test-normal-01,TEST,800,8.0,0,0.05982561967695384,False,0,,3.114368547032265e-07
PREVALENCE,test-normal-01,TEST,810,8.1,0,0.05982561967695384,False,0,,3.114368547032265e-07
PREVALENCE,test-normal-01,TEST,820,8.2,0,0.05982561967695384,False,0,,3.114368547032265e-07
PREVALENCE,test-normal-01,TEST,830,8.3,0,0.05982561967695384,False,0,,3.114368547032265e-07
PREVALENCE,test-normal-01,TEST,840,8.4,0,0.05982561967695384,False,0,,3.114368547032265e-07
PREVALENCE,test-normal-01,TEST,850,8.5,0,0.05982561967695384,False,0,,3.114368547032265e-07
PREVALENCE,test-normal-01,TEST,860,8.6,0,0.05982561967695384,False,0,,3.114368547032265e-07
PREVALENCE,test-normal-01,TEST,870,8.700000000000001,0,0.05982561967695384,False,0,,3.114368547032265e-07
PREVALENCE,test-normal-01,TEST,880,8.8,0,0.05982561967695384,False,0,,3.114368547032265e-07
PREVALENCE,test-normal-01,TEST,890,8.9,0,0.05982561967695384,False,0,,3.114368547032265e-07
PREVALENCE,test-normal-01,TEST,900,9.0,0,0.05982561967695384,False,0,,3.114368547032265e-07
PREVALENCE,test-normal-01,TEST,910,9.1,0,0.05982561967695384,False,0,,3.114368547032265e-07
PREVALENCE,test-normal-01,TEST,920,9.200000000000001,0,0.05982561967695384,False,0,,3.114368547032265e-07
PREVALENCE,test-normal-01,TEST,930,9.3,0,0.05982561967695384,False,0,,3.114368547032265e-07
PREVALENCE,test-normal-01,TEST,940,9.4,0,0.05982561967695384,False,0,,3.114368547032265e-07
PREVALENCE,test-normal-01,TEST,950,9.5,0,0.05982561967695384,False,0,,3.114368547032265e-07
PREVALENCE,test-normal-01,TEST,960,9.6,0,0.05982561967695384,False,0,,3.114368547032265e-07
PREVALENCE,test-normal-01,TEST,970,9.700000000000001,0,0.05982561967695384,False,0,,3.114368547032265e-07
PREVALENCE,test-normal-01,TEST,980,9.8,0,0.05982561967695384,False,0,,3.114368547032265e-07
PREVALENCE,test-normal-01,TEST,990,9.9,0,0.05982561967695384,False,0,,3.114368547032265e-07
PREVALENCE,test-normal-01,TEST,1000,10.0,0,0.05982561967695384,False,0,,3.114368547032265e-07
PREVALENCE,test-normal-01,TEST,1010,10.1,0,0.05982561967695384,False,0,,3.114368547032265e-07
PREVALENCE,test-normal-01,TEST,1020,10.200000000000001,0,0.05982561967695384,False,0,,3.114368547032265e-07
PREVALENCE,test-normal-01,TEST,1030,10.3,0,0.05982561967695384,False,0,,3.114368547032265e-07
PREVALENCE,test-normal-01,TEST,1040,10.4,0,0.05982561967695384,False,0,,3.114368547032265e-07
PREVALENCE,test-normal-01,TEST,1050,10.5,0,0.05982561967695384,False,0,,3.114368547032265e-07
PREVALENCE,test-normal-01,TEST,1060,10.6,0,0.05982561967695384,False,0,,3.114368547032265e-07
PREVALENCE,test-normal-01,TEST,1070,10.700000000000001,0,0.05982561967695384,False,0,,3.114368547032265e-07
PREVALENCE,test-normal-01,TEST,1080,10.8,0,0.05982561967695384,False,0,,3.114368547032265e-07
PREVALENCE,test-normal-01,TEST,1090,10.9,0,0.05982561967695384,False,0,,3.114368547032265e-07
PREVALENCE,test-normal-01,TEST,1100,11.0,0,0.05982561967695384,False,0,,3.114368547032265e-07
PREVALENCE,test-normal-01,TEST,1110,11.1,0,0.05982561967695384,False,0,,3.114368547032265e-07
PREVALENCE,test-normal-01,TEST,1120,11.200000000000001,0,0.05982561967695384,False,0,,3.114368547032265e-07
PREVALENCE,test-normal-01,TEST,1130,11.3,0,0.05982561967695384,False,0,,3.114368547032265e-07
PREVALENCE,test-normal-01,TEST,1140,11.4,0,0.05982561967695384,False,0,,3.114368547032265e-07
PREVALENCE,test-normal-01,TEST,1150,11.5,0,0.05982561967695384,False,0,,3.114368547032265e-07
PREVALENCE,test-normal-01,TEST,1160,11.6,0,0.05982561967695384,False,0,,3.114368547032265e-07
PREVALENCE,test-normal-01,TEST,1170,11.700000000000001,0,0.05982561967695384,False,0,,3.114368547032265e-07
PREVALENCE,test-normal-01,TEST,1180,11.8,0,0.05982561967695384,False,0,,3.114368547032265e-07
PREVALENCE,test-normal-01,TEST,1190,11.9,0,0.05982561967695384,False,0,,3.114368547032265e-07
PREVALENCE,test-normal-01,TEST,1200,12.0,0,0.05982561967695384,False,0,,3.114368547032265e-07
PREVALENCE,test-normal-01,TEST,1210,12.1,0,0.05982561967695384,False,0,,3.114368547032265e-07
PREVALENCE,test-normal-01,TEST,1220,12.200000000000001,0,0.05982561967695384,False,0,,3.114368547032265e-07
PREVALENCE,test-normal-01,TEST,1230,12.3,0,0.05982561967695384,False,0,,3.114368547032265e-07
PREVALENCE,test-normal-01,TEST,1240,12.4,0,0.05982561967695384,False,0,,3.114368547032265e-07
PREVALENCE,test-normal-01,TEST,1250,12.5,0,0.05982561967695384,False,0,,3.114368547032265e-07
PREVALENCE,test-normal-01,TEST,1260,12.6,0,0.05982561967695384,False,0,,3.114368547032265e-07
PREVALENCE,test-normal-01,TEST,1270,12.700000000000001,0,0.05982561967695384,False,0,,3.114368547032265e-07
PREVALENCE,test-normal-01,TEST,1280,12.8,0,0.05982561967695384,False,0,,3.114368547032265e-07
PREVALENCE,test-normal-01,TEST,1290,12.9,0,0.05982561967695384,False,0,,3.114368547032265e-07
PREVALENCE,test-normal-01,TEST,1300,13.0,0,0.05982561967695384,False,0,,3.114368547032265e-07
PREVALENCE,test-normal-02,TEST,430,4.3,0,0.05982561967695384,False,0,,3.114368547032265e-07
PREVALENCE,test-normal-02,TEST,440,4.4,0,0.05982561967695384,False,0,,3.114368547032265e-07
PREVALENCE,test-normal-02,TEST,450,4.5,0,0.05982561967695384,False,0,,3.114368547032265e-07
PREVALENCE,test-normal-02,TEST,460,4.6000000000000005,0,0.05982561967695384,False,0,,3.114368547032265e-07
PREVALENCE,test-normal-02,TEST,470,4.7,0,0.05982561967695384,False,0,,3.114368547032265e-07
PREVALENCE,test-normal-02,TEST,480,4.8,0,0.05982561967695384,False,0,,3.114368547032265e-07
PREVALENCE,test-normal-02,TEST,490,4.9,0,0.05982561967695384,False,0,,3.114368547032265e-07
PREVALENCE,test-normal-02,TEST,500,5.0,0,0.05982561967695384,False,0,,3.114368547032265e-07
PREVALENCE,test-normal-02,TEST,510,5.1000000000000005,0,0.05982561967695384,False,0,,3.114368547032265e-07
PREVALENCE,test-normal-02,TEST,520,5.2,0,0.05982561967695384,False,0,,3.114368547032265e-07
PREVALENCE,test-normal-02,TEST,530,5.3,0,0.05982561967695384,False,0,,3.114368547032265e-07
PREVALENCE,test-normal-02,TEST,540,5.4,0,0.05982561967695384,False,0,,3.114368547032265e-07
PREVALENCE,test-normal-02,TEST,550,5.5,0,0.05982561967695384,False,0,,3.114368547032265e-07
PREVALENCE,test-normal-02,TEST,560,5.6000000000000005,0,0.05982561967695384,False,0,,3.114368547032265e-07
PREVALENCE,test-normal-02,TEST,570,5.7,0,0.05982561967695384,False,0,,3.114368547032265e-07
PREVALENCE,test-normal-02,TEST,580,5.8,0,0.05982561967695384,False,0,,3.114368547032265e-07
PREVALENCE,test-normal-02,TEST,590,5.9,0,0.05982561967695384,False,0,,3.114368547032265e-07
PREVALENCE,test-normal-02,TEST,600,6.0,0,0.05982561967695384,False,0,,3.114368547032265e-07
PREVALENCE,test-normal-02,TEST,610,6.1000000000000005,0,0.05982561967695384,False,0,,3.114368547032265e-07
PREVALENCE,test-normal-02,TEST,620,6.2,0,0.05982561967695384,False,0,,3.114368547032265e-07
PREVALENCE,test-normal-02,TEST,630,6.3,0,0.05982561967695384,False,0,,3.114368547032265e-07
PREVALENCE,test-normal-02,TEST,640,6.4,0,0.05982561967695384,False,0,,3.114368547032265e-07
PREVALENCE,test-normal-02,TEST,650,6.5,0,0.05982561967695384,False,0,,3.114368547032265e-07
PREVALENCE,test-normal-02,TEST,660,6.6000000000000005,0,0.05982561967695384,False,0,,3.114368547032265e-07
PREVALENCE,test-normal-02,TEST,670,6.7,0,0.05982561967695384,False,0,,3.114368547032265e-07
PREVALENCE,test-normal-02,TEST,680,6.8,0,0.05982561967695384,False,0,,3.114368547032265e-07
PREVALENCE,test-normal-02,TEST,690,6.9,0,0.05982561967695384,False,0,,3.114368547032265e-07
PREVALENCE,test-normal-02,TEST,700,7.0,0,0.05982561967695384,False,0,,3.114368547032265e-07
PREVALENCE,test-normal-02,TEST,710,7.1000000000000005,0,0.05982561967695384,False,0,,3.114368547032265e-07
PREVALENCE,test-normal-02,TEST,720,7.2,0,0.05982561967695384,False,0,,3.114368547032265e-07
PREVALENCE,test-normal-02,TEST,730,7.3,0,0.05982561967695384,False,0,,3.114368547032265e-07
PREVALENCE,test-normal-02,TEST,740,7.4,0,0.05982561967695384,False,0,,3.114368547032265e-07
PREVALENCE,test-normal-02,TEST,750,7.5,0,0.05982561967695384,False,0,,3.114368547032265e-07
PREVALENCE,test-normal-02,TEST,760,7.6000000000000005,0,0.05982561967695384,False,0,,3.114368547032265e-07
PREVALENCE,test-normal-02,TEST,770,7.7,0,0.05982561967695384,False,0,,3.114368547032265e-07
PREVALENCE,test-normal-02,TEST,780,7.8,0,0.05982561967695384,False,0,,3.114368547032265e-07
PREVALENCE,test-normal-02,TEST,790,7.9,0,0.05982561967695384,False,0,,3.114368547032265e-07
PREVALENCE,test-normal-02,TEST,800,8.0,0,0.05982561967695384,False,0,,3.114368547032265e-07
PREVALENCE,test-normal-02,TEST,810,8.1,0,0.05982561967695384,False,0,,3.114368547032265e-07
PREVALENCE,test-normal-02,TEST,820,8.2,0,0.05982561967695384,False,0,,3.114368547032265e-07
PREVALENCE,test-normal-02,TEST,830,8.3,0,0.05982561967695384,False,0,,3.114368547032265e-07
PREVALENCE,test-normal-02,TEST,840,8.4,0,0.05982561967695384,False,0,,3.114368547032265e-07
PREVALENCE,test-normal-02,TEST,850,8.5,0,0.05982561967695384,False,0,,3.114368547032265e-07
PREVALENCE,test-normal-02,TEST,860,8.6,0,0.05982561967695384,False,0,,3.114368547032265e-07
PREVALENCE,test-normal-02,TEST,870,8.700000000000001,0,0.05982561967695384,False,0,,3.114368547032265e-07
PREVALENCE,test-normal-02,TEST,880,8.8,0,0.05982561967695384,False,0,,3.114368547032265e-07
PREVALENCE,test-normal-02,TEST,890,8.9,0,0.05982561967695384,False,0,,3.114368547032265e-07
PREVALENCE,test-normal-02,TEST,900,9.0,0,0.05982561967695384,False,0,,3.114368547032265e-07
PREVALENCE,test-normal-02,TEST,910,9.1,0,0.05982561967695384,False,0,,3.114368547032265e-07
PREVALENCE,test-normal-02,TEST,920,9.200000000000001,0,0.05982561967695384,False,0,,3.114368547032265e-07
PREVALENCE,test-normal-02,TEST,930,9.3,0,0.05982561967695384,False,0,,3.114368547032265e-07
PREVALENCE,test-normal-02,TEST,940,9.4,0,0.05982561967695384,False,0,,3.114368547032265e-07
PREVALENCE,test-normal-02,TEST,950,9.5,0,0.05982561967695384,False,0,,3.114368547032265e-07
PREVALENCE,test-normal-02,TEST,960,9.6,0,0.05982561967695384,False,0,,3.114368547032265e-07
PREVALENCE,test-normal-02,TEST,970,9.700000000000001,0,0.05982561967695384,False,0,,3.114368547032265e-07
PREVALENCE,test-normal-02,TEST,980,9.8,0,0.05982561967695384,False,0,,3.114368547032265e-07
PREVALENCE,test-normal-02,TEST,990,9.9,0,0.05982561967695384,False,0,,3.114368547032265e-07
PREVALENCE,test-normal-02,TEST,1000,10.0,0,0.05982561967695384,False,0,,3.114368547032265e-07
PREVALENCE,test-normal-02,TEST,1010,10.1,0,0.05982561967695384,False,0,,3.114368547032265e-07
PREVALENCE,test-normal-02,TEST,1020,10.200000000000001,0,0.05982561967695384,False,0,,3.114368547032265e-07
PREVALENCE,test-normal-02,TEST,1030,10.3,0,0.05982561967695384,False,0,,3.114368547032265e-07
PREVALENCE,test-normal-02,TEST,1040,10.4,0,0.05982561967695384,False,0,,3.114368547032265e-07
PREVALENCE,test-normal-02,TEST,1050,10.5,0,0.05982561967695384,False,0,,3.114368547032265e-07
PREVALENCE,test-normal-02,TEST,1060,10.6,0,0.05982561967695384,False,0,,3.114368547032265e-07
PREVALENCE,test-normal-02,TEST,1070,10.700000000000001,0,0.05982561967695384,False,0,,3.114368547032265e-07
PREVALENCE,test-normal-02,TEST,1080,10.8,0,0.05982561967695384,False,0,,3.114368547032265e-07
PREVALENCE,test-normal-02,TEST,1090,10.9,0,0.05982561967695384,False,0,,3.114368547032265e-07
PREVALENCE,test-normal-02,TEST,1100,11.0,0,0.05982561967695384,False,0,,3.114368547032265e-07
PREVALENCE,test-normal-02,TEST,1110,11.1,0,0.05982561967695384,False,0,,3.114368547032265e-07
PREVALENCE,test-normal-02,TEST,1120,11.200000000000001,0,0.05982561967695384,False,0,,3.114368547032265e-07
PREVALENCE,test-normal-02,TEST,1130,11.3,0,0.05982561967695384,False,0,,3.114368547032265e-07
PREVALENCE,test-normal-02,TEST,1140,11.4,0,0.05982561967695384,False,0,,3.114368547032265e-07
PREVALENCE,test-normal-02,TEST,1150,11.5,0,0.05982561967695384,False,0,,3.114368547032265e-07
PREVALENCE,test-normal-02,TEST,1160,11.6,0,0.05982561967695384,False,0,,3.114368547032265e-07
PREVALENCE,test-normal-02,TEST,1170,11.700000000000001,0,0.05982561967695384,False,0,,3.114368547032265e-07
PREVALENCE,test-normal-02,TEST,1180,11.8,0,0.05982561967695384,False,0,,3.114368547032265e-07
PREVALENCE,test-normal-02,TEST,1190,11.9,0,0.05982561967695384,False,0,,3.114368547032265e-07
PREVALENCE,test-normal-02,TEST,1200,12.0,0,0.05982561967695384,False,0,,3.114368547032265e-07
PREVALENCE,test-normal-02,TEST,1210,12.1,0,0.05982561967695384,False,0,,3.114368547032265e-07
PREVALENCE,test-normal-02,TEST,1220,12.200000000000001,0,0.05982561967695384,False,0,,3.114368547032265e-07
PREVALENCE,test-normal-02,TEST,1230,12.3,0,0.05982561967695384,False,0,,3.114368547032265e-07
PREVALENCE,test-normal-02,TEST,1240,12.4,0,0.05982561967695384,False,0,,3.114368547032265e-07
PREVALENCE,test-normal-02,TEST,1250,12.5,0,0.05982561967695384,False,0,,3.114368547032265e-07
PREVALENCE,test-normal-02,TEST,1260,12.6,0,0.05982561967695384,False,0,,3.114368547032265e-07
PREVALENCE,test-normal-02,TEST,1270,12.700000000000001,0,0.05982561967695384,False,0,,3.114368547032265e-07
PREVALENCE,test-normal-02,TEST,1280,12.8,0,0.05982561967695384,False,0,,3.114368547032265e-07
PREVALENCE,test-normal-02,TEST,1290,12.9,0,0.05982561967695384,False,0,,3.114368547032265e-07
PREVALENCE,test-normal-02,TEST,1300,13.0,0,0.05982561967695384,False,0,,3.114368547032265e-07
PREVALENCE,test-normal-03,TEST,430,4.3,0,0.05982561967695384,False,0,,3.114368547032265e-07
PREVALENCE,test-normal-03,TEST,440,4.4,0,0.05982561967695384,False,0,,3.114368547032265e-07
PREVALENCE,test-normal-03,TEST,450,4.5,0,0.05982561967695384,False,0,,3.114368547032265e-07
PREVALENCE,test-normal-03,TEST,460,4.6000000000000005,0,0.05982561967695384,False,0,,3.114368547032265e-07
PREVALENCE,test-normal-03,TEST,470,4.7,0,0.05982561967695384,False,0,,3.114368547032265e-07
PREVALENCE,test-normal-03,TEST,480,4.8,0,0.05982561967695384,False,0,,3.114368547032265e-07
PREVALENCE,test-normal-03,TEST,490,4.9,0,0.05982561967695384,False,0,,3.114368547032265e-07
PREVALENCE,test-normal-03,TEST,500,5.0,0,0.05982561967695384,False,0,,3.114368547032265e-07
PREVALENCE,test-normal-03,TEST,510,5.1000000000000005,0,0.05982561967695384,False,0,,3.114368547032265e-07
PREVALENCE,test-normal-03,TEST,520,5.2,0,0.05982561967695384,False,0,,3.114368547032265e-07
PREVALENCE,test-normal-03,TEST,530,5.3,0,0.05982561967695384,False,0,,3.114368547032265e-07
PREVALENCE,test-normal-03,TEST,540,5.4,0,0.05982561967695384,False,0,,3.114368547032265e-07
PREVALENCE,test-normal-03,TEST,550,5.5,0,0.05982561967695384,False,0,,3.114368547032265e-07
PREVALENCE,test-normal-03,TEST,560,5.6000000000000005,0,0.05982561967695384,False,0,,3.114368547032265e-07
PREVALENCE,test-normal-03,TEST,570,5.7,0,0.05982561967695384,False,0,,3.114368547032265e-07
PREVALENCE,test-normal-03,TEST,580,5.8,0,0.05982561967695384,False,0,,3.114368547032265e-07
PREVALENCE,test-normal-03,TEST,590,5.9,0,0.05982561967695384,False,0,,3.114368547032265e-07
PREVALENCE,test-normal-03,TEST,600,6.0,0,0.05982561967695384,False,0,,3.114368547032265e-07
PREVALENCE,test-normal-03,TEST,610,6.1000000000000005,0,0.05982561967695384,False,0,,3.114368547032265e-07
PREVALENCE,test-normal-03,TEST,620,6.2,0,0.05982561967695384,False,0,,3.114368547032265e-07
PREVALENCE,test-normal-03,TEST,630,6.3,0,0.05982561967695384,False,0,,3.114368547032265e-07
PREVALENCE,test-normal-03,TEST,640,6.4,0,0.05982561967695384,False,0,,3.114368547032265e-07
PREVALENCE,test-normal-03,TEST,650,6.5,0,0.05982561967695384,False,0,,3.114368547032265e-07
PREVALENCE,test-normal-03,TEST,660,6.6000000000000005,0,0.05982561967695384,False,0,,3.114368547032265e-07
PREVALENCE,test-normal-03,TEST,670,6.7,0,0.05982561967695384,False,0,,3.114368547032265e-07
PREVALENCE,test-normal-03,TEST,680,6.8,0,0.05982561967695384,False,0,,3.114368547032265e-07
PREVALENCE,test-normal-03,TEST,690,6.9,0,0.05982561967695384,False,0,,3.114368547032265e-07
PREVALENCE,test-normal-03,TEST,700,7.0,0,0.05982561967695384,False,0,,3.114368547032265e-07
PREVALENCE,test-normal-03,TEST,710,7.1000000000000005,0,0.05982561967695384,False,0,,3.114368547032265e-07
PREVALENCE,test-normal-03,TEST,720,7.2,0,0.05982561967695384,False,0,,3.114368547032265e-07
PREVALENCE,test-normal-03,TEST,730,7.3,0,0.05982561967695384,False,0,,3.114368547032265e-07
PREVALENCE,test-normal-03,TEST,740,7.4,0,0.05982561967695384,False,0,,3.114368547032265e-07
PREVALENCE,test-normal-03,TEST,750,7.5,0,0.05982561967695384,False,0,,3.114368547032265e-07
PREVALENCE,test-normal-03,TEST,760,7.6000000000000005,0,0.05982561967695384,False,0,,3.114368547032265e-07
PREVALENCE,test-normal-03,TEST,770,7.7,0,0.05982561967695384,False,0,,3.114368547032265e-07
PREVALENCE,test-normal-03,TEST,780,7.8,0,0.05982561967695384,False,0,,3.114368547032265e-07
PREVALENCE,test-normal-03,TEST,790,7.9,0,0.05982561967695384,False,0,,3.114368547032265e-07
PREVALENCE,test-normal-03,TEST,800,8.0,0,0.05982561967695384,False,0,,3.114368547032265e-07
PREVALENCE,test-normal-03,TEST,810,8.1,0,0.05982561967695384,False,0,,3.114368547032265e-07
PREVALENCE,test-normal-03,TEST,820,8.2,0,0.05982561967695384,False,0,,3.114368547032265e-07
PREVALENCE,test-normal-03,TEST,830,8.3,0,0.05982561967695384,False,0,,3.114368547032265e-07
PREVALENCE,test-normal-03,TEST,840,8.4,0,0.05982561967695384,False,0,,3.114368547032265e-07
PREVALENCE,test-normal-03,TEST,850,8.5,0,0.05982561967695384,False,0,,3.114368547032265e-07
PREVALENCE,test-normal-03,TEST,860,8.6,0,0.05982561967695384,False,0,,3.114368547032265e-07
PREVALENCE,test-normal-03,TEST,870,8.700000000000001,0,0.05982561967695384,False,0,,3.114368547032265e-07
PREVALENCE,test-normal-03,TEST,880,8.8,0,0.05982561967695384,False,0,,3.114368547032265e-07
PREVALENCE,test-normal-03,TEST,890,8.9,0,0.05982561967695384,False,0,,3.114368547032265e-07
PREVALENCE,test-normal-03,TEST,900,9.0,0,0.05982561967695384,False,0,,3.114368547032265e-07
PREVALENCE,test-normal-03,TEST,910,9.1,0,0.05982561967695384,False,0,,3.114368547032265e-07
PREVALENCE,test-normal-03,TEST,920,9.200000000000001,0,0.05982561967695384,False,0,,3.114368547032265e-07
PREVALENCE,test-normal-03,TEST,930,9.3,0,0.05982561967695384,False,0,,3.114368547032265e-07
PREVALENCE,test-normal-03,TEST,940,9.4,0,0.05982561967695384,False,0,,3.114368547032265e-07
PREVALENCE,test-normal-03,TEST,950,9.5,0,0.05982561967695384,False,0,,3.114368547032265e-07
PREVALENCE,test-normal-03,TEST,960,9.6,0,0.05982561967695384,False,0,,3.114368547032265e-07
PREVALENCE,test-normal-03,TEST,970,9.700000000000001,0,0.05982561967695384,False,0,,3.114368547032265e-07
PREVALENCE,test-normal-03,TEST,980,9.8,0,0.05982561967695384,False,0,,3.114368547032265e-07
PREVALENCE,test-normal-03,TEST,990,9.9,0,0.05982561967695384,False,0,,3.114368547032265e-07
PREVALENCE,test-normal-03,TEST,1000,10.0,0,0.05982561967695384,False,0,,3.114368547032265e-07
PREVALENCE,test-normal-03,TEST,1010,10.1,0,0.05982561967695384,False,0,,3.114368547032265e-07
PREVALENCE,test-normal-03,TEST,1020,10.200000000000001,0,0.05982561967695384,False,0,,3.114368547032265e-07
PREVALENCE,test-normal-03,TEST,1030,10.3,0,0.05982561967695384,False,0,,3.114368547032265e-07
PREVALENCE,test-normal-03,TEST,1040,10.4,0,0.05982561967695384,False,0,,3.114368547032265e-07
PREVALENCE,test-normal-03,TEST,1050,10.5,0,0.05982561967695384,False,0,,3.114368547032265e-07
PREVALENCE,test-normal-03,TEST,1060,10.6,0,0.05982561967695384,False,0,,3.114368547032265e-07
PREVALENCE,test-normal-03,TEST,1070,10.700000000000001,0,0.05982561967695384,False,0,,3.114368547032265e-07
PREVALENCE,test-normal-03,TEST,1080,10.8,0,0.05982561967695384,False,0,,3.114368547032265e-07
PREVALENCE,test-normal-03,TEST,1090,10.9,0,0.05982561967695384,False,0,,3.114368547032265e-07
PREVALENCE,test-normal-03,TEST,1100,11.0,0,0.05982561967695384,False,0,,3.114368547032265e-07
PREVALENCE,test-normal-03,TEST,1110,11.1,0,0.05982561967695384,False,0,,3.114368547032265e-07
PREVALENCE,test-normal-03,TEST,1120,11.200000000000001,0,0.05982561967695384,False,0,,3.114368547032265e-07
PREVALENCE,test-normal-03,TEST,1130,11.3,0,0.05982561967695384,False,0,,3.114368547032265e-07
PREVALENCE,test-normal-03,TEST,1140,11.4,0,0.05982561967695384,False,0,,3.114368547032265e-07
PREVALENCE,test-normal-03,TEST,1150,11.5,0,0.05982561967695384,False,0,,3.114368547032265e-07
PREVALENCE,test-normal-03,TEST,1160,11.6,0,0.05982561967695384,False,0,,3.114368547032265e-07
PREVALENCE,test-normal-03,TEST,1170,11.700000000000001,0,0.05982561967695384,False,0,,3.114368547032265e-07
PREVALENCE,test-normal-03,TEST,1180,11.8,0,0.05982561967695384,False,0,,3.114368547032265e-07
PREVALENCE,test-normal-03,TEST,1190,11.9,0,0.05982561967695384,False,0,,3.114368547032265e-07
PREVALENCE,test-normal-03,TEST,1200,12.0,0,0.05982561967695384,False,0,,3.114368547032265e-07
PREVALENCE,test-normal-03,TEST,1210,12.1,0,0.05982561967695384,False,0,,3.114368547032265e-07
PREVALENCE,test-normal-03,TEST,1220,12.200000000000001,0,0.05982561967695384,False,0,,3.114368547032265e-07
PREVALENCE,test-normal-03,TEST,1230,12.3,0,0.05982561967695384,False,0,,3.114368547032265e-07
PREVALENCE,test-normal-03,TEST,1240,12.4,0,0.05982561967695384,False,0,,3.114368547032265e-07
PREVALENCE,test-normal-03,TEST,1250,12.5,0,0.05982561967695384,False,0,,3.114368547032265e-07
PREVALENCE,test-normal-03,TEST,1260,12.6,0,0.05982561967695384,False,0,,3.114368547032265e-07
PREVALENCE,test-normal-03,TEST,1270,12.700000000000001,0,0.05982561967695384,False,0,,3.114368547032265e-07
PREVALENCE,test-normal-03,TEST,1280,12.8,0,0.05982561967695384,False,0,,3.114368547032265e-07
PREVALENCE,test-normal-03,TEST,1290,12.9,0,0.05982561967695384,False,0,,3.114368547032265e-07
PREVALENCE,test-normal-03,TEST,1300,13.0,0,0.05982561967695384,False,0,,3.114368547032265e-07
PREVALENCE,test-healthy_sag-00,TEST,430,4.3,0,0.05982561967695384,False,0,,3.114368547032265e-07
PREVALENCE,test-healthy_sag-00,TEST,440,4.4,0,0.05982561967695384,False,0,,3.114368547032265e-07
PREVALENCE,test-healthy_sag-00,TEST,450,4.5,0,0.05982561967695384,False,0,,3.114368547032265e-07
PREVALENCE,test-healthy_sag-00,TEST,460,4.6000000000000005,0,0.05982561967695384,False,0,,3.114368547032265e-07
PREVALENCE,test-healthy_sag-00,TEST,470,4.7,0,0.05982561967695384,False,0,,3.114368547032265e-07
PREVALENCE,test-healthy_sag-00,TEST,480,4.8,0,0.05982561967695384,False,0,,3.114368547032265e-07
PREVALENCE,test-healthy_sag-00,TEST,490,4.9,0,0.05982561967695384,False,0,,3.114368547032265e-07
PREVALENCE,test-healthy_sag-00,TEST,500,5.0,0,0.05982561967695384,False,0,,3.114368547032265e-07
PREVALENCE,test-healthy_sag-00,TEST,510,5.1000000000000005,0,0.05982561967695384,False,0,,3.114368547032265e-07
PREVALENCE,test-healthy_sag-00,TEST,520,5.2,0,0.05982561967695384,False,0,,3.114368547032265e-07
PREVALENCE,test-healthy_sag-00,TEST,530,5.3,0,0.05982561967695384,False,0,,3.114368547032265e-07
PREVALENCE,test-healthy_sag-00,TEST,540,5.4,0,0.05982561967695384,False,0,,3.114368547032265e-07
PREVALENCE,test-healthy_sag-00,TEST,550,5.5,0,0.05982561967695384,False,0,,3.114368547032265e-07
PREVALENCE,test-healthy_sag-00,TEST,560,5.6000000000000005,0,0.05982561967695384,False,0,,3.114368547032265e-07
PREVALENCE,test-healthy_sag-00,TEST,570,5.7,0,0.05982561967695384,False,0,,3.114368547032265e-07
PREVALENCE,test-healthy_sag-00,TEST,580,5.8,0,0.05982561967695384,False,0,,3.114368547032265e-07
PREVALENCE,test-healthy_sag-00,TEST,590,5.9,0,0.05982561967695384,False,0,,3.114368547032265e-07
PREVALENCE,test-healthy_sag-00,TEST,600,6.0,0,0.05982561967695384,False,0,,3.114368547032265e-07
PREVALENCE,test-healthy_sag-00,TEST,610,6.1000000000000005,0,0.05982561967695384,False,0,,3.114368547032265e-07
PREVALENCE,test-healthy_sag-00,TEST,620,6.2,0,0.05982561967695384,False,0,,3.114368547032265e-07
PREVALENCE,test-healthy_sag-00,TEST,630,6.3,0,0.05982561967695384,False,0,,3.114368547032265e-07
PREVALENCE,test-healthy_sag-00,TEST,640,6.4,0,0.05982561967695384,False,0,,3.114368547032265e-07
PREVALENCE,test-healthy_sag-00,TEST,650,6.5,0,0.05982561967695384,False,0,,3.114368547032265e-07
PREVALENCE,test-healthy_sag-00,TEST,660,6.6000000000000005,0,0.05982561967695384,False,0,,3.114368547032265e-07
PREVALENCE,test-healthy_sag-00,TEST,670,6.7,0,0.05982561967695384,False,0,,3.114368547032265e-07
PREVALENCE,test-healthy_sag-00,TEST,680,6.8,0,0.05982561967695384,False,0,,3.114368547032265e-07
PREVALENCE,test-healthy_sag-00,TEST,690,6.9,0,0.05982561967695384,False,0,,3.114368547032265e-07
PREVALENCE,test-healthy_sag-00,TEST,700,7.0,0,0.05982561967695384,False,0,,3.114368547032265e-07
PREVALENCE,test-healthy_sag-00,TEST,710,7.1000000000000005,0,0.05982561967695384,False,0,,3.114368547032265e-07
PREVALENCE,test-healthy_sag-00,TEST,720,7.2,0,0.05982561967695384,False,0,,3.114368547032265e-07
PREVALENCE,test-healthy_sag-00,TEST,730,7.3,0,0.05982561967695384,False,0,,3.114368547032265e-07
PREVALENCE,test-healthy_sag-00,TEST,740,7.4,0,0.05982561967695384,False,0,,3.114368547032265e-07
PREVALENCE,test-healthy_sag-00,TEST,750,7.5,0,0.05982561967695384,False,0,,3.114368547032265e-07
PREVALENCE,test-healthy_sag-00,TEST,760,7.6000000000000005,0,0.05982561967695384,False,0,,3.114368547032265e-07
PREVALENCE,test-healthy_sag-00,TEST,770,7.7,0,0.05982561967695384,False,0,,3.114368547032265e-07
PREVALENCE,test-healthy_sag-00,TEST,780,7.8,0,0.05982561967695384,False,0,,3.114368547032265e-07
PREVALENCE,test-healthy_sag-00,TEST,790,7.9,0,0.05982561967695384,False,0,,3.114368547032265e-07
PREVALENCE,test-healthy_sag-00,TEST,800,8.0,0,0.05982561967695384,False,0,,3.114368547032265e-07
PREVALENCE,test-healthy_sag-00,TEST,810,8.1,0,0.05982561967695384,False,0,,3.114368547032265e-07
PREVALENCE,test-healthy_sag-00,TEST,820,8.2,0,0.05982561967695384,False,0,,3.114368547032265e-07
PREVALENCE,test-healthy_sag-00,TEST,830,8.3,0,0.05982561967695384,False,0,,3.114368547032265e-07
PREVALENCE,test-healthy_sag-00,TEST,840,8.4,0,0.05982561967695384,False,0,,3.114368547032265e-07
PREVALENCE,test-healthy_sag-00,TEST,850,8.5,0,0.05982561967695384,False,0,,3.114368547032265e-07
PREVALENCE,test-healthy_sag-00,TEST,860,8.6,0,0.05982561967695384,False,0,,3.114368547032265e-07
PREVALENCE,test-healthy_sag-00,TEST,870,8.700000000000001,0,0.05982561967695384,False,0,,3.114368547032265e-07
PREVALENCE,test-healthy_sag-00,TEST,880,8.8,0,0.05982561967695384,False,0,,3.114368547032265e-07
PREVALENCE,test-healthy_sag-00,TEST,890,8.9,0,0.05982561967695384,False,0,,3.114368547032265e-07
PREVALENCE,test-healthy_sag-00,TEST,900,9.0,0,0.05982561967695384,False,0,,3.114368547032265e-07
PREVALENCE,test-healthy_sag-00,TEST,910,9.1,0,0.05982561967695384,False,0,,3.114368547032265e-07
PREVALENCE,test-healthy_sag-00,TEST,920,9.200000000000001,0,0.05982561967695384,False,0,,3.114368547032265e-07
PREVALENCE,test-healthy_sag-00,TEST,930,9.3,0,0.05982561967695384,False,0,,3.114368547032265e-07
PREVALENCE,test-healthy_sag-00,TEST,940,9.4,0,0.05982561967695384,False,0,,3.114368547032265e-07
PREVALENCE,test-healthy_sag-00,TEST,950,9.5,0,0.05982561967695384,False,0,,3.114368547032265e-07
PREVALENCE,test-healthy_sag-00,TEST,960,9.6,0,0.05982561967695384,False,0,,3.114368547032265e-07
PREVALENCE,test-healthy_sag-00,TEST,970,9.700000000000001,0,0.05982561967695384,False,0,,3.114368547032265e-07
PREVALENCE,test-healthy_sag-00,TEST,980,9.8,0,0.05982561967695384,False,0,,3.114368547032265e-07
PREVALENCE,test-healthy_sag-00,TEST,990,9.9,0,0.05982561967695384,False,0,,3.114368547032265e-07
PREVALENCE,test-healthy_sag-00,TEST,1000,10.0,0,0.05982561967695384,False,0,,3.114368547032265e-07
PREVALENCE,test-healthy_sag-00,TEST,1010,10.1,0,0.05982561967695384,False,0,,3.114368547032265e-07
PREVALENCE,test-healthy_sag-00,TEST,1020,10.200000000000001,0,0.05982561967695384,False,0,,3.114368547032265e-07
PREVALENCE,test-healthy_sag-00,TEST,1030,10.3,0,0.05982561967695384,False,0,,3.114368547032265e-07
PREVALENCE,test-healthy_sag-00,TEST,1040,10.4,0,0.05982561967695384,False,0,,3.114368547032265e-07
PREVALENCE,test-healthy_sag-00,TEST,1050,10.5,0,0.05982561967695384,False,0,,3.114368547032265e-07
PREVALENCE,test-healthy_sag-00,TEST,1060,10.6,0,0.05982561967695384,False,0,,3.114368547032265e-07
PREVALENCE,test-healthy_sag-00,TEST,1070,10.700000000000001,0,0.05982561967695384,False,0,,3.114368547032265e-07
PREVALENCE,test-healthy_sag-00,TEST,1080,10.8,0,0.05982561967695384,False,0,,3.114368547032265e-07
PREVALENCE,test-healthy_sag-00,TEST,1090,10.9,0,0.05982561967695384,False,0,,3.114368547032265e-07
PREVALENCE,test-healthy_sag-00,TEST,1100,11.0,0,0.05982561967695384,False,0,,3.114368547032265e-07
PREVALENCE,test-healthy_sag-00,TEST,1110,11.1,0,0.05982561967695384,False,0,,3.114368547032265e-07
PREVALENCE,test-healthy_sag-00,TEST,1120,11.200000000000001,0,0.05982561967695384,False,0,,3.114368547032265e-07
PREVALENCE,test-healthy_sag-00,TEST,1130,11.3,0,0.05982561967695384,False,0,,3.114368547032265e-07
PREVALENCE,test-healthy_sag-00,TEST,1140,11.4,0,0.05982561967695384,False,0,,3.114368547032265e-07
PREVALENCE,test-healthy_sag-00,TEST,1150,11.5,0,0.05982561967695384,False,0,,3.114368547032265e-07
PREVALENCE,test-healthy_sag-00,TEST,1160,11.6,0,0.05982561967695384,False,0,,3.114368547032265e-07
PREVALENCE,test-healthy_sag-00,TEST,1170,11.700000000000001,0,0.05982561967695384,False,0,,3.114368547032265e-07
PREVALENCE,test-healthy_sag-00,TEST,1180,11.8,0,0.05982561967695384,False,0,,3.114368547032265e-07
PREVALENCE,test-healthy_sag-00,TEST,1190,11.9,0,0.05982561967695384,False,0,,3.114368547032265e-07
PREVALENCE,test-healthy_sag-00,TEST,1200,12.0,0,0.05982561967695384,False,0,,3.114368547032265e-07
PREVALENCE,test-healthy_sag-00,TEST,1210,12.1,0,0.05982561967695384,False,0,,3.114368547032265e-07
PREVALENCE,test-healthy_sag-00,TEST,1220,12.200000000000001,0,0.05982561967695384,False,0,,3.114368547032265e-07
PREVALENCE,test-healthy_sag-00,TEST,1230,12.3,0,0.05982561967695384,False,0,,3.114368547032265e-07
PREVALENCE,test-healthy_sag-00,TEST,1240,12.4,0,0.05982561967695384,False,0,,3.114368547032265e-07
PREVALENCE,test-healthy_sag-00,TEST,1250,12.5,0,0.05982561967695384,False,0,,3.114368547032265e-07
PREVALENCE,test-healthy_sag-00,TEST,1260,12.6,0,0.05982561967695384,False,0,,3.114368547032265e-07
PREVALENCE,test-healthy_sag-00,TEST,1270,12.700000000000001,0,0.05982561967695384,False,0,,3.114368547032265e-07
PREVALENCE,test-healthy_sag-00,TEST,1280,12.8,0,0.05982561967695384,False,0,,3.114368547032265e-07
PREVALENCE,test-healthy_sag-00,TEST,1290,12.9,0,0.05982561967695384,False,0,,3.114368547032265e-07
PREVALENCE,test-healthy_sag-00,TEST,1300,13.0,0,0.05982561967695384,False,0,,3.114368547032265e-07
PREVALENCE,test-healthy_sag-01,TEST,430,4.3,0,0.05982561967695384,False,0,,3.114368547032265e-07
PREVALENCE,test-healthy_sag-01,TEST,440,4.4,0,0.05982561967695384,False,0,,3.114368547032265e-07
PREVALENCE,test-healthy_sag-01,TEST,450,4.5,0,0.05982561967695384,False,0,,3.114368547032265e-07
PREVALENCE,test-healthy_sag-01,TEST,460,4.6000000000000005,0,0.05982561967695384,False,0,,3.114368547032265e-07
PREVALENCE,test-healthy_sag-01,TEST,470,4.7,0,0.05982561967695384,False,0,,3.114368547032265e-07
PREVALENCE,test-healthy_sag-01,TEST,480,4.8,0,0.05982561967695384,False,0,,3.114368547032265e-07
PREVALENCE,test-healthy_sag-01,TEST,490,4.9,0,0.05982561967695384,False,0,,3.114368547032265e-07
PREVALENCE,test-healthy_sag-01,TEST,500,5.0,0,0.05982561967695384,False,0,,3.114368547032265e-07
PREVALENCE,test-healthy_sag-01,TEST,510,5.1000000000000005,0,0.05982561967695384,False,0,,3.114368547032265e-07
PREVALENCE,test-healthy_sag-01,TEST,520,5.2,0,0.05982561967695384,False,0,,3.114368547032265e-07
PREVALENCE,test-healthy_sag-01,TEST,530,5.3,0,0.05982561967695384,False,0,,3.114368547032265e-07
PREVALENCE,test-healthy_sag-01,TEST,540,5.4,0,0.05982561967695384,False,0,,3.114368547032265e-07
PREVALENCE,test-healthy_sag-01,TEST,550,5.5,0,0.05982561967695384,False,0,,3.114368547032265e-07
PREVALENCE,test-healthy_sag-01,TEST,560,5.6000000000000005,0,0.05982561967695384,False,0,,3.114368547032265e-07
PREVALENCE,test-healthy_sag-01,TEST,570,5.7,0,0.05982561967695384,False,0,,3.114368547032265e-07
PREVALENCE,test-healthy_sag-01,TEST,580,5.8,0,0.05982561967695384,False,0,,3.114368547032265e-07
PREVALENCE,test-healthy_sag-01,TEST,590,5.9,0,0.05982561967695384,False,0,,3.114368547032265e-07
PREVALENCE,test-healthy_sag-01,TEST,600,6.0,0,0.05982561967695384,False,0,,3.114368547032265e-07
PREVALENCE,test-healthy_sag-01,TEST,610,6.1000000000000005,0,0.05982561967695384,False,0,,3.114368547032265e-07
PREVALENCE,test-healthy_sag-01,TEST,620,6.2,0,0.05982561967695384,False,0,,3.114368547032265e-07
PREVALENCE,test-healthy_sag-01,TEST,630,6.3,0,0.05982561967695384,False,0,,3.114368547032265e-07
PREVALENCE,test-healthy_sag-01,TEST,640,6.4,0,0.05982561967695384,False,0,,3.114368547032265e-07
PREVALENCE,test-healthy_sag-01,TEST,650,6.5,0,0.05982561967695384,False,0,,3.114368547032265e-07
PREVALENCE,test-healthy_sag-01,TEST,660,6.6000000000000005,0,0.05982561967695384,False,0,,3.114368547032265e-07
PREVALENCE,test-healthy_sag-01,TEST,670,6.7,0,0.05982561967695384,False,0,,3.114368547032265e-07
PREVALENCE,test-healthy_sag-01,TEST,680,6.8,0,0.05982561967695384,False,0,,3.114368547032265e-07
PREVALENCE,test-healthy_sag-01,TEST,690,6.9,0,0.05982561967695384,False,0,,3.114368547032265e-07
PREVALENCE,test-healthy_sag-01,TEST,700,7.0,0,0.05982561967695384,False,0,,3.114368547032265e-07
PREVALENCE,test-healthy_sag-01,TEST,710,7.1000000000000005,0,0.05982561967695384,False,0,,3.114368547032265e-07
PREVALENCE,test-healthy_sag-01,TEST,720,7.2,0,0.05982561967695384,False,0,,3.114368547032265e-07
PREVALENCE,test-healthy_sag-01,TEST,730,7.3,0,0.05982561967695384,False,0,,3.114368547032265e-07
PREVALENCE,test-healthy_sag-01,TEST,740,7.4,0,0.05982561967695384,False,0,,3.114368547032265e-07
PREVALENCE,test-healthy_sag-01,TEST,750,7.5,0,0.05982561967695384,False,0,,3.114368547032265e-07
PREVALENCE,test-healthy_sag-01,TEST,760,7.6000000000000005,0,0.05982561967695384,False,0,,3.114368547032265e-07
PREVALENCE,test-healthy_sag-01,TEST,770,7.7,0,0.05982561967695384,False,0,,3.114368547032265e-07
PREVALENCE,test-healthy_sag-01,TEST,780,7.8,0,0.05982561967695384,False,0,,3.114368547032265e-07
PREVALENCE,test-healthy_sag-01,TEST,790,7.9,0,0.05982561967695384,False,0,,3.114368547032265e-07
PREVALENCE,test-healthy_sag-01,TEST,800,8.0,0,0.05982561967695384,False,0,,3.114368547032265e-07
PREVALENCE,test-healthy_sag-01,TEST,810,8.1,0,0.05982561967695384,False,0,,3.114368547032265e-07
PREVALENCE,test-healthy_sag-01,TEST,820,8.2,0,0.05982561967695384,False,0,,3.114368547032265e-07
PREVALENCE,test-healthy_sag-01,TEST,830,8.3,0,0.05982561967695384,False,0,,3.114368547032265e-07
PREVALENCE,test-healthy_sag-01,TEST,840,8.4,0,0.05982561967695384,False,0,,3.114368547032265e-07
PREVALENCE,test-healthy_sag-01,TEST,850,8.5,0,0.05982561967695384,False,0,,3.114368547032265e-07
PREVALENCE,test-healthy_sag-01,TEST,860,8.6,0,0.05982561967695384,False,0,,3.114368547032265e-07
PREVALENCE,test-healthy_sag-01,TEST,870,8.700000000000001,0,0.05982561967695384,False,0,,3.114368547032265e-07
PREVALENCE,test-healthy_sag-01,TEST,880,8.8,0,0.05982561967695384,False,0,,3.114368547032265e-07
PREVALENCE,test-healthy_sag-01,TEST,890,8.9,0,0.05982561967695384,False,0,,3.114368547032265e-07
PREVALENCE,test-healthy_sag-01,TEST,900,9.0,0,0.05982561967695384,False,0,,3.114368547032265e-07
PREVALENCE,test-healthy_sag-01,TEST,910,9.1,0,0.05982561967695384,False,0,,3.114368547032265e-07
PREVALENCE,test-healthy_sag-01,TEST,920,9.200000000000001,0,0.05982561967695384,False,0,,3.114368547032265e-07
PREVALENCE,test-healthy_sag-01,TEST,930,9.3,0,0.05982561967695384,False,0,,3.114368547032265e-07
PREVALENCE,test-healthy_sag-01,TEST,940,9.4,0,0.05982561967695384,False,0,,3.114368547032265e-07
PREVALENCE,test-healthy_sag-01,TEST,950,9.5,0,0.05982561967695384,False,0,,3.114368547032265e-07
PREVALENCE,test-healthy_sag-01,TEST,960,9.6,0,0.05982561967695384,False,0,,3.114368547032265e-07
PREVALENCE,test-healthy_sag-01,TEST,970,9.700000000000001,0,0.05982561967695384,False,0,,3.114368547032265e-07
PREVALENCE,test-healthy_sag-01,TEST,980,9.8,0,0.05982561967695384,False,0,,3.114368547032265e-07
PREVALENCE,test-healthy_sag-01,TEST,990,9.9,0,0.05982561967695384,False,0,,3.114368547032265e-07
PREVALENCE,test-healthy_sag-01,TEST,1000,10.0,0,0.05982561967695384,False,0,,3.114368547032265e-07
PREVALENCE,test-healthy_sag-01,TEST,1010,10.1,0,0.05982561967695384,False,0,,3.114368547032265e-07
PREVALENCE,test-healthy_sag-01,TEST,1020,10.200000000000001,0,0.05982561967695384,False,0,,3.114368547032265e-07
PREVALENCE,test-healthy_sag-01,TEST,1030,10.3,0,0.05982561967695384,False,0,,3.114368547032265e-07
PREVALENCE,test-healthy_sag-01,TEST,1040,10.4,0,0.05982561967695384,False,0,,3.114368547032265e-07
PREVALENCE,test-healthy_sag-01,TEST,1050,10.5,0,0.05982561967695384,False,0,,3.114368547032265e-07
PREVALENCE,test-healthy_sag-01,TEST,1060,10.6,0,0.05982561967695384,False,0,,3.114368547032265e-07
PREVALENCE,test-healthy_sag-01,TEST,1070,10.700000000000001,0,0.05982561967695384,False,0,,3.114368547032265e-07
PREVALENCE,test-healthy_sag-01,TEST,1080,10.8,0,0.05982561967695384,False,0,,3.114368547032265e-07
PREVALENCE,test-healthy_sag-01,TEST,1090,10.9,0,0.05982561967695384,False,0,,3.114368547032265e-07
PREVALENCE,test-healthy_sag-01,TEST,1100,11.0,0,0.05982561967695384,False,0,,3.114368547032265e-07
PREVALENCE,test-healthy_sag-01,TEST,1110,11.1,0,0.05982561967695384,False,0,,3.114368547032265e-07
PREVALENCE,test-healthy_sag-01,TEST,1120,11.200000000000001,0,0.05982561967695384,False,0,,3.114368547032265e-07
PREVALENCE,test-healthy_sag-01,TEST,1130,11.3,0,0.05982561967695384,False,0,,3.114368547032265e-07
PREVALENCE,test-healthy_sag-01,TEST,1140,11.4,0,0.05982561967695384,False,0,,3.114368547032265e-07
PREVALENCE,test-healthy_sag-01,TEST,1150,11.5,0,0.05982561967695384,False,0,,3.114368547032265e-07
PREVALENCE,test-healthy_sag-01,TEST,1160,11.6,0,0.05982561967695384,False,0,,3.114368547032265e-07
PREVALENCE,test-healthy_sag-01,TEST,1170,11.700000000000001,0,0.05982561967695384,False,0,,3.114368547032265e-07
PREVALENCE,test-healthy_sag-01,TEST,1180,11.8,0,0.05982561967695384,False,0,,3.114368547032265e-07
PREVALENCE,test-healthy_sag-01,TEST,1190,11.9,0,0.05982561967695384,False,0,,3.114368547032265e-07
PREVALENCE,test-healthy_sag-01,TEST,1200,12.0,0,0.05982561967695384,False,0,,3.114368547032265e-07
PREVALENCE,test-healthy_sag-01,TEST,1210,12.1,0,0.05982561967695384,False,0,,3.114368547032265e-07
PREVALENCE,test-healthy_sag-01,TEST,1220,12.200000000000001,0,0.05982561967695384,False,0,,3.114368547032265e-07
PREVALENCE,test-healthy_sag-01,TEST,1230,12.3,0,0.05982561967695384,False,0,,3.114368547032265e-07
PREVALENCE,test-healthy_sag-01,TEST,1240,12.4,0,0.05982561967695384,False,0,,3.114368547032265e-07
PREVALENCE,test-healthy_sag-01,TEST,1250,12.5,0,0.05982561967695384,False,0,,3.114368547032265e-07
PREVALENCE,test-healthy_sag-01,TEST,1260,12.6,0,0.05982561967695384,False,0,,3.114368547032265e-07
PREVALENCE,test-healthy_sag-01,TEST,1270,12.700000000000001,0,0.05982561967695384,False,0,,3.114368547032265e-07
PREVALENCE,test-healthy_sag-01,TEST,1280,12.8,0,0.05982561967695384,False,0,,3.114368547032265e-07
PREVALENCE,test-healthy_sag-01,TEST,1290,12.9,0,0.05982561967695384,False,0,,3.114368547032265e-07
PREVALENCE,test-healthy_sag-01,TEST,1300,13.0,0,0.05982561967695384,False,0,,3.114368547032265e-07
PREVALENCE,test-healthy_sag-02,TEST,430,4.3,0,0.05982561967695384,False,0,,3.114368547032265e-07
PREVALENCE,test-healthy_sag-02,TEST,440,4.4,0,0.05982561967695384,False,0,,3.114368547032265e-07
PREVALENCE,test-healthy_sag-02,TEST,450,4.5,0,0.05982561967695384,False,0,,3.114368547032265e-07
PREVALENCE,test-healthy_sag-02,TEST,460,4.6000000000000005,0,0.05982561967695384,False,0,,3.114368547032265e-07
PREVALENCE,test-healthy_sag-02,TEST,470,4.7,0,0.05982561967695384,False,0,,3.114368547032265e-07
PREVALENCE,test-healthy_sag-02,TEST,480,4.8,0,0.05982561967695384,False,0,,3.114368547032265e-07
PREVALENCE,test-healthy_sag-02,TEST,490,4.9,0,0.05982561967695384,False,0,,3.114368547032265e-07
PREVALENCE,test-healthy_sag-02,TEST,500,5.0,0,0.05982561967695384,False,0,,3.114368547032265e-07
PREVALENCE,test-healthy_sag-02,TEST,510,5.1000000000000005,0,0.05982561967695384,False,0,,3.114368547032265e-07
PREVALENCE,test-healthy_sag-02,TEST,520,5.2,0,0.05982561967695384,False,0,,3.114368547032265e-07
PREVALENCE,test-healthy_sag-02,TEST,530,5.3,0,0.05982561967695384,False,0,,3.114368547032265e-07
PREVALENCE,test-healthy_sag-02,TEST,540,5.4,0,0.05982561967695384,False,0,,3.114368547032265e-07
PREVALENCE,test-healthy_sag-02,TEST,550,5.5,0,0.05982561967695384,False,0,,3.114368547032265e-07
PREVALENCE,test-healthy_sag-02,TEST,560,5.6000000000000005,0,0.05982561967695384,False,0,,3.114368547032265e-07
PREVALENCE,test-healthy_sag-02,TEST,570,5.7,0,0.05982561967695384,False,0,,3.114368547032265e-07
PREVALENCE,test-healthy_sag-02,TEST,580,5.8,0,0.05982561967695384,False,0,,3.114368547032265e-07
PREVALENCE,test-healthy_sag-02,TEST,590,5.9,0,0.05982561967695384,False,0,,3.114368547032265e-07
PREVALENCE,test-healthy_sag-02,TEST,600,6.0,0,0.05982561967695384,False,0,,3.114368547032265e-07
PREVALENCE,test-healthy_sag-02,TEST,610,6.1000000000000005,0,0.05982561967695384,False,0,,3.114368547032265e-07
PREVALENCE,test-healthy_sag-02,TEST,620,6.2,0,0.05982561967695384,False,0,,3.114368547032265e-07
PREVALENCE,test-healthy_sag-02,TEST,630,6.3,0,0.05982561967695384,False,0,,3.114368547032265e-07
PREVALENCE,test-healthy_sag-02,TEST,640,6.4,0,0.05982561967695384,False,0,,3.114368547032265e-07
PREVALENCE,test-healthy_sag-02,TEST,650,6.5,0,0.05982561967695384,False,0,,3.114368547032265e-07
PREVALENCE,test-healthy_sag-02,TEST,660,6.6000000000000005,0,0.05982561967695384,False,0,,3.114368547032265e-07
PREVALENCE,test-healthy_sag-02,TEST,670,6.7,0,0.05982561967695384,False,0,,3.114368547032265e-07
PREVALENCE,test-healthy_sag-02,TEST,680,6.8,0,0.05982561967695384,False,0,,3.114368547032265e-07
PREVALENCE,test-healthy_sag-02,TEST,690,6.9,0,0.05982561967695384,False,0,,3.114368547032265e-07
PREVALENCE,test-healthy_sag-02,TEST,700,7.0,0,0.05982561967695384,False,0,,3.114368547032265e-07
PREVALENCE,test-healthy_sag-02,TEST,710,7.1000000000000005,0,0.05982561967695384,False,0,,3.114368547032265e-07
PREVALENCE,test-healthy_sag-02,TEST,720,7.2,0,0.05982561967695384,False,0,,3.114368547032265e-07
PREVALENCE,test-healthy_sag-02,TEST,730,7.3,0,0.05982561967695384,False,0,,3.114368547032265e-07
PREVALENCE,test-healthy_sag-02,TEST,740,7.4,0,0.05982561967695384,False,0,,3.114368547032265e-07
PREVALENCE,test-healthy_sag-02,TEST,750,7.5,0,0.05982561967695384,False,0,,3.114368547032265e-07
PREVALENCE,test-healthy_sag-02,TEST,760,7.6000000000000005,0,0.05982561967695384,False,0,,3.114368547032265e-07
PREVALENCE,test-healthy_sag-02,TEST,770,7.7,0,0.05982561967695384,False,0,,3.114368547032265e-07
PREVALENCE,test-healthy_sag-02,TEST,780,7.8,0,0.05982561967695384,False,0,,3.114368547032265e-07
PREVALENCE,test-healthy_sag-02,TEST,790,7.9,0,0.05982561967695384,False,0,,3.114368547032265e-07
PREVALENCE,test-healthy_sag-02,TEST,800,8.0,0,0.05982561967695384,False,0,,3.114368547032265e-07
PREVALENCE,test-healthy_sag-02,TEST,810,8.1,0,0.05982561967695384,False,0,,3.114368547032265e-07
PREVALENCE,test-healthy_sag-02,TEST,820,8.2,0,0.05982561967695384,False,0,,3.114368547032265e-07
PREVALENCE,test-healthy_sag-02,TEST,830,8.3,0,0.05982561967695384,False,0,,3.114368547032265e-07
PREVALENCE,test-healthy_sag-02,TEST,840,8.4,0,0.05982561967695384,False,0,,3.114368547032265e-07
PREVALENCE,test-healthy_sag-02,TEST,850,8.5,0,0.05982561967695384,False,0,,3.114368547032265e-07
PREVALENCE,test-healthy_sag-02,TEST,860,8.6,0,0.05982561967695384,False,0,,3.114368547032265e-07
PREVALENCE,test-healthy_sag-02,TEST,870,8.700000000000001,0,0.05982561967695384,False,0,,3.114368547032265e-07
PREVALENCE,test-healthy_sag-02,TEST,880,8.8,0,0.05982561967695384,False,0,,3.114368547032265e-07
PREVALENCE,test-healthy_sag-02,TEST,890,8.9,0,0.05982561967695384,False,0,,3.114368547032265e-07
PREVALENCE,test-healthy_sag-02,TEST,900,9.0,0,0.05982561967695384,False,0,,3.114368547032265e-07
PREVALENCE,test-healthy_sag-02,TEST,910,9.1,0,0.05982561967695384,False,0,,3.114368547032265e-07
PREVALENCE,test-healthy_sag-02,TEST,920,9.200000000000001,0,0.05982561967695384,False,0,,3.114368547032265e-07
PREVALENCE,test-healthy_sag-02,TEST,930,9.3,0,0.05982561967695384,False,0,,3.114368547032265e-07
PREVALENCE,test-healthy_sag-02,TEST,940,9.4,0,0.05982561967695384,False,0,,3.114368547032265e-07
PREVALENCE,test-healthy_sag-02,TEST,950,9.5,0,0.05982561967695384,False,0,,3.114368547032265e-07
PREVALENCE,test-healthy_sag-02,TEST,960,9.6,0,0.05982561967695384,False,0,,3.114368547032265e-07
PREVALENCE,test-healthy_sag-02,TEST,970,9.700000000000001,0,0.05982561967695384,False,0,,3.114368547032265e-07
PREVALENCE,test-healthy_sag-02,TEST,980,9.8,0,0.05982561967695384,False,0,,3.114368547032265e-07
PREVALENCE,test-healthy_sag-02,TEST,990,9.9,0,0.05982561967695384,False,0,,3.114368547032265e-07
PREVALENCE,test-healthy_sag-02,TEST,1000,10.0,0,0.05982561967695384,False,0,,3.114368547032265e-07
PREVALENCE,test-healthy_sag-02,TEST,1010,10.1,0,0.05982561967695384,False,0,,3.114368547032265e-07
PREVALENCE,test-healthy_sag-02,TEST,1020,10.200000000000001,0,0.05982561967695384,False,0,,3.114368547032265e-07
PREVALENCE,test-healthy_sag-02,TEST,1030,10.3,0,0.05982561967695384,False,0,,3.114368547032265e-07
PREVALENCE,test-healthy_sag-02,TEST,1040,10.4,0,0.05982561967695384,False,0,,3.114368547032265e-07
PREVALENCE,test-healthy_sag-02,TEST,1050,10.5,0,0.05982561967695384,False,0,,3.114368547032265e-07
PREVALENCE,test-healthy_sag-02,TEST,1060,10.6,0,0.05982561967695384,False,0,,3.114368547032265e-07
PREVALENCE,test-healthy_sag-02,TEST,1070,10.700000000000001,0,0.05982561967695384,False,0,,3.114368547032265e-07
PREVALENCE,test-healthy_sag-02,TEST,1080,10.8,0,0.05982561967695384,False,0,,3.114368547032265e-07
PREVALENCE,test-healthy_sag-02,TEST,1090,10.9,0,0.05982561967695384,False,0,,3.114368547032265e-07
PREVALENCE,test-healthy_sag-02,TEST,1100,11.0,0,0.05982561967695384,False,0,,3.114368547032265e-07
PREVALENCE,test-healthy_sag-02,TEST,1110,11.1,0,0.05982561967695384,False,0,,3.114368547032265e-07
PREVALENCE,test-healthy_sag-02,TEST,1120,11.200000000000001,0,0.05982561967695384,False,0,,3.114368547032265e-07
PREVALENCE,test-healthy_sag-02,TEST,1130,11.3,0,0.05982561967695384,False,0,,3.114368547032265e-07
PREVALENCE,test-healthy_sag-02,TEST,1140,11.4,0,0.05982561967695384,False,0,,3.114368547032265e-07
PREVALENCE,test-healthy_sag-02,TEST,1150,11.5,0,0.05982561967695384,False,0,,3.114368547032265e-07
PREVALENCE,test-healthy_sag-02,TEST,1160,11.6,0,0.05982561967695384,False,0,,3.114368547032265e-07
PREVALENCE,test-healthy_sag-02,TEST,1170,11.700000000000001,0,0.05982561967695384,False,0,,3.114368547032265e-07
PREVALENCE,test-healthy_sag-02,TEST,1180,11.8,0,0.05982561967695384,False,0,,3.114368547032265e-07
PREVALENCE,test-healthy_sag-02,TEST,1190,11.9,0,0.05982561967695384,False,0,,3.114368547032265e-07
PREVALENCE,test-healthy_sag-02,TEST,1200,12.0,0,0.05982561967695384,False,0,,3.114368547032265e-07
PREVALENCE,test-healthy_sag-02,TEST,1210,12.1,0,0.05982561967695384,False,0,,3.114368547032265e-07
PREVALENCE,test-healthy_sag-02,TEST,1220,12.200000000000001,0,0.05982561967695384,False,0,,3.114368547032265e-07
PREVALENCE,test-healthy_sag-02,TEST,1230,12.3,0,0.05982561967695384,False,0,,3.114368547032265e-07
PREVALENCE,test-healthy_sag-02,TEST,1240,12.4,0,0.05982561967695384,False,0,,3.114368547032265e-07
PREVALENCE,test-healthy_sag-02,TEST,1250,12.5,0,0.05982561967695384,False,0,,3.114368547032265e-07
PREVALENCE,test-healthy_sag-02,TEST,1260,12.6,0,0.05982561967695384,False,0,,3.114368547032265e-07
PREVALENCE,test-healthy_sag-02,TEST,1270,12.700000000000001,0,0.05982561967695384,False,0,,3.114368547032265e-07
PREVALENCE,test-healthy_sag-02,TEST,1280,12.8,0,0.05982561967695384,False,0,,3.114368547032265e-07
PREVALENCE,test-healthy_sag-02,TEST,1290,12.9,0,0.05982561967695384,False,0,,3.114368547032265e-07
PREVALENCE,test-healthy_sag-02,TEST,1300,13.0,0,0.05982561967695384,False,0,,3.114368547032265e-07
PREVALENCE,test-healthy_sag-03,TEST,430,4.3,0,0.05982561967695384,False,0,,3.114368547032265e-07
PREVALENCE,test-healthy_sag-03,TEST,440,4.4,0,0.05982561967695384,False,0,,3.114368547032265e-07
PREVALENCE,test-healthy_sag-03,TEST,450,4.5,0,0.05982561967695384,False,0,,3.114368547032265e-07
PREVALENCE,test-healthy_sag-03,TEST,460,4.6000000000000005,0,0.05982561967695384,False,0,,3.114368547032265e-07
PREVALENCE,test-healthy_sag-03,TEST,470,4.7,0,0.05982561967695384,False,0,,3.114368547032265e-07
PREVALENCE,test-healthy_sag-03,TEST,480,4.8,0,0.05982561967695384,False,0,,3.114368547032265e-07
PREVALENCE,test-healthy_sag-03,TEST,490,4.9,0,0.05982561967695384,False,0,,3.114368547032265e-07
PREVALENCE,test-healthy_sag-03,TEST,500,5.0,0,0.05982561967695384,False,0,,3.114368547032265e-07
PREVALENCE,test-healthy_sag-03,TEST,510,5.1000000000000005,0,0.05982561967695384,False,0,,3.114368547032265e-07
PREVALENCE,test-healthy_sag-03,TEST,520,5.2,0,0.05982561967695384,False,0,,3.114368547032265e-07
PREVALENCE,test-healthy_sag-03,TEST,530,5.3,0,0.05982561967695384,False,0,,3.114368547032265e-07
PREVALENCE,test-healthy_sag-03,TEST,540,5.4,0,0.05982561967695384,False,0,,3.114368547032265e-07
PREVALENCE,test-healthy_sag-03,TEST,550,5.5,0,0.05982561967695384,False,0,,3.114368547032265e-07
PREVALENCE,test-healthy_sag-03,TEST,560,5.6000000000000005,0,0.05982561967695384,False,0,,3.114368547032265e-07
PREVALENCE,test-healthy_sag-03,TEST,570,5.7,0,0.05982561967695384,False,0,,3.114368547032265e-07
PREVALENCE,test-healthy_sag-03,TEST,580,5.8,0,0.05982561967695384,False,0,,3.114368547032265e-07
PREVALENCE,test-healthy_sag-03,TEST,590,5.9,0,0.05982561967695384,False,0,,3.114368547032265e-07
PREVALENCE,test-healthy_sag-03,TEST,600,6.0,0,0.05982561967695384,False,0,,3.114368547032265e-07
PREVALENCE,test-healthy_sag-03,TEST,610,6.1000000000000005,0,0.05982561967695384,False,0,,3.114368547032265e-07
PREVALENCE,test-healthy_sag-03,TEST,620,6.2,0,0.05982561967695384,False,0,,3.114368547032265e-07
PREVALENCE,test-healthy_sag-03,TEST,630,6.3,0,0.05982561967695384,False,0,,3.114368547032265e-07
PREVALENCE,test-healthy_sag-03,TEST,640,6.4,0,0.05982561967695384,False,0,,3.114368547032265e-07
PREVALENCE,test-healthy_sag-03,TEST,650,6.5,0,0.05982561967695384,False,0,,3.114368547032265e-07
PREVALENCE,test-healthy_sag-03,TEST,660,6.6000000000000005,0,0.05982561967695384,False,0,,3.114368547032265e-07
PREVALENCE,test-healthy_sag-03,TEST,670,6.7,0,0.05982561967695384,False,0,,3.114368547032265e-07
PREVALENCE,test-healthy_sag-03,TEST,680,6.8,0,0.05982561967695384,False,0,,3.114368547032265e-07
PREVALENCE,test-healthy_sag-03,TEST,690,6.9,0,0.05982561967695384,False,0,,3.114368547032265e-07
PREVALENCE,test-healthy_sag-03,TEST,700,7.0,0,0.05982561967695384,False,0,,3.114368547032265e-07
PREVALENCE,test-healthy_sag-03,TEST,710,7.1000000000000005,0,0.05982561967695384,False,0,,3.114368547032265e-07
PREVALENCE,test-healthy_sag-03,TEST,720,7.2,0,0.05982561967695384,False,0,,3.114368547032265e-07
PREVALENCE,test-healthy_sag-03,TEST,730,7.3,0,0.05982561967695384,False,0,,3.114368547032265e-07
PREVALENCE,test-healthy_sag-03,TEST,740,7.4,0,0.05982561967695384,False,0,,3.114368547032265e-07
PREVALENCE,test-healthy_sag-03,TEST,750,7.5,0,0.05982561967695384,False,0,,3.114368547032265e-07
PREVALENCE,test-healthy_sag-03,TEST,760,7.6000000000000005,0,0.05982561967695384,False,0,,3.114368547032265e-07
PREVALENCE,test-healthy_sag-03,TEST,770,7.7,0,0.05982561967695384,False,0,,3.114368547032265e-07
PREVALENCE,test-healthy_sag-03,TEST,780,7.8,0,0.05982561967695384,False,0,,3.114368547032265e-07
PREVALENCE,test-healthy_sag-03,TEST,790,7.9,0,0.05982561967695384,False,0,,3.114368547032265e-07
PREVALENCE,test-healthy_sag-03,TEST,800,8.0,0,0.05982561967695384,False,0,,3.114368547032265e-07
PREVALENCE,test-healthy_sag-03,TEST,810,8.1,0,0.05982561967695384,False,0,,3.114368547032265e-07
PREVALENCE,test-healthy_sag-03,TEST,820,8.2,0,0.05982561967695384,False,0,,3.114368547032265e-07
PREVALENCE,test-healthy_sag-03,TEST,830,8.3,0,0.05982561967695384,False,0,,3.114368547032265e-07
PREVALENCE,test-healthy_sag-03,TEST,840,8.4,0,0.05982561967695384,False,0,,3.114368547032265e-07
PREVALENCE,test-healthy_sag-03,TEST,850,8.5,0,0.05982561967695384,False,0,,3.114368547032265e-07
PREVALENCE,test-healthy_sag-03,TEST,860,8.6,0,0.05982561967695384,False,0,,3.114368547032265e-07
PREVALENCE,test-healthy_sag-03,TEST,870,8.700000000000001,0,0.05982561967695384,False,0,,3.114368547032265e-07
PREVALENCE,test-healthy_sag-03,TEST,880,8.8,0,0.05982561967695384,False,0,,3.114368547032265e-07
PREVALENCE,test-healthy_sag-03,TEST,890,8.9,0,0.05982561967695384,False,0,,3.114368547032265e-07
PREVALENCE,test-healthy_sag-03,TEST,900,9.0,0,0.05982561967695384,False,0,,3.114368547032265e-07
PREVALENCE,test-healthy_sag-03,TEST,910,9.1,0,0.05982561967695384,False,0,,3.114368547032265e-07
PREVALENCE,test-healthy_sag-03,TEST,920,9.200000000000001,0,0.05982561967695384,False,0,,3.114368547032265e-07
PREVALENCE,test-healthy_sag-03,TEST,930,9.3,0,0.05982561967695384,False,0,,3.114368547032265e-07
PREVALENCE,test-healthy_sag-03,TEST,940,9.4,0,0.05982561967695384,False,0,,3.114368547032265e-07
PREVALENCE,test-healthy_sag-03,TEST,950,9.5,0,0.05982561967695384,False,0,,3.114368547032265e-07
PREVALENCE,test-healthy_sag-03,TEST,960,9.6,0,0.05982561967695384,False,0,,3.114368547032265e-07
PREVALENCE,test-healthy_sag-03,TEST,970,9.700000000000001,0,0.05982561967695384,False,0,,3.114368547032265e-07
PREVALENCE,test-healthy_sag-03,TEST,980,9.8,0,0.05982561967695384,False,0,,3.114368547032265e-07
PREVALENCE,test-healthy_sag-03,TEST,990,9.9,0,0.05982561967695384,False,0,,3.114368547032265e-07
PREVALENCE,test-healthy_sag-03,TEST,1000,10.0,0,0.05982561967695384,False,0,,3.114368547032265e-07
PREVALENCE,test-healthy_sag-03,TEST,1010,10.1,0,0.05982561967695384,False,0,,3.114368547032265e-07
PREVALENCE,test-healthy_sag-03,TEST,1020,10.200000000000001,0,0.05982561967695384,False,0,,3.114368547032265e-07
PREVALENCE,test-healthy_sag-03,TEST,1030,10.3,0,0.05982561967695384,False,0,,3.114368547032265e-07
PREVALENCE,test-healthy_sag-03,TEST,1040,10.4,0,0.05982561967695384,False,0,,3.114368547032265e-07
PREVALENCE,test-healthy_sag-03,TEST,1050,10.5,0,0.05982561967695384,False,0,,3.114368547032265e-07
PREVALENCE,test-healthy_sag-03,TEST,1060,10.6,0,0.05982561967695384,False,0,,3.114368547032265e-07
PREVALENCE,test-healthy_sag-03,TEST,1070,10.700000000000001,0,0.05982561967695384,False,0,,3.114368547032265e-07
PREVALENCE,test-healthy_sag-03,TEST,1080,10.8,0,0.05982561967695384,False,0,,3.114368547032265e-07
PREVALENCE,test-healthy_sag-03,TEST,1090,10.9,0,0.05982561967695384,False,0,,3.114368547032265e-07
PREVALENCE,test-healthy_sag-03,TEST,1100,11.0,0,0.05982561967695384,False,0,,3.114368547032265e-07
PREVALENCE,test-healthy_sag-03,TEST,1110,11.1,0,0.05982561967695384,False,0,,3.114368547032265e-07
PREVALENCE,test-healthy_sag-03,TEST,1120,11.200000000000001,0,0.05982561967695384,False,0,,3.114368547032265e-07
PREVALENCE,test-healthy_sag-03,TEST,1130,11.3,0,0.05982561967695384,False,0,,3.114368547032265e-07
PREVALENCE,test-healthy_sag-03,TEST,1140,11.4,0,0.05982561967695384,False,0,,3.114368547032265e-07
PREVALENCE,test-healthy_sag-03,TEST,1150,11.5,0,0.05982561967695384,False,0,,3.114368547032265e-07
PREVALENCE,test-healthy_sag-03,TEST,1160,11.6,0,0.05982561967695384,False,0,,3.114368547032265e-07
PREVALENCE,test-healthy_sag-03,TEST,1170,11.700000000000001,0,0.05982561967695384,False,0,,3.114368547032265e-07
PREVALENCE,test-healthy_sag-03,TEST,1180,11.8,0,0.05982561967695384,False,0,,3.114368547032265e-07
PREVALENCE,test-healthy_sag-03,TEST,1190,11.9,0,0.05982561967695384,False,0,,3.114368547032265e-07
PREVALENCE,test-healthy_sag-03,TEST,1200,12.0,0,0.05982561967695384,False,0,,3.114368547032265e-07
PREVALENCE,test-healthy_sag-03,TEST,1210,12.1,0,0.05982561967695384,False,0,,3.114368547032265e-07
PREVALENCE,test-healthy_sag-03,TEST,1220,12.200000000000001,0,0.05982561967695384,False,0,,3.114368547032265e-07
PREVALENCE,test-healthy_sag-03,TEST,1230,12.3,0,0.05982561967695384,False,0,,3.114368547032265e-07
PREVALENCE,test-healthy_sag-03,TEST,1240,12.4,0,0.05982561967695384,False,0,,3.114368547032265e-07
PREVALENCE,test-healthy_sag-03,TEST,1250,12.5,0,0.05982561967695384,False,0,,3.114368547032265e-07
PREVALENCE,test-healthy_sag-03,TEST,1260,12.6,0,0.05982561967695384,False,0,,3.114368547032265e-07
PREVALENCE,test-healthy_sag-03,TEST,1270,12.700000000000001,0,0.05982561967695384,False,0,,3.114368547032265e-07
PREVALENCE,test-healthy_sag-03,TEST,1280,12.8,0,0.05982561967695384,False,0,,3.114368547032265e-07
PREVALENCE,test-healthy_sag-03,TEST,1290,12.9,0,0.05982561967695384,False,0,,3.114368547032265e-07
PREVALENCE,test-healthy_sag-03,TEST,1300,13.0,0,0.05982561967695384,False,0,,3.114368547032265e-07
PREVALENCE,test-grid_interruption-00,TEST,430,4.3,0,0.05982561967695384,False,0,,3.114368547032265e-07
PREVALENCE,test-grid_interruption-00,TEST,440,4.4,0,0.05982561967695384,False,0,,3.114368547032265e-07
PREVALENCE,test-grid_interruption-00,TEST,450,4.5,0,0.05982561967695384,False,0,,3.114368547032265e-07
PREVALENCE,test-grid_interruption-00,TEST,460,4.6000000000000005,0,0.05982561967695384,False,0,,3.114368547032265e-07
PREVALENCE,test-grid_interruption-00,TEST,470,4.7,0,0.05982561967695384,False,0,,3.114368547032265e-07
PREVALENCE,test-grid_interruption-00,TEST,480,4.8,0,0.05982561967695384,False,0,,3.114368547032265e-07
PREVALENCE,test-grid_interruption-00,TEST,490,4.9,0,0.05982561967695384,False,0,,3.114368547032265e-07
PREVALENCE,test-grid_interruption-00,TEST,500,5.0,0,0.05982561967695384,False,0,,3.114368547032265e-07
PREVALENCE,test-grid_interruption-00,TEST,510,5.1000000000000005,0,0.05982561967695384,False,0,,3.114368547032265e-07
PREVALENCE,test-grid_interruption-00,TEST,520,5.2,0,0.05982561967695384,False,0,,3.114368547032265e-07
PREVALENCE,test-grid_interruption-00,TEST,530,5.3,0,0.05982561967695384,False,0,,3.114368547032265e-07
PREVALENCE,test-grid_interruption-00,TEST,540,5.4,0,0.05982561967695384,False,0,,3.114368547032265e-07
PREVALENCE,test-grid_interruption-00,TEST,550,5.5,0,0.05982561967695384,False,0,,3.114368547032265e-07
PREVALENCE,test-grid_interruption-00,TEST,560,5.6000000000000005,0,0.05982561967695384,False,0,,3.114368547032265e-07
PREVALENCE,test-grid_interruption-00,TEST,570,5.7,0,0.05982561967695384,False,0,,3.114368547032265e-07
PREVALENCE,test-grid_interruption-00,TEST,580,5.8,0,0.05982561967695384,False,0,,3.114368547032265e-07
PREVALENCE,test-grid_interruption-00,TEST,590,5.9,0,0.05982561967695384,False,0,,3.114368547032265e-07
PREVALENCE,test-grid_interruption-00,TEST,600,6.0,0,0.05982561967695384,False,0,,3.114368547032265e-07
PREVALENCE,test-grid_interruption-00,TEST,610,6.1000000000000005,0,0.05982561967695384,False,0,,3.114368547032265e-07
PREVALENCE,test-grid_interruption-00,TEST,620,6.2,0,0.05982561967695384,False,0,,3.114368547032265e-07
PREVALENCE,test-grid_interruption-00,TEST,630,6.3,0,0.05982561967695384,False,0,,3.114368547032265e-07
PREVALENCE,test-grid_interruption-00,TEST,640,6.4,0,0.05982561967695384,False,0,,3.114368547032265e-07
PREVALENCE,test-grid_interruption-00,TEST,650,6.5,0,0.05982561967695384,False,0,,3.114368547032265e-07
PREVALENCE,test-grid_interruption-00,TEST,660,6.6000000000000005,0,0.05982561967695384,False,0,,3.114368547032265e-07
PREVALENCE,test-grid_interruption-00,TEST,670,6.7,0,0.05982561967695384,False,0,,3.114368547032265e-07
PREVALENCE,test-grid_interruption-00,TEST,680,6.8,0,0.05982561967695384,False,0,,3.114368547032265e-07
PREVALENCE,test-grid_interruption-00,TEST,690,6.9,0,0.05982561967695384,False,0,,3.114368547032265e-07
PREVALENCE,test-grid_interruption-00,TEST,700,7.0,0,0.05982561967695384,False,0,,3.114368547032265e-07
PREVALENCE,test-grid_interruption-00,TEST,710,7.1000000000000005,0,0.05982561967695384,False,0,,3.114368547032265e-07
PREVALENCE,test-grid_interruption-00,TEST,720,7.2,0,0.05982561967695384,False,0,,3.114368547032265e-07
PREVALENCE,test-grid_interruption-00,TEST,730,7.3,0,0.05982561967695384,False,0,,3.114368547032265e-07
PREVALENCE,test-grid_interruption-00,TEST,740,7.4,0,0.05982561967695384,False,0,,3.114368547032265e-07
PREVALENCE,test-grid_interruption-00,TEST,750,7.5,0,0.05982561967695384,False,0,,3.114368547032265e-07
PREVALENCE,test-grid_interruption-00,TEST,760,7.6000000000000005,0,0.05982561967695384,False,0,,3.114368547032265e-07
PREVALENCE,test-grid_interruption-00,TEST,770,7.7,0,0.05982561967695384,False,0,,3.114368547032265e-07
PREVALENCE,test-grid_interruption-00,TEST,780,7.8,0,0.05982561967695384,False,0,,3.114368547032265e-07
PREVALENCE,test-grid_interruption-00,TEST,790,7.9,0,0.05982561967695384,False,0,,3.114368547032265e-07
PREVALENCE,test-grid_interruption-00,TEST,800,8.0,0,0.05982561967695384,False,0,,3.114368547032265e-07
PREVALENCE,test-grid_interruption-00,TEST,810,8.1,0,0.05982561967695384,False,0,,3.114368547032265e-07
PREVALENCE,test-grid_interruption-00,TEST,820,8.2,0,0.05982561967695384,False,0,,3.114368547032265e-07
PREVALENCE,test-grid_interruption-00,TEST,830,8.3,0,0.05982561967695384,False,0,,3.114368547032265e-07
PREVALENCE,test-grid_interruption-00,TEST,840,8.4,0,0.05982561967695384,False,0,,3.114368547032265e-07
PREVALENCE,test-grid_interruption-00,TEST,850,8.5,0,0.05982561967695384,False,0,,3.114368547032265e-07
PREVALENCE,test-grid_interruption-00,TEST,860,8.6,0,0.05982561967695384,False,0,,3.114368547032265e-07
PREVALENCE,test-grid_interruption-00,TEST,870,8.700000000000001,0,0.05982561967695384,False,0,,3.114368547032265e-07
PREVALENCE,test-grid_interruption-00,TEST,880,8.8,0,0.05982561967695384,False,0,,3.114368547032265e-07
PREVALENCE,test-grid_interruption-00,TEST,890,8.9,0,0.05982561967695384,False,0,,3.114368547032265e-07
PREVALENCE,test-grid_interruption-00,TEST,900,9.0,0,0.05982561967695384,False,0,,3.114368547032265e-07
PREVALENCE,test-grid_interruption-00,TEST,910,9.1,0,0.05982561967695384,False,0,,3.114368547032265e-07
PREVALENCE,test-grid_interruption-00,TEST,920,9.200000000000001,0,0.05982561967695384,False,0,,3.114368547032265e-07
PREVALENCE,test-grid_interruption-00,TEST,930,9.3,0,0.05982561967695384,False,0,,3.114368547032265e-07
PREVALENCE,test-grid_interruption-00,TEST,940,9.4,0,0.05982561967695384,False,0,,3.114368547032265e-07
PREVALENCE,test-grid_interruption-00,TEST,950,9.5,0,0.05982561967695384,False,0,,3.114368547032265e-07
PREVALENCE,test-grid_interruption-00,TEST,960,9.6,0,0.05982561967695384,False,0,,3.114368547032265e-07
PREVALENCE,test-grid_interruption-00,TEST,970,9.700000000000001,0,0.05982561967695384,False,0,,3.114368547032265e-07
PREVALENCE,test-grid_interruption-00,TEST,980,9.8,0,0.05982561967695384,False,0,,3.114368547032265e-07
PREVALENCE,test-grid_interruption-00,TEST,990,9.9,0,0.05982561967695384,False,0,,3.114368547032265e-07
PREVALENCE,test-grid_interruption-00,TEST,1000,10.0,0,0.05982561967695384,False,0,,3.114368547032265e-07
PREVALENCE,test-grid_interruption-00,TEST,1010,10.1,0,0.05982561967695384,False,0,,3.114368547032265e-07
PREVALENCE,test-grid_interruption-00,TEST,1020,10.200000000000001,0,0.05982561967695384,False,0,,3.114368547032265e-07
PREVALENCE,test-grid_interruption-00,TEST,1030,10.3,0,0.05982561967695384,False,0,,3.114368547032265e-07
PREVALENCE,test-grid_interruption-00,TEST,1040,10.4,0,0.05982561967695384,False,0,,3.114368547032265e-07
PREVALENCE,test-grid_interruption-00,TEST,1050,10.5,0,0.05982561967695384,False,0,,3.114368547032265e-07
PREVALENCE,test-grid_interruption-00,TEST,1060,10.6,0,0.05982561967695384,False,0,,3.114368547032265e-07
PREVALENCE,test-grid_interruption-00,TEST,1070,10.700000000000001,0,0.05982561967695384,False,0,,3.114368547032265e-07
PREVALENCE,test-grid_interruption-00,TEST,1080,10.8,0,0.05982561967695384,False,0,,3.114368547032265e-07
PREVALENCE,test-grid_interruption-00,TEST,1090,10.9,0,0.05982561967695384,False,0,,3.114368547032265e-07
PREVALENCE,test-grid_interruption-00,TEST,1100,11.0,0,0.05982561967695384,False,0,,3.114368547032265e-07
PREVALENCE,test-grid_interruption-00,TEST,1110,11.1,0,0.05982561967695384,False,0,,3.114368547032265e-07
PREVALENCE,test-grid_interruption-00,TEST,1120,11.200000000000001,0,0.05982561967695384,False,0,,3.114368547032265e-07
PREVALENCE,test-grid_interruption-00,TEST,1130,11.3,0,0.05982561967695384,False,0,,3.114368547032265e-07
PREVALENCE,test-grid_interruption-00,TEST,1140,11.4,0,0.05982561967695384,False,0,,3.114368547032265e-07
PREVALENCE,test-grid_interruption-00,TEST,1150,11.5,0,0.05982561967695384,False,0,,3.114368547032265e-07
PREVALENCE,test-grid_interruption-00,TEST,1160,11.6,0,0.05982561967695384,False,0,,3.114368547032265e-07
PREVALENCE,test-grid_interruption-00,TEST,1170,11.700000000000001,0,0.05982561967695384,False,0,,3.114368547032265e-07
PREVALENCE,test-grid_interruption-00,TEST,1180,11.8,0,0.05982561967695384,False,0,,3.114368547032265e-07
PREVALENCE,test-grid_interruption-00,TEST,1190,11.9,0,0.05982561967695384,False,0,,3.114368547032265e-07
PREVALENCE,test-grid_interruption-00,TEST,1200,12.0,0,0.05982561967695384,False,0,,3.114368547032265e-07
PREVALENCE,test-grid_interruption-00,TEST,1210,12.1,0,0.05982561967695384,False,0,,3.114368547032265e-07
PREVALENCE,test-grid_interruption-00,TEST,1220,12.200000000000001,0,0.05982561967695384,False,0,,3.114368547032265e-07
PREVALENCE,test-grid_interruption-00,TEST,1230,12.3,0,0.05982561967695384,False,0,,3.114368547032265e-07
PREVALENCE,test-grid_interruption-00,TEST,1240,12.4,0,0.05982561967695384,False,0,,3.114368547032265e-07
PREVALENCE,test-grid_interruption-00,TEST,1250,12.5,0,0.05982561967695384,False,0,,3.114368547032265e-07
PREVALENCE,test-grid_interruption-00,TEST,1260,12.6,0,0.05982561967695384,False,0,,3.114368547032265e-07
PREVALENCE,test-grid_interruption-00,TEST,1270,12.700000000000001,0,0.05982561967695384,False,0,,3.114368547032265e-07
PREVALENCE,test-grid_interruption-00,TEST,1280,12.8,0,0.05982561967695384,False,0,,3.114368547032265e-07
PREVALENCE,test-grid_interruption-00,TEST,1290,12.9,0,0.05982561967695384,False,0,,3.114368547032265e-07
PREVALENCE,test-grid_interruption-00,TEST,1300,13.0,0,0.05982561967695384,False,0,,3.114368547032265e-07
PREVALENCE,test-grid_interruption-01,TEST,430,4.3,0,0.05982561967695384,False,0,,3.114368547032265e-07
PREVALENCE,test-grid_interruption-01,TEST,440,4.4,0,0.05982561967695384,False,0,,3.114368547032265e-07
PREVALENCE,test-grid_interruption-01,TEST,450,4.5,0,0.05982561967695384,False,0,,3.114368547032265e-07
PREVALENCE,test-grid_interruption-01,TEST,460,4.6000000000000005,0,0.05982561967695384,False,0,,3.114368547032265e-07
PREVALENCE,test-grid_interruption-01,TEST,470,4.7,0,0.05982561967695384,False,0,,3.114368547032265e-07
PREVALENCE,test-grid_interruption-01,TEST,480,4.8,0,0.05982561967695384,False,0,,3.114368547032265e-07
PREVALENCE,test-grid_interruption-01,TEST,490,4.9,0,0.05982561967695384,False,0,,3.114368547032265e-07
PREVALENCE,test-grid_interruption-01,TEST,500,5.0,0,0.05982561967695384,False,0,,3.114368547032265e-07
PREVALENCE,test-grid_interruption-01,TEST,510,5.1000000000000005,0,0.05982561967695384,False,0,,3.114368547032265e-07
PREVALENCE,test-grid_interruption-01,TEST,520,5.2,0,0.05982561967695384,False,0,,3.114368547032265e-07
PREVALENCE,test-grid_interruption-01,TEST,530,5.3,0,0.05982561967695384,False,0,,3.114368547032265e-07
PREVALENCE,test-grid_interruption-01,TEST,540,5.4,0,0.05982561967695384,False,0,,3.114368547032265e-07
PREVALENCE,test-grid_interruption-01,TEST,550,5.5,0,0.05982561967695384,False,0,,3.114368547032265e-07
PREVALENCE,test-grid_interruption-01,TEST,560,5.6000000000000005,0,0.05982561967695384,False,0,,3.114368547032265e-07
PREVALENCE,test-grid_interruption-01,TEST,570,5.7,0,0.05982561967695384,False,0,,3.114368547032265e-07
PREVALENCE,test-grid_interruption-01,TEST,580,5.8,0,0.05982561967695384,False,0,,3.114368547032265e-07
PREVALENCE,test-grid_interruption-01,TEST,590,5.9,0,0.05982561967695384,False,0,,3.114368547032265e-07
PREVALENCE,test-grid_interruption-01,TEST,600,6.0,0,0.05982561967695384,False,0,,3.114368547032265e-07
PREVALENCE,test-grid_interruption-01,TEST,610,6.1000000000000005,0,0.05982561967695384,False,0,,3.114368547032265e-07
PREVALENCE,test-grid_interruption-01,TEST,620,6.2,0,0.05982561967695384,False,0,,3.114368547032265e-07
PREVALENCE,test-grid_interruption-01,TEST,630,6.3,0,0.05982561967695384,False,0,,3.114368547032265e-07
PREVALENCE,test-grid_interruption-01,TEST,640,6.4,0,0.05982561967695384,False,0,,3.114368547032265e-07
PREVALENCE,test-grid_interruption-01,TEST,650,6.5,0,0.05982561967695384,False,0,,3.114368547032265e-07
PREVALENCE,test-grid_interruption-01,TEST,660,6.6000000000000005,0,0.05982561967695384,False,0,,3.114368547032265e-07
PREVALENCE,test-grid_interruption-01,TEST,670,6.7,0,0.05982561967695384,False,0,,3.114368547032265e-07
PREVALENCE,test-grid_interruption-01,TEST,680,6.8,0,0.05982561967695384,False,0,,3.114368547032265e-07
PREVALENCE,test-grid_interruption-01,TEST,690,6.9,0,0.05982561967695384,False,0,,3.114368547032265e-07
PREVALENCE,test-grid_interruption-01,TEST,700,7.0,0,0.05982561967695384,False,0,,3.114368547032265e-07
PREVALENCE,test-grid_interruption-01,TEST,710,7.1000000000000005,0,0.05982561967695384,False,0,,3.114368547032265e-07
PREVALENCE,test-grid_interruption-01,TEST,720,7.2,0,0.05982561967695384,False,0,,3.114368547032265e-07
PREVALENCE,test-grid_interruption-01,TEST,730,7.3,0,0.05982561967695384,False,0,,3.114368547032265e-07
PREVALENCE,test-grid_interruption-01,TEST,740,7.4,0,0.05982561967695384,False,0,,3.114368547032265e-07
PREVALENCE,test-grid_interruption-01,TEST,750,7.5,0,0.05982561967695384,False,0,,3.114368547032265e-07
PREVALENCE,test-grid_interruption-01,TEST,760,7.6000000000000005,0,0.05982561967695384,False,0,,3.114368547032265e-07
PREVALENCE,test-grid_interruption-01,TEST,770,7.7,0,0.05982561967695384,False,0,,3.114368547032265e-07
PREVALENCE,test-grid_interruption-01,TEST,780,7.8,0,0.05982561967695384,False,0,,3.114368547032265e-07
PREVALENCE,test-grid_interruption-01,TEST,790,7.9,0,0.05982561967695384,False,0,,3.114368547032265e-07
PREVALENCE,test-grid_interruption-01,TEST,800,8.0,0,0.05982561967695384,False,0,,3.114368547032265e-07
PREVALENCE,test-grid_interruption-01,TEST,810,8.1,0,0.05982561967695384,False,0,,3.114368547032265e-07
PREVALENCE,test-grid_interruption-01,TEST,820,8.2,0,0.05982561967695384,False,0,,3.114368547032265e-07
PREVALENCE,test-grid_interruption-01,TEST,830,8.3,0,0.05982561967695384,False,0,,3.114368547032265e-07
PREVALENCE,test-grid_interruption-01,TEST,840,8.4,0,0.05982561967695384,False,0,,3.114368547032265e-07
PREVALENCE,test-grid_interruption-01,TEST,850,8.5,0,0.05982561967695384,False,0,,3.114368547032265e-07
PREVALENCE,test-grid_interruption-01,TEST,860,8.6,0,0.05982561967695384,False,0,,3.114368547032265e-07
PREVALENCE,test-grid_interruption-01,TEST,870,8.700000000000001,0,0.05982561967695384,False,0,,3.114368547032265e-07
PREVALENCE,test-grid_interruption-01,TEST,880,8.8,0,0.05982561967695384,False,0,,3.114368547032265e-07
PREVALENCE,test-grid_interruption-01,TEST,890,8.9,0,0.05982561967695384,False,0,,3.114368547032265e-07
PREVALENCE,test-grid_interruption-01,TEST,900,9.0,0,0.05982561967695384,False,0,,3.114368547032265e-07
PREVALENCE,test-grid_interruption-01,TEST,910,9.1,0,0.05982561967695384,False,0,,3.114368547032265e-07
PREVALENCE,test-grid_interruption-01,TEST,920,9.200000000000001,0,0.05982561967695384,False,0,,3.114368547032265e-07
PREVALENCE,test-grid_interruption-01,TEST,930,9.3,0,0.05982561967695384,False,0,,3.114368547032265e-07
PREVALENCE,test-grid_interruption-01,TEST,940,9.4,0,0.05982561967695384,False,0,,3.114368547032265e-07
PREVALENCE,test-grid_interruption-01,TEST,950,9.5,0,0.05982561967695384,False,0,,3.114368547032265e-07
PREVALENCE,test-grid_interruption-01,TEST,960,9.6,0,0.05982561967695384,False,0,,3.114368547032265e-07
PREVALENCE,test-grid_interruption-01,TEST,970,9.700000000000001,0,0.05982561967695384,False,0,,3.114368547032265e-07
PREVALENCE,test-grid_interruption-01,TEST,980,9.8,0,0.05982561967695384,False,0,,3.114368547032265e-07
PREVALENCE,test-grid_interruption-01,TEST,990,9.9,0,0.05982561967695384,False,0,,3.114368547032265e-07
PREVALENCE,test-grid_interruption-01,TEST,1000,10.0,0,0.05982561967695384,False,0,,3.114368547032265e-07
PREVALENCE,test-grid_interruption-01,TEST,1010,10.1,0,0.05982561967695384,False,0,,3.114368547032265e-07
PREVALENCE,test-grid_interruption-01,TEST,1020,10.200000000000001,0,0.05982561967695384,False,0,,3.114368547032265e-07
PREVALENCE,test-grid_interruption-01,TEST,1030,10.3,0,0.05982561967695384,False,0,,3.114368547032265e-07
PREVALENCE,test-grid_interruption-01,TEST,1040,10.4,0,0.05982561967695384,False,0,,3.114368547032265e-07
PREVALENCE,test-grid_interruption-01,TEST,1050,10.5,0,0.05982561967695384,False,0,,3.114368547032265e-07
PREVALENCE,test-grid_interruption-01,TEST,1060,10.6,0,0.05982561967695384,False,0,,3.114368547032265e-07
PREVALENCE,test-grid_interruption-01,TEST,1070,10.700000000000001,0,0.05982561967695384,False,0,,3.114368547032265e-07
PREVALENCE,test-grid_interruption-01,TEST,1080,10.8,0,0.05982561967695384,False,0,,3.114368547032265e-07
PREVALENCE,test-grid_interruption-01,TEST,1090,10.9,0,0.05982561967695384,False,0,,3.114368547032265e-07
PREVALENCE,test-grid_interruption-01,TEST,1100,11.0,0,0.05982561967695384,False,0,,3.114368547032265e-07
PREVALENCE,test-grid_interruption-01,TEST,1110,11.1,0,0.05982561967695384,False,0,,3.114368547032265e-07
PREVALENCE,test-grid_interruption-01,TEST,1120,11.200000000000001,0,0.05982561967695384,False,0,,3.114368547032265e-07
PREVALENCE,test-grid_interruption-01,TEST,1130,11.3,0,0.05982561967695384,False,0,,3.114368547032265e-07
PREVALENCE,test-grid_interruption-01,TEST,1140,11.4,0,0.05982561967695384,False,0,,3.114368547032265e-07
PREVALENCE,test-grid_interruption-01,TEST,1150,11.5,0,0.05982561967695384,False,0,,3.114368547032265e-07
PREVALENCE,test-grid_interruption-01,TEST,1160,11.6,0,0.05982561967695384,False,0,,3.114368547032265e-07
PREVALENCE,test-grid_interruption-01,TEST,1170,11.700000000000001,0,0.05982561967695384,False,0,,3.114368547032265e-07
PREVALENCE,test-grid_interruption-01,TEST,1180,11.8,0,0.05982561967695384,False,0,,3.114368547032265e-07
PREVALENCE,test-grid_interruption-01,TEST,1190,11.9,0,0.05982561967695384,False,0,,3.114368547032265e-07
PREVALENCE,test-grid_interruption-01,TEST,1200,12.0,0,0.05982561967695384,False,0,,3.114368547032265e-07
PREVALENCE,test-grid_interruption-01,TEST,1210,12.1,0,0.05982561967695384,False,0,,3.114368547032265e-07
PREVALENCE,test-grid_interruption-01,TEST,1220,12.200000000000001,0,0.05982561967695384,False,0,,3.114368547032265e-07
PREVALENCE,test-grid_interruption-01,TEST,1230,12.3,0,0.05982561967695384,False,0,,3.114368547032265e-07
PREVALENCE,test-grid_interruption-01,TEST,1240,12.4,0,0.05982561967695384,False,0,,3.114368547032265e-07
PREVALENCE,test-grid_interruption-01,TEST,1250,12.5,0,0.05982561967695384,False,0,,3.114368547032265e-07
PREVALENCE,test-grid_interruption-01,TEST,1260,12.6,0,0.05982561967695384,False,0,,3.114368547032265e-07
PREVALENCE,test-grid_interruption-01,TEST,1270,12.700000000000001,0,0.05982561967695384,False,0,,3.114368547032265e-07
PREVALENCE,test-grid_interruption-01,TEST,1280,12.8,0,0.05982561967695384,False,0,,3.114368547032265e-07
PREVALENCE,test-grid_interruption-01,TEST,1290,12.9,0,0.05982561967695384,False,0,,3.114368547032265e-07
PREVALENCE,test-grid_interruption-01,TEST,1300,13.0,0,0.05982561967695384,False,0,,3.114368547032265e-07
PREVALENCE,test-grid_interruption-02,TEST,430,4.3,0,0.05982561967695384,False,0,,3.114368547032265e-07
PREVALENCE,test-grid_interruption-02,TEST,440,4.4,0,0.05982561967695384,False,0,,3.114368547032265e-07
PREVALENCE,test-grid_interruption-02,TEST,450,4.5,0,0.05982561967695384,False,0,,3.114368547032265e-07
PREVALENCE,test-grid_interruption-02,TEST,460,4.6000000000000005,0,0.05982561967695384,False,0,,3.114368547032265e-07
PREVALENCE,test-grid_interruption-02,TEST,470,4.7,0,0.05982561967695384,False,0,,3.114368547032265e-07
PREVALENCE,test-grid_interruption-02,TEST,480,4.8,0,0.05982561967695384,False,0,,3.114368547032265e-07
PREVALENCE,test-grid_interruption-02,TEST,490,4.9,0,0.05982561967695384,False,0,,3.114368547032265e-07
PREVALENCE,test-grid_interruption-02,TEST,500,5.0,0,0.05982561967695384,False,0,,3.114368547032265e-07
PREVALENCE,test-grid_interruption-02,TEST,510,5.1000000000000005,0,0.05982561967695384,False,0,,3.114368547032265e-07
PREVALENCE,test-grid_interruption-02,TEST,520,5.2,0,0.05982561967695384,False,0,,3.114368547032265e-07
PREVALENCE,test-grid_interruption-02,TEST,530,5.3,0,0.05982561967695384,False,0,,3.114368547032265e-07
PREVALENCE,test-grid_interruption-02,TEST,540,5.4,0,0.05982561967695384,False,0,,3.114368547032265e-07
PREVALENCE,test-grid_interruption-02,TEST,550,5.5,0,0.05982561967695384,False,0,,3.114368547032265e-07
PREVALENCE,test-grid_interruption-02,TEST,560,5.6000000000000005,0,0.05982561967695384,False,0,,3.114368547032265e-07
PREVALENCE,test-grid_interruption-02,TEST,570,5.7,0,0.05982561967695384,False,0,,3.114368547032265e-07
PREVALENCE,test-grid_interruption-02,TEST,580,5.8,0,0.05982561967695384,False,0,,3.114368547032265e-07
PREVALENCE,test-grid_interruption-02,TEST,590,5.9,0,0.05982561967695384,False,0,,3.114368547032265e-07
PREVALENCE,test-grid_interruption-02,TEST,600,6.0,0,0.05982561967695384,False,0,,3.114368547032265e-07
PREVALENCE,test-grid_interruption-02,TEST,610,6.1000000000000005,0,0.05982561967695384,False,0,,3.114368547032265e-07
PREVALENCE,test-grid_interruption-02,TEST,620,6.2,0,0.05982561967695384,False,0,,3.114368547032265e-07
PREVALENCE,test-grid_interruption-02,TEST,630,6.3,0,0.05982561967695384,False,0,,3.114368547032265e-07
PREVALENCE,test-grid_interruption-02,TEST,640,6.4,0,0.05982561967695384,False,0,,3.114368547032265e-07
PREVALENCE,test-grid_interruption-02,TEST,650,6.5,0,0.05982561967695384,False,0,,3.114368547032265e-07
PREVALENCE,test-grid_interruption-02,TEST,660,6.6000000000000005,0,0.05982561967695384,False,0,,3.114368547032265e-07
PREVALENCE,test-grid_interruption-02,TEST,670,6.7,0,0.05982561967695384,False,0,,3.114368547032265e-07
PREVALENCE,test-grid_interruption-02,TEST,680,6.8,0,0.05982561967695384,False,0,,3.114368547032265e-07
PREVALENCE,test-grid_interruption-02,TEST,690,6.9,0,0.05982561967695384,False,0,,3.114368547032265e-07
PREVALENCE,test-grid_interruption-02,TEST,700,7.0,0,0.05982561967695384,False,0,,3.114368547032265e-07
PREVALENCE,test-grid_interruption-02,TEST,710,7.1000000000000005,0,0.05982561967695384,False,0,,3.114368547032265e-07
PREVALENCE,test-grid_interruption-02,TEST,720,7.2,0,0.05982561967695384,False,0,,3.114368547032265e-07
PREVALENCE,test-grid_interruption-02,TEST,730,7.3,0,0.05982561967695384,False,0,,3.114368547032265e-07
PREVALENCE,test-grid_interruption-02,TEST,740,7.4,0,0.05982561967695384,False,0,,3.114368547032265e-07
PREVALENCE,test-grid_interruption-02,TEST,750,7.5,0,0.05982561967695384,False,0,,3.114368547032265e-07
PREVALENCE,test-grid_interruption-02,TEST,760,7.6000000000000005,0,0.05982561967695384,False,0,,3.114368547032265e-07
PREVALENCE,test-grid_interruption-02,TEST,770,7.7,0,0.05982561967695384,False,0,,3.114368547032265e-07
PREVALENCE,test-grid_interruption-02,TEST,780,7.8,0,0.05982561967695384,False,0,,3.114368547032265e-07
PREVALENCE,test-grid_interruption-02,TEST,790,7.9,0,0.05982561967695384,False,0,,3.114368547032265e-07
PREVALENCE,test-grid_interruption-02,TEST,800,8.0,0,0.05982561967695384,False,0,,3.114368547032265e-07
PREVALENCE,test-grid_interruption-02,TEST,810,8.1,0,0.05982561967695384,False,0,,3.114368547032265e-07
PREVALENCE,test-grid_interruption-02,TEST,820,8.2,0,0.05982561967695384,False,0,,3.114368547032265e-07
PREVALENCE,test-grid_interruption-02,TEST,830,8.3,0,0.05982561967695384,False,0,,3.114368547032265e-07
PREVALENCE,test-grid_interruption-02,TEST,840,8.4,0,0.05982561967695384,False,0,,3.114368547032265e-07
PREVALENCE,test-grid_interruption-02,TEST,850,8.5,0,0.05982561967695384,False,0,,3.114368547032265e-07
PREVALENCE,test-grid_interruption-02,TEST,860,8.6,0,0.05982561967695384,False,0,,3.114368547032265e-07
PREVALENCE,test-grid_interruption-02,TEST,870,8.700000000000001,0,0.05982561967695384,False,0,,3.114368547032265e-07
PREVALENCE,test-grid_interruption-02,TEST,880,8.8,0,0.05982561967695384,False,0,,3.114368547032265e-07
PREVALENCE,test-grid_interruption-02,TEST,890,8.9,0,0.05982561967695384,False,0,,3.114368547032265e-07
PREVALENCE,test-grid_interruption-02,TEST,900,9.0,0,0.05982561967695384,False,0,,3.114368547032265e-07
PREVALENCE,test-grid_interruption-02,TEST,910,9.1,0,0.05982561967695384,False,0,,3.114368547032265e-07
PREVALENCE,test-grid_interruption-02,TEST,920,9.200000000000001,0,0.05982561967695384,False,0,,3.114368547032265e-07
PREVALENCE,test-grid_interruption-02,TEST,930,9.3,0,0.05982561967695384,False,0,,3.114368547032265e-07
PREVALENCE,test-grid_interruption-02,TEST,940,9.4,0,0.05982561967695384,False,0,,3.114368547032265e-07
PREVALENCE,test-grid_interruption-02,TEST,950,9.5,0,0.05982561967695384,False,0,,3.114368547032265e-07
PREVALENCE,test-grid_interruption-02,TEST,960,9.6,0,0.05982561967695384,False,0,,3.114368547032265e-07
PREVALENCE,test-grid_interruption-02,TEST,970,9.700000000000001,0,0.05982561967695384,False,0,,3.114368547032265e-07
PREVALENCE,test-grid_interruption-02,TEST,980,9.8,0,0.05982561967695384,False,0,,3.114368547032265e-07
PREVALENCE,test-grid_interruption-02,TEST,990,9.9,0,0.05982561967695384,False,0,,3.114368547032265e-07
PREVALENCE,test-grid_interruption-02,TEST,1000,10.0,0,0.05982561967695384,False,0,,3.114368547032265e-07
PREVALENCE,test-grid_interruption-02,TEST,1010,10.1,0,0.05982561967695384,False,0,,3.114368547032265e-07
PREVALENCE,test-grid_interruption-02,TEST,1020,10.200000000000001,0,0.05982561967695384,False,0,,3.114368547032265e-07
PREVALENCE,test-grid_interruption-02,TEST,1030,10.3,0,0.05982561967695384,False,0,,3.114368547032265e-07
PREVALENCE,test-grid_interruption-02,TEST,1040,10.4,0,0.05982561967695384,False,0,,3.114368547032265e-07
PREVALENCE,test-grid_interruption-02,TEST,1050,10.5,0,0.05982561967695384,False,0,,3.114368547032265e-07
PREVALENCE,test-grid_interruption-02,TEST,1060,10.6,0,0.05982561967695384,False,0,,3.114368547032265e-07
PREVALENCE,test-grid_interruption-02,TEST,1070,10.700000000000001,0,0.05982561967695384,False,0,,3.114368547032265e-07
PREVALENCE,test-grid_interruption-02,TEST,1080,10.8,0,0.05982561967695384,False,0,,3.114368547032265e-07
PREVALENCE,test-grid_interruption-02,TEST,1090,10.9,0,0.05982561967695384,False,0,,3.114368547032265e-07
PREVALENCE,test-grid_interruption-02,TEST,1100,11.0,0,0.05982561967695384,False,0,,3.114368547032265e-07
PREVALENCE,test-grid_interruption-02,TEST,1110,11.1,0,0.05982561967695384,False,0,,3.114368547032265e-07
PREVALENCE,test-grid_interruption-02,TEST,1120,11.200000000000001,0,0.05982561967695384,False,0,,3.114368547032265e-07
PREVALENCE,test-grid_interruption-02,TEST,1130,11.3,0,0.05982561967695384,False,0,,3.114368547032265e-07
PREVALENCE,test-grid_interruption-02,TEST,1140,11.4,0,0.05982561967695384,False,0,,3.114368547032265e-07
PREVALENCE,test-grid_interruption-02,TEST,1150,11.5,0,0.05982561967695384,False,0,,3.114368547032265e-07
PREVALENCE,test-grid_interruption-02,TEST,1160,11.6,0,0.05982561967695384,False,0,,3.114368547032265e-07
PREVALENCE,test-grid_interruption-02,TEST,1170,11.700000000000001,0,0.05982561967695384,False,0,,3.114368547032265e-07
PREVALENCE,test-grid_interruption-02,TEST,1180,11.8,0,0.05982561967695384,False,0,,3.114368547032265e-07
PREVALENCE,test-grid_interruption-02,TEST,1190,11.9,0,0.05982561967695384,False,0,,3.114368547032265e-07
PREVALENCE,test-grid_interruption-02,TEST,1200,12.0,0,0.05982561967695384,False,0,,3.114368547032265e-07
PREVALENCE,test-grid_interruption-02,TEST,1210,12.1,0,0.05982561967695384,False,0,,3.114368547032265e-07
PREVALENCE,test-grid_interruption-02,TEST,1220,12.200000000000001,0,0.05982561967695384,False,0,,3.114368547032265e-07
PREVALENCE,test-grid_interruption-02,TEST,1230,12.3,0,0.05982561967695384,False,0,,3.114368547032265e-07
PREVALENCE,test-grid_interruption-02,TEST,1240,12.4,0,0.05982561967695384,False,0,,3.114368547032265e-07
PREVALENCE,test-grid_interruption-02,TEST,1250,12.5,0,0.05982561967695384,False,0,,3.114368547032265e-07
PREVALENCE,test-grid_interruption-02,TEST,1260,12.6,0,0.05982561967695384,False,0,,3.114368547032265e-07
PREVALENCE,test-grid_interruption-02,TEST,1270,12.700000000000001,0,0.05982561967695384,False,0,,3.114368547032265e-07
PREVALENCE,test-grid_interruption-02,TEST,1280,12.8,0,0.05982561967695384,False,0,,3.114368547032265e-07
PREVALENCE,test-grid_interruption-02,TEST,1290,12.9,0,0.05982561967695384,False,0,,3.114368547032265e-07
PREVALENCE,test-grid_interruption-02,TEST,1300,13.0,0,0.05982561967695384,False,0,,3.114368547032265e-07
PREVALENCE,test-grid_interruption-03,TEST,430,4.3,1,0.05982561967695384,False,0,7.01,3.114368547032265e-07
PREVALENCE,test-grid_interruption-03,TEST,440,4.4,1,0.05982561967695384,False,0,7.01,3.114368547032265e-07
PREVALENCE,test-grid_interruption-03,TEST,450,4.5,1,0.05982561967695384,False,0,7.01,3.114368547032265e-07
PREVALENCE,test-grid_interruption-03,TEST,460,4.6000000000000005,1,0.05982561967695384,False,0,7.01,3.114368547032265e-07
PREVALENCE,test-grid_interruption-03,TEST,470,4.7,1,0.05982561967695384,False,0,7.01,3.114368547032265e-07
PREVALENCE,test-grid_interruption-03,TEST,480,4.8,1,0.05982561967695384,False,0,7.01,3.114368547032265e-07
PREVALENCE,test-grid_interruption-03,TEST,490,4.9,1,0.05982561967695384,False,0,7.01,3.114368547032265e-07
PREVALENCE,test-grid_interruption-03,TEST,500,5.0,1,0.05982561967695384,False,0,7.01,3.114368547032265e-07
PREVALENCE,test-grid_interruption-03,TEST,510,5.1000000000000005,1,0.05982561967695384,False,0,7.01,3.114368547032265e-07
PREVALENCE,test-grid_interruption-03,TEST,520,5.2,1,0.05982561967695384,False,0,7.01,3.114368547032265e-07
PREVALENCE,test-grid_interruption-03,TEST,530,5.3,1,0.05982561967695384,False,0,7.01,3.114368547032265e-07
PREVALENCE,test-grid_interruption-03,TEST,540,5.4,1,0.05982561967695384,False,0,7.01,3.114368547032265e-07
PREVALENCE,test-grid_interruption-03,TEST,550,5.5,1,0.05982561967695384,False,0,7.01,3.114368547032265e-07
PREVALENCE,test-grid_interruption-03,TEST,560,5.6000000000000005,1,0.05982561967695384,False,0,7.01,3.114368547032265e-07
PREVALENCE,test-grid_interruption-03,TEST,570,5.7,1,0.05982561967695384,False,0,7.01,3.114368547032265e-07
PREVALENCE,test-grid_interruption-03,TEST,580,5.8,1,0.05982561967695384,False,0,7.01,3.114368547032265e-07
PREVALENCE,test-grid_interruption-03,TEST,590,5.9,1,0.05982561967695384,False,0,7.01,3.114368547032265e-07
PREVALENCE,test-grid_interruption-03,TEST,600,6.0,1,0.05982561967695384,False,0,7.01,3.114368547032265e-07
PREVALENCE,test-grid_interruption-03,TEST,610,6.1000000000000005,1,0.05982561967695384,False,0,7.01,3.114368547032265e-07
PREVALENCE,test-grid_interruption-03,TEST,620,6.2,1,0.05982561967695384,False,0,7.01,3.114368547032265e-07
PREVALENCE,test-grid_interruption-03,TEST,630,6.3,1,0.05982561967695384,False,0,7.01,3.114368547032265e-07
PREVALENCE,test-grid_interruption-03,TEST,640,6.4,1,0.05982561967695384,False,0,7.01,3.114368547032265e-07
PREVALENCE,test-grid_interruption-03,TEST,650,6.5,1,0.05982561967695384,False,0,7.01,3.114368547032265e-07
PREVALENCE,test-grid_interruption-03,TEST,660,6.6000000000000005,1,0.05982561967695384,False,0,7.01,3.114368547032265e-07
PREVALENCE,test-grid_interruption-03,TEST,670,6.7,1,0.05982561967695384,False,0,7.01,3.114368547032265e-07
PREVALENCE,test-grid_interruption-03,TEST,680,6.8,1,0.05982561967695384,False,0,7.01,3.114368547032265e-07
PREVALENCE,test-grid_interruption-03,TEST,690,6.9,1,0.05982561967695384,False,0,7.01,3.114368547032265e-07
PREVALENCE,test-grid_interruption-03,TEST,700,7.0,1,0.05982561967695384,False,0,7.01,3.114368547032265e-07
PREVALENCE,test-pump_trip-00,TEST,430,4.3,0,0.05982561967695384,False,0,,3.114368547032265e-07
PREVALENCE,test-pump_trip-00,TEST,440,4.4,0,0.05982561967695384,False,0,,3.114368547032265e-07
PREVALENCE,test-pump_trip-00,TEST,450,4.5,0,0.05982561967695384,False,0,,3.114368547032265e-07
PREVALENCE,test-pump_trip-00,TEST,460,4.6000000000000005,0,0.05982561967695384,False,0,,3.114368547032265e-07
PREVALENCE,test-pump_trip-00,TEST,470,4.7,0,0.05982561967695384,False,0,,3.114368547032265e-07
PREVALENCE,test-pump_trip-00,TEST,480,4.8,0,0.05982561967695384,False,0,,3.114368547032265e-07
PREVALENCE,test-pump_trip-00,TEST,490,4.9,0,0.05982561967695384,False,0,,3.114368547032265e-07
PREVALENCE,test-pump_trip-00,TEST,500,5.0,0,0.05982561967695384,False,0,,3.114368547032265e-07
PREVALENCE,test-pump_trip-00,TEST,510,5.1000000000000005,0,0.05982561967695384,False,0,,3.114368547032265e-07
PREVALENCE,test-pump_trip-00,TEST,520,5.2,0,0.05982561967695384,False,0,,3.114368547032265e-07
PREVALENCE,test-pump_trip-00,TEST,530,5.3,0,0.05982561967695384,False,0,,3.114368547032265e-07
PREVALENCE,test-pump_trip-00,TEST,540,5.4,0,0.05982561967695384,False,0,,3.114368547032265e-07
PREVALENCE,test-pump_trip-00,TEST,550,5.5,0,0.05982561967695384,False,0,,3.114368547032265e-07
PREVALENCE,test-pump_trip-00,TEST,560,5.6000000000000005,0,0.05982561967695384,False,0,,3.114368547032265e-07
PREVALENCE,test-pump_trip-00,TEST,570,5.7,0,0.05982561967695384,False,0,,3.114368547032265e-07
PREVALENCE,test-pump_trip-00,TEST,580,5.8,0,0.05982561967695384,False,0,,3.114368547032265e-07
PREVALENCE,test-pump_trip-00,TEST,590,5.9,0,0.05982561967695384,False,0,,3.114368547032265e-07
PREVALENCE,test-pump_trip-00,TEST,600,6.0,0,0.05982561967695384,False,0,,3.114368547032265e-07
PREVALENCE,test-pump_trip-00,TEST,610,6.1000000000000005,0,0.05982561967695384,False,0,,3.114368547032265e-07
PREVALENCE,test-pump_trip-00,TEST,620,6.2,0,0.05982561967695384,False,0,,3.114368547032265e-07
PREVALENCE,test-pump_trip-00,TEST,630,6.3,0,0.05982561967695384,False,0,,3.114368547032265e-07
PREVALENCE,test-pump_trip-00,TEST,640,6.4,0,0.05982561967695384,False,0,,3.114368547032265e-07
PREVALENCE,test-pump_trip-00,TEST,650,6.5,0,0.05982561967695384,False,0,,3.114368547032265e-07
PREVALENCE,test-pump_trip-00,TEST,660,6.6000000000000005,0,0.05982561967695384,False,0,,3.114368547032265e-07
PREVALENCE,test-pump_trip-00,TEST,670,6.7,0,0.05982561967695384,False,0,,3.114368547032265e-07
PREVALENCE,test-pump_trip-00,TEST,680,6.8,0,0.05982561967695384,False,0,,3.114368547032265e-07
PREVALENCE,test-pump_trip-00,TEST,690,6.9,0,0.05982561967695384,False,0,,3.114368547032265e-07
PREVALENCE,test-pump_trip-00,TEST,700,7.0,0,0.05982561967695384,False,0,,3.114368547032265e-07
PREVALENCE,test-pump_trip-00,TEST,710,7.1000000000000005,0,0.05982561967695384,False,0,,3.114368547032265e-07
PREVALENCE,test-pump_trip-00,TEST,720,7.2,0,0.05982561967695384,False,0,,3.114368547032265e-07
PREVALENCE,test-pump_trip-00,TEST,730,7.3,0,0.05982561967695384,False,0,,3.114368547032265e-07
PREVALENCE,test-pump_trip-00,TEST,740,7.4,0,0.05982561967695384,False,0,,3.114368547032265e-07
PREVALENCE,test-pump_trip-00,TEST,750,7.5,0,0.05982561967695384,False,0,,3.114368547032265e-07
PREVALENCE,test-pump_trip-00,TEST,760,7.6000000000000005,0,0.05982561967695384,False,0,,3.114368547032265e-07
PREVALENCE,test-pump_trip-00,TEST,770,7.7,0,0.05982561967695384,False,0,,3.114368547032265e-07
PREVALENCE,test-pump_trip-00,TEST,780,7.8,0,0.05982561967695384,False,0,,3.114368547032265e-07
PREVALENCE,test-pump_trip-00,TEST,790,7.9,0,0.05982561967695384,False,0,,3.114368547032265e-07
PREVALENCE,test-pump_trip-00,TEST,800,8.0,0,0.05982561967695384,False,0,,3.114368547032265e-07
PREVALENCE,test-pump_trip-00,TEST,810,8.1,0,0.05982561967695384,False,0,,3.114368547032265e-07
PREVALENCE,test-pump_trip-00,TEST,820,8.2,0,0.05982561967695384,False,0,,3.114368547032265e-07
PREVALENCE,test-pump_trip-00,TEST,830,8.3,0,0.05982561967695384,False,0,,3.114368547032265e-07
PREVALENCE,test-pump_trip-00,TEST,840,8.4,0,0.05982561967695384,False,0,,3.114368547032265e-07
PREVALENCE,test-pump_trip-00,TEST,850,8.5,0,0.05982561967695384,False,0,,3.114368547032265e-07
PREVALENCE,test-pump_trip-00,TEST,860,8.6,0,0.05982561967695384,False,0,,3.114368547032265e-07
PREVALENCE,test-pump_trip-00,TEST,870,8.700000000000001,0,0.05982561967695384,False,0,,3.114368547032265e-07
PREVALENCE,test-pump_trip-00,TEST,880,8.8,0,0.05982561967695384,False,0,,3.114368547032265e-07
PREVALENCE,test-pump_trip-00,TEST,890,8.9,0,0.05982561967695384,False,0,,3.114368547032265e-07
PREVALENCE,test-pump_trip-00,TEST,900,9.0,0,0.05982561967695384,False,0,,3.114368547032265e-07
PREVALENCE,test-pump_trip-00,TEST,910,9.1,0,0.05982561967695384,False,0,,3.114368547032265e-07
PREVALENCE,test-pump_trip-00,TEST,920,9.200000000000001,0,0.05982561967695384,False,0,,3.114368547032265e-07
PREVALENCE,test-pump_trip-00,TEST,930,9.3,0,0.05982561967695384,False,0,,3.114368547032265e-07
PREVALENCE,test-pump_trip-00,TEST,940,9.4,0,0.05982561967695384,False,0,,3.114368547032265e-07
PREVALENCE,test-pump_trip-00,TEST,950,9.5,0,0.05982561967695384,False,0,,3.114368547032265e-07
PREVALENCE,test-pump_trip-00,TEST,960,9.6,0,0.05982561967695384,False,0,,3.114368547032265e-07
PREVALENCE,test-pump_trip-00,TEST,970,9.700000000000001,0,0.05982561967695384,False,0,,3.114368547032265e-07
PREVALENCE,test-pump_trip-00,TEST,980,9.8,0,0.05982561967695384,False,0,,3.114368547032265e-07
PREVALENCE,test-pump_trip-00,TEST,990,9.9,0,0.05982561967695384,False,0,,3.114368547032265e-07
PREVALENCE,test-pump_trip-00,TEST,1000,10.0,0,0.05982561967695384,False,0,,3.114368547032265e-07
PREVALENCE,test-pump_trip-00,TEST,1010,10.1,0,0.05982561967695384,False,0,,3.114368547032265e-07
PREVALENCE,test-pump_trip-00,TEST,1020,10.200000000000001,0,0.05982561967695384,False,0,,3.114368547032265e-07
PREVALENCE,test-pump_trip-00,TEST,1030,10.3,0,0.05982561967695384,False,0,,3.114368547032265e-07
PREVALENCE,test-pump_trip-00,TEST,1040,10.4,0,0.05982561967695384,False,0,,3.114368547032265e-07
PREVALENCE,test-pump_trip-00,TEST,1050,10.5,0,0.05982561967695384,False,0,,3.114368547032265e-07
PREVALENCE,test-pump_trip-00,TEST,1060,10.6,0,0.05982561967695384,False,0,,3.114368547032265e-07
PREVALENCE,test-pump_trip-00,TEST,1070,10.700000000000001,0,0.05982561967695384,False,0,,3.114368547032265e-07
PREVALENCE,test-pump_trip-00,TEST,1080,10.8,0,0.05982561967695384,False,0,,3.114368547032265e-07
PREVALENCE,test-pump_trip-00,TEST,1090,10.9,0,0.05982561967695384,False,0,,3.114368547032265e-07
PREVALENCE,test-pump_trip-00,TEST,1100,11.0,0,0.05982561967695384,False,0,,3.114368547032265e-07
PREVALENCE,test-pump_trip-00,TEST,1110,11.1,0,0.05982561967695384,False,0,,3.114368547032265e-07
PREVALENCE,test-pump_trip-00,TEST,1120,11.200000000000001,0,0.05982561967695384,False,0,,3.114368547032265e-07
PREVALENCE,test-pump_trip-00,TEST,1130,11.3,0,0.05982561967695384,False,0,,3.114368547032265e-07
PREVALENCE,test-pump_trip-00,TEST,1140,11.4,0,0.05982561967695384,False,0,,3.114368547032265e-07
PREVALENCE,test-pump_trip-00,TEST,1150,11.5,0,0.05982561967695384,False,0,,3.114368547032265e-07
PREVALENCE,test-pump_trip-00,TEST,1160,11.6,0,0.05982561967695384,False,0,,3.114368547032265e-07
PREVALENCE,test-pump_trip-00,TEST,1170,11.700000000000001,0,0.05982561967695384,False,0,,3.114368547032265e-07
PREVALENCE,test-pump_trip-00,TEST,1180,11.8,0,0.05982561967695384,False,0,,3.114368547032265e-07
PREVALENCE,test-pump_trip-00,TEST,1190,11.9,0,0.05982561967695384,False,0,,3.114368547032265e-07
PREVALENCE,test-pump_trip-00,TEST,1200,12.0,0,0.05982561967695384,False,0,,3.114368547032265e-07
PREVALENCE,test-pump_trip-00,TEST,1210,12.1,0,0.05982561967695384,False,0,,3.114368547032265e-07
PREVALENCE,test-pump_trip-00,TEST,1220,12.200000000000001,0,0.05982561967695384,False,0,,3.114368547032265e-07
PREVALENCE,test-pump_trip-00,TEST,1230,12.3,0,0.05982561967695384,False,0,,3.114368547032265e-07
PREVALENCE,test-pump_trip-00,TEST,1240,12.4,0,0.05982561967695384,False,0,,3.114368547032265e-07
PREVALENCE,test-pump_trip-00,TEST,1250,12.5,0,0.05982561967695384,False,0,,3.114368547032265e-07
PREVALENCE,test-pump_trip-00,TEST,1260,12.6,0,0.05982561967695384,False,0,,3.114368547032265e-07
PREVALENCE,test-pump_trip-00,TEST,1270,12.700000000000001,0,0.05982561967695384,False,0,,3.114368547032265e-07
PREVALENCE,test-pump_trip-00,TEST,1280,12.8,0,0.05982561967695384,False,0,,3.114368547032265e-07
PREVALENCE,test-pump_trip-00,TEST,1290,12.9,0,0.05982561967695384,False,0,,3.114368547032265e-07
PREVALENCE,test-pump_trip-00,TEST,1300,13.0,0,0.05982561967695384,False,0,,3.114368547032265e-07
PREVALENCE,test-pump_trip-01,TEST,430,4.3,0,0.05982561967695384,False,0,,3.114368547032265e-07
PREVALENCE,test-pump_trip-01,TEST,440,4.4,0,0.05982561967695384,False,0,,3.114368547032265e-07
PREVALENCE,test-pump_trip-01,TEST,450,4.5,0,0.05982561967695384,False,0,,3.114368547032265e-07
PREVALENCE,test-pump_trip-01,TEST,460,4.6000000000000005,0,0.05982561967695384,False,0,,3.114368547032265e-07
PREVALENCE,test-pump_trip-01,TEST,470,4.7,0,0.05982561967695384,False,0,,3.114368547032265e-07
PREVALENCE,test-pump_trip-01,TEST,480,4.8,0,0.05982561967695384,False,0,,3.114368547032265e-07
PREVALENCE,test-pump_trip-01,TEST,490,4.9,0,0.05982561967695384,False,0,,3.114368547032265e-07
PREVALENCE,test-pump_trip-01,TEST,500,5.0,0,0.05982561967695384,False,0,,3.114368547032265e-07
PREVALENCE,test-pump_trip-01,TEST,510,5.1000000000000005,0,0.05982561967695384,False,0,,3.114368547032265e-07
PREVALENCE,test-pump_trip-01,TEST,520,5.2,0,0.05982561967695384,False,0,,3.114368547032265e-07
PREVALENCE,test-pump_trip-01,TEST,530,5.3,0,0.05982561967695384,False,0,,3.114368547032265e-07
PREVALENCE,test-pump_trip-01,TEST,540,5.4,0,0.05982561967695384,False,0,,3.114368547032265e-07
PREVALENCE,test-pump_trip-01,TEST,550,5.5,0,0.05982561967695384,False,0,,3.114368547032265e-07
PREVALENCE,test-pump_trip-01,TEST,560,5.6000000000000005,0,0.05982561967695384,False,0,,3.114368547032265e-07
PREVALENCE,test-pump_trip-01,TEST,570,5.7,0,0.05982561967695384,False,0,,3.114368547032265e-07
PREVALENCE,test-pump_trip-01,TEST,580,5.8,0,0.05982561967695384,False,0,,3.114368547032265e-07
PREVALENCE,test-pump_trip-01,TEST,590,5.9,0,0.05982561967695384,False,0,,3.114368547032265e-07
PREVALENCE,test-pump_trip-01,TEST,600,6.0,0,0.05982561967695384,False,0,,3.114368547032265e-07
PREVALENCE,test-pump_trip-01,TEST,610,6.1000000000000005,0,0.05982561967695384,False,0,,3.114368547032265e-07
PREVALENCE,test-pump_trip-01,TEST,620,6.2,0,0.05982561967695384,False,0,,3.114368547032265e-07
PREVALENCE,test-pump_trip-01,TEST,630,6.3,0,0.05982561967695384,False,0,,3.114368547032265e-07
PREVALENCE,test-pump_trip-01,TEST,640,6.4,0,0.05982561967695384,False,0,,3.114368547032265e-07
PREVALENCE,test-pump_trip-01,TEST,650,6.5,0,0.05982561967695384,False,0,,3.114368547032265e-07
PREVALENCE,test-pump_trip-01,TEST,660,6.6000000000000005,0,0.05982561967695384,False,0,,3.114368547032265e-07
PREVALENCE,test-pump_trip-01,TEST,670,6.7,0,0.05982561967695384,False,0,,3.114368547032265e-07
PREVALENCE,test-pump_trip-01,TEST,680,6.8,0,0.05982561967695384,False,0,,3.114368547032265e-07
PREVALENCE,test-pump_trip-01,TEST,690,6.9,0,0.05982561967695384,False,0,,3.114368547032265e-07
PREVALENCE,test-pump_trip-01,TEST,700,7.0,0,0.05982561967695384,False,0,,3.114368547032265e-07
PREVALENCE,test-pump_trip-01,TEST,710,7.1000000000000005,0,0.05982561967695384,False,0,,3.114368547032265e-07
PREVALENCE,test-pump_trip-01,TEST,720,7.2,0,0.05982561967695384,False,0,,3.114368547032265e-07
PREVALENCE,test-pump_trip-01,TEST,730,7.3,0,0.05982561967695384,False,0,,3.114368547032265e-07
PREVALENCE,test-pump_trip-01,TEST,740,7.4,0,0.05982561967695384,False,0,,3.114368547032265e-07
PREVALENCE,test-pump_trip-01,TEST,750,7.5,0,0.05982561967695384,False,0,,3.114368547032265e-07
PREVALENCE,test-pump_trip-01,TEST,760,7.6000000000000005,0,0.05982561967695384,False,0,,3.114368547032265e-07
PREVALENCE,test-pump_trip-01,TEST,770,7.7,0,0.05982561967695384,False,0,,3.114368547032265e-07
PREVALENCE,test-pump_trip-01,TEST,780,7.8,0,0.05982561967695384,False,0,,3.114368547032265e-07
PREVALENCE,test-pump_trip-01,TEST,790,7.9,0,0.05982561967695384,False,0,,3.114368547032265e-07
PREVALENCE,test-pump_trip-01,TEST,800,8.0,0,0.05982561967695384,False,0,,3.114368547032265e-07
PREVALENCE,test-pump_trip-01,TEST,810,8.1,0,0.05982561967695384,False,0,,3.114368547032265e-07
PREVALENCE,test-pump_trip-01,TEST,820,8.2,0,0.05982561967695384,False,0,,3.114368547032265e-07
PREVALENCE,test-pump_trip-01,TEST,830,8.3,0,0.05982561967695384,False,0,,3.114368547032265e-07
PREVALENCE,test-pump_trip-01,TEST,840,8.4,0,0.05982561967695384,False,0,,3.114368547032265e-07
PREVALENCE,test-pump_trip-01,TEST,850,8.5,0,0.05982561967695384,False,0,,3.114368547032265e-07
PREVALENCE,test-pump_trip-01,TEST,860,8.6,0,0.05982561967695384,False,0,,3.114368547032265e-07
PREVALENCE,test-pump_trip-01,TEST,870,8.700000000000001,0,0.05982561967695384,False,0,,3.114368547032265e-07
PREVALENCE,test-pump_trip-01,TEST,880,8.8,0,0.05982561967695384,False,0,,3.114368547032265e-07
PREVALENCE,test-pump_trip-01,TEST,890,8.9,0,0.05982561967695384,False,0,,3.114368547032265e-07
PREVALENCE,test-pump_trip-01,TEST,900,9.0,0,0.05982561967695384,False,0,,3.114368547032265e-07
PREVALENCE,test-pump_trip-01,TEST,910,9.1,0,0.05982561967695384,False,0,,3.114368547032265e-07
PREVALENCE,test-pump_trip-01,TEST,920,9.200000000000001,0,0.05982561967695384,False,0,,3.114368547032265e-07
PREVALENCE,test-pump_trip-01,TEST,930,9.3,0,0.05982561967695384,False,0,,3.114368547032265e-07
PREVALENCE,test-pump_trip-01,TEST,940,9.4,0,0.05982561967695384,False,0,,3.114368547032265e-07
PREVALENCE,test-pump_trip-01,TEST,950,9.5,0,0.05982561967695384,False,0,,3.114368547032265e-07
PREVALENCE,test-pump_trip-01,TEST,960,9.6,0,0.05982561967695384,False,0,,3.114368547032265e-07
PREVALENCE,test-pump_trip-01,TEST,970,9.700000000000001,0,0.05982561967695384,False,0,,3.114368547032265e-07
PREVALENCE,test-pump_trip-01,TEST,980,9.8,0,0.05982561967695384,False,0,,3.114368547032265e-07
PREVALENCE,test-pump_trip-01,TEST,990,9.9,0,0.05982561967695384,False,0,,3.114368547032265e-07
PREVALENCE,test-pump_trip-01,TEST,1000,10.0,0,0.05982561967695384,False,0,,3.114368547032265e-07
PREVALENCE,test-pump_trip-01,TEST,1010,10.1,0,0.05982561967695384,False,0,,3.114368547032265e-07
PREVALENCE,test-pump_trip-01,TEST,1020,10.200000000000001,0,0.05982561967695384,False,0,,3.114368547032265e-07
PREVALENCE,test-pump_trip-01,TEST,1030,10.3,0,0.05982561967695384,False,0,,3.114368547032265e-07
PREVALENCE,test-pump_trip-01,TEST,1040,10.4,0,0.05982561967695384,False,0,,3.114368547032265e-07
PREVALENCE,test-pump_trip-01,TEST,1050,10.5,0,0.05982561967695384,False,0,,3.114368547032265e-07
PREVALENCE,test-pump_trip-01,TEST,1060,10.6,0,0.05982561967695384,False,0,,3.114368547032265e-07
PREVALENCE,test-pump_trip-01,TEST,1070,10.700000000000001,0,0.05982561967695384,False,0,,3.114368547032265e-07
PREVALENCE,test-pump_trip-01,TEST,1080,10.8,0,0.05982561967695384,False,0,,3.114368547032265e-07
PREVALENCE,test-pump_trip-01,TEST,1090,10.9,0,0.05982561967695384,False,0,,3.114368547032265e-07
PREVALENCE,test-pump_trip-01,TEST,1100,11.0,0,0.05982561967695384,False,0,,3.114368547032265e-07
PREVALENCE,test-pump_trip-01,TEST,1110,11.1,0,0.05982561967695384,False,0,,3.114368547032265e-07
PREVALENCE,test-pump_trip-01,TEST,1120,11.200000000000001,0,0.05982561967695384,False,0,,3.114368547032265e-07
PREVALENCE,test-pump_trip-01,TEST,1130,11.3,0,0.05982561967695384,False,0,,3.114368547032265e-07
PREVALENCE,test-pump_trip-01,TEST,1140,11.4,0,0.05982561967695384,False,0,,3.114368547032265e-07
PREVALENCE,test-pump_trip-01,TEST,1150,11.5,0,0.05982561967695384,False,0,,3.114368547032265e-07
PREVALENCE,test-pump_trip-01,TEST,1160,11.6,0,0.05982561967695384,False,0,,3.114368547032265e-07
PREVALENCE,test-pump_trip-01,TEST,1170,11.700000000000001,0,0.05982561967695384,False,0,,3.114368547032265e-07
PREVALENCE,test-pump_trip-01,TEST,1180,11.8,0,0.05982561967695384,False,0,,3.114368547032265e-07
PREVALENCE,test-pump_trip-01,TEST,1190,11.9,0,0.05982561967695384,False,0,,3.114368547032265e-07
PREVALENCE,test-pump_trip-01,TEST,1200,12.0,0,0.05982561967695384,False,0,,3.114368547032265e-07
PREVALENCE,test-pump_trip-01,TEST,1210,12.1,0,0.05982561967695384,False,0,,3.114368547032265e-07
PREVALENCE,test-pump_trip-01,TEST,1220,12.200000000000001,0,0.05982561967695384,False,0,,3.114368547032265e-07
PREVALENCE,test-pump_trip-01,TEST,1230,12.3,0,0.05982561967695384,False,0,,3.114368547032265e-07
PREVALENCE,test-pump_trip-01,TEST,1240,12.4,0,0.05982561967695384,False,0,,3.114368547032265e-07
PREVALENCE,test-pump_trip-01,TEST,1250,12.5,0,0.05982561967695384,False,0,,3.114368547032265e-07
PREVALENCE,test-pump_trip-01,TEST,1260,12.6,0,0.05982561967695384,False,0,,3.114368547032265e-07
PREVALENCE,test-pump_trip-01,TEST,1270,12.700000000000001,0,0.05982561967695384,False,0,,3.114368547032265e-07
PREVALENCE,test-pump_trip-01,TEST,1280,12.8,0,0.05982561967695384,False,0,,3.114368547032265e-07
PREVALENCE,test-pump_trip-01,TEST,1290,12.9,0,0.05982561967695384,False,0,,3.114368547032265e-07
PREVALENCE,test-pump_trip-01,TEST,1300,13.0,0,0.05982561967695384,False,0,,3.114368547032265e-07
PREVALENCE,test-pump_trip-02,TEST,430,4.3,0,0.05982561967695384,False,0,,3.114368547032265e-07
PREVALENCE,test-pump_trip-02,TEST,440,4.4,0,0.05982561967695384,False,0,,3.114368547032265e-07
PREVALENCE,test-pump_trip-02,TEST,450,4.5,0,0.05982561967695384,False,0,,3.114368547032265e-07
PREVALENCE,test-pump_trip-02,TEST,460,4.6000000000000005,0,0.05982561967695384,False,0,,3.114368547032265e-07
PREVALENCE,test-pump_trip-02,TEST,470,4.7,0,0.05982561967695384,False,0,,3.114368547032265e-07
PREVALENCE,test-pump_trip-02,TEST,480,4.8,0,0.05982561967695384,False,0,,3.114368547032265e-07
PREVALENCE,test-pump_trip-02,TEST,490,4.9,0,0.05982561967695384,False,0,,3.114368547032265e-07
PREVALENCE,test-pump_trip-02,TEST,500,5.0,0,0.05982561967695384,False,0,,3.114368547032265e-07
PREVALENCE,test-pump_trip-02,TEST,510,5.1000000000000005,0,0.05982561967695384,False,0,,3.114368547032265e-07
PREVALENCE,test-pump_trip-02,TEST,520,5.2,0,0.05982561967695384,False,0,,3.114368547032265e-07
PREVALENCE,test-pump_trip-02,TEST,530,5.3,0,0.05982561967695384,False,0,,3.114368547032265e-07
PREVALENCE,test-pump_trip-02,TEST,540,5.4,0,0.05982561967695384,False,0,,3.114368547032265e-07
PREVALENCE,test-pump_trip-02,TEST,550,5.5,0,0.05982561967695384,False,0,,3.114368547032265e-07
PREVALENCE,test-pump_trip-02,TEST,560,5.6000000000000005,0,0.05982561967695384,False,0,,3.114368547032265e-07
PREVALENCE,test-pump_trip-02,TEST,570,5.7,0,0.05982561967695384,False,0,,3.114368547032265e-07
PREVALENCE,test-pump_trip-02,TEST,580,5.8,0,0.05982561967695384,False,0,,3.114368547032265e-07
PREVALENCE,test-pump_trip-02,TEST,590,5.9,0,0.05982561967695384,False,0,,3.114368547032265e-07
PREVALENCE,test-pump_trip-02,TEST,600,6.0,0,0.05982561967695384,False,0,,3.114368547032265e-07
PREVALENCE,test-pump_trip-02,TEST,610,6.1000000000000005,0,0.05982561967695384,False,0,,3.114368547032265e-07
PREVALENCE,test-pump_trip-02,TEST,620,6.2,0,0.05982561967695384,False,0,,3.114368547032265e-07
PREVALENCE,test-pump_trip-02,TEST,630,6.3,0,0.05982561967695384,False,0,,3.114368547032265e-07
PREVALENCE,test-pump_trip-02,TEST,640,6.4,0,0.05982561967695384,False,0,,3.114368547032265e-07
PREVALENCE,test-pump_trip-02,TEST,650,6.5,0,0.05982561967695384,False,0,,3.114368547032265e-07
PREVALENCE,test-pump_trip-02,TEST,660,6.6000000000000005,0,0.05982561967695384,False,0,,3.114368547032265e-07
PREVALENCE,test-pump_trip-02,TEST,670,6.7,0,0.05982561967695384,False,0,,3.114368547032265e-07
PREVALENCE,test-pump_trip-02,TEST,680,6.8,0,0.05982561967695384,False,0,,3.114368547032265e-07
PREVALENCE,test-pump_trip-02,TEST,690,6.9,0,0.05982561967695384,False,0,,3.114368547032265e-07
PREVALENCE,test-pump_trip-02,TEST,700,7.0,0,0.05982561967695384,False,0,,3.114368547032265e-07
PREVALENCE,test-pump_trip-02,TEST,710,7.1000000000000005,0,0.05982561967695384,False,0,,3.114368547032265e-07
PREVALENCE,test-pump_trip-02,TEST,720,7.2,0,0.05982561967695384,False,0,,3.114368547032265e-07
PREVALENCE,test-pump_trip-02,TEST,730,7.3,0,0.05982561967695384,False,0,,3.114368547032265e-07
PREVALENCE,test-pump_trip-02,TEST,740,7.4,0,0.05982561967695384,False,0,,3.114368547032265e-07
PREVALENCE,test-pump_trip-02,TEST,750,7.5,0,0.05982561967695384,False,0,,3.114368547032265e-07
PREVALENCE,test-pump_trip-02,TEST,760,7.6000000000000005,0,0.05982561967695384,False,0,,3.114368547032265e-07
PREVALENCE,test-pump_trip-02,TEST,770,7.7,0,0.05982561967695384,False,0,,3.114368547032265e-07
PREVALENCE,test-pump_trip-02,TEST,780,7.8,0,0.05982561967695384,False,0,,3.114368547032265e-07
PREVALENCE,test-pump_trip-02,TEST,790,7.9,0,0.05982561967695384,False,0,,3.114368547032265e-07
PREVALENCE,test-pump_trip-02,TEST,800,8.0,0,0.05982561967695384,False,0,,3.114368547032265e-07
PREVALENCE,test-pump_trip-02,TEST,810,8.1,0,0.05982561967695384,False,0,,3.114368547032265e-07
PREVALENCE,test-pump_trip-02,TEST,820,8.2,0,0.05982561967695384,False,0,,3.114368547032265e-07
PREVALENCE,test-pump_trip-02,TEST,830,8.3,0,0.05982561967695384,False,0,,3.114368547032265e-07
PREVALENCE,test-pump_trip-02,TEST,840,8.4,0,0.05982561967695384,False,0,,3.114368547032265e-07
PREVALENCE,test-pump_trip-02,TEST,850,8.5,0,0.05982561967695384,False,0,,3.114368547032265e-07
PREVALENCE,test-pump_trip-02,TEST,860,8.6,0,0.05982561967695384,False,0,,3.114368547032265e-07
PREVALENCE,test-pump_trip-02,TEST,870,8.700000000000001,0,0.05982561967695384,False,0,,3.114368547032265e-07
PREVALENCE,test-pump_trip-02,TEST,880,8.8,0,0.05982561967695384,False,0,,3.114368547032265e-07
PREVALENCE,test-pump_trip-02,TEST,890,8.9,0,0.05982561967695384,False,0,,3.114368547032265e-07
PREVALENCE,test-pump_trip-02,TEST,900,9.0,0,0.05982561967695384,False,0,,3.114368547032265e-07
PREVALENCE,test-pump_trip-02,TEST,910,9.1,0,0.05982561967695384,False,0,,3.114368547032265e-07
PREVALENCE,test-pump_trip-02,TEST,920,9.200000000000001,0,0.05982561967695384,False,0,,3.114368547032265e-07
PREVALENCE,test-pump_trip-02,TEST,930,9.3,0,0.05982561967695384,False,0,,3.114368547032265e-07
PREVALENCE,test-pump_trip-02,TEST,940,9.4,0,0.05982561967695384,False,0,,3.114368547032265e-07
PREVALENCE,test-pump_trip-02,TEST,950,9.5,0,0.05982561967695384,False,0,,3.114368547032265e-07
PREVALENCE,test-pump_trip-02,TEST,960,9.6,0,0.05982561967695384,False,0,,3.114368547032265e-07
PREVALENCE,test-pump_trip-02,TEST,970,9.700000000000001,0,0.05982561967695384,False,0,,3.114368547032265e-07
PREVALENCE,test-pump_trip-02,TEST,980,9.8,0,0.05982561967695384,False,0,,3.114368547032265e-07
PREVALENCE,test-pump_trip-02,TEST,990,9.9,0,0.05982561967695384,False,0,,3.114368547032265e-07
PREVALENCE,test-pump_trip-02,TEST,1000,10.0,0,0.05982561967695384,False,0,,3.114368547032265e-07
PREVALENCE,test-pump_trip-02,TEST,1010,10.1,0,0.05982561967695384,False,0,,3.114368547032265e-07
PREVALENCE,test-pump_trip-02,TEST,1020,10.200000000000001,0,0.05982561967695384,False,0,,3.114368547032265e-07
PREVALENCE,test-pump_trip-02,TEST,1030,10.3,0,0.05982561967695384,False,0,,3.114368547032265e-07
PREVALENCE,test-pump_trip-02,TEST,1040,10.4,0,0.05982561967695384,False,0,,3.114368547032265e-07
PREVALENCE,test-pump_trip-02,TEST,1050,10.5,0,0.05982561967695384,False,0,,3.114368547032265e-07
PREVALENCE,test-pump_trip-02,TEST,1060,10.6,0,0.05982561967695384,False,0,,3.114368547032265e-07
PREVALENCE,test-pump_trip-02,TEST,1070,10.700000000000001,0,0.05982561967695384,False,0,,3.114368547032265e-07
PREVALENCE,test-pump_trip-02,TEST,1080,10.8,0,0.05982561967695384,False,0,,3.114368547032265e-07
PREVALENCE,test-pump_trip-02,TEST,1090,10.9,0,0.05982561967695384,False,0,,3.114368547032265e-07
PREVALENCE,test-pump_trip-02,TEST,1100,11.0,0,0.05982561967695384,False,0,,3.114368547032265e-07
PREVALENCE,test-pump_trip-02,TEST,1110,11.1,0,0.05982561967695384,False,0,,3.114368547032265e-07
PREVALENCE,test-pump_trip-02,TEST,1120,11.200000000000001,0,0.05982561967695384,False,0,,3.114368547032265e-07
PREVALENCE,test-pump_trip-02,TEST,1130,11.3,0,0.05982561967695384,False,0,,3.114368547032265e-07
PREVALENCE,test-pump_trip-02,TEST,1140,11.4,0,0.05982561967695384,False,0,,3.114368547032265e-07
PREVALENCE,test-pump_trip-02,TEST,1150,11.5,0,0.05982561967695384,False,0,,3.114368547032265e-07
PREVALENCE,test-pump_trip-02,TEST,1160,11.6,0,0.05982561967695384,False,0,,3.114368547032265e-07
PREVALENCE,test-pump_trip-02,TEST,1170,11.700000000000001,0,0.05982561967695384,False,0,,3.114368547032265e-07
PREVALENCE,test-pump_trip-02,TEST,1180,11.8,0,0.05982561967695384,False,0,,3.114368547032265e-07
PREVALENCE,test-pump_trip-02,TEST,1190,11.9,0,0.05982561967695384,False,0,,3.114368547032265e-07
PREVALENCE,test-pump_trip-02,TEST,1200,12.0,0,0.05982561967695384,False,0,,3.114368547032265e-07
PREVALENCE,test-pump_trip-02,TEST,1210,12.1,0,0.05982561967695384,False,0,,3.114368547032265e-07
PREVALENCE,test-pump_trip-02,TEST,1220,12.200000000000001,0,0.05982561967695384,False,0,,3.114368547032265e-07
PREVALENCE,test-pump_trip-02,TEST,1230,12.3,0,0.05982561967695384,False,0,,3.114368547032265e-07
PREVALENCE,test-pump_trip-02,TEST,1240,12.4,0,0.05982561967695384,False,0,,3.114368547032265e-07
PREVALENCE,test-pump_trip-02,TEST,1250,12.5,0,0.05982561967695384,False,0,,3.114368547032265e-07
PREVALENCE,test-pump_trip-02,TEST,1260,12.6,0,0.05982561967695384,False,0,,3.114368547032265e-07
PREVALENCE,test-pump_trip-02,TEST,1270,12.700000000000001,0,0.05982561967695384,False,0,,3.114368547032265e-07
PREVALENCE,test-pump_trip-02,TEST,1280,12.8,0,0.05982561967695384,False,0,,3.114368547032265e-07
PREVALENCE,test-pump_trip-02,TEST,1290,12.9,0,0.05982561967695384,False,0,,3.114368547032265e-07
PREVALENCE,test-pump_trip-02,TEST,1300,13.0,0,0.05982561967695384,False,0,,3.114368547032265e-07
PREVALENCE,test-pump_trip-03,TEST,430,4.3,1,0.05982561967695384,False,0,7.01,3.114368547032265e-07
PREVALENCE,test-pump_trip-03,TEST,440,4.4,1,0.05982561967695384,False,0,7.01,3.114368547032265e-07
PREVALENCE,test-pump_trip-03,TEST,450,4.5,1,0.05982561967695384,False,0,7.01,3.114368547032265e-07
PREVALENCE,test-pump_trip-03,TEST,460,4.6000000000000005,1,0.05982561967695384,False,0,7.01,3.114368547032265e-07
PREVALENCE,test-pump_trip-03,TEST,470,4.7,1,0.05982561967695384,False,0,7.01,3.114368547032265e-07
PREVALENCE,test-pump_trip-03,TEST,480,4.8,1,0.05982561967695384,False,0,7.01,3.114368547032265e-07
PREVALENCE,test-pump_trip-03,TEST,490,4.9,1,0.05982561967695384,False,0,7.01,3.114368547032265e-07
PREVALENCE,test-pump_trip-03,TEST,500,5.0,1,0.05982561967695384,False,0,7.01,3.114368547032265e-07
PREVALENCE,test-pump_trip-03,TEST,510,5.1000000000000005,1,0.05982561967695384,False,0,7.01,3.114368547032265e-07
PREVALENCE,test-pump_trip-03,TEST,520,5.2,1,0.05982561967695384,False,0,7.01,3.114368547032265e-07
PREVALENCE,test-pump_trip-03,TEST,530,5.3,1,0.05982561967695384,False,0,7.01,3.114368547032265e-07
PREVALENCE,test-pump_trip-03,TEST,540,5.4,1,0.05982561967695384,False,0,7.01,3.114368547032265e-07
PREVALENCE,test-pump_trip-03,TEST,550,5.5,1,0.05982561967695384,False,0,7.01,3.114368547032265e-07
PREVALENCE,test-pump_trip-03,TEST,560,5.6000000000000005,1,0.05982561967695384,False,0,7.01,3.114368547032265e-07
PREVALENCE,test-pump_trip-03,TEST,570,5.7,1,0.05982561967695384,False,0,7.01,3.114368547032265e-07
PREVALENCE,test-pump_trip-03,TEST,580,5.8,1,0.05982561967695384,False,0,7.01,3.114368547032265e-07
PREVALENCE,test-pump_trip-03,TEST,590,5.9,1,0.05982561967695384,False,0,7.01,3.114368547032265e-07
PREVALENCE,test-pump_trip-03,TEST,600,6.0,1,0.05982561967695384,False,0,7.01,3.114368547032265e-07
PREVALENCE,test-pump_trip-03,TEST,610,6.1000000000000005,1,0.05982561967695384,False,0,7.01,3.114368547032265e-07
PREVALENCE,test-pump_trip-03,TEST,620,6.2,1,0.05982561967695384,False,0,7.01,3.114368547032265e-07
PREVALENCE,test-pump_trip-03,TEST,630,6.3,1,0.05982561967695384,False,0,7.01,3.114368547032265e-07
PREVALENCE,test-pump_trip-03,TEST,640,6.4,1,0.05982561967695384,False,0,7.01,3.114368547032265e-07
PREVALENCE,test-pump_trip-03,TEST,650,6.5,1,0.05982561967695384,False,0,7.01,3.114368547032265e-07
PREVALENCE,test-pump_trip-03,TEST,660,6.6000000000000005,1,0.05982561967695384,False,0,7.01,3.114368547032265e-07
PREVALENCE,test-pump_trip-03,TEST,670,6.7,1,0.05982561967695384,False,0,7.01,3.114368547032265e-07
PREVALENCE,test-pump_trip-03,TEST,680,6.8,1,0.05982561967695384,False,0,7.01,3.114368547032265e-07
PREVALENCE,test-pump_trip-03,TEST,690,6.9,1,0.05982561967695384,False,0,7.01,3.114368547032265e-07
PREVALENCE,test-pump_trip-03,TEST,700,7.0,1,0.05982561967695384,False,0,7.01,3.114368547032265e-07
PREVALENCE,test-valve_restriction-00,TEST,430,4.3,0,0.05982561967695384,False,0,,3.114368547032265e-07
PREVALENCE,test-valve_restriction-00,TEST,440,4.4,0,0.05982561967695384,False,0,,3.114368547032265e-07
PREVALENCE,test-valve_restriction-00,TEST,450,4.5,0,0.05982561967695384,False,0,,3.114368547032265e-07
PREVALENCE,test-valve_restriction-00,TEST,460,4.6000000000000005,0,0.05982561967695384,False,0,,3.114368547032265e-07
PREVALENCE,test-valve_restriction-00,TEST,470,4.7,0,0.05982561967695384,False,0,,3.114368547032265e-07
PREVALENCE,test-valve_restriction-00,TEST,480,4.8,0,0.05982561967695384,False,0,,3.114368547032265e-07
PREVALENCE,test-valve_restriction-00,TEST,490,4.9,0,0.05982561967695384,False,0,,3.114368547032265e-07
PREVALENCE,test-valve_restriction-00,TEST,500,5.0,0,0.05982561967695384,False,0,,3.114368547032265e-07
PREVALENCE,test-valve_restriction-00,TEST,510,5.1000000000000005,0,0.05982561967695384,False,0,,3.114368547032265e-07
PREVALENCE,test-valve_restriction-00,TEST,520,5.2,0,0.05982561967695384,False,0,,3.114368547032265e-07
PREVALENCE,test-valve_restriction-00,TEST,530,5.3,0,0.05982561967695384,False,0,,3.114368547032265e-07
PREVALENCE,test-valve_restriction-00,TEST,540,5.4,0,0.05982561967695384,False,0,,3.114368547032265e-07
PREVALENCE,test-valve_restriction-00,TEST,550,5.5,0,0.05982561967695384,False,0,,3.114368547032265e-07
PREVALENCE,test-valve_restriction-00,TEST,560,5.6000000000000005,0,0.05982561967695384,False,0,,3.114368547032265e-07
PREVALENCE,test-valve_restriction-00,TEST,570,5.7,0,0.05982561967695384,False,0,,3.114368547032265e-07
PREVALENCE,test-valve_restriction-00,TEST,580,5.8,0,0.05982561967695384,False,0,,3.114368547032265e-07
PREVALENCE,test-valve_restriction-00,TEST,590,5.9,0,0.05982561967695384,False,0,,3.114368547032265e-07
PREVALENCE,test-valve_restriction-00,TEST,600,6.0,0,0.05982561967695384,False,0,,3.114368547032265e-07
PREVALENCE,test-valve_restriction-00,TEST,610,6.1000000000000005,0,0.05982561967695384,False,0,,3.114368547032265e-07
PREVALENCE,test-valve_restriction-00,TEST,620,6.2,0,0.05982561967695384,False,0,,3.114368547032265e-07
PREVALENCE,test-valve_restriction-00,TEST,630,6.3,0,0.05982561967695384,False,0,,3.114368547032265e-07
PREVALENCE,test-valve_restriction-00,TEST,640,6.4,0,0.05982561967695384,False,0,,3.114368547032265e-07
PREVALENCE,test-valve_restriction-00,TEST,650,6.5,0,0.05982561967695384,False,0,,3.114368547032265e-07
PREVALENCE,test-valve_restriction-00,TEST,660,6.6000000000000005,0,0.05982561967695384,False,0,,3.114368547032265e-07
PREVALENCE,test-valve_restriction-00,TEST,670,6.7,0,0.05982561967695384,False,0,,3.114368547032265e-07
PREVALENCE,test-valve_restriction-00,TEST,680,6.8,0,0.05982561967695384,False,0,,3.114368547032265e-07
PREVALENCE,test-valve_restriction-00,TEST,690,6.9,0,0.05982561967695384,False,0,,3.114368547032265e-07
PREVALENCE,test-valve_restriction-00,TEST,700,7.0,0,0.05982561967695384,False,0,,3.114368547032265e-07
PREVALENCE,test-valve_restriction-00,TEST,710,7.1000000000000005,0,0.05982561967695384,False,0,,3.114368547032265e-07
PREVALENCE,test-valve_restriction-00,TEST,720,7.2,0,0.05982561967695384,False,0,,3.114368547032265e-07
PREVALENCE,test-valve_restriction-00,TEST,730,7.3,0,0.05982561967695384,False,0,,3.114368547032265e-07
PREVALENCE,test-valve_restriction-00,TEST,740,7.4,0,0.05982561967695384,False,0,,3.114368547032265e-07
PREVALENCE,test-valve_restriction-00,TEST,750,7.5,0,0.05982561967695384,False,0,,3.114368547032265e-07
PREVALENCE,test-valve_restriction-00,TEST,760,7.6000000000000005,0,0.05982561967695384,False,0,,3.114368547032265e-07
PREVALENCE,test-valve_restriction-00,TEST,770,7.7,0,0.05982561967695384,False,0,,3.114368547032265e-07
PREVALENCE,test-valve_restriction-00,TEST,780,7.8,0,0.05982561967695384,False,0,,3.114368547032265e-07
PREVALENCE,test-valve_restriction-00,TEST,790,7.9,0,0.05982561967695384,False,0,,3.114368547032265e-07
PREVALENCE,test-valve_restriction-00,TEST,800,8.0,0,0.05982561967695384,False,0,,3.114368547032265e-07
PREVALENCE,test-valve_restriction-00,TEST,810,8.1,0,0.05982561967695384,False,0,,3.114368547032265e-07
PREVALENCE,test-valve_restriction-00,TEST,820,8.2,0,0.05982561967695384,False,0,,3.114368547032265e-07
PREVALENCE,test-valve_restriction-00,TEST,830,8.3,0,0.05982561967695384,False,0,,3.114368547032265e-07
PREVALENCE,test-valve_restriction-00,TEST,840,8.4,0,0.05982561967695384,False,0,,3.114368547032265e-07
PREVALENCE,test-valve_restriction-00,TEST,850,8.5,0,0.05982561967695384,False,0,,3.114368547032265e-07
PREVALENCE,test-valve_restriction-00,TEST,860,8.6,0,0.05982561967695384,False,0,,3.114368547032265e-07
PREVALENCE,test-valve_restriction-00,TEST,870,8.700000000000001,0,0.05982561967695384,False,0,,3.114368547032265e-07
PREVALENCE,test-valve_restriction-00,TEST,880,8.8,0,0.05982561967695384,False,0,,3.114368547032265e-07
PREVALENCE,test-valve_restriction-00,TEST,890,8.9,0,0.05982561967695384,False,0,,3.114368547032265e-07
PREVALENCE,test-valve_restriction-00,TEST,900,9.0,0,0.05982561967695384,False,0,,3.114368547032265e-07
PREVALENCE,test-valve_restriction-00,TEST,910,9.1,0,0.05982561967695384,False,0,,3.114368547032265e-07
PREVALENCE,test-valve_restriction-00,TEST,920,9.200000000000001,0,0.05982561967695384,False,0,,3.114368547032265e-07
PREVALENCE,test-valve_restriction-00,TEST,930,9.3,0,0.05982561967695384,False,0,,3.114368547032265e-07
PREVALENCE,test-valve_restriction-00,TEST,940,9.4,0,0.05982561967695384,False,0,,3.114368547032265e-07
PREVALENCE,test-valve_restriction-00,TEST,950,9.5,0,0.05982561967695384,False,0,,3.114368547032265e-07
PREVALENCE,test-valve_restriction-00,TEST,960,9.6,0,0.05982561967695384,False,0,,3.114368547032265e-07
PREVALENCE,test-valve_restriction-00,TEST,970,9.700000000000001,0,0.05982561967695384,False,0,,3.114368547032265e-07
PREVALENCE,test-valve_restriction-00,TEST,980,9.8,0,0.05982561967695384,False,0,,3.114368547032265e-07
PREVALENCE,test-valve_restriction-00,TEST,990,9.9,0,0.05982561967695384,False,0,,3.114368547032265e-07
PREVALENCE,test-valve_restriction-00,TEST,1000,10.0,0,0.05982561967695384,False,0,,3.114368547032265e-07
PREVALENCE,test-valve_restriction-00,TEST,1010,10.1,0,0.05982561967695384,False,0,,3.114368547032265e-07
PREVALENCE,test-valve_restriction-00,TEST,1020,10.200000000000001,0,0.05982561967695384,False,0,,3.114368547032265e-07
PREVALENCE,test-valve_restriction-00,TEST,1030,10.3,0,0.05982561967695384,False,0,,3.114368547032265e-07
PREVALENCE,test-valve_restriction-00,TEST,1040,10.4,0,0.05982561967695384,False,0,,3.114368547032265e-07
PREVALENCE,test-valve_restriction-00,TEST,1050,10.5,0,0.05982561967695384,False,0,,3.114368547032265e-07
PREVALENCE,test-valve_restriction-00,TEST,1060,10.6,0,0.05982561967695384,False,0,,3.114368547032265e-07
PREVALENCE,test-valve_restriction-00,TEST,1070,10.700000000000001,0,0.05982561967695384,False,0,,3.114368547032265e-07
PREVALENCE,test-valve_restriction-00,TEST,1080,10.8,0,0.05982561967695384,False,0,,3.114368547032265e-07
PREVALENCE,test-valve_restriction-00,TEST,1090,10.9,0,0.05982561967695384,False,0,,3.114368547032265e-07
PREVALENCE,test-valve_restriction-00,TEST,1100,11.0,0,0.05982561967695384,False,0,,3.114368547032265e-07
PREVALENCE,test-valve_restriction-00,TEST,1110,11.1,0,0.05982561967695384,False,0,,3.114368547032265e-07
PREVALENCE,test-valve_restriction-00,TEST,1120,11.200000000000001,0,0.05982561967695384,False,0,,3.114368547032265e-07
PREVALENCE,test-valve_restriction-00,TEST,1130,11.3,0,0.05982561967695384,False,0,,3.114368547032265e-07
PREVALENCE,test-valve_restriction-00,TEST,1140,11.4,0,0.05982561967695384,False,0,,3.114368547032265e-07
PREVALENCE,test-valve_restriction-00,TEST,1150,11.5,0,0.05982561967695384,False,0,,3.114368547032265e-07
PREVALENCE,test-valve_restriction-00,TEST,1160,11.6,0,0.05982561967695384,False,0,,3.114368547032265e-07
PREVALENCE,test-valve_restriction-00,TEST,1170,11.700000000000001,0,0.05982561967695384,False,0,,3.114368547032265e-07
PREVALENCE,test-valve_restriction-00,TEST,1180,11.8,0,0.05982561967695384,False,0,,3.114368547032265e-07
PREVALENCE,test-valve_restriction-00,TEST,1190,11.9,0,0.05982561967695384,False,0,,3.114368547032265e-07
PREVALENCE,test-valve_restriction-00,TEST,1200,12.0,0,0.05982561967695384,False,0,,3.114368547032265e-07
PREVALENCE,test-valve_restriction-00,TEST,1210,12.1,0,0.05982561967695384,False,0,,3.114368547032265e-07
PREVALENCE,test-valve_restriction-00,TEST,1220,12.200000000000001,0,0.05982561967695384,False,0,,3.114368547032265e-07
PREVALENCE,test-valve_restriction-00,TEST,1230,12.3,0,0.05982561967695384,False,0,,3.114368547032265e-07
PREVALENCE,test-valve_restriction-00,TEST,1240,12.4,0,0.05982561967695384,False,0,,3.114368547032265e-07
PREVALENCE,test-valve_restriction-00,TEST,1250,12.5,0,0.05982561967695384,False,0,,3.114368547032265e-07
PREVALENCE,test-valve_restriction-00,TEST,1260,12.6,0,0.05982561967695384,False,0,,3.114368547032265e-07
PREVALENCE,test-valve_restriction-00,TEST,1270,12.700000000000001,0,0.05982561967695384,False,0,,3.114368547032265e-07
PREVALENCE,test-valve_restriction-00,TEST,1280,12.8,0,0.05982561967695384,False,0,,3.114368547032265e-07
PREVALENCE,test-valve_restriction-00,TEST,1290,12.9,0,0.05982561967695384,False,0,,3.114368547032265e-07
PREVALENCE,test-valve_restriction-00,TEST,1300,13.0,0,0.05982561967695384,False,0,,3.114368547032265e-07
PREVALENCE,test-valve_restriction-01,TEST,430,4.3,0,0.05982561967695384,False,0,,3.114368547032265e-07
PREVALENCE,test-valve_restriction-01,TEST,440,4.4,0,0.05982561967695384,False,0,,3.114368547032265e-07
PREVALENCE,test-valve_restriction-01,TEST,450,4.5,0,0.05982561967695384,False,0,,3.114368547032265e-07
PREVALENCE,test-valve_restriction-01,TEST,460,4.6000000000000005,0,0.05982561967695384,False,0,,3.114368547032265e-07
PREVALENCE,test-valve_restriction-01,TEST,470,4.7,0,0.05982561967695384,False,0,,3.114368547032265e-07
PREVALENCE,test-valve_restriction-01,TEST,480,4.8,0,0.05982561967695384,False,0,,3.114368547032265e-07
PREVALENCE,test-valve_restriction-01,TEST,490,4.9,0,0.05982561967695384,False,0,,3.114368547032265e-07
PREVALENCE,test-valve_restriction-01,TEST,500,5.0,0,0.05982561967695384,False,0,,3.114368547032265e-07
PREVALENCE,test-valve_restriction-01,TEST,510,5.1000000000000005,0,0.05982561967695384,False,0,,3.114368547032265e-07
PREVALENCE,test-valve_restriction-01,TEST,520,5.2,0,0.05982561967695384,False,0,,3.114368547032265e-07
PREVALENCE,test-valve_restriction-01,TEST,530,5.3,0,0.05982561967695384,False,0,,3.114368547032265e-07
PREVALENCE,test-valve_restriction-01,TEST,540,5.4,0,0.05982561967695384,False,0,,3.114368547032265e-07
PREVALENCE,test-valve_restriction-01,TEST,550,5.5,0,0.05982561967695384,False,0,,3.114368547032265e-07
PREVALENCE,test-valve_restriction-01,TEST,560,5.6000000000000005,0,0.05982561967695384,False,0,,3.114368547032265e-07
PREVALENCE,test-valve_restriction-01,TEST,570,5.7,0,0.05982561967695384,False,0,,3.114368547032265e-07
PREVALENCE,test-valve_restriction-01,TEST,580,5.8,0,0.05982561967695384,False,0,,3.114368547032265e-07
PREVALENCE,test-valve_restriction-01,TEST,590,5.9,0,0.05982561967695384,False,0,,3.114368547032265e-07
PREVALENCE,test-valve_restriction-01,TEST,600,6.0,0,0.05982561967695384,False,0,,3.114368547032265e-07
PREVALENCE,test-valve_restriction-01,TEST,610,6.1000000000000005,0,0.05982561967695384,False,0,,3.114368547032265e-07
PREVALENCE,test-valve_restriction-01,TEST,620,6.2,0,0.05982561967695384,False,0,,3.114368547032265e-07
PREVALENCE,test-valve_restriction-01,TEST,630,6.3,0,0.05982561967695384,False,0,,3.114368547032265e-07
PREVALENCE,test-valve_restriction-01,TEST,640,6.4,0,0.05982561967695384,False,0,,3.114368547032265e-07
PREVALENCE,test-valve_restriction-01,TEST,650,6.5,0,0.05982561967695384,False,0,,3.114368547032265e-07
PREVALENCE,test-valve_restriction-01,TEST,660,6.6000000000000005,0,0.05982561967695384,False,0,,3.114368547032265e-07
PREVALENCE,test-valve_restriction-01,TEST,670,6.7,0,0.05982561967695384,False,0,,3.114368547032265e-07
PREVALENCE,test-valve_restriction-01,TEST,680,6.8,0,0.05982561967695384,False,0,,3.114368547032265e-07
PREVALENCE,test-valve_restriction-01,TEST,690,6.9,0,0.05982561967695384,False,0,,3.114368547032265e-07
PREVALENCE,test-valve_restriction-01,TEST,700,7.0,0,0.05982561967695384,False,0,,3.114368547032265e-07
PREVALENCE,test-valve_restriction-01,TEST,710,7.1000000000000005,0,0.05982561967695384,False,0,,3.114368547032265e-07
PREVALENCE,test-valve_restriction-01,TEST,720,7.2,0,0.05982561967695384,False,0,,3.114368547032265e-07
PREVALENCE,test-valve_restriction-01,TEST,730,7.3,0,0.05982561967695384,False,0,,3.114368547032265e-07
PREVALENCE,test-valve_restriction-01,TEST,740,7.4,0,0.05982561967695384,False,0,,3.114368547032265e-07
PREVALENCE,test-valve_restriction-01,TEST,750,7.5,0,0.05982561967695384,False,0,,3.114368547032265e-07
PREVALENCE,test-valve_restriction-01,TEST,760,7.6000000000000005,0,0.05982561967695384,False,0,,3.114368547032265e-07
PREVALENCE,test-valve_restriction-01,TEST,770,7.7,0,0.05982561967695384,False,0,,3.114368547032265e-07
PREVALENCE,test-valve_restriction-01,TEST,780,7.8,0,0.05982561967695384,False,0,,3.114368547032265e-07
PREVALENCE,test-valve_restriction-01,TEST,790,7.9,0,0.05982561967695384,False,0,,3.114368547032265e-07
PREVALENCE,test-valve_restriction-01,TEST,800,8.0,0,0.05982561967695384,False,0,,3.114368547032265e-07
PREVALENCE,test-valve_restriction-01,TEST,810,8.1,0,0.05982561967695384,False,0,,3.114368547032265e-07
PREVALENCE,test-valve_restriction-01,TEST,820,8.2,0,0.05982561967695384,False,0,,3.114368547032265e-07
PREVALENCE,test-valve_restriction-01,TEST,830,8.3,0,0.05982561967695384,False,0,,3.114368547032265e-07
PREVALENCE,test-valve_restriction-01,TEST,840,8.4,0,0.05982561967695384,False,0,,3.114368547032265e-07
PREVALENCE,test-valve_restriction-01,TEST,850,8.5,0,0.05982561967695384,False,0,,3.114368547032265e-07
PREVALENCE,test-valve_restriction-01,TEST,860,8.6,0,0.05982561967695384,False,0,,3.114368547032265e-07
PREVALENCE,test-valve_restriction-01,TEST,870,8.700000000000001,0,0.05982561967695384,False,0,,3.114368547032265e-07
PREVALENCE,test-valve_restriction-01,TEST,880,8.8,0,0.05982561967695384,False,0,,3.114368547032265e-07
PREVALENCE,test-valve_restriction-01,TEST,890,8.9,0,0.05982561967695384,False,0,,3.114368547032265e-07
PREVALENCE,test-valve_restriction-01,TEST,900,9.0,0,0.05982561967695384,False,0,,3.114368547032265e-07
PREVALENCE,test-valve_restriction-01,TEST,910,9.1,0,0.05982561967695384,False,0,,3.114368547032265e-07
PREVALENCE,test-valve_restriction-01,TEST,920,9.200000000000001,0,0.05982561967695384,False,0,,3.114368547032265e-07
PREVALENCE,test-valve_restriction-01,TEST,930,9.3,0,0.05982561967695384,False,0,,3.114368547032265e-07
PREVALENCE,test-valve_restriction-01,TEST,940,9.4,0,0.05982561967695384,False,0,,3.114368547032265e-07
PREVALENCE,test-valve_restriction-01,TEST,950,9.5,0,0.05982561967695384,False,0,,3.114368547032265e-07
PREVALENCE,test-valve_restriction-01,TEST,960,9.6,0,0.05982561967695384,False,0,,3.114368547032265e-07
PREVALENCE,test-valve_restriction-01,TEST,970,9.700000000000001,0,0.05982561967695384,False,0,,3.114368547032265e-07
PREVALENCE,test-valve_restriction-01,TEST,980,9.8,0,0.05982561967695384,False,0,,3.114368547032265e-07
PREVALENCE,test-valve_restriction-01,TEST,990,9.9,0,0.05982561967695384,False,0,,3.114368547032265e-07
PREVALENCE,test-valve_restriction-01,TEST,1000,10.0,0,0.05982561967695384,False,0,,3.114368547032265e-07
PREVALENCE,test-valve_restriction-01,TEST,1010,10.1,0,0.05982561967695384,False,0,,3.114368547032265e-07
PREVALENCE,test-valve_restriction-01,TEST,1020,10.200000000000001,0,0.05982561967695384,False,0,,3.114368547032265e-07
PREVALENCE,test-valve_restriction-01,TEST,1030,10.3,0,0.05982561967695384,False,0,,3.114368547032265e-07
PREVALENCE,test-valve_restriction-01,TEST,1040,10.4,0,0.05982561967695384,False,0,,3.114368547032265e-07
PREVALENCE,test-valve_restriction-01,TEST,1050,10.5,0,0.05982561967695384,False,0,,3.114368547032265e-07
PREVALENCE,test-valve_restriction-01,TEST,1060,10.6,0,0.05982561967695384,False,0,,3.114368547032265e-07
PREVALENCE,test-valve_restriction-01,TEST,1070,10.700000000000001,0,0.05982561967695384,False,0,,3.114368547032265e-07
PREVALENCE,test-valve_restriction-01,TEST,1080,10.8,0,0.05982561967695384,False,0,,3.114368547032265e-07
PREVALENCE,test-valve_restriction-01,TEST,1090,10.9,0,0.05982561967695384,False,0,,3.114368547032265e-07
PREVALENCE,test-valve_restriction-01,TEST,1100,11.0,0,0.05982561967695384,False,0,,3.114368547032265e-07
PREVALENCE,test-valve_restriction-01,TEST,1110,11.1,0,0.05982561967695384,False,0,,3.114368547032265e-07
PREVALENCE,test-valve_restriction-01,TEST,1120,11.200000000000001,0,0.05982561967695384,False,0,,3.114368547032265e-07
PREVALENCE,test-valve_restriction-01,TEST,1130,11.3,0,0.05982561967695384,False,0,,3.114368547032265e-07
PREVALENCE,test-valve_restriction-01,TEST,1140,11.4,0,0.05982561967695384,False,0,,3.114368547032265e-07
PREVALENCE,test-valve_restriction-01,TEST,1150,11.5,0,0.05982561967695384,False,0,,3.114368547032265e-07
PREVALENCE,test-valve_restriction-01,TEST,1160,11.6,0,0.05982561967695384,False,0,,3.114368547032265e-07
PREVALENCE,test-valve_restriction-01,TEST,1170,11.700000000000001,0,0.05982561967695384,False,0,,3.114368547032265e-07
PREVALENCE,test-valve_restriction-01,TEST,1180,11.8,0,0.05982561967695384,False,0,,3.114368547032265e-07
PREVALENCE,test-valve_restriction-01,TEST,1190,11.9,0,0.05982561967695384,False,0,,3.114368547032265e-07
PREVALENCE,test-valve_restriction-01,TEST,1200,12.0,0,0.05982561967695384,False,0,,3.114368547032265e-07
PREVALENCE,test-valve_restriction-01,TEST,1210,12.1,0,0.05982561967695384,False,0,,3.114368547032265e-07
PREVALENCE,test-valve_restriction-01,TEST,1220,12.200000000000001,0,0.05982561967695384,False,0,,3.114368547032265e-07
PREVALENCE,test-valve_restriction-01,TEST,1230,12.3,0,0.05982561967695384,False,0,,3.114368547032265e-07
PREVALENCE,test-valve_restriction-01,TEST,1240,12.4,0,0.05982561967695384,False,0,,3.114368547032265e-07
PREVALENCE,test-valve_restriction-01,TEST,1250,12.5,0,0.05982561967695384,False,0,,3.114368547032265e-07
PREVALENCE,test-valve_restriction-01,TEST,1260,12.6,0,0.05982561967695384,False,0,,3.114368547032265e-07
PREVALENCE,test-valve_restriction-01,TEST,1270,12.700000000000001,0,0.05982561967695384,False,0,,3.114368547032265e-07
PREVALENCE,test-valve_restriction-01,TEST,1280,12.8,0,0.05982561967695384,False,0,,3.114368547032265e-07
PREVALENCE,test-valve_restriction-01,TEST,1290,12.9,0,0.05982561967695384,False,0,,3.114368547032265e-07
PREVALENCE,test-valve_restriction-01,TEST,1300,13.0,0,0.05982561967695384,False,0,,3.114368547032265e-07
PREVALENCE,test-valve_restriction-02,TEST,430,4.3,0,0.05982561967695384,False,0,,3.114368547032265e-07
PREVALENCE,test-valve_restriction-02,TEST,440,4.4,0,0.05982561967695384,False,0,,3.114368547032265e-07
PREVALENCE,test-valve_restriction-02,TEST,450,4.5,0,0.05982561967695384,False,0,,3.114368547032265e-07
PREVALENCE,test-valve_restriction-02,TEST,460,4.6000000000000005,0,0.05982561967695384,False,0,,3.114368547032265e-07
PREVALENCE,test-valve_restriction-02,TEST,470,4.7,0,0.05982561967695384,False,0,,3.114368547032265e-07
PREVALENCE,test-valve_restriction-02,TEST,480,4.8,0,0.05982561967695384,False,0,,3.114368547032265e-07
PREVALENCE,test-valve_restriction-02,TEST,490,4.9,0,0.05982561967695384,False,0,,3.114368547032265e-07
PREVALENCE,test-valve_restriction-02,TEST,500,5.0,0,0.05982561967695384,False,0,,3.114368547032265e-07
PREVALENCE,test-valve_restriction-02,TEST,510,5.1000000000000005,0,0.05982561967695384,False,0,,3.114368547032265e-07
PREVALENCE,test-valve_restriction-02,TEST,520,5.2,0,0.05982561967695384,False,0,,3.114368547032265e-07
PREVALENCE,test-valve_restriction-02,TEST,530,5.3,0,0.05982561967695384,False,0,,3.114368547032265e-07
PREVALENCE,test-valve_restriction-02,TEST,540,5.4,0,0.05982561967695384,False,0,,3.114368547032265e-07
PREVALENCE,test-valve_restriction-02,TEST,550,5.5,0,0.05982561967695384,False,0,,3.114368547032265e-07
PREVALENCE,test-valve_restriction-02,TEST,560,5.6000000000000005,0,0.05982561967695384,False,0,,3.114368547032265e-07
PREVALENCE,test-valve_restriction-02,TEST,570,5.7,0,0.05982561967695384,False,0,,3.114368547032265e-07
PREVALENCE,test-valve_restriction-02,TEST,580,5.8,0,0.05982561967695384,False,0,,3.114368547032265e-07
PREVALENCE,test-valve_restriction-02,TEST,590,5.9,0,0.05982561967695384,False,0,,3.114368547032265e-07
PREVALENCE,test-valve_restriction-02,TEST,600,6.0,0,0.05982561967695384,False,0,,3.114368547032265e-07
PREVALENCE,test-valve_restriction-02,TEST,610,6.1000000000000005,0,0.05982561967695384,False,0,,3.114368547032265e-07
PREVALENCE,test-valve_restriction-02,TEST,620,6.2,0,0.05982561967695384,False,0,,3.114368547032265e-07
PREVALENCE,test-valve_restriction-02,TEST,630,6.3,0,0.05982561967695384,False,0,,3.114368547032265e-07
PREVALENCE,test-valve_restriction-02,TEST,640,6.4,0,0.05982561967695384,False,0,,3.114368547032265e-07
PREVALENCE,test-valve_restriction-02,TEST,650,6.5,0,0.05982561967695384,False,0,,3.114368547032265e-07
PREVALENCE,test-valve_restriction-02,TEST,660,6.6000000000000005,0,0.05982561967695384,False,0,,3.114368547032265e-07
PREVALENCE,test-valve_restriction-02,TEST,670,6.7,0,0.05982561967695384,False,0,,3.114368547032265e-07
PREVALENCE,test-valve_restriction-02,TEST,680,6.8,0,0.05982561967695384,False,0,,3.114368547032265e-07
PREVALENCE,test-valve_restriction-02,TEST,690,6.9,0,0.05982561967695384,False,0,,3.114368547032265e-07
PREVALENCE,test-valve_restriction-02,TEST,700,7.0,0,0.05982561967695384,False,0,,3.114368547032265e-07
PREVALENCE,test-valve_restriction-02,TEST,710,7.1000000000000005,0,0.05982561967695384,False,0,,3.114368547032265e-07
PREVALENCE,test-valve_restriction-02,TEST,720,7.2,0,0.05982561967695384,False,0,,3.114368547032265e-07
PREVALENCE,test-valve_restriction-02,TEST,730,7.3,0,0.05982561967695384,False,0,,3.114368547032265e-07
PREVALENCE,test-valve_restriction-02,TEST,740,7.4,0,0.05982561967695384,False,0,,3.114368547032265e-07
PREVALENCE,test-valve_restriction-02,TEST,750,7.5,0,0.05982561967695384,False,0,,3.114368547032265e-07
PREVALENCE,test-valve_restriction-02,TEST,760,7.6000000000000005,0,0.05982561967695384,False,0,,3.114368547032265e-07
PREVALENCE,test-valve_restriction-02,TEST,770,7.7,0,0.05982561967695384,False,0,,3.114368547032265e-07
PREVALENCE,test-valve_restriction-02,TEST,780,7.8,0,0.05982561967695384,False,0,,3.114368547032265e-07
PREVALENCE,test-valve_restriction-02,TEST,790,7.9,0,0.05982561967695384,False,0,,3.114368547032265e-07
PREVALENCE,test-valve_restriction-02,TEST,800,8.0,0,0.05982561967695384,False,0,,3.114368547032265e-07
PREVALENCE,test-valve_restriction-02,TEST,810,8.1,0,0.05982561967695384,False,0,,3.114368547032265e-07
PREVALENCE,test-valve_restriction-02,TEST,820,8.2,0,0.05982561967695384,False,0,,3.114368547032265e-07
PREVALENCE,test-valve_restriction-02,TEST,830,8.3,0,0.05982561967695384,False,0,,3.114368547032265e-07
PREVALENCE,test-valve_restriction-02,TEST,840,8.4,0,0.05982561967695384,False,0,,3.114368547032265e-07
PREVALENCE,test-valve_restriction-02,TEST,850,8.5,0,0.05982561967695384,False,0,,3.114368547032265e-07
PREVALENCE,test-valve_restriction-02,TEST,860,8.6,0,0.05982561967695384,False,0,,3.114368547032265e-07
PREVALENCE,test-valve_restriction-02,TEST,870,8.700000000000001,0,0.05982561967695384,False,0,,3.114368547032265e-07
PREVALENCE,test-valve_restriction-02,TEST,880,8.8,0,0.05982561967695384,False,0,,3.114368547032265e-07
PREVALENCE,test-valve_restriction-02,TEST,890,8.9,0,0.05982561967695384,False,0,,3.114368547032265e-07
PREVALENCE,test-valve_restriction-02,TEST,900,9.0,0,0.05982561967695384,False,0,,3.114368547032265e-07
PREVALENCE,test-valve_restriction-02,TEST,910,9.1,0,0.05982561967695384,False,0,,3.114368547032265e-07
PREVALENCE,test-valve_restriction-02,TEST,920,9.200000000000001,0,0.05982561967695384,False,0,,3.114368547032265e-07
PREVALENCE,test-valve_restriction-02,TEST,930,9.3,0,0.05982561967695384,False,0,,3.114368547032265e-07
PREVALENCE,test-valve_restriction-02,TEST,940,9.4,0,0.05982561967695384,False,0,,3.114368547032265e-07
PREVALENCE,test-valve_restriction-02,TEST,950,9.5,0,0.05982561967695384,False,0,,3.114368547032265e-07
PREVALENCE,test-valve_restriction-02,TEST,960,9.6,0,0.05982561967695384,False,0,,3.114368547032265e-07
PREVALENCE,test-valve_restriction-02,TEST,970,9.700000000000001,0,0.05982561967695384,False,0,,3.114368547032265e-07
PREVALENCE,test-valve_restriction-02,TEST,980,9.8,0,0.05982561967695384,False,0,,3.114368547032265e-07
PREVALENCE,test-valve_restriction-02,TEST,990,9.9,0,0.05982561967695384,False,0,,3.114368547032265e-07
PREVALENCE,test-valve_restriction-02,TEST,1000,10.0,0,0.05982561967695384,False,0,,3.114368547032265e-07
PREVALENCE,test-valve_restriction-02,TEST,1010,10.1,0,0.05982561967695384,False,0,,3.114368547032265e-07
PREVALENCE,test-valve_restriction-02,TEST,1020,10.200000000000001,0,0.05982561967695384,False,0,,3.114368547032265e-07
PREVALENCE,test-valve_restriction-02,TEST,1030,10.3,0,0.05982561967695384,False,0,,3.114368547032265e-07
PREVALENCE,test-valve_restriction-02,TEST,1040,10.4,0,0.05982561967695384,False,0,,3.114368547032265e-07
PREVALENCE,test-valve_restriction-02,TEST,1050,10.5,0,0.05982561967695384,False,0,,3.114368547032265e-07
PREVALENCE,test-valve_restriction-02,TEST,1060,10.6,0,0.05982561967695384,False,0,,3.114368547032265e-07
PREVALENCE,test-valve_restriction-02,TEST,1070,10.700000000000001,0,0.05982561967695384,False,0,,3.114368547032265e-07
PREVALENCE,test-valve_restriction-02,TEST,1080,10.8,0,0.05982561967695384,False,0,,3.114368547032265e-07
PREVALENCE,test-valve_restriction-02,TEST,1090,10.9,0,0.05982561967695384,False,0,,3.114368547032265e-07
PREVALENCE,test-valve_restriction-02,TEST,1100,11.0,0,0.05982561967695384,False,0,,3.114368547032265e-07
PREVALENCE,test-valve_restriction-02,TEST,1110,11.1,0,0.05982561967695384,False,0,,3.114368547032265e-07
PREVALENCE,test-valve_restriction-02,TEST,1120,11.200000000000001,0,0.05982561967695384,False,0,,3.114368547032265e-07
PREVALENCE,test-valve_restriction-02,TEST,1130,11.3,0,0.05982561967695384,False,0,,3.114368547032265e-07
PREVALENCE,test-valve_restriction-02,TEST,1140,11.4,0,0.05982561967695384,False,0,,3.114368547032265e-07
PREVALENCE,test-valve_restriction-02,TEST,1150,11.5,0,0.05982561967695384,False,0,,3.114368547032265e-07
PREVALENCE,test-valve_restriction-02,TEST,1160,11.6,0,0.05982561967695384,False,0,,3.114368547032265e-07
PREVALENCE,test-valve_restriction-02,TEST,1170,11.700000000000001,0,0.05982561967695384,False,0,,3.114368547032265e-07
PREVALENCE,test-valve_restriction-02,TEST,1180,11.8,0,0.05982561967695384,False,0,,3.114368547032265e-07
PREVALENCE,test-valve_restriction-02,TEST,1190,11.9,0,0.05982561967695384,False,0,,3.114368547032265e-07
PREVALENCE,test-valve_restriction-02,TEST,1200,12.0,0,0.05982561967695384,False,0,,3.114368547032265e-07
PREVALENCE,test-valve_restriction-02,TEST,1210,12.1,0,0.05982561967695384,False,0,,3.114368547032265e-07
PREVALENCE,test-valve_restriction-02,TEST,1220,12.200000000000001,0,0.05982561967695384,False,0,,3.114368547032265e-07
PREVALENCE,test-valve_restriction-02,TEST,1230,12.3,0,0.05982561967695384,False,0,,3.114368547032265e-07
PREVALENCE,test-valve_restriction-02,TEST,1240,12.4,0,0.05982561967695384,False,0,,3.114368547032265e-07
PREVALENCE,test-valve_restriction-02,TEST,1250,12.5,0,0.05982561967695384,False,0,,3.114368547032265e-07
PREVALENCE,test-valve_restriction-02,TEST,1260,12.6,0,0.05982561967695384,False,0,,3.114368547032265e-07
PREVALENCE,test-valve_restriction-02,TEST,1270,12.700000000000001,0,0.05982561967695384,False,0,,3.114368547032265e-07
PREVALENCE,test-valve_restriction-02,TEST,1280,12.8,0,0.05982561967695384,False,0,,3.114368547032265e-07
PREVALENCE,test-valve_restriction-02,TEST,1290,12.9,0,0.05982561967695384,False,0,,3.114368547032265e-07
PREVALENCE,test-valve_restriction-02,TEST,1300,13.0,0,0.05982561967695384,False,0,,3.114368547032265e-07
PREVALENCE,test-valve_restriction-03,TEST,430,4.3,1,0.05982561967695384,False,0,7.01,3.114368547032265e-07
PREVALENCE,test-valve_restriction-03,TEST,440,4.4,1,0.05982561967695384,False,0,7.01,3.114368547032265e-07
PREVALENCE,test-valve_restriction-03,TEST,450,4.5,1,0.05982561967695384,False,0,7.01,3.114368547032265e-07
PREVALENCE,test-valve_restriction-03,TEST,460,4.6000000000000005,1,0.05982561967695384,False,0,7.01,3.114368547032265e-07
PREVALENCE,test-valve_restriction-03,TEST,470,4.7,1,0.05982561967695384,False,0,7.01,3.114368547032265e-07
PREVALENCE,test-valve_restriction-03,TEST,480,4.8,1,0.05982561967695384,False,0,7.01,3.114368547032265e-07
PREVALENCE,test-valve_restriction-03,TEST,490,4.9,1,0.05982561967695384,False,0,7.01,3.114368547032265e-07
PREVALENCE,test-valve_restriction-03,TEST,500,5.0,1,0.05982561967695384,False,0,7.01,3.114368547032265e-07
PREVALENCE,test-valve_restriction-03,TEST,510,5.1000000000000005,1,0.05982561967695384,False,0,7.01,3.114368547032265e-07
PREVALENCE,test-valve_restriction-03,TEST,520,5.2,1,0.05982561967695384,False,0,7.01,3.114368547032265e-07
PREVALENCE,test-valve_restriction-03,TEST,530,5.3,1,0.05982561967695384,False,0,7.01,3.114368547032265e-07
PREVALENCE,test-valve_restriction-03,TEST,540,5.4,1,0.05982561967695384,False,0,7.01,3.114368547032265e-07
PREVALENCE,test-valve_restriction-03,TEST,550,5.5,1,0.05982561967695384,False,0,7.01,3.114368547032265e-07
PREVALENCE,test-valve_restriction-03,TEST,560,5.6000000000000005,1,0.05982561967695384,False,0,7.01,3.114368547032265e-07
PREVALENCE,test-valve_restriction-03,TEST,570,5.7,1,0.05982561967695384,False,0,7.01,3.114368547032265e-07
PREVALENCE,test-valve_restriction-03,TEST,580,5.8,1,0.05982561967695384,False,0,7.01,3.114368547032265e-07
PREVALENCE,test-valve_restriction-03,TEST,590,5.9,1,0.05982561967695384,False,0,7.01,3.114368547032265e-07
PREVALENCE,test-valve_restriction-03,TEST,600,6.0,1,0.05982561967695384,False,0,7.01,3.114368547032265e-07
PREVALENCE,test-valve_restriction-03,TEST,610,6.1000000000000005,1,0.05982561967695384,False,0,7.01,3.114368547032265e-07
PREVALENCE,test-valve_restriction-03,TEST,620,6.2,1,0.05982561967695384,False,0,7.01,3.114368547032265e-07
PREVALENCE,test-valve_restriction-03,TEST,630,6.3,1,0.05982561967695384,False,0,7.01,3.114368547032265e-07
PREVALENCE,test-valve_restriction-03,TEST,640,6.4,1,0.05982561967695384,False,0,7.01,3.114368547032265e-07
PREVALENCE,test-valve_restriction-03,TEST,650,6.5,1,0.05982561967695384,False,0,7.01,3.114368547032265e-07
PREVALENCE,test-valve_restriction-03,TEST,660,6.6000000000000005,1,0.05982561967695384,False,0,7.01,3.114368547032265e-07
PREVALENCE,test-valve_restriction-03,TEST,670,6.7,1,0.05982561967695384,False,0,7.01,3.114368547032265e-07
PREVALENCE,test-valve_restriction-03,TEST,680,6.8,1,0.05982561967695384,False,0,7.01,3.114368547032265e-07
PREVALENCE,test-valve_restriction-03,TEST,690,6.9,1,0.05982561967695384,False,0,7.01,3.114368547032265e-07
PREVALENCE,test-valve_restriction-03,TEST,700,7.0,1,0.05982561967695384,False,0,7.01,3.114368547032265e-07
PREVALENCE,test-tool_demand_spike-00,TEST,430,4.3,0,0.05982561967695384,False,0,,3.114368547032265e-07
PREVALENCE,test-tool_demand_spike-00,TEST,440,4.4,0,0.05982561967695384,False,0,,3.114368547032265e-07
PREVALENCE,test-tool_demand_spike-00,TEST,450,4.5,0,0.05982561967695384,False,0,,3.114368547032265e-07
PREVALENCE,test-tool_demand_spike-00,TEST,460,4.6000000000000005,0,0.05982561967695384,False,0,,3.114368547032265e-07
PREVALENCE,test-tool_demand_spike-00,TEST,470,4.7,0,0.05982561967695384,False,0,,3.114368547032265e-07
PREVALENCE,test-tool_demand_spike-00,TEST,480,4.8,0,0.05982561967695384,False,0,,3.114368547032265e-07
PREVALENCE,test-tool_demand_spike-00,TEST,490,4.9,0,0.05982561967695384,False,0,,3.114368547032265e-07
PREVALENCE,test-tool_demand_spike-00,TEST,500,5.0,0,0.05982561967695384,False,0,,3.114368547032265e-07
PREVALENCE,test-tool_demand_spike-00,TEST,510,5.1000000000000005,0,0.05982561967695384,False,0,,3.114368547032265e-07
PREVALENCE,test-tool_demand_spike-00,TEST,520,5.2,0,0.05982561967695384,False,0,,3.114368547032265e-07
PREVALENCE,test-tool_demand_spike-00,TEST,530,5.3,0,0.05982561967695384,False,0,,3.114368547032265e-07
PREVALENCE,test-tool_demand_spike-00,TEST,540,5.4,0,0.05982561967695384,False,0,,3.114368547032265e-07
PREVALENCE,test-tool_demand_spike-00,TEST,550,5.5,0,0.05982561967695384,False,0,,3.114368547032265e-07
PREVALENCE,test-tool_demand_spike-00,TEST,560,5.6000000000000005,0,0.05982561967695384,False,0,,3.114368547032265e-07
PREVALENCE,test-tool_demand_spike-00,TEST,570,5.7,0,0.05982561967695384,False,0,,3.114368547032265e-07
PREVALENCE,test-tool_demand_spike-00,TEST,580,5.8,0,0.05982561967695384,False,0,,3.114368547032265e-07
PREVALENCE,test-tool_demand_spike-00,TEST,590,5.9,0,0.05982561967695384,False,0,,3.114368547032265e-07
PREVALENCE,test-tool_demand_spike-00,TEST,600,6.0,0,0.05982561967695384,False,0,,3.114368547032265e-07
PREVALENCE,test-tool_demand_spike-00,TEST,610,6.1000000000000005,0,0.05982561967695384,False,0,,3.114368547032265e-07
PREVALENCE,test-tool_demand_spike-00,TEST,620,6.2,0,0.05982561967695384,False,0,,3.114368547032265e-07
PREVALENCE,test-tool_demand_spike-00,TEST,630,6.3,0,0.05982561967695384,False,0,,3.114368547032265e-07
PREVALENCE,test-tool_demand_spike-00,TEST,640,6.4,0,0.05982561967695384,False,0,,3.114368547032265e-07
PREVALENCE,test-tool_demand_spike-00,TEST,650,6.5,0,0.05982561967695384,False,0,,3.114368547032265e-07
PREVALENCE,test-tool_demand_spike-00,TEST,660,6.6000000000000005,0,0.05982561967695384,False,0,,3.114368547032265e-07
PREVALENCE,test-tool_demand_spike-00,TEST,670,6.7,0,0.05982561967695384,False,0,,3.114368547032265e-07
PREVALENCE,test-tool_demand_spike-00,TEST,680,6.8,0,0.05982561967695384,False,0,,3.114368547032265e-07
PREVALENCE,test-tool_demand_spike-00,TEST,690,6.9,0,0.05982561967695384,False,0,,3.114368547032265e-07
PREVALENCE,test-tool_demand_spike-00,TEST,700,7.0,0,0.05982561967695384,False,0,,3.114368547032265e-07
PREVALENCE,test-tool_demand_spike-00,TEST,710,7.1000000000000005,0,0.05982561967695384,False,0,,3.114368547032265e-07
PREVALENCE,test-tool_demand_spike-00,TEST,720,7.2,0,0.05982561967695384,False,0,,3.114368547032265e-07
PREVALENCE,test-tool_demand_spike-00,TEST,730,7.3,0,0.05982561967695384,False,0,,3.114368547032265e-07
PREVALENCE,test-tool_demand_spike-00,TEST,740,7.4,0,0.05982561967695384,False,0,,3.114368547032265e-07
PREVALENCE,test-tool_demand_spike-00,TEST,750,7.5,0,0.05982561967695384,False,0,,3.114368547032265e-07
PREVALENCE,test-tool_demand_spike-00,TEST,760,7.6000000000000005,0,0.05982561967695384,False,0,,3.114368547032265e-07
PREVALENCE,test-tool_demand_spike-00,TEST,770,7.7,0,0.05982561967695384,False,0,,3.114368547032265e-07
PREVALENCE,test-tool_demand_spike-00,TEST,780,7.8,0,0.05982561967695384,False,0,,3.114368547032265e-07
PREVALENCE,test-tool_demand_spike-00,TEST,790,7.9,0,0.05982561967695384,False,0,,3.114368547032265e-07
PREVALENCE,test-tool_demand_spike-00,TEST,800,8.0,0,0.05982561967695384,False,0,,3.114368547032265e-07
PREVALENCE,test-tool_demand_spike-00,TEST,810,8.1,0,0.05982561967695384,False,0,,3.114368547032265e-07
PREVALENCE,test-tool_demand_spike-00,TEST,820,8.2,0,0.05982561967695384,False,0,,3.114368547032265e-07
PREVALENCE,test-tool_demand_spike-00,TEST,830,8.3,0,0.05982561967695384,False,0,,3.114368547032265e-07
PREVALENCE,test-tool_demand_spike-00,TEST,840,8.4,0,0.05982561967695384,False,0,,3.114368547032265e-07
PREVALENCE,test-tool_demand_spike-00,TEST,850,8.5,0,0.05982561967695384,False,0,,3.114368547032265e-07
PREVALENCE,test-tool_demand_spike-00,TEST,860,8.6,0,0.05982561967695384,False,0,,3.114368547032265e-07
PREVALENCE,test-tool_demand_spike-00,TEST,870,8.700000000000001,0,0.05982561967695384,False,0,,3.114368547032265e-07
PREVALENCE,test-tool_demand_spike-00,TEST,880,8.8,0,0.05982561967695384,False,0,,3.114368547032265e-07
PREVALENCE,test-tool_demand_spike-00,TEST,890,8.9,0,0.05982561967695384,False,0,,3.114368547032265e-07
PREVALENCE,test-tool_demand_spike-00,TEST,900,9.0,0,0.05982561967695384,False,0,,3.114368547032265e-07
PREVALENCE,test-tool_demand_spike-00,TEST,910,9.1,0,0.05982561967695384,False,0,,3.114368547032265e-07
PREVALENCE,test-tool_demand_spike-00,TEST,920,9.200000000000001,0,0.05982561967695384,False,0,,3.114368547032265e-07
PREVALENCE,test-tool_demand_spike-00,TEST,930,9.3,0,0.05982561967695384,False,0,,3.114368547032265e-07
PREVALENCE,test-tool_demand_spike-00,TEST,940,9.4,0,0.05982561967695384,False,0,,3.114368547032265e-07
PREVALENCE,test-tool_demand_spike-00,TEST,950,9.5,0,0.05982561967695384,False,0,,3.114368547032265e-07
PREVALENCE,test-tool_demand_spike-00,TEST,960,9.6,0,0.05982561967695384,False,0,,3.114368547032265e-07
PREVALENCE,test-tool_demand_spike-00,TEST,970,9.700000000000001,0,0.05982561967695384,False,0,,3.114368547032265e-07
PREVALENCE,test-tool_demand_spike-00,TEST,980,9.8,0,0.05982561967695384,False,0,,3.114368547032265e-07
PREVALENCE,test-tool_demand_spike-00,TEST,990,9.9,0,0.05982561967695384,False,0,,3.114368547032265e-07
PREVALENCE,test-tool_demand_spike-00,TEST,1000,10.0,0,0.05982561967695384,False,0,,3.114368547032265e-07
PREVALENCE,test-tool_demand_spike-00,TEST,1010,10.1,0,0.05982561967695384,False,0,,3.114368547032265e-07
PREVALENCE,test-tool_demand_spike-00,TEST,1020,10.200000000000001,0,0.05982561967695384,False,0,,3.114368547032265e-07
PREVALENCE,test-tool_demand_spike-00,TEST,1030,10.3,0,0.05982561967695384,False,0,,3.114368547032265e-07
PREVALENCE,test-tool_demand_spike-00,TEST,1040,10.4,0,0.05982561967695384,False,0,,3.114368547032265e-07
PREVALENCE,test-tool_demand_spike-00,TEST,1050,10.5,0,0.05982561967695384,False,0,,3.114368547032265e-07
PREVALENCE,test-tool_demand_spike-00,TEST,1060,10.6,0,0.05982561967695384,False,0,,3.114368547032265e-07
PREVALENCE,test-tool_demand_spike-00,TEST,1070,10.700000000000001,0,0.05982561967695384,False,0,,3.114368547032265e-07
PREVALENCE,test-tool_demand_spike-00,TEST,1080,10.8,0,0.05982561967695384,False,0,,3.114368547032265e-07
PREVALENCE,test-tool_demand_spike-00,TEST,1090,10.9,0,0.05982561967695384,False,0,,3.114368547032265e-07
PREVALENCE,test-tool_demand_spike-00,TEST,1100,11.0,0,0.05982561967695384,False,0,,3.114368547032265e-07
PREVALENCE,test-tool_demand_spike-00,TEST,1110,11.1,0,0.05982561967695384,False,0,,3.114368547032265e-07
PREVALENCE,test-tool_demand_spike-00,TEST,1120,11.200000000000001,0,0.05982561967695384,False,0,,3.114368547032265e-07
PREVALENCE,test-tool_demand_spike-00,TEST,1130,11.3,0,0.05982561967695384,False,0,,3.114368547032265e-07
PREVALENCE,test-tool_demand_spike-00,TEST,1140,11.4,0,0.05982561967695384,False,0,,3.114368547032265e-07
PREVALENCE,test-tool_demand_spike-00,TEST,1150,11.5,0,0.05982561967695384,False,0,,3.114368547032265e-07
PREVALENCE,test-tool_demand_spike-00,TEST,1160,11.6,0,0.05982561967695384,False,0,,3.114368547032265e-07
PREVALENCE,test-tool_demand_spike-00,TEST,1170,11.700000000000001,0,0.05982561967695384,False,0,,3.114368547032265e-07
PREVALENCE,test-tool_demand_spike-00,TEST,1180,11.8,0,0.05982561967695384,False,0,,3.114368547032265e-07
PREVALENCE,test-tool_demand_spike-00,TEST,1190,11.9,0,0.05982561967695384,False,0,,3.114368547032265e-07
PREVALENCE,test-tool_demand_spike-00,TEST,1200,12.0,0,0.05982561967695384,False,0,,3.114368547032265e-07
PREVALENCE,test-tool_demand_spike-00,TEST,1210,12.1,0,0.05982561967695384,False,0,,3.114368547032265e-07
PREVALENCE,test-tool_demand_spike-00,TEST,1220,12.200000000000001,0,0.05982561967695384,False,0,,3.114368547032265e-07
PREVALENCE,test-tool_demand_spike-00,TEST,1230,12.3,0,0.05982561967695384,False,0,,3.114368547032265e-07
PREVALENCE,test-tool_demand_spike-00,TEST,1240,12.4,0,0.05982561967695384,False,0,,3.114368547032265e-07
PREVALENCE,test-tool_demand_spike-00,TEST,1250,12.5,0,0.05982561967695384,False,0,,3.114368547032265e-07
PREVALENCE,test-tool_demand_spike-00,TEST,1260,12.6,0,0.05982561967695384,False,0,,3.114368547032265e-07
PREVALENCE,test-tool_demand_spike-00,TEST,1270,12.700000000000001,0,0.05982561967695384,False,0,,3.114368547032265e-07
PREVALENCE,test-tool_demand_spike-00,TEST,1280,12.8,0,0.05982561967695384,False,0,,3.114368547032265e-07
PREVALENCE,test-tool_demand_spike-00,TEST,1290,12.9,0,0.05982561967695384,False,0,,3.114368547032265e-07
PREVALENCE,test-tool_demand_spike-00,TEST,1300,13.0,0,0.05982561967695384,False,0,,3.114368547032265e-07
PREVALENCE,test-tool_demand_spike-01,TEST,430,4.3,0,0.05982561967695384,False,0,,3.114368547032265e-07
PREVALENCE,test-tool_demand_spike-01,TEST,440,4.4,0,0.05982561967695384,False,0,,3.114368547032265e-07
PREVALENCE,test-tool_demand_spike-01,TEST,450,4.5,0,0.05982561967695384,False,0,,3.114368547032265e-07
PREVALENCE,test-tool_demand_spike-01,TEST,460,4.6000000000000005,0,0.05982561967695384,False,0,,3.114368547032265e-07
PREVALENCE,test-tool_demand_spike-01,TEST,470,4.7,0,0.05982561967695384,False,0,,3.114368547032265e-07
PREVALENCE,test-tool_demand_spike-01,TEST,480,4.8,0,0.05982561967695384,False,0,,3.114368547032265e-07
PREVALENCE,test-tool_demand_spike-01,TEST,490,4.9,0,0.05982561967695384,False,0,,3.114368547032265e-07
PREVALENCE,test-tool_demand_spike-01,TEST,500,5.0,0,0.05982561967695384,False,0,,3.114368547032265e-07
PREVALENCE,test-tool_demand_spike-01,TEST,510,5.1000000000000005,0,0.05982561967695384,False,0,,3.114368547032265e-07
PREVALENCE,test-tool_demand_spike-01,TEST,520,5.2,0,0.05982561967695384,False,0,,3.114368547032265e-07
PREVALENCE,test-tool_demand_spike-01,TEST,530,5.3,0,0.05982561967695384,False,0,,3.114368547032265e-07
PREVALENCE,test-tool_demand_spike-01,TEST,540,5.4,0,0.05982561967695384,False,0,,3.114368547032265e-07
PREVALENCE,test-tool_demand_spike-01,TEST,550,5.5,0,0.05982561967695384,False,0,,3.114368547032265e-07
PREVALENCE,test-tool_demand_spike-01,TEST,560,5.6000000000000005,0,0.05982561967695384,False,0,,3.114368547032265e-07
PREVALENCE,test-tool_demand_spike-01,TEST,570,5.7,0,0.05982561967695384,False,0,,3.114368547032265e-07
PREVALENCE,test-tool_demand_spike-01,TEST,580,5.8,0,0.05982561967695384,False,0,,3.114368547032265e-07
PREVALENCE,test-tool_demand_spike-01,TEST,590,5.9,0,0.05982561967695384,False,0,,3.114368547032265e-07
PREVALENCE,test-tool_demand_spike-01,TEST,600,6.0,0,0.05982561967695384,False,0,,3.114368547032265e-07
PREVALENCE,test-tool_demand_spike-01,TEST,610,6.1000000000000005,0,0.05982561967695384,False,0,,3.114368547032265e-07
PREVALENCE,test-tool_demand_spike-01,TEST,620,6.2,0,0.05982561967695384,False,0,,3.114368547032265e-07
PREVALENCE,test-tool_demand_spike-01,TEST,630,6.3,0,0.05982561967695384,False,0,,3.114368547032265e-07
PREVALENCE,test-tool_demand_spike-01,TEST,640,6.4,0,0.05982561967695384,False,0,,3.114368547032265e-07
PREVALENCE,test-tool_demand_spike-01,TEST,650,6.5,0,0.05982561967695384,False,0,,3.114368547032265e-07
PREVALENCE,test-tool_demand_spike-01,TEST,660,6.6000000000000005,0,0.05982561967695384,False,0,,3.114368547032265e-07
PREVALENCE,test-tool_demand_spike-01,TEST,670,6.7,0,0.05982561967695384,False,0,,3.114368547032265e-07
PREVALENCE,test-tool_demand_spike-01,TEST,680,6.8,0,0.05982561967695384,False,0,,3.114368547032265e-07
PREVALENCE,test-tool_demand_spike-01,TEST,690,6.9,0,0.05982561967695384,False,0,,3.114368547032265e-07
PREVALENCE,test-tool_demand_spike-01,TEST,700,7.0,0,0.05982561967695384,False,0,,3.114368547032265e-07
PREVALENCE,test-tool_demand_spike-01,TEST,710,7.1000000000000005,0,0.05982561967695384,False,0,,3.114368547032265e-07
PREVALENCE,test-tool_demand_spike-01,TEST,720,7.2,0,0.05982561967695384,False,0,,3.114368547032265e-07
PREVALENCE,test-tool_demand_spike-01,TEST,730,7.3,0,0.05982561967695384,False,0,,3.114368547032265e-07
PREVALENCE,test-tool_demand_spike-01,TEST,740,7.4,0,0.05982561967695384,False,0,,3.114368547032265e-07
PREVALENCE,test-tool_demand_spike-01,TEST,750,7.5,0,0.05982561967695384,False,0,,3.114368547032265e-07
PREVALENCE,test-tool_demand_spike-01,TEST,760,7.6000000000000005,0,0.05982561967695384,False,0,,3.114368547032265e-07
PREVALENCE,test-tool_demand_spike-01,TEST,770,7.7,0,0.05982561967695384,False,0,,3.114368547032265e-07
PREVALENCE,test-tool_demand_spike-01,TEST,780,7.8,0,0.05982561967695384,False,0,,3.114368547032265e-07
PREVALENCE,test-tool_demand_spike-01,TEST,790,7.9,0,0.05982561967695384,False,0,,3.114368547032265e-07
PREVALENCE,test-tool_demand_spike-01,TEST,800,8.0,0,0.05982561967695384,False,0,,3.114368547032265e-07
PREVALENCE,test-tool_demand_spike-01,TEST,810,8.1,0,0.05982561967695384,False,0,,3.114368547032265e-07
PREVALENCE,test-tool_demand_spike-01,TEST,820,8.2,0,0.05982561967695384,False,0,,3.114368547032265e-07
PREVALENCE,test-tool_demand_spike-01,TEST,830,8.3,0,0.05982561967695384,False,0,,3.114368547032265e-07
PREVALENCE,test-tool_demand_spike-01,TEST,840,8.4,0,0.05982561967695384,False,0,,3.114368547032265e-07
PREVALENCE,test-tool_demand_spike-01,TEST,850,8.5,0,0.05982561967695384,False,0,,3.114368547032265e-07
PREVALENCE,test-tool_demand_spike-01,TEST,860,8.6,0,0.05982561967695384,False,0,,3.114368547032265e-07
PREVALENCE,test-tool_demand_spike-01,TEST,870,8.700000000000001,0,0.05982561967695384,False,0,,3.114368547032265e-07
PREVALENCE,test-tool_demand_spike-01,TEST,880,8.8,0,0.05982561967695384,False,0,,3.114368547032265e-07
PREVALENCE,test-tool_demand_spike-01,TEST,890,8.9,0,0.05982561967695384,False,0,,3.114368547032265e-07
PREVALENCE,test-tool_demand_spike-01,TEST,900,9.0,0,0.05982561967695384,False,0,,3.114368547032265e-07
PREVALENCE,test-tool_demand_spike-01,TEST,910,9.1,0,0.05982561967695384,False,0,,3.114368547032265e-07
PREVALENCE,test-tool_demand_spike-01,TEST,920,9.200000000000001,0,0.05982561967695384,False,0,,3.114368547032265e-07
PREVALENCE,test-tool_demand_spike-01,TEST,930,9.3,0,0.05982561967695384,False,0,,3.114368547032265e-07
PREVALENCE,test-tool_demand_spike-01,TEST,940,9.4,0,0.05982561967695384,False,0,,3.114368547032265e-07
PREVALENCE,test-tool_demand_spike-01,TEST,950,9.5,0,0.05982561967695384,False,0,,3.114368547032265e-07
PREVALENCE,test-tool_demand_spike-01,TEST,960,9.6,0,0.05982561967695384,False,0,,3.114368547032265e-07
PREVALENCE,test-tool_demand_spike-01,TEST,970,9.700000000000001,0,0.05982561967695384,False,0,,3.114368547032265e-07
PREVALENCE,test-tool_demand_spike-01,TEST,980,9.8,0,0.05982561967695384,False,0,,3.114368547032265e-07
PREVALENCE,test-tool_demand_spike-01,TEST,990,9.9,0,0.05982561967695384,False,0,,3.114368547032265e-07
PREVALENCE,test-tool_demand_spike-01,TEST,1000,10.0,0,0.05982561967695384,False,0,,3.114368547032265e-07
PREVALENCE,test-tool_demand_spike-01,TEST,1010,10.1,0,0.05982561967695384,False,0,,3.114368547032265e-07
PREVALENCE,test-tool_demand_spike-01,TEST,1020,10.200000000000001,0,0.05982561967695384,False,0,,3.114368547032265e-07
PREVALENCE,test-tool_demand_spike-01,TEST,1030,10.3,0,0.05982561967695384,False,0,,3.114368547032265e-07
PREVALENCE,test-tool_demand_spike-01,TEST,1040,10.4,0,0.05982561967695384,False,0,,3.114368547032265e-07
PREVALENCE,test-tool_demand_spike-01,TEST,1050,10.5,0,0.05982561967695384,False,0,,3.114368547032265e-07
PREVALENCE,test-tool_demand_spike-01,TEST,1060,10.6,0,0.05982561967695384,False,0,,3.114368547032265e-07
PREVALENCE,test-tool_demand_spike-01,TEST,1070,10.700000000000001,0,0.05982561967695384,False,0,,3.114368547032265e-07
PREVALENCE,test-tool_demand_spike-01,TEST,1080,10.8,0,0.05982561967695384,False,0,,3.114368547032265e-07
PREVALENCE,test-tool_demand_spike-01,TEST,1090,10.9,0,0.05982561967695384,False,0,,3.114368547032265e-07
PREVALENCE,test-tool_demand_spike-01,TEST,1100,11.0,0,0.05982561967695384,False,0,,3.114368547032265e-07
PREVALENCE,test-tool_demand_spike-01,TEST,1110,11.1,0,0.05982561967695384,False,0,,3.114368547032265e-07
PREVALENCE,test-tool_demand_spike-01,TEST,1120,11.200000000000001,0,0.05982561967695384,False,0,,3.114368547032265e-07
PREVALENCE,test-tool_demand_spike-01,TEST,1130,11.3,0,0.05982561967695384,False,0,,3.114368547032265e-07
PREVALENCE,test-tool_demand_spike-01,TEST,1140,11.4,0,0.05982561967695384,False,0,,3.114368547032265e-07
PREVALENCE,test-tool_demand_spike-01,TEST,1150,11.5,0,0.05982561967695384,False,0,,3.114368547032265e-07
PREVALENCE,test-tool_demand_spike-01,TEST,1160,11.6,0,0.05982561967695384,False,0,,3.114368547032265e-07
PREVALENCE,test-tool_demand_spike-01,TEST,1170,11.700000000000001,0,0.05982561967695384,False,0,,3.114368547032265e-07
PREVALENCE,test-tool_demand_spike-01,TEST,1180,11.8,0,0.05982561967695384,False,0,,3.114368547032265e-07
PREVALENCE,test-tool_demand_spike-01,TEST,1190,11.9,0,0.05982561967695384,False,0,,3.114368547032265e-07
PREVALENCE,test-tool_demand_spike-01,TEST,1200,12.0,0,0.05982561967695384,False,0,,3.114368547032265e-07
PREVALENCE,test-tool_demand_spike-01,TEST,1210,12.1,0,0.05982561967695384,False,0,,3.114368547032265e-07
PREVALENCE,test-tool_demand_spike-01,TEST,1220,12.200000000000001,0,0.05982561967695384,False,0,,3.114368547032265e-07
PREVALENCE,test-tool_demand_spike-01,TEST,1230,12.3,0,0.05982561967695384,False,0,,3.114368547032265e-07
PREVALENCE,test-tool_demand_spike-01,TEST,1240,12.4,0,0.05982561967695384,False,0,,3.114368547032265e-07
PREVALENCE,test-tool_demand_spike-01,TEST,1250,12.5,0,0.05982561967695384,False,0,,3.114368547032265e-07
PREVALENCE,test-tool_demand_spike-01,TEST,1260,12.6,0,0.05982561967695384,False,0,,3.114368547032265e-07
PREVALENCE,test-tool_demand_spike-01,TEST,1270,12.700000000000001,0,0.05982561967695384,False,0,,3.114368547032265e-07
PREVALENCE,test-tool_demand_spike-01,TEST,1280,12.8,0,0.05982561967695384,False,0,,3.114368547032265e-07
PREVALENCE,test-tool_demand_spike-01,TEST,1290,12.9,0,0.05982561967695384,False,0,,3.114368547032265e-07
PREVALENCE,test-tool_demand_spike-01,TEST,1300,13.0,0,0.05982561967695384,False,0,,3.114368547032265e-07
PREVALENCE,test-tool_demand_spike-02,TEST,430,4.3,0,0.05982561967695384,False,0,,3.114368547032265e-07
PREVALENCE,test-tool_demand_spike-02,TEST,440,4.4,0,0.05982561967695384,False,0,,3.114368547032265e-07
PREVALENCE,test-tool_demand_spike-02,TEST,450,4.5,0,0.05982561967695384,False,0,,3.114368547032265e-07
PREVALENCE,test-tool_demand_spike-02,TEST,460,4.6000000000000005,0,0.05982561967695384,False,0,,3.114368547032265e-07
PREVALENCE,test-tool_demand_spike-02,TEST,470,4.7,0,0.05982561967695384,False,0,,3.114368547032265e-07
PREVALENCE,test-tool_demand_spike-02,TEST,480,4.8,0,0.05982561967695384,False,0,,3.114368547032265e-07
PREVALENCE,test-tool_demand_spike-02,TEST,490,4.9,0,0.05982561967695384,False,0,,3.114368547032265e-07
PREVALENCE,test-tool_demand_spike-02,TEST,500,5.0,0,0.05982561967695384,False,0,,3.114368547032265e-07
PREVALENCE,test-tool_demand_spike-02,TEST,510,5.1000000000000005,0,0.05982561967695384,False,0,,3.114368547032265e-07
PREVALENCE,test-tool_demand_spike-02,TEST,520,5.2,0,0.05982561967695384,False,0,,3.114368547032265e-07
PREVALENCE,test-tool_demand_spike-02,TEST,530,5.3,0,0.05982561967695384,False,0,,3.114368547032265e-07
PREVALENCE,test-tool_demand_spike-02,TEST,540,5.4,0,0.05982561967695384,False,0,,3.114368547032265e-07
PREVALENCE,test-tool_demand_spike-02,TEST,550,5.5,0,0.05982561967695384,False,0,,3.114368547032265e-07
PREVALENCE,test-tool_demand_spike-02,TEST,560,5.6000000000000005,0,0.05982561967695384,False,0,,3.114368547032265e-07
PREVALENCE,test-tool_demand_spike-02,TEST,570,5.7,0,0.05982561967695384,False,0,,3.114368547032265e-07
PREVALENCE,test-tool_demand_spike-02,TEST,580,5.8,0,0.05982561967695384,False,0,,3.114368547032265e-07
PREVALENCE,test-tool_demand_spike-02,TEST,590,5.9,0,0.05982561967695384,False,0,,3.114368547032265e-07
PREVALENCE,test-tool_demand_spike-02,TEST,600,6.0,0,0.05982561967695384,False,0,,3.114368547032265e-07
PREVALENCE,test-tool_demand_spike-02,TEST,610,6.1000000000000005,0,0.05982561967695384,False,0,,3.114368547032265e-07
PREVALENCE,test-tool_demand_spike-02,TEST,620,6.2,0,0.05982561967695384,False,0,,3.114368547032265e-07
PREVALENCE,test-tool_demand_spike-02,TEST,630,6.3,0,0.05982561967695384,False,0,,3.114368547032265e-07
PREVALENCE,test-tool_demand_spike-02,TEST,640,6.4,0,0.05982561967695384,False,0,,3.114368547032265e-07
PREVALENCE,test-tool_demand_spike-02,TEST,650,6.5,0,0.05982561967695384,False,0,,3.114368547032265e-07
PREVALENCE,test-tool_demand_spike-02,TEST,660,6.6000000000000005,0,0.05982561967695384,False,0,,3.114368547032265e-07
PREVALENCE,test-tool_demand_spike-02,TEST,670,6.7,0,0.05982561967695384,False,0,,3.114368547032265e-07
PREVALENCE,test-tool_demand_spike-02,TEST,680,6.8,0,0.05982561967695384,False,0,,3.114368547032265e-07
PREVALENCE,test-tool_demand_spike-02,TEST,690,6.9,0,0.05982561967695384,False,0,,3.114368547032265e-07
PREVALENCE,test-tool_demand_spike-02,TEST,700,7.0,0,0.05982561967695384,False,0,,3.114368547032265e-07
PREVALENCE,test-tool_demand_spike-02,TEST,710,7.1000000000000005,0,0.05982561967695384,False,0,,3.114368547032265e-07
PREVALENCE,test-tool_demand_spike-02,TEST,720,7.2,0,0.05982561967695384,False,0,,3.114368547032265e-07
PREVALENCE,test-tool_demand_spike-02,TEST,730,7.3,0,0.05982561967695384,False,0,,3.114368547032265e-07
PREVALENCE,test-tool_demand_spike-02,TEST,740,7.4,0,0.05982561967695384,False,0,,3.114368547032265e-07
PREVALENCE,test-tool_demand_spike-02,TEST,750,7.5,0,0.05982561967695384,False,0,,3.114368547032265e-07
PREVALENCE,test-tool_demand_spike-02,TEST,760,7.6000000000000005,0,0.05982561967695384,False,0,,3.114368547032265e-07
PREVALENCE,test-tool_demand_spike-02,TEST,770,7.7,0,0.05982561967695384,False,0,,3.114368547032265e-07
PREVALENCE,test-tool_demand_spike-02,TEST,780,7.8,0,0.05982561967695384,False,0,,3.114368547032265e-07
PREVALENCE,test-tool_demand_spike-02,TEST,790,7.9,0,0.05982561967695384,False,0,,3.114368547032265e-07
PREVALENCE,test-tool_demand_spike-02,TEST,800,8.0,0,0.05982561967695384,False,0,,3.114368547032265e-07
PREVALENCE,test-tool_demand_spike-02,TEST,810,8.1,0,0.05982561967695384,False,0,,3.114368547032265e-07
PREVALENCE,test-tool_demand_spike-02,TEST,820,8.2,0,0.05982561967695384,False,0,,3.114368547032265e-07
PREVALENCE,test-tool_demand_spike-02,TEST,830,8.3,0,0.05982561967695384,False,0,,3.114368547032265e-07
PREVALENCE,test-tool_demand_spike-02,TEST,840,8.4,0,0.05982561967695384,False,0,,3.114368547032265e-07
PREVALENCE,test-tool_demand_spike-02,TEST,850,8.5,0,0.05982561967695384,False,0,,3.114368547032265e-07
PREVALENCE,test-tool_demand_spike-02,TEST,860,8.6,0,0.05982561967695384,False,0,,3.114368547032265e-07
PREVALENCE,test-tool_demand_spike-02,TEST,870,8.700000000000001,0,0.05982561967695384,False,0,,3.114368547032265e-07
PREVALENCE,test-tool_demand_spike-02,TEST,880,8.8,0,0.05982561967695384,False,0,,3.114368547032265e-07
PREVALENCE,test-tool_demand_spike-02,TEST,890,8.9,0,0.05982561967695384,False,0,,3.114368547032265e-07
PREVALENCE,test-tool_demand_spike-02,TEST,900,9.0,0,0.05982561967695384,False,0,,3.114368547032265e-07
PREVALENCE,test-tool_demand_spike-02,TEST,910,9.1,0,0.05982561967695384,False,0,,3.114368547032265e-07
PREVALENCE,test-tool_demand_spike-02,TEST,920,9.200000000000001,0,0.05982561967695384,False,0,,3.114368547032265e-07
PREVALENCE,test-tool_demand_spike-02,TEST,930,9.3,0,0.05982561967695384,False,0,,3.114368547032265e-07
PREVALENCE,test-tool_demand_spike-02,TEST,940,9.4,0,0.05982561967695384,False,0,,3.114368547032265e-07
PREVALENCE,test-tool_demand_spike-02,TEST,950,9.5,0,0.05982561967695384,False,0,,3.114368547032265e-07
PREVALENCE,test-tool_demand_spike-02,TEST,960,9.6,0,0.05982561967695384,False,0,,3.114368547032265e-07
PREVALENCE,test-tool_demand_spike-02,TEST,970,9.700000000000001,0,0.05982561967695384,False,0,,3.114368547032265e-07
PREVALENCE,test-tool_demand_spike-02,TEST,980,9.8,0,0.05982561967695384,False,0,,3.114368547032265e-07
PREVALENCE,test-tool_demand_spike-02,TEST,990,9.9,0,0.05982561967695384,False,0,,3.114368547032265e-07
PREVALENCE,test-tool_demand_spike-02,TEST,1000,10.0,0,0.05982561967695384,False,0,,3.114368547032265e-07
PREVALENCE,test-tool_demand_spike-02,TEST,1010,10.1,0,0.05982561967695384,False,0,,3.114368547032265e-07
PREVALENCE,test-tool_demand_spike-02,TEST,1020,10.200000000000001,0,0.05982561967695384,False,0,,3.114368547032265e-07
PREVALENCE,test-tool_demand_spike-02,TEST,1030,10.3,0,0.05982561967695384,False,0,,3.114368547032265e-07
PREVALENCE,test-tool_demand_spike-02,TEST,1040,10.4,0,0.05982561967695384,False,0,,3.114368547032265e-07
PREVALENCE,test-tool_demand_spike-02,TEST,1050,10.5,0,0.05982561967695384,False,0,,3.114368547032265e-07
PREVALENCE,test-tool_demand_spike-02,TEST,1060,10.6,0,0.05982561967695384,False,0,,3.114368547032265e-07
PREVALENCE,test-tool_demand_spike-02,TEST,1070,10.700000000000001,0,0.05982561967695384,False,0,,3.114368547032265e-07
PREVALENCE,test-tool_demand_spike-02,TEST,1080,10.8,0,0.05982561967695384,False,0,,3.114368547032265e-07
PREVALENCE,test-tool_demand_spike-02,TEST,1090,10.9,0,0.05982561967695384,False,0,,3.114368547032265e-07
PREVALENCE,test-tool_demand_spike-02,TEST,1100,11.0,0,0.05982561967695384,False,0,,3.114368547032265e-07
PREVALENCE,test-tool_demand_spike-02,TEST,1110,11.1,0,0.05982561967695384,False,0,,3.114368547032265e-07
PREVALENCE,test-tool_demand_spike-02,TEST,1120,11.200000000000001,0,0.05982561967695384,False,0,,3.114368547032265e-07
PREVALENCE,test-tool_demand_spike-02,TEST,1130,11.3,0,0.05982561967695384,False,0,,3.114368547032265e-07
PREVALENCE,test-tool_demand_spike-02,TEST,1140,11.4,0,0.05982561967695384,False,0,,3.114368547032265e-07
PREVALENCE,test-tool_demand_spike-02,TEST,1150,11.5,0,0.05982561967695384,False,0,,3.114368547032265e-07
PREVALENCE,test-tool_demand_spike-02,TEST,1160,11.6,0,0.05982561967695384,False,0,,3.114368547032265e-07
PREVALENCE,test-tool_demand_spike-02,TEST,1170,11.700000000000001,0,0.05982561967695384,False,0,,3.114368547032265e-07
PREVALENCE,test-tool_demand_spike-02,TEST,1180,11.8,0,0.05982561967695384,False,0,,3.114368547032265e-07
PREVALENCE,test-tool_demand_spike-02,TEST,1190,11.9,0,0.05982561967695384,False,0,,3.114368547032265e-07
PREVALENCE,test-tool_demand_spike-02,TEST,1200,12.0,0,0.05982561967695384,False,0,,3.114368547032265e-07
PREVALENCE,test-tool_demand_spike-02,TEST,1210,12.1,0,0.05982561967695384,False,0,,3.114368547032265e-07
PREVALENCE,test-tool_demand_spike-02,TEST,1220,12.200000000000001,0,0.05982561967695384,False,0,,3.114368547032265e-07
PREVALENCE,test-tool_demand_spike-02,TEST,1230,12.3,0,0.05982561967695384,False,0,,3.114368547032265e-07
PREVALENCE,test-tool_demand_spike-02,TEST,1240,12.4,0,0.05982561967695384,False,0,,3.114368547032265e-07
PREVALENCE,test-tool_demand_spike-02,TEST,1250,12.5,0,0.05982561967695384,False,0,,3.114368547032265e-07
PREVALENCE,test-tool_demand_spike-02,TEST,1260,12.6,0,0.05982561967695384,False,0,,3.114368547032265e-07
PREVALENCE,test-tool_demand_spike-02,TEST,1270,12.700000000000001,0,0.05982561967695384,False,0,,3.114368547032265e-07
PREVALENCE,test-tool_demand_spike-02,TEST,1280,12.8,0,0.05982561967695384,False,0,,3.114368547032265e-07
PREVALENCE,test-tool_demand_spike-02,TEST,1290,12.9,0,0.05982561967695384,False,0,,3.114368547032265e-07
PREVALENCE,test-tool_demand_spike-02,TEST,1300,13.0,0,0.05982561967695384,False,0,,3.114368547032265e-07
PREVALENCE,test-tool_demand_spike-03,TEST,430,4.3,0,0.05982561967695384,False,0,,3.114368547032265e-07
PREVALENCE,test-tool_demand_spike-03,TEST,440,4.4,0,0.05982561967695384,False,0,,3.114368547032265e-07
PREVALENCE,test-tool_demand_spike-03,TEST,450,4.5,0,0.05982561967695384,False,0,,3.114368547032265e-07
PREVALENCE,test-tool_demand_spike-03,TEST,460,4.6000000000000005,0,0.05982561967695384,False,0,,3.114368547032265e-07
PREVALENCE,test-tool_demand_spike-03,TEST,470,4.7,0,0.05982561967695384,False,0,,3.114368547032265e-07
PREVALENCE,test-tool_demand_spike-03,TEST,480,4.8,0,0.05982561967695384,False,0,,3.114368547032265e-07
PREVALENCE,test-tool_demand_spike-03,TEST,490,4.9,0,0.05982561967695384,False,0,,3.114368547032265e-07
PREVALENCE,test-tool_demand_spike-03,TEST,500,5.0,0,0.05982561967695384,False,0,,3.114368547032265e-07
PREVALENCE,test-tool_demand_spike-03,TEST,510,5.1000000000000005,0,0.05982561967695384,False,0,,3.114368547032265e-07
PREVALENCE,test-tool_demand_spike-03,TEST,520,5.2,0,0.05982561967695384,False,0,,3.114368547032265e-07
PREVALENCE,test-tool_demand_spike-03,TEST,530,5.3,0,0.05982561967695384,False,0,,3.114368547032265e-07
PREVALENCE,test-tool_demand_spike-03,TEST,540,5.4,0,0.05982561967695384,False,0,,3.114368547032265e-07
PREVALENCE,test-tool_demand_spike-03,TEST,550,5.5,0,0.05982561967695384,False,0,,3.114368547032265e-07
PREVALENCE,test-tool_demand_spike-03,TEST,560,5.6000000000000005,0,0.05982561967695384,False,0,,3.114368547032265e-07
PREVALENCE,test-tool_demand_spike-03,TEST,570,5.7,0,0.05982561967695384,False,0,,3.114368547032265e-07
PREVALENCE,test-tool_demand_spike-03,TEST,580,5.8,0,0.05982561967695384,False,0,,3.114368547032265e-07
PREVALENCE,test-tool_demand_spike-03,TEST,590,5.9,0,0.05982561967695384,False,0,,3.114368547032265e-07
PREVALENCE,test-tool_demand_spike-03,TEST,600,6.0,0,0.05982561967695384,False,0,,3.114368547032265e-07
PREVALENCE,test-tool_demand_spike-03,TEST,610,6.1000000000000005,0,0.05982561967695384,False,0,,3.114368547032265e-07
PREVALENCE,test-tool_demand_spike-03,TEST,620,6.2,0,0.05982561967695384,False,0,,3.114368547032265e-07
PREVALENCE,test-tool_demand_spike-03,TEST,630,6.3,0,0.05982561967695384,False,0,,3.114368547032265e-07
PREVALENCE,test-tool_demand_spike-03,TEST,640,6.4,0,0.05982561967695384,False,0,,3.114368547032265e-07
PREVALENCE,test-tool_demand_spike-03,TEST,650,6.5,0,0.05982561967695384,False,0,,3.114368547032265e-07
PREVALENCE,test-tool_demand_spike-03,TEST,660,6.6000000000000005,0,0.05982561967695384,False,0,,3.114368547032265e-07
PREVALENCE,test-tool_demand_spike-03,TEST,670,6.7,0,0.05982561967695384,False,0,,3.114368547032265e-07
PREVALENCE,test-tool_demand_spike-03,TEST,680,6.8,0,0.05982561967695384,False,0,,3.114368547032265e-07
PREVALENCE,test-tool_demand_spike-03,TEST,690,6.9,0,0.05982561967695384,False,0,,3.114368547032265e-07
PREVALENCE,test-tool_demand_spike-03,TEST,700,7.0,0,0.05982561967695384,False,0,,3.114368547032265e-07
PREVALENCE,test-tool_demand_spike-03,TEST,710,7.1000000000000005,0,0.05982561967695384,False,0,,3.114368547032265e-07
PREVALENCE,test-tool_demand_spike-03,TEST,720,7.2,0,0.05982561967695384,False,0,,3.114368547032265e-07
PREVALENCE,test-tool_demand_spike-03,TEST,730,7.3,0,0.05982561967695384,False,0,,3.114368547032265e-07
PREVALENCE,test-tool_demand_spike-03,TEST,740,7.4,0,0.05982561967695384,False,0,,3.114368547032265e-07
PREVALENCE,test-tool_demand_spike-03,TEST,750,7.5,0,0.05982561967695384,False,0,,3.114368547032265e-07
PREVALENCE,test-tool_demand_spike-03,TEST,760,7.6000000000000005,0,0.05982561967695384,False,0,,3.114368547032265e-07
PREVALENCE,test-tool_demand_spike-03,TEST,770,7.7,0,0.05982561967695384,False,0,,3.114368547032265e-07
PREVALENCE,test-tool_demand_spike-03,TEST,780,7.8,0,0.05982561967695384,False,0,,3.114368547032265e-07
PREVALENCE,test-tool_demand_spike-03,TEST,790,7.9,0,0.05982561967695384,False,0,,3.114368547032265e-07
PREVALENCE,test-tool_demand_spike-03,TEST,800,8.0,0,0.05982561967695384,False,0,,3.114368547032265e-07
PREVALENCE,test-tool_demand_spike-03,TEST,810,8.1,0,0.05982561967695384,False,0,,3.114368547032265e-07
PREVALENCE,test-tool_demand_spike-03,TEST,820,8.2,0,0.05982561967695384,False,0,,3.114368547032265e-07
PREVALENCE,test-tool_demand_spike-03,TEST,830,8.3,0,0.05982561967695384,False,0,,3.114368547032265e-07
PREVALENCE,test-tool_demand_spike-03,TEST,840,8.4,0,0.05982561967695384,False,0,,3.114368547032265e-07
PREVALENCE,test-tool_demand_spike-03,TEST,850,8.5,0,0.05982561967695384,False,0,,3.114368547032265e-07
PREVALENCE,test-tool_demand_spike-03,TEST,860,8.6,0,0.05982561967695384,False,0,,3.114368547032265e-07
PREVALENCE,test-tool_demand_spike-03,TEST,870,8.700000000000001,0,0.05982561967695384,False,0,,3.114368547032265e-07
PREVALENCE,test-tool_demand_spike-03,TEST,880,8.8,0,0.05982561967695384,False,0,,3.114368547032265e-07
PREVALENCE,test-tool_demand_spike-03,TEST,890,8.9,0,0.05982561967695384,False,0,,3.114368547032265e-07
PREVALENCE,test-tool_demand_spike-03,TEST,900,9.0,0,0.05982561967695384,False,0,,3.114368547032265e-07
PREVALENCE,test-tool_demand_spike-03,TEST,910,9.1,0,0.05982561967695384,False,0,,3.114368547032265e-07
PREVALENCE,test-tool_demand_spike-03,TEST,920,9.200000000000001,0,0.05982561967695384,False,0,,3.114368547032265e-07
PREVALENCE,test-tool_demand_spike-03,TEST,930,9.3,0,0.05982561967695384,False,0,,3.114368547032265e-07
PREVALENCE,test-tool_demand_spike-03,TEST,940,9.4,0,0.05982561967695384,False,0,,3.114368547032265e-07
PREVALENCE,test-tool_demand_spike-03,TEST,950,9.5,0,0.05982561967695384,False,0,,3.114368547032265e-07
PREVALENCE,test-tool_demand_spike-03,TEST,960,9.6,0,0.05982561967695384,False,0,,3.114368547032265e-07
PREVALENCE,test-tool_demand_spike-03,TEST,970,9.700000000000001,0,0.05982561967695384,False,0,,3.114368547032265e-07
PREVALENCE,test-tool_demand_spike-03,TEST,980,9.8,0,0.05982561967695384,False,0,,3.114368547032265e-07
PREVALENCE,test-tool_demand_spike-03,TEST,990,9.9,0,0.05982561967695384,False,0,,3.114368547032265e-07
PREVALENCE,test-tool_demand_spike-03,TEST,1000,10.0,0,0.05982561967695384,False,0,,3.114368547032265e-07
PREVALENCE,test-tool_demand_spike-03,TEST,1010,10.1,0,0.05982561967695384,False,0,,3.114368547032265e-07
PREVALENCE,test-tool_demand_spike-03,TEST,1020,10.200000000000001,0,0.05982561967695384,False,0,,3.114368547032265e-07
PREVALENCE,test-tool_demand_spike-03,TEST,1030,10.3,0,0.05982561967695384,False,0,,3.114368547032265e-07
PREVALENCE,test-tool_demand_spike-03,TEST,1040,10.4,0,0.05982561967695384,False,0,,3.114368547032265e-07
PREVALENCE,test-tool_demand_spike-03,TEST,1050,10.5,0,0.05982561967695384,False,0,,3.114368547032265e-07
PREVALENCE,test-tool_demand_spike-03,TEST,1060,10.6,0,0.05982561967695384,False,0,,3.114368547032265e-07
PREVALENCE,test-tool_demand_spike-03,TEST,1070,10.700000000000001,0,0.05982561967695384,False,0,,3.114368547032265e-07
PREVALENCE,test-tool_demand_spike-03,TEST,1080,10.8,0,0.05982561967695384,False,0,,3.114368547032265e-07
PREVALENCE,test-tool_demand_spike-03,TEST,1090,10.9,0,0.05982561967695384,False,0,,3.114368547032265e-07
PREVALENCE,test-tool_demand_spike-03,TEST,1100,11.0,0,0.05982561967695384,False,0,,3.114368547032265e-07
PREVALENCE,test-tool_demand_spike-03,TEST,1110,11.1,0,0.05982561967695384,False,0,,3.114368547032265e-07
PREVALENCE,test-tool_demand_spike-03,TEST,1120,11.200000000000001,0,0.05982561967695384,False,0,,3.114368547032265e-07
PREVALENCE,test-tool_demand_spike-03,TEST,1130,11.3,0,0.05982561967695384,False,0,,3.114368547032265e-07
PREVALENCE,test-tool_demand_spike-03,TEST,1140,11.4,0,0.05982561967695384,False,0,,3.114368547032265e-07
PREVALENCE,test-tool_demand_spike-03,TEST,1150,11.5,0,0.05982561967695384,False,0,,3.114368547032265e-07
PREVALENCE,test-tool_demand_spike-03,TEST,1160,11.6,0,0.05982561967695384,False,0,,3.114368547032265e-07
PREVALENCE,test-tool_demand_spike-03,TEST,1170,11.700000000000001,0,0.05982561967695384,False,0,,3.114368547032265e-07
PREVALENCE,test-tool_demand_spike-03,TEST,1180,11.8,0,0.05982561967695384,False,0,,3.114368547032265e-07
PREVALENCE,test-tool_demand_spike-03,TEST,1190,11.9,0,0.05982561967695384,False,0,,3.114368547032265e-07
PREVALENCE,test-tool_demand_spike-03,TEST,1200,12.0,0,0.05982561967695384,False,0,,3.114368547032265e-07
PREVALENCE,test-tool_demand_spike-03,TEST,1210,12.1,0,0.05982561967695384,False,0,,3.114368547032265e-07
PREVALENCE,test-tool_demand_spike-03,TEST,1220,12.200000000000001,0,0.05982561967695384,False,0,,3.114368547032265e-07
PREVALENCE,test-tool_demand_spike-03,TEST,1230,12.3,0,0.05982561967695384,False,0,,3.114368547032265e-07
PREVALENCE,test-tool_demand_spike-03,TEST,1240,12.4,0,0.05982561967695384,False,0,,3.114368547032265e-07
PREVALENCE,test-tool_demand_spike-03,TEST,1250,12.5,0,0.05982561967695384,False,0,,3.114368547032265e-07
PREVALENCE,test-tool_demand_spike-03,TEST,1260,12.6,0,0.05982561967695384,False,0,,3.114368547032265e-07
PREVALENCE,test-tool_demand_spike-03,TEST,1270,12.700000000000001,0,0.05982561967695384,False,0,,3.114368547032265e-07
PREVALENCE,test-tool_demand_spike-03,TEST,1280,12.8,0,0.05982561967695384,False,0,,3.114368547032265e-07
PREVALENCE,test-tool_demand_spike-03,TEST,1290,12.9,0,0.05982561967695384,False,0,,3.114368547032265e-07
PREVALENCE,test-tool_demand_spike-03,TEST,1300,13.0,0,0.05982561967695384,False,0,,3.114368547032265e-07
PREVALENCE,unseen-compound-00,UNSEEN_COMPOUND,430,4.3,0,0.05982561967695384,False,0,,8.044318168355279e-07
PREVALENCE,unseen-compound-00,UNSEEN_COMPOUND,440,4.4,0,0.05982561967695384,False,0,,8.044318168355279e-07
PREVALENCE,unseen-compound-00,UNSEEN_COMPOUND,450,4.5,0,0.05982561967695384,False,0,,8.044318168355279e-07
PREVALENCE,unseen-compound-00,UNSEEN_COMPOUND,460,4.6000000000000005,0,0.05982561967695384,False,0,,8.044318168355279e-07
PREVALENCE,unseen-compound-00,UNSEEN_COMPOUND,470,4.7,0,0.05982561967695384,False,0,,8.044318168355279e-07
PREVALENCE,unseen-compound-00,UNSEEN_COMPOUND,480,4.8,0,0.05982561967695384,False,0,,8.044318168355279e-07
PREVALENCE,unseen-compound-00,UNSEEN_COMPOUND,490,4.9,0,0.05982561967695384,False,0,,8.044318168355279e-07
PREVALENCE,unseen-compound-00,UNSEEN_COMPOUND,500,5.0,0,0.05982561967695384,False,0,,8.044318168355279e-07
PREVALENCE,unseen-compound-00,UNSEEN_COMPOUND,510,5.1000000000000005,0,0.05982561967695384,False,0,,8.044318168355279e-07
PREVALENCE,unseen-compound-00,UNSEEN_COMPOUND,520,5.2,0,0.05982561967695384,False,0,,8.044318168355279e-07
PREVALENCE,unseen-compound-00,UNSEEN_COMPOUND,530,5.3,0,0.05982561967695384,False,0,,8.044318168355279e-07
PREVALENCE,unseen-compound-00,UNSEEN_COMPOUND,540,5.4,0,0.05982561967695384,False,0,,8.044318168355279e-07
PREVALENCE,unseen-compound-00,UNSEEN_COMPOUND,550,5.5,0,0.05982561967695384,False,0,,8.044318168355279e-07
PREVALENCE,unseen-compound-00,UNSEEN_COMPOUND,560,5.6000000000000005,0,0.05982561967695384,False,0,,8.044318168355279e-07
PREVALENCE,unseen-compound-00,UNSEEN_COMPOUND,570,5.7,0,0.05982561967695384,False,0,,8.044318168355279e-07
PREVALENCE,unseen-compound-00,UNSEEN_COMPOUND,580,5.8,0,0.05982561967695384,False,0,,8.044318168355279e-07
PREVALENCE,unseen-compound-00,UNSEEN_COMPOUND,590,5.9,0,0.05982561967695384,False,0,,8.044318168355279e-07
PREVALENCE,unseen-compound-00,UNSEEN_COMPOUND,600,6.0,0,0.05982561967695384,False,0,,8.044318168355279e-07
PREVALENCE,unseen-compound-00,UNSEEN_COMPOUND,610,6.1000000000000005,0,0.05982561967695384,False,0,,8.044318168355279e-07
PREVALENCE,unseen-compound-00,UNSEEN_COMPOUND,620,6.2,0,0.05982561967695384,False,0,,8.044318168355279e-07
PREVALENCE,unseen-compound-00,UNSEEN_COMPOUND,630,6.3,0,0.05982561967695384,False,0,,8.044318168355279e-07
PREVALENCE,unseen-compound-00,UNSEEN_COMPOUND,640,6.4,0,0.05982561967695384,False,0,,8.044318168355279e-07
PREVALENCE,unseen-compound-00,UNSEEN_COMPOUND,650,6.5,0,0.05982561967695384,False,0,,8.044318168355279e-07
PREVALENCE,unseen-compound-00,UNSEEN_COMPOUND,660,6.6000000000000005,0,0.05982561967695384,False,0,,8.044318168355279e-07
PREVALENCE,unseen-compound-00,UNSEEN_COMPOUND,670,6.7,0,0.05982561967695384,False,0,,8.044318168355279e-07
PREVALENCE,unseen-compound-00,UNSEEN_COMPOUND,680,6.8,0,0.05982561967695384,False,0,,8.044318168355279e-07
PREVALENCE,unseen-compound-00,UNSEEN_COMPOUND,690,6.9,0,0.05982561967695384,False,0,,8.044318168355279e-07
PREVALENCE,unseen-compound-00,UNSEEN_COMPOUND,700,7.0,0,0.05982561967695384,False,0,,8.044318168355279e-07
PREVALENCE,unseen-compound-00,UNSEEN_COMPOUND,710,7.1000000000000005,0,0.05982561967695384,False,0,,8.044318168355279e-07
PREVALENCE,unseen-compound-00,UNSEEN_COMPOUND,720,7.2,0,0.05982561967695384,False,0,,8.044318168355279e-07
PREVALENCE,unseen-compound-00,UNSEEN_COMPOUND,730,7.3,0,0.05982561967695384,False,0,,8.044318168355279e-07
PREVALENCE,unseen-compound-00,UNSEEN_COMPOUND,740,7.4,0,0.05982561967695384,False,0,,8.044318168355279e-07
PREVALENCE,unseen-compound-00,UNSEEN_COMPOUND,750,7.5,0,0.05982561967695384,False,0,,8.044318168355279e-07
PREVALENCE,unseen-compound-00,UNSEEN_COMPOUND,760,7.6000000000000005,0,0.05982561967695384,False,0,,8.044318168355279e-07
PREVALENCE,unseen-compound-00,UNSEEN_COMPOUND,770,7.7,0,0.05982561967695384,False,0,,8.044318168355279e-07
PREVALENCE,unseen-compound-00,UNSEEN_COMPOUND,780,7.8,0,0.05982561967695384,False,0,,8.044318168355279e-07
PREVALENCE,unseen-compound-00,UNSEEN_COMPOUND,790,7.9,0,0.05982561967695384,False,0,,8.044318168355279e-07
PREVALENCE,unseen-compound-00,UNSEEN_COMPOUND,800,8.0,0,0.05982561967695384,False,0,,8.044318168355279e-07
PREVALENCE,unseen-compound-00,UNSEEN_COMPOUND,810,8.1,0,0.05982561967695384,False,0,,8.044318168355279e-07
PREVALENCE,unseen-compound-00,UNSEEN_COMPOUND,820,8.2,0,0.05982561967695384,False,0,,8.044318168355279e-07
PREVALENCE,unseen-compound-00,UNSEEN_COMPOUND,830,8.3,0,0.05982561967695384,False,0,,8.044318168355279e-07
PREVALENCE,unseen-compound-00,UNSEEN_COMPOUND,840,8.4,0,0.05982561967695384,False,0,,8.044318168355279e-07
PREVALENCE,unseen-compound-00,UNSEEN_COMPOUND,850,8.5,0,0.05982561967695384,False,0,,8.044318168355279e-07
PREVALENCE,unseen-compound-00,UNSEEN_COMPOUND,860,8.6,0,0.05982561967695384,False,0,,8.044318168355279e-07
PREVALENCE,unseen-compound-00,UNSEEN_COMPOUND,870,8.700000000000001,0,0.05982561967695384,False,0,,8.044318168355279e-07
PREVALENCE,unseen-compound-00,UNSEEN_COMPOUND,880,8.8,0,0.05982561967695384,False,0,,8.044318168355279e-07
PREVALENCE,unseen-compound-00,UNSEEN_COMPOUND,890,8.9,0,0.05982561967695384,False,0,,8.044318168355279e-07
PREVALENCE,unseen-compound-00,UNSEEN_COMPOUND,900,9.0,0,0.05982561967695384,False,0,,8.044318168355279e-07
PREVALENCE,unseen-compound-00,UNSEEN_COMPOUND,910,9.1,0,0.05982561967695384,False,0,,8.044318168355279e-07
PREVALENCE,unseen-compound-00,UNSEEN_COMPOUND,920,9.200000000000001,0,0.05982561967695384,False,0,,8.044318168355279e-07
PREVALENCE,unseen-compound-00,UNSEEN_COMPOUND,930,9.3,0,0.05982561967695384,False,0,,8.044318168355279e-07
PREVALENCE,unseen-compound-00,UNSEEN_COMPOUND,940,9.4,0,0.05982561967695384,False,0,,8.044318168355279e-07
PREVALENCE,unseen-compound-00,UNSEEN_COMPOUND,950,9.5,0,0.05982561967695384,False,0,,8.044318168355279e-07
PREVALENCE,unseen-compound-00,UNSEEN_COMPOUND,960,9.6,0,0.05982561967695384,False,0,,8.044318168355279e-07
PREVALENCE,unseen-compound-00,UNSEEN_COMPOUND,970,9.700000000000001,0,0.05982561967695384,False,0,,8.044318168355279e-07
PREVALENCE,unseen-compound-00,UNSEEN_COMPOUND,980,9.8,0,0.05982561967695384,False,0,,8.044318168355279e-07
PREVALENCE,unseen-compound-00,UNSEEN_COMPOUND,990,9.9,0,0.05982561967695384,False,0,,8.044318168355279e-07
PREVALENCE,unseen-compound-00,UNSEEN_COMPOUND,1000,10.0,0,0.05982561967695384,False,0,,8.044318168355279e-07
PREVALENCE,unseen-compound-00,UNSEEN_COMPOUND,1010,10.1,0,0.05982561967695384,False,0,,8.044318168355279e-07
PREVALENCE,unseen-compound-00,UNSEEN_COMPOUND,1020,10.200000000000001,0,0.05982561967695384,False,0,,8.044318168355279e-07
PREVALENCE,unseen-compound-00,UNSEEN_COMPOUND,1030,10.3,0,0.05982561967695384,False,0,,8.044318168355279e-07
PREVALENCE,unseen-compound-00,UNSEEN_COMPOUND,1040,10.4,0,0.05982561967695384,False,0,,8.044318168355279e-07
PREVALENCE,unseen-compound-00,UNSEEN_COMPOUND,1050,10.5,0,0.05982561967695384,False,0,,8.044318168355279e-07
PREVALENCE,unseen-compound-00,UNSEEN_COMPOUND,1060,10.6,0,0.05982561967695384,False,0,,8.044318168355279e-07
PREVALENCE,unseen-compound-00,UNSEEN_COMPOUND,1070,10.700000000000001,0,0.05982561967695384,False,0,,8.044318168355279e-07
PREVALENCE,unseen-compound-00,UNSEEN_COMPOUND,1080,10.8,0,0.05982561967695384,False,0,,8.044318168355279e-07
PREVALENCE,unseen-compound-00,UNSEEN_COMPOUND,1090,10.9,0,0.05982561967695384,False,0,,8.044318168355279e-07
PREVALENCE,unseen-compound-00,UNSEEN_COMPOUND,1100,11.0,0,0.05982561967695384,False,0,,8.044318168355279e-07
PREVALENCE,unseen-compound-00,UNSEEN_COMPOUND,1110,11.1,0,0.05982561967695384,False,0,,8.044318168355279e-07
PREVALENCE,unseen-compound-00,UNSEEN_COMPOUND,1120,11.200000000000001,0,0.05982561967695384,False,0,,8.044318168355279e-07
PREVALENCE,unseen-compound-00,UNSEEN_COMPOUND,1130,11.3,0,0.05982561967695384,False,0,,8.044318168355279e-07
PREVALENCE,unseen-compound-00,UNSEEN_COMPOUND,1140,11.4,0,0.05982561967695384,False,0,,8.044318168355279e-07
PREVALENCE,unseen-compound-00,UNSEEN_COMPOUND,1150,11.5,0,0.05982561967695384,False,0,,8.044318168355279e-07
PREVALENCE,unseen-compound-00,UNSEEN_COMPOUND,1160,11.6,0,0.05982561967695384,False,0,,8.044318168355279e-07
PREVALENCE,unseen-compound-00,UNSEEN_COMPOUND,1170,11.700000000000001,0,0.05982561967695384,False,0,,8.044318168355279e-07
PREVALENCE,unseen-compound-00,UNSEEN_COMPOUND,1180,11.8,0,0.05982561967695384,False,0,,8.044318168355279e-07
PREVALENCE,unseen-compound-00,UNSEEN_COMPOUND,1190,11.9,0,0.05982561967695384,False,0,,8.044318168355279e-07
PREVALENCE,unseen-compound-00,UNSEEN_COMPOUND,1200,12.0,0,0.05982561967695384,False,0,,8.044318168355279e-07
PREVALENCE,unseen-compound-00,UNSEEN_COMPOUND,1210,12.1,0,0.05982561967695384,False,0,,8.044318168355279e-07
PREVALENCE,unseen-compound-00,UNSEEN_COMPOUND,1220,12.200000000000001,0,0.05982561967695384,False,0,,8.044318168355279e-07
PREVALENCE,unseen-compound-00,UNSEEN_COMPOUND,1230,12.3,0,0.05982561967695384,False,0,,8.044318168355279e-07
PREVALENCE,unseen-compound-00,UNSEEN_COMPOUND,1240,12.4,0,0.05982561967695384,False,0,,8.044318168355279e-07
PREVALENCE,unseen-compound-00,UNSEEN_COMPOUND,1250,12.5,0,0.05982561967695384,False,0,,8.044318168355279e-07
PREVALENCE,unseen-compound-00,UNSEEN_COMPOUND,1260,12.6,0,0.05982561967695384,False,0,,8.044318168355279e-07
PREVALENCE,unseen-compound-00,UNSEEN_COMPOUND,1270,12.700000000000001,0,0.05982561967695384,False,0,,8.044318168355279e-07
PREVALENCE,unseen-compound-00,UNSEEN_COMPOUND,1280,12.8,0,0.05982561967695384,False,0,,8.044318168355279e-07
PREVALENCE,unseen-compound-00,UNSEEN_COMPOUND,1290,12.9,0,0.05982561967695384,False,0,,8.044318168355279e-07
PREVALENCE,unseen-compound-00,UNSEEN_COMPOUND,1300,13.0,0,0.05982561967695384,False,0,,8.044318168355279e-07
PREVALENCE,unseen-compound-01,UNSEEN_COMPOUND,430,4.3,0,0.05982561967695384,False,0,,8.044318168355279e-07
PREVALENCE,unseen-compound-01,UNSEEN_COMPOUND,440,4.4,0,0.05982561967695384,False,0,,8.044318168355279e-07
PREVALENCE,unseen-compound-01,UNSEEN_COMPOUND,450,4.5,0,0.05982561967695384,False,0,,8.044318168355279e-07
PREVALENCE,unseen-compound-01,UNSEEN_COMPOUND,460,4.6000000000000005,0,0.05982561967695384,False,0,,8.044318168355279e-07
PREVALENCE,unseen-compound-01,UNSEEN_COMPOUND,470,4.7,0,0.05982561967695384,False,0,,8.044318168355279e-07
PREVALENCE,unseen-compound-01,UNSEEN_COMPOUND,480,4.8,0,0.05982561967695384,False,0,,8.044318168355279e-07
PREVALENCE,unseen-compound-01,UNSEEN_COMPOUND,490,4.9,0,0.05982561967695384,False,0,,8.044318168355279e-07
PREVALENCE,unseen-compound-01,UNSEEN_COMPOUND,500,5.0,0,0.05982561967695384,False,0,,8.044318168355279e-07
PREVALENCE,unseen-compound-01,UNSEEN_COMPOUND,510,5.1000000000000005,0,0.05982561967695384,False,0,,8.044318168355279e-07
PREVALENCE,unseen-compound-01,UNSEEN_COMPOUND,520,5.2,0,0.05982561967695384,False,0,,8.044318168355279e-07
PREVALENCE,unseen-compound-01,UNSEEN_COMPOUND,530,5.3,0,0.05982561967695384,False,0,,8.044318168355279e-07
PREVALENCE,unseen-compound-01,UNSEEN_COMPOUND,540,5.4,0,0.05982561967695384,False,0,,8.044318168355279e-07
PREVALENCE,unseen-compound-01,UNSEEN_COMPOUND,550,5.5,0,0.05982561967695384,False,0,,8.044318168355279e-07
PREVALENCE,unseen-compound-01,UNSEEN_COMPOUND,560,5.6000000000000005,0,0.05982561967695384,False,0,,8.044318168355279e-07
PREVALENCE,unseen-compound-01,UNSEEN_COMPOUND,570,5.7,0,0.05982561967695384,False,0,,8.044318168355279e-07
PREVALENCE,unseen-compound-01,UNSEEN_COMPOUND,580,5.8,0,0.05982561967695384,False,0,,8.044318168355279e-07
PREVALENCE,unseen-compound-01,UNSEEN_COMPOUND,590,5.9,0,0.05982561967695384,False,0,,8.044318168355279e-07
PREVALENCE,unseen-compound-01,UNSEEN_COMPOUND,600,6.0,0,0.05982561967695384,False,0,,8.044318168355279e-07
PREVALENCE,unseen-compound-01,UNSEEN_COMPOUND,610,6.1000000000000005,0,0.05982561967695384,False,0,,8.044318168355279e-07
PREVALENCE,unseen-compound-01,UNSEEN_COMPOUND,620,6.2,0,0.05982561967695384,False,0,,8.044318168355279e-07
PREVALENCE,unseen-compound-01,UNSEEN_COMPOUND,630,6.3,0,0.05982561967695384,False,0,,8.044318168355279e-07
PREVALENCE,unseen-compound-01,UNSEEN_COMPOUND,640,6.4,0,0.05982561967695384,False,0,,8.044318168355279e-07
PREVALENCE,unseen-compound-01,UNSEEN_COMPOUND,650,6.5,0,0.05982561967695384,False,0,,8.044318168355279e-07
PREVALENCE,unseen-compound-01,UNSEEN_COMPOUND,660,6.6000000000000005,0,0.05982561967695384,False,0,,8.044318168355279e-07
PREVALENCE,unseen-compound-01,UNSEEN_COMPOUND,670,6.7,0,0.05982561967695384,False,0,,8.044318168355279e-07
PREVALENCE,unseen-compound-01,UNSEEN_COMPOUND,680,6.8,0,0.05982561967695384,False,0,,8.044318168355279e-07
PREVALENCE,unseen-compound-01,UNSEEN_COMPOUND,690,6.9,0,0.05982561967695384,False,0,,8.044318168355279e-07
PREVALENCE,unseen-compound-01,UNSEEN_COMPOUND,700,7.0,0,0.05982561967695384,False,0,,8.044318168355279e-07
PREVALENCE,unseen-compound-01,UNSEEN_COMPOUND,710,7.1000000000000005,0,0.05982561967695384,False,0,,8.044318168355279e-07
PREVALENCE,unseen-compound-01,UNSEEN_COMPOUND,720,7.2,0,0.05982561967695384,False,0,,8.044318168355279e-07
PREVALENCE,unseen-compound-01,UNSEEN_COMPOUND,730,7.3,0,0.05982561967695384,False,0,,8.044318168355279e-07
PREVALENCE,unseen-compound-01,UNSEEN_COMPOUND,740,7.4,0,0.05982561967695384,False,0,,8.044318168355279e-07
PREVALENCE,unseen-compound-01,UNSEEN_COMPOUND,750,7.5,0,0.05982561967695384,False,0,,8.044318168355279e-07
PREVALENCE,unseen-compound-01,UNSEEN_COMPOUND,760,7.6000000000000005,0,0.05982561967695384,False,0,,8.044318168355279e-07
PREVALENCE,unseen-compound-01,UNSEEN_COMPOUND,770,7.7,0,0.05982561967695384,False,0,,8.044318168355279e-07
PREVALENCE,unseen-compound-01,UNSEEN_COMPOUND,780,7.8,0,0.05982561967695384,False,0,,8.044318168355279e-07
PREVALENCE,unseen-compound-01,UNSEEN_COMPOUND,790,7.9,0,0.05982561967695384,False,0,,8.044318168355279e-07
PREVALENCE,unseen-compound-01,UNSEEN_COMPOUND,800,8.0,0,0.05982561967695384,False,0,,8.044318168355279e-07
PREVALENCE,unseen-compound-01,UNSEEN_COMPOUND,810,8.1,0,0.05982561967695384,False,0,,8.044318168355279e-07
PREVALENCE,unseen-compound-01,UNSEEN_COMPOUND,820,8.2,0,0.05982561967695384,False,0,,8.044318168355279e-07
PREVALENCE,unseen-compound-01,UNSEEN_COMPOUND,830,8.3,0,0.05982561967695384,False,0,,8.044318168355279e-07
PREVALENCE,unseen-compound-01,UNSEEN_COMPOUND,840,8.4,0,0.05982561967695384,False,0,,8.044318168355279e-07
PREVALENCE,unseen-compound-01,UNSEEN_COMPOUND,850,8.5,0,0.05982561967695384,False,0,,8.044318168355279e-07
PREVALENCE,unseen-compound-01,UNSEEN_COMPOUND,860,8.6,0,0.05982561967695384,False,0,,8.044318168355279e-07
PREVALENCE,unseen-compound-01,UNSEEN_COMPOUND,870,8.700000000000001,0,0.05982561967695384,False,0,,8.044318168355279e-07
PREVALENCE,unseen-compound-01,UNSEEN_COMPOUND,880,8.8,0,0.05982561967695384,False,0,,8.044318168355279e-07
PREVALENCE,unseen-compound-01,UNSEEN_COMPOUND,890,8.9,0,0.05982561967695384,False,0,,8.044318168355279e-07
PREVALENCE,unseen-compound-01,UNSEEN_COMPOUND,900,9.0,0,0.05982561967695384,False,0,,8.044318168355279e-07
PREVALENCE,unseen-compound-01,UNSEEN_COMPOUND,910,9.1,0,0.05982561967695384,False,0,,8.044318168355279e-07
PREVALENCE,unseen-compound-01,UNSEEN_COMPOUND,920,9.200000000000001,0,0.05982561967695384,False,0,,8.044318168355279e-07
PREVALENCE,unseen-compound-01,UNSEEN_COMPOUND,930,9.3,0,0.05982561967695384,False,0,,8.044318168355279e-07
PREVALENCE,unseen-compound-01,UNSEEN_COMPOUND,940,9.4,0,0.05982561967695384,False,0,,8.044318168355279e-07
PREVALENCE,unseen-compound-01,UNSEEN_COMPOUND,950,9.5,0,0.05982561967695384,False,0,,8.044318168355279e-07
PREVALENCE,unseen-compound-01,UNSEEN_COMPOUND,960,9.6,0,0.05982561967695384,False,0,,8.044318168355279e-07
PREVALENCE,unseen-compound-01,UNSEEN_COMPOUND,970,9.700000000000001,0,0.05982561967695384,False,0,,8.044318168355279e-07
PREVALENCE,unseen-compound-01,UNSEEN_COMPOUND,980,9.8,0,0.05982561967695384,False,0,,8.044318168355279e-07
PREVALENCE,unseen-compound-01,UNSEEN_COMPOUND,990,9.9,0,0.05982561967695384,False,0,,8.044318168355279e-07
PREVALENCE,unseen-compound-01,UNSEEN_COMPOUND,1000,10.0,0,0.05982561967695384,False,0,,8.044318168355279e-07
PREVALENCE,unseen-compound-01,UNSEEN_COMPOUND,1010,10.1,0,0.05982561967695384,False,0,,8.044318168355279e-07
PREVALENCE,unseen-compound-01,UNSEEN_COMPOUND,1020,10.200000000000001,0,0.05982561967695384,False,0,,8.044318168355279e-07
PREVALENCE,unseen-compound-01,UNSEEN_COMPOUND,1030,10.3,0,0.05982561967695384,False,0,,8.044318168355279e-07
PREVALENCE,unseen-compound-01,UNSEEN_COMPOUND,1040,10.4,0,0.05982561967695384,False,0,,8.044318168355279e-07
PREVALENCE,unseen-compound-01,UNSEEN_COMPOUND,1050,10.5,0,0.05982561967695384,False,0,,8.044318168355279e-07
PREVALENCE,unseen-compound-01,UNSEEN_COMPOUND,1060,10.6,0,0.05982561967695384,False,0,,8.044318168355279e-07
PREVALENCE,unseen-compound-01,UNSEEN_COMPOUND,1070,10.700000000000001,0,0.05982561967695384,False,0,,8.044318168355279e-07
PREVALENCE,unseen-compound-01,UNSEEN_COMPOUND,1080,10.8,0,0.05982561967695384,False,0,,8.044318168355279e-07
PREVALENCE,unseen-compound-01,UNSEEN_COMPOUND,1090,10.9,0,0.05982561967695384,False,0,,8.044318168355279e-07
PREVALENCE,unseen-compound-01,UNSEEN_COMPOUND,1100,11.0,0,0.05982561967695384,False,0,,8.044318168355279e-07
PREVALENCE,unseen-compound-01,UNSEEN_COMPOUND,1110,11.1,0,0.05982561967695384,False,0,,8.044318168355279e-07
PREVALENCE,unseen-compound-01,UNSEEN_COMPOUND,1120,11.200000000000001,0,0.05982561967695384,False,0,,8.044318168355279e-07
PREVALENCE,unseen-compound-01,UNSEEN_COMPOUND,1130,11.3,0,0.05982561967695384,False,0,,8.044318168355279e-07
PREVALENCE,unseen-compound-01,UNSEEN_COMPOUND,1140,11.4,0,0.05982561967695384,False,0,,8.044318168355279e-07
PREVALENCE,unseen-compound-01,UNSEEN_COMPOUND,1150,11.5,0,0.05982561967695384,False,0,,8.044318168355279e-07
PREVALENCE,unseen-compound-01,UNSEEN_COMPOUND,1160,11.6,0,0.05982561967695384,False,0,,8.044318168355279e-07
PREVALENCE,unseen-compound-01,UNSEEN_COMPOUND,1170,11.700000000000001,0,0.05982561967695384,False,0,,8.044318168355279e-07
PREVALENCE,unseen-compound-01,UNSEEN_COMPOUND,1180,11.8,0,0.05982561967695384,False,0,,8.044318168355279e-07
PREVALENCE,unseen-compound-01,UNSEEN_COMPOUND,1190,11.9,0,0.05982561967695384,False,0,,8.044318168355279e-07
PREVALENCE,unseen-compound-01,UNSEEN_COMPOUND,1200,12.0,0,0.05982561967695384,False,0,,8.044318168355279e-07
PREVALENCE,unseen-compound-01,UNSEEN_COMPOUND,1210,12.1,0,0.05982561967695384,False,0,,8.044318168355279e-07
PREVALENCE,unseen-compound-01,UNSEEN_COMPOUND,1220,12.200000000000001,0,0.05982561967695384,False,0,,8.044318168355279e-07
PREVALENCE,unseen-compound-01,UNSEEN_COMPOUND,1230,12.3,0,0.05982561967695384,False,0,,8.044318168355279e-07
PREVALENCE,unseen-compound-01,UNSEEN_COMPOUND,1240,12.4,0,0.05982561967695384,False,0,,8.044318168355279e-07
PREVALENCE,unseen-compound-01,UNSEEN_COMPOUND,1250,12.5,0,0.05982561967695384,False,0,,8.044318168355279e-07
PREVALENCE,unseen-compound-01,UNSEEN_COMPOUND,1260,12.6,0,0.05982561967695384,False,0,,8.044318168355279e-07
PREVALENCE,unseen-compound-01,UNSEEN_COMPOUND,1270,12.700000000000001,0,0.05982561967695384,False,0,,8.044318168355279e-07
PREVALENCE,unseen-compound-01,UNSEEN_COMPOUND,1280,12.8,0,0.05982561967695384,False,0,,8.044318168355279e-07
PREVALENCE,unseen-compound-01,UNSEEN_COMPOUND,1290,12.9,0,0.05982561967695384,False,0,,8.044318168355279e-07
PREVALENCE,unseen-compound-01,UNSEEN_COMPOUND,1300,13.0,0,0.05982561967695384,False,0,,8.044318168355279e-07
PREVALENCE,unseen-compound-02,UNSEEN_COMPOUND,430,4.3,0,0.05982561967695384,False,0,,8.044318168355279e-07
PREVALENCE,unseen-compound-02,UNSEEN_COMPOUND,440,4.4,0,0.05982561967695384,False,0,,8.044318168355279e-07
PREVALENCE,unseen-compound-02,UNSEEN_COMPOUND,450,4.5,0,0.05982561967695384,False,0,,8.044318168355279e-07
PREVALENCE,unseen-compound-02,UNSEEN_COMPOUND,460,4.6000000000000005,0,0.05982561967695384,False,0,,8.044318168355279e-07
PREVALENCE,unseen-compound-02,UNSEEN_COMPOUND,470,4.7,0,0.05982561967695384,False,0,,8.044318168355279e-07
PREVALENCE,unseen-compound-02,UNSEEN_COMPOUND,480,4.8,0,0.05982561967695384,False,0,,8.044318168355279e-07
PREVALENCE,unseen-compound-02,UNSEEN_COMPOUND,490,4.9,0,0.05982561967695384,False,0,,8.044318168355279e-07
PREVALENCE,unseen-compound-02,UNSEEN_COMPOUND,500,5.0,0,0.05982561967695384,False,0,,8.044318168355279e-07
PREVALENCE,unseen-compound-02,UNSEEN_COMPOUND,510,5.1000000000000005,0,0.05982561967695384,False,0,,8.044318168355279e-07
PREVALENCE,unseen-compound-02,UNSEEN_COMPOUND,520,5.2,0,0.05982561967695384,False,0,,8.044318168355279e-07
PREVALENCE,unseen-compound-02,UNSEEN_COMPOUND,530,5.3,0,0.05982561967695384,False,0,,8.044318168355279e-07
PREVALENCE,unseen-compound-02,UNSEEN_COMPOUND,540,5.4,0,0.05982561967695384,False,0,,8.044318168355279e-07
PREVALENCE,unseen-compound-02,UNSEEN_COMPOUND,550,5.5,0,0.05982561967695384,False,0,,8.044318168355279e-07
PREVALENCE,unseen-compound-02,UNSEEN_COMPOUND,560,5.6000000000000005,0,0.05982561967695384,False,0,,8.044318168355279e-07
PREVALENCE,unseen-compound-02,UNSEEN_COMPOUND,570,5.7,0,0.05982561967695384,False,0,,8.044318168355279e-07
PREVALENCE,unseen-compound-02,UNSEEN_COMPOUND,580,5.8,0,0.05982561967695384,False,0,,8.044318168355279e-07
PREVALENCE,unseen-compound-02,UNSEEN_COMPOUND,590,5.9,0,0.05982561967695384,False,0,,8.044318168355279e-07
PREVALENCE,unseen-compound-02,UNSEEN_COMPOUND,600,6.0,0,0.05982561967695384,False,0,,8.044318168355279e-07
PREVALENCE,unseen-compound-02,UNSEEN_COMPOUND,610,6.1000000000000005,0,0.05982561967695384,False,0,,8.044318168355279e-07
PREVALENCE,unseen-compound-02,UNSEEN_COMPOUND,620,6.2,0,0.05982561967695384,False,0,,8.044318168355279e-07
PREVALENCE,unseen-compound-02,UNSEEN_COMPOUND,630,6.3,0,0.05982561967695384,False,0,,8.044318168355279e-07
PREVALENCE,unseen-compound-02,UNSEEN_COMPOUND,640,6.4,0,0.05982561967695384,False,0,,8.044318168355279e-07
PREVALENCE,unseen-compound-02,UNSEEN_COMPOUND,650,6.5,0,0.05982561967695384,False,0,,8.044318168355279e-07
PREVALENCE,unseen-compound-02,UNSEEN_COMPOUND,660,6.6000000000000005,0,0.05982561967695384,False,0,,8.044318168355279e-07
PREVALENCE,unseen-compound-02,UNSEEN_COMPOUND,670,6.7,0,0.05982561967695384,False,0,,8.044318168355279e-07
PREVALENCE,unseen-compound-02,UNSEEN_COMPOUND,680,6.8,0,0.05982561967695384,False,0,,8.044318168355279e-07
PREVALENCE,unseen-compound-02,UNSEEN_COMPOUND,690,6.9,0,0.05982561967695384,False,0,,8.044318168355279e-07
PREVALENCE,unseen-compound-02,UNSEEN_COMPOUND,700,7.0,0,0.05982561967695384,False,0,,8.044318168355279e-07
PREVALENCE,unseen-compound-02,UNSEEN_COMPOUND,710,7.1000000000000005,0,0.05982561967695384,False,0,,8.044318168355279e-07
PREVALENCE,unseen-compound-02,UNSEEN_COMPOUND,720,7.2,0,0.05982561967695384,False,0,,8.044318168355279e-07
PREVALENCE,unseen-compound-02,UNSEEN_COMPOUND,730,7.3,0,0.05982561967695384,False,0,,8.044318168355279e-07
PREVALENCE,unseen-compound-02,UNSEEN_COMPOUND,740,7.4,0,0.05982561967695384,False,0,,8.044318168355279e-07
PREVALENCE,unseen-compound-02,UNSEEN_COMPOUND,750,7.5,0,0.05982561967695384,False,0,,8.044318168355279e-07
PREVALENCE,unseen-compound-02,UNSEEN_COMPOUND,760,7.6000000000000005,0,0.05982561967695384,False,0,,8.044318168355279e-07
PREVALENCE,unseen-compound-02,UNSEEN_COMPOUND,770,7.7,0,0.05982561967695384,False,0,,8.044318168355279e-07
PREVALENCE,unseen-compound-02,UNSEEN_COMPOUND,780,7.8,0,0.05982561967695384,False,0,,8.044318168355279e-07
PREVALENCE,unseen-compound-02,UNSEEN_COMPOUND,790,7.9,0,0.05982561967695384,False,0,,8.044318168355279e-07
PREVALENCE,unseen-compound-02,UNSEEN_COMPOUND,800,8.0,0,0.05982561967695384,False,0,,8.044318168355279e-07
PREVALENCE,unseen-compound-02,UNSEEN_COMPOUND,810,8.1,0,0.05982561967695384,False,0,,8.044318168355279e-07
PREVALENCE,unseen-compound-02,UNSEEN_COMPOUND,820,8.2,0,0.05982561967695384,False,0,,8.044318168355279e-07
PREVALENCE,unseen-compound-02,UNSEEN_COMPOUND,830,8.3,0,0.05982561967695384,False,0,,8.044318168355279e-07
PREVALENCE,unseen-compound-02,UNSEEN_COMPOUND,840,8.4,0,0.05982561967695384,False,0,,8.044318168355279e-07
PREVALENCE,unseen-compound-02,UNSEEN_COMPOUND,850,8.5,0,0.05982561967695384,False,0,,8.044318168355279e-07
PREVALENCE,unseen-compound-02,UNSEEN_COMPOUND,860,8.6,0,0.05982561967695384,False,0,,8.044318168355279e-07
PREVALENCE,unseen-compound-02,UNSEEN_COMPOUND,870,8.700000000000001,0,0.05982561967695384,False,0,,8.044318168355279e-07
PREVALENCE,unseen-compound-02,UNSEEN_COMPOUND,880,8.8,0,0.05982561967695384,False,0,,8.044318168355279e-07
PREVALENCE,unseen-compound-02,UNSEEN_COMPOUND,890,8.9,0,0.05982561967695384,False,0,,8.044318168355279e-07
PREVALENCE,unseen-compound-02,UNSEEN_COMPOUND,900,9.0,0,0.05982561967695384,False,0,,8.044318168355279e-07
PREVALENCE,unseen-compound-02,UNSEEN_COMPOUND,910,9.1,0,0.05982561967695384,False,0,,8.044318168355279e-07
PREVALENCE,unseen-compound-02,UNSEEN_COMPOUND,920,9.200000000000001,0,0.05982561967695384,False,0,,8.044318168355279e-07
PREVALENCE,unseen-compound-02,UNSEEN_COMPOUND,930,9.3,0,0.05982561967695384,False,0,,8.044318168355279e-07
PREVALENCE,unseen-compound-02,UNSEEN_COMPOUND,940,9.4,0,0.05982561967695384,False,0,,8.044318168355279e-07
PREVALENCE,unseen-compound-02,UNSEEN_COMPOUND,950,9.5,0,0.05982561967695384,False,0,,8.044318168355279e-07
PREVALENCE,unseen-compound-02,UNSEEN_COMPOUND,960,9.6,0,0.05982561967695384,False,0,,8.044318168355279e-07
PREVALENCE,unseen-compound-02,UNSEEN_COMPOUND,970,9.700000000000001,0,0.05982561967695384,False,0,,8.044318168355279e-07
PREVALENCE,unseen-compound-02,UNSEEN_COMPOUND,980,9.8,0,0.05982561967695384,False,0,,8.044318168355279e-07
PREVALENCE,unseen-compound-02,UNSEEN_COMPOUND,990,9.9,0,0.05982561967695384,False,0,,8.044318168355279e-07
PREVALENCE,unseen-compound-02,UNSEEN_COMPOUND,1000,10.0,0,0.05982561967695384,False,0,,8.044318168355279e-07
PREVALENCE,unseen-compound-02,UNSEEN_COMPOUND,1010,10.1,0,0.05982561967695384,False,0,,8.044318168355279e-07
PREVALENCE,unseen-compound-02,UNSEEN_COMPOUND,1020,10.200000000000001,0,0.05982561967695384,False,0,,8.044318168355279e-07
PREVALENCE,unseen-compound-02,UNSEEN_COMPOUND,1030,10.3,0,0.05982561967695384,False,0,,8.044318168355279e-07
PREVALENCE,unseen-compound-02,UNSEEN_COMPOUND,1040,10.4,0,0.05982561967695384,False,0,,8.044318168355279e-07
PREVALENCE,unseen-compound-02,UNSEEN_COMPOUND,1050,10.5,0,0.05982561967695384,False,0,,8.044318168355279e-07
PREVALENCE,unseen-compound-02,UNSEEN_COMPOUND,1060,10.6,0,0.05982561967695384,False,0,,8.044318168355279e-07
PREVALENCE,unseen-compound-02,UNSEEN_COMPOUND,1070,10.700000000000001,0,0.05982561967695384,False,0,,8.044318168355279e-07
PREVALENCE,unseen-compound-02,UNSEEN_COMPOUND,1080,10.8,0,0.05982561967695384,False,0,,8.044318168355279e-07
PREVALENCE,unseen-compound-02,UNSEEN_COMPOUND,1090,10.9,0,0.05982561967695384,False,0,,8.044318168355279e-07
PREVALENCE,unseen-compound-02,UNSEEN_COMPOUND,1100,11.0,0,0.05982561967695384,False,0,,8.044318168355279e-07
PREVALENCE,unseen-compound-02,UNSEEN_COMPOUND,1110,11.1,0,0.05982561967695384,False,0,,8.044318168355279e-07
PREVALENCE,unseen-compound-02,UNSEEN_COMPOUND,1120,11.200000000000001,0,0.05982561967695384,False,0,,8.044318168355279e-07
PREVALENCE,unseen-compound-02,UNSEEN_COMPOUND,1130,11.3,0,0.05982561967695384,False,0,,8.044318168355279e-07
PREVALENCE,unseen-compound-02,UNSEEN_COMPOUND,1140,11.4,0,0.05982561967695384,False,0,,8.044318168355279e-07
PREVALENCE,unseen-compound-02,UNSEEN_COMPOUND,1150,11.5,0,0.05982561967695384,False,0,,8.044318168355279e-07
PREVALENCE,unseen-compound-02,UNSEEN_COMPOUND,1160,11.6,0,0.05982561967695384,False,0,,8.044318168355279e-07
PREVALENCE,unseen-compound-02,UNSEEN_COMPOUND,1170,11.700000000000001,0,0.05982561967695384,False,0,,8.044318168355279e-07
PREVALENCE,unseen-compound-02,UNSEEN_COMPOUND,1180,11.8,0,0.05982561967695384,False,0,,8.044318168355279e-07
PREVALENCE,unseen-compound-02,UNSEEN_COMPOUND,1190,11.9,0,0.05982561967695384,False,0,,8.044318168355279e-07
PREVALENCE,unseen-compound-02,UNSEEN_COMPOUND,1200,12.0,0,0.05982561967695384,False,0,,8.044318168355279e-07
PREVALENCE,unseen-compound-02,UNSEEN_COMPOUND,1210,12.1,0,0.05982561967695384,False,0,,8.044318168355279e-07
PREVALENCE,unseen-compound-02,UNSEEN_COMPOUND,1220,12.200000000000001,0,0.05982561967695384,False,0,,8.044318168355279e-07
PREVALENCE,unseen-compound-02,UNSEEN_COMPOUND,1230,12.3,0,0.05982561967695384,False,0,,8.044318168355279e-07
PREVALENCE,unseen-compound-02,UNSEEN_COMPOUND,1240,12.4,0,0.05982561967695384,False,0,,8.044318168355279e-07
PREVALENCE,unseen-compound-02,UNSEEN_COMPOUND,1250,12.5,0,0.05982561967695384,False,0,,8.044318168355279e-07
PREVALENCE,unseen-compound-02,UNSEEN_COMPOUND,1260,12.6,0,0.05982561967695384,False,0,,8.044318168355279e-07
PREVALENCE,unseen-compound-02,UNSEEN_COMPOUND,1270,12.700000000000001,0,0.05982561967695384,False,0,,8.044318168355279e-07
PREVALENCE,unseen-compound-02,UNSEEN_COMPOUND,1280,12.8,0,0.05982561967695384,False,0,,8.044318168355279e-07
PREVALENCE,unseen-compound-02,UNSEEN_COMPOUND,1290,12.9,0,0.05982561967695384,False,0,,8.044318168355279e-07
PREVALENCE,unseen-compound-02,UNSEEN_COMPOUND,1300,13.0,0,0.05982561967695384,False,0,,8.044318168355279e-07
PREVALENCE,unseen-compound-03,UNSEEN_COMPOUND,430,4.3,0,0.05982561967695384,False,0,,8.044318168355279e-07
PREVALENCE,unseen-compound-03,UNSEEN_COMPOUND,440,4.4,0,0.05982561967695384,False,0,,8.044318168355279e-07
PREVALENCE,unseen-compound-03,UNSEEN_COMPOUND,450,4.5,0,0.05982561967695384,False,0,,8.044318168355279e-07
PREVALENCE,unseen-compound-03,UNSEEN_COMPOUND,460,4.6000000000000005,0,0.05982561967695384,False,0,,8.044318168355279e-07
PREVALENCE,unseen-compound-03,UNSEEN_COMPOUND,470,4.7,0,0.05982561967695384,False,0,,8.044318168355279e-07
PREVALENCE,unseen-compound-03,UNSEEN_COMPOUND,480,4.8,0,0.05982561967695384,False,0,,8.044318168355279e-07
PREVALENCE,unseen-compound-03,UNSEEN_COMPOUND,490,4.9,0,0.05982561967695384,False,0,,8.044318168355279e-07
PREVALENCE,unseen-compound-03,UNSEEN_COMPOUND,500,5.0,0,0.05982561967695384,False,0,,8.044318168355279e-07
PREVALENCE,unseen-compound-03,UNSEEN_COMPOUND,510,5.1000000000000005,0,0.05982561967695384,False,0,,8.044318168355279e-07
PREVALENCE,unseen-compound-03,UNSEEN_COMPOUND,520,5.2,0,0.05982561967695384,False,0,,8.044318168355279e-07
PREVALENCE,unseen-compound-03,UNSEEN_COMPOUND,530,5.3,0,0.05982561967695384,False,0,,8.044318168355279e-07
PREVALENCE,unseen-compound-03,UNSEEN_COMPOUND,540,5.4,0,0.05982561967695384,False,0,,8.044318168355279e-07
PREVALENCE,unseen-compound-03,UNSEEN_COMPOUND,550,5.5,0,0.05982561967695384,False,0,,8.044318168355279e-07
PREVALENCE,unseen-compound-03,UNSEEN_COMPOUND,560,5.6000000000000005,0,0.05982561967695384,False,0,,8.044318168355279e-07
PREVALENCE,unseen-compound-03,UNSEEN_COMPOUND,570,5.7,0,0.05982561967695384,False,0,,8.044318168355279e-07
PREVALENCE,unseen-compound-03,UNSEEN_COMPOUND,580,5.8,0,0.05982561967695384,False,0,,8.044318168355279e-07
PREVALENCE,unseen-compound-03,UNSEEN_COMPOUND,590,5.9,0,0.05982561967695384,False,0,,8.044318168355279e-07
PREVALENCE,unseen-compound-03,UNSEEN_COMPOUND,600,6.0,0,0.05982561967695384,False,0,,8.044318168355279e-07
PREVALENCE,unseen-compound-03,UNSEEN_COMPOUND,610,6.1000000000000005,0,0.05982561967695384,False,0,,8.044318168355279e-07
PREVALENCE,unseen-compound-03,UNSEEN_COMPOUND,620,6.2,0,0.05982561967695384,False,0,,8.044318168355279e-07
PREVALENCE,unseen-compound-03,UNSEEN_COMPOUND,630,6.3,0,0.05982561967695384,False,0,,8.044318168355279e-07
PREVALENCE,unseen-compound-03,UNSEEN_COMPOUND,640,6.4,0,0.05982561967695384,False,0,,8.044318168355279e-07
PREVALENCE,unseen-compound-03,UNSEEN_COMPOUND,650,6.5,0,0.05982561967695384,False,0,,8.044318168355279e-07
PREVALENCE,unseen-compound-03,UNSEEN_COMPOUND,660,6.6000000000000005,0,0.05982561967695384,False,0,,8.044318168355279e-07
PREVALENCE,unseen-compound-03,UNSEEN_COMPOUND,670,6.7,0,0.05982561967695384,False,0,,8.044318168355279e-07
PREVALENCE,unseen-compound-03,UNSEEN_COMPOUND,680,6.8,0,0.05982561967695384,False,0,,8.044318168355279e-07
PREVALENCE,unseen-compound-03,UNSEEN_COMPOUND,690,6.9,0,0.05982561967695384,False,0,,8.044318168355279e-07
PREVALENCE,unseen-compound-03,UNSEEN_COMPOUND,700,7.0,0,0.05982561967695384,False,0,,8.044318168355279e-07
PREVALENCE,unseen-compound-03,UNSEEN_COMPOUND,710,7.1000000000000005,0,0.05982561967695384,False,0,,8.044318168355279e-07
PREVALENCE,unseen-compound-03,UNSEEN_COMPOUND,720,7.2,0,0.05982561967695384,False,0,,8.044318168355279e-07
PREVALENCE,unseen-compound-03,UNSEEN_COMPOUND,730,7.3,0,0.05982561967695384,False,0,,8.044318168355279e-07
PREVALENCE,unseen-compound-03,UNSEEN_COMPOUND,740,7.4,0,0.05982561967695384,False,0,,8.044318168355279e-07
PREVALENCE,unseen-compound-03,UNSEEN_COMPOUND,750,7.5,0,0.05982561967695384,False,0,,8.044318168355279e-07
PREVALENCE,unseen-compound-03,UNSEEN_COMPOUND,760,7.6000000000000005,0,0.05982561967695384,False,0,,8.044318168355279e-07
PREVALENCE,unseen-compound-03,UNSEEN_COMPOUND,770,7.7,0,0.05982561967695384,False,0,,8.044318168355279e-07
PREVALENCE,unseen-compound-03,UNSEEN_COMPOUND,780,7.8,0,0.05982561967695384,False,0,,8.044318168355279e-07
PREVALENCE,unseen-compound-03,UNSEEN_COMPOUND,790,7.9,0,0.05982561967695384,False,0,,8.044318168355279e-07
PREVALENCE,unseen-compound-03,UNSEEN_COMPOUND,800,8.0,0,0.05982561967695384,False,0,,8.044318168355279e-07
PREVALENCE,unseen-compound-03,UNSEEN_COMPOUND,810,8.1,0,0.05982561967695384,False,0,,8.044318168355279e-07
PREVALENCE,unseen-compound-03,UNSEEN_COMPOUND,820,8.2,0,0.05982561967695384,False,0,,8.044318168355279e-07
PREVALENCE,unseen-compound-03,UNSEEN_COMPOUND,830,8.3,0,0.05982561967695384,False,0,,8.044318168355279e-07
PREVALENCE,unseen-compound-03,UNSEEN_COMPOUND,840,8.4,0,0.05982561967695384,False,0,,8.044318168355279e-07
PREVALENCE,unseen-compound-03,UNSEEN_COMPOUND,850,8.5,0,0.05982561967695384,False,0,,8.044318168355279e-07
PREVALENCE,unseen-compound-03,UNSEEN_COMPOUND,860,8.6,0,0.05982561967695384,False,0,,8.044318168355279e-07
PREVALENCE,unseen-compound-03,UNSEEN_COMPOUND,870,8.700000000000001,0,0.05982561967695384,False,0,,8.044318168355279e-07
PREVALENCE,unseen-compound-03,UNSEEN_COMPOUND,880,8.8,0,0.05982561967695384,False,0,,8.044318168355279e-07
PREVALENCE,unseen-compound-03,UNSEEN_COMPOUND,890,8.9,0,0.05982561967695384,False,0,,8.044318168355279e-07
PREVALENCE,unseen-compound-03,UNSEEN_COMPOUND,900,9.0,0,0.05982561967695384,False,0,,8.044318168355279e-07
PREVALENCE,unseen-compound-03,UNSEEN_COMPOUND,910,9.1,0,0.05982561967695384,False,0,,8.044318168355279e-07
PREVALENCE,unseen-compound-03,UNSEEN_COMPOUND,920,9.200000000000001,0,0.05982561967695384,False,0,,8.044318168355279e-07
PREVALENCE,unseen-compound-03,UNSEEN_COMPOUND,930,9.3,0,0.05982561967695384,False,0,,8.044318168355279e-07
PREVALENCE,unseen-compound-03,UNSEEN_COMPOUND,940,9.4,0,0.05982561967695384,False,0,,8.044318168355279e-07
PREVALENCE,unseen-compound-03,UNSEEN_COMPOUND,950,9.5,0,0.05982561967695384,False,0,,8.044318168355279e-07
PREVALENCE,unseen-compound-03,UNSEEN_COMPOUND,960,9.6,0,0.05982561967695384,False,0,,8.044318168355279e-07
PREVALENCE,unseen-compound-03,UNSEEN_COMPOUND,970,9.700000000000001,0,0.05982561967695384,False,0,,8.044318168355279e-07
PREVALENCE,unseen-compound-03,UNSEEN_COMPOUND,980,9.8,0,0.05982561967695384,False,0,,8.044318168355279e-07
PREVALENCE,unseen-compound-03,UNSEEN_COMPOUND,990,9.9,0,0.05982561967695384,False,0,,8.044318168355279e-07
PREVALENCE,unseen-compound-03,UNSEEN_COMPOUND,1000,10.0,0,0.05982561967695384,False,0,,8.044318168355279e-07
PREVALENCE,unseen-compound-03,UNSEEN_COMPOUND,1010,10.1,0,0.05982561967695384,False,0,,8.044318168355279e-07
PREVALENCE,unseen-compound-03,UNSEEN_COMPOUND,1020,10.200000000000001,0,0.05982561967695384,False,0,,8.044318168355279e-07
PREVALENCE,unseen-compound-03,UNSEEN_COMPOUND,1030,10.3,0,0.05982561967695384,False,0,,8.044318168355279e-07
PREVALENCE,unseen-compound-03,UNSEEN_COMPOUND,1040,10.4,0,0.05982561967695384,False,0,,8.044318168355279e-07
PREVALENCE,unseen-compound-03,UNSEEN_COMPOUND,1050,10.5,0,0.05982561967695384,False,0,,8.044318168355279e-07
PREVALENCE,unseen-compound-03,UNSEEN_COMPOUND,1060,10.6,0,0.05982561967695384,False,0,,8.044318168355279e-07
PREVALENCE,unseen-compound-03,UNSEEN_COMPOUND,1070,10.700000000000001,0,0.05982561967695384,False,0,,8.044318168355279e-07
PREVALENCE,unseen-compound-03,UNSEEN_COMPOUND,1080,10.8,0,0.05982561967695384,False,0,,8.044318168355279e-07
PREVALENCE,unseen-compound-03,UNSEEN_COMPOUND,1090,10.9,0,0.05982561967695384,False,0,,8.044318168355279e-07
PREVALENCE,unseen-compound-03,UNSEEN_COMPOUND,1100,11.0,0,0.05982561967695384,False,0,,8.044318168355279e-07
PREVALENCE,unseen-compound-03,UNSEEN_COMPOUND,1110,11.1,0,0.05982561967695384,False,0,,8.044318168355279e-07
PREVALENCE,unseen-compound-03,UNSEEN_COMPOUND,1120,11.200000000000001,0,0.05982561967695384,False,0,,8.044318168355279e-07
PREVALENCE,unseen-compound-03,UNSEEN_COMPOUND,1130,11.3,0,0.05982561967695384,False,0,,8.044318168355279e-07
PREVALENCE,unseen-compound-03,UNSEEN_COMPOUND,1140,11.4,0,0.05982561967695384,False,0,,8.044318168355279e-07
PREVALENCE,unseen-compound-03,UNSEEN_COMPOUND,1150,11.5,0,0.05982561967695384,False,0,,8.044318168355279e-07
PREVALENCE,unseen-compound-03,UNSEEN_COMPOUND,1160,11.6,0,0.05982561967695384,False,0,,8.044318168355279e-07
PREVALENCE,unseen-compound-03,UNSEEN_COMPOUND,1170,11.700000000000001,0,0.05982561967695384,False,0,,8.044318168355279e-07
PREVALENCE,unseen-compound-03,UNSEEN_COMPOUND,1180,11.8,0,0.05982561967695384,False,0,,8.044318168355279e-07
PREVALENCE,unseen-compound-03,UNSEEN_COMPOUND,1190,11.9,0,0.05982561967695384,False,0,,8.044318168355279e-07
PREVALENCE,unseen-compound-03,UNSEEN_COMPOUND,1200,12.0,0,0.05982561967695384,False,0,,8.044318168355279e-07
PREVALENCE,unseen-compound-03,UNSEEN_COMPOUND,1210,12.1,0,0.05982561967695384,False,0,,8.044318168355279e-07
PREVALENCE,unseen-compound-03,UNSEEN_COMPOUND,1220,12.200000000000001,0,0.05982561967695384,False,0,,8.044318168355279e-07
PREVALENCE,unseen-compound-03,UNSEEN_COMPOUND,1230,12.3,0,0.05982561967695384,False,0,,8.044318168355279e-07
PREVALENCE,unseen-compound-03,UNSEEN_COMPOUND,1240,12.4,0,0.05982561967695384,False,0,,8.044318168355279e-07
PREVALENCE,unseen-compound-03,UNSEEN_COMPOUND,1250,12.5,0,0.05982561967695384,False,0,,8.044318168355279e-07
PREVALENCE,unseen-compound-03,UNSEEN_COMPOUND,1260,12.6,0,0.05982561967695384,False,0,,8.044318168355279e-07
PREVALENCE,unseen-compound-03,UNSEEN_COMPOUND,1270,12.700000000000001,0,0.05982561967695384,False,0,,8.044318168355279e-07
PREVALENCE,unseen-compound-03,UNSEEN_COMPOUND,1280,12.8,0,0.05982561967695384,False,0,,8.044318168355279e-07
PREVALENCE,unseen-compound-03,UNSEEN_COMPOUND,1290,12.9,0,0.05982561967695384,False,0,,8.044318168355279e-07
PREVALENCE,unseen-compound-03,UNSEEN_COMPOUND,1300,13.0,0,0.05982561967695384,False,0,,8.044318168355279e-07
PREVALENCE,unseen-compound-04,UNSEEN_COMPOUND,430,4.3,0,0.05982561967695384,False,0,,8.044318168355279e-07
PREVALENCE,unseen-compound-04,UNSEEN_COMPOUND,440,4.4,0,0.05982561967695384,False,0,,8.044318168355279e-07
PREVALENCE,unseen-compound-04,UNSEEN_COMPOUND,450,4.5,0,0.05982561967695384,False,0,,8.044318168355279e-07
PREVALENCE,unseen-compound-04,UNSEEN_COMPOUND,460,4.6000000000000005,0,0.05982561967695384,False,0,,8.044318168355279e-07
PREVALENCE,unseen-compound-04,UNSEEN_COMPOUND,470,4.7,0,0.05982561967695384,False,0,,8.044318168355279e-07
PREVALENCE,unseen-compound-04,UNSEEN_COMPOUND,480,4.8,0,0.05982561967695384,False,0,,8.044318168355279e-07
PREVALENCE,unseen-compound-04,UNSEEN_COMPOUND,490,4.9,0,0.05982561967695384,False,0,,8.044318168355279e-07
PREVALENCE,unseen-compound-04,UNSEEN_COMPOUND,500,5.0,0,0.05982561967695384,False,0,,8.044318168355279e-07
PREVALENCE,unseen-compound-04,UNSEEN_COMPOUND,510,5.1000000000000005,0,0.05982561967695384,False,0,,8.044318168355279e-07
PREVALENCE,unseen-compound-04,UNSEEN_COMPOUND,520,5.2,0,0.05982561967695384,False,0,,8.044318168355279e-07
PREVALENCE,unseen-compound-04,UNSEEN_COMPOUND,530,5.3,0,0.05982561967695384,False,0,,8.044318168355279e-07
PREVALENCE,unseen-compound-04,UNSEEN_COMPOUND,540,5.4,0,0.05982561967695384,False,0,,8.044318168355279e-07
PREVALENCE,unseen-compound-04,UNSEEN_COMPOUND,550,5.5,0,0.05982561967695384,False,0,,8.044318168355279e-07
PREVALENCE,unseen-compound-04,UNSEEN_COMPOUND,560,5.6000000000000005,0,0.05982561967695384,False,0,,8.044318168355279e-07
PREVALENCE,unseen-compound-04,UNSEEN_COMPOUND,570,5.7,0,0.05982561967695384,False,0,,8.044318168355279e-07
PREVALENCE,unseen-compound-04,UNSEEN_COMPOUND,580,5.8,0,0.05982561967695384,False,0,,8.044318168355279e-07
PREVALENCE,unseen-compound-04,UNSEEN_COMPOUND,590,5.9,0,0.05982561967695384,False,0,,8.044318168355279e-07
PREVALENCE,unseen-compound-04,UNSEEN_COMPOUND,600,6.0,0,0.05982561967695384,False,0,,8.044318168355279e-07
PREVALENCE,unseen-compound-04,UNSEEN_COMPOUND,610,6.1000000000000005,0,0.05982561967695384,False,0,,8.044318168355279e-07
PREVALENCE,unseen-compound-04,UNSEEN_COMPOUND,620,6.2,0,0.05982561967695384,False,0,,8.044318168355279e-07
PREVALENCE,unseen-compound-04,UNSEEN_COMPOUND,630,6.3,0,0.05982561967695384,False,0,,8.044318168355279e-07
PREVALENCE,unseen-compound-04,UNSEEN_COMPOUND,640,6.4,0,0.05982561967695384,False,0,,8.044318168355279e-07
PREVALENCE,unseen-compound-04,UNSEEN_COMPOUND,650,6.5,0,0.05982561967695384,False,0,,8.044318168355279e-07
PREVALENCE,unseen-compound-04,UNSEEN_COMPOUND,660,6.6000000000000005,0,0.05982561967695384,False,0,,8.044318168355279e-07
PREVALENCE,unseen-compound-04,UNSEEN_COMPOUND,670,6.7,0,0.05982561967695384,False,0,,8.044318168355279e-07
PREVALENCE,unseen-compound-04,UNSEEN_COMPOUND,680,6.8,0,0.05982561967695384,False,0,,8.044318168355279e-07
PREVALENCE,unseen-compound-04,UNSEEN_COMPOUND,690,6.9,0,0.05982561967695384,False,0,,8.044318168355279e-07
PREVALENCE,unseen-compound-04,UNSEEN_COMPOUND,700,7.0,0,0.05982561967695384,False,0,,8.044318168355279e-07
PREVALENCE,unseen-compound-04,UNSEEN_COMPOUND,710,7.1000000000000005,0,0.05982561967695384,False,0,,8.044318168355279e-07
PREVALENCE,unseen-compound-04,UNSEEN_COMPOUND,720,7.2,0,0.05982561967695384,False,0,,8.044318168355279e-07
PREVALENCE,unseen-compound-04,UNSEEN_COMPOUND,730,7.3,0,0.05982561967695384,False,0,,8.044318168355279e-07
PREVALENCE,unseen-compound-04,UNSEEN_COMPOUND,740,7.4,0,0.05982561967695384,False,0,,8.044318168355279e-07
PREVALENCE,unseen-compound-04,UNSEEN_COMPOUND,750,7.5,0,0.05982561967695384,False,0,,8.044318168355279e-07
PREVALENCE,unseen-compound-04,UNSEEN_COMPOUND,760,7.6000000000000005,0,0.05982561967695384,False,0,,8.044318168355279e-07
PREVALENCE,unseen-compound-04,UNSEEN_COMPOUND,770,7.7,0,0.05982561967695384,False,0,,8.044318168355279e-07
PREVALENCE,unseen-compound-04,UNSEEN_COMPOUND,780,7.8,0,0.05982561967695384,False,0,,8.044318168355279e-07
PREVALENCE,unseen-compound-04,UNSEEN_COMPOUND,790,7.9,0,0.05982561967695384,False,0,,8.044318168355279e-07
PREVALENCE,unseen-compound-04,UNSEEN_COMPOUND,800,8.0,0,0.05982561967695384,False,0,,8.044318168355279e-07
PREVALENCE,unseen-compound-04,UNSEEN_COMPOUND,810,8.1,0,0.05982561967695384,False,0,,8.044318168355279e-07
PREVALENCE,unseen-compound-04,UNSEEN_COMPOUND,820,8.2,0,0.05982561967695384,False,0,,8.044318168355279e-07
PREVALENCE,unseen-compound-04,UNSEEN_COMPOUND,830,8.3,0,0.05982561967695384,False,0,,8.044318168355279e-07
PREVALENCE,unseen-compound-04,UNSEEN_COMPOUND,840,8.4,0,0.05982561967695384,False,0,,8.044318168355279e-07
PREVALENCE,unseen-compound-04,UNSEEN_COMPOUND,850,8.5,0,0.05982561967695384,False,0,,8.044318168355279e-07
PREVALENCE,unseen-compound-04,UNSEEN_COMPOUND,860,8.6,0,0.05982561967695384,False,0,,8.044318168355279e-07
PREVALENCE,unseen-compound-04,UNSEEN_COMPOUND,870,8.700000000000001,0,0.05982561967695384,False,0,,8.044318168355279e-07
PREVALENCE,unseen-compound-04,UNSEEN_COMPOUND,880,8.8,0,0.05982561967695384,False,0,,8.044318168355279e-07
PREVALENCE,unseen-compound-04,UNSEEN_COMPOUND,890,8.9,0,0.05982561967695384,False,0,,8.044318168355279e-07
PREVALENCE,unseen-compound-04,UNSEEN_COMPOUND,900,9.0,0,0.05982561967695384,False,0,,8.044318168355279e-07
PREVALENCE,unseen-compound-04,UNSEEN_COMPOUND,910,9.1,0,0.05982561967695384,False,0,,8.044318168355279e-07
PREVALENCE,unseen-compound-04,UNSEEN_COMPOUND,920,9.200000000000001,0,0.05982561967695384,False,0,,8.044318168355279e-07
PREVALENCE,unseen-compound-04,UNSEEN_COMPOUND,930,9.3,0,0.05982561967695384,False,0,,8.044318168355279e-07
PREVALENCE,unseen-compound-04,UNSEEN_COMPOUND,940,9.4,0,0.05982561967695384,False,0,,8.044318168355279e-07
PREVALENCE,unseen-compound-04,UNSEEN_COMPOUND,950,9.5,0,0.05982561967695384,False,0,,8.044318168355279e-07
PREVALENCE,unseen-compound-04,UNSEEN_COMPOUND,960,9.6,0,0.05982561967695384,False,0,,8.044318168355279e-07
PREVALENCE,unseen-compound-04,UNSEEN_COMPOUND,970,9.700000000000001,0,0.05982561967695384,False,0,,8.044318168355279e-07
PREVALENCE,unseen-compound-04,UNSEEN_COMPOUND,980,9.8,0,0.05982561967695384,False,0,,8.044318168355279e-07
PREVALENCE,unseen-compound-04,UNSEEN_COMPOUND,990,9.9,0,0.05982561967695384,False,0,,8.044318168355279e-07
PREVALENCE,unseen-compound-04,UNSEEN_COMPOUND,1000,10.0,0,0.05982561967695384,False,0,,8.044318168355279e-07
PREVALENCE,unseen-compound-04,UNSEEN_COMPOUND,1010,10.1,0,0.05982561967695384,False,0,,8.044318168355279e-07
PREVALENCE,unseen-compound-04,UNSEEN_COMPOUND,1020,10.200000000000001,0,0.05982561967695384,False,0,,8.044318168355279e-07
PREVALENCE,unseen-compound-04,UNSEEN_COMPOUND,1030,10.3,0,0.05982561967695384,False,0,,8.044318168355279e-07
PREVALENCE,unseen-compound-04,UNSEEN_COMPOUND,1040,10.4,0,0.05982561967695384,False,0,,8.044318168355279e-07
PREVALENCE,unseen-compound-04,UNSEEN_COMPOUND,1050,10.5,0,0.05982561967695384,False,0,,8.044318168355279e-07
PREVALENCE,unseen-compound-04,UNSEEN_COMPOUND,1060,10.6,0,0.05982561967695384,False,0,,8.044318168355279e-07
PREVALENCE,unseen-compound-04,UNSEEN_COMPOUND,1070,10.700000000000001,0,0.05982561967695384,False,0,,8.044318168355279e-07
PREVALENCE,unseen-compound-04,UNSEEN_COMPOUND,1080,10.8,0,0.05982561967695384,False,0,,8.044318168355279e-07
PREVALENCE,unseen-compound-04,UNSEEN_COMPOUND,1090,10.9,0,0.05982561967695384,False,0,,8.044318168355279e-07
PREVALENCE,unseen-compound-04,UNSEEN_COMPOUND,1100,11.0,0,0.05982561967695384,False,0,,8.044318168355279e-07
PREVALENCE,unseen-compound-04,UNSEEN_COMPOUND,1110,11.1,0,0.05982561967695384,False,0,,8.044318168355279e-07
PREVALENCE,unseen-compound-04,UNSEEN_COMPOUND,1120,11.200000000000001,0,0.05982561967695384,False,0,,8.044318168355279e-07
PREVALENCE,unseen-compound-04,UNSEEN_COMPOUND,1130,11.3,0,0.05982561967695384,False,0,,8.044318168355279e-07
PREVALENCE,unseen-compound-04,UNSEEN_COMPOUND,1140,11.4,0,0.05982561967695384,False,0,,8.044318168355279e-07
PREVALENCE,unseen-compound-04,UNSEEN_COMPOUND,1150,11.5,0,0.05982561967695384,False,0,,8.044318168355279e-07
PREVALENCE,unseen-compound-04,UNSEEN_COMPOUND,1160,11.6,0,0.05982561967695384,False,0,,8.044318168355279e-07
PREVALENCE,unseen-compound-04,UNSEEN_COMPOUND,1170,11.700000000000001,0,0.05982561967695384,False,0,,8.044318168355279e-07
PREVALENCE,unseen-compound-04,UNSEEN_COMPOUND,1180,11.8,0,0.05982561967695384,False,0,,8.044318168355279e-07
PREVALENCE,unseen-compound-04,UNSEEN_COMPOUND,1190,11.9,0,0.05982561967695384,False,0,,8.044318168355279e-07
PREVALENCE,unseen-compound-04,UNSEEN_COMPOUND,1200,12.0,0,0.05982561967695384,False,0,,8.044318168355279e-07
PREVALENCE,unseen-compound-04,UNSEEN_COMPOUND,1210,12.1,0,0.05982561967695384,False,0,,8.044318168355279e-07
PREVALENCE,unseen-compound-04,UNSEEN_COMPOUND,1220,12.200000000000001,0,0.05982561967695384,False,0,,8.044318168355279e-07
PREVALENCE,unseen-compound-04,UNSEEN_COMPOUND,1230,12.3,0,0.05982561967695384,False,0,,8.044318168355279e-07
PREVALENCE,unseen-compound-04,UNSEEN_COMPOUND,1240,12.4,0,0.05982561967695384,False,0,,8.044318168355279e-07
PREVALENCE,unseen-compound-04,UNSEEN_COMPOUND,1250,12.5,0,0.05982561967695384,False,0,,8.044318168355279e-07
PREVALENCE,unseen-compound-04,UNSEEN_COMPOUND,1260,12.6,0,0.05982561967695384,False,0,,8.044318168355279e-07
PREVALENCE,unseen-compound-04,UNSEEN_COMPOUND,1270,12.700000000000001,0,0.05982561967695384,False,0,,8.044318168355279e-07
PREVALENCE,unseen-compound-04,UNSEEN_COMPOUND,1280,12.8,0,0.05982561967695384,False,0,,8.044318168355279e-07
PREVALENCE,unseen-compound-04,UNSEEN_COMPOUND,1290,12.9,0,0.05982561967695384,False,0,,8.044318168355279e-07
PREVALENCE,unseen-compound-04,UNSEEN_COMPOUND,1300,13.0,0,0.05982561967695384,False,0,,8.044318168355279e-07
PREVALENCE,unseen-compound-05,UNSEEN_COMPOUND,430,4.3,0,0.05982561967695384,False,0,,8.044318168355279e-07
PREVALENCE,unseen-compound-05,UNSEEN_COMPOUND,440,4.4,0,0.05982561967695384,False,0,,8.044318168355279e-07
PREVALENCE,unseen-compound-05,UNSEEN_COMPOUND,450,4.5,0,0.05982561967695384,False,0,,8.044318168355279e-07
PREVALENCE,unseen-compound-05,UNSEEN_COMPOUND,460,4.6000000000000005,0,0.05982561967695384,False,0,,8.044318168355279e-07
PREVALENCE,unseen-compound-05,UNSEEN_COMPOUND,470,4.7,0,0.05982561967695384,False,0,,8.044318168355279e-07
PREVALENCE,unseen-compound-05,UNSEEN_COMPOUND,480,4.8,0,0.05982561967695384,False,0,,8.044318168355279e-07
PREVALENCE,unseen-compound-05,UNSEEN_COMPOUND,490,4.9,0,0.05982561967695384,False,0,,8.044318168355279e-07
PREVALENCE,unseen-compound-05,UNSEEN_COMPOUND,500,5.0,0,0.05982561967695384,False,0,,8.044318168355279e-07
PREVALENCE,unseen-compound-05,UNSEEN_COMPOUND,510,5.1000000000000005,0,0.05982561967695384,False,0,,8.044318168355279e-07
PREVALENCE,unseen-compound-05,UNSEEN_COMPOUND,520,5.2,0,0.05982561967695384,False,0,,8.044318168355279e-07
PREVALENCE,unseen-compound-05,UNSEEN_COMPOUND,530,5.3,0,0.05982561967695384,False,0,,8.044318168355279e-07
PREVALENCE,unseen-compound-05,UNSEEN_COMPOUND,540,5.4,0,0.05982561967695384,False,0,,8.044318168355279e-07
PREVALENCE,unseen-compound-05,UNSEEN_COMPOUND,550,5.5,0,0.05982561967695384,False,0,,8.044318168355279e-07
PREVALENCE,unseen-compound-05,UNSEEN_COMPOUND,560,5.6000000000000005,0,0.05982561967695384,False,0,,8.044318168355279e-07
PREVALENCE,unseen-compound-05,UNSEEN_COMPOUND,570,5.7,0,0.05982561967695384,False,0,,8.044318168355279e-07
PREVALENCE,unseen-compound-05,UNSEEN_COMPOUND,580,5.8,0,0.05982561967695384,False,0,,8.044318168355279e-07
PREVALENCE,unseen-compound-05,UNSEEN_COMPOUND,590,5.9,0,0.05982561967695384,False,0,,8.044318168355279e-07
PREVALENCE,unseen-compound-05,UNSEEN_COMPOUND,600,6.0,0,0.05982561967695384,False,0,,8.044318168355279e-07
PREVALENCE,unseen-compound-05,UNSEEN_COMPOUND,610,6.1000000000000005,0,0.05982561967695384,False,0,,8.044318168355279e-07
PREVALENCE,unseen-compound-05,UNSEEN_COMPOUND,620,6.2,0,0.05982561967695384,False,0,,8.044318168355279e-07
PREVALENCE,unseen-compound-05,UNSEEN_COMPOUND,630,6.3,0,0.05982561967695384,False,0,,8.044318168355279e-07
PREVALENCE,unseen-compound-05,UNSEEN_COMPOUND,640,6.4,0,0.05982561967695384,False,0,,8.044318168355279e-07
PREVALENCE,unseen-compound-05,UNSEEN_COMPOUND,650,6.5,0,0.05982561967695384,False,0,,8.044318168355279e-07
PREVALENCE,unseen-compound-05,UNSEEN_COMPOUND,660,6.6000000000000005,0,0.05982561967695384,False,0,,8.044318168355279e-07
PREVALENCE,unseen-compound-05,UNSEEN_COMPOUND,670,6.7,0,0.05982561967695384,False,0,,8.044318168355279e-07
PREVALENCE,unseen-compound-05,UNSEEN_COMPOUND,680,6.8,0,0.05982561967695384,False,0,,8.044318168355279e-07
PREVALENCE,unseen-compound-05,UNSEEN_COMPOUND,690,6.9,0,0.05982561967695384,False,0,,8.044318168355279e-07
PREVALENCE,unseen-compound-05,UNSEEN_COMPOUND,700,7.0,0,0.05982561967695384,False,0,,8.044318168355279e-07
PREVALENCE,unseen-compound-05,UNSEEN_COMPOUND,710,7.1000000000000005,0,0.05982561967695384,False,0,,8.044318168355279e-07
PREVALENCE,unseen-compound-05,UNSEEN_COMPOUND,720,7.2,0,0.05982561967695384,False,0,,8.044318168355279e-07
PREVALENCE,unseen-compound-05,UNSEEN_COMPOUND,730,7.3,0,0.05982561967695384,False,0,,8.044318168355279e-07
PREVALENCE,unseen-compound-05,UNSEEN_COMPOUND,740,7.4,0,0.05982561967695384,False,0,,8.044318168355279e-07
PREVALENCE,unseen-compound-05,UNSEEN_COMPOUND,750,7.5,0,0.05982561967695384,False,0,,8.044318168355279e-07
PREVALENCE,unseen-compound-05,UNSEEN_COMPOUND,760,7.6000000000000005,0,0.05982561967695384,False,0,,8.044318168355279e-07
PREVALENCE,unseen-compound-05,UNSEEN_COMPOUND,770,7.7,0,0.05982561967695384,False,0,,8.044318168355279e-07
PREVALENCE,unseen-compound-05,UNSEEN_COMPOUND,780,7.8,0,0.05982561967695384,False,0,,8.044318168355279e-07
PREVALENCE,unseen-compound-05,UNSEEN_COMPOUND,790,7.9,0,0.05982561967695384,False,0,,8.044318168355279e-07
PREVALENCE,unseen-compound-05,UNSEEN_COMPOUND,800,8.0,0,0.05982561967695384,False,0,,8.044318168355279e-07
PREVALENCE,unseen-compound-05,UNSEEN_COMPOUND,810,8.1,0,0.05982561967695384,False,0,,8.044318168355279e-07
PREVALENCE,unseen-compound-05,UNSEEN_COMPOUND,820,8.2,0,0.05982561967695384,False,0,,8.044318168355279e-07
PREVALENCE,unseen-compound-05,UNSEEN_COMPOUND,830,8.3,0,0.05982561967695384,False,0,,8.044318168355279e-07
PREVALENCE,unseen-compound-05,UNSEEN_COMPOUND,840,8.4,0,0.05982561967695384,False,0,,8.044318168355279e-07
PREVALENCE,unseen-compound-05,UNSEEN_COMPOUND,850,8.5,0,0.05982561967695384,False,0,,8.044318168355279e-07
PREVALENCE,unseen-compound-05,UNSEEN_COMPOUND,860,8.6,0,0.05982561967695384,False,0,,8.044318168355279e-07
PREVALENCE,unseen-compound-05,UNSEEN_COMPOUND,870,8.700000000000001,0,0.05982561967695384,False,0,,8.044318168355279e-07
PREVALENCE,unseen-compound-05,UNSEEN_COMPOUND,880,8.8,0,0.05982561967695384,False,0,,8.044318168355279e-07
PREVALENCE,unseen-compound-05,UNSEEN_COMPOUND,890,8.9,0,0.05982561967695384,False,0,,8.044318168355279e-07
PREVALENCE,unseen-compound-05,UNSEEN_COMPOUND,900,9.0,0,0.05982561967695384,False,0,,8.044318168355279e-07
PREVALENCE,unseen-compound-05,UNSEEN_COMPOUND,910,9.1,0,0.05982561967695384,False,0,,8.044318168355279e-07
PREVALENCE,unseen-compound-05,UNSEEN_COMPOUND,920,9.200000000000001,0,0.05982561967695384,False,0,,8.044318168355279e-07
PREVALENCE,unseen-compound-05,UNSEEN_COMPOUND,930,9.3,0,0.05982561967695384,False,0,,8.044318168355279e-07
PREVALENCE,unseen-compound-05,UNSEEN_COMPOUND,940,9.4,0,0.05982561967695384,False,0,,8.044318168355279e-07
PREVALENCE,unseen-compound-05,UNSEEN_COMPOUND,950,9.5,0,0.05982561967695384,False,0,,8.044318168355279e-07
PREVALENCE,unseen-compound-05,UNSEEN_COMPOUND,960,9.6,0,0.05982561967695384,False,0,,8.044318168355279e-07
PREVALENCE,unseen-compound-05,UNSEEN_COMPOUND,970,9.700000000000001,0,0.05982561967695384,False,0,,8.044318168355279e-07
PREVALENCE,unseen-compound-05,UNSEEN_COMPOUND,980,9.8,0,0.05982561967695384,False,0,,8.044318168355279e-07
PREVALENCE,unseen-compound-05,UNSEEN_COMPOUND,990,9.9,0,0.05982561967695384,False,0,,8.044318168355279e-07
PREVALENCE,unseen-compound-05,UNSEEN_COMPOUND,1000,10.0,0,0.05982561967695384,False,0,,8.044318168355279e-07
PREVALENCE,unseen-compound-05,UNSEEN_COMPOUND,1010,10.1,0,0.05982561967695384,False,0,,8.044318168355279e-07
PREVALENCE,unseen-compound-05,UNSEEN_COMPOUND,1020,10.200000000000001,0,0.05982561967695384,False,0,,8.044318168355279e-07
PREVALENCE,unseen-compound-05,UNSEEN_COMPOUND,1030,10.3,0,0.05982561967695384,False,0,,8.044318168355279e-07
PREVALENCE,unseen-compound-05,UNSEEN_COMPOUND,1040,10.4,0,0.05982561967695384,False,0,,8.044318168355279e-07
PREVALENCE,unseen-compound-05,UNSEEN_COMPOUND,1050,10.5,0,0.05982561967695384,False,0,,8.044318168355279e-07
PREVALENCE,unseen-compound-05,UNSEEN_COMPOUND,1060,10.6,0,0.05982561967695384,False,0,,8.044318168355279e-07
PREVALENCE,unseen-compound-05,UNSEEN_COMPOUND,1070,10.700000000000001,0,0.05982561967695384,False,0,,8.044318168355279e-07
PREVALENCE,unseen-compound-05,UNSEEN_COMPOUND,1080,10.8,0,0.05982561967695384,False,0,,8.044318168355279e-07
PREVALENCE,unseen-compound-05,UNSEEN_COMPOUND,1090,10.9,0,0.05982561967695384,False,0,,8.044318168355279e-07
PREVALENCE,unseen-compound-05,UNSEEN_COMPOUND,1100,11.0,0,0.05982561967695384,False,0,,8.044318168355279e-07
PREVALENCE,unseen-compound-05,UNSEEN_COMPOUND,1110,11.1,0,0.05982561967695384,False,0,,8.044318168355279e-07
PREVALENCE,unseen-compound-05,UNSEEN_COMPOUND,1120,11.200000000000001,0,0.05982561967695384,False,0,,8.044318168355279e-07
PREVALENCE,unseen-compound-05,UNSEEN_COMPOUND,1130,11.3,0,0.05982561967695384,False,0,,8.044318168355279e-07
PREVALENCE,unseen-compound-05,UNSEEN_COMPOUND,1140,11.4,0,0.05982561967695384,False,0,,8.044318168355279e-07
PREVALENCE,unseen-compound-05,UNSEEN_COMPOUND,1150,11.5,0,0.05982561967695384,False,0,,8.044318168355279e-07
PREVALENCE,unseen-compound-05,UNSEEN_COMPOUND,1160,11.6,0,0.05982561967695384,False,0,,8.044318168355279e-07
PREVALENCE,unseen-compound-05,UNSEEN_COMPOUND,1170,11.700000000000001,0,0.05982561967695384,False,0,,8.044318168355279e-07
PREVALENCE,unseen-compound-05,UNSEEN_COMPOUND,1180,11.8,0,0.05982561967695384,False,0,,8.044318168355279e-07
PREVALENCE,unseen-compound-05,UNSEEN_COMPOUND,1190,11.9,0,0.05982561967695384,False,0,,8.044318168355279e-07
PREVALENCE,unseen-compound-05,UNSEEN_COMPOUND,1200,12.0,0,0.05982561967695384,False,0,,8.044318168355279e-07
PREVALENCE,unseen-compound-05,UNSEEN_COMPOUND,1210,12.1,0,0.05982561967695384,False,0,,8.044318168355279e-07
PREVALENCE,unseen-compound-05,UNSEEN_COMPOUND,1220,12.200000000000001,0,0.05982561967695384,False,0,,8.044318168355279e-07
PREVALENCE,unseen-compound-05,UNSEEN_COMPOUND,1230,12.3,0,0.05982561967695384,False,0,,8.044318168355279e-07
PREVALENCE,unseen-compound-05,UNSEEN_COMPOUND,1240,12.4,0,0.05982561967695384,False,0,,8.044318168355279e-07
PREVALENCE,unseen-compound-05,UNSEEN_COMPOUND,1250,12.5,0,0.05982561967695384,False,0,,8.044318168355279e-07
PREVALENCE,unseen-compound-05,UNSEEN_COMPOUND,1260,12.6,0,0.05982561967695384,False,0,,8.044318168355279e-07
PREVALENCE,unseen-compound-05,UNSEEN_COMPOUND,1270,12.700000000000001,0,0.05982561967695384,False,0,,8.044318168355279e-07
PREVALENCE,unseen-compound-05,UNSEEN_COMPOUND,1280,12.8,0,0.05982561967695384,False,0,,8.044318168355279e-07
PREVALENCE,unseen-compound-05,UNSEEN_COMPOUND,1290,12.9,0,0.05982561967695384,False,0,,8.044318168355279e-07
PREVALENCE,unseen-compound-05,UNSEEN_COMPOUND,1300,13.0,0,0.05982561967695384,False,0,,8.044318168355279e-07
PREVALENCE,structural-null-00,STRUCTURAL_NULL,430,4.3,0,0.05982561967695384,False,0,,6.478598372654453e-07
PREVALENCE,structural-null-00,STRUCTURAL_NULL,440,4.4,0,0.05982561967695384,False,0,,6.478598372654453e-07
PREVALENCE,structural-null-00,STRUCTURAL_NULL,450,4.5,0,0.05982561967695384,False,0,,6.478598372654453e-07
PREVALENCE,structural-null-00,STRUCTURAL_NULL,460,4.6000000000000005,0,0.05982561967695384,False,0,,6.478598372654453e-07
PREVALENCE,structural-null-00,STRUCTURAL_NULL,470,4.7,0,0.05982561967695384,False,0,,6.478598372654453e-07
PREVALENCE,structural-null-00,STRUCTURAL_NULL,480,4.8,0,0.05982561967695384,False,0,,6.478598372654453e-07
PREVALENCE,structural-null-00,STRUCTURAL_NULL,490,4.9,0,0.05982561967695384,False,0,,6.478598372654453e-07
PREVALENCE,structural-null-00,STRUCTURAL_NULL,500,5.0,0,0.05982561967695384,False,0,,6.478598372654453e-07
PREVALENCE,structural-null-00,STRUCTURAL_NULL,510,5.1000000000000005,0,0.05982561967695384,False,0,,6.478598372654453e-07
PREVALENCE,structural-null-00,STRUCTURAL_NULL,520,5.2,0,0.05982561967695384,False,0,,6.478598372654453e-07
PREVALENCE,structural-null-00,STRUCTURAL_NULL,530,5.3,0,0.05982561967695384,False,0,,6.478598372654453e-07
PREVALENCE,structural-null-00,STRUCTURAL_NULL,540,5.4,0,0.05982561967695384,False,0,,6.478598372654453e-07
PREVALENCE,structural-null-00,STRUCTURAL_NULL,550,5.5,0,0.05982561967695384,False,0,,6.478598372654453e-07
PREVALENCE,structural-null-00,STRUCTURAL_NULL,560,5.6000000000000005,0,0.05982561967695384,False,0,,6.478598372654453e-07
PREVALENCE,structural-null-00,STRUCTURAL_NULL,570,5.7,0,0.05982561967695384,False,0,,6.478598372654453e-07
PREVALENCE,structural-null-00,STRUCTURAL_NULL,580,5.8,0,0.05982561967695384,False,0,,6.478598372654453e-07
PREVALENCE,structural-null-00,STRUCTURAL_NULL,590,5.9,0,0.05982561967695384,False,0,,6.478598372654453e-07
PREVALENCE,structural-null-00,STRUCTURAL_NULL,600,6.0,0,0.05982561967695384,False,0,,6.478598372654453e-07
PREVALENCE,structural-null-00,STRUCTURAL_NULL,610,6.1000000000000005,0,0.05982561967695384,False,0,,6.478598372654453e-07
PREVALENCE,structural-null-00,STRUCTURAL_NULL,620,6.2,0,0.05982561967695384,False,0,,6.478598372654453e-07
PREVALENCE,structural-null-00,STRUCTURAL_NULL,630,6.3,0,0.05982561967695384,False,0,,6.478598372654453e-07
PREVALENCE,structural-null-00,STRUCTURAL_NULL,640,6.4,0,0.05982561967695384,False,0,,6.478598372654453e-07
PREVALENCE,structural-null-00,STRUCTURAL_NULL,650,6.5,0,0.05982561967695384,False,0,,6.478598372654453e-07
PREVALENCE,structural-null-00,STRUCTURAL_NULL,660,6.6000000000000005,0,0.05982561967695384,False,0,,6.478598372654453e-07
PREVALENCE,structural-null-00,STRUCTURAL_NULL,670,6.7,0,0.05982561967695384,False,0,,6.478598372654453e-07
PREVALENCE,structural-null-00,STRUCTURAL_NULL,680,6.8,0,0.05982561967695384,False,0,,6.478598372654453e-07
PREVALENCE,structural-null-00,STRUCTURAL_NULL,690,6.9,0,0.05982561967695384,False,0,,6.478598372654453e-07
PREVALENCE,structural-null-00,STRUCTURAL_NULL,700,7.0,0,0.05982561967695384,False,0,,6.478598372654453e-07
PREVALENCE,structural-null-00,STRUCTURAL_NULL,710,7.1000000000000005,0,0.05982561967695384,False,0,,6.478598372654453e-07
PREVALENCE,structural-null-00,STRUCTURAL_NULL,720,7.2,0,0.05982561967695384,False,0,,6.478598372654453e-07
PREVALENCE,structural-null-00,STRUCTURAL_NULL,730,7.3,0,0.05982561967695384,False,0,,6.478598372654453e-07
PREVALENCE,structural-null-00,STRUCTURAL_NULL,740,7.4,0,0.05982561967695384,False,0,,6.478598372654453e-07
PREVALENCE,structural-null-00,STRUCTURAL_NULL,750,7.5,0,0.05982561967695384,False,0,,6.478598372654453e-07
PREVALENCE,structural-null-00,STRUCTURAL_NULL,760,7.6000000000000005,0,0.05982561967695384,False,0,,6.478598372654453e-07
PREVALENCE,structural-null-00,STRUCTURAL_NULL,770,7.7,0,0.05982561967695384,False,0,,6.478598372654453e-07
PREVALENCE,structural-null-00,STRUCTURAL_NULL,780,7.8,0,0.05982561967695384,False,0,,6.478598372654453e-07
PREVALENCE,structural-null-00,STRUCTURAL_NULL,790,7.9,0,0.05982561967695384,False,0,,6.478598372654453e-07
PREVALENCE,structural-null-00,STRUCTURAL_NULL,800,8.0,0,0.05982561967695384,False,0,,6.478598372654453e-07
PREVALENCE,structural-null-00,STRUCTURAL_NULL,810,8.1,0,0.05982561967695384,False,0,,6.478598372654453e-07
PREVALENCE,structural-null-00,STRUCTURAL_NULL,820,8.2,0,0.05982561967695384,False,0,,6.478598372654453e-07
PREVALENCE,structural-null-00,STRUCTURAL_NULL,830,8.3,0,0.05982561967695384,False,0,,6.478598372654453e-07
PREVALENCE,structural-null-00,STRUCTURAL_NULL,840,8.4,0,0.05982561967695384,False,0,,6.478598372654453e-07
PREVALENCE,structural-null-00,STRUCTURAL_NULL,850,8.5,0,0.05982561967695384,False,0,,6.478598372654453e-07
PREVALENCE,structural-null-00,STRUCTURAL_NULL,860,8.6,0,0.05982561967695384,False,0,,6.478598372654453e-07
PREVALENCE,structural-null-00,STRUCTURAL_NULL,870,8.700000000000001,0,0.05982561967695384,False,0,,6.478598372654453e-07
PREVALENCE,structural-null-00,STRUCTURAL_NULL,880,8.8,0,0.05982561967695384,False,0,,6.478598372654453e-07
PREVALENCE,structural-null-00,STRUCTURAL_NULL,890,8.9,0,0.05982561967695384,False,0,,6.478598372654453e-07
PREVALENCE,structural-null-00,STRUCTURAL_NULL,900,9.0,0,0.05982561967695384,False,0,,6.478598372654453e-07
PREVALENCE,structural-null-00,STRUCTURAL_NULL,910,9.1,0,0.05982561967695384,False,0,,6.478598372654453e-07
PREVALENCE,structural-null-00,STRUCTURAL_NULL,920,9.200000000000001,0,0.05982561967695384,False,0,,6.478598372654453e-07
PREVALENCE,structural-null-00,STRUCTURAL_NULL,930,9.3,0,0.05982561967695384,False,0,,6.478598372654453e-07
PREVALENCE,structural-null-00,STRUCTURAL_NULL,940,9.4,0,0.05982561967695384,False,0,,6.478598372654453e-07
PREVALENCE,structural-null-00,STRUCTURAL_NULL,950,9.5,0,0.05982561967695384,False,0,,6.478598372654453e-07
PREVALENCE,structural-null-00,STRUCTURAL_NULL,960,9.6,0,0.05982561967695384,False,0,,6.478598372654453e-07
PREVALENCE,structural-null-00,STRUCTURAL_NULL,970,9.700000000000001,0,0.05982561967695384,False,0,,6.478598372654453e-07
PREVALENCE,structural-null-00,STRUCTURAL_NULL,980,9.8,0,0.05982561967695384,False,0,,6.478598372654453e-07
PREVALENCE,structural-null-00,STRUCTURAL_NULL,990,9.9,0,0.05982561967695384,False,0,,6.478598372654453e-07
PREVALENCE,structural-null-00,STRUCTURAL_NULL,1000,10.0,0,0.05982561967695384,False,0,,6.478598372654453e-07
PREVALENCE,structural-null-00,STRUCTURAL_NULL,1010,10.1,0,0.05982561967695384,False,0,,6.478598372654453e-07
PREVALENCE,structural-null-00,STRUCTURAL_NULL,1020,10.200000000000001,0,0.05982561967695384,False,0,,6.478598372654453e-07
PREVALENCE,structural-null-00,STRUCTURAL_NULL,1030,10.3,0,0.05982561967695384,False,0,,6.478598372654453e-07
PREVALENCE,structural-null-00,STRUCTURAL_NULL,1040,10.4,0,0.05982561967695384,False,0,,6.478598372654453e-07
PREVALENCE,structural-null-00,STRUCTURAL_NULL,1050,10.5,0,0.05982561967695384,False,0,,6.478598372654453e-07
PREVALENCE,structural-null-00,STRUCTURAL_NULL,1060,10.6,0,0.05982561967695384,False,0,,6.478598372654453e-07
PREVALENCE,structural-null-00,STRUCTURAL_NULL,1070,10.700000000000001,0,0.05982561967695384,False,0,,6.478598372654453e-07
PREVALENCE,structural-null-00,STRUCTURAL_NULL,1080,10.8,0,0.05982561967695384,False,0,,6.478598372654453e-07
PREVALENCE,structural-null-00,STRUCTURAL_NULL,1090,10.9,0,0.05982561967695384,False,0,,6.478598372654453e-07
PREVALENCE,structural-null-00,STRUCTURAL_NULL,1100,11.0,0,0.05982561967695384,False,0,,6.478598372654453e-07
PREVALENCE,structural-null-00,STRUCTURAL_NULL,1110,11.1,0,0.05982561967695384,False,0,,6.478598372654453e-07
PREVALENCE,structural-null-00,STRUCTURAL_NULL,1120,11.200000000000001,0,0.05982561967695384,False,0,,6.478598372654453e-07
PREVALENCE,structural-null-00,STRUCTURAL_NULL,1130,11.3,0,0.05982561967695384,False,0,,6.478598372654453e-07
PREVALENCE,structural-null-00,STRUCTURAL_NULL,1140,11.4,0,0.05982561967695384,False,0,,6.478598372654453e-07
PREVALENCE,structural-null-00,STRUCTURAL_NULL,1150,11.5,0,0.05982561967695384,False,0,,6.478598372654453e-07
PREVALENCE,structural-null-00,STRUCTURAL_NULL,1160,11.6,0,0.05982561967695384,False,0,,6.478598372654453e-07
PREVALENCE,structural-null-00,STRUCTURAL_NULL,1170,11.700000000000001,0,0.05982561967695384,False,0,,6.478598372654453e-07
PREVALENCE,structural-null-00,STRUCTURAL_NULL,1180,11.8,0,0.05982561967695384,False,0,,6.478598372654453e-07
PREVALENCE,structural-null-00,STRUCTURAL_NULL,1190,11.9,0,0.05982561967695384,False,0,,6.478598372654453e-07
PREVALENCE,structural-null-00,STRUCTURAL_NULL,1200,12.0,0,0.05982561967695384,False,0,,6.478598372654453e-07
PREVALENCE,structural-null-00,STRUCTURAL_NULL,1210,12.1,0,0.05982561967695384,False,0,,6.478598372654453e-07
PREVALENCE,structural-null-00,STRUCTURAL_NULL,1220,12.200000000000001,0,0.05982561967695384,False,0,,6.478598372654453e-07
PREVALENCE,structural-null-00,STRUCTURAL_NULL,1230,12.3,0,0.05982561967695384,False,0,,6.478598372654453e-07
PREVALENCE,structural-null-00,STRUCTURAL_NULL,1240,12.4,0,0.05982561967695384,False,0,,6.478598372654453e-07
PREVALENCE,structural-null-00,STRUCTURAL_NULL,1250,12.5,0,0.05982561967695384,False,0,,6.478598372654453e-07
PREVALENCE,structural-null-00,STRUCTURAL_NULL,1260,12.6,0,0.05982561967695384,False,0,,6.478598372654453e-07
PREVALENCE,structural-null-00,STRUCTURAL_NULL,1270,12.700000000000001,0,0.05982561967695384,False,0,,6.478598372654453e-07
PREVALENCE,structural-null-00,STRUCTURAL_NULL,1280,12.8,0,0.05982561967695384,False,0,,6.478598372654453e-07
PREVALENCE,structural-null-00,STRUCTURAL_NULL,1290,12.9,0,0.05982561967695384,False,0,,6.478598372654453e-07
PREVALENCE,structural-null-00,STRUCTURAL_NULL,1300,13.0,0,0.05982561967695384,False,0,,6.478598372654453e-07
PREVALENCE,structural-null-01,STRUCTURAL_NULL,430,4.3,0,0.05982561967695384,False,0,,6.478598372654453e-07
PREVALENCE,structural-null-01,STRUCTURAL_NULL,440,4.4,0,0.05982561967695384,False,0,,6.478598372654453e-07
PREVALENCE,structural-null-01,STRUCTURAL_NULL,450,4.5,0,0.05982561967695384,False,0,,6.478598372654453e-07
PREVALENCE,structural-null-01,STRUCTURAL_NULL,460,4.6000000000000005,0,0.05982561967695384,False,0,,6.478598372654453e-07
PREVALENCE,structural-null-01,STRUCTURAL_NULL,470,4.7,0,0.05982561967695384,False,0,,6.478598372654453e-07
PREVALENCE,structural-null-01,STRUCTURAL_NULL,480,4.8,0,0.05982561967695384,False,0,,6.478598372654453e-07
PREVALENCE,structural-null-01,STRUCTURAL_NULL,490,4.9,0,0.05982561967695384,False,0,,6.478598372654453e-07
PREVALENCE,structural-null-01,STRUCTURAL_NULL,500,5.0,0,0.05982561967695384,False,0,,6.478598372654453e-07
PREVALENCE,structural-null-01,STRUCTURAL_NULL,510,5.1000000000000005,0,0.05982561967695384,False,0,,6.478598372654453e-07
PREVALENCE,structural-null-01,STRUCTURAL_NULL,520,5.2,0,0.05982561967695384,False,0,,6.478598372654453e-07
PREVALENCE,structural-null-01,STRUCTURAL_NULL,530,5.3,0,0.05982561967695384,False,0,,6.478598372654453e-07
PREVALENCE,structural-null-01,STRUCTURAL_NULL,540,5.4,0,0.05982561967695384,False,0,,6.478598372654453e-07
PREVALENCE,structural-null-01,STRUCTURAL_NULL,550,5.5,0,0.05982561967695384,False,0,,6.478598372654453e-07
PREVALENCE,structural-null-01,STRUCTURAL_NULL,560,5.6000000000000005,0,0.05982561967695384,False,0,,6.478598372654453e-07
PREVALENCE,structural-null-01,STRUCTURAL_NULL,570,5.7,0,0.05982561967695384,False,0,,6.478598372654453e-07
PREVALENCE,structural-null-01,STRUCTURAL_NULL,580,5.8,0,0.05982561967695384,False,0,,6.478598372654453e-07
PREVALENCE,structural-null-01,STRUCTURAL_NULL,590,5.9,0,0.05982561967695384,False,0,,6.478598372654453e-07
PREVALENCE,structural-null-01,STRUCTURAL_NULL,600,6.0,0,0.05982561967695384,False,0,,6.478598372654453e-07
PREVALENCE,structural-null-01,STRUCTURAL_NULL,610,6.1000000000000005,0,0.05982561967695384,False,0,,6.478598372654453e-07
PREVALENCE,structural-null-01,STRUCTURAL_NULL,620,6.2,0,0.05982561967695384,False,0,,6.478598372654453e-07
PREVALENCE,structural-null-01,STRUCTURAL_NULL,630,6.3,0,0.05982561967695384,False,0,,6.478598372654453e-07
PREVALENCE,structural-null-01,STRUCTURAL_NULL,640,6.4,0,0.05982561967695384,False,0,,6.478598372654453e-07
PREVALENCE,structural-null-01,STRUCTURAL_NULL,650,6.5,0,0.05982561967695384,False,0,,6.478598372654453e-07
PREVALENCE,structural-null-01,STRUCTURAL_NULL,660,6.6000000000000005,0,0.05982561967695384,False,0,,6.478598372654453e-07
PREVALENCE,structural-null-01,STRUCTURAL_NULL,670,6.7,0,0.05982561967695384,False,0,,6.478598372654453e-07
PREVALENCE,structural-null-01,STRUCTURAL_NULL,680,6.8,0,0.05982561967695384,False,0,,6.478598372654453e-07
PREVALENCE,structural-null-01,STRUCTURAL_NULL,690,6.9,0,0.05982561967695384,False,0,,6.478598372654453e-07
PREVALENCE,structural-null-01,STRUCTURAL_NULL,700,7.0,0,0.05982561967695384,False,0,,6.478598372654453e-07
PREVALENCE,structural-null-01,STRUCTURAL_NULL,710,7.1000000000000005,0,0.05982561967695384,False,0,,6.478598372654453e-07
PREVALENCE,structural-null-01,STRUCTURAL_NULL,720,7.2,0,0.05982561967695384,False,0,,6.478598372654453e-07
PREVALENCE,structural-null-01,STRUCTURAL_NULL,730,7.3,0,0.05982561967695384,False,0,,6.478598372654453e-07
PREVALENCE,structural-null-01,STRUCTURAL_NULL,740,7.4,0,0.05982561967695384,False,0,,6.478598372654453e-07
PREVALENCE,structural-null-01,STRUCTURAL_NULL,750,7.5,0,0.05982561967695384,False,0,,6.478598372654453e-07
PREVALENCE,structural-null-01,STRUCTURAL_NULL,760,7.6000000000000005,0,0.05982561967695384,False,0,,6.478598372654453e-07
PREVALENCE,structural-null-01,STRUCTURAL_NULL,770,7.7,0,0.05982561967695384,False,0,,6.478598372654453e-07
PREVALENCE,structural-null-01,STRUCTURAL_NULL,780,7.8,0,0.05982561967695384,False,0,,6.478598372654453e-07
PREVALENCE,structural-null-01,STRUCTURAL_NULL,790,7.9,0,0.05982561967695384,False,0,,6.478598372654453e-07
PREVALENCE,structural-null-01,STRUCTURAL_NULL,800,8.0,0,0.05982561967695384,False,0,,6.478598372654453e-07
PREVALENCE,structural-null-01,STRUCTURAL_NULL,810,8.1,0,0.05982561967695384,False,0,,6.478598372654453e-07
PREVALENCE,structural-null-01,STRUCTURAL_NULL,820,8.2,0,0.05982561967695384,False,0,,6.478598372654453e-07
PREVALENCE,structural-null-01,STRUCTURAL_NULL,830,8.3,0,0.05982561967695384,False,0,,6.478598372654453e-07
PREVALENCE,structural-null-01,STRUCTURAL_NULL,840,8.4,0,0.05982561967695384,False,0,,6.478598372654453e-07
PREVALENCE,structural-null-01,STRUCTURAL_NULL,850,8.5,0,0.05982561967695384,False,0,,6.478598372654453e-07
PREVALENCE,structural-null-01,STRUCTURAL_NULL,860,8.6,0,0.05982561967695384,False,0,,6.478598372654453e-07
PREVALENCE,structural-null-01,STRUCTURAL_NULL,870,8.700000000000001,0,0.05982561967695384,False,0,,6.478598372654453e-07
PREVALENCE,structural-null-01,STRUCTURAL_NULL,880,8.8,0,0.05982561967695384,False,0,,6.478598372654453e-07
PREVALENCE,structural-null-01,STRUCTURAL_NULL,890,8.9,0,0.05982561967695384,False,0,,6.478598372654453e-07
PREVALENCE,structural-null-01,STRUCTURAL_NULL,900,9.0,0,0.05982561967695384,False,0,,6.478598372654453e-07
PREVALENCE,structural-null-01,STRUCTURAL_NULL,910,9.1,0,0.05982561967695384,False,0,,6.478598372654453e-07
PREVALENCE,structural-null-01,STRUCTURAL_NULL,920,9.200000000000001,0,0.05982561967695384,False,0,,6.478598372654453e-07
PREVALENCE,structural-null-01,STRUCTURAL_NULL,930,9.3,0,0.05982561967695384,False,0,,6.478598372654453e-07
PREVALENCE,structural-null-01,STRUCTURAL_NULL,940,9.4,0,0.05982561967695384,False,0,,6.478598372654453e-07
PREVALENCE,structural-null-01,STRUCTURAL_NULL,950,9.5,0,0.05982561967695384,False,0,,6.478598372654453e-07
PREVALENCE,structural-null-01,STRUCTURAL_NULL,960,9.6,0,0.05982561967695384,False,0,,6.478598372654453e-07
PREVALENCE,structural-null-01,STRUCTURAL_NULL,970,9.700000000000001,0,0.05982561967695384,False,0,,6.478598372654453e-07
PREVALENCE,structural-null-01,STRUCTURAL_NULL,980,9.8,0,0.05982561967695384,False,0,,6.478598372654453e-07
PREVALENCE,structural-null-01,STRUCTURAL_NULL,990,9.9,0,0.05982561967695384,False,0,,6.478598372654453e-07
PREVALENCE,structural-null-01,STRUCTURAL_NULL,1000,10.0,0,0.05982561967695384,False,0,,6.478598372654453e-07
PREVALENCE,structural-null-01,STRUCTURAL_NULL,1010,10.1,0,0.05982561967695384,False,0,,6.478598372654453e-07
PREVALENCE,structural-null-01,STRUCTURAL_NULL,1020,10.200000000000001,0,0.05982561967695384,False,0,,6.478598372654453e-07
PREVALENCE,structural-null-01,STRUCTURAL_NULL,1030,10.3,0,0.05982561967695384,False,0,,6.478598372654453e-07
PREVALENCE,structural-null-01,STRUCTURAL_NULL,1040,10.4,0,0.05982561967695384,False,0,,6.478598372654453e-07
PREVALENCE,structural-null-01,STRUCTURAL_NULL,1050,10.5,0,0.05982561967695384,False,0,,6.478598372654453e-07
PREVALENCE,structural-null-01,STRUCTURAL_NULL,1060,10.6,0,0.05982561967695384,False,0,,6.478598372654453e-07
PREVALENCE,structural-null-01,STRUCTURAL_NULL,1070,10.700000000000001,0,0.05982561967695384,False,0,,6.478598372654453e-07
PREVALENCE,structural-null-01,STRUCTURAL_NULL,1080,10.8,0,0.05982561967695384,False,0,,6.478598372654453e-07
PREVALENCE,structural-null-01,STRUCTURAL_NULL,1090,10.9,0,0.05982561967695384,False,0,,6.478598372654453e-07
PREVALENCE,structural-null-01,STRUCTURAL_NULL,1100,11.0,0,0.05982561967695384,False,0,,6.478598372654453e-07
PREVALENCE,structural-null-01,STRUCTURAL_NULL,1110,11.1,0,0.05982561967695384,False,0,,6.478598372654453e-07
PREVALENCE,structural-null-01,STRUCTURAL_NULL,1120,11.200000000000001,0,0.05982561967695384,False,0,,6.478598372654453e-07
PREVALENCE,structural-null-01,STRUCTURAL_NULL,1130,11.3,0,0.05982561967695384,False,0,,6.478598372654453e-07
PREVALENCE,structural-null-01,STRUCTURAL_NULL,1140,11.4,0,0.05982561967695384,False,0,,6.478598372654453e-07
PREVALENCE,structural-null-01,STRUCTURAL_NULL,1150,11.5,0,0.05982561967695384,False,0,,6.478598372654453e-07
PREVALENCE,structural-null-01,STRUCTURAL_NULL,1160,11.6,0,0.05982561967695384,False,0,,6.478598372654453e-07
PREVALENCE,structural-null-01,STRUCTURAL_NULL,1170,11.700000000000001,0,0.05982561967695384,False,0,,6.478598372654453e-07
PREVALENCE,structural-null-01,STRUCTURAL_NULL,1180,11.8,0,0.05982561967695384,False,0,,6.478598372654453e-07
PREVALENCE,structural-null-01,STRUCTURAL_NULL,1190,11.9,0,0.05982561967695384,False,0,,6.478598372654453e-07
PREVALENCE,structural-null-01,STRUCTURAL_NULL,1200,12.0,0,0.05982561967695384,False,0,,6.478598372654453e-07
PREVALENCE,structural-null-01,STRUCTURAL_NULL,1210,12.1,0,0.05982561967695384,False,0,,6.478598372654453e-07
PREVALENCE,structural-null-01,STRUCTURAL_NULL,1220,12.200000000000001,0,0.05982561967695384,False,0,,6.478598372654453e-07
PREVALENCE,structural-null-01,STRUCTURAL_NULL,1230,12.3,0,0.05982561967695384,False,0,,6.478598372654453e-07
PREVALENCE,structural-null-01,STRUCTURAL_NULL,1240,12.4,0,0.05982561967695384,False,0,,6.478598372654453e-07
PREVALENCE,structural-null-01,STRUCTURAL_NULL,1250,12.5,0,0.05982561967695384,False,0,,6.478598372654453e-07
PREVALENCE,structural-null-01,STRUCTURAL_NULL,1260,12.6,0,0.05982561967695384,False,0,,6.478598372654453e-07
PREVALENCE,structural-null-01,STRUCTURAL_NULL,1270,12.700000000000001,0,0.05982561967695384,False,0,,6.478598372654453e-07
PREVALENCE,structural-null-01,STRUCTURAL_NULL,1280,12.8,0,0.05982561967695384,False,0,,6.478598372654453e-07
PREVALENCE,structural-null-01,STRUCTURAL_NULL,1290,12.9,0,0.05982561967695384,False,0,,6.478598372654453e-07
PREVALENCE,structural-null-01,STRUCTURAL_NULL,1300,13.0,0,0.05982561967695384,False,0,,6.478598372654453e-07
PREVALENCE,structural-null-02,STRUCTURAL_NULL,430,4.3,0,0.05982561967695384,False,0,,6.478598372654453e-07
PREVALENCE,structural-null-02,STRUCTURAL_NULL,440,4.4,0,0.05982561967695384,False,0,,6.478598372654453e-07
PREVALENCE,structural-null-02,STRUCTURAL_NULL,450,4.5,0,0.05982561967695384,False,0,,6.478598372654453e-07
PREVALENCE,structural-null-02,STRUCTURAL_NULL,460,4.6000000000000005,0,0.05982561967695384,False,0,,6.478598372654453e-07
PREVALENCE,structural-null-02,STRUCTURAL_NULL,470,4.7,0,0.05982561967695384,False,0,,6.478598372654453e-07
PREVALENCE,structural-null-02,STRUCTURAL_NULL,480,4.8,0,0.05982561967695384,False,0,,6.478598372654453e-07
PREVALENCE,structural-null-02,STRUCTURAL_NULL,490,4.9,0,0.05982561967695384,False,0,,6.478598372654453e-07
PREVALENCE,structural-null-02,STRUCTURAL_NULL,500,5.0,0,0.05982561967695384,False,0,,6.478598372654453e-07
PREVALENCE,structural-null-02,STRUCTURAL_NULL,510,5.1000000000000005,0,0.05982561967695384,False,0,,6.478598372654453e-07
PREVALENCE,structural-null-02,STRUCTURAL_NULL,520,5.2,0,0.05982561967695384,False,0,,6.478598372654453e-07
PREVALENCE,structural-null-02,STRUCTURAL_NULL,530,5.3,0,0.05982561967695384,False,0,,6.478598372654453e-07
PREVALENCE,structural-null-02,STRUCTURAL_NULL,540,5.4,0,0.05982561967695384,False,0,,6.478598372654453e-07
PREVALENCE,structural-null-02,STRUCTURAL_NULL,550,5.5,0,0.05982561967695384,False,0,,6.478598372654453e-07
PREVALENCE,structural-null-02,STRUCTURAL_NULL,560,5.6000000000000005,0,0.05982561967695384,False,0,,6.478598372654453e-07
PREVALENCE,structural-null-02,STRUCTURAL_NULL,570,5.7,0,0.05982561967695384,False,0,,6.478598372654453e-07
PREVALENCE,structural-null-02,STRUCTURAL_NULL,580,5.8,0,0.05982561967695384,False,0,,6.478598372654453e-07
PREVALENCE,structural-null-02,STRUCTURAL_NULL,590,5.9,0,0.05982561967695384,False,0,,6.478598372654453e-07
PREVALENCE,structural-null-02,STRUCTURAL_NULL,600,6.0,0,0.05982561967695384,False,0,,6.478598372654453e-07
PREVALENCE,structural-null-02,STRUCTURAL_NULL,610,6.1000000000000005,0,0.05982561967695384,False,0,,6.478598372654453e-07
PREVALENCE,structural-null-02,STRUCTURAL_NULL,620,6.2,0,0.05982561967695384,False,0,,6.478598372654453e-07
PREVALENCE,structural-null-02,STRUCTURAL_NULL,630,6.3,0,0.05982561967695384,False,0,,6.478598372654453e-07
PREVALENCE,structural-null-02,STRUCTURAL_NULL,640,6.4,0,0.05982561967695384,False,0,,6.478598372654453e-07
PREVALENCE,structural-null-02,STRUCTURAL_NULL,650,6.5,0,0.05982561967695384,False,0,,6.478598372654453e-07
PREVALENCE,structural-null-02,STRUCTURAL_NULL,660,6.6000000000000005,0,0.05982561967695384,False,0,,6.478598372654453e-07
PREVALENCE,structural-null-02,STRUCTURAL_NULL,670,6.7,0,0.05982561967695384,False,0,,6.478598372654453e-07
PREVALENCE,structural-null-02,STRUCTURAL_NULL,680,6.8,0,0.05982561967695384,False,0,,6.478598372654453e-07
PREVALENCE,structural-null-02,STRUCTURAL_NULL,690,6.9,0,0.05982561967695384,False,0,,6.478598372654453e-07
PREVALENCE,structural-null-02,STRUCTURAL_NULL,700,7.0,0,0.05982561967695384,False,0,,6.478598372654453e-07
PREVALENCE,structural-null-02,STRUCTURAL_NULL,710,7.1000000000000005,0,0.05982561967695384,False,0,,6.478598372654453e-07
PREVALENCE,structural-null-02,STRUCTURAL_NULL,720,7.2,0,0.05982561967695384,False,0,,6.478598372654453e-07
PREVALENCE,structural-null-02,STRUCTURAL_NULL,730,7.3,0,0.05982561967695384,False,0,,6.478598372654453e-07
PREVALENCE,structural-null-02,STRUCTURAL_NULL,740,7.4,0,0.05982561967695384,False,0,,6.478598372654453e-07
PREVALENCE,structural-null-02,STRUCTURAL_NULL,750,7.5,0,0.05982561967695384,False,0,,6.478598372654453e-07
PREVALENCE,structural-null-02,STRUCTURAL_NULL,760,7.6000000000000005,0,0.05982561967695384,False,0,,6.478598372654453e-07
PREVALENCE,structural-null-02,STRUCTURAL_NULL,770,7.7,0,0.05982561967695384,False,0,,6.478598372654453e-07
PREVALENCE,structural-null-02,STRUCTURAL_NULL,780,7.8,0,0.05982561967695384,False,0,,6.478598372654453e-07
PREVALENCE,structural-null-02,STRUCTURAL_NULL,790,7.9,0,0.05982561967695384,False,0,,6.478598372654453e-07
PREVALENCE,structural-null-02,STRUCTURAL_NULL,800,8.0,0,0.05982561967695384,False,0,,6.478598372654453e-07
PREVALENCE,structural-null-02,STRUCTURAL_NULL,810,8.1,0,0.05982561967695384,False,0,,6.478598372654453e-07
PREVALENCE,structural-null-02,STRUCTURAL_NULL,820,8.2,0,0.05982561967695384,False,0,,6.478598372654453e-07
PREVALENCE,structural-null-02,STRUCTURAL_NULL,830,8.3,0,0.05982561967695384,False,0,,6.478598372654453e-07
PREVALENCE,structural-null-02,STRUCTURAL_NULL,840,8.4,0,0.05982561967695384,False,0,,6.478598372654453e-07
PREVALENCE,structural-null-02,STRUCTURAL_NULL,850,8.5,0,0.05982561967695384,False,0,,6.478598372654453e-07
PREVALENCE,structural-null-02,STRUCTURAL_NULL,860,8.6,0,0.05982561967695384,False,0,,6.478598372654453e-07
PREVALENCE,structural-null-02,STRUCTURAL_NULL,870,8.700000000000001,0,0.05982561967695384,False,0,,6.478598372654453e-07
PREVALENCE,structural-null-02,STRUCTURAL_NULL,880,8.8,0,0.05982561967695384,False,0,,6.478598372654453e-07
PREVALENCE,structural-null-02,STRUCTURAL_NULL,890,8.9,0,0.05982561967695384,False,0,,6.478598372654453e-07
PREVALENCE,structural-null-02,STRUCTURAL_NULL,900,9.0,0,0.05982561967695384,False,0,,6.478598372654453e-07
PREVALENCE,structural-null-02,STRUCTURAL_NULL,910,9.1,0,0.05982561967695384,False,0,,6.478598372654453e-07
PREVALENCE,structural-null-02,STRUCTURAL_NULL,920,9.200000000000001,0,0.05982561967695384,False,0,,6.478598372654453e-07
PREVALENCE,structural-null-02,STRUCTURAL_NULL,930,9.3,0,0.05982561967695384,False,0,,6.478598372654453e-07
PREVALENCE,structural-null-02,STRUCTURAL_NULL,940,9.4,0,0.05982561967695384,False,0,,6.478598372654453e-07
PREVALENCE,structural-null-02,STRUCTURAL_NULL,950,9.5,0,0.05982561967695384,False,0,,6.478598372654453e-07
PREVALENCE,structural-null-02,STRUCTURAL_NULL,960,9.6,0,0.05982561967695384,False,0,,6.478598372654453e-07
PREVALENCE,structural-null-02,STRUCTURAL_NULL,970,9.700000000000001,0,0.05982561967695384,False,0,,6.478598372654453e-07
PREVALENCE,structural-null-02,STRUCTURAL_NULL,980,9.8,0,0.05982561967695384,False,0,,6.478598372654453e-07
PREVALENCE,structural-null-02,STRUCTURAL_NULL,990,9.9,0,0.05982561967695384,False,0,,6.478598372654453e-07
PREVALENCE,structural-null-02,STRUCTURAL_NULL,1000,10.0,0,0.05982561967695384,False,0,,6.478598372654453e-07
PREVALENCE,structural-null-02,STRUCTURAL_NULL,1010,10.1,0,0.05982561967695384,False,0,,6.478598372654453e-07
PREVALENCE,structural-null-02,STRUCTURAL_NULL,1020,10.200000000000001,0,0.05982561967695384,False,0,,6.478598372654453e-07
PREVALENCE,structural-null-02,STRUCTURAL_NULL,1030,10.3,0,0.05982561967695384,False,0,,6.478598372654453e-07
PREVALENCE,structural-null-02,STRUCTURAL_NULL,1040,10.4,0,0.05982561967695384,False,0,,6.478598372654453e-07
PREVALENCE,structural-null-02,STRUCTURAL_NULL,1050,10.5,0,0.05982561967695384,False,0,,6.478598372654453e-07
PREVALENCE,structural-null-02,STRUCTURAL_NULL,1060,10.6,0,0.05982561967695384,False,0,,6.478598372654453e-07
PREVALENCE,structural-null-02,STRUCTURAL_NULL,1070,10.700000000000001,0,0.05982561967695384,False,0,,6.478598372654453e-07
PREVALENCE,structural-null-02,STRUCTURAL_NULL,1080,10.8,0,0.05982561967695384,False,0,,6.478598372654453e-07
PREVALENCE,structural-null-02,STRUCTURAL_NULL,1090,10.9,0,0.05982561967695384,False,0,,6.478598372654453e-07
PREVALENCE,structural-null-02,STRUCTURAL_NULL,1100,11.0,0,0.05982561967695384,False,0,,6.478598372654453e-07
PREVALENCE,structural-null-02,STRUCTURAL_NULL,1110,11.1,0,0.05982561967695384,False,0,,6.478598372654453e-07
PREVALENCE,structural-null-02,STRUCTURAL_NULL,1120,11.200000000000001,0,0.05982561967695384,False,0,,6.478598372654453e-07
PREVALENCE,structural-null-02,STRUCTURAL_NULL,1130,11.3,0,0.05982561967695384,False,0,,6.478598372654453e-07
PREVALENCE,structural-null-02,STRUCTURAL_NULL,1140,11.4,0,0.05982561967695384,False,0,,6.478598372654453e-07
PREVALENCE,structural-null-02,STRUCTURAL_NULL,1150,11.5,0,0.05982561967695384,False,0,,6.478598372654453e-07
PREVALENCE,structural-null-02,STRUCTURAL_NULL,1160,11.6,0,0.05982561967695384,False,0,,6.478598372654453e-07
PREVALENCE,structural-null-02,STRUCTURAL_NULL,1170,11.700000000000001,0,0.05982561967695384,False,0,,6.478598372654453e-07
PREVALENCE,structural-null-02,STRUCTURAL_NULL,1180,11.8,0,0.05982561967695384,False,0,,6.478598372654453e-07
PREVALENCE,structural-null-02,STRUCTURAL_NULL,1190,11.9,0,0.05982561967695384,False,0,,6.478598372654453e-07
PREVALENCE,structural-null-02,STRUCTURAL_NULL,1200,12.0,0,0.05982561967695384,False,0,,6.478598372654453e-07
PREVALENCE,structural-null-02,STRUCTURAL_NULL,1210,12.1,0,0.05982561967695384,False,0,,6.478598372654453e-07
PREVALENCE,structural-null-02,STRUCTURAL_NULL,1220,12.200000000000001,0,0.05982561967695384,False,0,,6.478598372654453e-07
PREVALENCE,structural-null-02,STRUCTURAL_NULL,1230,12.3,0,0.05982561967695384,False,0,,6.478598372654453e-07
PREVALENCE,structural-null-02,STRUCTURAL_NULL,1240,12.4,0,0.05982561967695384,False,0,,6.478598372654453e-07
PREVALENCE,structural-null-02,STRUCTURAL_NULL,1250,12.5,0,0.05982561967695384,False,0,,6.478598372654453e-07
PREVALENCE,structural-null-02,STRUCTURAL_NULL,1260,12.6,0,0.05982561967695384,False,0,,6.478598372654453e-07
PREVALENCE,structural-null-02,STRUCTURAL_NULL,1270,12.700000000000001,0,0.05982561967695384,False,0,,6.478598372654453e-07
PREVALENCE,structural-null-02,STRUCTURAL_NULL,1280,12.8,0,0.05982561967695384,False,0,,6.478598372654453e-07
PREVALENCE,structural-null-02,STRUCTURAL_NULL,1290,12.9,0,0.05982561967695384,False,0,,6.478598372654453e-07
PREVALENCE,structural-null-02,STRUCTURAL_NULL,1300,13.0,0,0.05982561967695384,False,0,,6.478598372654453e-07
PREVALENCE,structural-null-03,STRUCTURAL_NULL,430,4.3,0,0.05982561967695384,False,0,,6.478598372654453e-07
PREVALENCE,structural-null-03,STRUCTURAL_NULL,440,4.4,0,0.05982561967695384,False,0,,6.478598372654453e-07
PREVALENCE,structural-null-03,STRUCTURAL_NULL,450,4.5,0,0.05982561967695384,False,0,,6.478598372654453e-07
PREVALENCE,structural-null-03,STRUCTURAL_NULL,460,4.6000000000000005,0,0.05982561967695384,False,0,,6.478598372654453e-07
PREVALENCE,structural-null-03,STRUCTURAL_NULL,470,4.7,0,0.05982561967695384,False,0,,6.478598372654453e-07
PREVALENCE,structural-null-03,STRUCTURAL_NULL,480,4.8,0,0.05982561967695384,False,0,,6.478598372654453e-07
PREVALENCE,structural-null-03,STRUCTURAL_NULL,490,4.9,0,0.05982561967695384,False,0,,6.478598372654453e-07
PREVALENCE,structural-null-03,STRUCTURAL_NULL,500,5.0,0,0.05982561967695384,False,0,,6.478598372654453e-07
PREVALENCE,structural-null-03,STRUCTURAL_NULL,510,5.1000000000000005,0,0.05982561967695384,False,0,,6.478598372654453e-07
PREVALENCE,structural-null-03,STRUCTURAL_NULL,520,5.2,0,0.05982561967695384,False,0,,6.478598372654453e-07
PREVALENCE,structural-null-03,STRUCTURAL_NULL,530,5.3,0,0.05982561967695384,False,0,,6.478598372654453e-07
PREVALENCE,structural-null-03,STRUCTURAL_NULL,540,5.4,0,0.05982561967695384,False,0,,6.478598372654453e-07
PREVALENCE,structural-null-03,STRUCTURAL_NULL,550,5.5,0,0.05982561967695384,False,0,,6.478598372654453e-07
PREVALENCE,structural-null-03,STRUCTURAL_NULL,560,5.6000000000000005,0,0.05982561967695384,False,0,,6.478598372654453e-07
PREVALENCE,structural-null-03,STRUCTURAL_NULL,570,5.7,0,0.05982561967695384,False,0,,6.478598372654453e-07
PREVALENCE,structural-null-03,STRUCTURAL_NULL,580,5.8,0,0.05982561967695384,False,0,,6.478598372654453e-07
PREVALENCE,structural-null-03,STRUCTURAL_NULL,590,5.9,0,0.05982561967695384,False,0,,6.478598372654453e-07
PREVALENCE,structural-null-03,STRUCTURAL_NULL,600,6.0,0,0.05982561967695384,False,0,,6.478598372654453e-07
PREVALENCE,structural-null-03,STRUCTURAL_NULL,610,6.1000000000000005,0,0.05982561967695384,False,0,,6.478598372654453e-07
PREVALENCE,structural-null-03,STRUCTURAL_NULL,620,6.2,0,0.05982561967695384,False,0,,6.478598372654453e-07
PREVALENCE,structural-null-03,STRUCTURAL_NULL,630,6.3,0,0.05982561967695384,False,0,,6.478598372654453e-07
PREVALENCE,structural-null-03,STRUCTURAL_NULL,640,6.4,0,0.05982561967695384,False,0,,6.478598372654453e-07
PREVALENCE,structural-null-03,STRUCTURAL_NULL,650,6.5,0,0.05982561967695384,False,0,,6.478598372654453e-07
PREVALENCE,structural-null-03,STRUCTURAL_NULL,660,6.6000000000000005,0,0.05982561967695384,False,0,,6.478598372654453e-07
PREVALENCE,structural-null-03,STRUCTURAL_NULL,670,6.7,0,0.05982561967695384,False,0,,6.478598372654453e-07
PREVALENCE,structural-null-03,STRUCTURAL_NULL,680,6.8,0,0.05982561967695384,False,0,,6.478598372654453e-07
PREVALENCE,structural-null-03,STRUCTURAL_NULL,690,6.9,0,0.05982561967695384,False,0,,6.478598372654453e-07
PREVALENCE,structural-null-03,STRUCTURAL_NULL,700,7.0,0,0.05982561967695384,False,0,,6.478598372654453e-07
PREVALENCE,structural-null-03,STRUCTURAL_NULL,710,7.1000000000000005,0,0.05982561967695384,False,0,,6.478598372654453e-07
PREVALENCE,structural-null-03,STRUCTURAL_NULL,720,7.2,0,0.05982561967695384,False,0,,6.478598372654453e-07
PREVALENCE,structural-null-03,STRUCTURAL_NULL,730,7.3,0,0.05982561967695384,False,0,,6.478598372654453e-07
PREVALENCE,structural-null-03,STRUCTURAL_NULL,740,7.4,0,0.05982561967695384,False,0,,6.478598372654453e-07
PREVALENCE,structural-null-03,STRUCTURAL_NULL,750,7.5,0,0.05982561967695384,False,0,,6.478598372654453e-07
PREVALENCE,structural-null-03,STRUCTURAL_NULL,760,7.6000000000000005,0,0.05982561967695384,False,0,,6.478598372654453e-07
PREVALENCE,structural-null-03,STRUCTURAL_NULL,770,7.7,0,0.05982561967695384,False,0,,6.478598372654453e-07
PREVALENCE,structural-null-03,STRUCTURAL_NULL,780,7.8,0,0.05982561967695384,False,0,,6.478598372654453e-07
PREVALENCE,structural-null-03,STRUCTURAL_NULL,790,7.9,0,0.05982561967695384,False,0,,6.478598372654453e-07
PREVALENCE,structural-null-03,STRUCTURAL_NULL,800,8.0,0,0.05982561967695384,False,0,,6.478598372654453e-07
PREVALENCE,structural-null-03,STRUCTURAL_NULL,810,8.1,0,0.05982561967695384,False,0,,6.478598372654453e-07
PREVALENCE,structural-null-03,STRUCTURAL_NULL,820,8.2,0,0.05982561967695384,False,0,,6.478598372654453e-07
PREVALENCE,structural-null-03,STRUCTURAL_NULL,830,8.3,0,0.05982561967695384,False,0,,6.478598372654453e-07
PREVALENCE,structural-null-03,STRUCTURAL_NULL,840,8.4,0,0.05982561967695384,False,0,,6.478598372654453e-07
PREVALENCE,structural-null-03,STRUCTURAL_NULL,850,8.5,0,0.05982561967695384,False,0,,6.478598372654453e-07
PREVALENCE,structural-null-03,STRUCTURAL_NULL,860,8.6,0,0.05982561967695384,False,0,,6.478598372654453e-07
PREVALENCE,structural-null-03,STRUCTURAL_NULL,870,8.700000000000001,0,0.05982561967695384,False,0,,6.478598372654453e-07
PREVALENCE,structural-null-03,STRUCTURAL_NULL,880,8.8,0,0.05982561967695384,False,0,,6.478598372654453e-07
PREVALENCE,structural-null-03,STRUCTURAL_NULL,890,8.9,0,0.05982561967695384,False,0,,6.478598372654453e-07
PREVALENCE,structural-null-03,STRUCTURAL_NULL,900,9.0,0,0.05982561967695384,False,0,,6.478598372654453e-07
PREVALENCE,structural-null-03,STRUCTURAL_NULL,910,9.1,0,0.05982561967695384,False,0,,6.478598372654453e-07
PREVALENCE,structural-null-03,STRUCTURAL_NULL,920,9.200000000000001,0,0.05982561967695384,False,0,,6.478598372654453e-07
PREVALENCE,structural-null-03,STRUCTURAL_NULL,930,9.3,0,0.05982561967695384,False,0,,6.478598372654453e-07
PREVALENCE,structural-null-03,STRUCTURAL_NULL,940,9.4,0,0.05982561967695384,False,0,,6.478598372654453e-07
PREVALENCE,structural-null-03,STRUCTURAL_NULL,950,9.5,0,0.05982561967695384,False,0,,6.478598372654453e-07
PREVALENCE,structural-null-03,STRUCTURAL_NULL,960,9.6,0,0.05982561967695384,False,0,,6.478598372654453e-07
PREVALENCE,structural-null-03,STRUCTURAL_NULL,970,9.700000000000001,0,0.05982561967695384,False,0,,6.478598372654453e-07
PREVALENCE,structural-null-03,STRUCTURAL_NULL,980,9.8,0,0.05982561967695384,False,0,,6.478598372654453e-07
PREVALENCE,structural-null-03,STRUCTURAL_NULL,990,9.9,0,0.05982561967695384,False,0,,6.478598372654453e-07
PREVALENCE,structural-null-03,STRUCTURAL_NULL,1000,10.0,0,0.05982561967695384,False,0,,6.478598372654453e-07
PREVALENCE,structural-null-03,STRUCTURAL_NULL,1010,10.1,0,0.05982561967695384,False,0,,6.478598372654453e-07
PREVALENCE,structural-null-03,STRUCTURAL_NULL,1020,10.200000000000001,0,0.05982561967695384,False,0,,6.478598372654453e-07
PREVALENCE,structural-null-03,STRUCTURAL_NULL,1030,10.3,0,0.05982561967695384,False,0,,6.478598372654453e-07
PREVALENCE,structural-null-03,STRUCTURAL_NULL,1040,10.4,0,0.05982561967695384,False,0,,6.478598372654453e-07
PREVALENCE,structural-null-03,STRUCTURAL_NULL,1050,10.5,0,0.05982561967695384,False,0,,6.478598372654453e-07
PREVALENCE,structural-null-03,STRUCTURAL_NULL,1060,10.6,0,0.05982561967695384,False,0,,6.478598372654453e-07
PREVALENCE,structural-null-03,STRUCTURAL_NULL,1070,10.700000000000001,0,0.05982561967695384,False,0,,6.478598372654453e-07
PREVALENCE,structural-null-03,STRUCTURAL_NULL,1080,10.8,0,0.05982561967695384,False,0,,6.478598372654453e-07
PREVALENCE,structural-null-03,STRUCTURAL_NULL,1090,10.9,0,0.05982561967695384,False,0,,6.478598372654453e-07
PREVALENCE,structural-null-03,STRUCTURAL_NULL,1100,11.0,0,0.05982561967695384,False,0,,6.478598372654453e-07
PREVALENCE,structural-null-03,STRUCTURAL_NULL,1110,11.1,0,0.05982561967695384,False,0,,6.478598372654453e-07
PREVALENCE,structural-null-03,STRUCTURAL_NULL,1120,11.200000000000001,0,0.05982561967695384,False,0,,6.478598372654453e-07
PREVALENCE,structural-null-03,STRUCTURAL_NULL,1130,11.3,0,0.05982561967695384,False,0,,6.478598372654453e-07
PREVALENCE,structural-null-03,STRUCTURAL_NULL,1140,11.4,0,0.05982561967695384,False,0,,6.478598372654453e-07
PREVALENCE,structural-null-03,STRUCTURAL_NULL,1150,11.5,0,0.05982561967695384,False,0,,6.478598372654453e-07
PREVALENCE,structural-null-03,STRUCTURAL_NULL,1160,11.6,0,0.05982561967695384,False,0,,6.478598372654453e-07
PREVALENCE,structural-null-03,STRUCTURAL_NULL,1170,11.700000000000001,0,0.05982561967695384,False,0,,6.478598372654453e-07
PREVALENCE,structural-null-03,STRUCTURAL_NULL,1180,11.8,0,0.05982561967695384,False,0,,6.478598372654453e-07
PREVALENCE,structural-null-03,STRUCTURAL_NULL,1190,11.9,0,0.05982561967695384,False,0,,6.478598372654453e-07
PREVALENCE,structural-null-03,STRUCTURAL_NULL,1200,12.0,0,0.05982561967695384,False,0,,6.478598372654453e-07
PREVALENCE,structural-null-03,STRUCTURAL_NULL,1210,12.1,0,0.05982561967695384,False,0,,6.478598372654453e-07
PREVALENCE,structural-null-03,STRUCTURAL_NULL,1220,12.200000000000001,0,0.05982561967695384,False,0,,6.478598372654453e-07
PREVALENCE,structural-null-03,STRUCTURAL_NULL,1230,12.3,0,0.05982561967695384,False,0,,6.478598372654453e-07
PREVALENCE,structural-null-03,STRUCTURAL_NULL,1240,12.4,0,0.05982561967695384,False,0,,6.478598372654453e-07
PREVALENCE,structural-null-03,STRUCTURAL_NULL,1250,12.5,0,0.05982561967695384,False,0,,6.478598372654453e-07
PREVALENCE,structural-null-03,STRUCTURAL_NULL,1260,12.6,0,0.05982561967695384,False,0,,6.478598372654453e-07
PREVALENCE,structural-null-03,STRUCTURAL_NULL,1270,12.700000000000001,0,0.05982561967695384,False,0,,6.478598372654453e-07
PREVALENCE,structural-null-03,STRUCTURAL_NULL,1280,12.8,0,0.05982561967695384,False,0,,6.478598372654453e-07
PREVALENCE,structural-null-03,STRUCTURAL_NULL,1290,12.9,0,0.05982561967695384,False,0,,6.478598372654453e-07
PREVALENCE,structural-null-03,STRUCTURAL_NULL,1300,13.0,0,0.05982561967695384,False,0,,6.478598372654453e-07
PREVALENCE,structural-null-04,STRUCTURAL_NULL,430,4.3,0,0.05982561967695384,False,0,,6.478598372654453e-07
PREVALENCE,structural-null-04,STRUCTURAL_NULL,440,4.4,0,0.05982561967695384,False,0,,6.478598372654453e-07
PREVALENCE,structural-null-04,STRUCTURAL_NULL,450,4.5,0,0.05982561967695384,False,0,,6.478598372654453e-07
PREVALENCE,structural-null-04,STRUCTURAL_NULL,460,4.6000000000000005,0,0.05982561967695384,False,0,,6.478598372654453e-07
PREVALENCE,structural-null-04,STRUCTURAL_NULL,470,4.7,0,0.05982561967695384,False,0,,6.478598372654453e-07
PREVALENCE,structural-null-04,STRUCTURAL_NULL,480,4.8,0,0.05982561967695384,False,0,,6.478598372654453e-07
PREVALENCE,structural-null-04,STRUCTURAL_NULL,490,4.9,0,0.05982561967695384,False,0,,6.478598372654453e-07
PREVALENCE,structural-null-04,STRUCTURAL_NULL,500,5.0,0,0.05982561967695384,False,0,,6.478598372654453e-07
PREVALENCE,structural-null-04,STRUCTURAL_NULL,510,5.1000000000000005,0,0.05982561967695384,False,0,,6.478598372654453e-07
PREVALENCE,structural-null-04,STRUCTURAL_NULL,520,5.2,0,0.05982561967695384,False,0,,6.478598372654453e-07
PREVALENCE,structural-null-04,STRUCTURAL_NULL,530,5.3,0,0.05982561967695384,False,0,,6.478598372654453e-07
PREVALENCE,structural-null-04,STRUCTURAL_NULL,540,5.4,0,0.05982561967695384,False,0,,6.478598372654453e-07
PREVALENCE,structural-null-04,STRUCTURAL_NULL,550,5.5,0,0.05982561967695384,False,0,,6.478598372654453e-07
PREVALENCE,structural-null-04,STRUCTURAL_NULL,560,5.6000000000000005,0,0.05982561967695384,False,0,,6.478598372654453e-07
PREVALENCE,structural-null-04,STRUCTURAL_NULL,570,5.7,0,0.05982561967695384,False,0,,6.478598372654453e-07
PREVALENCE,structural-null-04,STRUCTURAL_NULL,580,5.8,0,0.05982561967695384,False,0,,6.478598372654453e-07
PREVALENCE,structural-null-04,STRUCTURAL_NULL,590,5.9,0,0.05982561967695384,False,0,,6.478598372654453e-07
PREVALENCE,structural-null-04,STRUCTURAL_NULL,600,6.0,0,0.05982561967695384,False,0,,6.478598372654453e-07
PREVALENCE,structural-null-04,STRUCTURAL_NULL,610,6.1000000000000005,0,0.05982561967695384,False,0,,6.478598372654453e-07
PREVALENCE,structural-null-04,STRUCTURAL_NULL,620,6.2,0,0.05982561967695384,False,0,,6.478598372654453e-07
PREVALENCE,structural-null-04,STRUCTURAL_NULL,630,6.3,0,0.05982561967695384,False,0,,6.478598372654453e-07
PREVALENCE,structural-null-04,STRUCTURAL_NULL,640,6.4,0,0.05982561967695384,False,0,,6.478598372654453e-07
PREVALENCE,structural-null-04,STRUCTURAL_NULL,650,6.5,0,0.05982561967695384,False,0,,6.478598372654453e-07
PREVALENCE,structural-null-04,STRUCTURAL_NULL,660,6.6000000000000005,0,0.05982561967695384,False,0,,6.478598372654453e-07
PREVALENCE,structural-null-04,STRUCTURAL_NULL,670,6.7,0,0.05982561967695384,False,0,,6.478598372654453e-07
PREVALENCE,structural-null-04,STRUCTURAL_NULL,680,6.8,0,0.05982561967695384,False,0,,6.478598372654453e-07
PREVALENCE,structural-null-04,STRUCTURAL_NULL,690,6.9,0,0.05982561967695384,False,0,,6.478598372654453e-07
PREVALENCE,structural-null-04,STRUCTURAL_NULL,700,7.0,0,0.05982561967695384,False,0,,6.478598372654453e-07
PREVALENCE,structural-null-04,STRUCTURAL_NULL,710,7.1000000000000005,0,0.05982561967695384,False,0,,6.478598372654453e-07
PREVALENCE,structural-null-04,STRUCTURAL_NULL,720,7.2,0,0.05982561967695384,False,0,,6.478598372654453e-07
PREVALENCE,structural-null-04,STRUCTURAL_NULL,730,7.3,0,0.05982561967695384,False,0,,6.478598372654453e-07
PREVALENCE,structural-null-04,STRUCTURAL_NULL,740,7.4,0,0.05982561967695384,False,0,,6.478598372654453e-07
PREVALENCE,structural-null-04,STRUCTURAL_NULL,750,7.5,0,0.05982561967695384,False,0,,6.478598372654453e-07
PREVALENCE,structural-null-04,STRUCTURAL_NULL,760,7.6000000000000005,0,0.05982561967695384,False,0,,6.478598372654453e-07
PREVALENCE,structural-null-04,STRUCTURAL_NULL,770,7.7,0,0.05982561967695384,False,0,,6.478598372654453e-07
PREVALENCE,structural-null-04,STRUCTURAL_NULL,780,7.8,0,0.05982561967695384,False,0,,6.478598372654453e-07
PREVALENCE,structural-null-04,STRUCTURAL_NULL,790,7.9,0,0.05982561967695384,False,0,,6.478598372654453e-07
PREVALENCE,structural-null-04,STRUCTURAL_NULL,800,8.0,0,0.05982561967695384,False,0,,6.478598372654453e-07
PREVALENCE,structural-null-04,STRUCTURAL_NULL,810,8.1,0,0.05982561967695384,False,0,,6.478598372654453e-07
PREVALENCE,structural-null-04,STRUCTURAL_NULL,820,8.2,0,0.05982561967695384,False,0,,6.478598372654453e-07
PREVALENCE,structural-null-04,STRUCTURAL_NULL,830,8.3,0,0.05982561967695384,False,0,,6.478598372654453e-07
PREVALENCE,structural-null-04,STRUCTURAL_NULL,840,8.4,0,0.05982561967695384,False,0,,6.478598372654453e-07
PREVALENCE,structural-null-04,STRUCTURAL_NULL,850,8.5,0,0.05982561967695384,False,0,,6.478598372654453e-07
PREVALENCE,structural-null-04,STRUCTURAL_NULL,860,8.6,0,0.05982561967695384,False,0,,6.478598372654453e-07
PREVALENCE,structural-null-04,STRUCTURAL_NULL,870,8.700000000000001,0,0.05982561967695384,False,0,,6.478598372654453e-07
PREVALENCE,structural-null-04,STRUCTURAL_NULL,880,8.8,0,0.05982561967695384,False,0,,6.478598372654453e-07
PREVALENCE,structural-null-04,STRUCTURAL_NULL,890,8.9,0,0.05982561967695384,False,0,,6.478598372654453e-07
PREVALENCE,structural-null-04,STRUCTURAL_NULL,900,9.0,0,0.05982561967695384,False,0,,6.478598372654453e-07
PREVALENCE,structural-null-04,STRUCTURAL_NULL,910,9.1,0,0.05982561967695384,False,0,,6.478598372654453e-07
PREVALENCE,structural-null-04,STRUCTURAL_NULL,920,9.200000000000001,0,0.05982561967695384,False,0,,6.478598372654453e-07
PREVALENCE,structural-null-04,STRUCTURAL_NULL,930,9.3,0,0.05982561967695384,False,0,,6.478598372654453e-07
PREVALENCE,structural-null-04,STRUCTURAL_NULL,940,9.4,0,0.05982561967695384,False,0,,6.478598372654453e-07
PREVALENCE,structural-null-04,STRUCTURAL_NULL,950,9.5,0,0.05982561967695384,False,0,,6.478598372654453e-07
PREVALENCE,structural-null-04,STRUCTURAL_NULL,960,9.6,0,0.05982561967695384,False,0,,6.478598372654453e-07
PREVALENCE,structural-null-04,STRUCTURAL_NULL,970,9.700000000000001,0,0.05982561967695384,False,0,,6.478598372654453e-07
PREVALENCE,structural-null-04,STRUCTURAL_NULL,980,9.8,0,0.05982561967695384,False,0,,6.478598372654453e-07
PREVALENCE,structural-null-04,STRUCTURAL_NULL,990,9.9,0,0.05982561967695384,False,0,,6.478598372654453e-07
PREVALENCE,structural-null-04,STRUCTURAL_NULL,1000,10.0,0,0.05982561967695384,False,0,,6.478598372654453e-07
PREVALENCE,structural-null-04,STRUCTURAL_NULL,1010,10.1,0,0.05982561967695384,False,0,,6.478598372654453e-07
PREVALENCE,structural-null-04,STRUCTURAL_NULL,1020,10.200000000000001,0,0.05982561967695384,False,0,,6.478598372654453e-07
PREVALENCE,structural-null-04,STRUCTURAL_NULL,1030,10.3,0,0.05982561967695384,False,0,,6.478598372654453e-07
PREVALENCE,structural-null-04,STRUCTURAL_NULL,1040,10.4,0,0.05982561967695384,False,0,,6.478598372654453e-07
PREVALENCE,structural-null-04,STRUCTURAL_NULL,1050,10.5,0,0.05982561967695384,False,0,,6.478598372654453e-07
PREVALENCE,structural-null-04,STRUCTURAL_NULL,1060,10.6,0,0.05982561967695384,False,0,,6.478598372654453e-07
PREVALENCE,structural-null-04,STRUCTURAL_NULL,1070,10.700000000000001,0,0.05982561967695384,False,0,,6.478598372654453e-07
PREVALENCE,structural-null-04,STRUCTURAL_NULL,1080,10.8,0,0.05982561967695384,False,0,,6.478598372654453e-07
PREVALENCE,structural-null-04,STRUCTURAL_NULL,1090,10.9,0,0.05982561967695384,False,0,,6.478598372654453e-07
PREVALENCE,structural-null-04,STRUCTURAL_NULL,1100,11.0,0,0.05982561967695384,False,0,,6.478598372654453e-07
PREVALENCE,structural-null-04,STRUCTURAL_NULL,1110,11.1,0,0.05982561967695384,False,0,,6.478598372654453e-07
PREVALENCE,structural-null-04,STRUCTURAL_NULL,1120,11.200000000000001,0,0.05982561967695384,False,0,,6.478598372654453e-07
PREVALENCE,structural-null-04,STRUCTURAL_NULL,1130,11.3,0,0.05982561967695384,False,0,,6.478598372654453e-07
PREVALENCE,structural-null-04,STRUCTURAL_NULL,1140,11.4,0,0.05982561967695384,False,0,,6.478598372654453e-07
PREVALENCE,structural-null-04,STRUCTURAL_NULL,1150,11.5,0,0.05982561967695384,False,0,,6.478598372654453e-07
PREVALENCE,structural-null-04,STRUCTURAL_NULL,1160,11.6,0,0.05982561967695384,False,0,,6.478598372654453e-07
PREVALENCE,structural-null-04,STRUCTURAL_NULL,1170,11.700000000000001,0,0.05982561967695384,False,0,,6.478598372654453e-07
PREVALENCE,structural-null-04,STRUCTURAL_NULL,1180,11.8,0,0.05982561967695384,False,0,,6.478598372654453e-07
PREVALENCE,structural-null-04,STRUCTURAL_NULL,1190,11.9,0,0.05982561967695384,False,0,,6.478598372654453e-07
PREVALENCE,structural-null-04,STRUCTURAL_NULL,1200,12.0,0,0.05982561967695384,False,0,,6.478598372654453e-07
PREVALENCE,structural-null-04,STRUCTURAL_NULL,1210,12.1,0,0.05982561967695384,False,0,,6.478598372654453e-07
PREVALENCE,structural-null-04,STRUCTURAL_NULL,1220,12.200000000000001,0,0.05982561967695384,False,0,,6.478598372654453e-07
PREVALENCE,structural-null-04,STRUCTURAL_NULL,1230,12.3,0,0.05982561967695384,False,0,,6.478598372654453e-07
PREVALENCE,structural-null-04,STRUCTURAL_NULL,1240,12.4,0,0.05982561967695384,False,0,,6.478598372654453e-07
PREVALENCE,structural-null-04,STRUCTURAL_NULL,1250,12.5,0,0.05982561967695384,False,0,,6.478598372654453e-07
PREVALENCE,structural-null-04,STRUCTURAL_NULL,1260,12.6,0,0.05982561967695384,False,0,,6.478598372654453e-07
PREVALENCE,structural-null-04,STRUCTURAL_NULL,1270,12.700000000000001,0,0.05982561967695384,False,0,,6.478598372654453e-07
PREVALENCE,structural-null-04,STRUCTURAL_NULL,1280,12.8,0,0.05982561967695384,False,0,,6.478598372654453e-07
PREVALENCE,structural-null-04,STRUCTURAL_NULL,1290,12.9,0,0.05982561967695384,False,0,,6.478598372654453e-07
PREVALENCE,structural-null-04,STRUCTURAL_NULL,1300,13.0,0,0.05982561967695384,False,0,,6.478598372654453e-07
PREVALENCE,structural-null-05,STRUCTURAL_NULL,430,4.3,0,0.05982561967695384,False,0,,6.478598372654453e-07
PREVALENCE,structural-null-05,STRUCTURAL_NULL,440,4.4,0,0.05982561967695384,False,0,,6.478598372654453e-07
PREVALENCE,structural-null-05,STRUCTURAL_NULL,450,4.5,0,0.05982561967695384,False,0,,6.478598372654453e-07
PREVALENCE,structural-null-05,STRUCTURAL_NULL,460,4.6000000000000005,0,0.05982561967695384,False,0,,6.478598372654453e-07
PREVALENCE,structural-null-05,STRUCTURAL_NULL,470,4.7,0,0.05982561967695384,False,0,,6.478598372654453e-07
PREVALENCE,structural-null-05,STRUCTURAL_NULL,480,4.8,0,0.05982561967695384,False,0,,6.478598372654453e-07
PREVALENCE,structural-null-05,STRUCTURAL_NULL,490,4.9,0,0.05982561967695384,False,0,,6.478598372654453e-07
PREVALENCE,structural-null-05,STRUCTURAL_NULL,500,5.0,0,0.05982561967695384,False,0,,6.478598372654453e-07
PREVALENCE,structural-null-05,STRUCTURAL_NULL,510,5.1000000000000005,0,0.05982561967695384,False,0,,6.478598372654453e-07
PREVALENCE,structural-null-05,STRUCTURAL_NULL,520,5.2,0,0.05982561967695384,False,0,,6.478598372654453e-07
PREVALENCE,structural-null-05,STRUCTURAL_NULL,530,5.3,0,0.05982561967695384,False,0,,6.478598372654453e-07
PREVALENCE,structural-null-05,STRUCTURAL_NULL,540,5.4,0,0.05982561967695384,False,0,,6.478598372654453e-07
PREVALENCE,structural-null-05,STRUCTURAL_NULL,550,5.5,0,0.05982561967695384,False,0,,6.478598372654453e-07
PREVALENCE,structural-null-05,STRUCTURAL_NULL,560,5.6000000000000005,0,0.05982561967695384,False,0,,6.478598372654453e-07
PREVALENCE,structural-null-05,STRUCTURAL_NULL,570,5.7,0,0.05982561967695384,False,0,,6.478598372654453e-07
PREVALENCE,structural-null-05,STRUCTURAL_NULL,580,5.8,0,0.05982561967695384,False,0,,6.478598372654453e-07
PREVALENCE,structural-null-05,STRUCTURAL_NULL,590,5.9,0,0.05982561967695384,False,0,,6.478598372654453e-07
PREVALENCE,structural-null-05,STRUCTURAL_NULL,600,6.0,0,0.05982561967695384,False,0,,6.478598372654453e-07
PREVALENCE,structural-null-05,STRUCTURAL_NULL,610,6.1000000000000005,0,0.05982561967695384,False,0,,6.478598372654453e-07
PREVALENCE,structural-null-05,STRUCTURAL_NULL,620,6.2,0,0.05982561967695384,False,0,,6.478598372654453e-07
PREVALENCE,structural-null-05,STRUCTURAL_NULL,630,6.3,0,0.05982561967695384,False,0,,6.478598372654453e-07
PREVALENCE,structural-null-05,STRUCTURAL_NULL,640,6.4,0,0.05982561967695384,False,0,,6.478598372654453e-07
PREVALENCE,structural-null-05,STRUCTURAL_NULL,650,6.5,0,0.05982561967695384,False,0,,6.478598372654453e-07
PREVALENCE,structural-null-05,STRUCTURAL_NULL,660,6.6000000000000005,0,0.05982561967695384,False,0,,6.478598372654453e-07
PREVALENCE,structural-null-05,STRUCTURAL_NULL,670,6.7,0,0.05982561967695384,False,0,,6.478598372654453e-07
PREVALENCE,structural-null-05,STRUCTURAL_NULL,680,6.8,0,0.05982561967695384,False,0,,6.478598372654453e-07
PREVALENCE,structural-null-05,STRUCTURAL_NULL,690,6.9,0,0.05982561967695384,False,0,,6.478598372654453e-07
PREVALENCE,structural-null-05,STRUCTURAL_NULL,700,7.0,0,0.05982561967695384,False,0,,6.478598372654453e-07
PREVALENCE,structural-null-05,STRUCTURAL_NULL,710,7.1000000000000005,0,0.05982561967695384,False,0,,6.478598372654453e-07
PREVALENCE,structural-null-05,STRUCTURAL_NULL,720,7.2,0,0.05982561967695384,False,0,,6.478598372654453e-07
PREVALENCE,structural-null-05,STRUCTURAL_NULL,730,7.3,0,0.05982561967695384,False,0,,6.478598372654453e-07
PREVALENCE,structural-null-05,STRUCTURAL_NULL,740,7.4,0,0.05982561967695384,False,0,,6.478598372654453e-07
PREVALENCE,structural-null-05,STRUCTURAL_NULL,750,7.5,0,0.05982561967695384,False,0,,6.478598372654453e-07
PREVALENCE,structural-null-05,STRUCTURAL_NULL,760,7.6000000000000005,0,0.05982561967695384,False,0,,6.478598372654453e-07
PREVALENCE,structural-null-05,STRUCTURAL_NULL,770,7.7,0,0.05982561967695384,False,0,,6.478598372654453e-07
PREVALENCE,structural-null-05,STRUCTURAL_NULL,780,7.8,0,0.05982561967695384,False,0,,6.478598372654453e-07
PREVALENCE,structural-null-05,STRUCTURAL_NULL,790,7.9,0,0.05982561967695384,False,0,,6.478598372654453e-07
PREVALENCE,structural-null-05,STRUCTURAL_NULL,800,8.0,0,0.05982561967695384,False,0,,6.478598372654453e-07
PREVALENCE,structural-null-05,STRUCTURAL_NULL,810,8.1,0,0.05982561967695384,False,0,,6.478598372654453e-07
PREVALENCE,structural-null-05,STRUCTURAL_NULL,820,8.2,0,0.05982561967695384,False,0,,6.478598372654453e-07
PREVALENCE,structural-null-05,STRUCTURAL_NULL,830,8.3,0,0.05982561967695384,False,0,,6.478598372654453e-07
PREVALENCE,structural-null-05,STRUCTURAL_NULL,840,8.4,0,0.05982561967695384,False,0,,6.478598372654453e-07
PREVALENCE,structural-null-05,STRUCTURAL_NULL,850,8.5,0,0.05982561967695384,False,0,,6.478598372654453e-07
PREVALENCE,structural-null-05,STRUCTURAL_NULL,860,8.6,0,0.05982561967695384,False,0,,6.478598372654453e-07
PREVALENCE,structural-null-05,STRUCTURAL_NULL,870,8.700000000000001,0,0.05982561967695384,False,0,,6.478598372654453e-07
PREVALENCE,structural-null-05,STRUCTURAL_NULL,880,8.8,0,0.05982561967695384,False,0,,6.478598372654453e-07
PREVALENCE,structural-null-05,STRUCTURAL_NULL,890,8.9,0,0.05982561967695384,False,0,,6.478598372654453e-07
PREVALENCE,structural-null-05,STRUCTURAL_NULL,900,9.0,0,0.05982561967695384,False,0,,6.478598372654453e-07
PREVALENCE,structural-null-05,STRUCTURAL_NULL,910,9.1,0,0.05982561967695384,False,0,,6.478598372654453e-07
PREVALENCE,structural-null-05,STRUCTURAL_NULL,920,9.200000000000001,0,0.05982561967695384,False,0,,6.478598372654453e-07
PREVALENCE,structural-null-05,STRUCTURAL_NULL,930,9.3,0,0.05982561967695384,False,0,,6.478598372654453e-07
PREVALENCE,structural-null-05,STRUCTURAL_NULL,940,9.4,0,0.05982561967695384,False,0,,6.478598372654453e-07
PREVALENCE,structural-null-05,STRUCTURAL_NULL,950,9.5,0,0.05982561967695384,False,0,,6.478598372654453e-07
PREVALENCE,structural-null-05,STRUCTURAL_NULL,960,9.6,0,0.05982561967695384,False,0,,6.478598372654453e-07
PREVALENCE,structural-null-05,STRUCTURAL_NULL,970,9.700000000000001,0,0.05982561967695384,False,0,,6.478598372654453e-07
PREVALENCE,structural-null-05,STRUCTURAL_NULL,980,9.8,0,0.05982561967695384,False,0,,6.478598372654453e-07
PREVALENCE,structural-null-05,STRUCTURAL_NULL,990,9.9,0,0.05982561967695384,False,0,,6.478598372654453e-07
PREVALENCE,structural-null-05,STRUCTURAL_NULL,1000,10.0,0,0.05982561967695384,False,0,,6.478598372654453e-07
PREVALENCE,structural-null-05,STRUCTURAL_NULL,1010,10.1,0,0.05982561967695384,False,0,,6.478598372654453e-07
PREVALENCE,structural-null-05,STRUCTURAL_NULL,1020,10.200000000000001,0,0.05982561967695384,False,0,,6.478598372654453e-07
PREVALENCE,structural-null-05,STRUCTURAL_NULL,1030,10.3,0,0.05982561967695384,False,0,,6.478598372654453e-07
PREVALENCE,structural-null-05,STRUCTURAL_NULL,1040,10.4,0,0.05982561967695384,False,0,,6.478598372654453e-07
PREVALENCE,structural-null-05,STRUCTURAL_NULL,1050,10.5,0,0.05982561967695384,False,0,,6.478598372654453e-07
PREVALENCE,structural-null-05,STRUCTURAL_NULL,1060,10.6,0,0.05982561967695384,False,0,,6.478598372654453e-07
PREVALENCE,structural-null-05,STRUCTURAL_NULL,1070,10.700000000000001,0,0.05982561967695384,False,0,,6.478598372654453e-07
PREVALENCE,structural-null-05,STRUCTURAL_NULL,1080,10.8,0,0.05982561967695384,False,0,,6.478598372654453e-07
PREVALENCE,structural-null-05,STRUCTURAL_NULL,1090,10.9,0,0.05982561967695384,False,0,,6.478598372654453e-07
PREVALENCE,structural-null-05,STRUCTURAL_NULL,1100,11.0,0,0.05982561967695384,False,0,,6.478598372654453e-07
PREVALENCE,structural-null-05,STRUCTURAL_NULL,1110,11.1,0,0.05982561967695384,False,0,,6.478598372654453e-07
PREVALENCE,structural-null-05,STRUCTURAL_NULL,1120,11.200000000000001,0,0.05982561967695384,False,0,,6.478598372654453e-07
PREVALENCE,structural-null-05,STRUCTURAL_NULL,1130,11.3,0,0.05982561967695384,False,0,,6.478598372654453e-07
PREVALENCE,structural-null-05,STRUCTURAL_NULL,1140,11.4,0,0.05982561967695384,False,0,,6.478598372654453e-07
PREVALENCE,structural-null-05,STRUCTURAL_NULL,1150,11.5,0,0.05982561967695384,False,0,,6.478598372654453e-07
PREVALENCE,structural-null-05,STRUCTURAL_NULL,1160,11.6,0,0.05982561967695384,False,0,,6.478598372654453e-07
PREVALENCE,structural-null-05,STRUCTURAL_NULL,1170,11.700000000000001,0,0.05982561967695384,False,0,,6.478598372654453e-07
PREVALENCE,structural-null-05,STRUCTURAL_NULL,1180,11.8,0,0.05982561967695384,False,0,,6.478598372654453e-07
PREVALENCE,structural-null-05,STRUCTURAL_NULL,1190,11.9,0,0.05982561967695384,False,0,,6.478598372654453e-07
PREVALENCE,structural-null-05,STRUCTURAL_NULL,1200,12.0,0,0.05982561967695384,False,0,,6.478598372654453e-07
PREVALENCE,structural-null-05,STRUCTURAL_NULL,1210,12.1,0,0.05982561967695384,False,0,,6.478598372654453e-07
PREVALENCE,structural-null-05,STRUCTURAL_NULL,1220,12.200000000000001,0,0.05982561967695384,False,0,,6.478598372654453e-07
PREVALENCE,structural-null-05,STRUCTURAL_NULL,1230,12.3,0,0.05982561967695384,False,0,,6.478598372654453e-07
PREVALENCE,structural-null-05,STRUCTURAL_NULL,1240,12.4,0,0.05982561967695384,False,0,,6.478598372654453e-07
PREVALENCE,structural-null-05,STRUCTURAL_NULL,1250,12.5,0,0.05982561967695384,False,0,,6.478598372654453e-07
PREVALENCE,structural-null-05,STRUCTURAL_NULL,1260,12.6,0,0.05982561967695384,False,0,,6.478598372654453e-07
PREVALENCE,structural-null-05,STRUCTURAL_NULL,1270,12.700000000000001,0,0.05982561967695384,False,0,,6.478598372654453e-07
PREVALENCE,structural-null-05,STRUCTURAL_NULL,1280,12.8,0,0.05982561967695384,False,0,,6.478598372654453e-07
PREVALENCE,structural-null-05,STRUCTURAL_NULL,1290,12.9,0,0.05982561967695384,False,0,,6.478598372654453e-07
PREVALENCE,structural-null-05,STRUCTURAL_NULL,1300,13.0,0,0.05982561967695384,False,0,,6.478598372654453e-07
LOGISTIC,test-normal-00,TEST,430,4.3,0,2.142332024545579e-06,False,0,,1.943278467680586e-06
LOGISTIC,test-normal-00,TEST,440,4.4,0,2.142332024545579e-06,False,0,,1.943278467680586e-06
LOGISTIC,test-normal-00,TEST,450,4.5,0,2.142332024545579e-06,False,0,,1.943278467680586e-06
LOGISTIC,test-normal-00,TEST,460,4.6000000000000005,0,2.142332024545579e-06,False,0,,1.943278467680586e-06
LOGISTIC,test-normal-00,TEST,470,4.7,0,2.142332024545579e-06,False,0,,1.943278467680586e-06
LOGISTIC,test-normal-00,TEST,480,4.8,0,2.142332024545579e-06,False,0,,1.943278467680586e-06
LOGISTIC,test-normal-00,TEST,490,4.9,0,2.142332024545579e-06,False,0,,1.943278467680586e-06
LOGISTIC,test-normal-00,TEST,500,5.0,0,2.142332024545579e-06,False,0,,1.943278467680586e-06
LOGISTIC,test-normal-00,TEST,510,5.1000000000000005,0,2.142332024545579e-06,False,0,,1.943278467680586e-06
LOGISTIC,test-normal-00,TEST,520,5.2,0,2.142332024545579e-06,False,0,,1.943278467680586e-06
LOGISTIC,test-normal-00,TEST,530,5.3,0,2.142332024545579e-06,False,0,,1.943278467680586e-06
LOGISTIC,test-normal-00,TEST,540,5.4,0,2.142332024545579e-06,False,0,,1.943278467680586e-06
LOGISTIC,test-normal-00,TEST,550,5.5,0,2.142332024545579e-06,False,0,,1.943278467680586e-06
LOGISTIC,test-normal-00,TEST,560,5.6000000000000005,0,2.142332024545579e-06,False,0,,1.943278467680586e-06
LOGISTIC,test-normal-00,TEST,570,5.7,0,2.142332024545579e-06,False,0,,1.943278467680586e-06
LOGISTIC,test-normal-00,TEST,580,5.8,0,2.142332024545579e-06,False,0,,1.943278467680586e-06
LOGISTIC,test-normal-00,TEST,590,5.9,0,2.142332024545579e-06,False,0,,1.943278467680586e-06
LOGISTIC,test-normal-00,TEST,600,6.0,0,2.142332024545579e-06,False,0,,1.943278467680586e-06
LOGISTIC,test-normal-00,TEST,610,6.1000000000000005,0,2.142332024545579e-06,False,0,,1.943278467680586e-06
LOGISTIC,test-normal-00,TEST,620,6.2,0,2.142332024545579e-06,False,0,,1.943278467680586e-06
LOGISTIC,test-normal-00,TEST,630,6.3,0,2.142332024545579e-06,False,0,,1.943278467680586e-06
LOGISTIC,test-normal-00,TEST,640,6.4,0,2.142332024545579e-06,False,0,,1.943278467680586e-06
LOGISTIC,test-normal-00,TEST,650,6.5,0,2.142332024545579e-06,False,0,,1.943278467680586e-06
LOGISTIC,test-normal-00,TEST,660,6.6000000000000005,0,2.142332024545579e-06,False,0,,1.943278467680586e-06
LOGISTIC,test-normal-00,TEST,670,6.7,0,2.142332024545579e-06,False,0,,1.943278467680586e-06
LOGISTIC,test-normal-00,TEST,680,6.8,0,2.142332024545579e-06,False,0,,1.943278467680586e-06
LOGISTIC,test-normal-00,TEST,690,6.9,0,2.142332024545579e-06,False,0,,1.943278467680586e-06
LOGISTIC,test-normal-00,TEST,700,7.0,0,2.142332024545579e-06,False,0,,1.943278467680586e-06
LOGISTIC,test-normal-00,TEST,710,7.1000000000000005,0,2.142332024545579e-06,False,0,,1.943278467680586e-06
LOGISTIC,test-normal-00,TEST,720,7.2,0,2.142332024545579e-06,False,0,,1.943278467680586e-06
LOGISTIC,test-normal-00,TEST,730,7.3,0,2.142332024545579e-06,False,0,,1.943278467680586e-06
LOGISTIC,test-normal-00,TEST,740,7.4,0,2.142332024545579e-06,False,0,,1.943278467680586e-06
LOGISTIC,test-normal-00,TEST,750,7.5,0,2.142332024545579e-06,False,0,,1.943278467680586e-06
LOGISTIC,test-normal-00,TEST,760,7.6000000000000005,0,2.142332024545579e-06,False,0,,1.943278467680586e-06
LOGISTIC,test-normal-00,TEST,770,7.7,0,2.142332024545579e-06,False,0,,1.943278467680586e-06
LOGISTIC,test-normal-00,TEST,780,7.8,0,2.142332024545579e-06,False,0,,1.943278467680586e-06
LOGISTIC,test-normal-00,TEST,790,7.9,0,2.142332024545579e-06,False,0,,1.943278467680586e-06
LOGISTIC,test-normal-00,TEST,800,8.0,0,2.142332024545579e-06,False,0,,1.943278467680586e-06
LOGISTIC,test-normal-00,TEST,810,8.1,0,2.142332024545579e-06,False,0,,1.943278467680586e-06
LOGISTIC,test-normal-00,TEST,820,8.2,0,2.142332024545579e-06,False,0,,1.943278467680586e-06
LOGISTIC,test-normal-00,TEST,830,8.3,0,2.142332024545579e-06,False,0,,1.943278467680586e-06
LOGISTIC,test-normal-00,TEST,840,8.4,0,2.142332024545579e-06,False,0,,1.943278467680586e-06
LOGISTIC,test-normal-00,TEST,850,8.5,0,2.142332024545579e-06,False,0,,1.943278467680586e-06
LOGISTIC,test-normal-00,TEST,860,8.6,0,2.142332024545579e-06,False,0,,1.943278467680586e-06
LOGISTIC,test-normal-00,TEST,870,8.700000000000001,0,2.142332024545579e-06,False,0,,1.943278467680586e-06
LOGISTIC,test-normal-00,TEST,880,8.8,0,2.142332024545579e-06,False,0,,1.943278467680586e-06
LOGISTIC,test-normal-00,TEST,890,8.9,0,2.142332024545579e-06,False,0,,1.943278467680586e-06
LOGISTIC,test-normal-00,TEST,900,9.0,0,2.142332024545579e-06,False,0,,1.943278467680586e-06
LOGISTIC,test-normal-00,TEST,910,9.1,0,2.142332024545579e-06,False,0,,1.943278467680586e-06
LOGISTIC,test-normal-00,TEST,920,9.200000000000001,0,2.142332024545579e-06,False,0,,1.943278467680586e-06
LOGISTIC,test-normal-00,TEST,930,9.3,0,2.142332024545579e-06,False,0,,1.943278467680586e-06
LOGISTIC,test-normal-00,TEST,940,9.4,0,2.142332024545579e-06,False,0,,1.943278467680586e-06
LOGISTIC,test-normal-00,TEST,950,9.5,0,2.142332024545579e-06,False,0,,1.943278467680586e-06
LOGISTIC,test-normal-00,TEST,960,9.6,0,2.142332024545579e-06,False,0,,1.943278467680586e-06
LOGISTIC,test-normal-00,TEST,970,9.700000000000001,0,2.142332024545579e-06,False,0,,1.943278467680586e-06
LOGISTIC,test-normal-00,TEST,980,9.8,0,2.142332024545579e-06,False,0,,1.943278467680586e-06
LOGISTIC,test-normal-00,TEST,990,9.9,0,2.142332024545579e-06,False,0,,1.943278467680586e-06
LOGISTIC,test-normal-00,TEST,1000,10.0,0,2.142332024545579e-06,False,0,,1.943278467680586e-06
LOGISTIC,test-normal-00,TEST,1010,10.1,0,2.142332024545579e-06,False,0,,1.943278467680586e-06
LOGISTIC,test-normal-00,TEST,1020,10.200000000000001,0,2.142332024545579e-06,False,0,,1.943278467680586e-06
LOGISTIC,test-normal-00,TEST,1030,10.3,0,2.142332024545579e-06,False,0,,1.943278467680586e-06
LOGISTIC,test-normal-00,TEST,1040,10.4,0,2.142332024545579e-06,False,0,,1.943278467680586e-06
LOGISTIC,test-normal-00,TEST,1050,10.5,0,2.142332024545579e-06,False,0,,1.943278467680586e-06
LOGISTIC,test-normal-00,TEST,1060,10.6,0,2.142332024545579e-06,False,0,,1.943278467680586e-06
LOGISTIC,test-normal-00,TEST,1070,10.700000000000001,0,2.142332024545579e-06,False,0,,1.943278467680586e-06
LOGISTIC,test-normal-00,TEST,1080,10.8,0,2.142332024545579e-06,False,0,,1.943278467680586e-06
LOGISTIC,test-normal-00,TEST,1090,10.9,0,2.142332024545579e-06,False,0,,1.943278467680586e-06
LOGISTIC,test-normal-00,TEST,1100,11.0,0,2.142332024545579e-06,False,0,,1.943278467680586e-06
LOGISTIC,test-normal-00,TEST,1110,11.1,0,2.142332024545579e-06,False,0,,1.943278467680586e-06
LOGISTIC,test-normal-00,TEST,1120,11.200000000000001,0,2.142332024545579e-06,False,0,,1.943278467680586e-06
LOGISTIC,test-normal-00,TEST,1130,11.3,0,2.142332024545579e-06,False,0,,1.943278467680586e-06
LOGISTIC,test-normal-00,TEST,1140,11.4,0,2.142332024545579e-06,False,0,,1.943278467680586e-06
LOGISTIC,test-normal-00,TEST,1150,11.5,0,2.142332024545579e-06,False,0,,1.943278467680586e-06
LOGISTIC,test-normal-00,TEST,1160,11.6,0,2.142332024545579e-06,False,0,,1.943278467680586e-06
LOGISTIC,test-normal-00,TEST,1170,11.700000000000001,0,2.142332024545579e-06,False,0,,1.943278467680586e-06
LOGISTIC,test-normal-00,TEST,1180,11.8,0,2.142332024545579e-06,False,0,,1.943278467680586e-06
LOGISTIC,test-normal-00,TEST,1190,11.9,0,2.142332024545579e-06,False,0,,1.943278467680586e-06
LOGISTIC,test-normal-00,TEST,1200,12.0,0,2.142332024545579e-06,False,0,,1.943278467680586e-06
LOGISTIC,test-normal-00,TEST,1210,12.1,0,2.142332024545579e-06,False,0,,1.943278467680586e-06
LOGISTIC,test-normal-00,TEST,1220,12.200000000000001,0,2.142332024545579e-06,False,0,,1.943278467680586e-06
LOGISTIC,test-normal-00,TEST,1230,12.3,0,2.142332024545579e-06,False,0,,1.943278467680586e-06
LOGISTIC,test-normal-00,TEST,1240,12.4,0,2.142332024545579e-06,False,0,,1.943278467680586e-06
LOGISTIC,test-normal-00,TEST,1250,12.5,0,2.142332024545579e-06,False,0,,1.943278467680586e-06
LOGISTIC,test-normal-00,TEST,1260,12.6,0,2.142332024545579e-06,False,0,,1.943278467680586e-06
LOGISTIC,test-normal-00,TEST,1270,12.700000000000001,0,2.142332024545579e-06,False,0,,1.943278467680586e-06
LOGISTIC,test-normal-00,TEST,1280,12.8,0,2.142332024545579e-06,False,0,,1.943278467680586e-06
LOGISTIC,test-normal-00,TEST,1290,12.9,0,2.142332024545579e-06,False,0,,1.943278467680586e-06
LOGISTIC,test-normal-00,TEST,1300,13.0,0,2.142332024545579e-06,False,0,,1.943278467680586e-06
LOGISTIC,test-normal-01,TEST,430,4.3,0,2.142332024545579e-06,False,0,,1.943278467680586e-06
LOGISTIC,test-normal-01,TEST,440,4.4,0,2.142332024545579e-06,False,0,,1.943278467680586e-06
LOGISTIC,test-normal-01,TEST,450,4.5,0,2.142332024545579e-06,False,0,,1.943278467680586e-06
LOGISTIC,test-normal-01,TEST,460,4.6000000000000005,0,2.142332024545579e-06,False,0,,1.943278467680586e-06
LOGISTIC,test-normal-01,TEST,470,4.7,0,2.142332024545579e-06,False,0,,1.943278467680586e-06
LOGISTIC,test-normal-01,TEST,480,4.8,0,2.142332024545579e-06,False,0,,1.943278467680586e-06
LOGISTIC,test-normal-01,TEST,490,4.9,0,2.142332024545579e-06,False,0,,1.943278467680586e-06
LOGISTIC,test-normal-01,TEST,500,5.0,0,2.142332024545579e-06,False,0,,1.943278467680586e-06
LOGISTIC,test-normal-01,TEST,510,5.1000000000000005,0,2.142332024545579e-06,False,0,,1.943278467680586e-06
LOGISTIC,test-normal-01,TEST,520,5.2,0,2.142332024545579e-06,False,0,,1.943278467680586e-06
LOGISTIC,test-normal-01,TEST,530,5.3,0,2.142332024545579e-06,False,0,,1.943278467680586e-06
LOGISTIC,test-normal-01,TEST,540,5.4,0,2.142332024545579e-06,False,0,,1.943278467680586e-06
LOGISTIC,test-normal-01,TEST,550,5.5,0,2.142332024545579e-06,False,0,,1.943278467680586e-06
LOGISTIC,test-normal-01,TEST,560,5.6000000000000005,0,2.142332024545579e-06,False,0,,1.943278467680586e-06
LOGISTIC,test-normal-01,TEST,570,5.7,0,2.142332024545579e-06,False,0,,1.943278467680586e-06
LOGISTIC,test-normal-01,TEST,580,5.8,0,2.142332024545579e-06,False,0,,1.943278467680586e-06
LOGISTIC,test-normal-01,TEST,590,5.9,0,2.142332024545579e-06,False,0,,1.943278467680586e-06
LOGISTIC,test-normal-01,TEST,600,6.0,0,2.142332024545579e-06,False,0,,1.943278467680586e-06
LOGISTIC,test-normal-01,TEST,610,6.1000000000000005,0,2.142332024545579e-06,False,0,,1.943278467680586e-06
LOGISTIC,test-normal-01,TEST,620,6.2,0,2.142332024545579e-06,False,0,,1.943278467680586e-06
LOGISTIC,test-normal-01,TEST,630,6.3,0,2.142332024545579e-06,False,0,,1.943278467680586e-06
LOGISTIC,test-normal-01,TEST,640,6.4,0,2.142332024545579e-06,False,0,,1.943278467680586e-06
LOGISTIC,test-normal-01,TEST,650,6.5,0,2.142332024545579e-06,False,0,,1.943278467680586e-06
LOGISTIC,test-normal-01,TEST,660,6.6000000000000005,0,2.142332024545579e-06,False,0,,1.943278467680586e-06
LOGISTIC,test-normal-01,TEST,670,6.7,0,2.142332024545579e-06,False,0,,1.943278467680586e-06
LOGISTIC,test-normal-01,TEST,680,6.8,0,2.142332024545579e-06,False,0,,1.943278467680586e-06
LOGISTIC,test-normal-01,TEST,690,6.9,0,2.142332024545579e-06,False,0,,1.943278467680586e-06
LOGISTIC,test-normal-01,TEST,700,7.0,0,2.142332024545579e-06,False,0,,1.943278467680586e-06
LOGISTIC,test-normal-01,TEST,710,7.1000000000000005,0,2.142332024545579e-06,False,0,,1.943278467680586e-06
LOGISTIC,test-normal-01,TEST,720,7.2,0,2.142332024545579e-06,False,0,,1.943278467680586e-06
LOGISTIC,test-normal-01,TEST,730,7.3,0,2.142332024545579e-06,False,0,,1.943278467680586e-06
LOGISTIC,test-normal-01,TEST,740,7.4,0,2.142332024545579e-06,False,0,,1.943278467680586e-06
LOGISTIC,test-normal-01,TEST,750,7.5,0,2.142332024545579e-06,False,0,,1.943278467680586e-06
LOGISTIC,test-normal-01,TEST,760,7.6000000000000005,0,2.142332024545579e-06,False,0,,1.943278467680586e-06
LOGISTIC,test-normal-01,TEST,770,7.7,0,2.142332024545579e-06,False,0,,1.943278467680586e-06
LOGISTIC,test-normal-01,TEST,780,7.8,0,2.142332024545579e-06,False,0,,1.943278467680586e-06
LOGISTIC,test-normal-01,TEST,790,7.9,0,2.142332024545579e-06,False,0,,1.943278467680586e-06
LOGISTIC,test-normal-01,TEST,800,8.0,0,2.142332024545579e-06,False,0,,1.943278467680586e-06
LOGISTIC,test-normal-01,TEST,810,8.1,0,2.142332024545579e-06,False,0,,1.943278467680586e-06
LOGISTIC,test-normal-01,TEST,820,8.2,0,2.142332024545579e-06,False,0,,1.943278467680586e-06
LOGISTIC,test-normal-01,TEST,830,8.3,0,2.142332024545579e-06,False,0,,1.943278467680586e-06
LOGISTIC,test-normal-01,TEST,840,8.4,0,2.142332024545579e-06,False,0,,1.943278467680586e-06
LOGISTIC,test-normal-01,TEST,850,8.5,0,2.142332024545579e-06,False,0,,1.943278467680586e-06
LOGISTIC,test-normal-01,TEST,860,8.6,0,2.142332024545579e-06,False,0,,1.943278467680586e-06
LOGISTIC,test-normal-01,TEST,870,8.700000000000001,0,2.142332024545579e-06,False,0,,1.943278467680586e-06
LOGISTIC,test-normal-01,TEST,880,8.8,0,2.142332024545579e-06,False,0,,1.943278467680586e-06
LOGISTIC,test-normal-01,TEST,890,8.9,0,2.142332024545579e-06,False,0,,1.943278467680586e-06
LOGISTIC,test-normal-01,TEST,900,9.0,0,2.142332024545579e-06,False,0,,1.943278467680586e-06
LOGISTIC,test-normal-01,TEST,910,9.1,0,2.142332024545579e-06,False,0,,1.943278467680586e-06
LOGISTIC,test-normal-01,TEST,920,9.200000000000001,0,2.142332024545579e-06,False,0,,1.943278467680586e-06
LOGISTIC,test-normal-01,TEST,930,9.3,0,2.142332024545579e-06,False,0,,1.943278467680586e-06
LOGISTIC,test-normal-01,TEST,940,9.4,0,2.142332024545579e-06,False,0,,1.943278467680586e-06
LOGISTIC,test-normal-01,TEST,950,9.5,0,2.142332024545579e-06,False,0,,1.943278467680586e-06
LOGISTIC,test-normal-01,TEST,960,9.6,0,2.142332024545579e-06,False,0,,1.943278467680586e-06
LOGISTIC,test-normal-01,TEST,970,9.700000000000001,0,2.142332024545579e-06,False,0,,1.943278467680586e-06
LOGISTIC,test-normal-01,TEST,980,9.8,0,2.142332024545579e-06,False,0,,1.943278467680586e-06
LOGISTIC,test-normal-01,TEST,990,9.9,0,2.142332024545579e-06,False,0,,1.943278467680586e-06
LOGISTIC,test-normal-01,TEST,1000,10.0,0,2.142332024545579e-06,False,0,,1.943278467680586e-06
LOGISTIC,test-normal-01,TEST,1010,10.1,0,2.142332024545579e-06,False,0,,1.943278467680586e-06
LOGISTIC,test-normal-01,TEST,1020,10.200000000000001,0,2.142332024545579e-06,False,0,,1.943278467680586e-06
LOGISTIC,test-normal-01,TEST,1030,10.3,0,2.142332024545579e-06,False,0,,1.943278467680586e-06
LOGISTIC,test-normal-01,TEST,1040,10.4,0,2.142332024545579e-06,False,0,,1.943278467680586e-06
LOGISTIC,test-normal-01,TEST,1050,10.5,0,2.142332024545579e-06,False,0,,1.943278467680586e-06
LOGISTIC,test-normal-01,TEST,1060,10.6,0,2.142332024545579e-06,False,0,,1.943278467680586e-06
LOGISTIC,test-normal-01,TEST,1070,10.700000000000001,0,2.142332024545579e-06,False,0,,1.943278467680586e-06
LOGISTIC,test-normal-01,TEST,1080,10.8,0,2.142332024545579e-06,False,0,,1.943278467680586e-06
LOGISTIC,test-normal-01,TEST,1090,10.9,0,2.142332024545579e-06,False,0,,1.943278467680586e-06
LOGISTIC,test-normal-01,TEST,1100,11.0,0,2.142332024545579e-06,False,0,,1.943278467680586e-06
LOGISTIC,test-normal-01,TEST,1110,11.1,0,2.142332024545579e-06,False,0,,1.943278467680586e-06
LOGISTIC,test-normal-01,TEST,1120,11.200000000000001,0,2.142332024545579e-06,False,0,,1.943278467680586e-06
LOGISTIC,test-normal-01,TEST,1130,11.3,0,2.142332024545579e-06,False,0,,1.943278467680586e-06
LOGISTIC,test-normal-01,TEST,1140,11.4,0,2.142332024545579e-06,False,0,,1.943278467680586e-06
LOGISTIC,test-normal-01,TEST,1150,11.5,0,2.142332024545579e-06,False,0,,1.943278467680586e-06
LOGISTIC,test-normal-01,TEST,1160,11.6,0,2.142332024545579e-06,False,0,,1.943278467680586e-06
LOGISTIC,test-normal-01,TEST,1170,11.700000000000001,0,2.142332024545579e-06,False,0,,1.943278467680586e-06
LOGISTIC,test-normal-01,TEST,1180,11.8,0,2.142332024545579e-06,False,0,,1.943278467680586e-06
LOGISTIC,test-normal-01,TEST,1190,11.9,0,2.142332024545579e-06,False,0,,1.943278467680586e-06
LOGISTIC,test-normal-01,TEST,1200,12.0,0,2.142332024545579e-06,False,0,,1.943278467680586e-06
LOGISTIC,test-normal-01,TEST,1210,12.1,0,2.142332024545579e-06,False,0,,1.943278467680586e-06
LOGISTIC,test-normal-01,TEST,1220,12.200000000000001,0,2.142332024545579e-06,False,0,,1.943278467680586e-06
LOGISTIC,test-normal-01,TEST,1230,12.3,0,2.142332024545579e-06,False,0,,1.943278467680586e-06
LOGISTIC,test-normal-01,TEST,1240,12.4,0,2.142332024545579e-06,False,0,,1.943278467680586e-06
LOGISTIC,test-normal-01,TEST,1250,12.5,0,2.142332024545579e-06,False,0,,1.943278467680586e-06
LOGISTIC,test-normal-01,TEST,1260,12.6,0,2.142332024545579e-06,False,0,,1.943278467680586e-06
LOGISTIC,test-normal-01,TEST,1270,12.700000000000001,0,2.142332024545579e-06,False,0,,1.943278467680586e-06
LOGISTIC,test-normal-01,TEST,1280,12.8,0,2.142332024545579e-06,False,0,,1.943278467680586e-06
LOGISTIC,test-normal-01,TEST,1290,12.9,0,2.142332024545579e-06,False,0,,1.943278467680586e-06
LOGISTIC,test-normal-01,TEST,1300,13.0,0,2.142332024545579e-06,False,0,,1.943278467680586e-06
LOGISTIC,test-normal-02,TEST,430,4.3,0,2.142332024545579e-06,False,0,,1.943278467680586e-06
LOGISTIC,test-normal-02,TEST,440,4.4,0,2.142332024545579e-06,False,0,,1.943278467680586e-06
LOGISTIC,test-normal-02,TEST,450,4.5,0,2.142332024545579e-06,False,0,,1.943278467680586e-06
LOGISTIC,test-normal-02,TEST,460,4.6000000000000005,0,2.142332024545579e-06,False,0,,1.943278467680586e-06
LOGISTIC,test-normal-02,TEST,470,4.7,0,2.142332024545579e-06,False,0,,1.943278467680586e-06
LOGISTIC,test-normal-02,TEST,480,4.8,0,2.142332024545579e-06,False,0,,1.943278467680586e-06
LOGISTIC,test-normal-02,TEST,490,4.9,0,2.142332024545579e-06,False,0,,1.943278467680586e-06
LOGISTIC,test-normal-02,TEST,500,5.0,0,2.142332024545579e-06,False,0,,1.943278467680586e-06
LOGISTIC,test-normal-02,TEST,510,5.1000000000000005,0,2.142332024545579e-06,False,0,,1.943278467680586e-06
LOGISTIC,test-normal-02,TEST,520,5.2,0,2.142332024545579e-06,False,0,,1.943278467680586e-06
LOGISTIC,test-normal-02,TEST,530,5.3,0,2.142332024545579e-06,False,0,,1.943278467680586e-06
LOGISTIC,test-normal-02,TEST,540,5.4,0,2.142332024545579e-06,False,0,,1.943278467680586e-06
LOGISTIC,test-normal-02,TEST,550,5.5,0,2.142332024545579e-06,False,0,,1.943278467680586e-06
LOGISTIC,test-normal-02,TEST,560,5.6000000000000005,0,2.142332024545579e-06,False,0,,1.943278467680586e-06
LOGISTIC,test-normal-02,TEST,570,5.7,0,2.142332024545579e-06,False,0,,1.943278467680586e-06
LOGISTIC,test-normal-02,TEST,580,5.8,0,2.142332024545579e-06,False,0,,1.943278467680586e-06
LOGISTIC,test-normal-02,TEST,590,5.9,0,2.142332024545579e-06,False,0,,1.943278467680586e-06
LOGISTIC,test-normal-02,TEST,600,6.0,0,2.142332024545579e-06,False,0,,1.943278467680586e-06
LOGISTIC,test-normal-02,TEST,610,6.1000000000000005,0,2.142332024545579e-06,False,0,,1.943278467680586e-06
LOGISTIC,test-normal-02,TEST,620,6.2,0,2.142332024545579e-06,False,0,,1.943278467680586e-06
LOGISTIC,test-normal-02,TEST,630,6.3,0,2.142332024545579e-06,False,0,,1.943278467680586e-06
LOGISTIC,test-normal-02,TEST,640,6.4,0,2.142332024545579e-06,False,0,,1.943278467680586e-06
LOGISTIC,test-normal-02,TEST,650,6.5,0,2.142332024545579e-06,False,0,,1.943278467680586e-06
LOGISTIC,test-normal-02,TEST,660,6.6000000000000005,0,2.142332024545579e-06,False,0,,1.943278467680586e-06
LOGISTIC,test-normal-02,TEST,670,6.7,0,2.142332024545579e-06,False,0,,1.943278467680586e-06
LOGISTIC,test-normal-02,TEST,680,6.8,0,2.142332024545579e-06,False,0,,1.943278467680586e-06
LOGISTIC,test-normal-02,TEST,690,6.9,0,2.142332024545579e-06,False,0,,1.943278467680586e-06
LOGISTIC,test-normal-02,TEST,700,7.0,0,2.142332024545579e-06,False,0,,1.943278467680586e-06
LOGISTIC,test-normal-02,TEST,710,7.1000000000000005,0,2.142332024545579e-06,False,0,,1.943278467680586e-06
LOGISTIC,test-normal-02,TEST,720,7.2,0,2.142332024545579e-06,False,0,,1.943278467680586e-06
LOGISTIC,test-normal-02,TEST,730,7.3,0,2.142332024545579e-06,False,0,,1.943278467680586e-06
LOGISTIC,test-normal-02,TEST,740,7.4,0,2.142332024545579e-06,False,0,,1.943278467680586e-06
LOGISTIC,test-normal-02,TEST,750,7.5,0,2.142332024545579e-06,False,0,,1.943278467680586e-06
LOGISTIC,test-normal-02,TEST,760,7.6000000000000005,0,2.142332024545579e-06,False,0,,1.943278467680586e-06
LOGISTIC,test-normal-02,TEST,770,7.7,0,2.142332024545579e-06,False,0,,1.943278467680586e-06
LOGISTIC,test-normal-02,TEST,780,7.8,0,2.142332024545579e-06,False,0,,1.943278467680586e-06
LOGISTIC,test-normal-02,TEST,790,7.9,0,2.142332024545579e-06,False,0,,1.943278467680586e-06
LOGISTIC,test-normal-02,TEST,800,8.0,0,2.142332024545579e-06,False,0,,1.943278467680586e-06
LOGISTIC,test-normal-02,TEST,810,8.1,0,2.142332024545579e-06,False,0,,1.943278467680586e-06
LOGISTIC,test-normal-02,TEST,820,8.2,0,2.142332024545579e-06,False,0,,1.943278467680586e-06
LOGISTIC,test-normal-02,TEST,830,8.3,0,2.142332024545579e-06,False,0,,1.943278467680586e-06
LOGISTIC,test-normal-02,TEST,840,8.4,0,2.142332024545579e-06,False,0,,1.943278467680586e-06
LOGISTIC,test-normal-02,TEST,850,8.5,0,2.142332024545579e-06,False,0,,1.943278467680586e-06
LOGISTIC,test-normal-02,TEST,860,8.6,0,2.142332024545579e-06,False,0,,1.943278467680586e-06
LOGISTIC,test-normal-02,TEST,870,8.700000000000001,0,2.142332024545579e-06,False,0,,1.943278467680586e-06
LOGISTIC,test-normal-02,TEST,880,8.8,0,2.142332024545579e-06,False,0,,1.943278467680586e-06
LOGISTIC,test-normal-02,TEST,890,8.9,0,2.142332024545579e-06,False,0,,1.943278467680586e-06
LOGISTIC,test-normal-02,TEST,900,9.0,0,2.142332024545579e-06,False,0,,1.943278467680586e-06
LOGISTIC,test-normal-02,TEST,910,9.1,0,2.142332024545579e-06,False,0,,1.943278467680586e-06
LOGISTIC,test-normal-02,TEST,920,9.200000000000001,0,2.142332024545579e-06,False,0,,1.943278467680586e-06
LOGISTIC,test-normal-02,TEST,930,9.3,0,2.142332024545579e-06,False,0,,1.943278467680586e-06
LOGISTIC,test-normal-02,TEST,940,9.4,0,2.142332024545579e-06,False,0,,1.943278467680586e-06
LOGISTIC,test-normal-02,TEST,950,9.5,0,2.142332024545579e-06,False,0,,1.943278467680586e-06
LOGISTIC,test-normal-02,TEST,960,9.6,0,2.142332024545579e-06,False,0,,1.943278467680586e-06
LOGISTIC,test-normal-02,TEST,970,9.700000000000001,0,2.142332024545579e-06,False,0,,1.943278467680586e-06
LOGISTIC,test-normal-02,TEST,980,9.8,0,2.142332024545579e-06,False,0,,1.943278467680586e-06
LOGISTIC,test-normal-02,TEST,990,9.9,0,2.142332024545579e-06,False,0,,1.943278467680586e-06
LOGISTIC,test-normal-02,TEST,1000,10.0,0,2.142332024545579e-06,False,0,,1.943278467680586e-06
LOGISTIC,test-normal-02,TEST,1010,10.1,0,2.142332024545579e-06,False,0,,1.943278467680586e-06
LOGISTIC,test-normal-02,TEST,1020,10.200000000000001,0,2.142332024545579e-06,False,0,,1.943278467680586e-06
LOGISTIC,test-normal-02,TEST,1030,10.3,0,2.142332024545579e-06,False,0,,1.943278467680586e-06
LOGISTIC,test-normal-02,TEST,1040,10.4,0,2.142332024545579e-06,False,0,,1.943278467680586e-06
LOGISTIC,test-normal-02,TEST,1050,10.5,0,2.142332024545579e-06,False,0,,1.943278467680586e-06
LOGISTIC,test-normal-02,TEST,1060,10.6,0,2.142332024545579e-06,False,0,,1.943278467680586e-06
LOGISTIC,test-normal-02,TEST,1070,10.700000000000001,0,2.142332024545579e-06,False,0,,1.943278467680586e-06
LOGISTIC,test-normal-02,TEST,1080,10.8,0,2.142332024545579e-06,False,0,,1.943278467680586e-06
LOGISTIC,test-normal-02,TEST,1090,10.9,0,2.142332024545579e-06,False,0,,1.943278467680586e-06
LOGISTIC,test-normal-02,TEST,1100,11.0,0,2.142332024545579e-06,False,0,,1.943278467680586e-06
LOGISTIC,test-normal-02,TEST,1110,11.1,0,2.142332024545579e-06,False,0,,1.943278467680586e-06
LOGISTIC,test-normal-02,TEST,1120,11.200000000000001,0,2.142332024545579e-06,False,0,,1.943278467680586e-06
LOGISTIC,test-normal-02,TEST,1130,11.3,0,2.142332024545579e-06,False,0,,1.943278467680586e-06
LOGISTIC,test-normal-02,TEST,1140,11.4,0,2.142332024545579e-06,False,0,,1.943278467680586e-06
LOGISTIC,test-normal-02,TEST,1150,11.5,0,2.142332024545579e-06,False,0,,1.943278467680586e-06
LOGISTIC,test-normal-02,TEST,1160,11.6,0,2.142332024545579e-06,False,0,,1.943278467680586e-06
LOGISTIC,test-normal-02,TEST,1170,11.700000000000001,0,2.142332024545579e-06,False,0,,1.943278467680586e-06
LOGISTIC,test-normal-02,TEST,1180,11.8,0,2.142332024545579e-06,False,0,,1.943278467680586e-06
LOGISTIC,test-normal-02,TEST,1190,11.9,0,2.142332024545579e-06,False,0,,1.943278467680586e-06
LOGISTIC,test-normal-02,TEST,1200,12.0,0,2.142332024545579e-06,False,0,,1.943278467680586e-06
LOGISTIC,test-normal-02,TEST,1210,12.1,0,2.142332024545579e-06,False,0,,1.943278467680586e-06
LOGISTIC,test-normal-02,TEST,1220,12.200000000000001,0,2.142332024545579e-06,False,0,,1.943278467680586e-06
LOGISTIC,test-normal-02,TEST,1230,12.3,0,2.142332024545579e-06,False,0,,1.943278467680586e-06
LOGISTIC,test-normal-02,TEST,1240,12.4,0,2.142332024545579e-06,False,0,,1.943278467680586e-06
LOGISTIC,test-normal-02,TEST,1250,12.5,0,2.142332024545579e-06,False,0,,1.943278467680586e-06
LOGISTIC,test-normal-02,TEST,1260,12.6,0,2.142332024545579e-06,False,0,,1.943278467680586e-06
LOGISTIC,test-normal-02,TEST,1270,12.700000000000001,0,2.142332024545579e-06,False,0,,1.943278467680586e-06
LOGISTIC,test-normal-02,TEST,1280,12.8,0,2.142332024545579e-06,False,0,,1.943278467680586e-06
LOGISTIC,test-normal-02,TEST,1290,12.9,0,2.142332024545579e-06,False,0,,1.943278467680586e-06
LOGISTIC,test-normal-02,TEST,1300,13.0,0,2.142332024545579e-06,False,0,,1.943278467680586e-06
LOGISTIC,test-normal-03,TEST,430,4.3,0,2.142332024545579e-06,False,0,,1.943278467680586e-06
LOGISTIC,test-normal-03,TEST,440,4.4,0,2.142332024545579e-06,False,0,,1.943278467680586e-06
LOGISTIC,test-normal-03,TEST,450,4.5,0,2.142332024545579e-06,False,0,,1.943278467680586e-06
LOGISTIC,test-normal-03,TEST,460,4.6000000000000005,0,2.142332024545579e-06,False,0,,1.943278467680586e-06
LOGISTIC,test-normal-03,TEST,470,4.7,0,2.142332024545579e-06,False,0,,1.943278467680586e-06
LOGISTIC,test-normal-03,TEST,480,4.8,0,2.142332024545579e-06,False,0,,1.943278467680586e-06
LOGISTIC,test-normal-03,TEST,490,4.9,0,2.142332024545579e-06,False,0,,1.943278467680586e-06
LOGISTIC,test-normal-03,TEST,500,5.0,0,2.142332024545579e-06,False,0,,1.943278467680586e-06
LOGISTIC,test-normal-03,TEST,510,5.1000000000000005,0,2.142332024545579e-06,False,0,,1.943278467680586e-06
LOGISTIC,test-normal-03,TEST,520,5.2,0,2.142332024545579e-06,False,0,,1.943278467680586e-06
LOGISTIC,test-normal-03,TEST,530,5.3,0,2.142332024545579e-06,False,0,,1.943278467680586e-06
LOGISTIC,test-normal-03,TEST,540,5.4,0,1.4497265536287928e-05,False,0,,1.943278467680586e-06
LOGISTIC,test-normal-03,TEST,550,5.5,0,7.416281344099722e-06,False,0,,1.943278467680586e-06
LOGISTIC,test-normal-03,TEST,560,5.6000000000000005,0,8.223409111824225e-06,False,0,,1.943278467680586e-06
LOGISTIC,test-normal-03,TEST,570,5.7,0,6.4966030261398e-06,False,0,,1.943278467680586e-06
LOGISTIC,test-normal-03,TEST,580,5.8,0,2.142332024545579e-06,False,0,,1.943278467680586e-06
LOGISTIC,test-normal-03,TEST,590,5.9,0,2.142332024545579e-06,False,0,,1.943278467680586e-06
LOGISTIC,test-normal-03,TEST,600,6.0,0,2.142332024545579e-06,False,0,,1.943278467680586e-06
LOGISTIC,test-normal-03,TEST,610,6.1000000000000005,0,2.142332024545579e-06,False,0,,1.943278467680586e-06
LOGISTIC,test-normal-03,TEST,620,6.2,0,2.142332024545579e-06,False,0,,1.943278467680586e-06
LOGISTIC,test-normal-03,TEST,630,6.3,0,2.142332024545579e-06,False,0,,1.943278467680586e-06
LOGISTIC,test-normal-03,TEST,640,6.4,0,2.142332024545579e-06,False,0,,1.943278467680586e-06
LOGISTIC,test-normal-03,TEST,650,6.5,0,2.142332024545579e-06,False,0,,1.943278467680586e-06
LOGISTIC,test-normal-03,TEST,660,6.6000000000000005,0,2.142332024545579e-06,False,0,,1.943278467680586e-06
LOGISTIC,test-normal-03,TEST,670,6.7,0,2.142332024545579e-06,False,0,,1.943278467680586e-06
LOGISTIC,test-normal-03,TEST,680,6.8,0,2.142332024545579e-06,False,0,,1.943278467680586e-06
LOGISTIC,test-normal-03,TEST,690,6.9,0,2.142332024545579e-06,False,0,,1.943278467680586e-06
LOGISTIC,test-normal-03,TEST,700,7.0,0,2.142332024545579e-06,False,0,,1.943278467680586e-06
LOGISTIC,test-normal-03,TEST,710,7.1000000000000005,0,2.142332024545579e-06,False,0,,1.943278467680586e-06
LOGISTIC,test-normal-03,TEST,720,7.2,0,2.142332024545579e-06,False,0,,1.943278467680586e-06
LOGISTIC,test-normal-03,TEST,730,7.3,0,2.142332024545579e-06,False,0,,1.943278467680586e-06
LOGISTIC,test-normal-03,TEST,740,7.4,0,2.142332024545579e-06,False,0,,1.943278467680586e-06
LOGISTIC,test-normal-03,TEST,750,7.5,0,2.142332024545579e-06,False,0,,1.943278467680586e-06
LOGISTIC,test-normal-03,TEST,760,7.6000000000000005,0,2.142332024545579e-06,False,0,,1.943278467680586e-06
LOGISTIC,test-normal-03,TEST,770,7.7,0,2.142332024545579e-06,False,0,,1.943278467680586e-06
LOGISTIC,test-normal-03,TEST,780,7.8,0,2.142332024545579e-06,False,0,,1.943278467680586e-06
LOGISTIC,test-normal-03,TEST,790,7.9,0,2.142332024545579e-06,False,0,,1.943278467680586e-06
LOGISTIC,test-normal-03,TEST,800,8.0,0,2.142332024545579e-06,False,0,,1.943278467680586e-06
LOGISTIC,test-normal-03,TEST,810,8.1,0,2.142332024545579e-06,False,0,,1.943278467680586e-06
LOGISTIC,test-normal-03,TEST,820,8.2,0,2.142332024545579e-06,False,0,,1.943278467680586e-06
LOGISTIC,test-normal-03,TEST,830,8.3,0,2.142332024545579e-06,False,0,,1.943278467680586e-06
LOGISTIC,test-normal-03,TEST,840,8.4,0,2.142332024545579e-06,False,0,,1.943278467680586e-06
LOGISTIC,test-normal-03,TEST,850,8.5,0,2.142332024545579e-06,False,0,,1.943278467680586e-06
LOGISTIC,test-normal-03,TEST,860,8.6,0,2.142332024545579e-06,False,0,,1.943278467680586e-06
LOGISTIC,test-normal-03,TEST,870,8.700000000000001,0,2.142332024545579e-06,False,0,,1.943278467680586e-06
LOGISTIC,test-normal-03,TEST,880,8.8,0,2.142332024545579e-06,False,0,,1.943278467680586e-06
LOGISTIC,test-normal-03,TEST,890,8.9,0,2.142332024545579e-06,False,0,,1.943278467680586e-06
LOGISTIC,test-normal-03,TEST,900,9.0,0,2.142332024545579e-06,False,0,,1.943278467680586e-06
LOGISTIC,test-normal-03,TEST,910,9.1,0,2.142332024545579e-06,False,0,,1.943278467680586e-06
LOGISTIC,test-normal-03,TEST,920,9.200000000000001,0,2.142332024545579e-06,False,0,,1.943278467680586e-06
LOGISTIC,test-normal-03,TEST,930,9.3,0,2.142332024545579e-06,False,0,,1.943278467680586e-06
LOGISTIC,test-normal-03,TEST,940,9.4,0,2.142332024545579e-06,False,0,,1.943278467680586e-06
LOGISTIC,test-normal-03,TEST,950,9.5,0,2.142332024545579e-06,False,0,,1.943278467680586e-06
LOGISTIC,test-normal-03,TEST,960,9.6,0,2.142332024545579e-06,False,0,,1.943278467680586e-06
LOGISTIC,test-normal-03,TEST,970,9.700000000000001,0,2.142332024545579e-06,False,0,,1.943278467680586e-06
LOGISTIC,test-normal-03,TEST,980,9.8,0,2.142332024545579e-06,False,0,,1.943278467680586e-06
LOGISTIC,test-normal-03,TEST,990,9.9,0,2.142332024545579e-06,False,0,,1.943278467680586e-06
LOGISTIC,test-normal-03,TEST,1000,10.0,0,2.142332024545579e-06,False,0,,1.943278467680586e-06
LOGISTIC,test-normal-03,TEST,1010,10.1,0,2.142332024545579e-06,False,0,,1.943278467680586e-06
LOGISTIC,test-normal-03,TEST,1020,10.200000000000001,0,2.142332024545579e-06,False,0,,1.943278467680586e-06
LOGISTIC,test-normal-03,TEST,1030,10.3,0,2.142332024545579e-06,False,0,,1.943278467680586e-06
LOGISTIC,test-normal-03,TEST,1040,10.4,0,2.142332024545579e-06,False,0,,1.943278467680586e-06
LOGISTIC,test-normal-03,TEST,1050,10.5,0,2.142332024545579e-06,False,0,,1.943278467680586e-06
LOGISTIC,test-normal-03,TEST,1060,10.6,0,2.142332024545579e-06,False,0,,1.943278467680586e-06
LOGISTIC,test-normal-03,TEST,1070,10.700000000000001,0,2.142332024545579e-06,False,0,,1.943278467680586e-06
LOGISTIC,test-normal-03,TEST,1080,10.8,0,2.142332024545579e-06,False,0,,1.943278467680586e-06
LOGISTIC,test-normal-03,TEST,1090,10.9,0,2.142332024545579e-06,False,0,,1.943278467680586e-06
LOGISTIC,test-normal-03,TEST,1100,11.0,0,2.142332024545579e-06,False,0,,1.943278467680586e-06
LOGISTIC,test-normal-03,TEST,1110,11.1,0,2.142332024545579e-06,False,0,,1.943278467680586e-06
LOGISTIC,test-normal-03,TEST,1120,11.200000000000001,0,2.142332024545579e-06,False,0,,1.943278467680586e-06
LOGISTIC,test-normal-03,TEST,1130,11.3,0,2.142332024545579e-06,False,0,,1.943278467680586e-06
LOGISTIC,test-normal-03,TEST,1140,11.4,0,2.142332024545579e-06,False,0,,1.943278467680586e-06
LOGISTIC,test-normal-03,TEST,1150,11.5,0,2.142332024545579e-06,False,0,,1.943278467680586e-06
LOGISTIC,test-normal-03,TEST,1160,11.6,0,2.142332024545579e-06,False,0,,1.943278467680586e-06
LOGISTIC,test-normal-03,TEST,1170,11.700000000000001,0,2.142332024545579e-06,False,0,,1.943278467680586e-06
LOGISTIC,test-normal-03,TEST,1180,11.8,0,2.142332024545579e-06,False,0,,1.943278467680586e-06
LOGISTIC,test-normal-03,TEST,1190,11.9,0,2.142332024545579e-06,False,0,,1.943278467680586e-06
LOGISTIC,test-normal-03,TEST,1200,12.0,0,2.142332024545579e-06,False,0,,1.943278467680586e-06
LOGISTIC,test-normal-03,TEST,1210,12.1,0,2.142332024545579e-06,False,0,,1.943278467680586e-06
LOGISTIC,test-normal-03,TEST,1220,12.200000000000001,0,2.142332024545579e-06,False,0,,1.943278467680586e-06
LOGISTIC,test-normal-03,TEST,1230,12.3,0,2.142332024545579e-06,False,0,,1.943278467680586e-06
LOGISTIC,test-normal-03,TEST,1240,12.4,0,2.142332024545579e-06,False,0,,1.943278467680586e-06
LOGISTIC,test-normal-03,TEST,1250,12.5,0,2.142332024545579e-06,False,0,,1.943278467680586e-06
LOGISTIC,test-normal-03,TEST,1260,12.6,0,2.142332024545579e-06,False,0,,1.943278467680586e-06
LOGISTIC,test-normal-03,TEST,1270,12.700000000000001,0,2.142332024545579e-06,False,0,,1.943278467680586e-06
LOGISTIC,test-normal-03,TEST,1280,12.8,0,2.142332024545579e-06,False,0,,1.943278467680586e-06
LOGISTIC,test-normal-03,TEST,1290,12.9,0,2.142332024545579e-06,False,0,,1.943278467680586e-06
LOGISTIC,test-normal-03,TEST,1300,13.0,0,2.142332024545579e-06,False,0,,1.943278467680586e-06
LOGISTIC,test-healthy_sag-00,TEST,430,4.3,0,2.142332024545579e-06,False,0,,1.943278467680586e-06
LOGISTIC,test-healthy_sag-00,TEST,440,4.4,0,2.142332024545579e-06,False,0,,1.943278467680586e-06
LOGISTIC,test-healthy_sag-00,TEST,450,4.5,0,2.142332024545579e-06,False,0,,1.943278467680586e-06
LOGISTIC,test-healthy_sag-00,TEST,460,4.6000000000000005,0,2.142332024545579e-06,False,0,,1.943278467680586e-06
LOGISTIC,test-healthy_sag-00,TEST,470,4.7,0,2.142332024545579e-06,False,0,,1.943278467680586e-06
LOGISTIC,test-healthy_sag-00,TEST,480,4.8,0,2.142332024545579e-06,False,0,,1.943278467680586e-06
LOGISTIC,test-healthy_sag-00,TEST,490,4.9,0,2.142332024545579e-06,False,0,,1.943278467680586e-06
LOGISTIC,test-healthy_sag-00,TEST,500,5.0,0,2.142332024545579e-06,False,0,,1.943278467680586e-06
LOGISTIC,test-healthy_sag-00,TEST,510,5.1000000000000005,0,2.142332024545579e-06,False,0,,1.943278467680586e-06
LOGISTIC,test-healthy_sag-00,TEST,520,5.2,0,2.142332024545579e-06,False,0,,1.943278467680586e-06
LOGISTIC,test-healthy_sag-00,TEST,530,5.3,0,2.142332024545579e-06,False,0,,1.943278467680586e-06
LOGISTIC,test-healthy_sag-00,TEST,540,5.4,0,2.142332024545579e-06,False,0,,1.943278467680586e-06
LOGISTIC,test-healthy_sag-00,TEST,550,5.5,0,2.142332024545579e-06,False,0,,1.943278467680586e-06
LOGISTIC,test-healthy_sag-00,TEST,560,5.6000000000000005,0,2.142332024545579e-06,False,0,,1.943278467680586e-06
LOGISTIC,test-healthy_sag-00,TEST,570,5.7,0,2.142332024545579e-06,False,0,,1.943278467680586e-06
LOGISTIC,test-healthy_sag-00,TEST,580,5.8,0,2.142332024545579e-06,False,0,,1.943278467680586e-06
LOGISTIC,test-healthy_sag-00,TEST,590,5.9,0,2.142332024545579e-06,False,0,,1.943278467680586e-06
LOGISTIC,test-healthy_sag-00,TEST,600,6.0,0,2.142332024545579e-06,False,0,,1.943278467680586e-06
LOGISTIC,test-healthy_sag-00,TEST,610,6.1000000000000005,0,2.142332024545579e-06,False,0,,1.943278467680586e-06
LOGISTIC,test-healthy_sag-00,TEST,620,6.2,0,2.142332024545579e-06,False,0,,1.943278467680586e-06
LOGISTIC,test-healthy_sag-00,TEST,630,6.3,0,2.142332024545579e-06,False,0,,1.943278467680586e-06
LOGISTIC,test-healthy_sag-00,TEST,640,6.4,0,0.25070165342059897,False,,,1.943278467680586e-06
LOGISTIC,test-healthy_sag-00,TEST,650,6.5,0,0.33723629997839455,False,,,1.943278467680586e-06
LOGISTIC,test-healthy_sag-00,TEST,660,6.6000000000000005,0,0.08906076163749758,False,,,1.943278467680586e-06
LOGISTIC,test-healthy_sag-00,TEST,670,6.7,0,0.0618663342583275,False,,,1.943278467680586e-06
LOGISTIC,test-healthy_sag-00,TEST,680,6.8,0,0.0038249613582070356,False,,,1.943278467680586e-06
LOGISTIC,test-healthy_sag-00,TEST,690,6.9,0,5.9221124565030424e-05,False,0,,1.943278467680586e-06
LOGISTIC,test-healthy_sag-00,TEST,700,7.0,0,0.0001565312737914832,False,0,,1.943278467680586e-06
LOGISTIC,test-healthy_sag-00,TEST,710,7.1000000000000005,0,4.2779832001993505e-06,False,0,,1.943278467680586e-06
LOGISTIC,test-healthy_sag-00,TEST,720,7.2,0,4.302012903030524e-06,False,0,,1.943278467680586e-06
LOGISTIC,test-healthy_sag-00,TEST,730,7.3,0,2.464677159019653e-06,False,0,,1.943278467680586e-06
LOGISTIC,test-healthy_sag-00,TEST,740,7.4,0,0.0001943678816659898,False,0,,1.943278467680586e-06
LOGISTIC,test-healthy_sag-00,TEST,750,7.5,0,0.00017920897942110562,False,0,,1.943278467680586e-06
LOGISTIC,test-healthy_sag-00,TEST,760,7.6000000000000005,0,0.0001699228240178778,False,0,,1.943278467680586e-06
LOGISTIC,test-healthy_sag-00,TEST,770,7.7,0,0.00018064300485097132,False,0,,1.943278467680586e-06
LOGISTIC,test-healthy_sag-00,TEST,780,7.8,0,6.390741484887081e-05,False,0,,1.943278467680586e-06
LOGISTIC,test-healthy_sag-00,TEST,790,7.9,0,4.860449923963561e-05,False,0,,1.943278467680586e-06
LOGISTIC,test-healthy_sag-00,TEST,800,8.0,0,0.02253311311694834,False,,,1.943278467680586e-06
LOGISTIC,test-healthy_sag-00,TEST,810,8.1,0,0.23036128128961464,False,,,1.943278467680586e-06
LOGISTIC,test-healthy_sag-00,TEST,820,8.2,0,0.0964560799982855,False,,,1.943278467680586e-06
LOGISTIC,test-healthy_sag-00,TEST,830,8.3,0,0.10404541151966878,False,,,1.943278467680586e-06
LOGISTIC,test-healthy_sag-00,TEST,840,8.4,0,0.016476296931366163,False,,,1.943278467680586e-06
LOGISTIC,test-healthy_sag-00,TEST,850,8.5,0,0.0005278892009897107,False,0,,1.943278467680586e-06
LOGISTIC,test-healthy_sag-00,TEST,860,8.6,0,2.325686934647831e-06,False,0,,1.943278467680586e-06
LOGISTIC,test-healthy_sag-00,TEST,870,8.700000000000001,0,2.1832050364933177e-06,False,0,,1.943278467680586e-06
LOGISTIC,test-healthy_sag-00,TEST,880,8.8,0,2.142332024545579e-06,False,0,,1.943278467680586e-06
LOGISTIC,test-healthy_sag-00,TEST,890,8.9,0,2.142332024545579e-06,False,0,,1.943278467680586e-06
LOGISTIC,test-healthy_sag-00,TEST,900,9.0,0,6.856538412671356e-05,False,0,,1.943278467680586e-06
LOGISTIC,test-healthy_sag-00,TEST,910,9.1,0,0.00030233491324575156,False,0,,1.943278467680586e-06
LOGISTIC,test-healthy_sag-00,TEST,920,9.200000000000001,0,0.0019925592294452294,False,,,1.943278467680586e-06
LOGISTIC,test-healthy_sag-00,TEST,930,9.3,0,0.0310767695649056,False,,,1.943278467680586e-06
LOGISTIC,test-healthy_sag-00,TEST,940,9.4,0,0.00024885510748185434,False,0,,1.943278467680586e-06
LOGISTIC,test-healthy_sag-00,TEST,950,9.5,0,0.0019134561797776598,False,,,1.943278467680586e-06
LOGISTIC,test-healthy_sag-00,TEST,960,9.6,0,0.0007246062265230891,False,,,1.943278467680586e-06
LOGISTIC,test-healthy_sag-00,TEST,970,9.700000000000001,0,0.0002841695242941173,False,0,,1.943278467680586e-06
LOGISTIC,test-healthy_sag-00,TEST,980,9.8,0,0.00021705757619587586,False,0,,1.943278467680586e-06
LOGISTIC,test-healthy_sag-00,TEST,990,9.9,0,2.2628860820373083e-05,False,0,,1.943278467680586e-06
LOGISTIC,test-healthy_sag-00,TEST,1000,10.0,0,3.39711446847022e-05,False,0,,1.943278467680586e-06
LOGISTIC,test-healthy_sag-00,TEST,1010,10.1,0,4.1869939301235874e-05,False,0,,1.943278467680586e-06
LOGISTIC,test-healthy_sag-00,TEST,1020,10.200000000000001,0,3.088237017340294e-05,False,0,,1.943278467680586e-06
LOGISTIC,test-healthy_sag-00,TEST,1030,10.3,0,7.232980123546555e-05,False,0,,1.943278467680586e-06
LOGISTIC,test-healthy_sag-00,TEST,1040,10.4,0,0.00014057640740927144,False,0,,1.943278467680586e-06
LOGISTIC,test-healthy_sag-00,TEST,1050,10.5,0,0.00014269670905349486,False,0,,1.943278467680586e-06
LOGISTIC,test-healthy_sag-00,TEST,1060,10.6,0,0.0001596994705393381,False,0,,1.943278467680586e-06
LOGISTIC,test-healthy_sag-00,TEST,1070,10.700000000000001,0,6.130983903650793e-05,False,0,,1.943278467680586e-06
LOGISTIC,test-healthy_sag-00,TEST,1080,10.8,0,7.067246190050377e-06,False,0,,1.943278467680586e-06
LOGISTIC,test-healthy_sag-00,TEST,1090,10.9,0,1.9004388386754157e-05,False,0,,1.943278467680586e-06
LOGISTIC,test-healthy_sag-00,TEST,1100,11.0,0,0.00031797869804493334,False,0,,1.943278467680586e-06
LOGISTIC,test-healthy_sag-00,TEST,1110,11.1,0,0.00031012929956966424,False,0,,1.943278467680586e-06
LOGISTIC,test-healthy_sag-00,TEST,1120,11.200000000000001,0,0.0003220051024557902,False,0,,1.943278467680586e-06
LOGISTIC,test-healthy_sag-00,TEST,1130,11.3,0,0.0003397922924870046,False,0,,1.943278467680586e-06
LOGISTIC,test-healthy_sag-00,TEST,1140,11.4,0,0.0001427692667091594,False,0,,1.943278467680586e-06
LOGISTIC,test-healthy_sag-00,TEST,1150,11.5,0,0.00010605245091618366,False,0,,1.943278467680586e-06
LOGISTIC,test-healthy_sag-00,TEST,1160,11.6,0,1.729737442727057e-05,False,0,,1.943278467680586e-06
LOGISTIC,test-healthy_sag-00,TEST,1170,11.700000000000001,0,1.9990454028601913e-05,False,0,,1.943278467680586e-06
LOGISTIC,test-healthy_sag-00,TEST,1180,11.8,0,4.347870547066538e-05,False,0,,1.943278467680586e-06
LOGISTIC,test-healthy_sag-00,TEST,1190,11.9,0,2.9772817656712054e-05,False,0,,1.943278467680586e-06
LOGISTIC,test-healthy_sag-00,TEST,1200,12.0,0,6.055641778560144e-05,False,0,,1.943278467680586e-06
LOGISTIC,test-healthy_sag-00,TEST,1210,12.1,0,9.514043361990368e-05,False,0,,1.943278467680586e-06
LOGISTIC,test-healthy_sag-00,TEST,1220,12.200000000000001,0,5.71621257705765e-05,False,0,,1.943278467680586e-06
LOGISTIC,test-healthy_sag-00,TEST,1230,12.3,0,4.648243904015928e-05,False,0,,1.943278467680586e-06
LOGISTIC,test-healthy_sag-00,TEST,1240,12.4,0,5.936328479576183e-05,False,0,,1.943278467680586e-06
LOGISTIC,test-healthy_sag-00,TEST,1250,12.5,0,6.890248869302212e-05,False,0,,1.943278467680586e-06
LOGISTIC,test-healthy_sag-00,TEST,1260,12.6,0,3.225323248032237e-05,False,0,,1.943278467680586e-06
LOGISTIC,test-healthy_sag-00,TEST,1270,12.700000000000001,0,3.139276552501157e-05,False,0,,1.943278467680586e-06
LOGISTIC,test-healthy_sag-00,TEST,1280,12.8,0,6.945016628131972e-05,False,0,,1.943278467680586e-06
LOGISTIC,test-healthy_sag-00,TEST,1290,12.9,0,9.633283297955889e-05,False,0,,1.943278467680586e-06
LOGISTIC,test-healthy_sag-00,TEST,1300,13.0,0,8.303655833106919e-05,False,0,,1.943278467680586e-06
LOGISTIC,test-healthy_sag-01,TEST,430,4.3,0,2.142332024545579e-06,False,0,,1.943278467680586e-06
LOGISTIC,test-healthy_sag-01,TEST,440,4.4,0,2.142332024545579e-06,False,0,,1.943278467680586e-06
LOGISTIC,test-healthy_sag-01,TEST,450,4.5,0,2.142332024545579e-06,False,0,,1.943278467680586e-06
LOGISTIC,test-healthy_sag-01,TEST,460,4.6000000000000005,0,2.142332024545579e-06,False,0,,1.943278467680586e-06
LOGISTIC,test-healthy_sag-01,TEST,470,4.7,0,2.142332024545579e-06,False,0,,1.943278467680586e-06
LOGISTIC,test-healthy_sag-01,TEST,480,4.8,0,2.142332024545579e-06,False,0,,1.943278467680586e-06
LOGISTIC,test-healthy_sag-01,TEST,490,4.9,0,2.142332024545579e-06,False,0,,1.943278467680586e-06
LOGISTIC,test-healthy_sag-01,TEST,500,5.0,0,2.142332024545579e-06,False,0,,1.943278467680586e-06
LOGISTIC,test-healthy_sag-01,TEST,510,5.1000000000000005,0,2.142332024545579e-06,False,0,,1.943278467680586e-06
LOGISTIC,test-healthy_sag-01,TEST,520,5.2,0,2.142332024545579e-06,False,0,,1.943278467680586e-06
LOGISTIC,test-healthy_sag-01,TEST,530,5.3,0,2.142332024545579e-06,False,0,,1.943278467680586e-06
LOGISTIC,test-healthy_sag-01,TEST,540,5.4,0,2.142332024545579e-06,False,0,,1.943278467680586e-06
LOGISTIC,test-healthy_sag-01,TEST,550,5.5,0,2.142332024545579e-06,False,0,,1.943278467680586e-06
LOGISTIC,test-healthy_sag-01,TEST,560,5.6000000000000005,0,2.142332024545579e-06,False,0,,1.943278467680586e-06
LOGISTIC,test-healthy_sag-01,TEST,570,5.7,0,2.142332024545579e-06,False,0,,1.943278467680586e-06
LOGISTIC,test-healthy_sag-01,TEST,580,5.8,0,2.142332024545579e-06,False,0,,1.943278467680586e-06
LOGISTIC,test-healthy_sag-01,TEST,590,5.9,0,2.142332024545579e-06,False,0,,1.943278467680586e-06
LOGISTIC,test-healthy_sag-01,TEST,600,6.0,0,2.142332024545579e-06,False,0,,1.943278467680586e-06
LOGISTIC,test-healthy_sag-01,TEST,610,6.1000000000000005,0,2.142332024545579e-06,False,0,,1.943278467680586e-06
LOGISTIC,test-healthy_sag-01,TEST,620,6.2,0,2.142332024545579e-06,False,0,,1.943278467680586e-06
LOGISTIC,test-healthy_sag-01,TEST,630,6.3,0,2.142332024545579e-06,False,0,,1.943278467680586e-06
LOGISTIC,test-healthy_sag-01,TEST,640,6.4,0,2.142332024545579e-06,False,0,,1.943278467680586e-06
LOGISTIC,test-healthy_sag-01,TEST,650,6.5,0,2.142332024545579e-06,False,0,,1.943278467680586e-06
LOGISTIC,test-healthy_sag-01,TEST,660,6.6000000000000005,0,2.142332024545579e-06,False,0,,1.943278467680586e-06
LOGISTIC,test-healthy_sag-01,TEST,670,6.7,0,2.142332024545579e-06,False,0,,1.943278467680586e-06
LOGISTIC,test-healthy_sag-01,TEST,680,6.8,0,2.142332024545579e-06,False,0,,1.943278467680586e-06
LOGISTIC,test-healthy_sag-01,TEST,690,6.9,0,2.142332024545579e-06,False,0,,1.943278467680586e-06
LOGISTIC,test-healthy_sag-01,TEST,700,7.0,0,2.142332024545579e-06,False,0,,1.943278467680586e-06
LOGISTIC,test-healthy_sag-01,TEST,710,7.1000000000000005,0,2.142332024545579e-06,False,0,,1.943278467680586e-06
LOGISTIC,test-healthy_sag-01,TEST,720,7.2,0,2.142332024545579e-06,False,0,,1.943278467680586e-06
LOGISTIC,test-healthy_sag-01,TEST,730,7.3,0,2.142332024545579e-06,False,0,,1.943278467680586e-06
LOGISTIC,test-healthy_sag-01,TEST,740,7.4,0,2.142332024545579e-06,False,0,,1.943278467680586e-06
LOGISTIC,test-healthy_sag-01,TEST,750,7.5,0,2.142332024545579e-06,False,0,,1.943278467680586e-06
LOGISTIC,test-healthy_sag-01,TEST,760,7.6000000000000005,0,2.142332024545579e-06,False,0,,1.943278467680586e-06
LOGISTIC,test-healthy_sag-01,TEST,770,7.7,0,2.142332024545579e-06,False,0,,1.943278467680586e-06
LOGISTIC,test-healthy_sag-01,TEST,780,7.8,0,2.142332024545579e-06,False,0,,1.943278467680586e-06
LOGISTIC,test-healthy_sag-01,TEST,790,7.9,0,2.142332024545579e-06,False,0,,1.943278467680586e-06
LOGISTIC,test-healthy_sag-01,TEST,800,8.0,0,2.142332024545579e-06,False,0,,1.943278467680586e-06
LOGISTIC,test-healthy_sag-01,TEST,810,8.1,0,2.142332024545579e-06,False,0,,1.943278467680586e-06
LOGISTIC,test-healthy_sag-01,TEST,820,8.2,0,2.142332024545579e-06,False,0,,1.943278467680586e-06
LOGISTIC,test-healthy_sag-01,TEST,830,8.3,0,2.142332024545579e-06,False,0,,1.943278467680586e-06
LOGISTIC,test-healthy_sag-01,TEST,840,8.4,0,2.142332024545579e-06,False,0,,1.943278467680586e-06
LOGISTIC,test-healthy_sag-01,TEST,850,8.5,0,2.142332024545579e-06,False,0,,1.943278467680586e-06
LOGISTIC,test-healthy_sag-01,TEST,860,8.6,0,2.142332024545579e-06,False,0,,1.943278467680586e-06
LOGISTIC,test-healthy_sag-01,TEST,870,8.700000000000001,0,2.142332024545579e-06,False,0,,1.943278467680586e-06
LOGISTIC,test-healthy_sag-01,TEST,880,8.8,0,2.142332024545579e-06,False,0,,1.943278467680586e-06
LOGISTIC,test-healthy_sag-01,TEST,890,8.9,0,2.142332024545579e-06,False,0,,1.943278467680586e-06
LOGISTIC,test-healthy_sag-01,TEST,900,9.0,0,2.142332024545579e-06,False,0,,1.943278467680586e-06
LOGISTIC,test-healthy_sag-01,TEST,910,9.1,0,2.142332024545579e-06,False,0,,1.943278467680586e-06
LOGISTIC,test-healthy_sag-01,TEST,920,9.200000000000001,0,2.142332024545579e-06,False,0,,1.943278467680586e-06
LOGISTIC,test-healthy_sag-01,TEST,930,9.3,0,2.142332024545579e-06,False,0,,1.943278467680586e-06
LOGISTIC,test-healthy_sag-01,TEST,940,9.4,0,2.142332024545579e-06,False,0,,1.943278467680586e-06
LOGISTIC,test-healthy_sag-01,TEST,950,9.5,0,2.142332024545579e-06,False,0,,1.943278467680586e-06
LOGISTIC,test-healthy_sag-01,TEST,960,9.6,0,2.142332024545579e-06,False,0,,1.943278467680586e-06
LOGISTIC,test-healthy_sag-01,TEST,970,9.700000000000001,0,2.142332024545579e-06,False,0,,1.943278467680586e-06
LOGISTIC,test-healthy_sag-01,TEST,980,9.8,0,2.142332024545579e-06,False,0,,1.943278467680586e-06
LOGISTIC,test-healthy_sag-01,TEST,990,9.9,0,2.142332024545579e-06,False,0,,1.943278467680586e-06
LOGISTIC,test-healthy_sag-01,TEST,1000,10.0,0,2.142332024545579e-06,False,0,,1.943278467680586e-06
LOGISTIC,test-healthy_sag-01,TEST,1010,10.1,0,2.142332024545579e-06,False,0,,1.943278467680586e-06
LOGISTIC,test-healthy_sag-01,TEST,1020,10.200000000000001,0,2.142332024545579e-06,False,0,,1.943278467680586e-06
LOGISTIC,test-healthy_sag-01,TEST,1030,10.3,0,2.142332024545579e-06,False,0,,1.943278467680586e-06
LOGISTIC,test-healthy_sag-01,TEST,1040,10.4,0,2.142332024545579e-06,False,0,,1.943278467680586e-06
LOGISTIC,test-healthy_sag-01,TEST,1050,10.5,0,2.142332024545579e-06,False,0,,1.943278467680586e-06
LOGISTIC,test-healthy_sag-01,TEST,1060,10.6,0,2.142332024545579e-06,False,0,,1.943278467680586e-06
LOGISTIC,test-healthy_sag-01,TEST,1070,10.700000000000001,0,2.142332024545579e-06,False,0,,1.943278467680586e-06
LOGISTIC,test-healthy_sag-01,TEST,1080,10.8,0,2.142332024545579e-06,False,0,,1.943278467680586e-06
LOGISTIC,test-healthy_sag-01,TEST,1090,10.9,0,2.142332024545579e-06,False,0,,1.943278467680586e-06
LOGISTIC,test-healthy_sag-01,TEST,1100,11.0,0,2.142332024545579e-06,False,0,,1.943278467680586e-06
LOGISTIC,test-healthy_sag-01,TEST,1110,11.1,0,2.142332024545579e-06,False,0,,1.943278467680586e-06
LOGISTIC,test-healthy_sag-01,TEST,1120,11.200000000000001,0,2.142332024545579e-06,False,0,,1.943278467680586e-06
LOGISTIC,test-healthy_sag-01,TEST,1130,11.3,0,2.142332024545579e-06,False,0,,1.943278467680586e-06
LOGISTIC,test-healthy_sag-01,TEST,1140,11.4,0,2.142332024545579e-06,False,0,,1.943278467680586e-06
LOGISTIC,test-healthy_sag-01,TEST,1150,11.5,0,2.142332024545579e-06,False,0,,1.943278467680586e-06
LOGISTIC,test-healthy_sag-01,TEST,1160,11.6,0,2.142332024545579e-06,False,0,,1.943278467680586e-06
LOGISTIC,test-healthy_sag-01,TEST,1170,11.700000000000001,0,2.142332024545579e-06,False,0,,1.943278467680586e-06
LOGISTIC,test-healthy_sag-01,TEST,1180,11.8,0,2.142332024545579e-06,False,0,,1.943278467680586e-06
LOGISTIC,test-healthy_sag-01,TEST,1190,11.9,0,2.142332024545579e-06,False,0,,1.943278467680586e-06
LOGISTIC,test-healthy_sag-01,TEST,1200,12.0,0,2.142332024545579e-06,False,0,,1.943278467680586e-06
LOGISTIC,test-healthy_sag-01,TEST,1210,12.1,0,2.142332024545579e-06,False,0,,1.943278467680586e-06
LOGISTIC,test-healthy_sag-01,TEST,1220,12.200000000000001,0,2.142332024545579e-06,False,0,,1.943278467680586e-06
LOGISTIC,test-healthy_sag-01,TEST,1230,12.3,0,2.142332024545579e-06,False,0,,1.943278467680586e-06
LOGISTIC,test-healthy_sag-01,TEST,1240,12.4,0,2.142332024545579e-06,False,0,,1.943278467680586e-06
LOGISTIC,test-healthy_sag-01,TEST,1250,12.5,0,2.142332024545579e-06,False,0,,1.943278467680586e-06
LOGISTIC,test-healthy_sag-01,TEST,1260,12.6,0,2.142332024545579e-06,False,0,,1.943278467680586e-06
LOGISTIC,test-healthy_sag-01,TEST,1270,12.700000000000001,0,2.142332024545579e-06,False,0,,1.943278467680586e-06
LOGISTIC,test-healthy_sag-01,TEST,1280,12.8,0,2.142332024545579e-06,False,0,,1.943278467680586e-06
LOGISTIC,test-healthy_sag-01,TEST,1290,12.9,0,2.142332024545579e-06,False,0,,1.943278467680586e-06
LOGISTIC,test-healthy_sag-01,TEST,1300,13.0,0,2.142332024545579e-06,False,0,,1.943278467680586e-06
LOGISTIC,test-healthy_sag-02,TEST,430,4.3,0,0.001389972132499993,False,,,1.943278467680586e-06
LOGISTIC,test-healthy_sag-02,TEST,440,4.4,0,0.0012934759130195919,False,,,1.943278467680586e-06
LOGISTIC,test-healthy_sag-02,TEST,450,4.5,0,0.00017543922805332926,False,0,,1.943278467680586e-06
LOGISTIC,test-healthy_sag-02,TEST,460,4.6000000000000005,0,3.8303702517869635e-06,False,0,,1.943278467680586e-06
LOGISTIC,test-healthy_sag-02,TEST,470,4.7,0,2.142332024545579e-06,False,0,,1.943278467680586e-06
LOGISTIC,test-healthy_sag-02,TEST,480,4.8,0,2.142332024545579e-06,False,0,,1.943278467680586e-06
LOGISTIC,test-healthy_sag-02,TEST,490,4.9,0,2.142332024545579e-06,False,0,,1.943278467680586e-06
LOGISTIC,test-healthy_sag-02,TEST,500,5.0,0,2.142332024545579e-06,False,0,,1.943278467680586e-06
LOGISTIC,test-healthy_sag-02,TEST,510,5.1000000000000005,0,2.142332024545579e-06,False,0,,1.943278467680586e-06
LOGISTIC,test-healthy_sag-02,TEST,520,5.2,0,2.142332024545579e-06,False,0,,1.943278467680586e-06
LOGISTIC,test-healthy_sag-02,TEST,530,5.3,0,2.142332024545579e-06,False,0,,1.943278467680586e-06
LOGISTIC,test-healthy_sag-02,TEST,540,5.4,0,2.9114597282361507e-06,False,0,,1.943278467680586e-06
LOGISTIC,test-healthy_sag-02,TEST,550,5.5,0,2.2288405572493183e-05,False,0,,1.943278467680586e-06
LOGISTIC,test-healthy_sag-02,TEST,560,5.6000000000000005,0,6.98067639402838e-05,False,0,,1.943278467680586e-06
LOGISTIC,test-healthy_sag-02,TEST,570,5.7,0,4.495932806139727e-05,False,0,,1.943278467680586e-06
LOGISTIC,test-healthy_sag-02,TEST,580,5.8,0,2.749390409504079e-05,False,0,,1.943278467680586e-06
LOGISTIC,test-healthy_sag-02,TEST,590,5.9,0,2.142332024545579e-06,False,0,,1.943278467680586e-06
LOGISTIC,test-healthy_sag-02,TEST,600,6.0,0,2.142332024545579e-06,False,0,,1.943278467680586e-06
LOGISTIC,test-healthy_sag-02,TEST,610,6.1000000000000005,0,4.320755423530373e-06,False,0,,1.943278467680586e-06
LOGISTIC,test-healthy_sag-02,TEST,620,6.2,0,2.142332024545579e-06,False,0,,1.943278467680586e-06
LOGISTIC,test-healthy_sag-02,TEST,630,6.3,0,2.1578581024866577e-06,False,0,,1.943278467680586e-06
LOGISTIC,test-healthy_sag-02,TEST,640,6.4,0,2.142332024545579e-06,False,0,,1.943278467680586e-06
LOGISTIC,test-healthy_sag-02,TEST,650,6.5,0,0.0005926560929093523,False,0,,1.943278467680586e-06
LOGISTIC,test-healthy_sag-02,TEST,660,6.6000000000000005,0,0.0011345453624675389,False,,,1.943278467680586e-06
LOGISTIC,test-healthy_sag-02,TEST,670,6.7,0,0.0017532270724954597,False,,,1.943278467680586e-06
LOGISTIC,test-healthy_sag-02,TEST,680,6.8,0,0.000871019980644262,False,,,1.943278467680586e-06
LOGISTIC,test-healthy_sag-02,TEST,690,6.9,0,0.00020939598870448433,False,0,,1.943278467680586e-06
LOGISTIC,test-healthy_sag-02,TEST,700,7.0,0,3.328537378895123e-05,False,0,,1.943278467680586e-06
LOGISTIC,test-healthy_sag-02,TEST,710,7.1000000000000005,0,2.142332024545579e-06,False,0,,1.943278467680586e-06
LOGISTIC,test-healthy_sag-02,TEST,720,7.2,0,2.142332024545579e-06,False,0,,1.943278467680586e-06
LOGISTIC,test-healthy_sag-02,TEST,730,7.3,0,2.142332024545579e-06,False,0,,1.943278467680586e-06
LOGISTIC,test-healthy_sag-02,TEST,740,7.4,0,2.142332024545579e-06,False,0,,1.943278467680586e-06
LOGISTIC,test-healthy_sag-02,TEST,750,7.5,0,2.142332024545579e-06,False,0,,1.943278467680586e-06
LOGISTIC,test-healthy_sag-02,TEST,760,7.6000000000000005,0,2.142332024545579e-06,False,0,,1.943278467680586e-06
LOGISTIC,test-healthy_sag-02,TEST,770,7.7,0,2.142332024545579e-06,False,0,,1.943278467680586e-06
LOGISTIC,test-healthy_sag-02,TEST,780,7.8,0,2.142332024545579e-06,False,0,,1.943278467680586e-06
LOGISTIC,test-healthy_sag-02,TEST,790,7.9,0,2.142332024545579e-06,False,0,,1.943278467680586e-06
LOGISTIC,test-healthy_sag-02,TEST,800,8.0,0,2.142332024545579e-06,False,0,,1.943278467680586e-06
LOGISTIC,test-healthy_sag-02,TEST,810,8.1,0,2.142332024545579e-06,False,0,,1.943278467680586e-06
LOGISTIC,test-healthy_sag-02,TEST,820,8.2,0,2.142332024545579e-06,False,0,,1.943278467680586e-06
LOGISTIC,test-healthy_sag-02,TEST,830,8.3,0,2.142332024545579e-06,False,0,,1.943278467680586e-06
LOGISTIC,test-healthy_sag-02,TEST,840,8.4,0,2.142332024545579e-06,False,0,,1.943278467680586e-06
LOGISTIC,test-healthy_sag-02,TEST,850,8.5,0,3.1540269444269856e-06,False,0,,1.943278467680586e-06
LOGISTIC,test-healthy_sag-02,TEST,860,8.6,0,2.142332024545579e-06,False,0,,1.943278467680586e-06
LOGISTIC,test-healthy_sag-02,TEST,870,8.700000000000001,0,2.142332024545579e-06,False,0,,1.943278467680586e-06
LOGISTIC,test-healthy_sag-02,TEST,880,8.8,0,4.874476096985343e-06,False,0,,1.943278467680586e-06
LOGISTIC,test-healthy_sag-02,TEST,890,8.9,0,2.770516599737918e-06,False,0,,1.943278467680586e-06
LOGISTIC,test-healthy_sag-02,TEST,900,9.0,0,2.142332024545579e-06,False,0,,1.943278467680586e-06
LOGISTIC,test-healthy_sag-02,TEST,910,9.1,0,2.142332024545579e-06,False,0,,1.943278467680586e-06
LOGISTIC,test-healthy_sag-02,TEST,920,9.200000000000001,0,2.8934236653278156e-06,False,0,,1.943278467680586e-06
LOGISTIC,test-healthy_sag-02,TEST,930,9.3,0,4.030310322166606e-06,False,0,,1.943278467680586e-06
LOGISTIC,test-healthy_sag-02,TEST,940,9.4,0,2.4622380868498233e-06,False,0,,1.943278467680586e-06
LOGISTIC,test-healthy_sag-02,TEST,950,9.5,0,2.2664961225903938e-06,False,0,,1.943278467680586e-06
LOGISTIC,test-healthy_sag-02,TEST,960,9.6,0,4.613831981208092e-06,False,0,,1.943278467680586e-06
LOGISTIC,test-healthy_sag-02,TEST,970,9.700000000000001,0,3.7393481346430096e-06,False,0,,1.943278467680586e-06
LOGISTIC,test-healthy_sag-02,TEST,980,9.8,0,2.507710068317624e-05,False,0,,1.943278467680586e-06
LOGISTIC,test-healthy_sag-02,TEST,990,9.9,0,2.8731868215572e-05,False,0,,1.943278467680586e-06
LOGISTIC,test-healthy_sag-02,TEST,1000,10.0,0,3.175023543475525e-05,False,0,,1.943278467680586e-06
LOGISTIC,test-healthy_sag-02,TEST,1010,10.1,0,1.4766994128800678e-05,False,0,,1.943278467680586e-06
LOGISTIC,test-healthy_sag-02,TEST,1020,10.200000000000001,0,2.142332024545579e-06,False,0,,1.943278467680586e-06
LOGISTIC,test-healthy_sag-02,TEST,1030,10.3,0,2.142332024545579e-06,False,0,,1.943278467680586e-06
LOGISTIC,test-healthy_sag-02,TEST,1040,10.4,0,2.142332024545579e-06,False,0,,1.943278467680586e-06
LOGISTIC,test-healthy_sag-02,TEST,1050,10.5,0,2.142332024545579e-06,False,0,,1.943278467680586e-06
LOGISTIC,test-healthy_sag-02,TEST,1060,10.6,0,2.142332024545579e-06,False,0,,1.943278467680586e-06
LOGISTIC,test-healthy_sag-02,TEST,1070,10.700000000000001,0,2.142332024545579e-06,False,0,,1.943278467680586e-06
LOGISTIC,test-healthy_sag-02,TEST,1080,10.8,0,2.142332024545579e-06,False,0,,1.943278467680586e-06
LOGISTIC,test-healthy_sag-02,TEST,1090,10.9,0,2.142332024545579e-06,False,0,,1.943278467680586e-06
LOGISTIC,test-healthy_sag-02,TEST,1100,11.0,0,2.142332024545579e-06,False,0,,1.943278467680586e-06
LOGISTIC,test-healthy_sag-02,TEST,1110,11.1,0,2.142332024545579e-06,False,0,,1.943278467680586e-06
LOGISTIC,test-healthy_sag-02,TEST,1120,11.200000000000001,0,2.142332024545579e-06,False,0,,1.943278467680586e-06
LOGISTIC,test-healthy_sag-02,TEST,1130,11.3,0,2.142332024545579e-06,False,0,,1.943278467680586e-06
LOGISTIC,test-healthy_sag-02,TEST,1140,11.4,0,2.142332024545579e-06,False,0,,1.943278467680586e-06
LOGISTIC,test-healthy_sag-02,TEST,1150,11.5,0,2.142332024545579e-06,False,0,,1.943278467680586e-06
LOGISTIC,test-healthy_sag-02,TEST,1160,11.6,0,3.2305402259515174e-06,False,0,,1.943278467680586e-06
LOGISTIC,test-healthy_sag-02,TEST,1170,11.700000000000001,0,2.3468893555734175e-06,False,0,,1.943278467680586e-06
LOGISTIC,test-healthy_sag-02,TEST,1180,11.8,0,2.142332024545579e-06,False,0,,1.943278467680586e-06
LOGISTIC,test-healthy_sag-02,TEST,1190,11.9,0,2.142332024545579e-06,False,0,,1.943278467680586e-06
LOGISTIC,test-healthy_sag-02,TEST,1200,12.0,0,2.142332024545579e-06,False,0,,1.943278467680586e-06
LOGISTIC,test-healthy_sag-02,TEST,1210,12.1,0,2.142332024545579e-06,False,0,,1.943278467680586e-06
LOGISTIC,test-healthy_sag-02,TEST,1220,12.200000000000001,0,2.142332024545579e-06,False,0,,1.943278467680586e-06
LOGISTIC,test-healthy_sag-02,TEST,1230,12.3,0,2.142332024545579e-06,False,0,,1.943278467680586e-06
LOGISTIC,test-healthy_sag-02,TEST,1240,12.4,0,2.142332024545579e-06,False,0,,1.943278467680586e-06
LOGISTIC,test-healthy_sag-02,TEST,1250,12.5,0,2.142332024545579e-06,False,0,,1.943278467680586e-06
LOGISTIC,test-healthy_sag-02,TEST,1260,12.6,0,1.6629485415608353e-05,False,0,,1.943278467680586e-06
LOGISTIC,test-healthy_sag-02,TEST,1270,12.700000000000001,0,2.142332024545579e-06,False,0,,1.943278467680586e-06
LOGISTIC,test-healthy_sag-02,TEST,1280,12.8,0,2.142332024545579e-06,False,0,,1.943278467680586e-06
LOGISTIC,test-healthy_sag-02,TEST,1290,12.9,0,2.142332024545579e-06,False,0,,1.943278467680586e-06
LOGISTIC,test-healthy_sag-02,TEST,1300,13.0,0,2.142332024545579e-06,False,0,,1.943278467680586e-06
LOGISTIC,test-healthy_sag-03,TEST,430,4.3,0,2.142332024545579e-06,False,0,,1.943278467680586e-06
LOGISTIC,test-healthy_sag-03,TEST,440,4.4,0,2.142332024545579e-06,False,0,,1.943278467680586e-06
LOGISTIC,test-healthy_sag-03,TEST,450,4.5,0,2.142332024545579e-06,False,0,,1.943278467680586e-06
LOGISTIC,test-healthy_sag-03,TEST,460,4.6000000000000005,0,2.142332024545579e-06,False,0,,1.943278467680586e-06
LOGISTIC,test-healthy_sag-03,TEST,470,4.7,0,2.142332024545579e-06,False,0,,1.943278467680586e-06
LOGISTIC,test-healthy_sag-03,TEST,480,4.8,0,2.142332024545579e-06,False,0,,1.943278467680586e-06
LOGISTIC,test-healthy_sag-03,TEST,490,4.9,0,2.142332024545579e-06,False,0,,1.943278467680586e-06
LOGISTIC,test-healthy_sag-03,TEST,500,5.0,0,2.142332024545579e-06,False,0,,1.943278467680586e-06
LOGISTIC,test-healthy_sag-03,TEST,510,5.1000000000000005,0,2.142332024545579e-06,False,0,,1.943278467680586e-06
LOGISTIC,test-healthy_sag-03,TEST,520,5.2,0,2.142332024545579e-06,False,0,,1.943278467680586e-06
LOGISTIC,test-healthy_sag-03,TEST,530,5.3,0,2.142332024545579e-06,False,0,,1.943278467680586e-06
LOGISTIC,test-healthy_sag-03,TEST,540,5.4,0,2.142332024545579e-06,False,0,,1.943278467680586e-06
LOGISTIC,test-healthy_sag-03,TEST,550,5.5,0,2.142332024545579e-06,False,0,,1.943278467680586e-06
LOGISTIC,test-healthy_sag-03,TEST,560,5.6000000000000005,0,2.142332024545579e-06,False,0,,1.943278467680586e-06
LOGISTIC,test-healthy_sag-03,TEST,570,5.7,0,2.142332024545579e-06,False,0,,1.943278467680586e-06
LOGISTIC,test-healthy_sag-03,TEST,580,5.8,0,2.142332024545579e-06,False,0,,1.943278467680586e-06
LOGISTIC,test-healthy_sag-03,TEST,590,5.9,0,2.142332024545579e-06,False,0,,1.943278467680586e-06
LOGISTIC,test-healthy_sag-03,TEST,600,6.0,0,2.142332024545579e-06,False,0,,1.943278467680586e-06
LOGISTIC,test-healthy_sag-03,TEST,610,6.1000000000000005,0,2.142332024545579e-06,False,0,,1.943278467680586e-06
LOGISTIC,test-healthy_sag-03,TEST,620,6.2,0,2.142332024545579e-06,False,0,,1.943278467680586e-06
LOGISTIC,test-healthy_sag-03,TEST,630,6.3,0,2.142332024545579e-06,False,0,,1.943278467680586e-06
LOGISTIC,test-healthy_sag-03,TEST,640,6.4,0,2.142332024545579e-06,False,0,,1.943278467680586e-06
LOGISTIC,test-healthy_sag-03,TEST,650,6.5,0,2.142332024545579e-06,False,0,,1.943278467680586e-06
LOGISTIC,test-healthy_sag-03,TEST,660,6.6000000000000005,0,2.142332024545579e-06,False,0,,1.943278467680586e-06
LOGISTIC,test-healthy_sag-03,TEST,670,6.7,0,2.142332024545579e-06,False,0,,1.943278467680586e-06
LOGISTIC,test-healthy_sag-03,TEST,680,6.8,0,2.142332024545579e-06,False,0,,1.943278467680586e-06
LOGISTIC,test-healthy_sag-03,TEST,690,6.9,0,2.142332024545579e-06,False,0,,1.943278467680586e-06
LOGISTIC,test-healthy_sag-03,TEST,700,7.0,0,2.142332024545579e-06,False,0,,1.943278467680586e-06
LOGISTIC,test-healthy_sag-03,TEST,710,7.1000000000000005,0,2.142332024545579e-06,False,0,,1.943278467680586e-06
LOGISTIC,test-healthy_sag-03,TEST,720,7.2,0,2.142332024545579e-06,False,0,,1.943278467680586e-06
LOGISTIC,test-healthy_sag-03,TEST,730,7.3,0,2.142332024545579e-06,False,0,,1.943278467680586e-06
LOGISTIC,test-healthy_sag-03,TEST,740,7.4,0,2.142332024545579e-06,False,0,,1.943278467680586e-06
LOGISTIC,test-healthy_sag-03,TEST,750,7.5,0,2.142332024545579e-06,False,0,,1.943278467680586e-06
LOGISTIC,test-healthy_sag-03,TEST,760,7.6000000000000005,0,2.142332024545579e-06,False,0,,1.943278467680586e-06
LOGISTIC,test-healthy_sag-03,TEST,770,7.7,0,2.142332024545579e-06,False,0,,1.943278467680586e-06
LOGISTIC,test-healthy_sag-03,TEST,780,7.8,0,2.142332024545579e-06,False,0,,1.943278467680586e-06
LOGISTIC,test-healthy_sag-03,TEST,790,7.9,0,2.142332024545579e-06,False,0,,1.943278467680586e-06
LOGISTIC,test-healthy_sag-03,TEST,800,8.0,0,2.142332024545579e-06,False,0,,1.943278467680586e-06
LOGISTIC,test-healthy_sag-03,TEST,810,8.1,0,2.142332024545579e-06,False,0,,1.943278467680586e-06
LOGISTIC,test-healthy_sag-03,TEST,820,8.2,0,2.142332024545579e-06,False,0,,1.943278467680586e-06
LOGISTIC,test-healthy_sag-03,TEST,830,8.3,0,2.142332024545579e-06,False,0,,1.943278467680586e-06
LOGISTIC,test-healthy_sag-03,TEST,840,8.4,0,2.142332024545579e-06,False,0,,1.943278467680586e-06
LOGISTIC,test-healthy_sag-03,TEST,850,8.5,0,2.142332024545579e-06,False,0,,1.943278467680586e-06
LOGISTIC,test-healthy_sag-03,TEST,860,8.6,0,2.142332024545579e-06,False,0,,1.943278467680586e-06
LOGISTIC,test-healthy_sag-03,TEST,870,8.700000000000001,0,2.142332024545579e-06,False,0,,1.943278467680586e-06
LOGISTIC,test-healthy_sag-03,TEST,880,8.8,0,2.142332024545579e-06,False,0,,1.943278467680586e-06
LOGISTIC,test-healthy_sag-03,TEST,890,8.9,0,2.142332024545579e-06,False,0,,1.943278467680586e-06
LOGISTIC,test-healthy_sag-03,TEST,900,9.0,0,2.142332024545579e-06,False,0,,1.943278467680586e-06
LOGISTIC,test-healthy_sag-03,TEST,910,9.1,0,2.142332024545579e-06,False,0,,1.943278467680586e-06
LOGISTIC,test-healthy_sag-03,TEST,920,9.200000000000001,0,2.142332024545579e-06,False,0,,1.943278467680586e-06
LOGISTIC,test-healthy_sag-03,TEST,930,9.3,0,2.142332024545579e-06,False,0,,1.943278467680586e-06
LOGISTIC,test-healthy_sag-03,TEST,940,9.4,0,2.142332024545579e-06,False,0,,1.943278467680586e-06
LOGISTIC,test-healthy_sag-03,TEST,950,9.5,0,2.142332024545579e-06,False,0,,1.943278467680586e-06
LOGISTIC,test-healthy_sag-03,TEST,960,9.6,0,2.142332024545579e-06,False,0,,1.943278467680586e-06
LOGISTIC,test-healthy_sag-03,TEST,970,9.700000000000001,0,2.142332024545579e-06,False,0,,1.943278467680586e-06
LOGISTIC,test-healthy_sag-03,TEST,980,9.8,0,2.142332024545579e-06,False,0,,1.943278467680586e-06
LOGISTIC,test-healthy_sag-03,TEST,990,9.9,0,2.142332024545579e-06,False,0,,1.943278467680586e-06
LOGISTIC,test-healthy_sag-03,TEST,1000,10.0,0,2.142332024545579e-06,False,0,,1.943278467680586e-06
LOGISTIC,test-healthy_sag-03,TEST,1010,10.1,0,2.142332024545579e-06,False,0,,1.943278467680586e-06
LOGISTIC,test-healthy_sag-03,TEST,1020,10.200000000000001,0,2.142332024545579e-06,False,0,,1.943278467680586e-06
LOGISTIC,test-healthy_sag-03,TEST,1030,10.3,0,2.142332024545579e-06,False,0,,1.943278467680586e-06
LOGISTIC,test-healthy_sag-03,TEST,1040,10.4,0,2.142332024545579e-06,False,0,,1.943278467680586e-06
LOGISTIC,test-healthy_sag-03,TEST,1050,10.5,0,2.142332024545579e-06,False,0,,1.943278467680586e-06
LOGISTIC,test-healthy_sag-03,TEST,1060,10.6,0,2.142332024545579e-06,False,0,,1.943278467680586e-06
LOGISTIC,test-healthy_sag-03,TEST,1070,10.700000000000001,0,2.142332024545579e-06,False,0,,1.943278467680586e-06
LOGISTIC,test-healthy_sag-03,TEST,1080,10.8,0,2.142332024545579e-06,False,0,,1.943278467680586e-06
LOGISTIC,test-healthy_sag-03,TEST,1090,10.9,0,2.142332024545579e-06,False,0,,1.943278467680586e-06
LOGISTIC,test-healthy_sag-03,TEST,1100,11.0,0,2.142332024545579e-06,False,0,,1.943278467680586e-06
LOGISTIC,test-healthy_sag-03,TEST,1110,11.1,0,2.142332024545579e-06,False,0,,1.943278467680586e-06
LOGISTIC,test-healthy_sag-03,TEST,1120,11.200000000000001,0,2.142332024545579e-06,False,0,,1.943278467680586e-06
LOGISTIC,test-healthy_sag-03,TEST,1130,11.3,0,2.142332024545579e-06,False,0,,1.943278467680586e-06
LOGISTIC,test-healthy_sag-03,TEST,1140,11.4,0,2.142332024545579e-06,False,0,,1.943278467680586e-06
LOGISTIC,test-healthy_sag-03,TEST,1150,11.5,0,2.142332024545579e-06,False,0,,1.943278467680586e-06
LOGISTIC,test-healthy_sag-03,TEST,1160,11.6,0,2.142332024545579e-06,False,0,,1.943278467680586e-06
LOGISTIC,test-healthy_sag-03,TEST,1170,11.700000000000001,0,2.142332024545579e-06,False,0,,1.943278467680586e-06
LOGISTIC,test-healthy_sag-03,TEST,1180,11.8,0,2.142332024545579e-06,False,0,,1.943278467680586e-06
LOGISTIC,test-healthy_sag-03,TEST,1190,11.9,0,2.142332024545579e-06,False,0,,1.943278467680586e-06
LOGISTIC,test-healthy_sag-03,TEST,1200,12.0,0,2.142332024545579e-06,False,0,,1.943278467680586e-06
LOGISTIC,test-healthy_sag-03,TEST,1210,12.1,0,2.142332024545579e-06,False,0,,1.943278467680586e-06
LOGISTIC,test-healthy_sag-03,TEST,1220,12.200000000000001,0,2.142332024545579e-06,False,0,,1.943278467680586e-06
LOGISTIC,test-healthy_sag-03,TEST,1230,12.3,0,2.142332024545579e-06,False,0,,1.943278467680586e-06
LOGISTIC,test-healthy_sag-03,TEST,1240,12.4,0,2.142332024545579e-06,False,0,,1.943278467680586e-06
LOGISTIC,test-healthy_sag-03,TEST,1250,12.5,0,2.142332024545579e-06,False,0,,1.943278467680586e-06
LOGISTIC,test-healthy_sag-03,TEST,1260,12.6,0,2.142332024545579e-06,False,0,,1.943278467680586e-06
LOGISTIC,test-healthy_sag-03,TEST,1270,12.700000000000001,0,2.142332024545579e-06,False,0,,1.943278467680586e-06
LOGISTIC,test-healthy_sag-03,TEST,1280,12.8,0,2.142332024545579e-06,False,0,,1.943278467680586e-06
LOGISTIC,test-healthy_sag-03,TEST,1290,12.9,0,2.142332024545579e-06,False,0,,1.943278467680586e-06
LOGISTIC,test-healthy_sag-03,TEST,1300,13.0,0,2.142332024545579e-06,False,0,,1.943278467680586e-06
LOGISTIC,test-grid_interruption-00,TEST,430,4.3,0,2.142332024545579e-06,False,0,,1.943278467680586e-06
LOGISTIC,test-grid_interruption-00,TEST,440,4.4,0,2.142332024545579e-06,False,0,,1.943278467680586e-06
LOGISTIC,test-grid_interruption-00,TEST,450,4.5,0,2.142332024545579e-06,False,0,,1.943278467680586e-06
LOGISTIC,test-grid_interruption-00,TEST,460,4.6000000000000005,0,2.142332024545579e-06,False,0,,1.943278467680586e-06
LOGISTIC,test-grid_interruption-00,TEST,470,4.7,0,2.142332024545579e-06,False,0,,1.943278467680586e-06
LOGISTIC,test-grid_interruption-00,TEST,480,4.8,0,2.142332024545579e-06,False,0,,1.943278467680586e-06
LOGISTIC,test-grid_interruption-00,TEST,490,4.9,0,2.142332024545579e-06,False,0,,1.943278467680586e-06
LOGISTIC,test-grid_interruption-00,TEST,500,5.0,0,2.142332024545579e-06,False,0,,1.943278467680586e-06
LOGISTIC,test-grid_interruption-00,TEST,510,5.1000000000000005,0,2.142332024545579e-06,False,0,,1.943278467680586e-06
LOGISTIC,test-grid_interruption-00,TEST,520,5.2,0,2.142332024545579e-06,False,0,,1.943278467680586e-06
LOGISTIC,test-grid_interruption-00,TEST,530,5.3,0,2.142332024545579e-06,False,0,,1.943278467680586e-06
LOGISTIC,test-grid_interruption-00,TEST,540,5.4,0,2.142332024545579e-06,False,0,,1.943278467680586e-06
LOGISTIC,test-grid_interruption-00,TEST,550,5.5,0,2.142332024545579e-06,False,0,,1.943278467680586e-06
LOGISTIC,test-grid_interruption-00,TEST,560,5.6000000000000005,0,2.142332024545579e-06,False,0,,1.943278467680586e-06
LOGISTIC,test-grid_interruption-00,TEST,570,5.7,0,2.142332024545579e-06,False,0,,1.943278467680586e-06
LOGISTIC,test-grid_interruption-00,TEST,580,5.8,0,2.142332024545579e-06,False,0,,1.943278467680586e-06
LOGISTIC,test-grid_interruption-00,TEST,590,5.9,0,2.142332024545579e-06,False,0,,1.943278467680586e-06
LOGISTIC,test-grid_interruption-00,TEST,600,6.0,0,2.142332024545579e-06,False,0,,1.943278467680586e-06
LOGISTIC,test-grid_interruption-00,TEST,610,6.1000000000000005,0,2.142332024545579e-06,False,0,,1.943278467680586e-06
LOGISTIC,test-grid_interruption-00,TEST,620,6.2,0,2.142332024545579e-06,False,0,,1.943278467680586e-06
LOGISTIC,test-grid_interruption-00,TEST,630,6.3,0,2.142332024545579e-06,False,0,,1.943278467680586e-06
LOGISTIC,test-grid_interruption-00,TEST,640,6.4,0,2.142332024545579e-06,False,0,,1.943278467680586e-06
LOGISTIC,test-grid_interruption-00,TEST,650,6.5,0,2.142332024545579e-06,False,0,,1.943278467680586e-06
LOGISTIC,test-grid_interruption-00,TEST,660,6.6000000000000005,0,2.142332024545579e-06,False,0,,1.943278467680586e-06
LOGISTIC,test-grid_interruption-00,TEST,670,6.7,0,2.142332024545579e-06,False,0,,1.943278467680586e-06
LOGISTIC,test-grid_interruption-00,TEST,680,6.8,0,2.142332024545579e-06,False,0,,1.943278467680586e-06
LOGISTIC,test-grid_interruption-00,TEST,690,6.9,0,2.142332024545579e-06,False,0,,1.943278467680586e-06
LOGISTIC,test-grid_interruption-00,TEST,700,7.0,0,2.142332024545579e-06,False,0,,1.943278467680586e-06
LOGISTIC,test-grid_interruption-00,TEST,710,7.1000000000000005,0,2.142332024545579e-06,False,0,,1.943278467680586e-06
LOGISTIC,test-grid_interruption-00,TEST,720,7.2,0,2.142332024545579e-06,False,0,,1.943278467680586e-06
LOGISTIC,test-grid_interruption-00,TEST,730,7.3,0,2.142332024545579e-06,False,0,,1.943278467680586e-06
LOGISTIC,test-grid_interruption-00,TEST,740,7.4,0,2.142332024545579e-06,False,0,,1.943278467680586e-06
LOGISTIC,test-grid_interruption-00,TEST,750,7.5,0,2.142332024545579e-06,False,0,,1.943278467680586e-06
LOGISTIC,test-grid_interruption-00,TEST,760,7.6000000000000005,0,2.142332024545579e-06,False,0,,1.943278467680586e-06
LOGISTIC,test-grid_interruption-00,TEST,770,7.7,0,2.142332024545579e-06,False,0,,1.943278467680586e-06
LOGISTIC,test-grid_interruption-00,TEST,780,7.8,0,2.142332024545579e-06,False,0,,1.943278467680586e-06
LOGISTIC,test-grid_interruption-00,TEST,790,7.9,0,2.142332024545579e-06,False,0,,1.943278467680586e-06
LOGISTIC,test-grid_interruption-00,TEST,800,8.0,0,2.142332024545579e-06,False,0,,1.943278467680586e-06
LOGISTIC,test-grid_interruption-00,TEST,810,8.1,0,2.142332024545579e-06,False,0,,1.943278467680586e-06
LOGISTIC,test-grid_interruption-00,TEST,820,8.2,0,2.142332024545579e-06,False,0,,1.943278467680586e-06
LOGISTIC,test-grid_interruption-00,TEST,830,8.3,0,2.142332024545579e-06,False,0,,1.943278467680586e-06
LOGISTIC,test-grid_interruption-00,TEST,840,8.4,0,2.142332024545579e-06,False,0,,1.943278467680586e-06
LOGISTIC,test-grid_interruption-00,TEST,850,8.5,0,2.142332024545579e-06,False,0,,1.943278467680586e-06
LOGISTIC,test-grid_interruption-00,TEST,860,8.6,0,2.142332024545579e-06,False,0,,1.943278467680586e-06
LOGISTIC,test-grid_interruption-00,TEST,870,8.700000000000001,0,2.142332024545579e-06,False,0,,1.943278467680586e-06
LOGISTIC,test-grid_interruption-00,TEST,880,8.8,0,2.142332024545579e-06,False,0,,1.943278467680586e-06
LOGISTIC,test-grid_interruption-00,TEST,890,8.9,0,2.142332024545579e-06,False,0,,1.943278467680586e-06
LOGISTIC,test-grid_interruption-00,TEST,900,9.0,0,2.142332024545579e-06,False,0,,1.943278467680586e-06
LOGISTIC,test-grid_interruption-00,TEST,910,9.1,0,2.142332024545579e-06,False,0,,1.943278467680586e-06
LOGISTIC,test-grid_interruption-00,TEST,920,9.200000000000001,0,2.142332024545579e-06,False,0,,1.943278467680586e-06
LOGISTIC,test-grid_interruption-00,TEST,930,9.3,0,2.142332024545579e-06,False,0,,1.943278467680586e-06
LOGISTIC,test-grid_interruption-00,TEST,940,9.4,0,2.142332024545579e-06,False,0,,1.943278467680586e-06
LOGISTIC,test-grid_interruption-00,TEST,950,9.5,0,2.142332024545579e-06,False,0,,1.943278467680586e-06
LOGISTIC,test-grid_interruption-00,TEST,960,9.6,0,2.142332024545579e-06,False,0,,1.943278467680586e-06
LOGISTIC,test-grid_interruption-00,TEST,970,9.700000000000001,0,2.142332024545579e-06,False,0,,1.943278467680586e-06
LOGISTIC,test-grid_interruption-00,TEST,980,9.8,0,2.142332024545579e-06,False,0,,1.943278467680586e-06
LOGISTIC,test-grid_interruption-00,TEST,990,9.9,0,2.142332024545579e-06,False,0,,1.943278467680586e-06
LOGISTIC,test-grid_interruption-00,TEST,1000,10.0,0,2.142332024545579e-06,False,0,,1.943278467680586e-06
LOGISTIC,test-grid_interruption-00,TEST,1010,10.1,0,2.142332024545579e-06,False,0,,1.943278467680586e-06
LOGISTIC,test-grid_interruption-00,TEST,1020,10.200000000000001,0,2.142332024545579e-06,False,0,,1.943278467680586e-06
LOGISTIC,test-grid_interruption-00,TEST,1030,10.3,0,2.142332024545579e-06,False,0,,1.943278467680586e-06
LOGISTIC,test-grid_interruption-00,TEST,1040,10.4,0,2.142332024545579e-06,False,0,,1.943278467680586e-06
LOGISTIC,test-grid_interruption-00,TEST,1050,10.5,0,2.142332024545579e-06,False,0,,1.943278467680586e-06
LOGISTIC,test-grid_interruption-00,TEST,1060,10.6,0,2.142332024545579e-06,False,0,,1.943278467680586e-06
LOGISTIC,test-grid_interruption-00,TEST,1070,10.700000000000001,0,2.142332024545579e-06,False,0,,1.943278467680586e-06
LOGISTIC,test-grid_interruption-00,TEST,1080,10.8,0,2.142332024545579e-06,False,0,,1.943278467680586e-06
LOGISTIC,test-grid_interruption-00,TEST,1090,10.9,0,2.142332024545579e-06,False,0,,1.943278467680586e-06
LOGISTIC,test-grid_interruption-00,TEST,1100,11.0,0,2.142332024545579e-06,False,0,,1.943278467680586e-06
LOGISTIC,test-grid_interruption-00,TEST,1110,11.1,0,2.142332024545579e-06,False,0,,1.943278467680586e-06
LOGISTIC,test-grid_interruption-00,TEST,1120,11.200000000000001,0,2.142332024545579e-06,False,0,,1.943278467680586e-06
LOGISTIC,test-grid_interruption-00,TEST,1130,11.3,0,2.142332024545579e-06,False,0,,1.943278467680586e-06
LOGISTIC,test-grid_interruption-00,TEST,1140,11.4,0,2.142332024545579e-06,False,0,,1.943278467680586e-06
LOGISTIC,test-grid_interruption-00,TEST,1150,11.5,0,2.142332024545579e-06,False,0,,1.943278467680586e-06
LOGISTIC,test-grid_interruption-00,TEST,1160,11.6,0,2.142332024545579e-06,False,0,,1.943278467680586e-06
LOGISTIC,test-grid_interruption-00,TEST,1170,11.700000000000001,0,2.142332024545579e-06,False,0,,1.943278467680586e-06
LOGISTIC,test-grid_interruption-00,TEST,1180,11.8,0,2.142332024545579e-06,False,0,,1.943278467680586e-06
LOGISTIC,test-grid_interruption-00,TEST,1190,11.9,0,2.142332024545579e-06,False,0,,1.943278467680586e-06
LOGISTIC,test-grid_interruption-00,TEST,1200,12.0,0,2.142332024545579e-06,False,0,,1.943278467680586e-06
LOGISTIC,test-grid_interruption-00,TEST,1210,12.1,0,2.142332024545579e-06,False,0,,1.943278467680586e-06
LOGISTIC,test-grid_interruption-00,TEST,1220,12.200000000000001,0,2.142332024545579e-06,False,0,,1.943278467680586e-06
LOGISTIC,test-grid_interruption-00,TEST,1230,12.3,0,2.142332024545579e-06,False,0,,1.943278467680586e-06
LOGISTIC,test-grid_interruption-00,TEST,1240,12.4,0,2.142332024545579e-06,False,0,,1.943278467680586e-06
LOGISTIC,test-grid_interruption-00,TEST,1250,12.5,0,2.142332024545579e-06,False,0,,1.943278467680586e-06
LOGISTIC,test-grid_interruption-00,TEST,1260,12.6,0,2.142332024545579e-06,False,0,,1.943278467680586e-06
LOGISTIC,test-grid_interruption-00,TEST,1270,12.700000000000001,0,2.142332024545579e-06,False,0,,1.943278467680586e-06
LOGISTIC,test-grid_interruption-00,TEST,1280,12.8,0,2.142332024545579e-06,False,0,,1.943278467680586e-06
LOGISTIC,test-grid_interruption-00,TEST,1290,12.9,0,2.142332024545579e-06,False,0,,1.943278467680586e-06
LOGISTIC,test-grid_interruption-00,TEST,1300,13.0,0,2.142332024545579e-06,False,0,,1.943278467680586e-06
LOGISTIC,test-grid_interruption-01,TEST,430,4.3,0,2.142332024545579e-06,False,0,,1.943278467680586e-06
LOGISTIC,test-grid_interruption-01,TEST,440,4.4,0,2.142332024545579e-06,False,0,,1.943278467680586e-06
LOGISTIC,test-grid_interruption-01,TEST,450,4.5,0,2.142332024545579e-06,False,0,,1.943278467680586e-06
LOGISTIC,test-grid_interruption-01,TEST,460,4.6000000000000005,0,2.142332024545579e-06,False,0,,1.943278467680586e-06
LOGISTIC,test-grid_interruption-01,TEST,470,4.7,0,2.142332024545579e-06,False,0,,1.943278467680586e-06
LOGISTIC,test-grid_interruption-01,TEST,480,4.8,0,2.142332024545579e-06,False,0,,1.943278467680586e-06
LOGISTIC,test-grid_interruption-01,TEST,490,4.9,0,2.142332024545579e-06,False,0,,1.943278467680586e-06
LOGISTIC,test-grid_interruption-01,TEST,500,5.0,0,2.142332024545579e-06,False,0,,1.943278467680586e-06
LOGISTIC,test-grid_interruption-01,TEST,510,5.1000000000000005,0,2.142332024545579e-06,False,0,,1.943278467680586e-06
LOGISTIC,test-grid_interruption-01,TEST,520,5.2,0,2.142332024545579e-06,False,0,,1.943278467680586e-06
LOGISTIC,test-grid_interruption-01,TEST,530,5.3,0,2.142332024545579e-06,False,0,,1.943278467680586e-06
LOGISTIC,test-grid_interruption-01,TEST,540,5.4,0,2.142332024545579e-06,False,0,,1.943278467680586e-06
LOGISTIC,test-grid_interruption-01,TEST,550,5.5,0,2.142332024545579e-06,False,0,,1.943278467680586e-06
LOGISTIC,test-grid_interruption-01,TEST,560,5.6000000000000005,0,2.142332024545579e-06,False,0,,1.943278467680586e-06
LOGISTIC,test-grid_interruption-01,TEST,570,5.7,0,2.142332024545579e-06,False,0,,1.943278467680586e-06
LOGISTIC,test-grid_interruption-01,TEST,580,5.8,0,2.142332024545579e-06,False,0,,1.943278467680586e-06
LOGISTIC,test-grid_interruption-01,TEST,590,5.9,0,2.142332024545579e-06,False,0,,1.943278467680586e-06
LOGISTIC,test-grid_interruption-01,TEST,600,6.0,0,2.142332024545579e-06,False,0,,1.943278467680586e-06
LOGISTIC,test-grid_interruption-01,TEST,610,6.1000000000000005,0,2.142332024545579e-06,False,0,,1.943278467680586e-06
LOGISTIC,test-grid_interruption-01,TEST,620,6.2,0,2.142332024545579e-06,False,0,,1.943278467680586e-06
LOGISTIC,test-grid_interruption-01,TEST,630,6.3,0,2.142332024545579e-06,False,0,,1.943278467680586e-06
LOGISTIC,test-grid_interruption-01,TEST,640,6.4,0,2.142332024545579e-06,False,0,,1.943278467680586e-06
LOGISTIC,test-grid_interruption-01,TEST,650,6.5,0,2.142332024545579e-06,False,0,,1.943278467680586e-06
LOGISTIC,test-grid_interruption-01,TEST,660,6.6000000000000005,0,2.142332024545579e-06,False,0,,1.943278467680586e-06
LOGISTIC,test-grid_interruption-01,TEST,670,6.7,0,2.142332024545579e-06,False,0,,1.943278467680586e-06
LOGISTIC,test-grid_interruption-01,TEST,680,6.8,0,2.142332024545579e-06,False,0,,1.943278467680586e-06
LOGISTIC,test-grid_interruption-01,TEST,690,6.9,0,2.142332024545579e-06,False,0,,1.943278467680586e-06
LOGISTIC,test-grid_interruption-01,TEST,700,7.0,0,2.142332024545579e-06,False,0,,1.943278467680586e-06
LOGISTIC,test-grid_interruption-01,TEST,710,7.1000000000000005,0,2.142332024545579e-06,False,0,,1.943278467680586e-06
LOGISTIC,test-grid_interruption-01,TEST,720,7.2,0,2.142332024545579e-06,False,0,,1.943278467680586e-06
LOGISTIC,test-grid_interruption-01,TEST,730,7.3,0,2.142332024545579e-06,False,0,,1.943278467680586e-06
LOGISTIC,test-grid_interruption-01,TEST,740,7.4,0,2.142332024545579e-06,False,0,,1.943278467680586e-06
LOGISTIC,test-grid_interruption-01,TEST,750,7.5,0,2.142332024545579e-06,False,0,,1.943278467680586e-06
LOGISTIC,test-grid_interruption-01,TEST,760,7.6000000000000005,0,2.142332024545579e-06,False,0,,1.943278467680586e-06
LOGISTIC,test-grid_interruption-01,TEST,770,7.7,0,2.142332024545579e-06,False,0,,1.943278467680586e-06
LOGISTIC,test-grid_interruption-01,TEST,780,7.8,0,2.142332024545579e-06,False,0,,1.943278467680586e-06
LOGISTIC,test-grid_interruption-01,TEST,790,7.9,0,2.142332024545579e-06,False,0,,1.943278467680586e-06
LOGISTIC,test-grid_interruption-01,TEST,800,8.0,0,2.142332024545579e-06,False,0,,1.943278467680586e-06
LOGISTIC,test-grid_interruption-01,TEST,810,8.1,0,2.142332024545579e-06,False,0,,1.943278467680586e-06
LOGISTIC,test-grid_interruption-01,TEST,820,8.2,0,2.142332024545579e-06,False,0,,1.943278467680586e-06
LOGISTIC,test-grid_interruption-01,TEST,830,8.3,0,2.142332024545579e-06,False,0,,1.943278467680586e-06
LOGISTIC,test-grid_interruption-01,TEST,840,8.4,0,2.142332024545579e-06,False,0,,1.943278467680586e-06
LOGISTIC,test-grid_interruption-01,TEST,850,8.5,0,2.142332024545579e-06,False,0,,1.943278467680586e-06
LOGISTIC,test-grid_interruption-01,TEST,860,8.6,0,2.142332024545579e-06,False,0,,1.943278467680586e-06
LOGISTIC,test-grid_interruption-01,TEST,870,8.700000000000001,0,2.142332024545579e-06,False,0,,1.943278467680586e-06
LOGISTIC,test-grid_interruption-01,TEST,880,8.8,0,2.142332024545579e-06,False,0,,1.943278467680586e-06
LOGISTIC,test-grid_interruption-01,TEST,890,8.9,0,2.142332024545579e-06,False,0,,1.943278467680586e-06
LOGISTIC,test-grid_interruption-01,TEST,900,9.0,0,2.142332024545579e-06,False,0,,1.943278467680586e-06
LOGISTIC,test-grid_interruption-01,TEST,910,9.1,0,2.142332024545579e-06,False,0,,1.943278467680586e-06
LOGISTIC,test-grid_interruption-01,TEST,920,9.200000000000001,0,2.142332024545579e-06,False,0,,1.943278467680586e-06
LOGISTIC,test-grid_interruption-01,TEST,930,9.3,0,2.142332024545579e-06,False,0,,1.943278467680586e-06
LOGISTIC,test-grid_interruption-01,TEST,940,9.4,0,2.142332024545579e-06,False,0,,1.943278467680586e-06
LOGISTIC,test-grid_interruption-01,TEST,950,9.5,0,2.142332024545579e-06,False,0,,1.943278467680586e-06
LOGISTIC,test-grid_interruption-01,TEST,960,9.6,0,2.142332024545579e-06,False,0,,1.943278467680586e-06
LOGISTIC,test-grid_interruption-01,TEST,970,9.700000000000001,0,2.142332024545579e-06,False,0,,1.943278467680586e-06
LOGISTIC,test-grid_interruption-01,TEST,980,9.8,0,2.142332024545579e-06,False,0,,1.943278467680586e-06
LOGISTIC,test-grid_interruption-01,TEST,990,9.9,0,2.142332024545579e-06,False,0,,1.943278467680586e-06
LOGISTIC,test-grid_interruption-01,TEST,1000,10.0,0,2.142332024545579e-06,False,0,,1.943278467680586e-06
LOGISTIC,test-grid_interruption-01,TEST,1010,10.1,0,2.142332024545579e-06,False,0,,1.943278467680586e-06
LOGISTIC,test-grid_interruption-01,TEST,1020,10.200000000000001,0,2.142332024545579e-06,False,0,,1.943278467680586e-06
LOGISTIC,test-grid_interruption-01,TEST,1030,10.3,0,2.142332024545579e-06,False,0,,1.943278467680586e-06
LOGISTIC,test-grid_interruption-01,TEST,1040,10.4,0,2.142332024545579e-06,False,0,,1.943278467680586e-06
LOGISTIC,test-grid_interruption-01,TEST,1050,10.5,0,2.142332024545579e-06,False,0,,1.943278467680586e-06
LOGISTIC,test-grid_interruption-01,TEST,1060,10.6,0,2.142332024545579e-06,False,0,,1.943278467680586e-06
LOGISTIC,test-grid_interruption-01,TEST,1070,10.700000000000001,0,2.142332024545579e-06,False,0,,1.943278467680586e-06
LOGISTIC,test-grid_interruption-01,TEST,1080,10.8,0,2.142332024545579e-06,False,0,,1.943278467680586e-06
LOGISTIC,test-grid_interruption-01,TEST,1090,10.9,0,2.142332024545579e-06,False,0,,1.943278467680586e-06
LOGISTIC,test-grid_interruption-01,TEST,1100,11.0,0,2.142332024545579e-06,False,0,,1.943278467680586e-06
LOGISTIC,test-grid_interruption-01,TEST,1110,11.1,0,2.142332024545579e-06,False,0,,1.943278467680586e-06
LOGISTIC,test-grid_interruption-01,TEST,1120,11.200000000000001,0,2.142332024545579e-06,False,0,,1.943278467680586e-06
LOGISTIC,test-grid_interruption-01,TEST,1130,11.3,0,2.142332024545579e-06,False,0,,1.943278467680586e-06
LOGISTIC,test-grid_interruption-01,TEST,1140,11.4,0,2.142332024545579e-06,False,0,,1.943278467680586e-06
LOGISTIC,test-grid_interruption-01,TEST,1150,11.5,0,2.142332024545579e-06,False,0,,1.943278467680586e-06
LOGISTIC,test-grid_interruption-01,TEST,1160,11.6,0,2.142332024545579e-06,False,0,,1.943278467680586e-06
LOGISTIC,test-grid_interruption-01,TEST,1170,11.700000000000001,0,2.142332024545579e-06,False,0,,1.943278467680586e-06
LOGISTIC,test-grid_interruption-01,TEST,1180,11.8,0,2.142332024545579e-06,False,0,,1.943278467680586e-06
LOGISTIC,test-grid_interruption-01,TEST,1190,11.9,0,2.142332024545579e-06,False,0,,1.943278467680586e-06
LOGISTIC,test-grid_interruption-01,TEST,1200,12.0,0,2.142332024545579e-06,False,0,,1.943278467680586e-06
LOGISTIC,test-grid_interruption-01,TEST,1210,12.1,0,2.142332024545579e-06,False,0,,1.943278467680586e-06
LOGISTIC,test-grid_interruption-01,TEST,1220,12.200000000000001,0,2.142332024545579e-06,False,0,,1.943278467680586e-06
LOGISTIC,test-grid_interruption-01,TEST,1230,12.3,0,2.142332024545579e-06,False,0,,1.943278467680586e-06
LOGISTIC,test-grid_interruption-01,TEST,1240,12.4,0,2.142332024545579e-06,False,0,,1.943278467680586e-06
LOGISTIC,test-grid_interruption-01,TEST,1250,12.5,0,2.142332024545579e-06,False,0,,1.943278467680586e-06
LOGISTIC,test-grid_interruption-01,TEST,1260,12.6,0,2.142332024545579e-06,False,0,,1.943278467680586e-06
LOGISTIC,test-grid_interruption-01,TEST,1270,12.700000000000001,0,2.142332024545579e-06,False,0,,1.943278467680586e-06
LOGISTIC,test-grid_interruption-01,TEST,1280,12.8,0,2.142332024545579e-06,False,0,,1.943278467680586e-06
LOGISTIC,test-grid_interruption-01,TEST,1290,12.9,0,2.142332024545579e-06,False,0,,1.943278467680586e-06
LOGISTIC,test-grid_interruption-01,TEST,1300,13.0,0,2.142332024545579e-06,False,0,,1.943278467680586e-06
LOGISTIC,test-grid_interruption-02,TEST,430,4.3,0,0.00010055302459870466,False,0,,1.943278467680586e-06
LOGISTIC,test-grid_interruption-02,TEST,440,4.4,0,2.5330940342128575e-05,False,0,,1.943278467680586e-06
LOGISTIC,test-grid_interruption-02,TEST,450,4.5,0,1.992768338845996e-05,False,0,,1.943278467680586e-06
LOGISTIC,test-grid_interruption-02,TEST,460,4.6000000000000005,0,7.949277609330295e-06,False,0,,1.943278467680586e-06
LOGISTIC,test-grid_interruption-02,TEST,470,4.7,0,4.725489203379191e-06,False,0,,1.943278467680586e-06
LOGISTIC,test-grid_interruption-02,TEST,480,4.8,0,8.414378212626773e-06,False,0,,1.943278467680586e-06
LOGISTIC,test-grid_interruption-02,TEST,490,4.9,0,9.374769021186165e-06,False,0,,1.943278467680586e-06
LOGISTIC,test-grid_interruption-02,TEST,500,5.0,0,7.686649694205196e-06,False,0,,1.943278467680586e-06
LOGISTIC,test-grid_interruption-02,TEST,510,5.1000000000000005,0,2.319776228486903e-05,False,0,,1.943278467680586e-06
LOGISTIC,test-grid_interruption-02,TEST,520,5.2,0,0.0011016275181778136,False,,,1.943278467680586e-06
LOGISTIC,test-grid_interruption-02,TEST,530,5.3,0,0.0010375103125270784,False,,,1.943278467680586e-06
LOGISTIC,test-grid_interruption-02,TEST,540,5.4,0,0.0011792374699539844,False,,,1.943278467680586e-06
LOGISTIC,test-grid_interruption-02,TEST,550,5.5,0,0.0023034960271932094,False,,,1.943278467680586e-06
LOGISTIC,test-grid_interruption-02,TEST,560,5.6000000000000005,0,0.0017163983128833413,False,,,1.943278467680586e-06
LOGISTIC,test-grid_interruption-02,TEST,570,5.7,0,0.0017422964929353067,False,,,1.943278467680586e-06
LOGISTIC,test-grid_interruption-02,TEST,580,5.8,0,0.0018717833287947231,False,,,1.943278467680586e-06
LOGISTIC,test-grid_interruption-02,TEST,590,5.9,0,0.002167347023103707,False,,,1.943278467680586e-06
LOGISTIC,test-grid_interruption-02,TEST,600,6.0,0,0.0003311890797507346,False,0,,1.943278467680586e-06
LOGISTIC,test-grid_interruption-02,TEST,610,6.1000000000000005,0,0.0011121600076226677,False,,,1.943278467680586e-06
LOGISTIC,test-grid_interruption-02,TEST,620,6.2,0,0.001179932185666128,False,,,1.943278467680586e-06
LOGISTIC,test-grid_interruption-02,TEST,630,6.3,0,0.0018961562289299015,False,,,1.943278467680586e-06
LOGISTIC,test-grid_interruption-02,TEST,640,6.4,0,0.004927289429235406,False,,,1.943278467680586e-06
LOGISTIC,test-grid_interruption-02,TEST,650,6.5,0,0.0013066198260301182,False,,,1.943278467680586e-06
LOGISTIC,test-grid_interruption-02,TEST,660,6.6000000000000005,0,0.00013809517565115546,False,0,,1.943278467680586e-06
LOGISTIC,test-grid_interruption-02,TEST,670,6.7,0,2.2571693744696158e-05,False,0,,1.943278467680586e-06
LOGISTIC,test-grid_interruption-02,TEST,680,6.8,0,5.341865919066505e-06,False,0,,1.943278467680586e-06
LOGISTIC,test-grid_interruption-02,TEST,690,6.9,0,4.6160943148989485e-06,False,0,,1.943278467680586e-06
LOGISTIC,test-grid_interruption-02,TEST,700,7.0,0,2.142332024545579e-06,False,0,,1.943278467680586e-06
LOGISTIC,test-grid_interruption-02,TEST,710,7.1000000000000005,0,2.142332024545579e-06,False,0,,1.943278467680586e-06
LOGISTIC,test-grid_interruption-02,TEST,720,7.2,0,2.142332024545579e-06,False,0,,1.943278467680586e-06
LOGISTIC,test-grid_interruption-02,TEST,730,7.3,0,2.142332024545579e-06,False,0,,1.943278467680586e-06
LOGISTIC,test-grid_interruption-02,TEST,740,7.4,0,2.142332024545579e-06,False,0,,1.943278467680586e-06
LOGISTIC,test-grid_interruption-02,TEST,750,7.5,0,2.142332024545579e-06,False,0,,1.943278467680586e-06
LOGISTIC,test-grid_interruption-02,TEST,760,7.6000000000000005,0,2.142332024545579e-06,False,0,,1.943278467680586e-06
LOGISTIC,test-grid_interruption-02,TEST,770,7.7,0,2.142332024545579e-06,False,0,,1.943278467680586e-06
LOGISTIC,test-grid_interruption-02,TEST,780,7.8,0,2.142332024545579e-06,False,0,,1.943278467680586e-06
LOGISTIC,test-grid_interruption-02,TEST,790,7.9,0,2.142332024545579e-06,False,0,,1.943278467680586e-06
LOGISTIC,test-grid_interruption-02,TEST,800,8.0,0,2.142332024545579e-06,False,0,,1.943278467680586e-06
LOGISTIC,test-grid_interruption-02,TEST,810,8.1,0,2.142332024545579e-06,False,0,,1.943278467680586e-06
LOGISTIC,test-grid_interruption-02,TEST,820,8.2,0,2.142332024545579e-06,False,0,,1.943278467680586e-06
LOGISTIC,test-grid_interruption-02,TEST,830,8.3,0,2.142332024545579e-06,False,0,,1.943278467680586e-06
LOGISTIC,test-grid_interruption-02,TEST,840,8.4,0,2.142332024545579e-06,False,0,,1.943278467680586e-06
LOGISTIC,test-grid_interruption-02,TEST,850,8.5,0,2.142332024545579e-06,False,0,,1.943278467680586e-06
LOGISTIC,test-grid_interruption-02,TEST,860,8.6,0,2.142332024545579e-06,False,0,,1.943278467680586e-06
LOGISTIC,test-grid_interruption-02,TEST,870,8.700000000000001,0,2.142332024545579e-06,False,0,,1.943278467680586e-06
LOGISTIC,test-grid_interruption-02,TEST,880,8.8,0,2.142332024545579e-06,False,0,,1.943278467680586e-06
LOGISTIC,test-grid_interruption-02,TEST,890,8.9,0,2.142332024545579e-06,False,0,,1.943278467680586e-06
LOGISTIC,test-grid_interruption-02,TEST,900,9.0,0,2.142332024545579e-06,False,0,,1.943278467680586e-06
LOGISTIC,test-grid_interruption-02,TEST,910,9.1,0,2.142332024545579e-06,False,0,,1.943278467680586e-06
LOGISTIC,test-grid_interruption-02,TEST,920,9.200000000000001,0,2.142332024545579e-06,False,0,,1.943278467680586e-06
LOGISTIC,test-grid_interruption-02,TEST,930,9.3,0,2.142332024545579e-06,False,0,,1.943278467680586e-06
LOGISTIC,test-grid_interruption-02,TEST,940,9.4,0,2.142332024545579e-06,False,0,,1.943278467680586e-06
LOGISTIC,test-grid_interruption-02,TEST,950,9.5,0,2.142332024545579e-06,False,0,,1.943278467680586e-06
LOGISTIC,test-grid_interruption-02,TEST,960,9.6,0,2.142332024545579e-06,False,0,,1.943278467680586e-06
LOGISTIC,test-grid_interruption-02,TEST,970,9.700000000000001,0,2.142332024545579e-06,False,0,,1.943278467680586e-06
LOGISTIC,test-grid_interruption-02,TEST,980,9.8,0,2.142332024545579e-06,False,0,,1.943278467680586e-06
LOGISTIC,test-grid_interruption-02,TEST,990,9.9,0,2.142332024545579e-06,False,0,,1.943278467680586e-06
LOGISTIC,test-grid_interruption-02,TEST,1000,10.0,0,2.142332024545579e-06,False,0,,1.943278467680586e-06
LOGISTIC,test-grid_interruption-02,TEST,1010,10.1,0,2.142332024545579e-06,False,0,,1.943278467680586e-06
LOGISTIC,test-grid_interruption-02,TEST,1020,10.200000000000001,0,2.142332024545579e-06,False,0,,1.943278467680586e-06
LOGISTIC,test-grid_interruption-02,TEST,1030,10.3,0,2.142332024545579e-06,False,0,,1.943278467680586e-06
LOGISTIC,test-grid_interruption-02,TEST,1040,10.4,0,2.142332024545579e-06,False,0,,1.943278467680586e-06
LOGISTIC,test-grid_interruption-02,TEST,1050,10.5,0,2.142332024545579e-06,False,0,,1.943278467680586e-06
LOGISTIC,test-grid_interruption-02,TEST,1060,10.6,0,5.9086883802763494e-05,False,0,,1.943278467680586e-06
LOGISTIC,test-grid_interruption-02,TEST,1070,10.700000000000001,0,0.00011404087113960182,False,0,,1.943278467680586e-06
LOGISTIC,test-grid_interruption-02,TEST,1080,10.8,0,1.98388681127446e-05,False,0,,1.943278467680586e-06
LOGISTIC,test-grid_interruption-02,TEST,1090,10.9,0,1.4802059072781197e-05,False,0,,1.943278467680586e-06
LOGISTIC,test-grid_interruption-02,TEST,1100,11.0,0,8.915727046033099e-06,False,0,,1.943278467680586e-06
LOGISTIC,test-grid_interruption-02,TEST,1110,11.1,0,2.142332024545579e-06,False,0,,1.943278467680586e-06
LOGISTIC,test-grid_interruption-02,TEST,1120,11.200000000000001,0,4.385496271591489e-06,False,0,,1.943278467680586e-06
LOGISTIC,test-grid_interruption-02,TEST,1130,11.3,0,1.8193396244505703e-05,False,0,,1.943278467680586e-06
LOGISTIC,test-grid_interruption-02,TEST,1140,11.4,0,2.0708518623185835e-05,False,0,,1.943278467680586e-06
LOGISTIC,test-grid_interruption-02,TEST,1150,11.5,0,1.2932938666337252e-05,False,0,,1.943278467680586e-06
LOGISTIC,test-grid_interruption-02,TEST,1160,11.6,0,3.890921361121894e-06,False,0,,1.943278467680586e-06
LOGISTIC,test-grid_interruption-02,TEST,1170,11.700000000000001,0,3.1826022621342854e-06,False,0,,1.943278467680586e-06
LOGISTIC,test-grid_interruption-02,TEST,1180,11.8,0,2.6672249306657307e-06,False,0,,1.943278467680586e-06
LOGISTIC,test-grid_interruption-02,TEST,1190,11.9,0,3.902126101032544e-06,False,0,,1.943278467680586e-06
LOGISTIC,test-grid_interruption-02,TEST,1200,12.0,0,2.142332024545579e-06,False,0,,1.943278467680586e-06
LOGISTIC,test-grid_interruption-02,TEST,1210,12.1,0,2.142332024545579e-06,False,0,,1.943278467680586e-06
LOGISTIC,test-grid_interruption-02,TEST,1220,12.200000000000001,0,2.142332024545579e-06,False,0,,1.943278467680586e-06
LOGISTIC,test-grid_interruption-02,TEST,1230,12.3,0,2.142332024545579e-06,False,0,,1.943278467680586e-06
LOGISTIC,test-grid_interruption-02,TEST,1240,12.4,0,4.054088348533379e-06,False,0,,1.943278467680586e-06
LOGISTIC,test-grid_interruption-02,TEST,1250,12.5,0,0.00042981250575226744,False,0,,1.943278467680586e-06
LOGISTIC,test-grid_interruption-02,TEST,1260,12.6,0,0.0005349313722109311,False,0,,1.943278467680586e-06
LOGISTIC,test-grid_interruption-02,TEST,1270,12.700000000000001,0,0.0009832026304302042,False,,,1.943278467680586e-06
LOGISTIC,test-grid_interruption-02,TEST,1280,12.8,0,0.0008262558768918848,False,,,1.943278467680586e-06
LOGISTIC,test-grid_interruption-02,TEST,1290,12.9,0,2.1248618397023456e-05,False,0,,1.943278467680586e-06
LOGISTIC,test-grid_interruption-02,TEST,1300,13.0,0,2.1965542156491116e-05,False,0,,1.943278467680586e-06
LOGISTIC,test-grid_interruption-03,TEST,430,4.3,1,0.9997267005388977,True,1,7.01,1.943278467680586e-06
LOGISTIC,test-grid_interruption-03,TEST,440,4.4,1,0.9983525235111312,True,,7.01,1.943278467680586e-06
LOGISTIC,test-grid_interruption-03,TEST,450,4.5,1,0.9981007523048592,True,,7.01,1.943278467680586e-06
LOGISTIC,test-grid_interruption-03,TEST,460,4.6000000000000005,1,0.9990241186502734,True,,7.01,1.943278467680586e-06
LOGISTIC,test-grid_interruption-03,TEST,470,4.7,1,0.9995816619879225,True,1,7.01,1.943278467680586e-06
LOGISTIC,test-grid_interruption-03,TEST,480,4.8,1,0.9995668329438849,True,1,7.01,1.943278467680586e-06
LOGISTIC,test-grid_interruption-03,TEST,490,4.9,1,0.999173028888231,True,,7.01,1.943278467680586e-06
LOGISTIC,test-grid_interruption-03,TEST,500,5.0,1,0.9988319734810444,True,,7.01,1.943278467680586e-06
LOGISTIC,test-grid_interruption-03,TEST,510,5.1000000000000005,1,0.9989805793451589,True,,7.01,1.943278467680586e-06
LOGISTIC,test-grid_interruption-03,TEST,520,5.2,1,0.9991221572444388,True,,7.01,1.943278467680586e-06
LOGISTIC,test-grid_interruption-03,TEST,530,5.3,1,0.9997297767321228,True,1,7.01,1.943278467680586e-06
LOGISTIC,test-grid_interruption-03,TEST,540,5.4,1,0.9999144921439641,True,1,7.01,1.943278467680586e-06
LOGISTIC,test-grid_interruption-03,TEST,550,5.5,1,0.9999293216130792,True,1,7.01,1.943278467680586e-06
LOGISTIC,test-grid_interruption-03,TEST,560,5.6000000000000005,1,0.9999534899974621,True,1,7.01,1.943278467680586e-06
LOGISTIC,test-grid_interruption-03,TEST,570,5.7,1,0.9999433350298571,True,1,7.01,1.943278467680586e-06
LOGISTIC,test-grid_interruption-03,TEST,580,5.8,1,0.9999797565994455,True,1,7.01,1.943278467680586e-06
LOGISTIC,test-grid_interruption-03,TEST,590,5.9,1,0.9999906955590008,True,1,7.01,1.943278467680586e-06
LOGISTIC,test-grid_interruption-03,TEST,600,6.0,1,0.9999964891990069,True,1,7.01,1.943278467680586e-06
LOGISTIC,test-grid_interruption-03,TEST,610,6.1000000000000005,1,0.9999997787554179,True,1,7.01,1.943278467680586e-06
LOGISTIC,test-grid_interruption-03,TEST,620,6.2,1,0.9999948909710726,True,1,7.01,1.943278467680586e-06
LOGISTIC,test-grid_interruption-03,TEST,630,6.3,1,0.9999702715352794,True,1,7.01,1.943278467680586e-06
LOGISTIC,test-grid_interruption-03,TEST,640,6.4,1,0.9999588328874038,True,1,7.01,1.943278467680586e-06
LOGISTIC,test-grid_interruption-03,TEST,650,6.5,1,0.9999373124701663,True,1,7.01,1.943278467680586e-06
LOGISTIC,test-grid_interruption-03,TEST,660,6.6000000000000005,1,0.999893453942431,True,1,7.01,1.943278467680586e-06
LOGISTIC,test-grid_interruption-03,TEST,670,6.7,1,0.9998402327504192,True,1,7.01,1.943278467680586e-06
LOGISTIC,test-grid_interruption-03,TEST,680,6.8,1,0.9999754380721099,True,1,7.01,1.943278467680586e-06
LOGISTIC,test-grid_interruption-03,TEST,690,6.9,1,0.9999973278916526,True,1,7.01,1.943278467680586e-06
LOGISTIC,test-grid_interruption-03,TEST,700,7.0,1,0.9999874159337617,True,1,7.01,1.943278467680586e-06
LOGISTIC,test-pump_trip-00,TEST,430,4.3,0,2.142332024545579e-06,False,0,,1.943278467680586e-06
LOGISTIC,test-pump_trip-00,TEST,440,4.4,0,2.142332024545579e-06,False,0,,1.943278467680586e-06
LOGISTIC,test-pump_trip-00,TEST,450,4.5,0,2.142332024545579e-06,False,0,,1.943278467680586e-06
LOGISTIC,test-pump_trip-00,TEST,460,4.6000000000000005,0,2.142332024545579e-06,False,0,,1.943278467680586e-06
LOGISTIC,test-pump_trip-00,TEST,470,4.7,0,2.142332024545579e-06,False,0,,1.943278467680586e-06
LOGISTIC,test-pump_trip-00,TEST,480,4.8,0,2.142332024545579e-06,False,0,,1.943278467680586e-06
LOGISTIC,test-pump_trip-00,TEST,490,4.9,0,2.142332024545579e-06,False,0,,1.943278467680586e-06
LOGISTIC,test-pump_trip-00,TEST,500,5.0,0,2.142332024545579e-06,False,0,,1.943278467680586e-06
LOGISTIC,test-pump_trip-00,TEST,510,5.1000000000000005,0,2.142332024545579e-06,False,0,,1.943278467680586e-06
LOGISTIC,test-pump_trip-00,TEST,520,5.2,0,2.142332024545579e-06,False,0,,1.943278467680586e-06
LOGISTIC,test-pump_trip-00,TEST,530,5.3,0,2.142332024545579e-06,False,0,,1.943278467680586e-06
LOGISTIC,test-pump_trip-00,TEST,540,5.4,0,2.142332024545579e-06,False,0,,1.943278467680586e-06
LOGISTIC,test-pump_trip-00,TEST,550,5.5,0,2.142332024545579e-06,False,0,,1.943278467680586e-06
LOGISTIC,test-pump_trip-00,TEST,560,5.6000000000000005,0,2.142332024545579e-06,False,0,,1.943278467680586e-06
LOGISTIC,test-pump_trip-00,TEST,570,5.7,0,2.142332024545579e-06,False,0,,1.943278467680586e-06
LOGISTIC,test-pump_trip-00,TEST,580,5.8,0,2.142332024545579e-06,False,0,,1.943278467680586e-06
LOGISTIC,test-pump_trip-00,TEST,590,5.9,0,2.142332024545579e-06,False,0,,1.943278467680586e-06
LOGISTIC,test-pump_trip-00,TEST,600,6.0,0,2.142332024545579e-06,False,0,,1.943278467680586e-06
LOGISTIC,test-pump_trip-00,TEST,610,6.1000000000000005,0,2.142332024545579e-06,False,0,,1.943278467680586e-06
LOGISTIC,test-pump_trip-00,TEST,620,6.2,0,2.142332024545579e-06,False,0,,1.943278467680586e-06
LOGISTIC,test-pump_trip-00,TEST,630,6.3,0,2.142332024545579e-06,False,0,,1.943278467680586e-06
LOGISTIC,test-pump_trip-00,TEST,640,6.4,0,2.142332024545579e-06,False,0,,1.943278467680586e-06
LOGISTIC,test-pump_trip-00,TEST,650,6.5,0,2.142332024545579e-06,False,0,,1.943278467680586e-06
LOGISTIC,test-pump_trip-00,TEST,660,6.6000000000000005,0,2.142332024545579e-06,False,0,,1.943278467680586e-06
LOGISTIC,test-pump_trip-00,TEST,670,6.7,0,2.142332024545579e-06,False,0,,1.943278467680586e-06
LOGISTIC,test-pump_trip-00,TEST,680,6.8,0,2.142332024545579e-06,False,0,,1.943278467680586e-06
LOGISTIC,test-pump_trip-00,TEST,690,6.9,0,2.142332024545579e-06,False,0,,1.943278467680586e-06
LOGISTIC,test-pump_trip-00,TEST,700,7.0,0,2.142332024545579e-06,False,0,,1.943278467680586e-06
LOGISTIC,test-pump_trip-00,TEST,710,7.1000000000000005,0,2.142332024545579e-06,False,0,,1.943278467680586e-06
LOGISTIC,test-pump_trip-00,TEST,720,7.2,0,2.142332024545579e-06,False,0,,1.943278467680586e-06
LOGISTIC,test-pump_trip-00,TEST,730,7.3,0,2.142332024545579e-06,False,0,,1.943278467680586e-06
LOGISTIC,test-pump_trip-00,TEST,740,7.4,0,2.142332024545579e-06,False,0,,1.943278467680586e-06
LOGISTIC,test-pump_trip-00,TEST,750,7.5,0,2.142332024545579e-06,False,0,,1.943278467680586e-06
LOGISTIC,test-pump_trip-00,TEST,760,7.6000000000000005,0,2.142332024545579e-06,False,0,,1.943278467680586e-06
LOGISTIC,test-pump_trip-00,TEST,770,7.7,0,2.142332024545579e-06,False,0,,1.943278467680586e-06
LOGISTIC,test-pump_trip-00,TEST,780,7.8,0,2.142332024545579e-06,False,0,,1.943278467680586e-06
LOGISTIC,test-pump_trip-00,TEST,790,7.9,0,2.142332024545579e-06,False,0,,1.943278467680586e-06
LOGISTIC,test-pump_trip-00,TEST,800,8.0,0,2.142332024545579e-06,False,0,,1.943278467680586e-06
LOGISTIC,test-pump_trip-00,TEST,810,8.1,0,2.142332024545579e-06,False,0,,1.943278467680586e-06
LOGISTIC,test-pump_trip-00,TEST,820,8.2,0,2.142332024545579e-06,False,0,,1.943278467680586e-06
LOGISTIC,test-pump_trip-00,TEST,830,8.3,0,2.142332024545579e-06,False,0,,1.943278467680586e-06
LOGISTIC,test-pump_trip-00,TEST,840,8.4,0,2.142332024545579e-06,False,0,,1.943278467680586e-06
LOGISTIC,test-pump_trip-00,TEST,850,8.5,0,2.142332024545579e-06,False,0,,1.943278467680586e-06
LOGISTIC,test-pump_trip-00,TEST,860,8.6,0,2.142332024545579e-06,False,0,,1.943278467680586e-06
LOGISTIC,test-pump_trip-00,TEST,870,8.700000000000001,0,2.142332024545579e-06,False,0,,1.943278467680586e-06
LOGISTIC,test-pump_trip-00,TEST,880,8.8,0,2.142332024545579e-06,False,0,,1.943278467680586e-06
LOGISTIC,test-pump_trip-00,TEST,890,8.9,0,2.142332024545579e-06,False,0,,1.943278467680586e-06
LOGISTIC,test-pump_trip-00,TEST,900,9.0,0,2.142332024545579e-06,False,0,,1.943278467680586e-06
LOGISTIC,test-pump_trip-00,TEST,910,9.1,0,2.142332024545579e-06,False,0,,1.943278467680586e-06
LOGISTIC,test-pump_trip-00,TEST,920,9.200000000000001,0,2.142332024545579e-06,False,0,,1.943278467680586e-06
LOGISTIC,test-pump_trip-00,TEST,930,9.3,0,2.142332024545579e-06,False,0,,1.943278467680586e-06
LOGISTIC,test-pump_trip-00,TEST,940,9.4,0,2.142332024545579e-06,False,0,,1.943278467680586e-06
LOGISTIC,test-pump_trip-00,TEST,950,9.5,0,2.142332024545579e-06,False,0,,1.943278467680586e-06
LOGISTIC,test-pump_trip-00,TEST,960,9.6,0,2.142332024545579e-06,False,0,,1.943278467680586e-06
LOGISTIC,test-pump_trip-00,TEST,970,9.700000000000001,0,2.142332024545579e-06,False,0,,1.943278467680586e-06
LOGISTIC,test-pump_trip-00,TEST,980,9.8,0,2.142332024545579e-06,False,0,,1.943278467680586e-06
LOGISTIC,test-pump_trip-00,TEST,990,9.9,0,2.142332024545579e-06,False,0,,1.943278467680586e-06
LOGISTIC,test-pump_trip-00,TEST,1000,10.0,0,2.142332024545579e-06,False,0,,1.943278467680586e-06
LOGISTIC,test-pump_trip-00,TEST,1010,10.1,0,2.142332024545579e-06,False,0,,1.943278467680586e-06
LOGISTIC,test-pump_trip-00,TEST,1020,10.200000000000001,0,2.142332024545579e-06,False,0,,1.943278467680586e-06
LOGISTIC,test-pump_trip-00,TEST,1030,10.3,0,2.142332024545579e-06,False,0,,1.943278467680586e-06
LOGISTIC,test-pump_trip-00,TEST,1040,10.4,0,2.142332024545579e-06,False,0,,1.943278467680586e-06
LOGISTIC,test-pump_trip-00,TEST,1050,10.5,0,2.142332024545579e-06,False,0,,1.943278467680586e-06
LOGISTIC,test-pump_trip-00,TEST,1060,10.6,0,2.142332024545579e-06,False,0,,1.943278467680586e-06
LOGISTIC,test-pump_trip-00,TEST,1070,10.700000000000001,0,2.142332024545579e-06,False,0,,1.943278467680586e-06
LOGISTIC,test-pump_trip-00,TEST,1080,10.8,0,2.142332024545579e-06,False,0,,1.943278467680586e-06
LOGISTIC,test-pump_trip-00,TEST,1090,10.9,0,2.142332024545579e-06,False,0,,1.943278467680586e-06
LOGISTIC,test-pump_trip-00,TEST,1100,11.0,0,2.142332024545579e-06,False,0,,1.943278467680586e-06
LOGISTIC,test-pump_trip-00,TEST,1110,11.1,0,2.142332024545579e-06,False,0,,1.943278467680586e-06
LOGISTIC,test-pump_trip-00,TEST,1120,11.200000000000001,0,2.142332024545579e-06,False,0,,1.943278467680586e-06
LOGISTIC,test-pump_trip-00,TEST,1130,11.3,0,2.142332024545579e-06,False,0,,1.943278467680586e-06
LOGISTIC,test-pump_trip-00,TEST,1140,11.4,0,2.142332024545579e-06,False,0,,1.943278467680586e-06
LOGISTIC,test-pump_trip-00,TEST,1150,11.5,0,2.142332024545579e-06,False,0,,1.943278467680586e-06
LOGISTIC,test-pump_trip-00,TEST,1160,11.6,0,2.142332024545579e-06,False,0,,1.943278467680586e-06
LOGISTIC,test-pump_trip-00,TEST,1170,11.700000000000001,0,2.142332024545579e-06,False,0,,1.943278467680586e-06
LOGISTIC,test-pump_trip-00,TEST,1180,11.8,0,2.142332024545579e-06,False,0,,1.943278467680586e-06
LOGISTIC,test-pump_trip-00,TEST,1190,11.9,0,2.142332024545579e-06,False,0,,1.943278467680586e-06
LOGISTIC,test-pump_trip-00,TEST,1200,12.0,0,2.142332024545579e-06,False,0,,1.943278467680586e-06
LOGISTIC,test-pump_trip-00,TEST,1210,12.1,0,2.142332024545579e-06,False,0,,1.943278467680586e-06
LOGISTIC,test-pump_trip-00,TEST,1220,12.200000000000001,0,2.142332024545579e-06,False,0,,1.943278467680586e-06
LOGISTIC,test-pump_trip-00,TEST,1230,12.3,0,2.142332024545579e-06,False,0,,1.943278467680586e-06
LOGISTIC,test-pump_trip-00,TEST,1240,12.4,0,2.142332024545579e-06,False,0,,1.943278467680586e-06
LOGISTIC,test-pump_trip-00,TEST,1250,12.5,0,2.142332024545579e-06,False,0,,1.943278467680586e-06
LOGISTIC,test-pump_trip-00,TEST,1260,12.6,0,2.142332024545579e-06,False,0,,1.943278467680586e-06
LOGISTIC,test-pump_trip-00,TEST,1270,12.700000000000001,0,2.142332024545579e-06,False,0,,1.943278467680586e-06
LOGISTIC,test-pump_trip-00,TEST,1280,12.8,0,2.142332024545579e-06,False,0,,1.943278467680586e-06
LOGISTIC,test-pump_trip-00,TEST,1290,12.9,0,2.142332024545579e-06,False,0,,1.943278467680586e-06
LOGISTIC,test-pump_trip-00,TEST,1300,13.0,0,2.142332024545579e-06,False,0,,1.943278467680586e-06
LOGISTIC,test-pump_trip-01,TEST,430,4.3,0,0.011526656857644901,False,,,1.943278467680586e-06
LOGISTIC,test-pump_trip-01,TEST,440,4.4,0,0.012154523255838113,False,,,1.943278467680586e-06
LOGISTIC,test-pump_trip-01,TEST,450,4.5,0,0.013646030457465414,False,,,1.943278467680586e-06
LOGISTIC,test-pump_trip-01,TEST,460,4.6000000000000005,0,0.025907295263921715,False,,,1.943278467680586e-06
LOGISTIC,test-pump_trip-01,TEST,470,4.7,0,0.036530962519115015,False,,,1.943278467680586e-06
LOGISTIC,test-pump_trip-01,TEST,480,4.8,0,0.014998438561461143,False,,,1.943278467680586e-06
LOGISTIC,test-pump_trip-01,TEST,490,4.9,0,0.011650712909061082,False,,,1.943278467680586e-06
LOGISTIC,test-pump_trip-01,TEST,500,5.0,0,0.0072814399496344195,False,,,1.943278467680586e-06
LOGISTIC,test-pump_trip-01,TEST,510,5.1000000000000005,0,0.0015133880689746934,False,,,1.943278467680586e-06
LOGISTIC,test-pump_trip-01,TEST,520,5.2,0,0.0003389264959073623,False,0,,1.943278467680586e-06
LOGISTIC,test-pump_trip-01,TEST,530,5.3,0,7.290625373619964e-05,False,0,,1.943278467680586e-06
LOGISTIC,test-pump_trip-01,TEST,540,5.4,0,1.6677895942906453e-05,False,0,,1.943278467680586e-06
LOGISTIC,test-pump_trip-01,TEST,550,5.5,0,2.1649758109885136e-05,False,0,,1.943278467680586e-06
LOGISTIC,test-pump_trip-01,TEST,560,5.6000000000000005,0,4.1424755508735395e-05,False,0,,1.943278467680586e-06
LOGISTIC,test-pump_trip-01,TEST,570,5.7,0,2.142332024545579e-06,False,0,,1.943278467680586e-06
LOGISTIC,test-pump_trip-01,TEST,580,5.8,0,0.0004308257435588492,False,0,,1.943278467680586e-06
LOGISTIC,test-pump_trip-01,TEST,590,5.9,0,0.0004830412118029328,False,0,,1.943278467680586e-06
LOGISTIC,test-pump_trip-01,TEST,600,6.0,0,0.00020785777071446278,False,0,,1.943278467680586e-06
LOGISTIC,test-pump_trip-01,TEST,610,6.1000000000000005,0,0.0008063589197517878,False,,,1.943278467680586e-06
LOGISTIC,test-pump_trip-01,TEST,620,6.2,0,0.0006788696021489429,False,,,1.943278467680586e-06
LOGISTIC,test-pump_trip-01,TEST,630,6.3,0,6.217933389294299e-05,False,0,,1.943278467680586e-06
LOGISTIC,test-pump_trip-01,TEST,640,6.4,0,5.2040331767646745e-05,False,0,,1.943278467680586e-06
LOGISTIC,test-pump_trip-01,TEST,650,6.5,0,2.779979634077519e-05,False,0,,1.943278467680586e-06
LOGISTIC,test-pump_trip-01,TEST,660,6.6000000000000005,0,0.0041397740216764425,False,,,1.943278467680586e-06
LOGISTIC,test-pump_trip-01,TEST,670,6.7,0,0.0016297806881235037,False,,,1.943278467680586e-06
LOGISTIC,test-pump_trip-01,TEST,680,6.8,0,0.0029294981931180823,False,,,1.943278467680586e-06
LOGISTIC,test-pump_trip-01,TEST,690,6.9,0,0.005048247837266909,False,,,1.943278467680586e-06
LOGISTIC,test-pump_trip-01,TEST,700,7.0,0,0.0035799816346936035,False,,,1.943278467680586e-06
LOGISTIC,test-pump_trip-01,TEST,710,7.1000000000000005,0,6.872397454487051e-06,False,0,,1.943278467680586e-06
LOGISTIC,test-pump_trip-01,TEST,720,7.2,0,2.7763720780244627e-06,False,0,,1.943278467680586e-06
LOGISTIC,test-pump_trip-01,TEST,730,7.3,0,2.142332024545579e-06,False,0,,1.943278467680586e-06
LOGISTIC,test-pump_trip-01,TEST,740,7.4,0,2.142332024545579e-06,False,0,,1.943278467680586e-06
LOGISTIC,test-pump_trip-01,TEST,750,7.5,0,2.142332024545579e-06,False,0,,1.943278467680586e-06
LOGISTIC,test-pump_trip-01,TEST,760,7.6000000000000005,0,2.142332024545579e-06,False,0,,1.943278467680586e-06
LOGISTIC,test-pump_trip-01,TEST,770,7.7,0,2.142332024545579e-06,False,0,,1.943278467680586e-06
LOGISTIC,test-pump_trip-01,TEST,780,7.8,0,5.261537404443961e-05,False,0,,1.943278467680586e-06
LOGISTIC,test-pump_trip-01,TEST,790,7.9,0,0.0007276160500510414,False,,,1.943278467680586e-06
LOGISTIC,test-pump_trip-01,TEST,800,8.0,0,0.0007013993982989673,False,,,1.943278467680586e-06
LOGISTIC,test-pump_trip-01,TEST,810,8.1,0,0.0007085180727869808,False,,,1.943278467680586e-06
LOGISTIC,test-pump_trip-01,TEST,820,8.2,0,0.0001734554677928091,False,0,,1.943278467680586e-06
LOGISTIC,test-pump_trip-01,TEST,830,8.3,0,8.241034709230015e-06,False,0,,1.943278467680586e-06
LOGISTIC,test-pump_trip-01,TEST,840,8.4,0,2.142332024545579e-06,False,0,,1.943278467680586e-06
LOGISTIC,test-pump_trip-01,TEST,850,8.5,0,3.475932888676431e-06,False,0,,1.943278467680586e-06
LOGISTIC,test-pump_trip-01,TEST,860,8.6,0,3.965372417070268e-06,False,0,,1.943278467680586e-06
LOGISTIC,test-pump_trip-01,TEST,870,8.700000000000001,0,4.77258826273197e-06,False,0,,1.943278467680586e-06
LOGISTIC,test-pump_trip-01,TEST,880,8.8,0,1.266917116627248e-05,False,0,,1.943278467680586e-06
LOGISTIC,test-pump_trip-01,TEST,890,8.9,0,1.628591541603342e-05,False,0,,1.943278467680586e-06
LOGISTIC,test-pump_trip-01,TEST,900,9.0,0,1.2644199339670023e-05,False,0,,1.943278467680586e-06
LOGISTIC,test-pump_trip-01,TEST,910,9.1,0,1.0770578198292935e-05,False,0,,1.943278467680586e-06
LOGISTIC,test-pump_trip-01,TEST,920,9.200000000000001,0,8.50081177039958e-06,False,0,,1.943278467680586e-06
LOGISTIC,test-pump_trip-01,TEST,930,9.3,0,3.904486962002929e-06,False,0,,1.943278467680586e-06
LOGISTIC,test-pump_trip-01,TEST,940,9.4,0,2.142332024545579e-06,False,0,,1.943278467680586e-06
LOGISTIC,test-pump_trip-01,TEST,950,9.5,0,5.571910720206282e-06,False,0,,1.943278467680586e-06
LOGISTIC,test-pump_trip-01,TEST,960,9.6,0,0.0005072438683343786,False,0,,1.943278467680586e-06
LOGISTIC,test-pump_trip-01,TEST,970,9.700000000000001,0,0.00011096539072690556,False,0,,1.943278467680586e-06
LOGISTIC,test-pump_trip-01,TEST,980,9.8,0,4.765914486217631e-05,False,0,,1.943278467680586e-06
LOGISTIC,test-pump_trip-01,TEST,990,9.9,0,1.7689269058259653e-05,False,0,,1.943278467680586e-06
LOGISTIC,test-pump_trip-01,TEST,1000,10.0,0,4.451694525997602e-05,False,0,,1.943278467680586e-06
LOGISTIC,test-pump_trip-01,TEST,1010,10.1,0,2.142332024545579e-06,False,0,,1.943278467680586e-06
LOGISTIC,test-pump_trip-01,TEST,1020,10.200000000000001,0,2.142332024545579e-06,False,0,,1.943278467680586e-06
LOGISTIC,test-pump_trip-01,TEST,1030,10.3,0,2.142332024545579e-06,False,0,,1.943278467680586e-06
LOGISTIC,test-pump_trip-01,TEST,1040,10.4,0,4.547258737662594e-06,False,0,,1.943278467680586e-06
LOGISTIC,test-pump_trip-01,TEST,1050,10.5,0,5.766342050887667e-06,False,0,,1.943278467680586e-06
LOGISTIC,test-pump_trip-01,TEST,1060,10.6,0,0.00015930595356609685,False,0,,1.943278467680586e-06
LOGISTIC,test-pump_trip-01,TEST,1070,10.700000000000001,0,0.00010827251012109411,False,0,,1.943278467680586e-06
LOGISTIC,test-pump_trip-01,TEST,1080,10.8,0,0.0003200853833559182,False,0,,1.943278467680586e-06
LOGISTIC,test-pump_trip-01,TEST,1090,10.9,0,0.00023485478757770924,False,0,,1.943278467680586e-06
LOGISTIC,test-pump_trip-01,TEST,1100,11.0,0,8.81794456791894e-06,False,0,,1.943278467680586e-06
LOGISTIC,test-pump_trip-01,TEST,1110,11.1,0,5.1264229292763684e-06,False,0,,1.943278467680586e-06
LOGISTIC,test-pump_trip-01,TEST,1120,11.200000000000001,0,2.506191067143383e-06,False,0,,1.943278467680586e-06
LOGISTIC,test-pump_trip-01,TEST,1130,11.3,0,6.834858043699399e-06,False,0,,1.943278467680586e-06
LOGISTIC,test-pump_trip-01,TEST,1140,11.4,0,6.2818376463842964e-06,False,0,,1.943278467680586e-06
LOGISTIC,test-pump_trip-01,TEST,1150,11.5,0,3.8184260155152135e-06,False,0,,1.943278467680586e-06
LOGISTIC,test-pump_trip-01,TEST,1160,11.6,0,5.4095461523150795e-06,False,0,,1.943278467680586e-06
LOGISTIC,test-pump_trip-01,TEST,1170,11.700000000000001,0,5.073158894967949e-06,False,0,,1.943278467680586e-06
LOGISTIC,test-pump_trip-01,TEST,1180,11.8,0,8.306193993306605e-06,False,0,,1.943278467680586e-06
LOGISTIC,test-pump_trip-01,TEST,1190,11.9,0,5.808920438161454e-06,False,0,,1.943278467680586e-06
LOGISTIC,test-pump_trip-01,TEST,1200,12.0,0,7.551863985735587e-06,False,0,,1.943278467680586e-06
LOGISTIC,test-pump_trip-01,TEST,1210,12.1,0,6.396475612165037e-06,False,0,,1.943278467680586e-06
LOGISTIC,test-pump_trip-01,TEST,1220,12.200000000000001,0,7.660671635886873e-06,False,0,,1.943278467680586e-06
LOGISTIC,test-pump_trip-01,TEST,1230,12.3,0,3.6601873135895224e-06,False,0,,1.943278467680586e-06
LOGISTIC,test-pump_trip-01,TEST,1240,12.4,0,2.142332024545579e-06,False,0,,1.943278467680586e-06
LOGISTIC,test-pump_trip-01,TEST,1250,12.5,0,3.4068487868313703e-06,False,0,,1.943278467680586e-06
LOGISTIC,test-pump_trip-01,TEST,1260,12.6,0,2.2643953295475684e-05,False,0,,1.943278467680586e-06
LOGISTIC,test-pump_trip-01,TEST,1270,12.700000000000001,0,4.2469685934484616e-05,False,0,,1.943278467680586e-06
LOGISTIC,test-pump_trip-01,TEST,1280,12.8,0,3.689009104092546e-05,False,0,,1.943278467680586e-06
LOGISTIC,test-pump_trip-01,TEST,1290,12.9,0,3.092581964189168e-05,False,0,,1.943278467680586e-06
LOGISTIC,test-pump_trip-01,TEST,1300,13.0,0,8.925779805660419e-06,False,0,,1.943278467680586e-06
LOGISTIC,test-pump_trip-02,TEST,430,4.3,0,0.03223104460962325,False,,,1.943278467680586e-06
LOGISTIC,test-pump_trip-02,TEST,440,4.4,0,0.08495752286774594,False,,,1.943278467680586e-06
LOGISTIC,test-pump_trip-02,TEST,450,4.5,0,0.11776431390197889,False,,,1.943278467680586e-06
LOGISTIC,test-pump_trip-02,TEST,460,4.6000000000000005,0,0.12188929990368422,False,,,1.943278467680586e-06
LOGISTIC,test-pump_trip-02,TEST,470,4.7,0,0.12659345043019157,False,,,1.943278467680586e-06
LOGISTIC,test-pump_trip-02,TEST,480,4.8,0,0.09495376120997619,False,,,1.943278467680586e-06
LOGISTIC,test-pump_trip-02,TEST,490,4.9,0,0.14302808402168724,False,,,1.943278467680586e-06
LOGISTIC,test-pump_trip-02,TEST,500,5.0,0,0.15970333832672692,False,,,1.943278467680586e-06
LOGISTIC,test-pump_trip-02,TEST,510,5.1000000000000005,0,0.16404773880910545,False,,,1.943278467680586e-06
LOGISTIC,test-pump_trip-02,TEST,520,5.2,0,0.25298171227547317,False,,,1.943278467680586e-06
LOGISTIC,test-pump_trip-02,TEST,530,5.3,0,0.38341300030550074,False,,,1.943278467680586e-06
LOGISTIC,test-pump_trip-02,TEST,540,5.4,0,0.47389710988522404,False,,,1.943278467680586e-06
LOGISTIC,test-pump_trip-02,TEST,550,5.5,0,0.519419114011338,True,,,1.943278467680586e-06
LOGISTIC,test-pump_trip-02,TEST,560,5.6000000000000005,0,0.5299719892431087,True,,,1.943278467680586e-06
LOGISTIC,test-pump_trip-02,TEST,570,5.7,0,0.34713237179694306,False,,,1.943278467680586e-06
LOGISTIC,test-pump_trip-02,TEST,580,5.8,0,0.06706547891253954,False,,,1.943278467680586e-06
LOGISTIC,test-pump_trip-02,TEST,590,5.9,0,0.005159499997611987,False,,,1.943278467680586e-06
LOGISTIC,test-pump_trip-02,TEST,600,6.0,0,0.0009892447696020167,False,,,1.943278467680586e-06
LOGISTIC,test-pump_trip-02,TEST,610,6.1000000000000005,0,0.015607341364179768,False,,,1.943278467680586e-06
LOGISTIC,test-pump_trip-02,TEST,620,6.2,0,0.01596209533722069,False,,,1.943278467680586e-06
LOGISTIC,test-pump_trip-02,TEST,630,6.3,0,0.016616967980984214,False,,,1.943278467680586e-06
LOGISTIC,test-pump_trip-02,TEST,640,6.4,0,0.00395220083939551,False,,,1.943278467680586e-06
LOGISTIC,test-pump_trip-02,TEST,650,6.5,0,0.0012118953982879195,False,,,1.943278467680586e-06
LOGISTIC,test-pump_trip-02,TEST,660,6.6000000000000005,0,0.001127439282401797,False,,,1.943278467680586e-06
LOGISTIC,test-pump_trip-02,TEST,670,6.7,0,0.0011674959228381808,False,,,1.943278467680586e-06
LOGISTIC,test-pump_trip-02,TEST,680,6.8,0,0.0008491587254563449,False,,,1.943278467680586e-06
LOGISTIC,test-pump_trip-02,TEST,690,6.9,0,0.0009359435917331041,False,,,1.943278467680586e-06
LOGISTIC,test-pump_trip-02,TEST,700,7.0,0,0.001248872352940435,False,,,1.943278467680586e-06
LOGISTIC,test-pump_trip-02,TEST,710,7.1000000000000005,0,1.822958262057407e-05,False,0,,1.943278467680586e-06
LOGISTIC,test-pump_trip-02,TEST,720,7.2,0,1.0832259372588952e-05,False,0,,1.943278467680586e-06
LOGISTIC,test-pump_trip-02,TEST,730,7.3,0,9.442272481628319e-06,False,0,,1.943278467680586e-06
LOGISTIC,test-pump_trip-02,TEST,740,7.4,0,9.64209470124295e-06,False,0,,1.943278467680586e-06
LOGISTIC,test-pump_trip-02,TEST,750,7.5,0,3.637247604160014e-05,False,0,,1.943278467680586e-06
LOGISTIC,test-pump_trip-02,TEST,760,7.6000000000000005,0,9.866283849061915e-05,False,0,,1.943278467680586e-06
LOGISTIC,test-pump_trip-02,TEST,770,7.7,0,0.00012158142061877896,False,0,,1.943278467680586e-06
LOGISTIC,test-pump_trip-02,TEST,780,7.8,0,3.2807803797383734e-05,False,0,,1.943278467680586e-06
LOGISTIC,test-pump_trip-02,TEST,790,7.9,0,4.2759559633974955e-06,False,0,,1.943278467680586e-06
LOGISTIC,test-pump_trip-02,TEST,800,8.0,0,6.400973237699766e-06,False,0,,1.943278467680586e-06
LOGISTIC,test-pump_trip-02,TEST,810,8.1,0,5.425760320569673e-06,False,0,,1.943278467680586e-06
LOGISTIC,test-pump_trip-02,TEST,820,8.2,0,5.2326801962571495e-06,False,0,,1.943278467680586e-06
LOGISTIC,test-pump_trip-02,TEST,830,8.3,0,2.834183175909327e-06,False,0,,1.943278467680586e-06
LOGISTIC,test-pump_trip-02,TEST,840,8.4,0,2.142332024545579e-06,False,0,,1.943278467680586e-06
LOGISTIC,test-pump_trip-02,TEST,850,8.5,0,3.332563100340408e-06,False,0,,1.943278467680586e-06
LOGISTIC,test-pump_trip-02,TEST,860,8.6,0,5.6048150384088045e-05,False,0,,1.943278467680586e-06
LOGISTIC,test-pump_trip-02,TEST,870,8.700000000000001,0,6.194989974522667e-05,False,0,,1.943278467680586e-06
LOGISTIC,test-pump_trip-02,TEST,880,8.8,0,5.9483485225868694e-05,False,0,,1.943278467680586e-06
LOGISTIC,test-pump_trip-02,TEST,890,8.9,0,9.223889885271515e-05,False,0,,1.943278467680586e-06
LOGISTIC,test-pump_trip-02,TEST,900,9.0,0,1.5488482650484427e-05,False,0,,1.943278467680586e-06
LOGISTIC,test-pump_trip-02,TEST,910,9.1,0,8.666333261328505e-06,False,0,,1.943278467680586e-06
LOGISTIC,test-pump_trip-02,TEST,920,9.200000000000001,0,9.889639163526818e-06,False,0,,1.943278467680586e-06
LOGISTIC,test-pump_trip-02,TEST,930,9.3,0,5.957893159706217e-06,False,0,,1.943278467680586e-06
LOGISTIC,test-pump_trip-02,TEST,940,9.4,0,4.6115456001339795e-06,False,0,,1.943278467680586e-06
LOGISTIC,test-pump_trip-02,TEST,950,9.5,0,1.2013766698549829e-05,False,0,,1.943278467680586e-06
LOGISTIC,test-pump_trip-02,TEST,960,9.6,0,0.0006860086061853423,False,,,1.943278467680586e-06
LOGISTIC,test-pump_trip-02,TEST,970,9.700000000000001,0,0.0006797939983931145,False,,,1.943278467680586e-06
LOGISTIC,test-pump_trip-02,TEST,980,9.8,0,0.0004289451453883612,False,0,,1.943278467680586e-06
LOGISTIC,test-pump_trip-02,TEST,990,9.9,0,0.000155349108827844,False,0,,1.943278467680586e-06
LOGISTIC,test-pump_trip-02,TEST,1000,10.0,0,2.142332024545579e-06,False,0,,1.943278467680586e-06
LOGISTIC,test-pump_trip-02,TEST,1010,10.1,0,2.841755637772719e-06,False,0,,1.943278467680586e-06
LOGISTIC,test-pump_trip-02,TEST,1020,10.200000000000001,0,2.7762433403263943e-06,False,0,,1.943278467680586e-06
LOGISTIC,test-pump_trip-02,TEST,1030,10.3,0,2.2951385198711915e-06,False,0,,1.943278467680586e-06
LOGISTIC,test-pump_trip-02,TEST,1040,10.4,0,2.718755354544538e-05,False,0,,1.943278467680586e-06
LOGISTIC,test-pump_trip-02,TEST,1050,10.5,0,0.001629700018980082,False,,,1.943278467680586e-06
LOGISTIC,test-pump_trip-02,TEST,1060,10.6,0,0.0003773993913882532,False,0,,1.943278467680586e-06
LOGISTIC,test-pump_trip-02,TEST,1070,10.700000000000001,0,0.0006820743332004013,False,,,1.943278467680586e-06
LOGISTIC,test-pump_trip-02,TEST,1080,10.8,0,0.0006273677264871682,False,,,1.943278467680586e-06
LOGISTIC,test-pump_trip-02,TEST,1090,10.9,0,0.00041069997581374827,False,0,,1.943278467680586e-06
LOGISTIC,test-pump_trip-02,TEST,1100,11.0,0,0.0003229137591958147,False,0,,1.943278467680586e-06
LOGISTIC,test-pump_trip-02,TEST,1110,11.1,0,0.000379602728175682,False,0,,1.943278467680586e-06
LOGISTIC,test-pump_trip-02,TEST,1120,11.200000000000001,0,0.0005321298954091389,False,0,,1.943278467680586e-06
LOGISTIC,test-pump_trip-02,TEST,1130,11.3,0,0.0007394048606276582,False,,,1.943278467680586e-06
LOGISTIC,test-pump_trip-02,TEST,1140,11.4,0,0.0005180900252483326,False,0,,1.943278467680586e-06
LOGISTIC,test-pump_trip-02,TEST,1150,11.5,0,0.00033476464035322106,False,0,,1.943278467680586e-06
LOGISTIC,test-pump_trip-02,TEST,1160,11.6,0,0.00031700624321261925,False,0,,1.943278467680586e-06
LOGISTIC,test-pump_trip-02,TEST,1170,11.700000000000001,0,0.00016190213913569988,False,0,,1.943278467680586e-06
LOGISTIC,test-pump_trip-02,TEST,1180,11.8,0,0.00014593589324045632,False,0,,1.943278467680586e-06
LOGISTIC,test-pump_trip-02,TEST,1190,11.9,0,6.859833460869196e-05,False,0,,1.943278467680586e-06
LOGISTIC,test-pump_trip-02,TEST,1200,12.0,0,3.4131452450919106e-05,False,0,,1.943278467680586e-06
LOGISTIC,test-pump_trip-02,TEST,1210,12.1,0,8.552085546880449e-06,False,0,,1.943278467680586e-06
LOGISTIC,test-pump_trip-02,TEST,1220,12.200000000000001,0,4.930510640917053e-05,False,0,,1.943278467680586e-06
LOGISTIC,test-pump_trip-02,TEST,1230,12.3,0,0.0005548827649199834,False,0,,1.943278467680586e-06
LOGISTIC,test-pump_trip-02,TEST,1240,12.4,0,0.0020984894206562826,False,,,1.943278467680586e-06
LOGISTIC,test-pump_trip-02,TEST,1250,12.5,0,0.0011219079603954163,False,,,1.943278467680586e-06
LOGISTIC,test-pump_trip-02,TEST,1260,12.6,0,0.000341749433823212,False,0,,1.943278467680586e-06
LOGISTIC,test-pump_trip-02,TEST,1270,12.700000000000001,0,3.337317365924802e-05,False,0,,1.943278467680586e-06
LOGISTIC,test-pump_trip-02,TEST,1280,12.8,0,1.7026098099382024e-05,False,0,,1.943278467680586e-06
LOGISTIC,test-pump_trip-02,TEST,1290,12.9,0,7.069711421441771e-05,False,0,,1.943278467680586e-06
LOGISTIC,test-pump_trip-02,TEST,1300,13.0,0,7.321572805055116e-05,False,0,,1.943278467680586e-06
LOGISTIC,test-pump_trip-03,TEST,430,4.3,1,0.11962024933960384,False,,7.01,1.943278467680586e-06
LOGISTIC,test-pump_trip-03,TEST,440,4.4,1,0.08844340766905658,False,,7.01,1.943278467680586e-06
LOGISTIC,test-pump_trip-03,TEST,450,4.5,1,0.03640494756833914,False,,7.01,1.943278467680586e-06
LOGISTIC,test-pump_trip-03,TEST,460,4.6000000000000005,1,0.10288967690309325,False,,7.01,1.943278467680586e-06
LOGISTIC,test-pump_trip-03,TEST,470,4.7,1,0.33180774031522486,False,,7.01,1.943278467680586e-06
LOGISTIC,test-pump_trip-03,TEST,480,4.8,1,0.4790626931102051,False,,7.01,1.943278467680586e-06
LOGISTIC,test-pump_trip-03,TEST,490,4.9,1,0.5656143096811722,True,,7.01,1.943278467680586e-06
LOGISTIC,test-pump_trip-03,TEST,500,5.0,1,0.6757477493936884,True,,7.01,1.943278467680586e-06
LOGISTIC,test-pump_trip-03,TEST,510,5.1000000000000005,1,0.713706481326824,True,,7.01,1.943278467680586e-06
LOGISTIC,test-pump_trip-03,TEST,520,5.2,1,0.7695419604806686,True,,7.01,1.943278467680586e-06
LOGISTIC,test-pump_trip-03,TEST,530,5.3,1,0.8122509813583024,True,,7.01,1.943278467680586e-06
LOGISTIC,test-pump_trip-03,TEST,540,5.4,1,0.860671705514906,True,,7.01,1.943278467680586e-06
LOGISTIC,test-pump_trip-03,TEST,550,5.5,1,0.9040772473870331,True,,7.01,1.943278467680586e-06
LOGISTIC,test-pump_trip-03,TEST,560,5.6000000000000005,1,0.9136827790658383,True,,7.01,1.943278467680586e-06
LOGISTIC,test-pump_trip-03,TEST,570,5.7,1,0.8432895754040203,True,,7.01,1.943278467680586e-06
LOGISTIC,test-pump_trip-03,TEST,580,5.8,1,0.7457739376148816,True,,7.01,1.943278467680586e-06
LOGISTIC,test-pump_trip-03,TEST,590,5.9,1,0.9723503162600575,True,,7.01,1.943278467680586e-06
LOGISTIC,test-pump_trip-03,TEST,600,6.0,1,0.9881300285215244,True,,7.01,1.943278467680586e-06
LOGISTIC,test-pump_trip-03,TEST,610,6.1000000000000005,1,0.9998681385177134,True,1,7.01,1.943278467680586e-06
LOGISTIC,test-pump_trip-03,TEST,620,6.2,1,0.9998806719382963,True,1,7.01,1.943278467680586e-06
LOGISTIC,test-pump_trip-03,TEST,630,6.3,1,0.9999116152551829,True,1,7.01,1.943278467680586e-06
LOGISTIC,test-pump_trip-03,TEST,640,6.4,1,0.999996105679441,True,1,7.01,1.943278467680586e-06
LOGISTIC,test-pump_trip-03,TEST,650,6.5,1,0.9999854099048877,True,1,7.01,1.943278467680586e-06
LOGISTIC,test-pump_trip-03,TEST,660,6.6000000000000005,1,0.9999471663930112,True,1,7.01,1.943278467680586e-06
LOGISTIC,test-pump_trip-03,TEST,670,6.7,1,0.9999654516570977,True,1,7.01,1.943278467680586e-06
LOGISTIC,test-pump_trip-03,TEST,680,6.8,1,0.9998121288684814,True,1,7.01,1.943278467680586e-06
LOGISTIC,test-pump_trip-03,TEST,690,6.9,1,0.9983388746860243,True,,7.01,1.943278467680586e-06
LOGISTIC,test-pump_trip-03,TEST,700,7.0,1,0.9846119283098824,True,,7.01,1.943278467680586e-06
LOGISTIC,test-valve_restriction-00,TEST,430,4.3,0,2.142332024545579e-06,False,0,,1.943278467680586e-06
LOGISTIC,test-valve_restriction-00,TEST,440,4.4,0,2.142332024545579e-06,False,0,,1.943278467680586e-06
LOGISTIC,test-valve_restriction-00,TEST,450,4.5,0,2.142332024545579e-06,False,0,,1.943278467680586e-06
LOGISTIC,test-valve_restriction-00,TEST,460,4.6000000000000005,0,2.142332024545579e-06,False,0,,1.943278467680586e-06
LOGISTIC,test-valve_restriction-00,TEST,470,4.7,0,2.142332024545579e-06,False,0,,1.943278467680586e-06
LOGISTIC,test-valve_restriction-00,TEST,480,4.8,0,2.142332024545579e-06,False,0,,1.943278467680586e-06
LOGISTIC,test-valve_restriction-00,TEST,490,4.9,0,2.142332024545579e-06,False,0,,1.943278467680586e-06
LOGISTIC,test-valve_restriction-00,TEST,500,5.0,0,2.142332024545579e-06,False,0,,1.943278467680586e-06
LOGISTIC,test-valve_restriction-00,TEST,510,5.1000000000000005,0,2.142332024545579e-06,False,0,,1.943278467680586e-06
LOGISTIC,test-valve_restriction-00,TEST,520,5.2,0,2.142332024545579e-06,False,0,,1.943278467680586e-06
LOGISTIC,test-valve_restriction-00,TEST,530,5.3,0,2.142332024545579e-06,False,0,,1.943278467680586e-06
LOGISTIC,test-valve_restriction-00,TEST,540,5.4,0,2.142332024545579e-06,False,0,,1.943278467680586e-06
LOGISTIC,test-valve_restriction-00,TEST,550,5.5,0,2.142332024545579e-06,False,0,,1.943278467680586e-06
LOGISTIC,test-valve_restriction-00,TEST,560,5.6000000000000005,0,2.142332024545579e-06,False,0,,1.943278467680586e-06
LOGISTIC,test-valve_restriction-00,TEST,570,5.7,0,2.142332024545579e-06,False,0,,1.943278467680586e-06
LOGISTIC,test-valve_restriction-00,TEST,580,5.8,0,2.142332024545579e-06,False,0,,1.943278467680586e-06
LOGISTIC,test-valve_restriction-00,TEST,590,5.9,0,2.142332024545579e-06,False,0,,1.943278467680586e-06
LOGISTIC,test-valve_restriction-00,TEST,600,6.0,0,2.142332024545579e-06,False,0,,1.943278467680586e-06
LOGISTIC,test-valve_restriction-00,TEST,610,6.1000000000000005,0,2.142332024545579e-06,False,0,,1.943278467680586e-06
LOGISTIC,test-valve_restriction-00,TEST,620,6.2,0,2.142332024545579e-06,False,0,,1.943278467680586e-06
LOGISTIC,test-valve_restriction-00,TEST,630,6.3,0,2.142332024545579e-06,False,0,,1.943278467680586e-06
LOGISTIC,test-valve_restriction-00,TEST,640,6.4,0,2.142332024545579e-06,False,0,,1.943278467680586e-06
LOGISTIC,test-valve_restriction-00,TEST,650,6.5,0,2.142332024545579e-06,False,0,,1.943278467680586e-06
LOGISTIC,test-valve_restriction-00,TEST,660,6.6000000000000005,0,2.142332024545579e-06,False,0,,1.943278467680586e-06
LOGISTIC,test-valve_restriction-00,TEST,670,6.7,0,2.142332024545579e-06,False,0,,1.943278467680586e-06
LOGISTIC,test-valve_restriction-00,TEST,680,6.8,0,2.142332024545579e-06,False,0,,1.943278467680586e-06
LOGISTIC,test-valve_restriction-00,TEST,690,6.9,0,2.142332024545579e-06,False,0,,1.943278467680586e-06
LOGISTIC,test-valve_restriction-00,TEST,700,7.0,0,2.142332024545579e-06,False,0,,1.943278467680586e-06
LOGISTIC,test-valve_restriction-00,TEST,710,7.1000000000000005,0,2.142332024545579e-06,False,0,,1.943278467680586e-06
LOGISTIC,test-valve_restriction-00,TEST,720,7.2,0,2.142332024545579e-06,False,0,,1.943278467680586e-06
LOGISTIC,test-valve_restriction-00,TEST,730,7.3,0,2.142332024545579e-06,False,0,,1.943278467680586e-06
LOGISTIC,test-valve_restriction-00,TEST,740,7.4,0,2.142332024545579e-06,False,0,,1.943278467680586e-06
LOGISTIC,test-valve_restriction-00,TEST,750,7.5,0,2.142332024545579e-06,False,0,,1.943278467680586e-06
LOGISTIC,test-valve_restriction-00,TEST,760,7.6000000000000005,0,2.142332024545579e-06,False,0,,1.943278467680586e-06
LOGISTIC,test-valve_restriction-00,TEST,770,7.7,0,2.142332024545579e-06,False,0,,1.943278467680586e-06
LOGISTIC,test-valve_restriction-00,TEST,780,7.8,0,2.142332024545579e-06,False,0,,1.943278467680586e-06
LOGISTIC,test-valve_restriction-00,TEST,790,7.9,0,2.142332024545579e-06,False,0,,1.943278467680586e-06
LOGISTIC,test-valve_restriction-00,TEST,800,8.0,0,2.142332024545579e-06,False,0,,1.943278467680586e-06
LOGISTIC,test-valve_restriction-00,TEST,810,8.1,0,2.142332024545579e-06,False,0,,1.943278467680586e-06
LOGISTIC,test-valve_restriction-00,TEST,820,8.2,0,2.142332024545579e-06,False,0,,1.943278467680586e-06
LOGISTIC,test-valve_restriction-00,TEST,830,8.3,0,2.142332024545579e-06,False,0,,1.943278467680586e-06
LOGISTIC,test-valve_restriction-00,TEST,840,8.4,0,2.142332024545579e-06,False,0,,1.943278467680586e-06
LOGISTIC,test-valve_restriction-00,TEST,850,8.5,0,2.142332024545579e-06,False,0,,1.943278467680586e-06
LOGISTIC,test-valve_restriction-00,TEST,860,8.6,0,2.142332024545579e-06,False,0,,1.943278467680586e-06
LOGISTIC,test-valve_restriction-00,TEST,870,8.700000000000001,0,2.142332024545579e-06,False,0,,1.943278467680586e-06
LOGISTIC,test-valve_restriction-00,TEST,880,8.8,0,2.142332024545579e-06,False,0,,1.943278467680586e-06
LOGISTIC,test-valve_restriction-00,TEST,890,8.9,0,2.142332024545579e-06,False,0,,1.943278467680586e-06
LOGISTIC,test-valve_restriction-00,TEST,900,9.0,0,2.142332024545579e-06,False,0,,1.943278467680586e-06
LOGISTIC,test-valve_restriction-00,TEST,910,9.1,0,2.142332024545579e-06,False,0,,1.943278467680586e-06
LOGISTIC,test-valve_restriction-00,TEST,920,9.200000000000001,0,2.142332024545579e-06,False,0,,1.943278467680586e-06
LOGISTIC,test-valve_restriction-00,TEST,930,9.3,0,2.142332024545579e-06,False,0,,1.943278467680586e-06
LOGISTIC,test-valve_restriction-00,TEST,940,9.4,0,2.142332024545579e-06,False,0,,1.943278467680586e-06
LOGISTIC,test-valve_restriction-00,TEST,950,9.5,0,2.142332024545579e-06,False,0,,1.943278467680586e-06
LOGISTIC,test-valve_restriction-00,TEST,960,9.6,0,2.142332024545579e-06,False,0,,1.943278467680586e-06
LOGISTIC,test-valve_restriction-00,TEST,970,9.700000000000001,0,2.142332024545579e-06,False,0,,1.943278467680586e-06
LOGISTIC,test-valve_restriction-00,TEST,980,9.8,0,2.142332024545579e-06,False,0,,1.943278467680586e-06
LOGISTIC,test-valve_restriction-00,TEST,990,9.9,0,2.142332024545579e-06,False,0,,1.943278467680586e-06
LOGISTIC,test-valve_restriction-00,TEST,1000,10.0,0,2.142332024545579e-06,False,0,,1.943278467680586e-06
LOGISTIC,test-valve_restriction-00,TEST,1010,10.1,0,2.142332024545579e-06,False,0,,1.943278467680586e-06
LOGISTIC,test-valve_restriction-00,TEST,1020,10.200000000000001,0,2.142332024545579e-06,False,0,,1.943278467680586e-06
LOGISTIC,test-valve_restriction-00,TEST,1030,10.3,0,2.142332024545579e-06,False,0,,1.943278467680586e-06
LOGISTIC,test-valve_restriction-00,TEST,1040,10.4,0,2.142332024545579e-06,False,0,,1.943278467680586e-06
LOGISTIC,test-valve_restriction-00,TEST,1050,10.5,0,2.142332024545579e-06,False,0,,1.943278467680586e-06
LOGISTIC,test-valve_restriction-00,TEST,1060,10.6,0,2.142332024545579e-06,False,0,,1.943278467680586e-06
LOGISTIC,test-valve_restriction-00,TEST,1070,10.700000000000001,0,2.142332024545579e-06,False,0,,1.943278467680586e-06
LOGISTIC,test-valve_restriction-00,TEST,1080,10.8,0,2.142332024545579e-06,False,0,,1.943278467680586e-06
LOGISTIC,test-valve_restriction-00,TEST,1090,10.9,0,2.142332024545579e-06,False,0,,1.943278467680586e-06
LOGISTIC,test-valve_restriction-00,TEST,1100,11.0,0,2.142332024545579e-06,False,0,,1.943278467680586e-06
LOGISTIC,test-valve_restriction-00,TEST,1110,11.1,0,2.142332024545579e-06,False,0,,1.943278467680586e-06
LOGISTIC,test-valve_restriction-00,TEST,1120,11.200000000000001,0,2.142332024545579e-06,False,0,,1.943278467680586e-06
LOGISTIC,test-valve_restriction-00,TEST,1130,11.3,0,2.142332024545579e-06,False,0,,1.943278467680586e-06
LOGISTIC,test-valve_restriction-00,TEST,1140,11.4,0,2.142332024545579e-06,False,0,,1.943278467680586e-06
LOGISTIC,test-valve_restriction-00,TEST,1150,11.5,0,2.142332024545579e-06,False,0,,1.943278467680586e-06
LOGISTIC,test-valve_restriction-00,TEST,1160,11.6,0,2.142332024545579e-06,False,0,,1.943278467680586e-06
LOGISTIC,test-valve_restriction-00,TEST,1170,11.700000000000001,0,2.142332024545579e-06,False,0,,1.943278467680586e-06
LOGISTIC,test-valve_restriction-00,TEST,1180,11.8,0,2.142332024545579e-06,False,0,,1.943278467680586e-06
LOGISTIC,test-valve_restriction-00,TEST,1190,11.9,0,2.142332024545579e-06,False,0,,1.943278467680586e-06
LOGISTIC,test-valve_restriction-00,TEST,1200,12.0,0,2.142332024545579e-06,False,0,,1.943278467680586e-06
LOGISTIC,test-valve_restriction-00,TEST,1210,12.1,0,2.142332024545579e-06,False,0,,1.943278467680586e-06
LOGISTIC,test-valve_restriction-00,TEST,1220,12.200000000000001,0,2.142332024545579e-06,False,0,,1.943278467680586e-06
LOGISTIC,test-valve_restriction-00,TEST,1230,12.3,0,2.142332024545579e-06,False,0,,1.943278467680586e-06
LOGISTIC,test-valve_restriction-00,TEST,1240,12.4,0,2.142332024545579e-06,False,0,,1.943278467680586e-06
LOGISTIC,test-valve_restriction-00,TEST,1250,12.5,0,2.142332024545579e-06,False,0,,1.943278467680586e-06
LOGISTIC,test-valve_restriction-00,TEST,1260,12.6,0,2.142332024545579e-06,False,0,,1.943278467680586e-06
LOGISTIC,test-valve_restriction-00,TEST,1270,12.700000000000001,0,2.142332024545579e-06,False,0,,1.943278467680586e-06
LOGISTIC,test-valve_restriction-00,TEST,1280,12.8,0,2.142332024545579e-06,False,0,,1.943278467680586e-06
LOGISTIC,test-valve_restriction-00,TEST,1290,12.9,0,2.142332024545579e-06,False,0,,1.943278467680586e-06
LOGISTIC,test-valve_restriction-00,TEST,1300,13.0,0,2.142332024545579e-06,False,0,,1.943278467680586e-06
LOGISTIC,test-valve_restriction-01,TEST,430,4.3,0,2.833061175437081e-06,False,0,,1.943278467680586e-06
LOGISTIC,test-valve_restriction-01,TEST,440,4.4,0,2.142332024545579e-06,False,0,,1.943278467680586e-06
LOGISTIC,test-valve_restriction-01,TEST,450,4.5,0,2.142332024545579e-06,False,0,,1.943278467680586e-06
LOGISTIC,test-valve_restriction-01,TEST,460,4.6000000000000005,0,2.142332024545579e-06,False,0,,1.943278467680586e-06
LOGISTIC,test-valve_restriction-01,TEST,470,4.7,0,2.142332024545579e-06,False,0,,1.943278467680586e-06
LOGISTIC,test-valve_restriction-01,TEST,480,4.8,0,2.142332024545579e-06,False,0,,1.943278467680586e-06
LOGISTIC,test-valve_restriction-01,TEST,490,4.9,0,2.142332024545579e-06,False,0,,1.943278467680586e-06
LOGISTIC,test-valve_restriction-01,TEST,500,5.0,0,2.142332024545579e-06,False,0,,1.943278467680586e-06
LOGISTIC,test-valve_restriction-01,TEST,510,5.1000000000000005,0,2.142332024545579e-06,False,0,,1.943278467680586e-06
LOGISTIC,test-valve_restriction-01,TEST,520,5.2,0,2.142332024545579e-06,False,0,,1.943278467680586e-06
LOGISTIC,test-valve_restriction-01,TEST,530,5.3,0,2.142332024545579e-06,False,0,,1.943278467680586e-06
LOGISTIC,test-valve_restriction-01,TEST,540,5.4,0,2.142332024545579e-06,False,0,,1.943278467680586e-06
LOGISTIC,test-valve_restriction-01,TEST,550,5.5,0,2.142332024545579e-06,False,0,,1.943278467680586e-06
LOGISTIC,test-valve_restriction-01,TEST,560,5.6000000000000005,0,2.142332024545579e-06,False,0,,1.943278467680586e-06
LOGISTIC,test-valve_restriction-01,TEST,570,5.7,0,2.142332024545579e-06,False,0,,1.943278467680586e-06
LOGISTIC,test-valve_restriction-01,TEST,580,5.8,0,2.142332024545579e-06,False,0,,1.943278467680586e-06
LOGISTIC,test-valve_restriction-01,TEST,590,5.9,0,2.142332024545579e-06,False,0,,1.943278467680586e-06
LOGISTIC,test-valve_restriction-01,TEST,600,6.0,0,2.142332024545579e-06,False,0,,1.943278467680586e-06
LOGISTIC,test-valve_restriction-01,TEST,610,6.1000000000000005,0,7.4228593577522165e-06,False,0,,1.943278467680586e-06
LOGISTIC,test-valve_restriction-01,TEST,620,6.2,0,6.874274771318379e-06,False,0,,1.943278467680586e-06
LOGISTIC,test-valve_restriction-01,TEST,630,6.3,0,2.142332024545579e-06,False,0,,1.943278467680586e-06
LOGISTIC,test-valve_restriction-01,TEST,640,6.4,0,2.142332024545579e-06,False,0,,1.943278467680586e-06
LOGISTIC,test-valve_restriction-01,TEST,650,6.5,0,2.142332024545579e-06,False,0,,1.943278467680586e-06
LOGISTIC,test-valve_restriction-01,TEST,660,6.6000000000000005,0,9.184564474247496e-06,False,0,,1.943278467680586e-06
LOGISTIC,test-valve_restriction-01,TEST,670,6.7,0,1.4836078418005437e-05,False,0,,1.943278467680586e-06
LOGISTIC,test-valve_restriction-01,TEST,680,6.8,0,1.6611557379017504e-05,False,0,,1.943278467680586e-06
LOGISTIC,test-valve_restriction-01,TEST,690,6.9,0,1.6032052313157914e-05,False,0,,1.943278467680586e-06
LOGISTIC,test-valve_restriction-01,TEST,700,7.0,0,8.461459107697278e-06,False,0,,1.943278467680586e-06
LOGISTIC,test-valve_restriction-01,TEST,710,7.1000000000000005,0,2.142332024545579e-06,False,0,,1.943278467680586e-06
LOGISTIC,test-valve_restriction-01,TEST,720,7.2,0,2.142332024545579e-06,False,0,,1.943278467680586e-06
LOGISTIC,test-valve_restriction-01,TEST,730,7.3,0,2.142332024545579e-06,False,0,,1.943278467680586e-06
LOGISTIC,test-valve_restriction-01,TEST,740,7.4,0,2.142332024545579e-06,False,0,,1.943278467680586e-06
LOGISTIC,test-valve_restriction-01,TEST,750,7.5,0,2.142332024545579e-06,False,0,,1.943278467680586e-06
LOGISTIC,test-valve_restriction-01,TEST,760,7.6000000000000005,0,2.142332024545579e-06,False,0,,1.943278467680586e-06
LOGISTIC,test-valve_restriction-01,TEST,770,7.7,0,2.142332024545579e-06,False,0,,1.943278467680586e-06
LOGISTIC,test-valve_restriction-01,TEST,780,7.8,0,2.142332024545579e-06,False,0,,1.943278467680586e-06
LOGISTIC,test-valve_restriction-01,TEST,790,7.9,0,1.8220873371408186e-05,False,0,,1.943278467680586e-06
LOGISTIC,test-valve_restriction-01,TEST,800,8.0,0,9.007113342412037e-06,False,0,,1.943278467680586e-06
LOGISTIC,test-valve_restriction-01,TEST,810,8.1,0,4.505963623906011e-06,False,0,,1.943278467680586e-06
LOGISTIC,test-valve_restriction-01,TEST,820,8.2,0,2.142332024545579e-06,False,0,,1.943278467680586e-06
LOGISTIC,test-valve_restriction-01,TEST,830,8.3,0,2.142332024545579e-06,False,0,,1.943278467680586e-06
LOGISTIC,test-valve_restriction-01,TEST,840,8.4,0,2.142332024545579e-06,False,0,,1.943278467680586e-06
LOGISTIC,test-valve_restriction-01,TEST,850,8.5,0,2.142332024545579e-06,False,0,,1.943278467680586e-06
LOGISTIC,test-valve_restriction-01,TEST,860,8.6,0,2.142332024545579e-06,False,0,,1.943278467680586e-06
LOGISTIC,test-valve_restriction-01,TEST,870,8.700000000000001,0,2.142332024545579e-06,False,0,,1.943278467680586e-06
LOGISTIC,test-valve_restriction-01,TEST,880,8.8,0,2.142332024545579e-06,False,0,,1.943278467680586e-06
LOGISTIC,test-valve_restriction-01,TEST,890,8.9,0,2.3993424410048075e-06,False,0,,1.943278467680586e-06
LOGISTIC,test-valve_restriction-01,TEST,900,9.0,0,2.142332024545579e-06,False,0,,1.943278467680586e-06
LOGISTIC,test-valve_restriction-01,TEST,910,9.1,0,2.142332024545579e-06,False,0,,1.943278467680586e-06
LOGISTIC,test-valve_restriction-01,TEST,920,9.200000000000001,0,3.5287913038652436e-06,False,0,,1.943278467680586e-06
LOGISTIC,test-valve_restriction-01,TEST,930,9.3,0,2.349816176977422e-06,False,0,,1.943278467680586e-06
LOGISTIC,test-valve_restriction-01,TEST,940,9.4,0,1.0975446747486407e-05,False,0,,1.943278467680586e-06
LOGISTIC,test-valve_restriction-01,TEST,950,9.5,0,2.142332024545579e-06,False,0,,1.943278467680586e-06
LOGISTIC,test-valve_restriction-01,TEST,960,9.6,0,2.142332024545579e-06,False,0,,1.943278467680586e-06
LOGISTIC,test-valve_restriction-01,TEST,970,9.700000000000001,0,2.142332024545579e-06,False,0,,1.943278467680586e-06
LOGISTIC,test-valve_restriction-01,TEST,980,9.8,0,2.142332024545579e-06,False,0,,1.943278467680586e-06
LOGISTIC,test-valve_restriction-01,TEST,990,9.9,0,2.142332024545579e-06,False,0,,1.943278467680586e-06
LOGISTIC,test-valve_restriction-01,TEST,1000,10.0,0,2.142332024545579e-06,False,0,,1.943278467680586e-06
LOGISTIC,test-valve_restriction-01,TEST,1010,10.1,0,2.142332024545579e-06,False,0,,1.943278467680586e-06
LOGISTIC,test-valve_restriction-01,TEST,1020,10.200000000000001,0,2.142332024545579e-06,False,0,,1.943278467680586e-06
LOGISTIC,test-valve_restriction-01,TEST,1030,10.3,0,2.142332024545579e-06,False,0,,1.943278467680586e-06
LOGISTIC,test-valve_restriction-01,TEST,1040,10.4,0,2.142332024545579e-06,False,0,,1.943278467680586e-06
LOGISTIC,test-valve_restriction-01,TEST,1050,10.5,0,2.142332024545579e-06,False,0,,1.943278467680586e-06
LOGISTIC,test-valve_restriction-01,TEST,1060,10.6,0,2.142332024545579e-06,False,0,,1.943278467680586e-06
LOGISTIC,test-valve_restriction-01,TEST,1070,10.700000000000001,0,2.142332024545579e-06,False,0,,1.943278467680586e-06
LOGISTIC,test-valve_restriction-01,TEST,1080,10.8,0,2.142332024545579e-06,False,0,,1.943278467680586e-06
LOGISTIC,test-valve_restriction-01,TEST,1090,10.9,0,2.142332024545579e-06,False,0,,1.943278467680586e-06
LOGISTIC,test-valve_restriction-01,TEST,1100,11.0,0,2.142332024545579e-06,False,0,,1.943278467680586e-06
LOGISTIC,test-valve_restriction-01,TEST,1110,11.1,0,2.142332024545579e-06,False,0,,1.943278467680586e-06
LOGISTIC,test-valve_restriction-01,TEST,1120,11.200000000000001,0,2.142332024545579e-06,False,0,,1.943278467680586e-06
LOGISTIC,test-valve_restriction-01,TEST,1130,11.3,0,2.142332024545579e-06,False,0,,1.943278467680586e-06
LOGISTIC,test-valve_restriction-01,TEST,1140,11.4,0,2.142332024545579e-06,False,0,,1.943278467680586e-06
LOGISTIC,test-valve_restriction-01,TEST,1150,11.5,0,2.142332024545579e-06,False,0,,1.943278467680586e-06
LOGISTIC,test-valve_restriction-01,TEST,1160,11.6,0,2.142332024545579e-06,False,0,,1.943278467680586e-06
LOGISTIC,test-valve_restriction-01,TEST,1170,11.700000000000001,0,2.142332024545579e-06,False,0,,1.943278467680586e-06
LOGISTIC,test-valve_restriction-01,TEST,1180,11.8,0,2.142332024545579e-06,False,0,,1.943278467680586e-06
LOGISTIC,test-valve_restriction-01,TEST,1190,11.9,0,1.2182781025280175e-05,False,0,,1.943278467680586e-06
LOGISTIC,test-valve_restriction-01,TEST,1200,12.0,0,5.846397918065194e-06,False,0,,1.943278467680586e-06
LOGISTIC,test-valve_restriction-01,TEST,1210,12.1,0,4.9593415640721965e-06,False,0,,1.943278467680586e-06
LOGISTIC,test-valve_restriction-01,TEST,1220,12.200000000000001,0,5.188903677986081e-06,False,0,,1.943278467680586e-06
LOGISTIC,test-valve_restriction-01,TEST,1230,12.3,0,2.142332024545579e-06,False,0,,1.943278467680586e-06
LOGISTIC,test-valve_restriction-01,TEST,1240,12.4,0,2.142332024545579e-06,False,0,,1.943278467680586e-06
LOGISTIC,test-valve_restriction-01,TEST,1250,12.5,0,2.142332024545579e-06,False,0,,1.943278467680586e-06
LOGISTIC,test-valve_restriction-01,TEST,1260,12.6,0,2.142332024545579e-06,False,0,,1.943278467680586e-06
LOGISTIC,test-valve_restriction-01,TEST,1270,12.700000000000001,0,2.142332024545579e-06,False,0,,1.943278467680586e-06
LOGISTIC,test-valve_restriction-01,TEST,1280,12.8,0,2.142332024545579e-06,False,0,,1.943278467680586e-06
LOGISTIC,test-valve_restriction-01,TEST,1290,12.9,0,2.142332024545579e-06,False,0,,1.943278467680586e-06
LOGISTIC,test-valve_restriction-01,TEST,1300,13.0,0,2.142332024545579e-06,False,0,,1.943278467680586e-06
LOGISTIC,test-valve_restriction-02,TEST,430,4.3,0,2.142332024545579e-06,False,0,,1.943278467680586e-06
LOGISTIC,test-valve_restriction-02,TEST,440,4.4,0,2.142332024545579e-06,False,0,,1.943278467680586e-06
LOGISTIC,test-valve_restriction-02,TEST,450,4.5,0,2.142332024545579e-06,False,0,,1.943278467680586e-06
LOGISTIC,test-valve_restriction-02,TEST,460,4.6000000000000005,0,2.142332024545579e-06,False,0,,1.943278467680586e-06
LOGISTIC,test-valve_restriction-02,TEST,470,4.7,0,2.142332024545579e-06,False,0,,1.943278467680586e-06
LOGISTIC,test-valve_restriction-02,TEST,480,4.8,0,2.142332024545579e-06,False,0,,1.943278467680586e-06
LOGISTIC,test-valve_restriction-02,TEST,490,4.9,0,2.142332024545579e-06,False,0,,1.943278467680586e-06
LOGISTIC,test-valve_restriction-02,TEST,500,5.0,0,2.142332024545579e-06,False,0,,1.943278467680586e-06
LOGISTIC,test-valve_restriction-02,TEST,510,5.1000000000000005,0,2.142332024545579e-06,False,0,,1.943278467680586e-06
LOGISTIC,test-valve_restriction-02,TEST,520,5.2,0,2.142332024545579e-06,False,0,,1.943278467680586e-06
LOGISTIC,test-valve_restriction-02,TEST,530,5.3,0,2.142332024545579e-06,False,0,,1.943278467680586e-06
LOGISTIC,test-valve_restriction-02,TEST,540,5.4,0,2.142332024545579e-06,False,0,,1.943278467680586e-06
LOGISTIC,test-valve_restriction-02,TEST,550,5.5,0,2.142332024545579e-06,False,0,,1.943278467680586e-06
LOGISTIC,test-valve_restriction-02,TEST,560,5.6000000000000005,0,2.142332024545579e-06,False,0,,1.943278467680586e-06
LOGISTIC,test-valve_restriction-02,TEST,570,5.7,0,2.142332024545579e-06,False,0,,1.943278467680586e-06
LOGISTIC,test-valve_restriction-02,TEST,580,5.8,0,2.142332024545579e-06,False,0,,1.943278467680586e-06
LOGISTIC,test-valve_restriction-02,TEST,590,5.9,0,2.142332024545579e-06,False,0,,1.943278467680586e-06
LOGISTIC,test-valve_restriction-02,TEST,600,6.0,0,2.142332024545579e-06,False,0,,1.943278467680586e-06
LOGISTIC,test-valve_restriction-02,TEST,610,6.1000000000000005,0,2.142332024545579e-06,False,0,,1.943278467680586e-06
LOGISTIC,test-valve_restriction-02,TEST,620,6.2,0,2.142332024545579e-06,False,0,,1.943278467680586e-06
LOGISTIC,test-valve_restriction-02,TEST,630,6.3,0,2.142332024545579e-06,False,0,,1.943278467680586e-06
LOGISTIC,test-valve_restriction-02,TEST,640,6.4,0,2.142332024545579e-06,False,0,,1.943278467680586e-06
LOGISTIC,test-valve_restriction-02,TEST,650,6.5,0,2.142332024545579e-06,False,0,,1.943278467680586e-06
LOGISTIC,test-valve_restriction-02,TEST,660,6.6000000000000005,0,2.142332024545579e-06,False,0,,1.943278467680586e-06
LOGISTIC,test-valve_restriction-02,TEST,670,6.7,0,2.142332024545579e-06,False,0,,1.943278467680586e-06
LOGISTIC,test-valve_restriction-02,TEST,680,6.8,0,2.142332024545579e-06,False,0,,1.943278467680586e-06
LOGISTIC,test-valve_restriction-02,TEST,690,6.9,0,2.142332024545579e-06,False,0,,1.943278467680586e-06
LOGISTIC,test-valve_restriction-02,TEST,700,7.0,0,2.142332024545579e-06,False,0,,1.943278467680586e-06
LOGISTIC,test-valve_restriction-02,TEST,710,7.1000000000000005,0,2.142332024545579e-06,False,0,,1.943278467680586e-06
LOGISTIC,test-valve_restriction-02,TEST,720,7.2,0,2.142332024545579e-06,False,0,,1.943278467680586e-06
LOGISTIC,test-valve_restriction-02,TEST,730,7.3,0,2.142332024545579e-06,False,0,,1.943278467680586e-06
LOGISTIC,test-valve_restriction-02,TEST,740,7.4,0,2.142332024545579e-06,False,0,,1.943278467680586e-06
LOGISTIC,test-valve_restriction-02,TEST,750,7.5,0,2.142332024545579e-06,False,0,,1.943278467680586e-06
LOGISTIC,test-valve_restriction-02,TEST,760,7.6000000000000005,0,2.142332024545579e-06,False,0,,1.943278467680586e-06
LOGISTIC,test-valve_restriction-02,TEST,770,7.7,0,2.142332024545579e-06,False,0,,1.943278467680586e-06
LOGISTIC,test-valve_restriction-02,TEST,780,7.8,0,2.142332024545579e-06,False,0,,1.943278467680586e-06
LOGISTIC,test-valve_restriction-02,TEST,790,7.9,0,2.142332024545579e-06,False,0,,1.943278467680586e-06
LOGISTIC,test-valve_restriction-02,TEST,800,8.0,0,2.142332024545579e-06,False,0,,1.943278467680586e-06
LOGISTIC,test-valve_restriction-02,TEST,810,8.1,0,2.142332024545579e-06,False,0,,1.943278467680586e-06
LOGISTIC,test-valve_restriction-02,TEST,820,8.2,0,2.142332024545579e-06,False,0,,1.943278467680586e-06
LOGISTIC,test-valve_restriction-02,TEST,830,8.3,0,2.142332024545579e-06,False,0,,1.943278467680586e-06
LOGISTIC,test-valve_restriction-02,TEST,840,8.4,0,2.142332024545579e-06,False,0,,1.943278467680586e-06
LOGISTIC,test-valve_restriction-02,TEST,850,8.5,0,2.142332024545579e-06,False,0,,1.943278467680586e-06
LOGISTIC,test-valve_restriction-02,TEST,860,8.6,0,2.142332024545579e-06,False,0,,1.943278467680586e-06
LOGISTIC,test-valve_restriction-02,TEST,870,8.700000000000001,0,2.142332024545579e-06,False,0,,1.943278467680586e-06
LOGISTIC,test-valve_restriction-02,TEST,880,8.8,0,2.142332024545579e-06,False,0,,1.943278467680586e-06
LOGISTIC,test-valve_restriction-02,TEST,890,8.9,0,2.142332024545579e-06,False,0,,1.943278467680586e-06
LOGISTIC,test-valve_restriction-02,TEST,900,9.0,0,2.142332024545579e-06,False,0,,1.943278467680586e-06
LOGISTIC,test-valve_restriction-02,TEST,910,9.1,0,2.142332024545579e-06,False,0,,1.943278467680586e-06
LOGISTIC,test-valve_restriction-02,TEST,920,9.200000000000001,0,2.142332024545579e-06,False,0,,1.943278467680586e-06
LOGISTIC,test-valve_restriction-02,TEST,930,9.3,0,2.142332024545579e-06,False,0,,1.943278467680586e-06
LOGISTIC,test-valve_restriction-02,TEST,940,9.4,0,2.142332024545579e-06,False,0,,1.943278467680586e-06
LOGISTIC,test-valve_restriction-02,TEST,950,9.5,0,2.142332024545579e-06,False,0,,1.943278467680586e-06
LOGISTIC,test-valve_restriction-02,TEST,960,9.6,0,2.142332024545579e-06,False,0,,1.943278467680586e-06
LOGISTIC,test-valve_restriction-02,TEST,970,9.700000000000001,0,2.142332024545579e-06,False,0,,1.943278467680586e-06
LOGISTIC,test-valve_restriction-02,TEST,980,9.8,0,2.142332024545579e-06,False,0,,1.943278467680586e-06
LOGISTIC,test-valve_restriction-02,TEST,990,9.9,0,2.142332024545579e-06,False,0,,1.943278467680586e-06
LOGISTIC,test-valve_restriction-02,TEST,1000,10.0,0,2.142332024545579e-06,False,0,,1.943278467680586e-06
LOGISTIC,test-valve_restriction-02,TEST,1010,10.1,0,2.142332024545579e-06,False,0,,1.943278467680586e-06
LOGISTIC,test-valve_restriction-02,TEST,1020,10.200000000000001,0,2.142332024545579e-06,False,0,,1.943278467680586e-06
LOGISTIC,test-valve_restriction-02,TEST,1030,10.3,0,2.142332024545579e-06,False,0,,1.943278467680586e-06
LOGISTIC,test-valve_restriction-02,TEST,1040,10.4,0,2.142332024545579e-06,False,0,,1.943278467680586e-06
LOGISTIC,test-valve_restriction-02,TEST,1050,10.5,0,2.142332024545579e-06,False,0,,1.943278467680586e-06
LOGISTIC,test-valve_restriction-02,TEST,1060,10.6,0,2.142332024545579e-06,False,0,,1.943278467680586e-06
LOGISTIC,test-valve_restriction-02,TEST,1070,10.700000000000001,0,2.142332024545579e-06,False,0,,1.943278467680586e-06
LOGISTIC,test-valve_restriction-02,TEST,1080,10.8,0,2.142332024545579e-06,False,0,,1.943278467680586e-06
LOGISTIC,test-valve_restriction-02,TEST,1090,10.9,0,2.142332024545579e-06,False,0,,1.943278467680586e-06
LOGISTIC,test-valve_restriction-02,TEST,1100,11.0,0,2.142332024545579e-06,False,0,,1.943278467680586e-06
LOGISTIC,test-valve_restriction-02,TEST,1110,11.1,0,2.142332024545579e-06,False,0,,1.943278467680586e-06
LOGISTIC,test-valve_restriction-02,TEST,1120,11.200000000000001,0,2.142332024545579e-06,False,0,,1.943278467680586e-06
LOGISTIC,test-valve_restriction-02,TEST,1130,11.3,0,2.142332024545579e-06,False,0,,1.943278467680586e-06
LOGISTIC,test-valve_restriction-02,TEST,1140,11.4,0,2.142332024545579e-06,False,0,,1.943278467680586e-06
LOGISTIC,test-valve_restriction-02,TEST,1150,11.5,0,2.142332024545579e-06,False,0,,1.943278467680586e-06
LOGISTIC,test-valve_restriction-02,TEST,1160,11.6,0,2.142332024545579e-06,False,0,,1.943278467680586e-06
LOGISTIC,test-valve_restriction-02,TEST,1170,11.700000000000001,0,2.142332024545579e-06,False,0,,1.943278467680586e-06
LOGISTIC,test-valve_restriction-02,TEST,1180,11.8,0,2.142332024545579e-06,False,0,,1.943278467680586e-06
LOGISTIC,test-valve_restriction-02,TEST,1190,11.9,0,2.142332024545579e-06,False,0,,1.943278467680586e-06
LOGISTIC,test-valve_restriction-02,TEST,1200,12.0,0,2.142332024545579e-06,False,0,,1.943278467680586e-06
LOGISTIC,test-valve_restriction-02,TEST,1210,12.1,0,2.142332024545579e-06,False,0,,1.943278467680586e-06
LOGISTIC,test-valve_restriction-02,TEST,1220,12.200000000000001,0,2.142332024545579e-06,False,0,,1.943278467680586e-06
LOGISTIC,test-valve_restriction-02,TEST,1230,12.3,0,2.142332024545579e-06,False,0,,1.943278467680586e-06
LOGISTIC,test-valve_restriction-02,TEST,1240,12.4,0,2.142332024545579e-06,False,0,,1.943278467680586e-06
LOGISTIC,test-valve_restriction-02,TEST,1250,12.5,0,2.142332024545579e-06,False,0,,1.943278467680586e-06
LOGISTIC,test-valve_restriction-02,TEST,1260,12.6,0,2.142332024545579e-06,False,0,,1.943278467680586e-06
LOGISTIC,test-valve_restriction-02,TEST,1270,12.700000000000001,0,2.142332024545579e-06,False,0,,1.943278467680586e-06
LOGISTIC,test-valve_restriction-02,TEST,1280,12.8,0,2.142332024545579e-06,False,0,,1.943278467680586e-06
LOGISTIC,test-valve_restriction-02,TEST,1290,12.9,0,2.142332024545579e-06,False,0,,1.943278467680586e-06
LOGISTIC,test-valve_restriction-02,TEST,1300,13.0,0,2.142332024545579e-06,False,0,,1.943278467680586e-06
LOGISTIC,test-valve_restriction-03,TEST,430,4.3,1,0.9672370588272606,True,,7.01,1.943278467680586e-06
LOGISTIC,test-valve_restriction-03,TEST,440,4.4,1,0.980061013790955,True,,7.01,1.943278467680586e-06
LOGISTIC,test-valve_restriction-03,TEST,450,4.5,1,0.9995800858043256,True,1,7.01,1.943278467680586e-06
LOGISTIC,test-valve_restriction-03,TEST,460,4.6000000000000005,1,0.9998512177671464,True,1,7.01,1.943278467680586e-06
LOGISTIC,test-valve_restriction-03,TEST,470,4.7,1,0.9998751190762858,True,1,7.01,1.943278467680586e-06
LOGISTIC,test-valve_restriction-03,TEST,480,4.8,1,0.9999025501099652,True,1,7.01,1.943278467680586e-06
LOGISTIC,test-valve_restriction-03,TEST,490,4.9,1,0.998820834176355,True,,7.01,1.943278467680586e-06
LOGISTIC,test-valve_restriction-03,TEST,500,5.0,1,0.9985884210383248,True,,7.01,1.943278467680586e-06
LOGISTIC,test-valve_restriction-03,TEST,510,5.1000000000000005,1,0.9979649147405599,True,,7.01,1.943278467680586e-06
LOGISTIC,test-valve_restriction-03,TEST,520,5.2,1,0.9984013987451258,True,,7.01,1.943278467680586e-06
LOGISTIC,test-valve_restriction-03,TEST,530,5.3,1,0.993910957671084,True,,7.01,1.943278467680586e-06
LOGISTIC,test-valve_restriction-03,TEST,540,5.4,1,0.9973874439613862,True,,7.01,1.943278467680586e-06
LOGISTIC,test-valve_restriction-03,TEST,550,5.5,1,0.9989399469537498,True,,7.01,1.943278467680586e-06
LOGISTIC,test-valve_restriction-03,TEST,560,5.6000000000000005,1,0.9990762538543816,True,,7.01,1.943278467680586e-06
LOGISTIC,test-valve_restriction-03,TEST,570,5.7,1,0.998828774280384,True,,7.01,1.943278467680586e-06
LOGISTIC,test-valve_restriction-03,TEST,580,5.8,1,0.9998517583372211,True,1,7.01,1.943278467680586e-06
LOGISTIC,test-valve_restriction-03,TEST,590,5.9,1,0.999193358498929,True,,7.01,1.943278467680586e-06
LOGISTIC,test-valve_restriction-03,TEST,600,6.0,1,0.9998922391530494,True,1,7.01,1.943278467680586e-06
LOGISTIC,test-valve_restriction-03,TEST,610,6.1000000000000005,1,0.9998398009163153,True,1,7.01,1.943278467680586e-06
LOGISTIC,test-valve_restriction-03,TEST,620,6.2,1,0.9996826825198529,True,1,7.01,1.943278467680586e-06
LOGISTIC,test-valve_restriction-03,TEST,630,6.3,1,0.999262607952334,True,,7.01,1.943278467680586e-06
LOGISTIC,test-valve_restriction-03,TEST,640,6.4,1,0.9966203519337155,True,,7.01,1.943278467680586e-06
LOGISTIC,test-valve_restriction-03,TEST,650,6.5,1,0.8576638502654547,True,,7.01,1.943278467680586e-06
LOGISTIC,test-valve_restriction-03,TEST,660,6.6000000000000005,1,0.9763864005747419,True,,7.01,1.943278467680586e-06
LOGISTIC,test-valve_restriction-03,TEST,670,6.7,1,0.9656843055566386,True,,7.01,1.943278467680586e-06
LOGISTIC,test-valve_restriction-03,TEST,680,6.8,1,0.9467959323348161,True,,7.01,1.943278467680586e-06
LOGISTIC,test-valve_restriction-03,TEST,690,6.9,1,0.8829274512460068,True,,7.01,1.943278467680586e-06
LOGISTIC,test-valve_restriction-03,TEST,700,7.0,1,0.9777621645337783,True,,7.01,1.943278467680586e-06
LOGISTIC,test-tool_demand_spike-00,TEST,430,4.3,0,2.142332024545579e-06,False,0,,1.943278467680586e-06
LOGISTIC,test-tool_demand_spike-00,TEST,440,4.4,0,2.142332024545579e-06,False,0,,1.943278467680586e-06
LOGISTIC,test-tool_demand_spike-00,TEST,450,4.5,0,2.142332024545579e-06,False,0,,1.943278467680586e-06
LOGISTIC,test-tool_demand_spike-00,TEST,460,4.6000000000000005,0,2.142332024545579e-06,False,0,,1.943278467680586e-06
LOGISTIC,test-tool_demand_spike-00,TEST,470,4.7,0,2.142332024545579e-06,False,0,,1.943278467680586e-06
LOGISTIC,test-tool_demand_spike-00,TEST,480,4.8,0,2.142332024545579e-06,False,0,,1.943278467680586e-06
LOGISTIC,test-tool_demand_spike-00,TEST,490,4.9,0,2.142332024545579e-06,False,0,,1.943278467680586e-06
LOGISTIC,test-tool_demand_spike-00,TEST,500,5.0,0,2.142332024545579e-06,False,0,,1.943278467680586e-06
LOGISTIC,test-tool_demand_spike-00,TEST,510,5.1000000000000005,0,2.142332024545579e-06,False,0,,1.943278467680586e-06
LOGISTIC,test-tool_demand_spike-00,TEST,520,5.2,0,2.142332024545579e-06,False,0,,1.943278467680586e-06
LOGISTIC,test-tool_demand_spike-00,TEST,530,5.3,0,2.142332024545579e-06,False,0,,1.943278467680586e-06
LOGISTIC,test-tool_demand_spike-00,TEST,540,5.4,0,2.142332024545579e-06,False,0,,1.943278467680586e-06
LOGISTIC,test-tool_demand_spike-00,TEST,550,5.5,0,2.142332024545579e-06,False,0,,1.943278467680586e-06
LOGISTIC,test-tool_demand_spike-00,TEST,560,5.6000000000000005,0,2.142332024545579e-06,False,0,,1.943278467680586e-06
LOGISTIC,test-tool_demand_spike-00,TEST,570,5.7,0,2.142332024545579e-06,False,0,,1.943278467680586e-06
LOGISTIC,test-tool_demand_spike-00,TEST,580,5.8,0,2.142332024545579e-06,False,0,,1.943278467680586e-06
LOGISTIC,test-tool_demand_spike-00,TEST,590,5.9,0,2.142332024545579e-06,False,0,,1.943278467680586e-06
LOGISTIC,test-tool_demand_spike-00,TEST,600,6.0,0,2.142332024545579e-06,False,0,,1.943278467680586e-06
LOGISTIC,test-tool_demand_spike-00,TEST,610,6.1000000000000005,0,2.142332024545579e-06,False,0,,1.943278467680586e-06
LOGISTIC,test-tool_demand_spike-00,TEST,620,6.2,0,2.142332024545579e-06,False,0,,1.943278467680586e-06
LOGISTIC,test-tool_demand_spike-00,TEST,630,6.3,0,2.142332024545579e-06,False,0,,1.943278467680586e-06
LOGISTIC,test-tool_demand_spike-00,TEST,640,6.4,0,2.142332024545579e-06,False,0,,1.943278467680586e-06
LOGISTIC,test-tool_demand_spike-00,TEST,650,6.5,0,2.142332024545579e-06,False,0,,1.943278467680586e-06
LOGISTIC,test-tool_demand_spike-00,TEST,660,6.6000000000000005,0,2.142332024545579e-06,False,0,,1.943278467680586e-06
LOGISTIC,test-tool_demand_spike-00,TEST,670,6.7,0,2.142332024545579e-06,False,0,,1.943278467680586e-06
LOGISTIC,test-tool_demand_spike-00,TEST,680,6.8,0,2.142332024545579e-06,False,0,,1.943278467680586e-06
LOGISTIC,test-tool_demand_spike-00,TEST,690,6.9,0,2.142332024545579e-06,False,0,,1.943278467680586e-06
LOGISTIC,test-tool_demand_spike-00,TEST,700,7.0,0,2.142332024545579e-06,False,0,,1.943278467680586e-06
LOGISTIC,test-tool_demand_spike-00,TEST,710,7.1000000000000005,0,2.142332024545579e-06,False,0,,1.943278467680586e-06
LOGISTIC,test-tool_demand_spike-00,TEST,720,7.2,0,2.142332024545579e-06,False,0,,1.943278467680586e-06
LOGISTIC,test-tool_demand_spike-00,TEST,730,7.3,0,2.142332024545579e-06,False,0,,1.943278467680586e-06
LOGISTIC,test-tool_demand_spike-00,TEST,740,7.4,0,2.142332024545579e-06,False,0,,1.943278467680586e-06
LOGISTIC,test-tool_demand_spike-00,TEST,750,7.5,0,2.142332024545579e-06,False,0,,1.943278467680586e-06
LOGISTIC,test-tool_demand_spike-00,TEST,760,7.6000000000000005,0,2.142332024545579e-06,False,0,,1.943278467680586e-06
LOGISTIC,test-tool_demand_spike-00,TEST,770,7.7,0,2.142332024545579e-06,False,0,,1.943278467680586e-06
LOGISTIC,test-tool_demand_spike-00,TEST,780,7.8,0,2.142332024545579e-06,False,0,,1.943278467680586e-06
LOGISTIC,test-tool_demand_spike-00,TEST,790,7.9,0,2.142332024545579e-06,False,0,,1.943278467680586e-06
LOGISTIC,test-tool_demand_spike-00,TEST,800,8.0,0,2.142332024545579e-06,False,0,,1.943278467680586e-06
LOGISTIC,test-tool_demand_spike-00,TEST,810,8.1,0,2.142332024545579e-06,False,0,,1.943278467680586e-06
LOGISTIC,test-tool_demand_spike-00,TEST,820,8.2,0,2.142332024545579e-06,False,0,,1.943278467680586e-06
LOGISTIC,test-tool_demand_spike-00,TEST,830,8.3,0,2.142332024545579e-06,False,0,,1.943278467680586e-06
LOGISTIC,test-tool_demand_spike-00,TEST,840,8.4,0,2.142332024545579e-06,False,0,,1.943278467680586e-06
LOGISTIC,test-tool_demand_spike-00,TEST,850,8.5,0,2.142332024545579e-06,False,0,,1.943278467680586e-06
LOGISTIC,test-tool_demand_spike-00,TEST,860,8.6,0,2.142332024545579e-06,False,0,,1.943278467680586e-06
LOGISTIC,test-tool_demand_spike-00,TEST,870,8.700000000000001,0,2.142332024545579e-06,False,0,,1.943278467680586e-06
LOGISTIC,test-tool_demand_spike-00,TEST,880,8.8,0,2.142332024545579e-06,False,0,,1.943278467680586e-06
LOGISTIC,test-tool_demand_spike-00,TEST,890,8.9,0,2.142332024545579e-06,False,0,,1.943278467680586e-06
LOGISTIC,test-tool_demand_spike-00,TEST,900,9.0,0,2.142332024545579e-06,False,0,,1.943278467680586e-06
LOGISTIC,test-tool_demand_spike-00,TEST,910,9.1,0,2.142332024545579e-06,False,0,,1.943278467680586e-06
LOGISTIC,test-tool_demand_spike-00,TEST,920,9.200000000000001,0,2.142332024545579e-06,False,0,,1.943278467680586e-06
LOGISTIC,test-tool_demand_spike-00,TEST,930,9.3,0,2.142332024545579e-06,False,0,,1.943278467680586e-06
LOGISTIC,test-tool_demand_spike-00,TEST,940,9.4,0,2.142332024545579e-06,False,0,,1.943278467680586e-06
LOGISTIC,test-tool_demand_spike-00,TEST,950,9.5,0,2.142332024545579e-06,False,0,,1.943278467680586e-06
LOGISTIC,test-tool_demand_spike-00,TEST,960,9.6,0,2.142332024545579e-06,False,0,,1.943278467680586e-06
LOGISTIC,test-tool_demand_spike-00,TEST,970,9.700000000000001,0,2.142332024545579e-06,False,0,,1.943278467680586e-06
LOGISTIC,test-tool_demand_spike-00,TEST,980,9.8,0,2.142332024545579e-06,False,0,,1.943278467680586e-06
LOGISTIC,test-tool_demand_spike-00,TEST,990,9.9,0,2.142332024545579e-06,False,0,,1.943278467680586e-06
LOGISTIC,test-tool_demand_spike-00,TEST,1000,10.0,0,2.142332024545579e-06,False,0,,1.943278467680586e-06
LOGISTIC,test-tool_demand_spike-00,TEST,1010,10.1,0,2.142332024545579e-06,False,0,,1.943278467680586e-06
LOGISTIC,test-tool_demand_spike-00,TEST,1020,10.200000000000001,0,2.142332024545579e-06,False,0,,1.943278467680586e-06
LOGISTIC,test-tool_demand_spike-00,TEST,1030,10.3,0,2.142332024545579e-06,False,0,,1.943278467680586e-06
LOGISTIC,test-tool_demand_spike-00,TEST,1040,10.4,0,2.142332024545579e-06,False,0,,1.943278467680586e-06
LOGISTIC,test-tool_demand_spike-00,TEST,1050,10.5,0,2.142332024545579e-06,False,0,,1.943278467680586e-06
LOGISTIC,test-tool_demand_spike-00,TEST,1060,10.6,0,2.142332024545579e-06,False,0,,1.943278467680586e-06
LOGISTIC,test-tool_demand_spike-00,TEST,1070,10.700000000000001,0,2.142332024545579e-06,False,0,,1.943278467680586e-06
LOGISTIC,test-tool_demand_spike-00,TEST,1080,10.8,0,2.142332024545579e-06,False,0,,1.943278467680586e-06
LOGISTIC,test-tool_demand_spike-00,TEST,1090,10.9,0,2.142332024545579e-06,False,0,,1.943278467680586e-06
LOGISTIC,test-tool_demand_spike-00,TEST,1100,11.0,0,2.142332024545579e-06,False,0,,1.943278467680586e-06
LOGISTIC,test-tool_demand_spike-00,TEST,1110,11.1,0,2.142332024545579e-06,False,0,,1.943278467680586e-06
LOGISTIC,test-tool_demand_spike-00,TEST,1120,11.200000000000001,0,2.142332024545579e-06,False,0,,1.943278467680586e-06
LOGISTIC,test-tool_demand_spike-00,TEST,1130,11.3,0,2.142332024545579e-06,False,0,,1.943278467680586e-06
LOGISTIC,test-tool_demand_spike-00,TEST,1140,11.4,0,2.142332024545579e-06,False,0,,1.943278467680586e-06
LOGISTIC,test-tool_demand_spike-00,TEST,1150,11.5,0,2.142332024545579e-06,False,0,,1.943278467680586e-06
LOGISTIC,test-tool_demand_spike-00,TEST,1160,11.6,0,2.142332024545579e-06,False,0,,1.943278467680586e-06
LOGISTIC,test-tool_demand_spike-00,TEST,1170,11.700000000000001,0,2.142332024545579e-06,False,0,,1.943278467680586e-06
LOGISTIC,test-tool_demand_spike-00,TEST,1180,11.8,0,2.142332024545579e-06,False,0,,1.943278467680586e-06
LOGISTIC,test-tool_demand_spike-00,TEST,1190,11.9,0,2.142332024545579e-06,False,0,,1.943278467680586e-06
LOGISTIC,test-tool_demand_spike-00,TEST,1200,12.0,0,2.142332024545579e-06,False,0,,1.943278467680586e-06
LOGISTIC,test-tool_demand_spike-00,TEST,1210,12.1,0,2.142332024545579e-06,False,0,,1.943278467680586e-06
LOGISTIC,test-tool_demand_spike-00,TEST,1220,12.200000000000001,0,2.142332024545579e-06,False,0,,1.943278467680586e-06
LOGISTIC,test-tool_demand_spike-00,TEST,1230,12.3,0,2.142332024545579e-06,False,0,,1.943278467680586e-06
LOGISTIC,test-tool_demand_spike-00,TEST,1240,12.4,0,2.142332024545579e-06,False,0,,1.943278467680586e-06
LOGISTIC,test-tool_demand_spike-00,TEST,1250,12.5,0,2.142332024545579e-06,False,0,,1.943278467680586e-06
LOGISTIC,test-tool_demand_spike-00,TEST,1260,12.6,0,2.142332024545579e-06,False,0,,1.943278467680586e-06
LOGISTIC,test-tool_demand_spike-00,TEST,1270,12.700000000000001,0,2.142332024545579e-06,False,0,,1.943278467680586e-06
LOGISTIC,test-tool_demand_spike-00,TEST,1280,12.8,0,2.142332024545579e-06,False,0,,1.943278467680586e-06
LOGISTIC,test-tool_demand_spike-00,TEST,1290,12.9,0,2.142332024545579e-06,False,0,,1.943278467680586e-06
LOGISTIC,test-tool_demand_spike-00,TEST,1300,13.0,0,2.142332024545579e-06,False,0,,1.943278467680586e-06
LOGISTIC,test-tool_demand_spike-01,TEST,430,4.3,0,2.142332024545579e-06,False,0,,1.943278467680586e-06
LOGISTIC,test-tool_demand_spike-01,TEST,440,4.4,0,2.142332024545579e-06,False,0,,1.943278467680586e-06
LOGISTIC,test-tool_demand_spike-01,TEST,450,4.5,0,2.142332024545579e-06,False,0,,1.943278467680586e-06
LOGISTIC,test-tool_demand_spike-01,TEST,460,4.6000000000000005,0,2.142332024545579e-06,False,0,,1.943278467680586e-06
LOGISTIC,test-tool_demand_spike-01,TEST,470,4.7,0,2.142332024545579e-06,False,0,,1.943278467680586e-06
LOGISTIC,test-tool_demand_spike-01,TEST,480,4.8,0,2.142332024545579e-06,False,0,,1.943278467680586e-06
LOGISTIC,test-tool_demand_spike-01,TEST,490,4.9,0,2.142332024545579e-06,False,0,,1.943278467680586e-06
LOGISTIC,test-tool_demand_spike-01,TEST,500,5.0,0,2.142332024545579e-06,False,0,,1.943278467680586e-06
LOGISTIC,test-tool_demand_spike-01,TEST,510,5.1000000000000005,0,2.142332024545579e-06,False,0,,1.943278467680586e-06
LOGISTIC,test-tool_demand_spike-01,TEST,520,5.2,0,2.142332024545579e-06,False,0,,1.943278467680586e-06
LOGISTIC,test-tool_demand_spike-01,TEST,530,5.3,0,2.142332024545579e-06,False,0,,1.943278467680586e-06
LOGISTIC,test-tool_demand_spike-01,TEST,540,5.4,0,2.142332024545579e-06,False,0,,1.943278467680586e-06
LOGISTIC,test-tool_demand_spike-01,TEST,550,5.5,0,2.142332024545579e-06,False,0,,1.943278467680586e-06
LOGISTIC,test-tool_demand_spike-01,TEST,560,5.6000000000000005,0,2.142332024545579e-06,False,0,,1.943278467680586e-06
LOGISTIC,test-tool_demand_spike-01,TEST,570,5.7,0,2.142332024545579e-06,False,0,,1.943278467680586e-06
LOGISTIC,test-tool_demand_spike-01,TEST,580,5.8,0,2.142332024545579e-06,False,0,,1.943278467680586e-06
LOGISTIC,test-tool_demand_spike-01,TEST,590,5.9,0,2.142332024545579e-06,False,0,,1.943278467680586e-06
LOGISTIC,test-tool_demand_spike-01,TEST,600,6.0,0,2.142332024545579e-06,False,0,,1.943278467680586e-06
LOGISTIC,test-tool_demand_spike-01,TEST,610,6.1000000000000005,0,2.142332024545579e-06,False,0,,1.943278467680586e-06
LOGISTIC,test-tool_demand_spike-01,TEST,620,6.2,0,2.142332024545579e-06,False,0,,1.943278467680586e-06
LOGISTIC,test-tool_demand_spike-01,TEST,630,6.3,0,2.142332024545579e-06,False,0,,1.943278467680586e-06
LOGISTIC,test-tool_demand_spike-01,TEST,640,6.4,0,2.142332024545579e-06,False,0,,1.943278467680586e-06
LOGISTIC,test-tool_demand_spike-01,TEST,650,6.5,0,2.142332024545579e-06,False,0,,1.943278467680586e-06
LOGISTIC,test-tool_demand_spike-01,TEST,660,6.6000000000000005,0,2.142332024545579e-06,False,0,,1.943278467680586e-06
LOGISTIC,test-tool_demand_spike-01,TEST,670,6.7,0,2.142332024545579e-06,False,0,,1.943278467680586e-06
LOGISTIC,test-tool_demand_spike-01,TEST,680,6.8,0,2.142332024545579e-06,False,0,,1.943278467680586e-06
LOGISTIC,test-tool_demand_spike-01,TEST,690,6.9,0,2.142332024545579e-06,False,0,,1.943278467680586e-06
LOGISTIC,test-tool_demand_spike-01,TEST,700,7.0,0,2.142332024545579e-06,False,0,,1.943278467680586e-06
LOGISTIC,test-tool_demand_spike-01,TEST,710,7.1000000000000005,0,2.142332024545579e-06,False,0,,1.943278467680586e-06
LOGISTIC,test-tool_demand_spike-01,TEST,720,7.2,0,2.142332024545579e-06,False,0,,1.943278467680586e-06
LOGISTIC,test-tool_demand_spike-01,TEST,730,7.3,0,2.142332024545579e-06,False,0,,1.943278467680586e-06
LOGISTIC,test-tool_demand_spike-01,TEST,740,7.4,0,2.142332024545579e-06,False,0,,1.943278467680586e-06
LOGISTIC,test-tool_demand_spike-01,TEST,750,7.5,0,2.142332024545579e-06,False,0,,1.943278467680586e-06
LOGISTIC,test-tool_demand_spike-01,TEST,760,7.6000000000000005,0,2.142332024545579e-06,False,0,,1.943278467680586e-06
LOGISTIC,test-tool_demand_spike-01,TEST,770,7.7,0,2.142332024545579e-06,False,0,,1.943278467680586e-06
LOGISTIC,test-tool_demand_spike-01,TEST,780,7.8,0,2.142332024545579e-06,False,0,,1.943278467680586e-06
LOGISTIC,test-tool_demand_spike-01,TEST,790,7.9,0,2.142332024545579e-06,False,0,,1.943278467680586e-06
LOGISTIC,test-tool_demand_spike-01,TEST,800,8.0,0,2.142332024545579e-06,False,0,,1.943278467680586e-06
LOGISTIC,test-tool_demand_spike-01,TEST,810,8.1,0,2.142332024545579e-06,False,0,,1.943278467680586e-06
LOGISTIC,test-tool_demand_spike-01,TEST,820,8.2,0,2.142332024545579e-06,False,0,,1.943278467680586e-06
LOGISTIC,test-tool_demand_spike-01,TEST,830,8.3,0,2.142332024545579e-06,False,0,,1.943278467680586e-06
LOGISTIC,test-tool_demand_spike-01,TEST,840,8.4,0,2.142332024545579e-06,False,0,,1.943278467680586e-06
LOGISTIC,test-tool_demand_spike-01,TEST,850,8.5,0,2.142332024545579e-06,False,0,,1.943278467680586e-06
LOGISTIC,test-tool_demand_spike-01,TEST,860,8.6,0,2.142332024545579e-06,False,0,,1.943278467680586e-06
LOGISTIC,test-tool_demand_spike-01,TEST,870,8.700000000000001,0,2.142332024545579e-06,False,0,,1.943278467680586e-06
LOGISTIC,test-tool_demand_spike-01,TEST,880,8.8,0,2.142332024545579e-06,False,0,,1.943278467680586e-06
LOGISTIC,test-tool_demand_spike-01,TEST,890,8.9,0,2.142332024545579e-06,False,0,,1.943278467680586e-06
LOGISTIC,test-tool_demand_spike-01,TEST,900,9.0,0,2.142332024545579e-06,False,0,,1.943278467680586e-06
LOGISTIC,test-tool_demand_spike-01,TEST,910,9.1,0,2.142332024545579e-06,False,0,,1.943278467680586e-06
LOGISTIC,test-tool_demand_spike-01,TEST,920,9.200000000000001,0,2.142332024545579e-06,False,0,,1.943278467680586e-06
LOGISTIC,test-tool_demand_spike-01,TEST,930,9.3,0,2.142332024545579e-06,False,0,,1.943278467680586e-06
LOGISTIC,test-tool_demand_spike-01,TEST,940,9.4,0,2.142332024545579e-06,False,0,,1.943278467680586e-06
LOGISTIC,test-tool_demand_spike-01,TEST,950,9.5,0,2.142332024545579e-06,False,0,,1.943278467680586e-06
LOGISTIC,test-tool_demand_spike-01,TEST,960,9.6,0,2.142332024545579e-06,False,0,,1.943278467680586e-06
LOGISTIC,test-tool_demand_spike-01,TEST,970,9.700000000000001,0,2.142332024545579e-06,False,0,,1.943278467680586e-06
LOGISTIC,test-tool_demand_spike-01,TEST,980,9.8,0,2.142332024545579e-06,False,0,,1.943278467680586e-06
LOGISTIC,test-tool_demand_spike-01,TEST,990,9.9,0,2.142332024545579e-06,False,0,,1.943278467680586e-06
LOGISTIC,test-tool_demand_spike-01,TEST,1000,10.0,0,2.142332024545579e-06,False,0,,1.943278467680586e-06
LOGISTIC,test-tool_demand_spike-01,TEST,1010,10.1,0,2.142332024545579e-06,False,0,,1.943278467680586e-06
LOGISTIC,test-tool_demand_spike-01,TEST,1020,10.200000000000001,0,2.142332024545579e-06,False,0,,1.943278467680586e-06
LOGISTIC,test-tool_demand_spike-01,TEST,1030,10.3,0,2.142332024545579e-06,False,0,,1.943278467680586e-06
LOGISTIC,test-tool_demand_spike-01,TEST,1040,10.4,0,2.142332024545579e-06,False,0,,1.943278467680586e-06
LOGISTIC,test-tool_demand_spike-01,TEST,1050,10.5,0,2.142332024545579e-06,False,0,,1.943278467680586e-06
LOGISTIC,test-tool_demand_spike-01,TEST,1060,10.6,0,2.142332024545579e-06,False,0,,1.943278467680586e-06
LOGISTIC,test-tool_demand_spike-01,TEST,1070,10.700000000000001,0,2.142332024545579e-06,False,0,,1.943278467680586e-06
LOGISTIC,test-tool_demand_spike-01,TEST,1080,10.8,0,2.142332024545579e-06,False,0,,1.943278467680586e-06
LOGISTIC,test-tool_demand_spike-01,TEST,1090,10.9,0,2.142332024545579e-06,False,0,,1.943278467680586e-06
LOGISTIC,test-tool_demand_spike-01,TEST,1100,11.0,0,2.142332024545579e-06,False,0,,1.943278467680586e-06
LOGISTIC,test-tool_demand_spike-01,TEST,1110,11.1,0,2.142332024545579e-06,False,0,,1.943278467680586e-06
LOGISTIC,test-tool_demand_spike-01,TEST,1120,11.200000000000001,0,2.142332024545579e-06,False,0,,1.943278467680586e-06
LOGISTIC,test-tool_demand_spike-01,TEST,1130,11.3,0,2.142332024545579e-06,False,0,,1.943278467680586e-06
LOGISTIC,test-tool_demand_spike-01,TEST,1140,11.4,0,2.142332024545579e-06,False,0,,1.943278467680586e-06
LOGISTIC,test-tool_demand_spike-01,TEST,1150,11.5,0,2.142332024545579e-06,False,0,,1.943278467680586e-06
LOGISTIC,test-tool_demand_spike-01,TEST,1160,11.6,0,2.142332024545579e-06,False,0,,1.943278467680586e-06
LOGISTIC,test-tool_demand_spike-01,TEST,1170,11.700000000000001,0,2.142332024545579e-06,False,0,,1.943278467680586e-06
LOGISTIC,test-tool_demand_spike-01,TEST,1180,11.8,0,2.142332024545579e-06,False,0,,1.943278467680586e-06
LOGISTIC,test-tool_demand_spike-01,TEST,1190,11.9,0,2.142332024545579e-06,False,0,,1.943278467680586e-06
LOGISTIC,test-tool_demand_spike-01,TEST,1200,12.0,0,2.142332024545579e-06,False,0,,1.943278467680586e-06
LOGISTIC,test-tool_demand_spike-01,TEST,1210,12.1,0,2.142332024545579e-06,False,0,,1.943278467680586e-06
LOGISTIC,test-tool_demand_spike-01,TEST,1220,12.200000000000001,0,2.142332024545579e-06,False,0,,1.943278467680586e-06
LOGISTIC,test-tool_demand_spike-01,TEST,1230,12.3,0,2.142332024545579e-06,False,0,,1.943278467680586e-06
LOGISTIC,test-tool_demand_spike-01,TEST,1240,12.4,0,2.142332024545579e-06,False,0,,1.943278467680586e-06
LOGISTIC,test-tool_demand_spike-01,TEST,1250,12.5,0,2.142332024545579e-06,False,0,,1.943278467680586e-06
LOGISTIC,test-tool_demand_spike-01,TEST,1260,12.6,0,2.142332024545579e-06,False,0,,1.943278467680586e-06
LOGISTIC,test-tool_demand_spike-01,TEST,1270,12.700000000000001,0,2.142332024545579e-06,False,0,,1.943278467680586e-06
LOGISTIC,test-tool_demand_spike-01,TEST,1280,12.8,0,2.142332024545579e-06,False,0,,1.943278467680586e-06
LOGISTIC,test-tool_demand_spike-01,TEST,1290,12.9,0,2.142332024545579e-06,False,0,,1.943278467680586e-06
LOGISTIC,test-tool_demand_spike-01,TEST,1300,13.0,0,2.142332024545579e-06,False,0,,1.943278467680586e-06
LOGISTIC,test-tool_demand_spike-02,TEST,430,4.3,0,2.142332024545579e-06,False,0,,1.943278467680586e-06
LOGISTIC,test-tool_demand_spike-02,TEST,440,4.4,0,2.142332024545579e-06,False,0,,1.943278467680586e-06
LOGISTIC,test-tool_demand_spike-02,TEST,450,4.5,0,2.142332024545579e-06,False,0,,1.943278467680586e-06
LOGISTIC,test-tool_demand_spike-02,TEST,460,4.6000000000000005,0,2.142332024545579e-06,False,0,,1.943278467680586e-06
LOGISTIC,test-tool_demand_spike-02,TEST,470,4.7,0,2.142332024545579e-06,False,0,,1.943278467680586e-06
LOGISTIC,test-tool_demand_spike-02,TEST,480,4.8,0,2.142332024545579e-06,False,0,,1.943278467680586e-06
LOGISTIC,test-tool_demand_spike-02,TEST,490,4.9,0,2.142332024545579e-06,False,0,,1.943278467680586e-06
LOGISTIC,test-tool_demand_spike-02,TEST,500,5.0,0,2.142332024545579e-06,False,0,,1.943278467680586e-06
LOGISTIC,test-tool_demand_spike-02,TEST,510,5.1000000000000005,0,2.142332024545579e-06,False,0,,1.943278467680586e-06
LOGISTIC,test-tool_demand_spike-02,TEST,520,5.2,0,2.142332024545579e-06,False,0,,1.943278467680586e-06
LOGISTIC,test-tool_demand_spike-02,TEST,530,5.3,0,2.142332024545579e-06,False,0,,1.943278467680586e-06
LOGISTIC,test-tool_demand_spike-02,TEST,540,5.4,0,2.142332024545579e-06,False,0,,1.943278467680586e-06
LOGISTIC,test-tool_demand_spike-02,TEST,550,5.5,0,2.142332024545579e-06,False,0,,1.943278467680586e-06
LOGISTIC,test-tool_demand_spike-02,TEST,560,5.6000000000000005,0,2.142332024545579e-06,False,0,,1.943278467680586e-06
LOGISTIC,test-tool_demand_spike-02,TEST,570,5.7,0,2.142332024545579e-06,False,0,,1.943278467680586e-06
LOGISTIC,test-tool_demand_spike-02,TEST,580,5.8,0,2.142332024545579e-06,False,0,,1.943278467680586e-06
LOGISTIC,test-tool_demand_spike-02,TEST,590,5.9,0,2.142332024545579e-06,False,0,,1.943278467680586e-06
LOGISTIC,test-tool_demand_spike-02,TEST,600,6.0,0,2.142332024545579e-06,False,0,,1.943278467680586e-06
LOGISTIC,test-tool_demand_spike-02,TEST,610,6.1000000000000005,0,1.8725294359279964e-05,False,0,,1.943278467680586e-06
LOGISTIC,test-tool_demand_spike-02,TEST,620,6.2,0,2.8118266073713095e-05,False,0,,1.943278467680586e-06
LOGISTIC,test-tool_demand_spike-02,TEST,630,6.3,0,4.07929989730824e-05,False,0,,1.943278467680586e-06
LOGISTIC,test-tool_demand_spike-02,TEST,640,6.4,0,2.142332024545579e-06,False,0,,1.943278467680586e-06
LOGISTIC,test-tool_demand_spike-02,TEST,650,6.5,0,2.142332024545579e-06,False,0,,1.943278467680586e-06
LOGISTIC,test-tool_demand_spike-02,TEST,660,6.6000000000000005,0,2.142332024545579e-06,False,0,,1.943278467680586e-06
LOGISTIC,test-tool_demand_spike-02,TEST,670,6.7,0,2.370928140629505e-06,False,0,,1.943278467680586e-06
LOGISTIC,test-tool_demand_spike-02,TEST,680,6.8,0,2.142332024545579e-06,False,0,,1.943278467680586e-06
LOGISTIC,test-tool_demand_spike-02,TEST,690,6.9,0,2.142332024545579e-06,False,0,,1.943278467680586e-06
LOGISTIC,test-tool_demand_spike-02,TEST,700,7.0,0,2.142332024545579e-06,False,0,,1.943278467680586e-06
LOGISTIC,test-tool_demand_spike-02,TEST,710,7.1000000000000005,0,2.142332024545579e-06,False,0,,1.943278467680586e-06
LOGISTIC,test-tool_demand_spike-02,TEST,720,7.2,0,2.142332024545579e-06,False,0,,1.943278467680586e-06
LOGISTIC,test-tool_demand_spike-02,TEST,730,7.3,0,2.142332024545579e-06,False,0,,1.943278467680586e-06
LOGISTIC,test-tool_demand_spike-02,TEST,740,7.4,0,2.142332024545579e-06,False,0,,1.943278467680586e-06
LOGISTIC,test-tool_demand_spike-02,TEST,750,7.5,0,2.861223280981547e-06,False,0,,1.943278467680586e-06
LOGISTIC,test-tool_demand_spike-02,TEST,760,7.6000000000000005,0,2.142332024545579e-06,False,0,,1.943278467680586e-06
LOGISTIC,test-tool_demand_spike-02,TEST,770,7.7,0,2.142332024545579e-06,False,0,,1.943278467680586e-06
LOGISTIC,test-tool_demand_spike-02,TEST,780,7.8,0,2.142332024545579e-06,False,0,,1.943278467680586e-06
LOGISTIC,test-tool_demand_spike-02,TEST,790,7.9,0,2.142332024545579e-06,False,0,,1.943278467680586e-06
LOGISTIC,test-tool_demand_spike-02,TEST,800,8.0,0,2.142332024545579e-06,False,0,,1.943278467680586e-06
LOGISTIC,test-tool_demand_spike-02,TEST,810,8.1,0,2.142332024545579e-06,False,0,,1.943278467680586e-06
LOGISTIC,test-tool_demand_spike-02,TEST,820,8.2,0,2.142332024545579e-06,False,0,,1.943278467680586e-06
LOGISTIC,test-tool_demand_spike-02,TEST,830,8.3,0,2.142332024545579e-06,False,0,,1.943278467680586e-06
LOGISTIC,test-tool_demand_spike-02,TEST,840,8.4,0,2.142332024545579e-06,False,0,,1.943278467680586e-06
LOGISTIC,test-tool_demand_spike-02,TEST,850,8.5,0,2.142332024545579e-06,False,0,,1.943278467680586e-06
LOGISTIC,test-tool_demand_spike-02,TEST,860,8.6,0,2.142332024545579e-06,False,0,,1.943278467680586e-06
LOGISTIC,test-tool_demand_spike-02,TEST,870,8.700000000000001,0,2.142332024545579e-06,False,0,,1.943278467680586e-06
LOGISTIC,test-tool_demand_spike-02,TEST,880,8.8,0,2.142332024545579e-06,False,0,,1.943278467680586e-06
LOGISTIC,test-tool_demand_spike-02,TEST,890,8.9,0,2.142332024545579e-06,False,0,,1.943278467680586e-06
LOGISTIC,test-tool_demand_spike-02,TEST,900,9.0,0,2.142332024545579e-06,False,0,,1.943278467680586e-06
LOGISTIC,test-tool_demand_spike-02,TEST,910,9.1,0,2.6579619920271233e-06,False,0,,1.943278467680586e-06
LOGISTIC,test-tool_demand_spike-02,TEST,920,9.200000000000001,0,2.142332024545579e-06,False,0,,1.943278467680586e-06
LOGISTIC,test-tool_demand_spike-02,TEST,930,9.3,0,2.142332024545579e-06,False,0,,1.943278467680586e-06
LOGISTIC,test-tool_demand_spike-02,TEST,940,9.4,0,2.142332024545579e-06,False,0,,1.943278467680586e-06
LOGISTIC,test-tool_demand_spike-02,TEST,950,9.5,0,2.142332024545579e-06,False,0,,1.943278467680586e-06
LOGISTIC,test-tool_demand_spike-02,TEST,960,9.6,0,2.142332024545579e-06,False,0,,1.943278467680586e-06
LOGISTIC,test-tool_demand_spike-02,TEST,970,9.700000000000001,0,2.142332024545579e-06,False,0,,1.943278467680586e-06
LOGISTIC,test-tool_demand_spike-02,TEST,980,9.8,0,2.142332024545579e-06,False,0,,1.943278467680586e-06
LOGISTIC,test-tool_demand_spike-02,TEST,990,9.9,0,2.142332024545579e-06,False,0,,1.943278467680586e-06
LOGISTIC,test-tool_demand_spike-02,TEST,1000,10.0,0,2.142332024545579e-06,False,0,,1.943278467680586e-06
LOGISTIC,test-tool_demand_spike-02,TEST,1010,10.1,0,2.142332024545579e-06,False,0,,1.943278467680586e-06
LOGISTIC,test-tool_demand_spike-02,TEST,1020,10.200000000000001,0,2.142332024545579e-06,False,0,,1.943278467680586e-06
LOGISTIC,test-tool_demand_spike-02,TEST,1030,10.3,0,2.142332024545579e-06,False,0,,1.943278467680586e-06
LOGISTIC,test-tool_demand_spike-02,TEST,1040,10.4,0,2.142332024545579e-06,False,0,,1.943278467680586e-06
LOGISTIC,test-tool_demand_spike-02,TEST,1050,10.5,0,2.142332024545579e-06,False,0,,1.943278467680586e-06
LOGISTIC,test-tool_demand_spike-02,TEST,1060,10.6,0,2.1588442970898618e-06,False,0,,1.943278467680586e-06
LOGISTIC,test-tool_demand_spike-02,TEST,1070,10.700000000000001,0,3.525328257770934e-06,False,0,,1.943278467680586e-06
LOGISTIC,test-tool_demand_spike-02,TEST,1080,10.8,0,2.142332024545579e-06,False,0,,1.943278467680586e-06
LOGISTIC,test-tool_demand_spike-02,TEST,1090,10.9,0,2.142332024545579e-06,False,0,,1.943278467680586e-06
LOGISTIC,test-tool_demand_spike-02,TEST,1100,11.0,0,2.142332024545579e-06,False,0,,1.943278467680586e-06
LOGISTIC,test-tool_demand_spike-02,TEST,1110,11.1,0,2.142332024545579e-06,False,0,,1.943278467680586e-06
LOGISTIC,test-tool_demand_spike-02,TEST,1120,11.200000000000001,0,2.142332024545579e-06,False,0,,1.943278467680586e-06
LOGISTIC,test-tool_demand_spike-02,TEST,1130,11.3,0,2.142332024545579e-06,False,0,,1.943278467680586e-06
LOGISTIC,test-tool_demand_spike-02,TEST,1140,11.4,0,2.142332024545579e-06,False,0,,1.943278467680586e-06
LOGISTIC,test-tool_demand_spike-02,TEST,1150,11.5,0,2.142332024545579e-06,False,0,,1.943278467680586e-06
LOGISTIC,test-tool_demand_spike-02,TEST,1160,11.6,0,2.142332024545579e-06,False,0,,1.943278467680586e-06
LOGISTIC,test-tool_demand_spike-02,TEST,1170,11.700000000000001,0,2.142332024545579e-06,False,0,,1.943278467680586e-06
LOGISTIC,test-tool_demand_spike-02,TEST,1180,11.8,0,2.142332024545579e-06,False,0,,1.943278467680586e-06
LOGISTIC,test-tool_demand_spike-02,TEST,1190,11.9,0,2.142332024545579e-06,False,0,,1.943278467680586e-06
LOGISTIC,test-tool_demand_spike-02,TEST,1200,12.0,0,2.142332024545579e-06,False,0,,1.943278467680586e-06
LOGISTIC,test-tool_demand_spike-02,TEST,1210,12.1,0,2.142332024545579e-06,False,0,,1.943278467680586e-06
LOGISTIC,test-tool_demand_spike-02,TEST,1220,12.200000000000001,0,2.142332024545579e-06,False,0,,1.943278467680586e-06
LOGISTIC,test-tool_demand_spike-02,TEST,1230,12.3,0,2.142332024545579e-06,False,0,,1.943278467680586e-06
LOGISTIC,test-tool_demand_spike-02,TEST,1240,12.4,0,2.142332024545579e-06,False,0,,1.943278467680586e-06
LOGISTIC,test-tool_demand_spike-02,TEST,1250,12.5,0,2.142332024545579e-06,False,0,,1.943278467680586e-06
LOGISTIC,test-tool_demand_spike-02,TEST,1260,12.6,0,2.142332024545579e-06,False,0,,1.943278467680586e-06
LOGISTIC,test-tool_demand_spike-02,TEST,1270,12.700000000000001,0,2.142332024545579e-06,False,0,,1.943278467680586e-06
LOGISTIC,test-tool_demand_spike-02,TEST,1280,12.8,0,2.142332024545579e-06,False,0,,1.943278467680586e-06
LOGISTIC,test-tool_demand_spike-02,TEST,1290,12.9,0,2.142332024545579e-06,False,0,,1.943278467680586e-06
LOGISTIC,test-tool_demand_spike-02,TEST,1300,13.0,0,2.142332024545579e-06,False,0,,1.943278467680586e-06
LOGISTIC,test-tool_demand_spike-03,TEST,430,4.3,0,2.142332024545579e-06,False,0,,1.943278467680586e-06
LOGISTIC,test-tool_demand_spike-03,TEST,440,4.4,0,2.142332024545579e-06,False,0,,1.943278467680586e-06
LOGISTIC,test-tool_demand_spike-03,TEST,450,4.5,0,2.142332024545579e-06,False,0,,1.943278467680586e-06
LOGISTIC,test-tool_demand_spike-03,TEST,460,4.6000000000000005,0,2.142332024545579e-06,False,0,,1.943278467680586e-06
LOGISTIC,test-tool_demand_spike-03,TEST,470,4.7,0,2.142332024545579e-06,False,0,,1.943278467680586e-06
LOGISTIC,test-tool_demand_spike-03,TEST,480,4.8,0,2.142332024545579e-06,False,0,,1.943278467680586e-06
LOGISTIC,test-tool_demand_spike-03,TEST,490,4.9,0,2.142332024545579e-06,False,0,,1.943278467680586e-06
LOGISTIC,test-tool_demand_spike-03,TEST,500,5.0,0,2.142332024545579e-06,False,0,,1.943278467680586e-06
LOGISTIC,test-tool_demand_spike-03,TEST,510,5.1000000000000005,0,2.142332024545579e-06,False,0,,1.943278467680586e-06
LOGISTIC,test-tool_demand_spike-03,TEST,520,5.2,0,2.142332024545579e-06,False,0,,1.943278467680586e-06
LOGISTIC,test-tool_demand_spike-03,TEST,530,5.3,0,2.142332024545579e-06,False,0,,1.943278467680586e-06
LOGISTIC,test-tool_demand_spike-03,TEST,540,5.4,0,2.142332024545579e-06,False,0,,1.943278467680586e-06
LOGISTIC,test-tool_demand_spike-03,TEST,550,5.5,0,2.142332024545579e-06,False,0,,1.943278467680586e-06
LOGISTIC,test-tool_demand_spike-03,TEST,560,5.6000000000000005,0,2.142332024545579e-06,False,0,,1.943278467680586e-06
LOGISTIC,test-tool_demand_spike-03,TEST,570,5.7,0,2.142332024545579e-06,False,0,,1.943278467680586e-06
LOGISTIC,test-tool_demand_spike-03,TEST,580,5.8,0,2.142332024545579e-06,False,0,,1.943278467680586e-06
LOGISTIC,test-tool_demand_spike-03,TEST,590,5.9,0,2.142332024545579e-06,False,0,,1.943278467680586e-06
LOGISTIC,test-tool_demand_spike-03,TEST,600,6.0,0,2.142332024545579e-06,False,0,,1.943278467680586e-06
LOGISTIC,test-tool_demand_spike-03,TEST,610,6.1000000000000005,0,2.142332024545579e-06,False,0,,1.943278467680586e-06
LOGISTIC,test-tool_demand_spike-03,TEST,620,6.2,0,2.142332024545579e-06,False,0,,1.943278467680586e-06
LOGISTIC,test-tool_demand_spike-03,TEST,630,6.3,0,2.142332024545579e-06,False,0,,1.943278467680586e-06
LOGISTIC,test-tool_demand_spike-03,TEST,640,6.4,0,2.142332024545579e-06,False,0,,1.943278467680586e-06
LOGISTIC,test-tool_demand_spike-03,TEST,650,6.5,0,2.142332024545579e-06,False,0,,1.943278467680586e-06
LOGISTIC,test-tool_demand_spike-03,TEST,660,6.6000000000000005,0,2.142332024545579e-06,False,0,,1.943278467680586e-06
LOGISTIC,test-tool_demand_spike-03,TEST,670,6.7,0,2.142332024545579e-06,False,0,,1.943278467680586e-06
LOGISTIC,test-tool_demand_spike-03,TEST,680,6.8,0,2.142332024545579e-06,False,0,,1.943278467680586e-06
LOGISTIC,test-tool_demand_spike-03,TEST,690,6.9,0,2.142332024545579e-06,False,0,,1.943278467680586e-06
LOGISTIC,test-tool_demand_spike-03,TEST,700,7.0,0,2.142332024545579e-06,False,0,,1.943278467680586e-06
LOGISTIC,test-tool_demand_spike-03,TEST,710,7.1000000000000005,0,2.142332024545579e-06,False,0,,1.943278467680586e-06
LOGISTIC,test-tool_demand_spike-03,TEST,720,7.2,0,2.142332024545579e-06,False,0,,1.943278467680586e-06
LOGISTIC,test-tool_demand_spike-03,TEST,730,7.3,0,2.142332024545579e-06,False,0,,1.943278467680586e-06
LOGISTIC,test-tool_demand_spike-03,TEST,740,7.4,0,2.142332024545579e-06,False,0,,1.943278467680586e-06
LOGISTIC,test-tool_demand_spike-03,TEST,750,7.5,0,2.142332024545579e-06,False,0,,1.943278467680586e-06
LOGISTIC,test-tool_demand_spike-03,TEST,760,7.6000000000000005,0,2.142332024545579e-06,False,0,,1.943278467680586e-06
LOGISTIC,test-tool_demand_spike-03,TEST,770,7.7,0,2.142332024545579e-06,False,0,,1.943278467680586e-06
LOGISTIC,test-tool_demand_spike-03,TEST,780,7.8,0,2.142332024545579e-06,False,0,,1.943278467680586e-06
LOGISTIC,test-tool_demand_spike-03,TEST,790,7.9,0,2.142332024545579e-06,False,0,,1.943278467680586e-06
LOGISTIC,test-tool_demand_spike-03,TEST,800,8.0,0,2.142332024545579e-06,False,0,,1.943278467680586e-06
LOGISTIC,test-tool_demand_spike-03,TEST,810,8.1,0,2.142332024545579e-06,False,0,,1.943278467680586e-06
LOGISTIC,test-tool_demand_spike-03,TEST,820,8.2,0,2.142332024545579e-06,False,0,,1.943278467680586e-06
LOGISTIC,test-tool_demand_spike-03,TEST,830,8.3,0,2.142332024545579e-06,False,0,,1.943278467680586e-06
LOGISTIC,test-tool_demand_spike-03,TEST,840,8.4,0,2.142332024545579e-06,False,0,,1.943278467680586e-06
LOGISTIC,test-tool_demand_spike-03,TEST,850,8.5,0,2.142332024545579e-06,False,0,,1.943278467680586e-06
LOGISTIC,test-tool_demand_spike-03,TEST,860,8.6,0,2.142332024545579e-06,False,0,,1.943278467680586e-06
LOGISTIC,test-tool_demand_spike-03,TEST,870,8.700000000000001,0,2.142332024545579e-06,False,0,,1.943278467680586e-06
LOGISTIC,test-tool_demand_spike-03,TEST,880,8.8,0,2.142332024545579e-06,False,0,,1.943278467680586e-06
LOGISTIC,test-tool_demand_spike-03,TEST,890,8.9,0,2.142332024545579e-06,False,0,,1.943278467680586e-06
LOGISTIC,test-tool_demand_spike-03,TEST,900,9.0,0,2.142332024545579e-06,False,0,,1.943278467680586e-06
LOGISTIC,test-tool_demand_spike-03,TEST,910,9.1,0,2.142332024545579e-06,False,0,,1.943278467680586e-06
LOGISTIC,test-tool_demand_spike-03,TEST,920,9.200000000000001,0,2.142332024545579e-06,False,0,,1.943278467680586e-06
LOGISTIC,test-tool_demand_spike-03,TEST,930,9.3,0,2.142332024545579e-06,False,0,,1.943278467680586e-06
LOGISTIC,test-tool_demand_spike-03,TEST,940,9.4,0,2.142332024545579e-06,False,0,,1.943278467680586e-06
LOGISTIC,test-tool_demand_spike-03,TEST,950,9.5,0,2.142332024545579e-06,False,0,,1.943278467680586e-06
LOGISTIC,test-tool_demand_spike-03,TEST,960,9.6,0,2.142332024545579e-06,False,0,,1.943278467680586e-06
LOGISTIC,test-tool_demand_spike-03,TEST,970,9.700000000000001,0,2.142332024545579e-06,False,0,,1.943278467680586e-06
LOGISTIC,test-tool_demand_spike-03,TEST,980,9.8,0,2.142332024545579e-06,False,0,,1.943278467680586e-06
LOGISTIC,test-tool_demand_spike-03,TEST,990,9.9,0,2.142332024545579e-06,False,0,,1.943278467680586e-06
LOGISTIC,test-tool_demand_spike-03,TEST,1000,10.0,0,2.142332024545579e-06,False,0,,1.943278467680586e-06
LOGISTIC,test-tool_demand_spike-03,TEST,1010,10.1,0,2.142332024545579e-06,False,0,,1.943278467680586e-06
LOGISTIC,test-tool_demand_spike-03,TEST,1020,10.200000000000001,0,2.142332024545579e-06,False,0,,1.943278467680586e-06
LOGISTIC,test-tool_demand_spike-03,TEST,1030,10.3,0,2.142332024545579e-06,False,0,,1.943278467680586e-06
LOGISTIC,test-tool_demand_spike-03,TEST,1040,10.4,0,2.142332024545579e-06,False,0,,1.943278467680586e-06
LOGISTIC,test-tool_demand_spike-03,TEST,1050,10.5,0,2.142332024545579e-06,False,0,,1.943278467680586e-06
LOGISTIC,test-tool_demand_spike-03,TEST,1060,10.6,0,2.142332024545579e-06,False,0,,1.943278467680586e-06
LOGISTIC,test-tool_demand_spike-03,TEST,1070,10.700000000000001,0,2.142332024545579e-06,False,0,,1.943278467680586e-06
LOGISTIC,test-tool_demand_spike-03,TEST,1080,10.8,0,2.142332024545579e-06,False,0,,1.943278467680586e-06
LOGISTIC,test-tool_demand_spike-03,TEST,1090,10.9,0,2.142332024545579e-06,False,0,,1.943278467680586e-06
LOGISTIC,test-tool_demand_spike-03,TEST,1100,11.0,0,2.142332024545579e-06,False,0,,1.943278467680586e-06
LOGISTIC,test-tool_demand_spike-03,TEST,1110,11.1,0,2.142332024545579e-06,False,0,,1.943278467680586e-06
LOGISTIC,test-tool_demand_spike-03,TEST,1120,11.200000000000001,0,2.142332024545579e-06,False,0,,1.943278467680586e-06
LOGISTIC,test-tool_demand_spike-03,TEST,1130,11.3,0,2.142332024545579e-06,False,0,,1.943278467680586e-06
LOGISTIC,test-tool_demand_spike-03,TEST,1140,11.4,0,2.142332024545579e-06,False,0,,1.943278467680586e-06
LOGISTIC,test-tool_demand_spike-03,TEST,1150,11.5,0,2.142332024545579e-06,False,0,,1.943278467680586e-06
LOGISTIC,test-tool_demand_spike-03,TEST,1160,11.6,0,2.142332024545579e-06,False,0,,1.943278467680586e-06
LOGISTIC,test-tool_demand_spike-03,TEST,1170,11.700000000000001,0,2.142332024545579e-06,False,0,,1.943278467680586e-06
LOGISTIC,test-tool_demand_spike-03,TEST,1180,11.8,0,2.142332024545579e-06,False,0,,1.943278467680586e-06
LOGISTIC,test-tool_demand_spike-03,TEST,1190,11.9,0,2.142332024545579e-06,False,0,,1.943278467680586e-06
LOGISTIC,test-tool_demand_spike-03,TEST,1200,12.0,0,2.142332024545579e-06,False,0,,1.943278467680586e-06
LOGISTIC,test-tool_demand_spike-03,TEST,1210,12.1,0,2.142332024545579e-06,False,0,,1.943278467680586e-06
LOGISTIC,test-tool_demand_spike-03,TEST,1220,12.200000000000001,0,2.142332024545579e-06,False,0,,1.943278467680586e-06
LOGISTIC,test-tool_demand_spike-03,TEST,1230,12.3,0,2.142332024545579e-06,False,0,,1.943278467680586e-06
LOGISTIC,test-tool_demand_spike-03,TEST,1240,12.4,0,2.142332024545579e-06,False,0,,1.943278467680586e-06
LOGISTIC,test-tool_demand_spike-03,TEST,1250,12.5,0,2.142332024545579e-06,False,0,,1.943278467680586e-06
LOGISTIC,test-tool_demand_spike-03,TEST,1260,12.6,0,2.142332024545579e-06,False,0,,1.943278467680586e-06
LOGISTIC,test-tool_demand_spike-03,TEST,1270,12.700000000000001,0,2.142332024545579e-06,False,0,,1.943278467680586e-06
LOGISTIC,test-tool_demand_spike-03,TEST,1280,12.8,0,2.142332024545579e-06,False,0,,1.943278467680586e-06
LOGISTIC,test-tool_demand_spike-03,TEST,1290,12.9,0,2.142332024545579e-06,False,0,,1.943278467680586e-06
LOGISTIC,test-tool_demand_spike-03,TEST,1300,13.0,0,2.142332024545579e-06,False,0,,1.943278467680586e-06
LOGISTIC,unseen-compound-00,UNSEEN_COMPOUND,430,4.3,0,2.142332024545579e-06,False,0,,3.3548920493393037e-06
LOGISTIC,unseen-compound-00,UNSEEN_COMPOUND,440,4.4,0,2.142332024545579e-06,False,0,,3.3548920493393037e-06
LOGISTIC,unseen-compound-00,UNSEEN_COMPOUND,450,4.5,0,2.142332024545579e-06,False,0,,3.3548920493393037e-06
LOGISTIC,unseen-compound-00,UNSEEN_COMPOUND,460,4.6000000000000005,0,2.142332024545579e-06,False,0,,3.3548920493393037e-06
LOGISTIC,unseen-compound-00,UNSEEN_COMPOUND,470,4.7,0,2.142332024545579e-06,False,0,,3.3548920493393037e-06
LOGISTIC,unseen-compound-00,UNSEEN_COMPOUND,480,4.8,0,2.142332024545579e-06,False,0,,3.3548920493393037e-06
LOGISTIC,unseen-compound-00,UNSEEN_COMPOUND,490,4.9,0,2.142332024545579e-06,False,0,,3.3548920493393037e-06
LOGISTIC,unseen-compound-00,UNSEEN_COMPOUND,500,5.0,0,2.142332024545579e-06,False,0,,3.3548920493393037e-06
LOGISTIC,unseen-compound-00,UNSEEN_COMPOUND,510,5.1000000000000005,0,2.142332024545579e-06,False,0,,3.3548920493393037e-06
LOGISTIC,unseen-compound-00,UNSEEN_COMPOUND,520,5.2,0,2.142332024545579e-06,False,0,,3.3548920493393037e-06
LOGISTIC,unseen-compound-00,UNSEEN_COMPOUND,530,5.3,0,2.142332024545579e-06,False,0,,3.3548920493393037e-06
LOGISTIC,unseen-compound-00,UNSEEN_COMPOUND,540,5.4,0,2.142332024545579e-06,False,0,,3.3548920493393037e-06
LOGISTIC,unseen-compound-00,UNSEEN_COMPOUND,550,5.5,0,2.142332024545579e-06,False,0,,3.3548920493393037e-06
LOGISTIC,unseen-compound-00,UNSEEN_COMPOUND,560,5.6000000000000005,0,2.142332024545579e-06,False,0,,3.3548920493393037e-06
LOGISTIC,unseen-compound-00,UNSEEN_COMPOUND,570,5.7,0,2.142332024545579e-06,False,0,,3.3548920493393037e-06
LOGISTIC,unseen-compound-00,UNSEEN_COMPOUND,580,5.8,0,2.142332024545579e-06,False,0,,3.3548920493393037e-06
LOGISTIC,unseen-compound-00,UNSEEN_COMPOUND,590,5.9,0,2.142332024545579e-06,False,0,,3.3548920493393037e-06
LOGISTIC,unseen-compound-00,UNSEEN_COMPOUND,600,6.0,0,2.142332024545579e-06,False,0,,3.3548920493393037e-06
LOGISTIC,unseen-compound-00,UNSEEN_COMPOUND,610,6.1000000000000005,0,2.142332024545579e-06,False,0,,3.3548920493393037e-06
LOGISTIC,unseen-compound-00,UNSEEN_COMPOUND,620,6.2,0,2.142332024545579e-06,False,0,,3.3548920493393037e-06
LOGISTIC,unseen-compound-00,UNSEEN_COMPOUND,630,6.3,0,2.142332024545579e-06,False,0,,3.3548920493393037e-06
LOGISTIC,unseen-compound-00,UNSEEN_COMPOUND,640,6.4,0,2.142332024545579e-06,False,0,,3.3548920493393037e-06
LOGISTIC,unseen-compound-00,UNSEEN_COMPOUND,650,6.5,0,2.142332024545579e-06,False,0,,3.3548920493393037e-06
LOGISTIC,unseen-compound-00,UNSEEN_COMPOUND,660,6.6000000000000005,0,2.142332024545579e-06,False,0,,3.3548920493393037e-06
LOGISTIC,unseen-compound-00,UNSEEN_COMPOUND,670,6.7,0,2.142332024545579e-06,False,0,,3.3548920493393037e-06
LOGISTIC,unseen-compound-00,UNSEEN_COMPOUND,680,6.8,0,2.142332024545579e-06,False,0,,3.3548920493393037e-06
LOGISTIC,unseen-compound-00,UNSEEN_COMPOUND,690,6.9,0,2.142332024545579e-06,False,0,,3.3548920493393037e-06
LOGISTIC,unseen-compound-00,UNSEEN_COMPOUND,700,7.0,0,2.142332024545579e-06,False,0,,3.3548920493393037e-06
LOGISTIC,unseen-compound-00,UNSEEN_COMPOUND,710,7.1000000000000005,0,2.142332024545579e-06,False,0,,3.3548920493393037e-06
LOGISTIC,unseen-compound-00,UNSEEN_COMPOUND,720,7.2,0,2.142332024545579e-06,False,0,,3.3548920493393037e-06
LOGISTIC,unseen-compound-00,UNSEEN_COMPOUND,730,7.3,0,2.142332024545579e-06,False,0,,3.3548920493393037e-06
LOGISTIC,unseen-compound-00,UNSEEN_COMPOUND,740,7.4,0,2.142332024545579e-06,False,0,,3.3548920493393037e-06
LOGISTIC,unseen-compound-00,UNSEEN_COMPOUND,750,7.5,0,2.142332024545579e-06,False,0,,3.3548920493393037e-06
LOGISTIC,unseen-compound-00,UNSEEN_COMPOUND,760,7.6000000000000005,0,2.142332024545579e-06,False,0,,3.3548920493393037e-06
LOGISTIC,unseen-compound-00,UNSEEN_COMPOUND,770,7.7,0,2.142332024545579e-06,False,0,,3.3548920493393037e-06
LOGISTIC,unseen-compound-00,UNSEEN_COMPOUND,780,7.8,0,2.142332024545579e-06,False,0,,3.3548920493393037e-06
LOGISTIC,unseen-compound-00,UNSEEN_COMPOUND,790,7.9,0,2.142332024545579e-06,False,0,,3.3548920493393037e-06
LOGISTIC,unseen-compound-00,UNSEEN_COMPOUND,800,8.0,0,2.142332024545579e-06,False,0,,3.3548920493393037e-06
LOGISTIC,unseen-compound-00,UNSEEN_COMPOUND,810,8.1,0,2.142332024545579e-06,False,0,,3.3548920493393037e-06
LOGISTIC,unseen-compound-00,UNSEEN_COMPOUND,820,8.2,0,2.142332024545579e-06,False,0,,3.3548920493393037e-06
LOGISTIC,unseen-compound-00,UNSEEN_COMPOUND,830,8.3,0,2.142332024545579e-06,False,0,,3.3548920493393037e-06
LOGISTIC,unseen-compound-00,UNSEEN_COMPOUND,840,8.4,0,2.142332024545579e-06,False,0,,3.3548920493393037e-06
LOGISTIC,unseen-compound-00,UNSEEN_COMPOUND,850,8.5,0,2.142332024545579e-06,False,0,,3.3548920493393037e-06
LOGISTIC,unseen-compound-00,UNSEEN_COMPOUND,860,8.6,0,2.142332024545579e-06,False,0,,3.3548920493393037e-06
LOGISTIC,unseen-compound-00,UNSEEN_COMPOUND,870,8.700000000000001,0,2.142332024545579e-06,False,0,,3.3548920493393037e-06
LOGISTIC,unseen-compound-00,UNSEEN_COMPOUND,880,8.8,0,2.142332024545579e-06,False,0,,3.3548920493393037e-06
LOGISTIC,unseen-compound-00,UNSEEN_COMPOUND,890,8.9,0,2.142332024545579e-06,False,0,,3.3548920493393037e-06
LOGISTIC,unseen-compound-00,UNSEEN_COMPOUND,900,9.0,0,2.142332024545579e-06,False,0,,3.3548920493393037e-06
LOGISTIC,unseen-compound-00,UNSEEN_COMPOUND,910,9.1,0,2.142332024545579e-06,False,0,,3.3548920493393037e-06
LOGISTIC,unseen-compound-00,UNSEEN_COMPOUND,920,9.200000000000001,0,2.142332024545579e-06,False,0,,3.3548920493393037e-06
LOGISTIC,unseen-compound-00,UNSEEN_COMPOUND,930,9.3,0,2.142332024545579e-06,False,0,,3.3548920493393037e-06
LOGISTIC,unseen-compound-00,UNSEEN_COMPOUND,940,9.4,0,2.142332024545579e-06,False,0,,3.3548920493393037e-06
LOGISTIC,unseen-compound-00,UNSEEN_COMPOUND,950,9.5,0,2.142332024545579e-06,False,0,,3.3548920493393037e-06
LOGISTIC,unseen-compound-00,UNSEEN_COMPOUND,960,9.6,0,2.142332024545579e-06,False,0,,3.3548920493393037e-06
LOGISTIC,unseen-compound-00,UNSEEN_COMPOUND,970,9.700000000000001,0,6.435821347533645e-06,False,0,,3.3548920493393037e-06
LOGISTIC,unseen-compound-00,UNSEEN_COMPOUND,980,9.8,0,1.191229214368112e-05,False,0,,3.3548920493393037e-06
LOGISTIC,unseen-compound-00,UNSEEN_COMPOUND,990,9.9,0,1.97273771863088e-05,False,0,,3.3548920493393037e-06
LOGISTIC,unseen-compound-00,UNSEEN_COMPOUND,1000,10.0,0,2.142332024545579e-06,False,0,,3.3548920493393037e-06
LOGISTIC,unseen-compound-00,UNSEEN_COMPOUND,1010,10.1,0,2.142332024545579e-06,False,0,,3.3548920493393037e-06
LOGISTIC,unseen-compound-00,UNSEEN_COMPOUND,1020,10.200000000000001,0,2.142332024545579e-06,False,0,,3.3548920493393037e-06
LOGISTIC,unseen-compound-00,UNSEEN_COMPOUND,1030,10.3,0,2.142332024545579e-06,False,0,,3.3548920493393037e-06
LOGISTIC,unseen-compound-00,UNSEEN_COMPOUND,1040,10.4,0,2.142332024545579e-06,False,0,,3.3548920493393037e-06
LOGISTIC,unseen-compound-00,UNSEEN_COMPOUND,1050,10.5,0,2.142332024545579e-06,False,0,,3.3548920493393037e-06
LOGISTIC,unseen-compound-00,UNSEEN_COMPOUND,1060,10.6,0,2.142332024545579e-06,False,0,,3.3548920493393037e-06
LOGISTIC,unseen-compound-00,UNSEEN_COMPOUND,1070,10.700000000000001,0,2.142332024545579e-06,False,0,,3.3548920493393037e-06
LOGISTIC,unseen-compound-00,UNSEEN_COMPOUND,1080,10.8,0,2.142332024545579e-06,False,0,,3.3548920493393037e-06
LOGISTIC,unseen-compound-00,UNSEEN_COMPOUND,1090,10.9,0,2.142332024545579e-06,False,0,,3.3548920493393037e-06
LOGISTIC,unseen-compound-00,UNSEEN_COMPOUND,1100,11.0,0,2.142332024545579e-06,False,0,,3.3548920493393037e-06
LOGISTIC,unseen-compound-00,UNSEEN_COMPOUND,1110,11.1,0,2.142332024545579e-06,False,0,,3.3548920493393037e-06
LOGISTIC,unseen-compound-00,UNSEEN_COMPOUND,1120,11.200000000000001,0,2.142332024545579e-06,False,0,,3.3548920493393037e-06
LOGISTIC,unseen-compound-00,UNSEEN_COMPOUND,1130,11.3,0,2.142332024545579e-06,False,0,,3.3548920493393037e-06
LOGISTIC,unseen-compound-00,UNSEEN_COMPOUND,1140,11.4,0,2.142332024545579e-06,False,0,,3.3548920493393037e-06
LOGISTIC,unseen-compound-00,UNSEEN_COMPOUND,1150,11.5,0,2.142332024545579e-06,False,0,,3.3548920493393037e-06
LOGISTIC,unseen-compound-00,UNSEEN_COMPOUND,1160,11.6,0,2.142332024545579e-06,False,0,,3.3548920493393037e-06
LOGISTIC,unseen-compound-00,UNSEEN_COMPOUND,1170,11.700000000000001,0,2.142332024545579e-06,False,0,,3.3548920493393037e-06
LOGISTIC,unseen-compound-00,UNSEEN_COMPOUND,1180,11.8,0,2.142332024545579e-06,False,0,,3.3548920493393037e-06
LOGISTIC,unseen-compound-00,UNSEEN_COMPOUND,1190,11.9,0,2.142332024545579e-06,False,0,,3.3548920493393037e-06
LOGISTIC,unseen-compound-00,UNSEEN_COMPOUND,1200,12.0,0,2.142332024545579e-06,False,0,,3.3548920493393037e-06
LOGISTIC,unseen-compound-00,UNSEEN_COMPOUND,1210,12.1,0,2.142332024545579e-06,False,0,,3.3548920493393037e-06
LOGISTIC,unseen-compound-00,UNSEEN_COMPOUND,1220,12.200000000000001,0,2.142332024545579e-06,False,0,,3.3548920493393037e-06
LOGISTIC,unseen-compound-00,UNSEEN_COMPOUND,1230,12.3,0,2.142332024545579e-06,False,0,,3.3548920493393037e-06
LOGISTIC,unseen-compound-00,UNSEEN_COMPOUND,1240,12.4,0,2.142332024545579e-06,False,0,,3.3548920493393037e-06
LOGISTIC,unseen-compound-00,UNSEEN_COMPOUND,1250,12.5,0,2.142332024545579e-06,False,0,,3.3548920493393037e-06
LOGISTIC,unseen-compound-00,UNSEEN_COMPOUND,1260,12.6,0,2.142332024545579e-06,False,0,,3.3548920493393037e-06
LOGISTIC,unseen-compound-00,UNSEEN_COMPOUND,1270,12.700000000000001,0,2.142332024545579e-06,False,0,,3.3548920493393037e-06
LOGISTIC,unseen-compound-00,UNSEEN_COMPOUND,1280,12.8,0,2.142332024545579e-06,False,0,,3.3548920493393037e-06
LOGISTIC,unseen-compound-00,UNSEEN_COMPOUND,1290,12.9,0,2.142332024545579e-06,False,0,,3.3548920493393037e-06
LOGISTIC,unseen-compound-00,UNSEEN_COMPOUND,1300,13.0,0,2.142332024545579e-06,False,0,,3.3548920493393037e-06
LOGISTIC,unseen-compound-01,UNSEEN_COMPOUND,430,4.3,0,0.19513124789608197,False,,,3.3548920493393037e-06
LOGISTIC,unseen-compound-01,UNSEEN_COMPOUND,440,4.4,0,0.05674110747422309,False,,,3.3548920493393037e-06
LOGISTIC,unseen-compound-01,UNSEEN_COMPOUND,450,4.5,0,0.006644398943301611,False,,,3.3548920493393037e-06
LOGISTIC,unseen-compound-01,UNSEEN_COMPOUND,460,4.6000000000000005,0,0.007074211787936934,False,,,3.3548920493393037e-06
LOGISTIC,unseen-compound-01,UNSEEN_COMPOUND,470,4.7,0,0.0011644389606178312,False,,,3.3548920493393037e-06
LOGISTIC,unseen-compound-01,UNSEEN_COMPOUND,480,4.8,0,0.0005693358162218117,False,0,,3.3548920493393037e-06
LOGISTIC,unseen-compound-01,UNSEEN_COMPOUND,490,4.9,0,0.0007906182971328415,False,,,3.3548920493393037e-06
LOGISTIC,unseen-compound-01,UNSEEN_COMPOUND,500,5.0,0,0.00010222653433212115,False,0,,3.3548920493393037e-06
LOGISTIC,unseen-compound-01,UNSEEN_COMPOUND,510,5.1000000000000005,0,0.0004579528276766318,False,0,,3.3548920493393037e-06
LOGISTIC,unseen-compound-01,UNSEEN_COMPOUND,520,5.2,0,3.191000025239937e-05,False,0,,3.3548920493393037e-06
LOGISTIC,unseen-compound-01,UNSEEN_COMPOUND,530,5.3,0,5.759336537970378e-05,False,0,,3.3548920493393037e-06
LOGISTIC,unseen-compound-01,UNSEEN_COMPOUND,540,5.4,0,0.00013979772295522478,False,0,,3.3548920493393037e-06
LOGISTIC,unseen-compound-01,UNSEEN_COMPOUND,550,5.5,0,3.085031450348813e-06,False,0,,3.3548920493393037e-06
LOGISTIC,unseen-compound-01,UNSEEN_COMPOUND,560,5.6000000000000005,0,1.2073697461447916e-05,False,0,,3.3548920493393037e-06
LOGISTIC,unseen-compound-01,UNSEEN_COMPOUND,570,5.7,0,2.117568051951154e-05,False,0,,3.3548920493393037e-06
LOGISTIC,unseen-compound-01,UNSEEN_COMPOUND,580,5.8,0,2.837448251489061e-05,False,0,,3.3548920493393037e-06
LOGISTIC,unseen-compound-01,UNSEEN_COMPOUND,590,5.9,0,2.6177433456706628e-05,False,0,,3.3548920493393037e-06
LOGISTIC,unseen-compound-01,UNSEEN_COMPOUND,600,6.0,0,3.6777713890780033e-06,False,0,,3.3548920493393037e-06
LOGISTIC,unseen-compound-01,UNSEEN_COMPOUND,610,6.1000000000000005,0,0.000134578409580484,False,0,,3.3548920493393037e-06
LOGISTIC,unseen-compound-01,UNSEEN_COMPOUND,620,6.2,0,8.434190863567265e-05,False,0,,3.3548920493393037e-06
LOGISTIC,unseen-compound-01,UNSEEN_COMPOUND,630,6.3,0,0.0009098428286752899,False,,,3.3548920493393037e-06
LOGISTIC,unseen-compound-01,UNSEEN_COMPOUND,640,6.4,0,0.0015299022073364422,False,,,3.3548920493393037e-06
LOGISTIC,unseen-compound-01,UNSEEN_COMPOUND,650,6.5,0,0.001112535084260853,False,,,3.3548920493393037e-06
LOGISTIC,unseen-compound-01,UNSEEN_COMPOUND,660,6.6000000000000005,0,0.0016806658907964317,False,,,3.3548920493393037e-06
LOGISTIC,unseen-compound-01,UNSEEN_COMPOUND,670,6.7,0,0.0035458409896511746,False,,,3.3548920493393037e-06
LOGISTIC,unseen-compound-01,UNSEEN_COMPOUND,680,6.8,0,0.001969879069697696,False,,,3.3548920493393037e-06
LOGISTIC,unseen-compound-01,UNSEEN_COMPOUND,690,6.9,0,0.0001808360095168106,False,0,,3.3548920493393037e-06
LOGISTIC,unseen-compound-01,UNSEEN_COMPOUND,700,7.0,0,0.0019442048080541413,False,,,3.3548920493393037e-06
LOGISTIC,unseen-compound-01,UNSEEN_COMPOUND,710,7.1000000000000005,0,5.881602137684202e-05,False,0,,3.3548920493393037e-06
LOGISTIC,unseen-compound-01,UNSEEN_COMPOUND,720,7.2,0,2.142332024545579e-06,False,0,,3.3548920493393037e-06
LOGISTIC,unseen-compound-01,UNSEEN_COMPOUND,730,7.3,0,2.142332024545579e-06,False,0,,3.3548920493393037e-06
LOGISTIC,unseen-compound-01,UNSEEN_COMPOUND,740,7.4,0,2.142332024545579e-06,False,0,,3.3548920493393037e-06
LOGISTIC,unseen-compound-01,UNSEEN_COMPOUND,750,7.5,0,2.263855044684763e-06,False,0,,3.3548920493393037e-06
LOGISTIC,unseen-compound-01,UNSEEN_COMPOUND,760,7.6000000000000005,0,5.622982362766562e-06,False,0,,3.3548920493393037e-06
LOGISTIC,unseen-compound-01,UNSEEN_COMPOUND,770,7.7,0,6.88871495374376e-05,False,0,,3.3548920493393037e-06
LOGISTIC,unseen-compound-01,UNSEEN_COMPOUND,780,7.8,0,4.073377616094655e-05,False,0,,3.3548920493393037e-06
LOGISTIC,unseen-compound-01,UNSEEN_COMPOUND,790,7.9,0,2.4393587800989596e-05,False,0,,3.3548920493393037e-06
LOGISTIC,unseen-compound-01,UNSEEN_COMPOUND,800,8.0,0,4.302318548997802e-05,False,0,,3.3548920493393037e-06
LOGISTIC,unseen-compound-01,UNSEEN_COMPOUND,810,8.1,0,3.234384649617525e-05,False,0,,3.3548920493393037e-06
LOGISTIC,unseen-compound-01,UNSEEN_COMPOUND,820,8.2,0,0.0007423642814559482,False,,,3.3548920493393037e-06
LOGISTIC,unseen-compound-01,UNSEEN_COMPOUND,830,8.3,0,0.0004102465262936278,False,0,,3.3548920493393037e-06
LOGISTIC,unseen-compound-01,UNSEEN_COMPOUND,840,8.4,0,0.0005608999387866001,False,0,,3.3548920493393037e-06
LOGISTIC,unseen-compound-01,UNSEEN_COMPOUND,850,8.5,0,0.0001591765514845206,False,0,,3.3548920493393037e-06
LOGISTIC,unseen-compound-01,UNSEEN_COMPOUND,860,8.6,0,4.745208863682268e-06,False,0,,3.3548920493393037e-06
LOGISTIC,unseen-compound-01,UNSEEN_COMPOUND,870,8.700000000000001,0,3.42575795717203e-06,False,0,,3.3548920493393037e-06
LOGISTIC,unseen-compound-01,UNSEEN_COMPOUND,880,8.8,0,3.384985126486593e-06,False,0,,3.3548920493393037e-06
LOGISTIC,unseen-compound-01,UNSEEN_COMPOUND,890,8.9,0,1.2627050240893032e-05,False,0,,3.3548920493393037e-06
LOGISTIC,unseen-compound-01,UNSEEN_COMPOUND,900,9.0,0,2.1290840782172442e-05,False,0,,3.3548920493393037e-06
LOGISTIC,unseen-compound-01,UNSEEN_COMPOUND,910,9.1,0,2.7150879061537757e-05,False,0,,3.3548920493393037e-06
LOGISTIC,unseen-compound-01,UNSEEN_COMPOUND,920,9.200000000000001,0,1.9338076870783034e-05,False,0,,3.3548920493393037e-06
LOGISTIC,unseen-compound-01,UNSEEN_COMPOUND,930,9.3,0,3.5232537129341185e-05,False,0,,3.3548920493393037e-06
LOGISTIC,unseen-compound-01,UNSEEN_COMPOUND,940,9.4,0,1.7271325220074264e-05,False,0,,3.3548920493393037e-06
LOGISTIC,unseen-compound-01,UNSEEN_COMPOUND,950,9.5,0,1.7147926392394386e-05,False,0,,3.3548920493393037e-06
LOGISTIC,unseen-compound-01,UNSEEN_COMPOUND,960,9.6,0,2.329394967002284e-06,False,0,,3.3548920493393037e-06
LOGISTIC,unseen-compound-01,UNSEEN_COMPOUND,970,9.700000000000001,0,2.142332024545579e-06,False,0,,3.3548920493393037e-06
LOGISTIC,unseen-compound-01,UNSEEN_COMPOUND,980,9.8,0,2.142332024545579e-06,False,0,,3.3548920493393037e-06
LOGISTIC,unseen-compound-01,UNSEEN_COMPOUND,990,9.9,0,2.142332024545579e-06,False,0,,3.3548920493393037e-06
LOGISTIC,unseen-compound-01,UNSEEN_COMPOUND,1000,10.0,0,2.142332024545579e-06,False,0,,3.3548920493393037e-06
LOGISTIC,unseen-compound-01,UNSEEN_COMPOUND,1010,10.1,0,4.824598224277597e-05,False,0,,3.3548920493393037e-06
LOGISTIC,unseen-compound-01,UNSEEN_COMPOUND,1020,10.200000000000001,0,4.296997698635056e-05,False,0,,3.3548920493393037e-06
LOGISTIC,unseen-compound-01,UNSEEN_COMPOUND,1030,10.3,0,0.000879987717900038,False,,,3.3548920493393037e-06
LOGISTIC,unseen-compound-01,UNSEEN_COMPOUND,1040,10.4,0,0.00038615750808460063,False,0,,3.3548920493393037e-06
LOGISTIC,unseen-compound-01,UNSEEN_COMPOUND,1050,10.5,0,0.0003088829515976785,False,0,,3.3548920493393037e-06
LOGISTIC,unseen-compound-01,UNSEEN_COMPOUND,1060,10.6,0,0.000697337049415593,False,,,3.3548920493393037e-06
LOGISTIC,unseen-compound-01,UNSEEN_COMPOUND,1070,10.700000000000001,0,4.469107265202679e-05,False,0,,3.3548920493393037e-06
LOGISTIC,unseen-compound-01,UNSEEN_COMPOUND,1080,10.8,0,6.08116455160327e-05,False,0,,3.3548920493393037e-06
LOGISTIC,unseen-compound-01,UNSEEN_COMPOUND,1090,10.9,0,5.890546935266439e-05,False,0,,3.3548920493393037e-06
LOGISTIC,unseen-compound-01,UNSEEN_COMPOUND,1100,11.0,0,1.1210339130207406e-05,False,0,,3.3548920493393037e-06
LOGISTIC,unseen-compound-01,UNSEEN_COMPOUND,1110,11.1,0,1.637692024881351e-05,False,0,,3.3548920493393037e-06
LOGISTIC,unseen-compound-01,UNSEEN_COMPOUND,1120,11.200000000000001,0,2.9697215759724266e-05,False,0,,3.3548920493393037e-06
LOGISTIC,unseen-compound-01,UNSEEN_COMPOUND,1130,11.3,0,3.103674783212495e-05,False,0,,3.3548920493393037e-06
LOGISTIC,unseen-compound-01,UNSEEN_COMPOUND,1140,11.4,0,4.6295009605178465e-05,False,0,,3.3548920493393037e-06
LOGISTIC,unseen-compound-01,UNSEEN_COMPOUND,1150,11.5,0,3.06799683644731e-05,False,0,,3.3548920493393037e-06
LOGISTIC,unseen-compound-01,UNSEEN_COMPOUND,1160,11.6,0,2.7145234438604294e-05,False,0,,3.3548920493393037e-06
LOGISTIC,unseen-compound-01,UNSEEN_COMPOUND,1170,11.700000000000001,0,1.882004724951772e-05,False,0,,3.3548920493393037e-06
LOGISTIC,unseen-compound-01,UNSEEN_COMPOUND,1180,11.8,0,1.2661652008094431e-05,False,0,,3.3548920493393037e-06
LOGISTIC,unseen-compound-01,UNSEEN_COMPOUND,1190,11.9,0,5.629067575294517e-05,False,0,,3.3548920493393037e-06
LOGISTIC,unseen-compound-01,UNSEEN_COMPOUND,1200,12.0,0,7.261950446558372e-05,False,0,,3.3548920493393037e-06
LOGISTIC,unseen-compound-01,UNSEEN_COMPOUND,1210,12.1,0,3.993332544834861e-05,False,0,,3.3548920493393037e-06
LOGISTIC,unseen-compound-01,UNSEEN_COMPOUND,1220,12.200000000000001,0,6.392666059521656e-05,False,0,,3.3548920493393037e-06
LOGISTIC,unseen-compound-01,UNSEEN_COMPOUND,1230,12.3,0,6.75574518922969e-05,False,0,,3.3548920493393037e-06
LOGISTIC,unseen-compound-01,UNSEEN_COMPOUND,1240,12.4,0,2.52891794549199e-05,False,0,,3.3548920493393037e-06
LOGISTIC,unseen-compound-01,UNSEEN_COMPOUND,1250,12.5,0,8.731120973864388e-05,False,0,,3.3548920493393037e-06
LOGISTIC,unseen-compound-01,UNSEEN_COMPOUND,1260,12.6,0,3.1727876332733176e-05,False,0,,3.3548920493393037e-06
LOGISTIC,unseen-compound-01,UNSEEN_COMPOUND,1270,12.700000000000001,0,2.61793843998893e-05,False,0,,3.3548920493393037e-06
LOGISTIC,unseen-compound-01,UNSEEN_COMPOUND,1280,12.8,0,3.26554695497992e-05,False,0,,3.3548920493393037e-06
LOGISTIC,unseen-compound-01,UNSEEN_COMPOUND,1290,12.9,0,1.27696058285463e-05,False,0,,3.3548920493393037e-06
LOGISTIC,unseen-compound-01,UNSEEN_COMPOUND,1300,13.0,0,1.3060340997959755e-05,False,0,,3.3548920493393037e-06
LOGISTIC,unseen-compound-02,UNSEEN_COMPOUND,430,4.3,0,0.15109538616149273,False,,,3.3548920493393037e-06
LOGISTIC,unseen-compound-02,UNSEEN_COMPOUND,440,4.4,0,0.22535562463084885,False,,,3.3548920493393037e-06
LOGISTIC,unseen-compound-02,UNSEEN_COMPOUND,450,4.5,0,0.1777431264233424,False,,,3.3548920493393037e-06
LOGISTIC,unseen-compound-02,UNSEEN_COMPOUND,460,4.6000000000000005,0,0.5015235236410769,True,,,3.3548920493393037e-06
LOGISTIC,unseen-compound-02,UNSEEN_COMPOUND,470,4.7,0,0.48796464106717036,False,,,3.3548920493393037e-06
LOGISTIC,unseen-compound-02,UNSEEN_COMPOUND,480,4.8,0,0.06684502216637017,False,,,3.3548920493393037e-06
LOGISTIC,unseen-compound-02,UNSEEN_COMPOUND,490,4.9,0,0.003050411250450441,False,,,3.3548920493393037e-06
LOGISTIC,unseen-compound-02,UNSEEN_COMPOUND,500,5.0,0,0.000724865172204673,False,,,3.3548920493393037e-06
LOGISTIC,unseen-compound-02,UNSEEN_COMPOUND,510,5.1000000000000005,0,0.0009226495583382961,False,,,3.3548920493393037e-06
LOGISTIC,unseen-compound-02,UNSEEN_COMPOUND,520,5.2,0,0.0017748876187727238,False,,,3.3548920493393037e-06
LOGISTIC,unseen-compound-02,UNSEEN_COMPOUND,530,5.3,0,0.00011779108156806464,False,0,,3.3548920493393037e-06
LOGISTIC,unseen-compound-02,UNSEEN_COMPOUND,540,5.4,0,0.00016232537821338455,False,0,,3.3548920493393037e-06
LOGISTIC,unseen-compound-02,UNSEEN_COMPOUND,550,5.5,0,4.06419900459928e-05,False,0,,3.3548920493393037e-06
LOGISTIC,unseen-compound-02,UNSEEN_COMPOUND,560,5.6000000000000005,0,3.2856374094873294e-06,False,0,,3.3548920493393037e-06
LOGISTIC,unseen-compound-02,UNSEEN_COMPOUND,570,5.7,0,2.142332024545579e-06,False,0,,3.3548920493393037e-06
LOGISTIC,unseen-compound-02,UNSEEN_COMPOUND,580,5.8,0,2.142332024545579e-06,False,0,,3.3548920493393037e-06
LOGISTIC,unseen-compound-02,UNSEEN_COMPOUND,590,5.9,0,2.142332024545579e-06,False,0,,3.3548920493393037e-06
LOGISTIC,unseen-compound-02,UNSEEN_COMPOUND,600,6.0,0,2.142332024545579e-06,False,0,,3.3548920493393037e-06
LOGISTIC,unseen-compound-02,UNSEEN_COMPOUND,610,6.1000000000000005,0,2.8664419127356237e-06,False,0,,3.3548920493393037e-06
LOGISTIC,unseen-compound-02,UNSEEN_COMPOUND,620,6.2,0,0.017272651371646675,False,,,3.3548920493393037e-06
LOGISTIC,unseen-compound-02,UNSEEN_COMPOUND,630,6.3,0,0.042165815297095934,False,,,3.3548920493393037e-06
LOGISTIC,unseen-compound-02,UNSEEN_COMPOUND,640,6.4,0,0.04702129602269236,False,,,3.3548920493393037e-06
LOGISTIC,unseen-compound-02,UNSEEN_COMPOUND,650,6.5,0,0.041560398790862554,False,,,3.3548920493393037e-06
LOGISTIC,unseen-compound-02,UNSEEN_COMPOUND,660,6.6000000000000005,0,0.015714579099311083,False,,,3.3548920493393037e-06
LOGISTIC,unseen-compound-02,UNSEEN_COMPOUND,670,6.7,0,0.0006758135587693073,False,,,3.3548920493393037e-06
LOGISTIC,unseen-compound-02,UNSEEN_COMPOUND,680,6.8,0,0.0004056565380228731,False,0,,3.3548920493393037e-06
LOGISTIC,unseen-compound-02,UNSEEN_COMPOUND,690,6.9,0,0.0018072568731002249,False,,,3.3548920493393037e-06
LOGISTIC,unseen-compound-02,UNSEEN_COMPOUND,700,7.0,0,0.0024490736423436557,False,,,3.3548920493393037e-06
LOGISTIC,unseen-compound-02,UNSEEN_COMPOUND,710,7.1000000000000005,0,9.94407277107583e-05,False,0,,3.3548920493393037e-06
LOGISTIC,unseen-compound-02,UNSEEN_COMPOUND,720,7.2,0,0.001102168289786857,False,,,3.3548920493393037e-06
LOGISTIC,unseen-compound-02,UNSEEN_COMPOUND,730,7.3,0,0.0007883236014542595,False,,,3.3548920493393037e-06
LOGISTIC,unseen-compound-02,UNSEEN_COMPOUND,740,7.4,0,0.0008568166488019349,False,,,3.3548920493393037e-06
LOGISTIC,unseen-compound-02,UNSEEN_COMPOUND,750,7.5,0,0.0005126575227299084,False,0,,3.3548920493393037e-06
LOGISTIC,unseen-compound-02,UNSEEN_COMPOUND,760,7.6000000000000005,0,0.00021841059665822466,False,0,,3.3548920493393037e-06
LOGISTIC,unseen-compound-02,UNSEEN_COMPOUND,770,7.7,0,0.000286484606941523,False,0,,3.3548920493393037e-06
LOGISTIC,unseen-compound-02,UNSEEN_COMPOUND,780,7.8,0,0.00021838118233127274,False,0,,3.3548920493393037e-06
LOGISTIC,unseen-compound-02,UNSEEN_COMPOUND,790,7.9,0,0.00015505332939247184,False,0,,3.3548920493393037e-06
LOGISTIC,unseen-compound-02,UNSEEN_COMPOUND,800,8.0,0,9.937989273665734e-05,False,0,,3.3548920493393037e-06
LOGISTIC,unseen-compound-02,UNSEEN_COMPOUND,810,8.1,0,5.578264719641226e-05,False,0,,3.3548920493393037e-06
LOGISTIC,unseen-compound-02,UNSEEN_COMPOUND,820,8.2,0,6.333454323144208e-05,False,0,,3.3548920493393037e-06
LOGISTIC,unseen-compound-02,UNSEEN_COMPOUND,830,8.3,0,7.4247810195487904e-06,False,0,,3.3548920493393037e-06
LOGISTIC,unseen-compound-02,UNSEEN_COMPOUND,840,8.4,0,6.049186180621519e-06,False,0,,3.3548920493393037e-06
LOGISTIC,unseen-compound-02,UNSEEN_COMPOUND,850,8.5,0,3.52336680505414e-06,False,0,,3.3548920493393037e-06
LOGISTIC,unseen-compound-02,UNSEEN_COMPOUND,860,8.6,0,5.414032659068131e-06,False,0,,3.3548920493393037e-06
LOGISTIC,unseen-compound-02,UNSEEN_COMPOUND,870,8.700000000000001,0,2.891975556634898e-05,False,0,,3.3548920493393037e-06
LOGISTIC,unseen-compound-02,UNSEEN_COMPOUND,880,8.8,0,2.2749005414349052e-05,False,0,,3.3548920493393037e-06
LOGISTIC,unseen-compound-02,UNSEEN_COMPOUND,890,8.9,0,2.296748719414812e-05,False,0,,3.3548920493393037e-06
LOGISTIC,unseen-compound-02,UNSEEN_COMPOUND,900,9.0,0,1.1412321053079059e-05,False,0,,3.3548920493393037e-06
LOGISTIC,unseen-compound-02,UNSEEN_COMPOUND,910,9.1,0,0.00010846103304588439,False,0,,3.3548920493393037e-06
LOGISTIC,unseen-compound-02,UNSEEN_COMPOUND,920,9.200000000000001,0,0.00014531730638179957,False,0,,3.3548920493393037e-06
LOGISTIC,unseen-compound-02,UNSEEN_COMPOUND,930,9.3,0,9.172948177364499e-05,False,0,,3.3548920493393037e-06
LOGISTIC,unseen-compound-02,UNSEEN_COMPOUND,940,9.4,0,5.107717855945974e-05,False,0,,3.3548920493393037e-06
LOGISTIC,unseen-compound-02,UNSEEN_COMPOUND,950,9.5,0,2.436533496724475e-05,False,0,,3.3548920493393037e-06
LOGISTIC,unseen-compound-02,UNSEEN_COMPOUND,960,9.6,0,2.9529286193654643e-05,False,0,,3.3548920493393037e-06
LOGISTIC,unseen-compound-02,UNSEEN_COMPOUND,970,9.700000000000001,0,4.062244168012564e-05,False,0,,3.3548920493393037e-06
LOGISTIC,unseen-compound-02,UNSEEN_COMPOUND,980,9.8,0,0.00012538515810214067,False,0,,3.3548920493393037e-06
LOGISTIC,unseen-compound-02,UNSEEN_COMPOUND,990,9.9,0,0.0002124443503240053,False,0,,3.3548920493393037e-06
LOGISTIC,unseen-compound-02,UNSEEN_COMPOUND,1000,10.0,0,0.0003510101623886597,False,0,,3.3548920493393037e-06
LOGISTIC,unseen-compound-02,UNSEEN_COMPOUND,1010,10.1,0,0.0003871118575029917,False,0,,3.3548920493393037e-06
LOGISTIC,unseen-compound-02,UNSEEN_COMPOUND,1020,10.200000000000001,0,0.00017594588495637893,False,0,,3.3548920493393037e-06
LOGISTIC,unseen-compound-02,UNSEEN_COMPOUND,1030,10.3,0,0.00013088957788639791,False,0,,3.3548920493393037e-06
LOGISTIC,unseen-compound-02,UNSEEN_COMPOUND,1040,10.4,0,0.0001349859873951579,False,0,,3.3548920493393037e-06
LOGISTIC,unseen-compound-02,UNSEEN_COMPOUND,1050,10.5,0,9.123977498589169e-05,False,0,,3.3548920493393037e-06
LOGISTIC,unseen-compound-02,UNSEEN_COMPOUND,1060,10.6,0,0.00013538530085706554,False,0,,3.3548920493393037e-06
LOGISTIC,unseen-compound-02,UNSEEN_COMPOUND,1070,10.700000000000001,0,7.870608702462408e-05,False,0,,3.3548920493393037e-06
LOGISTIC,unseen-compound-02,UNSEEN_COMPOUND,1080,10.8,0,0.00021778237134903865,False,0,,3.3548920493393037e-06
LOGISTIC,unseen-compound-02,UNSEEN_COMPOUND,1090,10.9,0,0.000729439266727943,False,,,3.3548920493393037e-06
LOGISTIC,unseen-compound-02,UNSEEN_COMPOUND,1100,11.0,0,0.001407246136474268,False,,,3.3548920493393037e-06
LOGISTIC,unseen-compound-02,UNSEEN_COMPOUND,1110,11.1,0,0.0011767614366813275,False,,,3.3548920493393037e-06
LOGISTIC,unseen-compound-02,UNSEEN_COMPOUND,1120,11.200000000000001,0,0.0005308449626182384,False,0,,3.3548920493393037e-06
LOGISTIC,unseen-compound-02,UNSEEN_COMPOUND,1130,11.3,0,0.00011633048827522245,False,0,,3.3548920493393037e-06
LOGISTIC,unseen-compound-02,UNSEEN_COMPOUND,1140,11.4,0,3.25353057305781e-05,False,0,,3.3548920493393037e-06
LOGISTIC,unseen-compound-02,UNSEEN_COMPOUND,1150,11.5,0,0.0001328592636379878,False,0,,3.3548920493393037e-06
LOGISTIC,unseen-compound-02,UNSEEN_COMPOUND,1160,11.6,0,5.3259202316071624e-05,False,0,,3.3548920493393037e-06
LOGISTIC,unseen-compound-02,UNSEEN_COMPOUND,1170,11.700000000000001,0,0.0003618285696881837,False,0,,3.3548920493393037e-06
LOGISTIC,unseen-compound-02,UNSEEN_COMPOUND,1180,11.8,0,0.0007044090910697593,False,,,3.3548920493393037e-06
LOGISTIC,unseen-compound-02,UNSEEN_COMPOUND,1190,11.9,0,0.0005612535298745883,False,0,,3.3548920493393037e-06
LOGISTIC,unseen-compound-02,UNSEEN_COMPOUND,1200,12.0,0,0.0006041851451540621,False,0,,3.3548920493393037e-06
LOGISTIC,unseen-compound-02,UNSEEN_COMPOUND,1210,12.1,0,0.0005927646643874967,False,0,,3.3548920493393037e-06
LOGISTIC,unseen-compound-02,UNSEEN_COMPOUND,1220,12.200000000000001,0,7.423618364281058e-05,False,0,,3.3548920493393037e-06
LOGISTIC,unseen-compound-02,UNSEEN_COMPOUND,1230,12.3,0,7.140999879308908e-05,False,0,,3.3548920493393037e-06
LOGISTIC,unseen-compound-02,UNSEEN_COMPOUND,1240,12.4,0,0.00025254179712083804,False,0,,3.3548920493393037e-06
LOGISTIC,unseen-compound-02,UNSEEN_COMPOUND,1250,12.5,0,0.00031569383540403385,False,0,,3.3548920493393037e-06
LOGISTIC,unseen-compound-02,UNSEEN_COMPOUND,1260,12.6,0,0.00023379097480076593,False,0,,3.3548920493393037e-06
LOGISTIC,unseen-compound-02,UNSEEN_COMPOUND,1270,12.700000000000001,0,0.00017626707577712776,False,0,,3.3548920493393037e-06
LOGISTIC,unseen-compound-02,UNSEEN_COMPOUND,1280,12.8,0,0.00024343730882162668,False,0,,3.3548920493393037e-06
LOGISTIC,unseen-compound-02,UNSEEN_COMPOUND,1290,12.9,0,0.00018134055935438943,False,0,,3.3548920493393037e-06
LOGISTIC,unseen-compound-02,UNSEEN_COMPOUND,1300,13.0,0,0.0002282706306322241,False,0,,3.3548920493393037e-06
LOGISTIC,unseen-compound-03,UNSEEN_COMPOUND,430,4.3,0,0.8455574135775791,True,,,3.3548920493393037e-06
LOGISTIC,unseen-compound-03,UNSEEN_COMPOUND,440,4.4,0,0.8040871413205796,True,,,3.3548920493393037e-06
LOGISTIC,unseen-compound-03,UNSEEN_COMPOUND,450,4.5,0,0.8206023735879118,True,,,3.3548920493393037e-06
LOGISTIC,unseen-compound-03,UNSEEN_COMPOUND,460,4.6000000000000005,0,0.8555233204001867,True,,,3.3548920493393037e-06
LOGISTIC,unseen-compound-03,UNSEEN_COMPOUND,470,4.7,0,0.9677265440003868,True,,,3.3548920493393037e-06
LOGISTIC,unseen-compound-03,UNSEEN_COMPOUND,480,4.8,0,0.8254815945637723,True,,,3.3548920493393037e-06
LOGISTIC,unseen-compound-03,UNSEEN_COMPOUND,490,4.9,0,0.18422122339594188,False,,,3.3548920493393037e-06
LOGISTIC,unseen-compound-03,UNSEEN_COMPOUND,500,5.0,0,0.047048663864524554,False,,,3.3548920493393037e-06
LOGISTIC,unseen-compound-03,UNSEEN_COMPOUND,510,5.1000000000000005,0,0.15456510281421906,False,,,3.3548920493393037e-06
LOGISTIC,unseen-compound-03,UNSEEN_COMPOUND,520,5.2,0,0.4987374842265378,False,,,3.3548920493393037e-06
LOGISTIC,unseen-compound-03,UNSEEN_COMPOUND,530,5.3,0,0.3536899516364834,False,,,3.3548920493393037e-06
LOGISTIC,unseen-compound-03,UNSEEN_COMPOUND,540,5.4,0,0.19221581356864598,False,,,3.3548920493393037e-06
LOGISTIC,unseen-compound-03,UNSEEN_COMPOUND,550,5.5,0,0.06034965768097713,False,,,3.3548920493393037e-06
LOGISTIC,unseen-compound-03,UNSEEN_COMPOUND,560,5.6000000000000005,0,0.04589570463087074,False,,,3.3548920493393037e-06
LOGISTIC,unseen-compound-03,UNSEEN_COMPOUND,570,5.7,0,0.00951529601582938,False,,,3.3548920493393037e-06
LOGISTIC,unseen-compound-03,UNSEEN_COMPOUND,580,5.8,0,0.0004267918304548281,False,0,,3.3548920493393037e-06
LOGISTIC,unseen-compound-03,UNSEEN_COMPOUND,590,5.9,0,0.00016124146818628448,False,0,,3.3548920493393037e-06
LOGISTIC,unseen-compound-03,UNSEEN_COMPOUND,600,6.0,0,9.823997775166256e-05,False,0,,3.3548920493393037e-06
LOGISTIC,unseen-compound-03,UNSEEN_COMPOUND,610,6.1000000000000005,0,0.005018925870215737,False,,,3.3548920493393037e-06
LOGISTIC,unseen-compound-03,UNSEEN_COMPOUND,620,6.2,0,0.003734325979656953,False,,,3.3548920493393037e-06
LOGISTIC,unseen-compound-03,UNSEEN_COMPOUND,630,6.3,0,0.030468845557708027,False,,,3.3548920493393037e-06
LOGISTIC,unseen-compound-03,UNSEEN_COMPOUND,640,6.4,0,0.032310026927429264,False,,,3.3548920493393037e-06
LOGISTIC,unseen-compound-03,UNSEEN_COMPOUND,650,6.5,0,0.02979748800429278,False,,,3.3548920493393037e-06
LOGISTIC,unseen-compound-03,UNSEEN_COMPOUND,660,6.6000000000000005,0,0.033564378923369026,False,,,3.3548920493393037e-06
LOGISTIC,unseen-compound-03,UNSEEN_COMPOUND,670,6.7,0,0.005957918351831866,False,,,3.3548920493393037e-06
LOGISTIC,unseen-compound-03,UNSEEN_COMPOUND,680,6.8,0,0.011097070912444289,False,,,3.3548920493393037e-06
LOGISTIC,unseen-compound-03,UNSEEN_COMPOUND,690,6.9,0,0.0027246009632108355,False,,,3.3548920493393037e-06
LOGISTIC,unseen-compound-03,UNSEEN_COMPOUND,700,7.0,0,0.003331204089165,False,,,3.3548920493393037e-06
LOGISTIC,unseen-compound-03,UNSEEN_COMPOUND,710,7.1000000000000005,0,3.0924690802074354e-05,False,0,,3.3548920493393037e-06
LOGISTIC,unseen-compound-03,UNSEEN_COMPOUND,720,7.2,0,0.0002130563755976733,False,0,,3.3548920493393037e-06
LOGISTIC,unseen-compound-03,UNSEEN_COMPOUND,730,7.3,0,0.00027996699937309007,False,0,,3.3548920493393037e-06
LOGISTIC,unseen-compound-03,UNSEEN_COMPOUND,740,7.4,0,0.00010578720516307099,False,0,,3.3548920493393037e-06
LOGISTIC,unseen-compound-03,UNSEEN_COMPOUND,750,7.5,0,0.008775826152278088,False,,,3.3548920493393037e-06
LOGISTIC,unseen-compound-03,UNSEEN_COMPOUND,760,7.6000000000000005,0,0.002332703883511382,False,,,3.3548920493393037e-06
LOGISTIC,unseen-compound-03,UNSEEN_COMPOUND,770,7.7,0,0.002571075371555745,False,,,3.3548920493393037e-06
LOGISTIC,unseen-compound-03,UNSEEN_COMPOUND,780,7.8,0,0.0047518527105286845,False,,,3.3548920493393037e-06
LOGISTIC,unseen-compound-03,UNSEEN_COMPOUND,790,7.9,0,0.01853326845542016,False,,,3.3548920493393037e-06
LOGISTIC,unseen-compound-03,UNSEEN_COMPOUND,800,8.0,0,0.0006531683811319372,False,,,3.3548920493393037e-06
LOGISTIC,unseen-compound-03,UNSEEN_COMPOUND,810,8.1,0,0.0008596296321341247,False,,,3.3548920493393037e-06
LOGISTIC,unseen-compound-03,UNSEEN_COMPOUND,820,8.2,0,0.001083271525957545,False,,,3.3548920493393037e-06
LOGISTIC,unseen-compound-03,UNSEEN_COMPOUND,830,8.3,0,0.000682435432014893,False,,,3.3548920493393037e-06
LOGISTIC,unseen-compound-03,UNSEEN_COMPOUND,840,8.4,0,0.00040998389895539916,False,0,,3.3548920493393037e-06
LOGISTIC,unseen-compound-03,UNSEEN_COMPOUND,850,8.5,0,6.66274951863088e-05,False,0,,3.3548920493393037e-06
LOGISTIC,unseen-compound-03,UNSEEN_COMPOUND,860,8.6,0,0.0001269305788415624,False,0,,3.3548920493393037e-06
LOGISTIC,unseen-compound-03,UNSEEN_COMPOUND,870,8.700000000000001,0,0.00010590262749609411,False,0,,3.3548920493393037e-06
LOGISTIC,unseen-compound-03,UNSEEN_COMPOUND,880,8.8,0,9.826337249634528e-05,False,0,,3.3548920493393037e-06
LOGISTIC,unseen-compound-03,UNSEEN_COMPOUND,890,8.9,0,1.2996004609364896e-05,False,0,,3.3548920493393037e-06
LOGISTIC,unseen-compound-03,UNSEEN_COMPOUND,900,9.0,0,8.314211289597457e-06,False,0,,3.3548920493393037e-06
LOGISTIC,unseen-compound-03,UNSEEN_COMPOUND,910,9.1,0,2.5751542536555098e-05,False,0,,3.3548920493393037e-06
LOGISTIC,unseen-compound-03,UNSEEN_COMPOUND,920,9.200000000000001,0,3.3924145400074206e-05,False,0,,3.3548920493393037e-06
LOGISTIC,unseen-compound-03,UNSEEN_COMPOUND,930,9.3,0,0.00016930908379143045,False,0,,3.3548920493393037e-06
LOGISTIC,unseen-compound-03,UNSEEN_COMPOUND,940,9.4,0,0.00013019503168763732,False,0,,3.3548920493393037e-06
LOGISTIC,unseen-compound-03,UNSEEN_COMPOUND,950,9.5,0,0.00015269222926934557,False,0,,3.3548920493393037e-06
LOGISTIC,unseen-compound-03,UNSEEN_COMPOUND,960,9.6,0,0.0017973472284222398,False,,,3.3548920493393037e-06
LOGISTIC,unseen-compound-03,UNSEEN_COMPOUND,970,9.700000000000001,0,0.0018605304613633698,False,,,3.3548920493393037e-06
LOGISTIC,unseen-compound-03,UNSEEN_COMPOUND,980,9.8,0,0.0014753650122238445,False,,,3.3548920493393037e-06
LOGISTIC,unseen-compound-03,UNSEEN_COMPOUND,990,9.9,0,0.0009731580437629583,False,,,3.3548920493393037e-06
LOGISTIC,unseen-compound-03,UNSEEN_COMPOUND,1000,10.0,0,0.00018789823111131515,False,0,,3.3548920493393037e-06
LOGISTIC,unseen-compound-03,UNSEEN_COMPOUND,1010,10.1,0,1.973886304074578e-05,False,0,,3.3548920493393037e-06
LOGISTIC,unseen-compound-03,UNSEEN_COMPOUND,1020,10.200000000000001,0,0.00029426304249995094,False,0,,3.3548920493393037e-06
LOGISTIC,unseen-compound-03,UNSEEN_COMPOUND,1030,10.3,0,0.00015914335872997833,False,0,,3.3548920493393037e-06
LOGISTIC,unseen-compound-03,UNSEEN_COMPOUND,1040,10.4,0,0.0002876149252721236,False,0,,3.3548920493393037e-06
LOGISTIC,unseen-compound-03,UNSEEN_COMPOUND,1050,10.5,0,0.0003353185487427165,False,0,,3.3548920493393037e-06
LOGISTIC,unseen-compound-03,UNSEEN_COMPOUND,1060,10.6,0,3.290989351456259e-05,False,0,,3.3548920493393037e-06
LOGISTIC,unseen-compound-03,UNSEEN_COMPOUND,1070,10.700000000000001,0,0.014691748983960346,False,,,3.3548920493393037e-06
LOGISTIC,unseen-compound-03,UNSEEN_COMPOUND,1080,10.8,0,0.021292846194339958,False,,,3.3548920493393037e-06
LOGISTIC,unseen-compound-03,UNSEEN_COMPOUND,1090,10.9,0,0.01652961080213035,False,,,3.3548920493393037e-06
LOGISTIC,unseen-compound-03,UNSEEN_COMPOUND,1100,11.0,0,0.006001609950152921,False,,,3.3548920493393037e-06
LOGISTIC,unseen-compound-03,UNSEEN_COMPOUND,1110,11.1,0,0.002530319126964727,False,,,3.3548920493393037e-06
LOGISTIC,unseen-compound-03,UNSEEN_COMPOUND,1120,11.200000000000001,0,0.0006977312320854157,False,,,3.3548920493393037e-06
LOGISTIC,unseen-compound-03,UNSEEN_COMPOUND,1130,11.3,0,0.00044462507098816606,False,0,,3.3548920493393037e-06
LOGISTIC,unseen-compound-03,UNSEEN_COMPOUND,1140,11.4,0,0.0005602456080774687,False,0,,3.3548920493393037e-06
LOGISTIC,unseen-compound-03,UNSEEN_COMPOUND,1150,11.5,0,0.0009239962864173066,False,,,3.3548920493393037e-06
LOGISTIC,unseen-compound-03,UNSEEN_COMPOUND,1160,11.6,0,0.0018190116058141121,False,,,3.3548920493393037e-06
LOGISTIC,unseen-compound-03,UNSEEN_COMPOUND,1170,11.700000000000001,0,0.0018643612227009893,False,,,3.3548920493393037e-06
LOGISTIC,unseen-compound-03,UNSEEN_COMPOUND,1180,11.8,0,0.0011510176472436225,False,,,3.3548920493393037e-06
LOGISTIC,unseen-compound-03,UNSEEN_COMPOUND,1190,11.9,0,0.0009910623481497805,False,,,3.3548920493393037e-06
LOGISTIC,unseen-compound-03,UNSEEN_COMPOUND,1200,12.0,0,0.0020262937260447675,False,,,3.3548920493393037e-06
LOGISTIC,unseen-compound-03,UNSEEN_COMPOUND,1210,12.1,0,0.0009721449487239202,False,,,3.3548920493393037e-06
LOGISTIC,unseen-compound-03,UNSEEN_COMPOUND,1220,12.200000000000001,0,0.00062518467022244,False,,,3.3548920493393037e-06
LOGISTIC,unseen-compound-03,UNSEEN_COMPOUND,1230,12.3,0,0.0005105087886352248,False,0,,3.3548920493393037e-06
LOGISTIC,unseen-compound-03,UNSEEN_COMPOUND,1240,12.4,0,0.00017040006176691325,False,0,,3.3548920493393037e-06
LOGISTIC,unseen-compound-03,UNSEEN_COMPOUND,1250,12.5,0,0.0004535196024317618,False,0,,3.3548920493393037e-06
LOGISTIC,unseen-compound-03,UNSEEN_COMPOUND,1260,12.6,0,0.02109754132060585,False,,,3.3548920493393037e-06
LOGISTIC,unseen-compound-03,UNSEEN_COMPOUND,1270,12.700000000000001,0,0.02825079376131857,False,,,3.3548920493393037e-06
LOGISTIC,unseen-compound-03,UNSEEN_COMPOUND,1280,12.8,0,0.01779754151855975,False,,,3.3548920493393037e-06
LOGISTIC,unseen-compound-03,UNSEEN_COMPOUND,1290,12.9,0,0.02971541668665499,False,,,3.3548920493393037e-06
LOGISTIC,unseen-compound-03,UNSEEN_COMPOUND,1300,13.0,0,0.014801035837419829,False,,,3.3548920493393037e-06
LOGISTIC,unseen-compound-04,UNSEEN_COMPOUND,430,4.3,0,0.9001040802116436,True,,,3.3548920493393037e-06
LOGISTIC,unseen-compound-04,UNSEEN_COMPOUND,440,4.4,0,0.9456657453628224,True,,,3.3548920493393037e-06
LOGISTIC,unseen-compound-04,UNSEEN_COMPOUND,450,4.5,0,0.781938446815733,True,,,3.3548920493393037e-06
LOGISTIC,unseen-compound-04,UNSEEN_COMPOUND,460,4.6000000000000005,0,0.8147843029490687,True,,,3.3548920493393037e-06
LOGISTIC,unseen-compound-04,UNSEEN_COMPOUND,470,4.7,0,0.9865431433365031,True,,,3.3548920493393037e-06
LOGISTIC,unseen-compound-04,UNSEEN_COMPOUND,480,4.8,0,0.9873882727898234,True,,,3.3548920493393037e-06
LOGISTIC,unseen-compound-04,UNSEEN_COMPOUND,490,4.9,0,0.9920830461608854,True,,,3.3548920493393037e-06
LOGISTIC,unseen-compound-04,UNSEEN_COMPOUND,500,5.0,0,0.9877631435371812,True,,,3.3548920493393037e-06
LOGISTIC,unseen-compound-04,UNSEEN_COMPOUND,510,5.1000000000000005,0,0.9935733822810097,True,,,3.3548920493393037e-06
LOGISTIC,unseen-compound-04,UNSEEN_COMPOUND,520,5.2,0,0.99839159619398,True,,,3.3548920493393037e-06
LOGISTIC,unseen-compound-04,UNSEEN_COMPOUND,530,5.3,0,0.9994298872691277,True,1,,3.3548920493393037e-06
LOGISTIC,unseen-compound-04,UNSEEN_COMPOUND,540,5.4,0,0.9993524699897224,True,,,3.3548920493393037e-06
LOGISTIC,unseen-compound-04,UNSEEN_COMPOUND,550,5.5,0,0.9992485947523634,True,,,3.3548920493393037e-06
LOGISTIC,unseen-compound-04,UNSEEN_COMPOUND,560,5.6000000000000005,0,0.9993334722973934,True,,,3.3548920493393037e-06
LOGISTIC,unseen-compound-04,UNSEEN_COMPOUND,570,5.7,0,0.9985501794410055,True,,,3.3548920493393037e-06
LOGISTIC,unseen-compound-04,UNSEEN_COMPOUND,580,5.8,0,0.9947736331602025,True,,,3.3548920493393037e-06
LOGISTIC,unseen-compound-04,UNSEEN_COMPOUND,590,5.9,0,0.6597495685599166,True,,,3.3548920493393037e-06
LOGISTIC,unseen-compound-04,UNSEEN_COMPOUND,600,6.0,0,0.15832289408765285,False,,,3.3548920493393037e-06
LOGISTIC,unseen-compound-04,UNSEEN_COMPOUND,610,6.1000000000000005,0,0.9247496659855255,True,,,3.3548920493393037e-06
LOGISTIC,unseen-compound-04,UNSEEN_COMPOUND,620,6.2,0,0.9578124237557688,True,,,3.3548920493393037e-06
LOGISTIC,unseen-compound-04,UNSEEN_COMPOUND,630,6.3,0,0.9929969636169876,True,,,3.3548920493393037e-06
LOGISTIC,unseen-compound-04,UNSEEN_COMPOUND,640,6.4,0,0.9487492240667054,True,,,3.3548920493393037e-06
LOGISTIC,unseen-compound-04,UNSEEN_COMPOUND,650,6.5,0,0.8699905894952532,True,,,3.3548920493393037e-06
LOGISTIC,unseen-compound-04,UNSEEN_COMPOUND,660,6.6000000000000005,0,0.8266306974011463,True,,,3.3548920493393037e-06
LOGISTIC,unseen-compound-04,UNSEEN_COMPOUND,670,6.7,0,0.38299175414222825,False,,,3.3548920493393037e-06
LOGISTIC,unseen-compound-04,UNSEEN_COMPOUND,680,6.8,0,0.12717031491639744,False,,,3.3548920493393037e-06
LOGISTIC,unseen-compound-04,UNSEEN_COMPOUND,690,6.9,0,0.04977005231363634,False,,,3.3548920493393037e-06
LOGISTIC,unseen-compound-04,UNSEEN_COMPOUND,700,7.0,0,0.20822858406078204,False,,,3.3548920493393037e-06
LOGISTIC,unseen-compound-04,UNSEEN_COMPOUND,710,7.1000000000000005,0,0.06455220996168962,False,,,3.3548920493393037e-06
LOGISTIC,unseen-compound-04,UNSEEN_COMPOUND,720,7.2,0,0.3418026193833662,False,,,3.3548920493393037e-06
LOGISTIC,unseen-compound-04,UNSEEN_COMPOUND,730,7.3,0,0.13861059962087915,False,,,3.3548920493393037e-06
LOGISTIC,unseen-compound-04,UNSEEN_COMPOUND,740,7.4,0,0.34375740796987314,False,,,3.3548920493393037e-06
LOGISTIC,unseen-compound-04,UNSEEN_COMPOUND,750,7.5,0,0.06898727352388627,False,,,3.3548920493393037e-06
LOGISTIC,unseen-compound-04,UNSEEN_COMPOUND,760,7.6000000000000005,0,0.006009311023917948,False,,,3.3548920493393037e-06
LOGISTIC,unseen-compound-04,UNSEEN_COMPOUND,770,7.7,0,0.00465264031521983,False,,,3.3548920493393037e-06
LOGISTIC,unseen-compound-04,UNSEEN_COMPOUND,780,7.8,0,0.02692489745682939,False,,,3.3548920493393037e-06
LOGISTIC,unseen-compound-04,UNSEEN_COMPOUND,790,7.9,0,0.006394177249735332,False,,,3.3548920493393037e-06
LOGISTIC,unseen-compound-04,UNSEEN_COMPOUND,800,8.0,0,0.008742399202253845,False,,,3.3548920493393037e-06
LOGISTIC,unseen-compound-04,UNSEEN_COMPOUND,810,8.1,0,0.003488711942209064,False,,,3.3548920493393037e-06
LOGISTIC,unseen-compound-04,UNSEEN_COMPOUND,820,8.2,0,0.0015486735625799676,False,,,3.3548920493393037e-06
LOGISTIC,unseen-compound-04,UNSEEN_COMPOUND,830,8.3,0,0.0024395769889987086,False,,,3.3548920493393037e-06
LOGISTIC,unseen-compound-04,UNSEEN_COMPOUND,840,8.4,0,0.0014476027253325634,False,,,3.3548920493393037e-06
LOGISTIC,unseen-compound-04,UNSEEN_COMPOUND,850,8.5,0,0.0011106053327589356,False,,,3.3548920493393037e-06
LOGISTIC,unseen-compound-04,UNSEEN_COMPOUND,860,8.6,0,0.0014251654254448251,False,,,3.3548920493393037e-06
LOGISTIC,unseen-compound-04,UNSEEN_COMPOUND,870,8.700000000000001,0,0.004854046604475007,False,,,3.3548920493393037e-06
LOGISTIC,unseen-compound-04,UNSEEN_COMPOUND,880,8.8,0,0.0033595390919346495,False,,,3.3548920493393037e-06
LOGISTIC,unseen-compound-04,UNSEEN_COMPOUND,890,8.9,0,0.002632140844285697,False,,,3.3548920493393037e-06
LOGISTIC,unseen-compound-04,UNSEEN_COMPOUND,900,9.0,0,0.2057280378048686,False,,,3.3548920493393037e-06
LOGISTIC,unseen-compound-04,UNSEEN_COMPOUND,910,9.1,0,0.03837818143941993,False,,,3.3548920493393037e-06
LOGISTIC,unseen-compound-04,UNSEEN_COMPOUND,920,9.200000000000001,0,0.06521315939039422,False,,,3.3548920493393037e-06
LOGISTIC,unseen-compound-04,UNSEEN_COMPOUND,930,9.3,0,0.05042253671078496,False,,,3.3548920493393037e-06
LOGISTIC,unseen-compound-04,UNSEEN_COMPOUND,940,9.4,0,0.10267767302678946,False,,,3.3548920493393037e-06
LOGISTIC,unseen-compound-04,UNSEEN_COMPOUND,950,9.5,0,0.003054402747961734,False,,,3.3548920493393037e-06
LOGISTIC,unseen-compound-04,UNSEEN_COMPOUND,960,9.6,0,0.0019076881114477046,False,,,3.3548920493393037e-06
LOGISTIC,unseen-compound-04,UNSEEN_COMPOUND,970,9.700000000000001,0,0.005842447373455359,False,,,3.3548920493393037e-06
LOGISTIC,unseen-compound-04,UNSEEN_COMPOUND,980,9.8,0,0.01917202519785529,False,,,3.3548920493393037e-06
LOGISTIC,unseen-compound-04,UNSEEN_COMPOUND,990,9.9,0,0.011087859583113133,False,,,3.3548920493393037e-06
LOGISTIC,unseen-compound-04,UNSEEN_COMPOUND,1000,10.0,0,0.016746853603846177,False,,,3.3548920493393037e-06
LOGISTIC,unseen-compound-04,UNSEEN_COMPOUND,1010,10.1,0,0.9861187044580851,True,,,3.3548920493393037e-06
LOGISTIC,unseen-compound-04,UNSEEN_COMPOUND,1020,10.200000000000001,0,0.7399712465154699,True,,,3.3548920493393037e-06
LOGISTIC,unseen-compound-04,UNSEEN_COMPOUND,1030,10.3,0,0.8533523175623864,True,,,3.3548920493393037e-06
LOGISTIC,unseen-compound-04,UNSEEN_COMPOUND,1040,10.4,0,0.8367687046353097,True,,,3.3548920493393037e-06
LOGISTIC,unseen-compound-04,UNSEEN_COMPOUND,1050,10.5,0,0.15340381571919737,False,,,3.3548920493393037e-06
LOGISTIC,unseen-compound-04,UNSEEN_COMPOUND,1060,10.6,0,0.008300856646202523,False,,,3.3548920493393037e-06
LOGISTIC,unseen-compound-04,UNSEEN_COMPOUND,1070,10.700000000000001,0,0.002892148028263953,False,,,3.3548920493393037e-06
LOGISTIC,unseen-compound-04,UNSEEN_COMPOUND,1080,10.8,0,0.009430783994418164,False,,,3.3548920493393037e-06
LOGISTIC,unseen-compound-04,UNSEEN_COMPOUND,1090,10.9,0,0.011834489954067629,False,,,3.3548920493393037e-06
LOGISTIC,unseen-compound-04,UNSEEN_COMPOUND,1100,11.0,0,0.005056475845601294,False,,,3.3548920493393037e-06
LOGISTIC,unseen-compound-04,UNSEEN_COMPOUND,1110,11.1,0,0.005557055896688891,False,,,3.3548920493393037e-06
LOGISTIC,unseen-compound-04,UNSEEN_COMPOUND,1120,11.200000000000001,0,0.03873035007418247,False,,,3.3548920493393037e-06
LOGISTIC,unseen-compound-04,UNSEEN_COMPOUND,1130,11.3,0,0.0035380462082946567,False,,,3.3548920493393037e-06
LOGISTIC,unseen-compound-04,UNSEEN_COMPOUND,1140,11.4,0,0.0027826157058652976,False,,,3.3548920493393037e-06
LOGISTIC,unseen-compound-04,UNSEEN_COMPOUND,1150,11.5,0,0.003345854230755381,False,,,3.3548920493393037e-06
LOGISTIC,unseen-compound-04,UNSEEN_COMPOUND,1160,11.6,0,0.0039042180119012245,False,,,3.3548920493393037e-06
LOGISTIC,unseen-compound-04,UNSEEN_COMPOUND,1170,11.700000000000001,0,0.026314159296375806,False,,,3.3548920493393037e-06
LOGISTIC,unseen-compound-04,UNSEEN_COMPOUND,1180,11.8,0,0.026646220179829518,False,,,3.3548920493393037e-06
LOGISTIC,unseen-compound-04,UNSEEN_COMPOUND,1190,11.9,0,0.027290032946083457,False,,,3.3548920493393037e-06
LOGISTIC,unseen-compound-04,UNSEEN_COMPOUND,1200,12.0,0,0.022179215915995247,False,,,3.3548920493393037e-06
LOGISTIC,unseen-compound-04,UNSEEN_COMPOUND,1210,12.1,0,0.004591241218885772,False,,,3.3548920493393037e-06
LOGISTIC,unseen-compound-04,UNSEEN_COMPOUND,1220,12.200000000000001,0,0.00378113322579072,False,,,3.3548920493393037e-06
LOGISTIC,unseen-compound-04,UNSEEN_COMPOUND,1230,12.3,0,0.005207696851286149,False,,,3.3548920493393037e-06
LOGISTIC,unseen-compound-04,UNSEEN_COMPOUND,1240,12.4,0,0.004022517638031426,False,,,3.3548920493393037e-06
LOGISTIC,unseen-compound-04,UNSEEN_COMPOUND,1250,12.5,0,0.0033955164127785313,False,,,3.3548920493393037e-06
LOGISTIC,unseen-compound-04,UNSEEN_COMPOUND,1260,12.6,0,0.010694018540676867,False,,,3.3548920493393037e-06
LOGISTIC,unseen-compound-04,UNSEEN_COMPOUND,1270,12.700000000000001,0,0.007203593316525564,False,,,3.3548920493393037e-06
LOGISTIC,unseen-compound-04,UNSEEN_COMPOUND,1280,12.8,0,0.00562617581577064,False,,,3.3548920493393037e-06
LOGISTIC,unseen-compound-04,UNSEEN_COMPOUND,1290,12.9,0,0.007090699164721679,False,,,3.3548920493393037e-06
LOGISTIC,unseen-compound-04,UNSEEN_COMPOUND,1300,13.0,0,0.003920018262406098,False,,,3.3548920493393037e-06
LOGISTIC,unseen-compound-05,UNSEEN_COMPOUND,430,4.3,0,0.9974432387679726,True,,,3.3548920493393037e-06
LOGISTIC,unseen-compound-05,UNSEEN_COMPOUND,440,4.4,0,0.9880622354731757,True,,,3.3548920493393037e-06
LOGISTIC,unseen-compound-05,UNSEEN_COMPOUND,450,4.5,0,0.9914150269871611,True,,,3.3548920493393037e-06
LOGISTIC,unseen-compound-05,UNSEEN_COMPOUND,460,4.6000000000000005,0,0.9985016295762449,True,,,3.3548920493393037e-06
LOGISTIC,unseen-compound-05,UNSEEN_COMPOUND,470,4.7,0,0.9917274872496242,True,,,3.3548920493393037e-06
LOGISTIC,unseen-compound-05,UNSEEN_COMPOUND,480,4.8,0,0.9923678317926113,True,,,3.3548920493393037e-06
LOGISTIC,unseen-compound-05,UNSEEN_COMPOUND,490,4.9,0,0.9947082439662384,True,,,3.3548920493393037e-06
LOGISTIC,unseen-compound-05,UNSEEN_COMPOUND,500,5.0,0,0.9985927433710975,True,,,3.3548920493393037e-06
LOGISTIC,unseen-compound-05,UNSEEN_COMPOUND,510,5.1000000000000005,0,0.9987735317838367,True,,,3.3548920493393037e-06
LOGISTIC,unseen-compound-05,UNSEEN_COMPOUND,520,5.2,0,0.9993766855297956,True,,,3.3548920493393037e-06
LOGISTIC,unseen-compound-05,UNSEEN_COMPOUND,530,5.3,0,0.9985687739560827,True,,,3.3548920493393037e-06
LOGISTIC,unseen-compound-05,UNSEEN_COMPOUND,540,5.4,0,0.9996991137286743,True,1,,3.3548920493393037e-06
LOGISTIC,unseen-compound-05,UNSEEN_COMPOUND,550,5.5,0,0.9996089823944755,True,1,,3.3548920493393037e-06
LOGISTIC,unseen-compound-05,UNSEEN_COMPOUND,560,5.6000000000000005,0,0.9998664939484846,True,1,,3.3548920493393037e-06
LOGISTIC,unseen-compound-05,UNSEEN_COMPOUND,570,5.7,0,0.9998181513705456,True,1,,3.3548920493393037e-06
LOGISTIC,unseen-compound-05,UNSEEN_COMPOUND,580,5.8,0,0.9999412480687531,True,1,,3.3548920493393037e-06
LOGISTIC,unseen-compound-05,UNSEEN_COMPOUND,590,5.9,0,0.9997309002593242,True,1,,3.3548920493393037e-06
LOGISTIC,unseen-compound-05,UNSEEN_COMPOUND,600,6.0,0,0.9857965400573401,True,,,3.3548920493393037e-06
LOGISTIC,unseen-compound-05,UNSEEN_COMPOUND,610,6.1000000000000005,0,0.9987880697169881,True,,,3.3548920493393037e-06
LOGISTIC,unseen-compound-05,UNSEEN_COMPOUND,620,6.2,0,0.9988757052495546,True,,,3.3548920493393037e-06
LOGISTIC,unseen-compound-05,UNSEEN_COMPOUND,630,6.3,0,0.9998626108422176,True,1,,3.3548920493393037e-06
LOGISTIC,unseen-compound-05,UNSEEN_COMPOUND,640,6.4,0,0.9999427540363426,True,1,,3.3548920493393037e-06
LOGISTIC,unseen-compound-05,UNSEEN_COMPOUND,650,6.5,0,0.9997029957265259,True,1,,3.3548920493393037e-06
LOGISTIC,unseen-compound-05,UNSEEN_COMPOUND,660,6.6000000000000005,0,0.9996669596380323,True,1,,3.3548920493393037e-06
LOGISTIC,unseen-compound-05,UNSEEN_COMPOUND,670,6.7,0,0.9992905149708607,True,,,3.3548920493393037e-06
LOGISTIC,unseen-compound-05,UNSEEN_COMPOUND,680,6.8,0,0.9902270872466143,True,,,3.3548920493393037e-06
LOGISTIC,unseen-compound-05,UNSEEN_COMPOUND,690,6.9,0,0.964375657221902,True,,,3.3548920493393037e-06
LOGISTIC,unseen-compound-05,UNSEEN_COMPOUND,700,7.0,0,0.9143668847574937,True,,,3.3548920493393037e-06
LOGISTIC,unseen-compound-05,UNSEEN_COMPOUND,710,7.1000000000000005,0,0.21968637271192154,False,,,3.3548920493393037e-06
LOGISTIC,unseen-compound-05,UNSEEN_COMPOUND,720,7.2,0,0.7369689684957641,True,,,3.3548920493393037e-06
LOGISTIC,unseen-compound-05,UNSEEN_COMPOUND,730,7.3,0,0.20291006102058545,False,,,3.3548920493393037e-06
LOGISTIC,unseen-compound-05,UNSEEN_COMPOUND,740,7.4,0,0.10138405247432733,False,,,3.3548920493393037e-06
LOGISTIC,unseen-compound-05,UNSEEN_COMPOUND,750,7.5,0,0.40159258699533656,False,,,3.3548920493393037e-06
LOGISTIC,unseen-compound-05,UNSEEN_COMPOUND,760,7.6000000000000005,0,0.36580992515050165,False,,,3.3548920493393037e-06
LOGISTIC,unseen-compound-05,UNSEEN_COMPOUND,770,7.7,0,0.20672843036553432,False,,,3.3548920493393037e-06
LOGISTIC,unseen-compound-05,UNSEEN_COMPOUND,780,7.8,0,0.26567985721879533,False,,,3.3548920493393037e-06
LOGISTIC,unseen-compound-05,UNSEEN_COMPOUND,790,7.9,0,0.14159730778078877,False,,,3.3548920493393037e-06
LOGISTIC,unseen-compound-05,UNSEEN_COMPOUND,800,8.0,0,0.21750754805407635,False,,,3.3548920493393037e-06
LOGISTIC,unseen-compound-05,UNSEEN_COMPOUND,810,8.1,0,0.3713961224606204,False,,,3.3548920493393037e-06
LOGISTIC,unseen-compound-05,UNSEEN_COMPOUND,820,8.2,0,0.18668334436636483,False,,,3.3548920493393037e-06
LOGISTIC,unseen-compound-05,UNSEEN_COMPOUND,830,8.3,0,0.1810927855738494,False,,,3.3548920493393037e-06
LOGISTIC,unseen-compound-05,UNSEEN_COMPOUND,840,8.4,0,0.08844781887807547,False,,,3.3548920493393037e-06
LOGISTIC,unseen-compound-05,UNSEEN_COMPOUND,850,8.5,0,0.02100220720470499,False,,,3.3548920493393037e-06
LOGISTIC,unseen-compound-05,UNSEEN_COMPOUND,860,8.6,0,0.08300999660441671,False,,,3.3548920493393037e-06
LOGISTIC,unseen-compound-05,UNSEEN_COMPOUND,870,8.700000000000001,0,0.24186666604453447,False,,,3.3548920493393037e-06
LOGISTIC,unseen-compound-05,UNSEEN_COMPOUND,880,8.8,0,0.2061934702222595,False,,,3.3548920493393037e-06
LOGISTIC,unseen-compound-05,UNSEEN_COMPOUND,890,8.9,0,0.3362581085373482,False,,,3.3548920493393037e-06
LOGISTIC,unseen-compound-05,UNSEEN_COMPOUND,900,9.0,0,0.12669689176697227,False,,,3.3548920493393037e-06
LOGISTIC,unseen-compound-05,UNSEEN_COMPOUND,910,9.1,0,0.4502158482678061,False,,,3.3548920493393037e-06
LOGISTIC,unseen-compound-05,UNSEEN_COMPOUND,920,9.200000000000001,0,0.6382190886943493,True,,,3.3548920493393037e-06
LOGISTIC,unseen-compound-05,UNSEEN_COMPOUND,930,9.3,0,0.5442913398696866,True,,,3.3548920493393037e-06
LOGISTIC,unseen-compound-05,UNSEEN_COMPOUND,940,9.4,0,0.633652352265774,True,,,3.3548920493393037e-06
LOGISTIC,unseen-compound-05,UNSEEN_COMPOUND,950,9.5,0,0.24699610770427952,False,,,3.3548920493393037e-06
LOGISTIC,unseen-compound-05,UNSEEN_COMPOUND,960,9.6,0,0.7062995325371354,True,,,3.3548920493393037e-06
LOGISTIC,unseen-compound-05,UNSEEN_COMPOUND,970,9.700000000000001,0,0.6264973564640965,True,,,3.3548920493393037e-06
LOGISTIC,unseen-compound-05,UNSEEN_COMPOUND,980,9.8,0,0.6039442861077319,True,,,3.3548920493393037e-06
LOGISTIC,unseen-compound-05,UNSEEN_COMPOUND,990,9.9,0,0.3331038633128856,False,,,3.3548920493393037e-06
LOGISTIC,unseen-compound-05,UNSEEN_COMPOUND,1000,10.0,0,0.00215651155667677,False,,,3.3548920493393037e-06
LOGISTIC,unseen-compound-05,UNSEEN_COMPOUND,1010,10.1,0,0.011933634270874266,False,,,3.3548920493393037e-06
LOGISTIC,unseen-compound-05,UNSEEN_COMPOUND,1020,10.200000000000001,0,0.03450103522004327,False,,,3.3548920493393037e-06
LOGISTIC,unseen-compound-05,UNSEEN_COMPOUND,1030,10.3,0,0.0404560638732026,False,,,3.3548920493393037e-06
LOGISTIC,unseen-compound-05,UNSEEN_COMPOUND,1040,10.4,0,0.06058899722626108,False,,,3.3548920493393037e-06
LOGISTIC,unseen-compound-05,UNSEEN_COMPOUND,1050,10.5,0,0.09736623938729466,False,,,3.3548920493393037e-06
LOGISTIC,unseen-compound-05,UNSEEN_COMPOUND,1060,10.6,0,0.13430922524344785,False,,,3.3548920493393037e-06
LOGISTIC,unseen-compound-05,UNSEEN_COMPOUND,1070,10.700000000000001,0,0.45621541090025625,False,,,3.3548920493393037e-06
LOGISTIC,unseen-compound-05,UNSEEN_COMPOUND,1080,10.8,0,0.1610518636523307,False,,,3.3548920493393037e-06
LOGISTIC,unseen-compound-05,UNSEEN_COMPOUND,1090,10.9,0,0.13604226555898633,False,,,3.3548920493393037e-06
LOGISTIC,unseen-compound-05,UNSEEN_COMPOUND,1100,11.0,0,0.06979499366065656,False,,,3.3548920493393037e-06
LOGISTIC,unseen-compound-05,UNSEEN_COMPOUND,1110,11.1,0,0.1478753839833848,False,,,3.3548920493393037e-06
LOGISTIC,unseen-compound-05,UNSEEN_COMPOUND,1120,11.200000000000001,0,0.1033743629769335,False,,,3.3548920493393037e-06
LOGISTIC,unseen-compound-05,UNSEEN_COMPOUND,1130,11.3,0,0.116838576052133,False,,,3.3548920493393037e-06
LOGISTIC,unseen-compound-05,UNSEEN_COMPOUND,1140,11.4,0,0.04068808814882848,False,,,3.3548920493393037e-06
LOGISTIC,unseen-compound-05,UNSEEN_COMPOUND,1150,11.5,0,0.05880223184794616,False,,,3.3548920493393037e-06
LOGISTIC,unseen-compound-05,UNSEEN_COMPOUND,1160,11.6,0,0.9915221378544977,True,,,3.3548920493393037e-06
LOGISTIC,unseen-compound-05,UNSEEN_COMPOUND,1170,11.700000000000001,0,0.9927565683742398,True,,,3.3548920493393037e-06
LOGISTIC,unseen-compound-05,UNSEEN_COMPOUND,1180,11.8,0,0.993569012781527,True,,,3.3548920493393037e-06
LOGISTIC,unseen-compound-05,UNSEEN_COMPOUND,1190,11.9,0,0.9917374236653578,True,,,3.3548920493393037e-06
LOGISTIC,unseen-compound-05,UNSEEN_COMPOUND,1200,12.0,0,0.8408417291501336,True,,,3.3548920493393037e-06
LOGISTIC,unseen-compound-05,UNSEEN_COMPOUND,1210,12.1,0,0.9033531168547251,True,,,3.3548920493393037e-06
LOGISTIC,unseen-compound-05,UNSEEN_COMPOUND,1220,12.200000000000001,0,0.8955005029269282,True,,,3.3548920493393037e-06
LOGISTIC,unseen-compound-05,UNSEEN_COMPOUND,1230,12.3,0,0.8859402517140281,True,,,3.3548920493393037e-06
LOGISTIC,unseen-compound-05,UNSEEN_COMPOUND,1240,12.4,0,0.9181548562683963,True,,,3.3548920493393037e-06
LOGISTIC,unseen-compound-05,UNSEEN_COMPOUND,1250,12.5,0,0.9317033931359882,True,,,3.3548920493393037e-06
LOGISTIC,unseen-compound-05,UNSEEN_COMPOUND,1260,12.6,0,0.9606157578285552,True,,,3.3548920493393037e-06
LOGISTIC,unseen-compound-05,UNSEEN_COMPOUND,1270,12.700000000000001,0,0.989188181534789,True,,,3.3548920493393037e-06
LOGISTIC,unseen-compound-05,UNSEEN_COMPOUND,1280,12.8,0,0.9892793443109396,True,,,3.3548920493393037e-06
LOGISTIC,unseen-compound-05,UNSEEN_COMPOUND,1290,12.9,0,0.987772434870206,True,,,3.3548920493393037e-06
LOGISTIC,unseen-compound-05,UNSEEN_COMPOUND,1300,13.0,0,0.9534223983788015,True,,,3.3548920493393037e-06
LOGISTIC,structural-null-00,STRUCTURAL_NULL,430,4.3,0,0.9992007655267474,True,,,3.108912882122571e-06
LOGISTIC,structural-null-00,STRUCTURAL_NULL,440,4.4,0,0.9993692972730449,True,,,3.108912882122571e-06
LOGISTIC,structural-null-00,STRUCTURAL_NULL,450,4.5,0,0.9995979105868255,True,1,,3.108912882122571e-06
LOGISTIC,structural-null-00,STRUCTURAL_NULL,460,4.6000000000000005,0,0.9986019765403112,True,,,3.108912882122571e-06
LOGISTIC,structural-null-00,STRUCTURAL_NULL,470,4.7,0,0.9976813355430181,True,,,3.108912882122571e-06
LOGISTIC,structural-null-00,STRUCTURAL_NULL,480,4.8,0,0.9991648683479296,True,,,3.108912882122571e-06
LOGISTIC,structural-null-00,STRUCTURAL_NULL,490,4.9,0,0.9989298865130367,True,,,3.108912882122571e-06
LOGISTIC,structural-null-00,STRUCTURAL_NULL,500,5.0,0,0.9998773826996893,True,1,,3.108912882122571e-06
LOGISTIC,structural-null-00,STRUCTURAL_NULL,510,5.1000000000000005,0,0.9999412737607618,True,1,,3.108912882122571e-06
LOGISTIC,structural-null-00,STRUCTURAL_NULL,520,5.2,0,0.9999737802521624,True,1,,3.108912882122571e-06
LOGISTIC,structural-null-00,STRUCTURAL_NULL,530,5.3,0,0.9999845418882723,True,1,,3.108912882122571e-06
LOGISTIC,structural-null-00,STRUCTURAL_NULL,540,5.4,0,0.9999850021397032,True,1,,3.108912882122571e-06
LOGISTIC,structural-null-00,STRUCTURAL_NULL,550,5.5,0,0.9999801662531589,True,1,,3.108912882122571e-06
LOGISTIC,structural-null-00,STRUCTURAL_NULL,560,5.6000000000000005,0,0.9999021439222976,True,1,,3.108912882122571e-06
LOGISTIC,structural-null-00,STRUCTURAL_NULL,570,5.7,0,0.9974622135082831,True,,,3.108912882122571e-06
LOGISTIC,structural-null-00,STRUCTURAL_NULL,580,5.8,0,0.9980615937367336,True,,,3.108912882122571e-06
LOGISTIC,structural-null-00,STRUCTURAL_NULL,590,5.9,0,0.9985342286031292,True,,,3.108912882122571e-06
LOGISTIC,structural-null-00,STRUCTURAL_NULL,600,6.0,0,0.9998680721952077,True,1,,3.108912882122571e-06
LOGISTIC,structural-null-00,STRUCTURAL_NULL,610,6.1000000000000005,0,0.9999850128047774,True,1,,3.108912882122571e-06
LOGISTIC,structural-null-00,STRUCTURAL_NULL,620,6.2,0,0.99996669852602,True,1,,3.108912882122571e-06
LOGISTIC,structural-null-00,STRUCTURAL_NULL,630,6.3,0,0.9998913181885213,True,1,,3.108912882122571e-06
LOGISTIC,structural-null-00,STRUCTURAL_NULL,640,6.4,0,0.9999801516345633,True,1,,3.108912882122571e-06
LOGISTIC,structural-null-00,STRUCTURAL_NULL,650,6.5,0,0.9999287301989006,True,1,,3.108912882122571e-06
LOGISTIC,structural-null-00,STRUCTURAL_NULL,660,6.6000000000000005,0,0.9998599582798117,True,1,,3.108912882122571e-06
LOGISTIC,structural-null-00,STRUCTURAL_NULL,670,6.7,0,0.9998626875833823,True,1,,3.108912882122571e-06
LOGISTIC,structural-null-00,STRUCTURAL_NULL,680,6.8,0,0.9998170769332934,True,1,,3.108912882122571e-06
LOGISTIC,structural-null-00,STRUCTURAL_NULL,690,6.9,0,0.9996828153042023,True,1,,3.108912882122571e-06
LOGISTIC,structural-null-00,STRUCTURAL_NULL,700,7.0,0,0.9994102063375,True,1,,3.108912882122571e-06
LOGISTIC,structural-null-00,STRUCTURAL_NULL,710,7.1000000000000005,0,0.7092198128506918,True,,,3.108912882122571e-06
LOGISTIC,structural-null-00,STRUCTURAL_NULL,720,7.2,0,0.5051990795790371,True,,,3.108912882122571e-06
LOGISTIC,structural-null-00,STRUCTURAL_NULL,730,7.3,0,0.4242091674492182,False,,,3.108912882122571e-06
LOGISTIC,structural-null-00,STRUCTURAL_NULL,740,7.4,0,0.6862933444010773,True,,,3.108912882122571e-06
LOGISTIC,structural-null-00,STRUCTURAL_NULL,750,7.5,0,0.6905757842208817,True,,,3.108912882122571e-06
LOGISTIC,structural-null-00,STRUCTURAL_NULL,760,7.6000000000000005,0,0.7613754417711069,True,,,3.108912882122571e-06
LOGISTIC,structural-null-00,STRUCTURAL_NULL,770,7.7,0,0.7182943981144001,True,,,3.108912882122571e-06
LOGISTIC,structural-null-00,STRUCTURAL_NULL,780,7.8,0,0.9068158353114415,True,,,3.108912882122571e-06
LOGISTIC,structural-null-00,STRUCTURAL_NULL,790,7.9,0,0.8676011209588147,True,,,3.108912882122571e-06
LOGISTIC,structural-null-00,STRUCTURAL_NULL,800,8.0,0,0.9655132283631899,True,,,3.108912882122571e-06
LOGISTIC,structural-null-00,STRUCTURAL_NULL,810,8.1,0,0.9748418980328007,True,,,3.108912882122571e-06
LOGISTIC,structural-null-00,STRUCTURAL_NULL,820,8.2,0,0.5238778764208262,True,,,3.108912882122571e-06
LOGISTIC,structural-null-00,STRUCTURAL_NULL,830,8.3,0,0.5488715586030083,True,,,3.108912882122571e-06
LOGISTIC,structural-null-00,STRUCTURAL_NULL,840,8.4,0,0.4972135996569652,False,,,3.108912882122571e-06
LOGISTIC,structural-null-00,STRUCTURAL_NULL,850,8.5,0,0.3870620332398698,False,,,3.108912882122571e-06
LOGISTIC,structural-null-00,STRUCTURAL_NULL,860,8.6,0,0.24459605937340487,False,,,3.108912882122571e-06
LOGISTIC,structural-null-00,STRUCTURAL_NULL,870,8.700000000000001,0,0.6505761376794233,True,,,3.108912882122571e-06
LOGISTIC,structural-null-00,STRUCTURAL_NULL,880,8.8,0,0.823750626027797,True,,,3.108912882122571e-06
LOGISTIC,structural-null-00,STRUCTURAL_NULL,890,8.9,0,0.8381856426809147,True,,,3.108912882122571e-06
LOGISTIC,structural-null-00,STRUCTURAL_NULL,900,9.0,0,0.7891210692752945,True,,,3.108912882122571e-06
LOGISTIC,structural-null-00,STRUCTURAL_NULL,910,9.1,0,0.8093525033046403,True,,,3.108912882122571e-06
LOGISTIC,structural-null-00,STRUCTURAL_NULL,920,9.200000000000001,0,0.9292219212227156,True,,,3.108912882122571e-06
LOGISTIC,structural-null-00,STRUCTURAL_NULL,930,9.3,0,0.7760812760443709,True,,,3.108912882122571e-06
LOGISTIC,structural-null-00,STRUCTURAL_NULL,940,9.4,0,0.7464698420657203,True,,,3.108912882122571e-06
LOGISTIC,structural-null-00,STRUCTURAL_NULL,950,9.5,0,0.6880635394888873,True,,,3.108912882122571e-06
LOGISTIC,structural-null-00,STRUCTURAL_NULL,960,9.6,0,0.46076990199634466,False,,,3.108912882122571e-06
LOGISTIC,structural-null-00,STRUCTURAL_NULL,970,9.700000000000001,0,0.5993833855110092,True,,,3.108912882122571e-06
LOGISTIC,structural-null-00,STRUCTURAL_NULL,980,9.8,0,0.6949324447351636,True,,,3.108912882122571e-06
LOGISTIC,structural-null-00,STRUCTURAL_NULL,990,9.9,0,0.7410035680060812,True,,,3.108912882122571e-06
LOGISTIC,structural-null-00,STRUCTURAL_NULL,1000,10.0,0,0.6629333234251942,True,,,3.108912882122571e-06
LOGISTIC,structural-null-00,STRUCTURAL_NULL,1010,10.1,0,0.22687787248689645,False,,,3.108912882122571e-06
LOGISTIC,structural-null-00,STRUCTURAL_NULL,1020,10.200000000000001,0,0.7661208816290827,True,,,3.108912882122571e-06
LOGISTIC,structural-null-00,STRUCTURAL_NULL,1030,10.3,0,0.7468036430885088,True,,,3.108912882122571e-06
LOGISTIC,structural-null-00,STRUCTURAL_NULL,1040,10.4,0,0.995125731370276,True,,,3.108912882122571e-06
LOGISTIC,structural-null-00,STRUCTURAL_NULL,1050,10.5,0,0.9665644729365286,True,,,3.108912882122571e-06
LOGISTIC,structural-null-00,STRUCTURAL_NULL,1060,10.6,0,0.7921658061669727,True,,,3.108912882122571e-06
LOGISTIC,structural-null-00,STRUCTURAL_NULL,1070,10.700000000000001,0,0.6777750571860153,True,,,3.108912882122571e-06
LOGISTIC,structural-null-00,STRUCTURAL_NULL,1080,10.8,0,0.3119000547822841,False,,,3.108912882122571e-06
LOGISTIC,structural-null-00,STRUCTURAL_NULL,1090,10.9,0,0.6676248319648262,True,,,3.108912882122571e-06
LOGISTIC,structural-null-00,STRUCTURAL_NULL,1100,11.0,0,0.8657615184883569,True,,,3.108912882122571e-06
LOGISTIC,structural-null-00,STRUCTURAL_NULL,1110,11.1,0,0.762492450921601,True,,,3.108912882122571e-06
LOGISTIC,structural-null-00,STRUCTURAL_NULL,1120,11.200000000000001,0,0.7734707439193557,True,,,3.108912882122571e-06
LOGISTIC,structural-null-00,STRUCTURAL_NULL,1130,11.3,0,0.8533971403612187,True,,,3.108912882122571e-06
LOGISTIC,structural-null-00,STRUCTURAL_NULL,1140,11.4,0,0.8749720732335984,True,,,3.108912882122571e-06
LOGISTIC,structural-null-00,STRUCTURAL_NULL,1150,11.5,0,0.8986742548074195,True,,,3.108912882122571e-06
LOGISTIC,structural-null-00,STRUCTURAL_NULL,1160,11.6,0,0.8836428547170957,True,,,3.108912882122571e-06
LOGISTIC,structural-null-00,STRUCTURAL_NULL,1170,11.700000000000001,0,0.7453491570856202,True,,,3.108912882122571e-06
LOGISTIC,structural-null-00,STRUCTURAL_NULL,1180,11.8,0,0.7272866868831238,True,,,3.108912882122571e-06
LOGISTIC,structural-null-00,STRUCTURAL_NULL,1190,11.9,0,0.5762631843985597,True,,,3.108912882122571e-06
LOGISTIC,structural-null-00,STRUCTURAL_NULL,1200,12.0,0,0.3033165188980296,False,,,3.108912882122571e-06
LOGISTIC,structural-null-00,STRUCTURAL_NULL,1210,12.1,0,0.25584062570980093,False,,,3.108912882122571e-06
LOGISTIC,structural-null-00,STRUCTURAL_NULL,1220,12.200000000000001,0,0.27614583814212845,False,,,3.108912882122571e-06
LOGISTIC,structural-null-00,STRUCTURAL_NULL,1230,12.3,0,0.5420105904996052,True,,,3.108912882122571e-06
LOGISTIC,structural-null-00,STRUCTURAL_NULL,1240,12.4,0,0.9050291773350896,True,,,3.108912882122571e-06
LOGISTIC,structural-null-00,STRUCTURAL_NULL,1250,12.5,0,0.8796560495874214,True,,,3.108912882122571e-06
LOGISTIC,structural-null-00,STRUCTURAL_NULL,1260,12.6,0,0.8383148495921998,True,,,3.108912882122571e-06
LOGISTIC,structural-null-00,STRUCTURAL_NULL,1270,12.700000000000001,0,0.8505530968126956,True,,,3.108912882122571e-06
LOGISTIC,structural-null-00,STRUCTURAL_NULL,1280,12.8,0,0.5607197505680612,True,,,3.108912882122571e-06
LOGISTIC,structural-null-00,STRUCTURAL_NULL,1290,12.9,0,0.43918892050180236,False,,,3.108912882122571e-06
LOGISTIC,structural-null-00,STRUCTURAL_NULL,1300,13.0,0,0.7052733157031991,True,,,3.108912882122571e-06
LOGISTIC,structural-null-01,STRUCTURAL_NULL,430,4.3,0,0.003945888251706681,False,,,3.108912882122571e-06
LOGISTIC,structural-null-01,STRUCTURAL_NULL,440,4.4,0,0.06839748890248465,False,,,3.108912882122571e-06
LOGISTIC,structural-null-01,STRUCTURAL_NULL,450,4.5,0,0.12650953322217806,False,,,3.108912882122571e-06
LOGISTIC,structural-null-01,STRUCTURAL_NULL,460,4.6000000000000005,0,0.1856293641415128,False,,,3.108912882122571e-06
LOGISTIC,structural-null-01,STRUCTURAL_NULL,470,4.7,0,0.19668349356194847,False,,,3.108912882122571e-06
LOGISTIC,structural-null-01,STRUCTURAL_NULL,480,4.8,0,0.28135599068654715,False,,,3.108912882122571e-06
LOGISTIC,structural-null-01,STRUCTURAL_NULL,490,4.9,0,0.2239245172265829,False,,,3.108912882122571e-06
LOGISTIC,structural-null-01,STRUCTURAL_NULL,500,5.0,0,0.38329227337911653,False,,,3.108912882122571e-06
LOGISTIC,structural-null-01,STRUCTURAL_NULL,510,5.1000000000000005,0,0.4572211226478545,False,,,3.108912882122571e-06
LOGISTIC,structural-null-01,STRUCTURAL_NULL,520,5.2,0,0.5284547395840906,True,,,3.108912882122571e-06
LOGISTIC,structural-null-01,STRUCTURAL_NULL,530,5.3,0,0.643974922354695,True,,,3.108912882122571e-06
LOGISTIC,structural-null-01,STRUCTURAL_NULL,540,5.4,0,0.4039624791462892,False,,,3.108912882122571e-06
LOGISTIC,structural-null-01,STRUCTURAL_NULL,550,5.5,0,0.558950916020355,True,,,3.108912882122571e-06
LOGISTIC,structural-null-01,STRUCTURAL_NULL,560,5.6000000000000005,0,0.19303081876458741,False,,,3.108912882122571e-06
LOGISTIC,structural-null-01,STRUCTURAL_NULL,570,5.7,0,0.018557543254975235,False,,,3.108912882122571e-06
LOGISTIC,structural-null-01,STRUCTURAL_NULL,580,5.8,0,0.0051778636180136155,False,,,3.108912882122571e-06
LOGISTIC,structural-null-01,STRUCTURAL_NULL,590,5.9,0,0.01224357776237602,False,,,3.108912882122571e-06
LOGISTIC,structural-null-01,STRUCTURAL_NULL,600,6.0,0,0.02625876563974823,False,,,3.108912882122571e-06
LOGISTIC,structural-null-01,STRUCTURAL_NULL,610,6.1000000000000005,0,0.3118103100931741,False,,,3.108912882122571e-06
LOGISTIC,structural-null-01,STRUCTURAL_NULL,620,6.2,0,0.2656383469565598,False,,,3.108912882122571e-06
LOGISTIC,structural-null-01,STRUCTURAL_NULL,630,6.3,0,0.18812227442655924,False,,,3.108912882122571e-06
LOGISTIC,structural-null-01,STRUCTURAL_NULL,640,6.4,0,0.04454136231848169,False,,,3.108912882122571e-06
LOGISTIC,structural-null-01,STRUCTURAL_NULL,650,6.5,0,0.02015811791281547,False,,,3.108912882122571e-06
LOGISTIC,structural-null-01,STRUCTURAL_NULL,660,6.6000000000000005,0,0.004026686883379552,False,,,3.108912882122571e-06
LOGISTIC,structural-null-01,STRUCTURAL_NULL,670,6.7,0,0.002591417296863109,False,,,3.108912882122571e-06
LOGISTIC,structural-null-01,STRUCTURAL_NULL,680,6.8,0,0.0022051277692390738,False,,,3.108912882122571e-06
LOGISTIC,structural-null-01,STRUCTURAL_NULL,690,6.9,0,0.0014836300848588989,False,,,3.108912882122571e-06
LOGISTIC,structural-null-01,STRUCTURAL_NULL,700,7.0,0,0.001064941882303553,False,,,3.108912882122571e-06
LOGISTIC,structural-null-01,STRUCTURAL_NULL,710,7.1000000000000005,0,2.4382014389999424e-05,False,0,,3.108912882122571e-06
LOGISTIC,structural-null-01,STRUCTURAL_NULL,720,7.2,0,6.0109532419974126e-05,False,0,,3.108912882122571e-06
LOGISTIC,structural-null-01,STRUCTURAL_NULL,730,7.3,0,1.1171027778487335e-05,False,0,,3.108912882122571e-06
LOGISTIC,structural-null-01,STRUCTURAL_NULL,740,7.4,0,2.142332024545579e-06,False,0,,3.108912882122571e-06
LOGISTIC,structural-null-01,STRUCTURAL_NULL,750,7.5,0,2.546161696187621e-06,False,0,,3.108912882122571e-06
LOGISTIC,structural-null-01,STRUCTURAL_NULL,760,7.6000000000000005,0,2.142332024545579e-06,False,0,,3.108912882122571e-06
LOGISTIC,structural-null-01,STRUCTURAL_NULL,770,7.7,0,2.142332024545579e-06,False,0,,3.108912882122571e-06
LOGISTIC,structural-null-01,STRUCTURAL_NULL,780,7.8,0,0.00032810657613545563,False,0,,3.108912882122571e-06
LOGISTIC,structural-null-01,STRUCTURAL_NULL,790,7.9,0,0.007429868963951356,False,,,3.108912882122571e-06
LOGISTIC,structural-null-01,STRUCTURAL_NULL,800,8.0,0,0.006564702509888634,False,,,3.108912882122571e-06
LOGISTIC,structural-null-01,STRUCTURAL_NULL,810,8.1,0,0.005799415418209156,False,,,3.108912882122571e-06
LOGISTIC,structural-null-01,STRUCTURAL_NULL,820,8.2,0,0.008168937810667827,False,,,3.108912882122571e-06
LOGISTIC,structural-null-01,STRUCTURAL_NULL,830,8.3,0,0.006143968008105228,False,,,3.108912882122571e-06
LOGISTIC,structural-null-01,STRUCTURAL_NULL,840,8.4,0,0.04029271030649439,False,,,3.108912882122571e-06
LOGISTIC,structural-null-01,STRUCTURAL_NULL,850,8.5,0,0.02225395149162501,False,,,3.108912882122571e-06
LOGISTIC,structural-null-01,STRUCTURAL_NULL,860,8.6,0,0.06999515093578709,False,,,3.108912882122571e-06
LOGISTIC,structural-null-01,STRUCTURAL_NULL,870,8.700000000000001,0,0.055114523731877856,False,,,3.108912882122571e-06
LOGISTIC,structural-null-01,STRUCTURAL_NULL,880,8.8,0,0.014687029685140447,False,,,3.108912882122571e-06
LOGISTIC,structural-null-01,STRUCTURAL_NULL,890,8.9,0,0.0022083425820382096,False,,,3.108912882122571e-06
LOGISTIC,structural-null-01,STRUCTURAL_NULL,900,9.0,0,0.000278152334181604,False,0,,3.108912882122571e-06
LOGISTIC,structural-null-01,STRUCTURAL_NULL,910,9.1,0,0.0005558021469699736,False,0,,3.108912882122571e-06
LOGISTIC,structural-null-01,STRUCTURAL_NULL,920,9.200000000000001,0,0.000592884876073032,False,0,,3.108912882122571e-06
LOGISTIC,structural-null-01,STRUCTURAL_NULL,930,9.3,0,0.00039587306643877986,False,0,,3.108912882122571e-06
LOGISTIC,structural-null-01,STRUCTURAL_NULL,940,9.4,0,0.0032475183863825614,False,,,3.108912882122571e-06
LOGISTIC,structural-null-01,STRUCTURAL_NULL,950,9.5,0,0.0047110296178309915,False,,,3.108912882122571e-06
LOGISTIC,structural-null-01,STRUCTURAL_NULL,960,9.6,0,0.022698286586864957,False,,,3.108912882122571e-06
LOGISTIC,structural-null-01,STRUCTURAL_NULL,970,9.700000000000001,0,0.03773467339943238,False,,,3.108912882122571e-06
LOGISTIC,structural-null-01,STRUCTURAL_NULL,980,9.8,0,0.03356726534822674,False,,,3.108912882122571e-06
LOGISTIC,structural-null-01,STRUCTURAL_NULL,990,9.9,0,0.020065799325103606,False,,,3.108912882122571e-06
LOGISTIC,structural-null-01,STRUCTURAL_NULL,1000,10.0,0,0.012910513227043643,False,,,3.108912882122571e-06
LOGISTIC,structural-null-01,STRUCTURAL_NULL,1010,10.1,0,0.045057298519424256,False,,,3.108912882122571e-06
LOGISTIC,structural-null-01,STRUCTURAL_NULL,1020,10.200000000000001,0,0.03656806511863168,False,,,3.108912882122571e-06
LOGISTIC,structural-null-01,STRUCTURAL_NULL,1030,10.3,0,0.3462057360585033,False,,,3.108912882122571e-06
LOGISTIC,structural-null-01,STRUCTURAL_NULL,1040,10.4,0,0.3949546088614603,False,,,3.108912882122571e-06
LOGISTIC,structural-null-01,STRUCTURAL_NULL,1050,10.5,0,0.2149770125777654,False,,,3.108912882122571e-06
LOGISTIC,structural-null-01,STRUCTURAL_NULL,1060,10.6,0,0.9671439256728366,True,,,3.108912882122571e-06
LOGISTIC,structural-null-01,STRUCTURAL_NULL,1070,10.700000000000001,0,0.9316893447519077,True,,,3.108912882122571e-06
LOGISTIC,structural-null-01,STRUCTURAL_NULL,1080,10.8,0,0.9409247565390818,True,,,3.108912882122571e-06
LOGISTIC,structural-null-01,STRUCTURAL_NULL,1090,10.9,0,0.9535909440597223,True,,,3.108912882122571e-06
LOGISTIC,structural-null-01,STRUCTURAL_NULL,1100,11.0,0,0.9173869968504514,True,,,3.108912882122571e-06
LOGISTIC,structural-null-01,STRUCTURAL_NULL,1110,11.1,0,0.9225870019619722,True,,,3.108912882122571e-06
LOGISTIC,structural-null-01,STRUCTURAL_NULL,1120,11.200000000000001,0,0.9400146425192217,True,,,3.108912882122571e-06
LOGISTIC,structural-null-01,STRUCTURAL_NULL,1130,11.3,0,0.9363796295107178,True,,,3.108912882122571e-06
LOGISTIC,structural-null-01,STRUCTURAL_NULL,1140,11.4,0,0.8692792282002891,True,,,3.108912882122571e-06
LOGISTIC,structural-null-01,STRUCTURAL_NULL,1150,11.5,0,0.8422502182194526,True,,,3.108912882122571e-06
LOGISTIC,structural-null-01,STRUCTURAL_NULL,1160,11.6,0,0.7540145291654436,True,,,3.108912882122571e-06
LOGISTIC,structural-null-01,STRUCTURAL_NULL,1170,11.700000000000001,0,0.7184731902766521,True,,,3.108912882122571e-06
LOGISTIC,structural-null-01,STRUCTURAL_NULL,1180,11.8,0,0.39430702196328404,False,,,3.108912882122571e-06
LOGISTIC,structural-null-01,STRUCTURAL_NULL,1190,11.9,0,0.6505342184686288,True,,,3.108912882122571e-06
LOGISTIC,structural-null-01,STRUCTURAL_NULL,1200,12.0,0,0.8267269080219799,True,,,3.108912882122571e-06
LOGISTIC,structural-null-01,STRUCTURAL_NULL,1210,12.1,0,0.7798326864597351,True,,,3.108912882122571e-06
LOGISTIC,structural-null-01,STRUCTURAL_NULL,1220,12.200000000000001,0,0.8459412444253143,True,,,3.108912882122571e-06
LOGISTIC,structural-null-01,STRUCTURAL_NULL,1230,12.3,0,0.8154608871542526,True,,,3.108912882122571e-06
LOGISTIC,structural-null-01,STRUCTURAL_NULL,1240,12.4,0,0.7901377765869481,True,,,3.108912882122571e-06
LOGISTIC,structural-null-01,STRUCTURAL_NULL,1250,12.5,0,0.8111576374248374,True,,,3.108912882122571e-06
LOGISTIC,structural-null-01,STRUCTURAL_NULL,1260,12.6,0,0.7302010892948163,True,,,3.108912882122571e-06
LOGISTIC,structural-null-01,STRUCTURAL_NULL,1270,12.700000000000001,0,0.4245210432827256,False,,,3.108912882122571e-06
LOGISTIC,structural-null-01,STRUCTURAL_NULL,1280,12.8,0,0.4962060198928823,False,,,3.108912882122571e-06
LOGISTIC,structural-null-01,STRUCTURAL_NULL,1290,12.9,0,0.43799895805921013,False,,,3.108912882122571e-06
LOGISTIC,structural-null-01,STRUCTURAL_NULL,1300,13.0,0,0.44193369917790926,False,,,3.108912882122571e-06
LOGISTIC,structural-null-02,STRUCTURAL_NULL,430,4.3,0,0.5682011103337442,True,,,3.108912882122571e-06
LOGISTIC,structural-null-02,STRUCTURAL_NULL,440,4.4,0,0.619056229161319,True,,,3.108912882122571e-06
LOGISTIC,structural-null-02,STRUCTURAL_NULL,450,4.5,0,0.8581036916433159,True,,,3.108912882122571e-06
LOGISTIC,structural-null-02,STRUCTURAL_NULL,460,4.6000000000000005,0,0.9286287904447721,True,,,3.108912882122571e-06
LOGISTIC,structural-null-02,STRUCTURAL_NULL,470,4.7,0,0.9626300662564686,True,,,3.108912882122571e-06
LOGISTIC,structural-null-02,STRUCTURAL_NULL,480,4.8,0,0.8505787152120321,True,,,3.108912882122571e-06
LOGISTIC,structural-null-02,STRUCTURAL_NULL,490,4.9,0,0.9673753926848738,True,,,3.108912882122571e-06
LOGISTIC,structural-null-02,STRUCTURAL_NULL,500,5.0,0,0.9950267578048739,True,,,3.108912882122571e-06
LOGISTIC,structural-null-02,STRUCTURAL_NULL,510,5.1000000000000005,0,0.999288928452027,True,,,3.108912882122571e-06
LOGISTIC,structural-null-02,STRUCTURAL_NULL,520,5.2,0,0.9998809377089022,True,1,,3.108912882122571e-06
LOGISTIC,structural-null-02,STRUCTURAL_NULL,530,5.3,0,0.9998781065365644,True,1,,3.108912882122571e-06
LOGISTIC,structural-null-02,STRUCTURAL_NULL,540,5.4,0,0.9999991361234961,True,1,,3.108912882122571e-06
LOGISTIC,structural-null-02,STRUCTURAL_NULL,550,5.5,0,0.9999996871562282,True,1,,3.108912882122571e-06
LOGISTIC,structural-null-02,STRUCTURAL_NULL,560,5.6000000000000005,0,0.9999293103805386,True,1,,3.108912882122571e-06
LOGISTIC,structural-null-02,STRUCTURAL_NULL,570,5.7,0,0.999011750001961,True,,,3.108912882122571e-06
LOGISTIC,structural-null-02,STRUCTURAL_NULL,580,5.8,0,0.894731708450233,True,,,3.108912882122571e-06
LOGISTIC,structural-null-02,STRUCTURAL_NULL,590,5.9,0,0.9136436397668252,True,,,3.108912882122571e-06
LOGISTIC,structural-null-02,STRUCTURAL_NULL,600,6.0,0,0.9237382395705608,True,,,3.108912882122571e-06
LOGISTIC,structural-null-02,STRUCTURAL_NULL,610,6.1000000000000005,0,0.9971771380195897,True,,,3.108912882122571e-06
LOGISTIC,structural-null-02,STRUCTURAL_NULL,620,6.2,0,0.9979978721636416,True,,,3.108912882122571e-06
LOGISTIC,structural-null-02,STRUCTURAL_NULL,630,6.3,0,0.9967936098852802,True,,,3.108912882122571e-06
LOGISTIC,structural-null-02,STRUCTURAL_NULL,640,6.4,0,0.9925469170585562,True,,,3.108912882122571e-06
LOGISTIC,structural-null-02,STRUCTURAL_NULL,650,6.5,0,0.9768479017437963,True,,,3.108912882122571e-06
LOGISTIC,structural-null-02,STRUCTURAL_NULL,660,6.6000000000000005,0,0.7894322872008458,True,,,3.108912882122571e-06
LOGISTIC,structural-null-02,STRUCTURAL_NULL,670,6.7,0,0.6533488828295784,True,,,3.108912882122571e-06
LOGISTIC,structural-null-02,STRUCTURAL_NULL,680,6.8,0,0.8786274439285082,True,,,3.108912882122571e-06
LOGISTIC,structural-null-02,STRUCTURAL_NULL,690,6.9,0,0.8091028613314364,True,,,3.108912882122571e-06
LOGISTIC,structural-null-02,STRUCTURAL_NULL,700,7.0,0,0.9961591325042466,True,,,3.108912882122571e-06
LOGISTIC,structural-null-02,STRUCTURAL_NULL,710,7.1000000000000005,0,0.5805618693635198,True,,,3.108912882122571e-06
LOGISTIC,structural-null-02,STRUCTURAL_NULL,720,7.2,0,0.37755023305538904,False,,,3.108912882122571e-06
LOGISTIC,structural-null-02,STRUCTURAL_NULL,730,7.3,0,0.20292240260839065,False,,,3.108912882122571e-06
LOGISTIC,structural-null-02,STRUCTURAL_NULL,740,7.4,0,0.21496273220655746,False,,,3.108912882122571e-06
LOGISTIC,structural-null-02,STRUCTURAL_NULL,750,7.5,0,0.13198016312349817,False,,,3.108912882122571e-06
LOGISTIC,structural-null-02,STRUCTURAL_NULL,760,7.6000000000000005,0,0.05375208355281484,False,,,3.108912882122571e-06
LOGISTIC,structural-null-02,STRUCTURAL_NULL,770,7.7,0,0.07161685041841007,False,,,3.108912882122571e-06
LOGISTIC,structural-null-02,STRUCTURAL_NULL,780,7.8,0,0.03421954921791136,False,,,3.108912882122571e-06
LOGISTIC,structural-null-02,STRUCTURAL_NULL,790,7.9,0,0.05811546736532151,False,,,3.108912882122571e-06
LOGISTIC,structural-null-02,STRUCTURAL_NULL,800,8.0,0,0.9845334779528122,True,,,3.108912882122571e-06
LOGISTIC,structural-null-02,STRUCTURAL_NULL,810,8.1,0,0.9707252538724145,True,,,3.108912882122571e-06
LOGISTIC,structural-null-02,STRUCTURAL_NULL,820,8.2,0,0.9710216578278503,True,,,3.108912882122571e-06
LOGISTIC,structural-null-02,STRUCTURAL_NULL,830,8.3,0,0.9759938041954007,True,,,3.108912882122571e-06
LOGISTIC,structural-null-02,STRUCTURAL_NULL,840,8.4,0,0.6824864759053827,True,,,3.108912882122571e-06
LOGISTIC,structural-null-02,STRUCTURAL_NULL,850,8.5,0,0.63746230472685,True,,,3.108912882122571e-06
LOGISTIC,structural-null-02,STRUCTURAL_NULL,860,8.6,0,0.7284560200388108,True,,,3.108912882122571e-06
LOGISTIC,structural-null-02,STRUCTURAL_NULL,870,8.700000000000001,0,0.8153750885315882,True,,,3.108912882122571e-06
LOGISTIC,structural-null-02,STRUCTURAL_NULL,880,8.8,0,0.801416595553459,True,,,3.108912882122571e-06
LOGISTIC,structural-null-02,STRUCTURAL_NULL,890,8.9,0,0.7710696652930571,True,,,3.108912882122571e-06
LOGISTIC,structural-null-02,STRUCTURAL_NULL,900,9.0,0,0.5893773697461713,True,,,3.108912882122571e-06
LOGISTIC,structural-null-02,STRUCTURAL_NULL,910,9.1,0,0.4232121511831194,False,,,3.108912882122571e-06
LOGISTIC,structural-null-02,STRUCTURAL_NULL,920,9.200000000000001,0,0.6620760529138665,True,,,3.108912882122571e-06
LOGISTIC,structural-null-02,STRUCTURAL_NULL,930,9.3,0,0.6476111940728186,True,,,3.108912882122571e-06
LOGISTIC,structural-null-02,STRUCTURAL_NULL,940,9.4,0,0.8765524883614697,True,,,3.108912882122571e-06
LOGISTIC,structural-null-02,STRUCTURAL_NULL,950,9.5,0,0.8228257815617899,True,,,3.108912882122571e-06
LOGISTIC,structural-null-02,STRUCTURAL_NULL,960,9.6,0,0.7521035114454254,True,,,3.108912882122571e-06
LOGISTIC,structural-null-02,STRUCTURAL_NULL,970,9.700000000000001,0,0.7590439413033139,True,,,3.108912882122571e-06
LOGISTIC,structural-null-02,STRUCTURAL_NULL,980,9.8,0,0.7949854256824747,True,,,3.108912882122571e-06
LOGISTIC,structural-null-02,STRUCTURAL_NULL,990,9.9,0,0.7539769015266576,True,,,3.108912882122571e-06
LOGISTIC,structural-null-02,STRUCTURAL_NULL,1000,10.0,0,0.9596909040830657,True,,,3.108912882122571e-06
LOGISTIC,structural-null-02,STRUCTURAL_NULL,1010,10.1,0,0.9809528942436192,True,,,3.108912882122571e-06
LOGISTIC,structural-null-02,STRUCTURAL_NULL,1020,10.200000000000001,0,0.943945136435995,True,,,3.108912882122571e-06
LOGISTIC,structural-null-02,STRUCTURAL_NULL,1030,10.3,0,0.951761648328019,True,,,3.108912882122571e-06
LOGISTIC,structural-null-02,STRUCTURAL_NULL,1040,10.4,0,0.9192839970309653,True,,,3.108912882122571e-06
LOGISTIC,structural-null-02,STRUCTURAL_NULL,1050,10.5,0,0.5880023782819833,True,,,3.108912882122571e-06
LOGISTIC,structural-null-02,STRUCTURAL_NULL,1060,10.6,0,0.5654772053348601,True,,,3.108912882122571e-06
LOGISTIC,structural-null-02,STRUCTURAL_NULL,1070,10.700000000000001,0,0.7913878842069021,True,,,3.108912882122571e-06
LOGISTIC,structural-null-02,STRUCTURAL_NULL,1080,10.8,0,0.7847376679178439,True,,,3.108912882122571e-06
LOGISTIC,structural-null-02,STRUCTURAL_NULL,1090,10.9,0,0.7157805475248806,True,,,3.108912882122571e-06
LOGISTIC,structural-null-02,STRUCTURAL_NULL,1100,11.0,0,0.6847362067030488,True,,,3.108912882122571e-06
LOGISTIC,structural-null-02,STRUCTURAL_NULL,1110,11.1,0,0.7269388367657585,True,,,3.108912882122571e-06
LOGISTIC,structural-null-02,STRUCTURAL_NULL,1120,11.200000000000001,0,0.8423490165816803,True,,,3.108912882122571e-06
LOGISTIC,structural-null-02,STRUCTURAL_NULL,1130,11.3,0,0.905364106439369,True,,,3.108912882122571e-06
LOGISTIC,structural-null-02,STRUCTURAL_NULL,1140,11.4,0,0.8380125527396636,True,,,3.108912882122571e-06
LOGISTIC,structural-null-02,STRUCTURAL_NULL,1150,11.5,0,0.6937702850587381,True,,,3.108912882122571e-06
LOGISTIC,structural-null-02,STRUCTURAL_NULL,1160,11.6,0,0.688066398433006,True,,,3.108912882122571e-06
LOGISTIC,structural-null-02,STRUCTURAL_NULL,1170,11.700000000000001,0,0.4275627003344057,False,,,3.108912882122571e-06
LOGISTIC,structural-null-02,STRUCTURAL_NULL,1180,11.8,0,0.4610462582745434,False,,,3.108912882122571e-06
LOGISTIC,structural-null-02,STRUCTURAL_NULL,1190,11.9,0,0.3020949290090068,False,,,3.108912882122571e-06
LOGISTIC,structural-null-02,STRUCTURAL_NULL,1200,12.0,0,0.4916401533865537,False,,,3.108912882122571e-06
LOGISTIC,structural-null-02,STRUCTURAL_NULL,1210,12.1,0,0.4570213408910445,False,,,3.108912882122571e-06
LOGISTIC,structural-null-02,STRUCTURAL_NULL,1220,12.200000000000001,0,0.40235450161112224,False,,,3.108912882122571e-06
LOGISTIC,structural-null-02,STRUCTURAL_NULL,1230,12.3,0,0.39561996174741465,False,,,3.108912882122571e-06
LOGISTIC,structural-null-02,STRUCTURAL_NULL,1240,12.4,0,0.5878506473595356,True,,,3.108912882122571e-06
LOGISTIC,structural-null-02,STRUCTURAL_NULL,1250,12.5,0,0.9706297734512628,True,,,3.108912882122571e-06
LOGISTIC,structural-null-02,STRUCTURAL_NULL,1260,12.6,0,0.9914556584816973,True,,,3.108912882122571e-06
LOGISTIC,structural-null-02,STRUCTURAL_NULL,1270,12.700000000000001,0,0.9857577139771084,True,,,3.108912882122571e-06
LOGISTIC,structural-null-02,STRUCTURAL_NULL,1280,12.8,0,0.9851637806365966,True,,,3.108912882122571e-06
LOGISTIC,structural-null-02,STRUCTURAL_NULL,1290,12.9,0,0.9879454663586613,True,,,3.108912882122571e-06
LOGISTIC,structural-null-02,STRUCTURAL_NULL,1300,13.0,0,0.9154456911141825,True,,,3.108912882122571e-06
LOGISTIC,structural-null-03,STRUCTURAL_NULL,430,4.3,0,0.9996498697624082,True,1,,3.108912882122571e-06
LOGISTIC,structural-null-03,STRUCTURAL_NULL,440,4.4,0,0.9997794010128899,True,1,,3.108912882122571e-06
LOGISTIC,structural-null-03,STRUCTURAL_NULL,450,4.5,0,0.9998339452725907,True,1,,3.108912882122571e-06
LOGISTIC,structural-null-03,STRUCTURAL_NULL,460,4.6000000000000005,0,0.999984375836585,True,1,,3.108912882122571e-06
LOGISTIC,structural-null-03,STRUCTURAL_NULL,470,4.7,0,0.9999951242144234,True,1,,3.108912882122571e-06
LOGISTIC,structural-null-03,STRUCTURAL_NULL,480,4.8,0,0.9999900725444351,True,1,,3.108912882122571e-06
LOGISTIC,structural-null-03,STRUCTURAL_NULL,490,4.9,0,0.9999811348092885,True,1,,3.108912882122571e-06
LOGISTIC,structural-null-03,STRUCTURAL_NULL,500,5.0,0,0.9999892108952915,True,1,,3.108912882122571e-06
LOGISTIC,structural-null-03,STRUCTURAL_NULL,510,5.1000000000000005,0,0.9999979812231153,True,1,,3.108912882122571e-06
LOGISTIC,structural-null-03,STRUCTURAL_NULL,520,5.2,0,0.9999980474640461,True,1,,3.108912882122571e-06
LOGISTIC,structural-null-03,STRUCTURAL_NULL,530,5.3,0,0.9999991119513773,True,1,,3.108912882122571e-06
LOGISTIC,structural-null-03,STRUCTURAL_NULL,540,5.4,0,0.9999991260310879,True,1,,3.108912882122571e-06
LOGISTIC,structural-null-03,STRUCTURAL_NULL,550,5.5,0,0.999994377176319,True,1,,3.108912882122571e-06
LOGISTIC,structural-null-03,STRUCTURAL_NULL,560,5.6000000000000005,0,0.9999669497193914,True,1,,3.108912882122571e-06
LOGISTIC,structural-null-03,STRUCTURAL_NULL,570,5.7,0,0.9988802006464061,True,,,3.108912882122571e-06
LOGISTIC,structural-null-03,STRUCTURAL_NULL,580,5.8,0,0.9947075753408762,True,,,3.108912882122571e-06
LOGISTIC,structural-null-03,STRUCTURAL_NULL,590,5.9,0,0.9487273097139958,True,,,3.108912882122571e-06
LOGISTIC,structural-null-03,STRUCTURAL_NULL,600,6.0,0,0.9216570198047715,True,,,3.108912882122571e-06
LOGISTIC,structural-null-03,STRUCTURAL_NULL,610,6.1000000000000005,0,0.9998344784987245,True,1,,3.108912882122571e-06
LOGISTIC,structural-null-03,STRUCTURAL_NULL,620,6.2,0,0.9999620470530146,True,1,,3.108912882122571e-06
LOGISTIC,structural-null-03,STRUCTURAL_NULL,630,6.3,0,0.999630284808174,True,1,,3.108912882122571e-06
LOGISTIC,structural-null-03,STRUCTURAL_NULL,640,6.4,0,0.999940099469596,True,1,,3.108912882122571e-06
LOGISTIC,structural-null-03,STRUCTURAL_NULL,650,6.5,0,0.9998075173458388,True,1,,3.108912882122571e-06
LOGISTIC,structural-null-03,STRUCTURAL_NULL,660,6.6000000000000005,0,0.999137729954054,True,,,3.108912882122571e-06
LOGISTIC,structural-null-03,STRUCTURAL_NULL,670,6.7,0,0.9971404075261655,True,,,3.108912882122571e-06
LOGISTIC,structural-null-03,STRUCTURAL_NULL,680,6.8,0,0.9994968157602385,True,1,,3.108912882122571e-06
LOGISTIC,structural-null-03,STRUCTURAL_NULL,690,6.9,0,0.9996741437960988,True,1,,3.108912882122571e-06
LOGISTIC,structural-null-03,STRUCTURAL_NULL,700,7.0,0,0.9998378685599629,True,1,,3.108912882122571e-06
LOGISTIC,structural-null-03,STRUCTURAL_NULL,710,7.1000000000000005,0,0.9753696697901402,True,,,3.108912882122571e-06
LOGISTIC,structural-null-03,STRUCTURAL_NULL,720,7.2,0,0.9341113655133297,True,,,3.108912882122571e-06
LOGISTIC,structural-null-03,STRUCTURAL_NULL,730,7.3,0,0.7821024360526863,True,,,3.108912882122571e-06
LOGISTIC,structural-null-03,STRUCTURAL_NULL,740,7.4,0,0.5564936921397421,True,,,3.108912882122571e-06
LOGISTIC,structural-null-03,STRUCTURAL_NULL,750,7.5,0,0.6432744809288007,True,,,3.108912882122571e-06
LOGISTIC,structural-null-03,STRUCTURAL_NULL,760,7.6000000000000005,0,0.5741473889080665,True,,,3.108912882122571e-06
LOGISTIC,structural-null-03,STRUCTURAL_NULL,770,7.7,0,0.6354118132250675,True,,,3.108912882122571e-06
LOGISTIC,structural-null-03,STRUCTURAL_NULL,780,7.8,0,0.5581912652724378,True,,,3.108912882122571e-06
LOGISTIC,structural-null-03,STRUCTURAL_NULL,790,7.9,0,0.6782539695092471,True,,,3.108912882122571e-06
LOGISTIC,structural-null-03,STRUCTURAL_NULL,800,8.0,0,0.9949756465232317,True,,,3.108912882122571e-06
LOGISTIC,structural-null-03,STRUCTURAL_NULL,810,8.1,0,0.9915142870521169,True,,,3.108912882122571e-06
LOGISTIC,structural-null-03,STRUCTURAL_NULL,820,8.2,0,0.9905897058334455,True,,,3.108912882122571e-06
LOGISTIC,structural-null-03,STRUCTURAL_NULL,830,8.3,0,0.9947789139937894,True,,,3.108912882122571e-06
LOGISTIC,structural-null-03,STRUCTURAL_NULL,840,8.4,0,0.9955361907695331,True,,,3.108912882122571e-06
LOGISTIC,structural-null-03,STRUCTURAL_NULL,850,8.5,0,0.9059241184994395,True,,,3.108912882122571e-06
LOGISTIC,structural-null-03,STRUCTURAL_NULL,860,8.6,0,0.8998597543402141,True,,,3.108912882122571e-06
LOGISTIC,structural-null-03,STRUCTURAL_NULL,870,8.700000000000001,0,0.9087633589961222,True,,,3.108912882122571e-06
LOGISTIC,structural-null-03,STRUCTURAL_NULL,880,8.8,0,0.820124848565796,True,,,3.108912882122571e-06
LOGISTIC,structural-null-03,STRUCTURAL_NULL,890,8.9,0,0.6752438642790165,True,,,3.108912882122571e-06
LOGISTIC,structural-null-03,STRUCTURAL_NULL,900,9.0,0,0.7773754457297228,True,,,3.108912882122571e-06
LOGISTIC,structural-null-03,STRUCTURAL_NULL,910,9.1,0,0.8149603075420896,True,,,3.108912882122571e-06
LOGISTIC,structural-null-03,STRUCTURAL_NULL,920,9.200000000000001,0,0.9237232818310229,True,,,3.108912882122571e-06
LOGISTIC,structural-null-03,STRUCTURAL_NULL,930,9.3,0,0.9357241786122922,True,,,3.108912882122571e-06
LOGISTIC,structural-null-03,STRUCTURAL_NULL,940,9.4,0,0.9534341205377483,True,,,3.108912882122571e-06
LOGISTIC,structural-null-03,STRUCTURAL_NULL,950,9.5,0,0.958863016410364,True,,,3.108912882122571e-06
LOGISTIC,structural-null-03,STRUCTURAL_NULL,960,9.6,0,0.9501985668093111,True,,,3.108912882122571e-06
LOGISTIC,structural-null-03,STRUCTURAL_NULL,970,9.700000000000001,0,0.7092464231440183,True,,,3.108912882122571e-06
LOGISTIC,structural-null-03,STRUCTURAL_NULL,980,9.8,0,0.6991523706576909,True,,,3.108912882122571e-06
LOGISTIC,structural-null-03,STRUCTURAL_NULL,990,9.9,0,0.4376936758895267,False,,,3.108912882122571e-06
LOGISTIC,structural-null-03,STRUCTURAL_NULL,1000,10.0,0,0.7499110108367865,True,,,3.108912882122571e-06
LOGISTIC,structural-null-03,STRUCTURAL_NULL,1010,10.1,0,0.8098379072585055,True,,,3.108912882122571e-06
LOGISTIC,structural-null-03,STRUCTURAL_NULL,1020,10.200000000000001,0,0.9103164671347745,True,,,3.108912882122571e-06
LOGISTIC,structural-null-03,STRUCTURAL_NULL,1030,10.3,0,0.8810437964264783,True,,,3.108912882122571e-06
LOGISTIC,structural-null-03,STRUCTURAL_NULL,1040,10.4,0,0.6781110912222001,True,,,3.108912882122571e-06
LOGISTIC,structural-null-03,STRUCTURAL_NULL,1050,10.5,0,0.7408944770357302,True,,,3.108912882122571e-06
LOGISTIC,structural-null-03,STRUCTURAL_NULL,1060,10.6,0,0.32248293680336965,False,,,3.108912882122571e-06
LOGISTIC,structural-null-03,STRUCTURAL_NULL,1070,10.700000000000001,0,0.5869222847558827,True,,,3.108912882122571e-06
LOGISTIC,structural-null-03,STRUCTURAL_NULL,1080,10.8,0,0.6160200925942877,True,,,3.108912882122571e-06
LOGISTIC,structural-null-03,STRUCTURAL_NULL,1090,10.9,0,0.999384595999702,True,,,3.108912882122571e-06
LOGISTIC,structural-null-03,STRUCTURAL_NULL,1100,11.0,0,0.9999659876125325,True,1,,3.108912882122571e-06
LOGISTIC,structural-null-03,STRUCTURAL_NULL,1110,11.1,0,0.9999552644248823,True,1,,3.108912882122571e-06
LOGISTIC,structural-null-03,STRUCTURAL_NULL,1120,11.200000000000001,0,0.9998759081323596,True,1,,3.108912882122571e-06
LOGISTIC,structural-null-03,STRUCTURAL_NULL,1130,11.3,0,0.9998776138921747,True,1,,3.108912882122571e-06
LOGISTIC,structural-null-03,STRUCTURAL_NULL,1140,11.4,0,0.6936599115574876,True,,,3.108912882122571e-06
LOGISTIC,structural-null-03,STRUCTURAL_NULL,1150,11.5,0,0.21676944198916753,False,,,3.108912882122571e-06
LOGISTIC,structural-null-03,STRUCTURAL_NULL,1160,11.6,0,0.14623469974336142,False,,,3.108912882122571e-06
LOGISTIC,structural-null-03,STRUCTURAL_NULL,1170,11.700000000000001,0,0.08704490383978022,False,,,3.108912882122571e-06
LOGISTIC,structural-null-03,STRUCTURAL_NULL,1180,11.8,0,0.09710525680694752,False,,,3.108912882122571e-06
LOGISTIC,structural-null-03,STRUCTURAL_NULL,1190,11.9,0,0.4307004381973173,False,,,3.108912882122571e-06
LOGISTIC,structural-null-03,STRUCTURAL_NULL,1200,12.0,0,0.7468340055678216,True,,,3.108912882122571e-06
LOGISTIC,structural-null-03,STRUCTURAL_NULL,1210,12.1,0,0.8112381073563126,True,,,3.108912882122571e-06
LOGISTIC,structural-null-03,STRUCTURAL_NULL,1220,12.200000000000001,0,0.821600927726178,True,,,3.108912882122571e-06
LOGISTIC,structural-null-03,STRUCTURAL_NULL,1230,12.3,0,0.7927671567828137,True,,,3.108912882122571e-06
LOGISTIC,structural-null-03,STRUCTURAL_NULL,1240,12.4,0,0.775689437824433,True,,,3.108912882122571e-06
LOGISTIC,structural-null-03,STRUCTURAL_NULL,1250,12.5,0,0.7298349165259858,True,,,3.108912882122571e-06
LOGISTIC,structural-null-03,STRUCTURAL_NULL,1260,12.6,0,0.4572303820595762,False,,,3.108912882122571e-06
LOGISTIC,structural-null-03,STRUCTURAL_NULL,1270,12.700000000000001,0,0.5538391316923105,True,,,3.108912882122571e-06
LOGISTIC,structural-null-03,STRUCTURAL_NULL,1280,12.8,0,0.5146169294185385,True,,,3.108912882122571e-06
LOGISTIC,structural-null-03,STRUCTURAL_NULL,1290,12.9,0,0.45563580344265037,False,,,3.108912882122571e-06
LOGISTIC,structural-null-03,STRUCTURAL_NULL,1300,13.0,0,0.8453416836576376,True,,,3.108912882122571e-06
LOGISTIC,structural-null-04,STRUCTURAL_NULL,430,4.3,0,0.9999797565867831,True,1,,3.108912882122571e-06
LOGISTIC,structural-null-04,STRUCTURAL_NULL,440,4.4,0,0.9999766074416881,True,1,,3.108912882122571e-06
LOGISTIC,structural-null-04,STRUCTURAL_NULL,450,4.5,0,0.9999261108475538,True,1,,3.108912882122571e-06
LOGISTIC,structural-null-04,STRUCTURAL_NULL,460,4.6000000000000005,0,0.9999644792780242,True,1,,3.108912882122571e-06
LOGISTIC,structural-null-04,STRUCTURAL_NULL,470,4.7,0,0.9999730311735818,True,1,,3.108912882122571e-06
LOGISTIC,structural-null-04,STRUCTURAL_NULL,480,4.8,0,0.9998885463934684,True,1,,3.108912882122571e-06
LOGISTIC,structural-null-04,STRUCTURAL_NULL,490,4.9,0,0.9999877271343243,True,1,,3.108912882122571e-06
LOGISTIC,structural-null-04,STRUCTURAL_NULL,500,5.0,0,0.9999947378989031,True,1,,3.108912882122571e-06
LOGISTIC,structural-null-04,STRUCTURAL_NULL,510,5.1000000000000005,0,0.9999956760859682,True,1,,3.108912882122571e-06
LOGISTIC,structural-null-04,STRUCTURAL_NULL,520,5.2,0,0.9999966443083529,True,1,,3.108912882122571e-06
LOGISTIC,structural-null-04,STRUCTURAL_NULL,530,5.3,0,0.9999930298483786,True,1,,3.108912882122571e-06
LOGISTIC,structural-null-04,STRUCTURAL_NULL,540,5.4,0,0.9999858811753394,True,1,,3.108912882122571e-06
LOGISTIC,structural-null-04,STRUCTURAL_NULL,550,5.5,0,0.9999889080822073,True,1,,3.108912882122571e-06
LOGISTIC,structural-null-04,STRUCTURAL_NULL,560,5.6000000000000005,0,0.9999592374447027,True,1,,3.108912882122571e-06
LOGISTIC,structural-null-04,STRUCTURAL_NULL,570,5.7,0,0.9989425499182746,True,,,3.108912882122571e-06
LOGISTIC,structural-null-04,STRUCTURAL_NULL,580,5.8,0,0.9952004615499591,True,,,3.108912882122571e-06
LOGISTIC,structural-null-04,STRUCTURAL_NULL,590,5.9,0,0.9964005952044082,True,,,3.108912882122571e-06
LOGISTIC,structural-null-04,STRUCTURAL_NULL,600,6.0,0,0.9890990087716215,True,,,3.108912882122571e-06
LOGISTIC,structural-null-04,STRUCTURAL_NULL,610,6.1000000000000005,0,0.9998897250946961,True,1,,3.108912882122571e-06
LOGISTIC,structural-null-04,STRUCTURAL_NULL,620,6.2,0,0.9998839475415803,True,1,,3.108912882122571e-06
LOGISTIC,structural-null-04,STRUCTURAL_NULL,630,6.3,0,0.9998491255481621,True,1,,3.108912882122571e-06
LOGISTIC,structural-null-04,STRUCTURAL_NULL,640,6.4,0,0.9997233149937782,True,1,,3.108912882122571e-06
LOGISTIC,structural-null-04,STRUCTURAL_NULL,650,6.5,0,0.9995270554976349,True,1,,3.108912882122571e-06
LOGISTIC,structural-null-04,STRUCTURAL_NULL,660,6.6000000000000005,0,0.9979959792140952,True,,,3.108912882122571e-06
LOGISTIC,structural-null-04,STRUCTURAL_NULL,670,6.7,0,0.997201368689097,True,,,3.108912882122571e-06
LOGISTIC,structural-null-04,STRUCTURAL_NULL,680,6.8,0,0.9991123362931645,True,,,3.108912882122571e-06
LOGISTIC,structural-null-04,STRUCTURAL_NULL,690,6.9,0,0.9949237719670504,True,,,3.108912882122571e-06
LOGISTIC,structural-null-04,STRUCTURAL_NULL,700,7.0,0,0.9844866357954479,True,,,3.108912882122571e-06
LOGISTIC,structural-null-04,STRUCTURAL_NULL,710,7.1000000000000005,0,0.7890429921644608,True,,,3.108912882122571e-06
LOGISTIC,structural-null-04,STRUCTURAL_NULL,720,7.2,0,0.9496945813676319,True,,,3.108912882122571e-06
LOGISTIC,structural-null-04,STRUCTURAL_NULL,730,7.3,0,0.9384266637513397,True,,,3.108912882122571e-06
LOGISTIC,structural-null-04,STRUCTURAL_NULL,740,7.4,0,0.8875830866858602,True,,,3.108912882122571e-06
LOGISTIC,structural-null-04,STRUCTURAL_NULL,750,7.5,0,0.8504750049411742,True,,,3.108912882122571e-06
LOGISTIC,structural-null-04,STRUCTURAL_NULL,760,7.6000000000000005,0,0.8780726209773128,True,,,3.108912882122571e-06
LOGISTIC,structural-null-04,STRUCTURAL_NULL,770,7.7,0,0.887995090121971,True,,,3.108912882122571e-06
LOGISTIC,structural-null-04,STRUCTURAL_NULL,780,7.8,0,0.9669084788660266,True,,,3.108912882122571e-06
LOGISTIC,structural-null-04,STRUCTURAL_NULL,790,7.9,0,0.9662632546353236,True,,,3.108912882122571e-06
LOGISTIC,structural-null-04,STRUCTURAL_NULL,800,8.0,0,0.9479897902919386,True,,,3.108912882122571e-06
LOGISTIC,structural-null-04,STRUCTURAL_NULL,810,8.1,0,0.9278476874787062,True,,,3.108912882122571e-06
LOGISTIC,structural-null-04,STRUCTURAL_NULL,820,8.2,0,0.7254634953522937,True,,,3.108912882122571e-06
LOGISTIC,structural-null-04,STRUCTURAL_NULL,830,8.3,0,0.7487655803503821,True,,,3.108912882122571e-06
LOGISTIC,structural-null-04,STRUCTURAL_NULL,840,8.4,0,0.7497941082019912,True,,,3.108912882122571e-06
LOGISTIC,structural-null-04,STRUCTURAL_NULL,850,8.5,0,0.6491289006374346,True,,,3.108912882122571e-06
LOGISTIC,structural-null-04,STRUCTURAL_NULL,860,8.6,0,0.37997303037129115,False,,,3.108912882122571e-06
LOGISTIC,structural-null-04,STRUCTURAL_NULL,870,8.700000000000001,0,0.39803882929464046,False,,,3.108912882122571e-06
LOGISTIC,structural-null-04,STRUCTURAL_NULL,880,8.8,0,0.9110644654217088,True,,,3.108912882122571e-06
LOGISTIC,structural-null-04,STRUCTURAL_NULL,890,8.9,0,0.8012712318220333,True,,,3.108912882122571e-06
LOGISTIC,structural-null-04,STRUCTURAL_NULL,900,9.0,0,0.7455030658381572,True,,,3.108912882122571e-06
LOGISTIC,structural-null-04,STRUCTURAL_NULL,910,9.1,0,0.6336687821193032,True,,,3.108912882122571e-06
LOGISTIC,structural-null-04,STRUCTURAL_NULL,920,9.200000000000001,0,0.19414267043022868,False,,,3.108912882122571e-06
LOGISTIC,structural-null-04,STRUCTURAL_NULL,930,9.3,0,0.2188199458873237,False,,,3.108912882122571e-06
LOGISTIC,structural-null-04,STRUCTURAL_NULL,940,9.4,0,0.22481921762254806,False,,,3.108912882122571e-06
LOGISTIC,structural-null-04,STRUCTURAL_NULL,950,9.5,0,0.7782996354357741,True,,,3.108912882122571e-06
LOGISTIC,structural-null-04,STRUCTURAL_NULL,960,9.6,0,0.929490969108067,True,,,3.108912882122571e-06
LOGISTIC,structural-null-04,STRUCTURAL_NULL,970,9.700000000000001,0,0.9630665295572861,True,,,3.108912882122571e-06
LOGISTIC,structural-null-04,STRUCTURAL_NULL,980,9.8,0,0.9621373565564773,True,,,3.108912882122571e-06
LOGISTIC,structural-null-04,STRUCTURAL_NULL,990,9.9,0,0.9504181739975224,True,,,3.108912882122571e-06
LOGISTIC,structural-null-04,STRUCTURAL_NULL,1000,10.0,0,0.9022064318599384,True,,,3.108912882122571e-06
LOGISTIC,structural-null-04,STRUCTURAL_NULL,1010,10.1,0,0.6505850326263348,True,,,3.108912882122571e-06
LOGISTIC,structural-null-04,STRUCTURAL_NULL,1020,10.200000000000001,0,0.5143778989188431,True,,,3.108912882122571e-06
LOGISTIC,structural-null-04,STRUCTURAL_NULL,1030,10.3,0,0.3709360630009184,False,,,3.108912882122571e-06
LOGISTIC,structural-null-04,STRUCTURAL_NULL,1040,10.4,0,0.42210554958535623,False,,,3.108912882122571e-06
LOGISTIC,structural-null-04,STRUCTURAL_NULL,1050,10.5,0,0.7461109681517805,True,,,3.108912882122571e-06
LOGISTIC,structural-null-04,STRUCTURAL_NULL,1060,10.6,0,0.7041059330456301,True,,,3.108912882122571e-06
LOGISTIC,structural-null-04,STRUCTURAL_NULL,1070,10.700000000000001,0,0.6242811806209133,True,,,3.108912882122571e-06
LOGISTIC,structural-null-04,STRUCTURAL_NULL,1080,10.8,0,0.643350702696983,True,,,3.108912882122571e-06
LOGISTIC,structural-null-04,STRUCTURAL_NULL,1090,10.9,0,0.5795482867976035,True,,,3.108912882122571e-06
LOGISTIC,structural-null-04,STRUCTURAL_NULL,1100,11.0,0,0.604713483687439,True,,,3.108912882122571e-06
LOGISTIC,structural-null-04,STRUCTURAL_NULL,1110,11.1,0,0.7681539435310932,True,,,3.108912882122571e-06
LOGISTIC,structural-null-04,STRUCTURAL_NULL,1120,11.200000000000001,0,0.844938387121289,True,,,3.108912882122571e-06
LOGISTIC,structural-null-04,STRUCTURAL_NULL,1130,11.3,0,0.854138797957697,True,,,3.108912882122571e-06
LOGISTIC,structural-null-04,STRUCTURAL_NULL,1140,11.4,0,0.7709569215481867,True,,,3.108912882122571e-06
LOGISTIC,structural-null-04,STRUCTURAL_NULL,1150,11.5,0,0.714761786162677,True,,,3.108912882122571e-06
LOGISTIC,structural-null-04,STRUCTURAL_NULL,1160,11.6,0,0.3622875637687006,False,,,3.108912882122571e-06
LOGISTIC,structural-null-04,STRUCTURAL_NULL,1170,11.700000000000001,0,0.27912228380290827,False,,,3.108912882122571e-06
LOGISTIC,structural-null-04,STRUCTURAL_NULL,1180,11.8,0,0.28755460080346906,False,,,3.108912882122571e-06
LOGISTIC,structural-null-04,STRUCTURAL_NULL,1190,11.9,0,0.3459239783691098,False,,,3.108912882122571e-06
LOGISTIC,structural-null-04,STRUCTURAL_NULL,1200,12.0,0,0.6278338636732993,True,,,3.108912882122571e-06
LOGISTIC,structural-null-04,STRUCTURAL_NULL,1210,12.1,0,0.8081823878455997,True,,,3.108912882122571e-06
LOGISTIC,structural-null-04,STRUCTURAL_NULL,1220,12.200000000000001,0,0.878622764436428,True,,,3.108912882122571e-06
LOGISTIC,structural-null-04,STRUCTURAL_NULL,1230,12.3,0,0.766416136870628,True,,,3.108912882122571e-06
LOGISTIC,structural-null-04,STRUCTURAL_NULL,1240,12.4,0,0.531845688663385,True,,,3.108912882122571e-06
LOGISTIC,structural-null-04,STRUCTURAL_NULL,1250,12.5,0,0.7697428220304354,True,,,3.108912882122571e-06
LOGISTIC,structural-null-04,STRUCTURAL_NULL,1260,12.6,0,0.8690393002008486,True,,,3.108912882122571e-06
LOGISTIC,structural-null-04,STRUCTURAL_NULL,1270,12.700000000000001,0,0.9998393796510479,True,1,,3.108912882122571e-06
LOGISTIC,structural-null-04,STRUCTURAL_NULL,1280,12.8,0,0.9998195616606278,True,1,,3.108912882122571e-06
LOGISTIC,structural-null-04,STRUCTURAL_NULL,1290,12.9,0,0.9998354683623351,True,1,,3.108912882122571e-06
LOGISTIC,structural-null-04,STRUCTURAL_NULL,1300,13.0,0,0.9986661183242309,True,,,3.108912882122571e-06
LOGISTIC,structural-null-05,STRUCTURAL_NULL,430,4.3,0,0.7686569002545787,True,,,3.108912882122571e-06
LOGISTIC,structural-null-05,STRUCTURAL_NULL,440,4.4,0,0.7673271036140021,True,,,3.108912882122571e-06
LOGISTIC,structural-null-05,STRUCTURAL_NULL,450,4.5,0,0.7425705082510902,True,,,3.108912882122571e-06
LOGISTIC,structural-null-05,STRUCTURAL_NULL,460,4.6000000000000005,0,0.7599508571735286,True,,,3.108912882122571e-06
LOGISTIC,structural-null-05,STRUCTURAL_NULL,470,4.7,0,0.9107055565802061,True,,,3.108912882122571e-06
LOGISTIC,structural-null-05,STRUCTURAL_NULL,480,4.8,0,0.9581204004248044,True,,,3.108912882122571e-06
LOGISTIC,structural-null-05,STRUCTURAL_NULL,490,4.9,0,0.9347220590644276,True,,,3.108912882122571e-06
LOGISTIC,structural-null-05,STRUCTURAL_NULL,500,5.0,0,0.9540018309873295,True,,,3.108912882122571e-06
LOGISTIC,structural-null-05,STRUCTURAL_NULL,510,5.1000000000000005,0,0.9793284939719668,True,,,3.108912882122571e-06
LOGISTIC,structural-null-05,STRUCTURAL_NULL,520,5.2,0,0.9091121616998532,True,,,3.108912882122571e-06
LOGISTIC,structural-null-05,STRUCTURAL_NULL,530,5.3,0,0.9287733420289029,True,,,3.108912882122571e-06
LOGISTIC,structural-null-05,STRUCTURAL_NULL,540,5.4,0,0.9896807279847417,True,,,3.108912882122571e-06
LOGISTIC,structural-null-05,STRUCTURAL_NULL,550,5.5,0,0.9984743829371943,True,,,3.108912882122571e-06
LOGISTIC,structural-null-05,STRUCTURAL_NULL,560,5.6000000000000005,0,0.9994018106442277,True,1,,3.108912882122571e-06
LOGISTIC,structural-null-05,STRUCTURAL_NULL,570,5.7,0,0.9095391933310714,True,,,3.108912882122571e-06
LOGISTIC,structural-null-05,STRUCTURAL_NULL,580,5.8,0,0.738452654222727,True,,,3.108912882122571e-06
LOGISTIC,structural-null-05,STRUCTURAL_NULL,590,5.9,0,0.45740033607174435,False,,,3.108912882122571e-06
LOGISTIC,structural-null-05,STRUCTURAL_NULL,600,6.0,0,0.5239916370068397,True,,,3.108912882122571e-06
LOGISTIC,structural-null-05,STRUCTURAL_NULL,610,6.1000000000000005,0,0.9968199753737621,True,,,3.108912882122571e-06
LOGISTIC,structural-null-05,STRUCTURAL_NULL,620,6.2,0,0.9929707325609801,True,,,3.108912882122571e-06
LOGISTIC,structural-null-05,STRUCTURAL_NULL,630,6.3,0,0.9734815846447985,True,,,3.108912882122571e-06
LOGISTIC,structural-null-05,STRUCTURAL_NULL,640,6.4,0,0.9491648876608028,True,,,3.108912882122571e-06
LOGISTIC,structural-null-05,STRUCTURAL_NULL,650,6.5,0,0.2956349410607219,False,,,3.108912882122571e-06
LOGISTIC,structural-null-05,STRUCTURAL_NULL,660,6.6000000000000005,0,0.12290518841510323,False,,,3.108912882122571e-06
LOGISTIC,structural-null-05,STRUCTURAL_NULL,670,6.7,0,0.264512488087671,False,,,3.108912882122571e-06
LOGISTIC,structural-null-05,STRUCTURAL_NULL,680,6.8,0,0.14317834592909956,False,,,3.108912882122571e-06
LOGISTIC,structural-null-05,STRUCTURAL_NULL,690,6.9,0,0.2183451320237256,False,,,3.108912882122571e-06
LOGISTIC,structural-null-05,STRUCTURAL_NULL,700,7.0,0,0.7459376117130063,True,,,3.108912882122571e-06
LOGISTIC,structural-null-05,STRUCTURAL_NULL,710,7.1000000000000005,0,0.11692666119332669,False,,,3.108912882122571e-06
LOGISTIC,structural-null-05,STRUCTURAL_NULL,720,7.2,0,0.15490300577456392,False,,,3.108912882122571e-06
LOGISTIC,structural-null-05,STRUCTURAL_NULL,730,7.3,0,0.1621405775579221,False,,,3.108912882122571e-06
LOGISTIC,structural-null-05,STRUCTURAL_NULL,740,7.4,0,0.05574607179024149,False,,,3.108912882122571e-06
LOGISTIC,structural-null-05,STRUCTURAL_NULL,750,7.5,0,0.003854775644076496,False,,,3.108912882122571e-06
LOGISTIC,structural-null-05,STRUCTURAL_NULL,760,7.6000000000000005,0,0.007968929143451054,False,,,3.108912882122571e-06
LOGISTIC,structural-null-05,STRUCTURAL_NULL,770,7.7,0,0.23467911275989245,False,,,3.108912882122571e-06
LOGISTIC,structural-null-05,STRUCTURAL_NULL,780,7.8,0,0.012564204159129806,False,,,3.108912882122571e-06
LOGISTIC,structural-null-05,STRUCTURAL_NULL,790,7.9,0,0.010803849293379067,False,,,3.108912882122571e-06
LOGISTIC,structural-null-05,STRUCTURAL_NULL,800,8.0,0,0.01899020322336212,False,,,3.108912882122571e-06
LOGISTIC,structural-null-05,STRUCTURAL_NULL,810,8.1,0,0.013336819928282938,False,,,3.108912882122571e-06
LOGISTIC,structural-null-05,STRUCTURAL_NULL,820,8.2,0,0.0004148660793568779,False,0,,3.108912882122571e-06
LOGISTIC,structural-null-05,STRUCTURAL_NULL,830,8.3,0,0.0020309020236663738,False,,,3.108912882122571e-06
LOGISTIC,structural-null-05,STRUCTURAL_NULL,840,8.4,0,0.0013119395309319885,False,,,3.108912882122571e-06
LOGISTIC,structural-null-05,STRUCTURAL_NULL,850,8.5,0,0.001542196607798725,False,,,3.108912882122571e-06
LOGISTIC,structural-null-05,STRUCTURAL_NULL,860,8.6,0,0.0011740625048780764,False,,,3.108912882122571e-06
LOGISTIC,structural-null-05,STRUCTURAL_NULL,870,8.700000000000001,0,0.002325318103783749,False,,,3.108912882122571e-06
LOGISTIC,structural-null-05,STRUCTURAL_NULL,880,8.8,0,0.003934604508390353,False,,,3.108912882122571e-06
LOGISTIC,structural-null-05,STRUCTURAL_NULL,890,8.9,0,0.00268934607784599,False,,,3.108912882122571e-06
LOGISTIC,structural-null-05,STRUCTURAL_NULL,900,9.0,0,0.0037527445268800974,False,,,3.108912882122571e-06
LOGISTIC,structural-null-05,STRUCTURAL_NULL,910,9.1,0,0.1470266550887452,False,,,3.108912882122571e-06
LOGISTIC,structural-null-05,STRUCTURAL_NULL,920,9.200000000000001,0,0.04214732589354472,False,,,3.108912882122571e-06
LOGISTIC,structural-null-05,STRUCTURAL_NULL,930,9.3,0,0.048742740000903895,False,,,3.108912882122571e-06
LOGISTIC,structural-null-05,STRUCTURAL_NULL,940,9.4,0,0.09807366628170809,False,,,3.108912882122571e-06
LOGISTIC,structural-null-05,STRUCTURAL_NULL,950,9.5,0,0.13011045338569607,False,,,3.108912882122571e-06
LOGISTIC,structural-null-05,STRUCTURAL_NULL,960,9.6,0,0.006620223874264026,False,,,3.108912882122571e-06
LOGISTIC,structural-null-05,STRUCTURAL_NULL,970,9.700000000000001,0,0.006920558846370252,False,,,3.108912882122571e-06
LOGISTIC,structural-null-05,STRUCTURAL_NULL,980,9.8,0,0.0016088222348563707,False,,,3.108912882122571e-06
LOGISTIC,structural-null-05,STRUCTURAL_NULL,990,9.9,0,0.015167201168149017,False,,,3.108912882122571e-06
LOGISTIC,structural-null-05,STRUCTURAL_NULL,1000,10.0,0,0.07755760028641709,False,,,3.108912882122571e-06
LOGISTIC,structural-null-05,STRUCTURAL_NULL,1010,10.1,0,0.047793101882234845,False,,,3.108912882122571e-06
LOGISTIC,structural-null-05,STRUCTURAL_NULL,1020,10.200000000000001,0,0.023859695117415855,False,,,3.108912882122571e-06
LOGISTIC,structural-null-05,STRUCTURAL_NULL,1030,10.3,0,0.0042967889023956506,False,,,3.108912882122571e-06
LOGISTIC,structural-null-05,STRUCTURAL_NULL,1040,10.4,0,0.0008624529516868042,False,,,3.108912882122571e-06
LOGISTIC,structural-null-05,STRUCTURAL_NULL,1050,10.5,0,0.0008439200793798591,False,,,3.108912882122571e-06
LOGISTIC,structural-null-05,STRUCTURAL_NULL,1060,10.6,0,0.0009374731240467687,False,,,3.108912882122571e-06
LOGISTIC,structural-null-05,STRUCTURAL_NULL,1070,10.700000000000001,0,0.0002501278759406467,False,0,,3.108912882122571e-06
LOGISTIC,structural-null-05,STRUCTURAL_NULL,1080,10.8,0,0.008063874073324966,False,,,3.108912882122571e-06
LOGISTIC,structural-null-05,STRUCTURAL_NULL,1090,10.9,0,0.007820146527947517,False,,,3.108912882122571e-06
LOGISTIC,structural-null-05,STRUCTURAL_NULL,1100,11.0,0,0.010235306912910129,False,,,3.108912882122571e-06
LOGISTIC,structural-null-05,STRUCTURAL_NULL,1110,11.1,0,0.008357343892258982,False,,,3.108912882122571e-06
LOGISTIC,structural-null-05,STRUCTURAL_NULL,1120,11.200000000000001,0,0.000286389055414616,False,0,,3.108912882122571e-06
LOGISTIC,structural-null-05,STRUCTURAL_NULL,1130,11.3,0,0.00027732805447512957,False,0,,3.108912882122571e-06
LOGISTIC,structural-null-05,STRUCTURAL_NULL,1140,11.4,0,0.0002813231358477366,False,0,,3.108912882122571e-06
LOGISTIC,structural-null-05,STRUCTURAL_NULL,1150,11.5,0,0.0009259334040188489,False,,,3.108912882122571e-06
LOGISTIC,structural-null-05,STRUCTURAL_NULL,1160,11.6,0,0.004443531115748795,False,,,3.108912882122571e-06
LOGISTIC,structural-null-05,STRUCTURAL_NULL,1170,11.700000000000001,0,0.0040261779541959026,False,,,3.108912882122571e-06
LOGISTIC,structural-null-05,STRUCTURAL_NULL,1180,11.8,0,0.003998528221837394,False,,,3.108912882122571e-06
LOGISTIC,structural-null-05,STRUCTURAL_NULL,1190,11.9,0,0.0022938770228950987,False,,,3.108912882122571e-06
LOGISTIC,structural-null-05,STRUCTURAL_NULL,1200,12.0,0,0.00048763012673795446,False,0,,3.108912882122571e-06
LOGISTIC,structural-null-05,STRUCTURAL_NULL,1210,12.1,0,0.00043338803938242857,False,0,,3.108912882122571e-06
LOGISTIC,structural-null-05,STRUCTURAL_NULL,1220,12.200000000000001,0,0.000572357038783832,False,0,,3.108912882122571e-06
LOGISTIC,structural-null-05,STRUCTURAL_NULL,1230,12.3,0,0.0005743924950943811,False,0,,3.108912882122571e-06
LOGISTIC,structural-null-05,STRUCTURAL_NULL,1240,12.4,0,0.0006161962286526684,False,,,3.108912882122571e-06
LOGISTIC,structural-null-05,STRUCTURAL_NULL,1250,12.5,0,0.0006093130113765898,False,0,,3.108912882122571e-06
LOGISTIC,structural-null-05,STRUCTURAL_NULL,1260,12.6,0,0.0006814845290578055,False,,,3.108912882122571e-06
LOGISTIC,structural-null-05,STRUCTURAL_NULL,1270,12.700000000000001,0,0.09770057662582285,False,,,3.108912882122571e-06
LOGISTIC,structural-null-05,STRUCTURAL_NULL,1280,12.8,0,0.15585553990735426,False,,,3.108912882122571e-06
LOGISTIC,structural-null-05,STRUCTURAL_NULL,1290,12.9,0,0.10817292110280333,False,,,3.108912882122571e-06
LOGISTIC,structural-null-05,STRUCTURAL_NULL,1300,13.0,0,0.059886059805340515,False,,,3.108912882122571e-06
GRADIENT_BOOSTED,test-normal-00,TEST,430,4.3,0,0.0007092415946077823,False,0,,8.213030018069537e-06
GRADIENT_BOOSTED,test-normal-00,TEST,440,4.4,0,0.0007092415946077823,False,0,,8.213030018069537e-06
GRADIENT_BOOSTED,test-normal-00,TEST,450,4.5,0,0.0007092415946077823,False,0,,8.213030018069537e-06
GRADIENT_BOOSTED,test-normal-00,TEST,460,4.6000000000000005,0,0.0007092415946077823,False,0,,8.213030018069537e-06
GRADIENT_BOOSTED,test-normal-00,TEST,470,4.7,0,0.0007092415946077823,False,0,,8.213030018069537e-06
GRADIENT_BOOSTED,test-normal-00,TEST,480,4.8,0,0.0007092415946077823,False,0,,8.213030018069537e-06
GRADIENT_BOOSTED,test-normal-00,TEST,490,4.9,0,0.0007092415946077823,False,0,,8.213030018069537e-06
GRADIENT_BOOSTED,test-normal-00,TEST,500,5.0,0,0.0007092415946077823,False,0,,8.213030018069537e-06
GRADIENT_BOOSTED,test-normal-00,TEST,510,5.1000000000000005,0,0.0007092415946077823,False,0,,8.213030018069537e-06
GRADIENT_BOOSTED,test-normal-00,TEST,520,5.2,0,0.0007092415946077823,False,0,,8.213030018069537e-06
GRADIENT_BOOSTED,test-normal-00,TEST,530,5.3,0,0.0007092415946077823,False,0,,8.213030018069537e-06
GRADIENT_BOOSTED,test-normal-00,TEST,540,5.4,0,0.0007092415946077823,False,0,,8.213030018069537e-06
GRADIENT_BOOSTED,test-normal-00,TEST,550,5.5,0,0.0007092415946077823,False,0,,8.213030018069537e-06
GRADIENT_BOOSTED,test-normal-00,TEST,560,5.6000000000000005,0,0.0007092415946077823,False,0,,8.213030018069537e-06
GRADIENT_BOOSTED,test-normal-00,TEST,570,5.7,0,0.0007092415946077823,False,0,,8.213030018069537e-06
GRADIENT_BOOSTED,test-normal-00,TEST,580,5.8,0,0.0007092415946077823,False,0,,8.213030018069537e-06
GRADIENT_BOOSTED,test-normal-00,TEST,590,5.9,0,0.0007092415946077823,False,0,,8.213030018069537e-06
GRADIENT_BOOSTED,test-normal-00,TEST,600,6.0,0,0.0007092415946077823,False,0,,8.213030018069537e-06
GRADIENT_BOOSTED,test-normal-00,TEST,610,6.1000000000000005,0,0.0007092415946077823,False,0,,8.213030018069537e-06
GRADIENT_BOOSTED,test-normal-00,TEST,620,6.2,0,0.0007092415946077823,False,0,,8.213030018069537e-06
GRADIENT_BOOSTED,test-normal-00,TEST,630,6.3,0,0.0007092415946077823,False,0,,8.213030018069537e-06
GRADIENT_BOOSTED,test-normal-00,TEST,640,6.4,0,0.0007092415946077823,False,0,,8.213030018069537e-06
GRADIENT_BOOSTED,test-normal-00,TEST,650,6.5,0,0.0007092415946077823,False,0,,8.213030018069537e-06
GRADIENT_BOOSTED,test-normal-00,TEST,660,6.6000000000000005,0,0.0007092415946077823,False,0,,8.213030018069537e-06
GRADIENT_BOOSTED,test-normal-00,TEST,670,6.7,0,0.019011485347538427,False,,,8.213030018069537e-06
GRADIENT_BOOSTED,test-normal-00,TEST,680,6.8,0,0.019011485347538427,False,,,8.213030018069537e-06
GRADIENT_BOOSTED,test-normal-00,TEST,690,6.9,0,0.0007092415946077823,False,0,,8.213030018069537e-06
GRADIENT_BOOSTED,test-normal-00,TEST,700,7.0,0,0.0007092415946077823,False,0,,8.213030018069537e-06
GRADIENT_BOOSTED,test-normal-00,TEST,710,7.1000000000000005,0,0.0007092415946077823,False,0,,8.213030018069537e-06
GRADIENT_BOOSTED,test-normal-00,TEST,720,7.2,0,0.0007092415946077823,False,0,,8.213030018069537e-06
GRADIENT_BOOSTED,test-normal-00,TEST,730,7.3,0,0.0007092415946077823,False,0,,8.213030018069537e-06
GRADIENT_BOOSTED,test-normal-00,TEST,740,7.4,0,0.0007092415946077823,False,0,,8.213030018069537e-06
GRADIENT_BOOSTED,test-normal-00,TEST,750,7.5,0,0.0007092415946077823,False,0,,8.213030018069537e-06
GRADIENT_BOOSTED,test-normal-00,TEST,760,7.6000000000000005,0,0.0007092415946077823,False,0,,8.213030018069537e-06
GRADIENT_BOOSTED,test-normal-00,TEST,770,7.7,0,0.0007092415946077823,False,0,,8.213030018069537e-06
GRADIENT_BOOSTED,test-normal-00,TEST,780,7.8,0,0.0007092415946077823,False,0,,8.213030018069537e-06
GRADIENT_BOOSTED,test-normal-00,TEST,790,7.9,0,0.0007092415946077823,False,0,,8.213030018069537e-06
GRADIENT_BOOSTED,test-normal-00,TEST,800,8.0,0,0.0007092415946077823,False,0,,8.213030018069537e-06
GRADIENT_BOOSTED,test-normal-00,TEST,810,8.1,0,0.0007092415946077823,False,0,,8.213030018069537e-06
GRADIENT_BOOSTED,test-normal-00,TEST,820,8.2,0,0.0007092415946077823,False,0,,8.213030018069537e-06
GRADIENT_BOOSTED,test-normal-00,TEST,830,8.3,0,0.0007092415946077823,False,0,,8.213030018069537e-06
GRADIENT_BOOSTED,test-normal-00,TEST,840,8.4,0,0.0007092415946077823,False,0,,8.213030018069537e-06
GRADIENT_BOOSTED,test-normal-00,TEST,850,8.5,0,0.0007092415946077823,False,0,,8.213030018069537e-06
GRADIENT_BOOSTED,test-normal-00,TEST,860,8.6,0,0.0007092415946077823,False,0,,8.213030018069537e-06
GRADIENT_BOOSTED,test-normal-00,TEST,870,8.700000000000001,0,0.0007092415946077823,False,0,,8.213030018069537e-06
GRADIENT_BOOSTED,test-normal-00,TEST,880,8.8,0,0.0007092415946077823,False,0,,8.213030018069537e-06
GRADIENT_BOOSTED,test-normal-00,TEST,890,8.9,0,0.0007092415946077823,False,0,,8.213030018069537e-06
GRADIENT_BOOSTED,test-normal-00,TEST,900,9.0,0,0.0007092415946077823,False,0,,8.213030018069537e-06
GRADIENT_BOOSTED,test-normal-00,TEST,910,9.1,0,0.0007092415946077823,False,0,,8.213030018069537e-06
GRADIENT_BOOSTED,test-normal-00,TEST,920,9.200000000000001,0,0.0007092415946077823,False,0,,8.213030018069537e-06
GRADIENT_BOOSTED,test-normal-00,TEST,930,9.3,0,0.0007092415946077823,False,0,,8.213030018069537e-06
GRADIENT_BOOSTED,test-normal-00,TEST,940,9.4,0,0.0007092415946077823,False,0,,8.213030018069537e-06
GRADIENT_BOOSTED,test-normal-00,TEST,950,9.5,0,0.0007092415946077823,False,0,,8.213030018069537e-06
GRADIENT_BOOSTED,test-normal-00,TEST,960,9.6,0,0.0007092415946077823,False,0,,8.213030018069537e-06
GRADIENT_BOOSTED,test-normal-00,TEST,970,9.700000000000001,0,0.0007092415946077823,False,0,,8.213030018069537e-06
GRADIENT_BOOSTED,test-normal-00,TEST,980,9.8,0,0.0007092415946077823,False,0,,8.213030018069537e-06
GRADIENT_BOOSTED,test-normal-00,TEST,990,9.9,0,0.0007092415946077823,False,0,,8.213030018069537e-06
GRADIENT_BOOSTED,test-normal-00,TEST,1000,10.0,0,0.0007092415946077823,False,0,,8.213030018069537e-06
GRADIENT_BOOSTED,test-normal-00,TEST,1010,10.1,0,0.0007092415946077823,False,0,,8.213030018069537e-06
GRADIENT_BOOSTED,test-normal-00,TEST,1020,10.200000000000001,0,0.0007092415946077823,False,0,,8.213030018069537e-06
GRADIENT_BOOSTED,test-normal-00,TEST,1030,10.3,0,0.0007092415946077823,False,0,,8.213030018069537e-06
GRADIENT_BOOSTED,test-normal-00,TEST,1040,10.4,0,0.0007092415946077823,False,0,,8.213030018069537e-06
GRADIENT_BOOSTED,test-normal-00,TEST,1050,10.5,0,0.0007092415946077823,False,0,,8.213030018069537e-06
GRADIENT_BOOSTED,test-normal-00,TEST,1060,10.6,0,0.0007092415946077823,False,0,,8.213030018069537e-06
GRADIENT_BOOSTED,test-normal-00,TEST,1070,10.700000000000001,0,0.0007092415946077823,False,0,,8.213030018069537e-06
GRADIENT_BOOSTED,test-normal-00,TEST,1080,10.8,0,0.0007092415946077823,False,0,,8.213030018069537e-06
GRADIENT_BOOSTED,test-normal-00,TEST,1090,10.9,0,0.0007092415946077823,False,0,,8.213030018069537e-06
GRADIENT_BOOSTED,test-normal-00,TEST,1100,11.0,0,0.0007092415946077823,False,0,,8.213030018069537e-06
GRADIENT_BOOSTED,test-normal-00,TEST,1110,11.1,0,0.0007092415946077823,False,0,,8.213030018069537e-06
GRADIENT_BOOSTED,test-normal-00,TEST,1120,11.200000000000001,0,0.0007092415946077823,False,0,,8.213030018069537e-06
GRADIENT_BOOSTED,test-normal-00,TEST,1130,11.3,0,0.0007092415946077823,False,0,,8.213030018069537e-06
GRADIENT_BOOSTED,test-normal-00,TEST,1140,11.4,0,0.0007092415946077823,False,0,,8.213030018069537e-06
GRADIENT_BOOSTED,test-normal-00,TEST,1150,11.5,0,0.0007092415946077823,False,0,,8.213030018069537e-06
GRADIENT_BOOSTED,test-normal-00,TEST,1160,11.6,0,0.0007092415946077823,False,0,,8.213030018069537e-06
GRADIENT_BOOSTED,test-normal-00,TEST,1170,11.700000000000001,0,0.0007092415946077823,False,0,,8.213030018069537e-06
GRADIENT_BOOSTED,test-normal-00,TEST,1180,11.8,0,0.0007092415946077823,False,0,,8.213030018069537e-06
GRADIENT_BOOSTED,test-normal-00,TEST,1190,11.9,0,0.0007092415946077823,False,0,,8.213030018069537e-06
GRADIENT_BOOSTED,test-normal-00,TEST,1200,12.0,0,0.0007092415946077823,False,0,,8.213030018069537e-06
GRADIENT_BOOSTED,test-normal-00,TEST,1210,12.1,0,0.0007092415946077823,False,0,,8.213030018069537e-06
GRADIENT_BOOSTED,test-normal-00,TEST,1220,12.200000000000001,0,0.0007092415946077823,False,0,,8.213030018069537e-06
GRADIENT_BOOSTED,test-normal-00,TEST,1230,12.3,0,0.0007092415946077823,False,0,,8.213030018069537e-06
GRADIENT_BOOSTED,test-normal-00,TEST,1240,12.4,0,0.0007092415946077823,False,0,,8.213030018069537e-06
GRADIENT_BOOSTED,test-normal-00,TEST,1250,12.5,0,0.0007092415946077823,False,0,,8.213030018069537e-06
GRADIENT_BOOSTED,test-normal-00,TEST,1260,12.6,0,0.0007092415946077823,False,0,,8.213030018069537e-06
GRADIENT_BOOSTED,test-normal-00,TEST,1270,12.700000000000001,0,0.0007092415946077823,False,0,,8.213030018069537e-06
GRADIENT_BOOSTED,test-normal-00,TEST,1280,12.8,0,0.0007092415946077823,False,0,,8.213030018069537e-06
GRADIENT_BOOSTED,test-normal-00,TEST,1290,12.9,0,0.0007092415946077823,False,0,,8.213030018069537e-06
GRADIENT_BOOSTED,test-normal-00,TEST,1300,13.0,0,0.0007092415946077823,False,0,,8.213030018069537e-06
GRADIENT_BOOSTED,test-normal-01,TEST,430,4.3,0,0.0007092415946077823,False,0,,8.213030018069537e-06
GRADIENT_BOOSTED,test-normal-01,TEST,440,4.4,0,0.0007092415946077823,False,0,,8.213030018069537e-06
GRADIENT_BOOSTED,test-normal-01,TEST,450,4.5,0,0.0007092415946077823,False,0,,8.213030018069537e-06
GRADIENT_BOOSTED,test-normal-01,TEST,460,4.6000000000000005,0,0.0007092415946077823,False,0,,8.213030018069537e-06
GRADIENT_BOOSTED,test-normal-01,TEST,470,4.7,0,0.0007092415946077823,False,0,,8.213030018069537e-06
GRADIENT_BOOSTED,test-normal-01,TEST,480,4.8,0,0.0007092415946077823,False,0,,8.213030018069537e-06
GRADIENT_BOOSTED,test-normal-01,TEST,490,4.9,0,0.0007092415946077823,False,0,,8.213030018069537e-06
GRADIENT_BOOSTED,test-normal-01,TEST,500,5.0,0,0.0007092415946077823,False,0,,8.213030018069537e-06
GRADIENT_BOOSTED,test-normal-01,TEST,510,5.1000000000000005,0,0.0007092415946077823,False,0,,8.213030018069537e-06
GRADIENT_BOOSTED,test-normal-01,TEST,520,5.2,0,0.0007092415946077823,False,0,,8.213030018069537e-06
GRADIENT_BOOSTED,test-normal-01,TEST,530,5.3,0,0.0007092415946077823,False,0,,8.213030018069537e-06
GRADIENT_BOOSTED,test-normal-01,TEST,540,5.4,0,0.0007092415946077823,False,0,,8.213030018069537e-06
GRADIENT_BOOSTED,test-normal-01,TEST,550,5.5,0,0.0007092415946077823,False,0,,8.213030018069537e-06
GRADIENT_BOOSTED,test-normal-01,TEST,560,5.6000000000000005,0,0.0007092415946077823,False,0,,8.213030018069537e-06
GRADIENT_BOOSTED,test-normal-01,TEST,570,5.7,0,0.0007092415946077823,False,0,,8.213030018069537e-06
GRADIENT_BOOSTED,test-normal-01,TEST,580,5.8,0,0.0007092415946077823,False,0,,8.213030018069537e-06
GRADIENT_BOOSTED,test-normal-01,TEST,590,5.9,0,0.0007092415946077823,False,0,,8.213030018069537e-06
GRADIENT_BOOSTED,test-normal-01,TEST,600,6.0,0,0.0007092415946077823,False,0,,8.213030018069537e-06
GRADIENT_BOOSTED,test-normal-01,TEST,610,6.1000000000000005,0,0.0007092415946077823,False,0,,8.213030018069537e-06
GRADIENT_BOOSTED,test-normal-01,TEST,620,6.2,0,0.0007092415946077823,False,0,,8.213030018069537e-06
GRADIENT_BOOSTED,test-normal-01,TEST,630,6.3,0,0.0007092415946077823,False,0,,8.213030018069537e-06
GRADIENT_BOOSTED,test-normal-01,TEST,640,6.4,0,0.0007092415946077823,False,0,,8.213030018069537e-06
GRADIENT_BOOSTED,test-normal-01,TEST,650,6.5,0,0.0007092415946077823,False,0,,8.213030018069537e-06
GRADIENT_BOOSTED,test-normal-01,TEST,660,6.6000000000000005,0,0.0007092415946077823,False,0,,8.213030018069537e-06
GRADIENT_BOOSTED,test-normal-01,TEST,670,6.7,0,0.0007092415946077823,False,0,,8.213030018069537e-06
GRADIENT_BOOSTED,test-normal-01,TEST,680,6.8,0,0.0007092415946077823,False,0,,8.213030018069537e-06
GRADIENT_BOOSTED,test-normal-01,TEST,690,6.9,0,0.0007092415946077823,False,0,,8.213030018069537e-06
GRADIENT_BOOSTED,test-normal-01,TEST,700,7.0,0,0.0007092415946077823,False,0,,8.213030018069537e-06
GRADIENT_BOOSTED,test-normal-01,TEST,710,7.1000000000000005,0,0.0007092415946077823,False,0,,8.213030018069537e-06
GRADIENT_BOOSTED,test-normal-01,TEST,720,7.2,0,0.0007092415946077823,False,0,,8.213030018069537e-06
GRADIENT_BOOSTED,test-normal-01,TEST,730,7.3,0,0.0007092415946077823,False,0,,8.213030018069537e-06
GRADIENT_BOOSTED,test-normal-01,TEST,740,7.4,0,0.0007092415946077823,False,0,,8.213030018069537e-06
GRADIENT_BOOSTED,test-normal-01,TEST,750,7.5,0,0.0007092415946077823,False,0,,8.213030018069537e-06
GRADIENT_BOOSTED,test-normal-01,TEST,760,7.6000000000000005,0,0.0007092415946077823,False,0,,8.213030018069537e-06
GRADIENT_BOOSTED,test-normal-01,TEST,770,7.7,0,0.0007092415946077823,False,0,,8.213030018069537e-06
GRADIENT_BOOSTED,test-normal-01,TEST,780,7.8,0,0.0007092415946077823,False,0,,8.213030018069537e-06
GRADIENT_BOOSTED,test-normal-01,TEST,790,7.9,0,0.0007092415946077823,False,0,,8.213030018069537e-06
GRADIENT_BOOSTED,test-normal-01,TEST,800,8.0,0,0.0007092415946077823,False,0,,8.213030018069537e-06
GRADIENT_BOOSTED,test-normal-01,TEST,810,8.1,0,0.0007092415946077823,False,0,,8.213030018069537e-06
GRADIENT_BOOSTED,test-normal-01,TEST,820,8.2,0,0.019011485347538427,False,,,8.213030018069537e-06
GRADIENT_BOOSTED,test-normal-01,TEST,830,8.3,0,0.0007092415946077823,False,0,,8.213030018069537e-06
GRADIENT_BOOSTED,test-normal-01,TEST,840,8.4,0,0.0007092415946077823,False,0,,8.213030018069537e-06
GRADIENT_BOOSTED,test-normal-01,TEST,850,8.5,0,0.0007092415946077823,False,0,,8.213030018069537e-06
GRADIENT_BOOSTED,test-normal-01,TEST,860,8.6,0,0.0007092415946077823,False,0,,8.213030018069537e-06
GRADIENT_BOOSTED,test-normal-01,TEST,870,8.700000000000001,0,0.0007092415946077823,False,0,,8.213030018069537e-06
GRADIENT_BOOSTED,test-normal-01,TEST,880,8.8,0,0.0007092415946077823,False,0,,8.213030018069537e-06
GRADIENT_BOOSTED,test-normal-01,TEST,890,8.9,0,0.0007092415946077823,False,0,,8.213030018069537e-06
GRADIENT_BOOSTED,test-normal-01,TEST,900,9.0,0,0.0007092415946077823,False,0,,8.213030018069537e-06
GRADIENT_BOOSTED,test-normal-01,TEST,910,9.1,0,0.0007092415946077823,False,0,,8.213030018069537e-06
GRADIENT_BOOSTED,test-normal-01,TEST,920,9.200000000000001,0,0.0007092415946077823,False,0,,8.213030018069537e-06
GRADIENT_BOOSTED,test-normal-01,TEST,930,9.3,0,0.0007092415946077823,False,0,,8.213030018069537e-06
GRADIENT_BOOSTED,test-normal-01,TEST,940,9.4,0,0.0007092415946077823,False,0,,8.213030018069537e-06
GRADIENT_BOOSTED,test-normal-01,TEST,950,9.5,0,0.0007092415946077823,False,0,,8.213030018069537e-06
GRADIENT_BOOSTED,test-normal-01,TEST,960,9.6,0,0.0007092415946077823,False,0,,8.213030018069537e-06
GRADIENT_BOOSTED,test-normal-01,TEST,970,9.700000000000001,0,0.0007092415946077823,False,0,,8.213030018069537e-06
GRADIENT_BOOSTED,test-normal-01,TEST,980,9.8,0,0.0007092415946077823,False,0,,8.213030018069537e-06
GRADIENT_BOOSTED,test-normal-01,TEST,990,9.9,0,0.0007092415946077823,False,0,,8.213030018069537e-06
GRADIENT_BOOSTED,test-normal-01,TEST,1000,10.0,0,0.0007092415946077823,False,0,,8.213030018069537e-06
GRADIENT_BOOSTED,test-normal-01,TEST,1010,10.1,0,0.0007092415946077823,False,0,,8.213030018069537e-06
GRADIENT_BOOSTED,test-normal-01,TEST,1020,10.200000000000001,0,0.0007092415946077823,False,0,,8.213030018069537e-06
GRADIENT_BOOSTED,test-normal-01,TEST,1030,10.3,0,0.0007092415946077823,False,0,,8.213030018069537e-06
GRADIENT_BOOSTED,test-normal-01,TEST,1040,10.4,0,0.0007092415946077823,False,0,,8.213030018069537e-06
GRADIENT_BOOSTED,test-normal-01,TEST,1050,10.5,0,0.0007092415946077823,False,0,,8.213030018069537e-06
GRADIENT_BOOSTED,test-normal-01,TEST,1060,10.6,0,0.0007092415946077823,False,0,,8.213030018069537e-06
GRADIENT_BOOSTED,test-normal-01,TEST,1070,10.700000000000001,0,0.0007092415946077823,False,0,,8.213030018069537e-06
GRADIENT_BOOSTED,test-normal-01,TEST,1080,10.8,0,0.0007092415946077823,False,0,,8.213030018069537e-06
GRADIENT_BOOSTED,test-normal-01,TEST,1090,10.9,0,0.0007092415946077823,False,0,,8.213030018069537e-06
GRADIENT_BOOSTED,test-normal-01,TEST,1100,11.0,0,0.0007092415946077823,False,0,,8.213030018069537e-06
GRADIENT_BOOSTED,test-normal-01,TEST,1110,11.1,0,0.0007092415946077823,False,0,,8.213030018069537e-06
GRADIENT_BOOSTED,test-normal-01,TEST,1120,11.200000000000001,0,0.0007092415946077823,False,0,,8.213030018069537e-06
GRADIENT_BOOSTED,test-normal-01,TEST,1130,11.3,0,0.0007092415946077823,False,0,,8.213030018069537e-06
GRADIENT_BOOSTED,test-normal-01,TEST,1140,11.4,0,0.0007092415946077823,False,0,,8.213030018069537e-06
GRADIENT_BOOSTED,test-normal-01,TEST,1150,11.5,0,0.0007092415946077823,False,0,,8.213030018069537e-06
GRADIENT_BOOSTED,test-normal-01,TEST,1160,11.6,0,0.0007092415946077823,False,0,,8.213030018069537e-06
GRADIENT_BOOSTED,test-normal-01,TEST,1170,11.700000000000001,0,0.0007092415946077823,False,0,,8.213030018069537e-06
GRADIENT_BOOSTED,test-normal-01,TEST,1180,11.8,0,0.0007092415946077823,False,0,,8.213030018069537e-06
GRADIENT_BOOSTED,test-normal-01,TEST,1190,11.9,0,0.0007092415946077823,False,0,,8.213030018069537e-06
GRADIENT_BOOSTED,test-normal-01,TEST,1200,12.0,0,0.0007092415946077823,False,0,,8.213030018069537e-06
GRADIENT_BOOSTED,test-normal-01,TEST,1210,12.1,0,0.0007092415946077823,False,0,,8.213030018069537e-06
GRADIENT_BOOSTED,test-normal-01,TEST,1220,12.200000000000001,0,0.0007092415946077823,False,0,,8.213030018069537e-06
GRADIENT_BOOSTED,test-normal-01,TEST,1230,12.3,0,0.0007092415946077823,False,0,,8.213030018069537e-06
GRADIENT_BOOSTED,test-normal-01,TEST,1240,12.4,0,0.0007092415946077823,False,0,,8.213030018069537e-06
GRADIENT_BOOSTED,test-normal-01,TEST,1250,12.5,0,0.0007092415946077823,False,0,,8.213030018069537e-06
GRADIENT_BOOSTED,test-normal-01,TEST,1260,12.6,0,0.0007092415946077823,False,0,,8.213030018069537e-06
GRADIENT_BOOSTED,test-normal-01,TEST,1270,12.700000000000001,0,0.0007092415946077823,False,0,,8.213030018069537e-06
GRADIENT_BOOSTED,test-normal-01,TEST,1280,12.8,0,0.0007092415946077823,False,0,,8.213030018069537e-06
GRADIENT_BOOSTED,test-normal-01,TEST,1290,12.9,0,0.0007092415946077823,False,0,,8.213030018069537e-06
GRADIENT_BOOSTED,test-normal-01,TEST,1300,13.0,0,0.0007092415946077823,False,0,,8.213030018069537e-06
GRADIENT_BOOSTED,test-normal-02,TEST,430,4.3,0,0.0007092415946077823,False,0,,8.213030018069537e-06
GRADIENT_BOOSTED,test-normal-02,TEST,440,4.4,0,0.0007092415946077823,False,0,,8.213030018069537e-06
GRADIENT_BOOSTED,test-normal-02,TEST,450,4.5,0,0.0007092415946077823,False,0,,8.213030018069537e-06
GRADIENT_BOOSTED,test-normal-02,TEST,460,4.6000000000000005,0,0.0007092415946077823,False,0,,8.213030018069537e-06
GRADIENT_BOOSTED,test-normal-02,TEST,470,4.7,0,0.0007092415946077823,False,0,,8.213030018069537e-06
GRADIENT_BOOSTED,test-normal-02,TEST,480,4.8,0,0.0007092415946077823,False,0,,8.213030018069537e-06
GRADIENT_BOOSTED,test-normal-02,TEST,490,4.9,0,0.0007092415946077823,False,0,,8.213030018069537e-06
GRADIENT_BOOSTED,test-normal-02,TEST,500,5.0,0,0.0007092415946077823,False,0,,8.213030018069537e-06
GRADIENT_BOOSTED,test-normal-02,TEST,510,5.1000000000000005,0,0.0007092415946077823,False,0,,8.213030018069537e-06
GRADIENT_BOOSTED,test-normal-02,TEST,520,5.2,0,0.0007092415946077823,False,0,,8.213030018069537e-06
GRADIENT_BOOSTED,test-normal-02,TEST,530,5.3,0,0.0007092415946077823,False,0,,8.213030018069537e-06
GRADIENT_BOOSTED,test-normal-02,TEST,540,5.4,0,0.0007092415946077823,False,0,,8.213030018069537e-06
GRADIENT_BOOSTED,test-normal-02,TEST,550,5.5,0,0.0007092415946077823,False,0,,8.213030018069537e-06
GRADIENT_BOOSTED,test-normal-02,TEST,560,5.6000000000000005,0,0.0007092415946077823,False,0,,8.213030018069537e-06
GRADIENT_BOOSTED,test-normal-02,TEST,570,5.7,0,0.0007092415946077823,False,0,,8.213030018069537e-06
GRADIENT_BOOSTED,test-normal-02,TEST,580,5.8,0,0.0007092415946077823,False,0,,8.213030018069537e-06
GRADIENT_BOOSTED,test-normal-02,TEST,590,5.9,0,0.0007092415946077823,False,0,,8.213030018069537e-06
GRADIENT_BOOSTED,test-normal-02,TEST,600,6.0,0,0.0007092415946077823,False,0,,8.213030018069537e-06
GRADIENT_BOOSTED,test-normal-02,TEST,610,6.1000000000000005,0,0.0007092415946077823,False,0,,8.213030018069537e-06
GRADIENT_BOOSTED,test-normal-02,TEST,620,6.2,0,0.0007092415946077823,False,0,,8.213030018069537e-06
GRADIENT_BOOSTED,test-normal-02,TEST,630,6.3,0,0.0007092415946077823,False,0,,8.213030018069537e-06
GRADIENT_BOOSTED,test-normal-02,TEST,640,6.4,0,0.0007092415946077823,False,0,,8.213030018069537e-06
GRADIENT_BOOSTED,test-normal-02,TEST,650,6.5,0,0.0007092415946077823,False,0,,8.213030018069537e-06
GRADIENT_BOOSTED,test-normal-02,TEST,660,6.6000000000000005,0,0.0007092415946077823,False,0,,8.213030018069537e-06
GRADIENT_BOOSTED,test-normal-02,TEST,670,6.7,0,0.0007092415946077823,False,0,,8.213030018069537e-06
GRADIENT_BOOSTED,test-normal-02,TEST,680,6.8,0,0.0007092415946077823,False,0,,8.213030018069537e-06
GRADIENT_BOOSTED,test-normal-02,TEST,690,6.9,0,0.0007092415946077823,False,0,,8.213030018069537e-06
GRADIENT_BOOSTED,test-normal-02,TEST,700,7.0,0,0.0007092415946077823,False,0,,8.213030018069537e-06
GRADIENT_BOOSTED,test-normal-02,TEST,710,7.1000000000000005,0,0.0007092415946077823,False,0,,8.213030018069537e-06
GRADIENT_BOOSTED,test-normal-02,TEST,720,7.2,0,0.0007092415946077823,False,0,,8.213030018069537e-06
GRADIENT_BOOSTED,test-normal-02,TEST,730,7.3,0,0.0007092415946077823,False,0,,8.213030018069537e-06
GRADIENT_BOOSTED,test-normal-02,TEST,740,7.4,0,0.0007092415946077823,False,0,,8.213030018069537e-06
GRADIENT_BOOSTED,test-normal-02,TEST,750,7.5,0,0.0007092415946077823,False,0,,8.213030018069537e-06
GRADIENT_BOOSTED,test-normal-02,TEST,760,7.6000000000000005,0,0.0007092415946077823,False,0,,8.213030018069537e-06
GRADIENT_BOOSTED,test-normal-02,TEST,770,7.7,0,0.0007092415946077823,False,0,,8.213030018069537e-06
GRADIENT_BOOSTED,test-normal-02,TEST,780,7.8,0,0.0007092415946077823,False,0,,8.213030018069537e-06
GRADIENT_BOOSTED,test-normal-02,TEST,790,7.9,0,0.0007092415946077823,False,0,,8.213030018069537e-06
GRADIENT_BOOSTED,test-normal-02,TEST,800,8.0,0,0.0007092415946077823,False,0,,8.213030018069537e-06
GRADIENT_BOOSTED,test-normal-02,TEST,810,8.1,0,0.0007092415946077823,False,0,,8.213030018069537e-06
GRADIENT_BOOSTED,test-normal-02,TEST,820,8.2,0,0.0007092415946077823,False,0,,8.213030018069537e-06
GRADIENT_BOOSTED,test-normal-02,TEST,830,8.3,0,0.0007092415946077823,False,0,,8.213030018069537e-06
GRADIENT_BOOSTED,test-normal-02,TEST,840,8.4,0,0.0007092415946077823,False,0,,8.213030018069537e-06
GRADIENT_BOOSTED,test-normal-02,TEST,850,8.5,0,0.0007092415946077823,False,0,,8.213030018069537e-06
GRADIENT_BOOSTED,test-normal-02,TEST,860,8.6,0,0.0007092415946077823,False,0,,8.213030018069537e-06
GRADIENT_BOOSTED,test-normal-02,TEST,870,8.700000000000001,0,0.0007092415946077823,False,0,,8.213030018069537e-06
GRADIENT_BOOSTED,test-normal-02,TEST,880,8.8,0,0.0007092415946077823,False,0,,8.213030018069537e-06
GRADIENT_BOOSTED,test-normal-02,TEST,890,8.9,0,0.0007092415946077823,False,0,,8.213030018069537e-06
GRADIENT_BOOSTED,test-normal-02,TEST,900,9.0,0,0.0007092415946077823,False,0,,8.213030018069537e-06
GRADIENT_BOOSTED,test-normal-02,TEST,910,9.1,0,0.0007092415946077823,False,0,,8.213030018069537e-06
GRADIENT_BOOSTED,test-normal-02,TEST,920,9.200000000000001,0,0.0007092415946077823,False,0,,8.213030018069537e-06
GRADIENT_BOOSTED,test-normal-02,TEST,930,9.3,0,0.0007092415946077823,False,0,,8.213030018069537e-06
GRADIENT_BOOSTED,test-normal-02,TEST,940,9.4,0,0.0007092415946077823,False,0,,8.213030018069537e-06
GRADIENT_BOOSTED,test-normal-02,TEST,950,9.5,0,0.0007092415946077823,False,0,,8.213030018069537e-06
GRADIENT_BOOSTED,test-normal-02,TEST,960,9.6,0,0.0007092415946077823,False,0,,8.213030018069537e-06
GRADIENT_BOOSTED,test-normal-02,TEST,970,9.700000000000001,0,0.0007092415946077823,False,0,,8.213030018069537e-06
GRADIENT_BOOSTED,test-normal-02,TEST,980,9.8,0,0.0007092415946077823,False,0,,8.213030018069537e-06
GRADIENT_BOOSTED,test-normal-02,TEST,990,9.9,0,0.0007092415946077823,False,0,,8.213030018069537e-06
GRADIENT_BOOSTED,test-normal-02,TEST,1000,10.0,0,0.0007092415946077823,False,0,,8.213030018069537e-06
GRADIENT_BOOSTED,test-normal-02,TEST,1010,10.1,0,0.0007092415946077823,False,0,,8.213030018069537e-06
GRADIENT_BOOSTED,test-normal-02,TEST,1020,10.200000000000001,0,0.0007092415946077823,False,0,,8.213030018069537e-06
GRADIENT_BOOSTED,test-normal-02,TEST,1030,10.3,0,0.0007092415946077823,False,0,,8.213030018069537e-06
GRADIENT_BOOSTED,test-normal-02,TEST,1040,10.4,0,0.0007092415946077823,False,0,,8.213030018069537e-06
GRADIENT_BOOSTED,test-normal-02,TEST,1050,10.5,0,0.0007092415946077823,False,0,,8.213030018069537e-06
GRADIENT_BOOSTED,test-normal-02,TEST,1060,10.6,0,0.0007092415946077823,False,0,,8.213030018069537e-06
GRADIENT_BOOSTED,test-normal-02,TEST,1070,10.700000000000001,0,0.0007092415946077823,False,0,,8.213030018069537e-06
GRADIENT_BOOSTED,test-normal-02,TEST,1080,10.8,0,0.0007092415946077823,False,0,,8.213030018069537e-06
GRADIENT_BOOSTED,test-normal-02,TEST,1090,10.9,0,0.0007092415946077823,False,0,,8.213030018069537e-06
GRADIENT_BOOSTED,test-normal-02,TEST,1100,11.0,0,0.0007092415946077823,False,0,,8.213030018069537e-06
GRADIENT_BOOSTED,test-normal-02,TEST,1110,11.1,0,0.0007092415946077823,False,0,,8.213030018069537e-06
GRADIENT_BOOSTED,test-normal-02,TEST,1120,11.200000000000001,0,0.0007092415946077823,False,0,,8.213030018069537e-06
GRADIENT_BOOSTED,test-normal-02,TEST,1130,11.3,0,0.0007092415946077823,False,0,,8.213030018069537e-06
GRADIENT_BOOSTED,test-normal-02,TEST,1140,11.4,0,0.0007092415946077823,False,0,,8.213030018069537e-06
GRADIENT_BOOSTED,test-normal-02,TEST,1150,11.5,0,0.0007092415946077823,False,0,,8.213030018069537e-06
GRADIENT_BOOSTED,test-normal-02,TEST,1160,11.6,0,0.0007092415946077823,False,0,,8.213030018069537e-06
GRADIENT_BOOSTED,test-normal-02,TEST,1170,11.700000000000001,0,0.0007092415946077823,False,0,,8.213030018069537e-06
GRADIENT_BOOSTED,test-normal-02,TEST,1180,11.8,0,0.0007092415946077823,False,0,,8.213030018069537e-06
GRADIENT_BOOSTED,test-normal-02,TEST,1190,11.9,0,0.0007092415946077823,False,0,,8.213030018069537e-06
GRADIENT_BOOSTED,test-normal-02,TEST,1200,12.0,0,0.0007092415946077823,False,0,,8.213030018069537e-06
GRADIENT_BOOSTED,test-normal-02,TEST,1210,12.1,0,0.0007092415946077823,False,0,,8.213030018069537e-06
GRADIENT_BOOSTED,test-normal-02,TEST,1220,12.200000000000001,0,0.0007092415946077823,False,0,,8.213030018069537e-06
GRADIENT_BOOSTED,test-normal-02,TEST,1230,12.3,0,0.0007092415946077823,False,0,,8.213030018069537e-06
GRADIENT_BOOSTED,test-normal-02,TEST,1240,12.4,0,0.0007092415946077823,False,0,,8.213030018069537e-06
GRADIENT_BOOSTED,test-normal-02,TEST,1250,12.5,0,0.0007092415946077823,False,0,,8.213030018069537e-06
GRADIENT_BOOSTED,test-normal-02,TEST,1260,12.6,0,0.0007092415946077823,False,0,,8.213030018069537e-06
GRADIENT_BOOSTED,test-normal-02,TEST,1270,12.700000000000001,0,0.0007092415946077823,False,0,,8.213030018069537e-06
GRADIENT_BOOSTED,test-normal-02,TEST,1280,12.8,0,0.0007092415946077823,False,0,,8.213030018069537e-06
GRADIENT_BOOSTED,test-normal-02,TEST,1290,12.9,0,0.0007092415946077823,False,0,,8.213030018069537e-06
GRADIENT_BOOSTED,test-normal-02,TEST,1300,13.0,0,0.0007092415946077823,False,0,,8.213030018069537e-06
GRADIENT_BOOSTED,test-normal-03,TEST,430,4.3,0,0.0007092415946077823,False,0,,8.213030018069537e-06
GRADIENT_BOOSTED,test-normal-03,TEST,440,4.4,0,0.0007092415946077823,False,0,,8.213030018069537e-06
GRADIENT_BOOSTED,test-normal-03,TEST,450,4.5,0,0.0007092415946077823,False,0,,8.213030018069537e-06
GRADIENT_BOOSTED,test-normal-03,TEST,460,4.6000000000000005,0,0.0007092415946077823,False,0,,8.213030018069537e-06
GRADIENT_BOOSTED,test-normal-03,TEST,470,4.7,0,0.0007092415946077823,False,0,,8.213030018069537e-06
GRADIENT_BOOSTED,test-normal-03,TEST,480,4.8,0,0.0007092415946077823,False,0,,8.213030018069537e-06
GRADIENT_BOOSTED,test-normal-03,TEST,490,4.9,0,0.0007092415946077823,False,0,,8.213030018069537e-06
GRADIENT_BOOSTED,test-normal-03,TEST,500,5.0,0,0.0007092415946077823,False,0,,8.213030018069537e-06
GRADIENT_BOOSTED,test-normal-03,TEST,510,5.1000000000000005,0,0.0007092415946077823,False,0,,8.213030018069537e-06
GRADIENT_BOOSTED,test-normal-03,TEST,520,5.2,0,0.0007092415946077823,False,0,,8.213030018069537e-06
GRADIENT_BOOSTED,test-normal-03,TEST,530,5.3,0,0.0007092415946077823,False,0,,8.213030018069537e-06
GRADIENT_BOOSTED,test-normal-03,TEST,540,5.4,0,0.0007092415946077823,False,0,,8.213030018069537e-06
GRADIENT_BOOSTED,test-normal-03,TEST,550,5.5,0,0.0007092415946077823,False,0,,8.213030018069537e-06
GRADIENT_BOOSTED,test-normal-03,TEST,560,5.6000000000000005,0,0.0007092415946077823,False,0,,8.213030018069537e-06
GRADIENT_BOOSTED,test-normal-03,TEST,570,5.7,0,0.0007092415946077823,False,0,,8.213030018069537e-06
GRADIENT_BOOSTED,test-normal-03,TEST,580,5.8,0,0.0007092415946077823,False,0,,8.213030018069537e-06
GRADIENT_BOOSTED,test-normal-03,TEST,590,5.9,0,0.0007092415946077823,False,0,,8.213030018069537e-06
GRADIENT_BOOSTED,test-normal-03,TEST,600,6.0,0,0.0007092415946077823,False,0,,8.213030018069537e-06
GRADIENT_BOOSTED,test-normal-03,TEST,610,6.1000000000000005,0,0.0007092415946077823,False,0,,8.213030018069537e-06
GRADIENT_BOOSTED,test-normal-03,TEST,620,6.2,0,0.0007092415946077823,False,0,,8.213030018069537e-06
GRADIENT_BOOSTED,test-normal-03,TEST,630,6.3,0,0.0007092415946077823,False,0,,8.213030018069537e-06
GRADIENT_BOOSTED,test-normal-03,TEST,640,6.4,0,0.0007092415946077823,False,0,,8.213030018069537e-06
GRADIENT_BOOSTED,test-normal-03,TEST,650,6.5,0,0.0007092415946077823,False,0,,8.213030018069537e-06
GRADIENT_BOOSTED,test-normal-03,TEST,660,6.6000000000000005,0,0.0007092415946077823,False,0,,8.213030018069537e-06
GRADIENT_BOOSTED,test-normal-03,TEST,670,6.7,0,0.0007092415946077823,False,0,,8.213030018069537e-06
GRADIENT_BOOSTED,test-normal-03,TEST,680,6.8,0,0.0007092415946077823,False,0,,8.213030018069537e-06
GRADIENT_BOOSTED,test-normal-03,TEST,690,6.9,0,0.0007092415946077823,False,0,,8.213030018069537e-06
GRADIENT_BOOSTED,test-normal-03,TEST,700,7.0,0,0.0007092415946077823,False,0,,8.213030018069537e-06
GRADIENT_BOOSTED,test-normal-03,TEST,710,7.1000000000000005,0,0.0007092415946077823,False,0,,8.213030018069537e-06
GRADIENT_BOOSTED,test-normal-03,TEST,720,7.2,0,0.0007092415946077823,False,0,,8.213030018069537e-06
GRADIENT_BOOSTED,test-normal-03,TEST,730,7.3,0,0.0007092415946077823,False,0,,8.213030018069537e-06
GRADIENT_BOOSTED,test-normal-03,TEST,740,7.4,0,0.0007092415946077823,False,0,,8.213030018069537e-06
GRADIENT_BOOSTED,test-normal-03,TEST,750,7.5,0,0.0007092415946077823,False,0,,8.213030018069537e-06
GRADIENT_BOOSTED,test-normal-03,TEST,760,7.6000000000000005,0,0.0007092415946077823,False,0,,8.213030018069537e-06
GRADIENT_BOOSTED,test-normal-03,TEST,770,7.7,0,0.0007092415946077823,False,0,,8.213030018069537e-06
GRADIENT_BOOSTED,test-normal-03,TEST,780,7.8,0,0.0007092415946077823,False,0,,8.213030018069537e-06
GRADIENT_BOOSTED,test-normal-03,TEST,790,7.9,0,0.0007092415946077823,False,0,,8.213030018069537e-06
GRADIENT_BOOSTED,test-normal-03,TEST,800,8.0,0,0.0007092415946077823,False,0,,8.213030018069537e-06
GRADIENT_BOOSTED,test-normal-03,TEST,810,8.1,0,0.0007092415946077823,False,0,,8.213030018069537e-06
GRADIENT_BOOSTED,test-normal-03,TEST,820,8.2,0,0.0007092415946077823,False,0,,8.213030018069537e-06
GRADIENT_BOOSTED,test-normal-03,TEST,830,8.3,0,0.0007092415946077823,False,0,,8.213030018069537e-06
GRADIENT_BOOSTED,test-normal-03,TEST,840,8.4,0,0.0007092415946077823,False,0,,8.213030018069537e-06
GRADIENT_BOOSTED,test-normal-03,TEST,850,8.5,0,0.0007092415946077823,False,0,,8.213030018069537e-06
GRADIENT_BOOSTED,test-normal-03,TEST,860,8.6,0,0.0007092415946077823,False,0,,8.213030018069537e-06
GRADIENT_BOOSTED,test-normal-03,TEST,870,8.700000000000001,0,0.0007092415946077823,False,0,,8.213030018069537e-06
GRADIENT_BOOSTED,test-normal-03,TEST,880,8.8,0,0.0007092415946077823,False,0,,8.213030018069537e-06
GRADIENT_BOOSTED,test-normal-03,TEST,890,8.9,0,0.0007092415946077823,False,0,,8.213030018069537e-06
GRADIENT_BOOSTED,test-normal-03,TEST,900,9.0,0,0.0007092415946077823,False,0,,8.213030018069537e-06
GRADIENT_BOOSTED,test-normal-03,TEST,910,9.1,0,0.0007092415946077823,False,0,,8.213030018069537e-06
GRADIENT_BOOSTED,test-normal-03,TEST,920,9.200000000000001,0,0.0007092415946077823,False,0,,8.213030018069537e-06
GRADIENT_BOOSTED,test-normal-03,TEST,930,9.3,0,0.0007092415946077823,False,0,,8.213030018069537e-06
GRADIENT_BOOSTED,test-normal-03,TEST,940,9.4,0,0.0007092415946077823,False,0,,8.213030018069537e-06
GRADIENT_BOOSTED,test-normal-03,TEST,950,9.5,0,0.0007092415946077823,False,0,,8.213030018069537e-06
GRADIENT_BOOSTED,test-normal-03,TEST,960,9.6,0,0.0007092415946077823,False,0,,8.213030018069537e-06
GRADIENT_BOOSTED,test-normal-03,TEST,970,9.700000000000001,0,0.0007092415946077823,False,0,,8.213030018069537e-06
GRADIENT_BOOSTED,test-normal-03,TEST,980,9.8,0,0.0007092415946077823,False,0,,8.213030018069537e-06
GRADIENT_BOOSTED,test-normal-03,TEST,990,9.9,0,0.0007092415946077823,False,0,,8.213030018069537e-06
GRADIENT_BOOSTED,test-normal-03,TEST,1000,10.0,0,0.0007092415946077823,False,0,,8.213030018069537e-06
GRADIENT_BOOSTED,test-normal-03,TEST,1010,10.1,0,0.0007092415946077823,False,0,,8.213030018069537e-06
GRADIENT_BOOSTED,test-normal-03,TEST,1020,10.200000000000001,0,0.0007092415946077823,False,0,,8.213030018069537e-06
GRADIENT_BOOSTED,test-normal-03,TEST,1030,10.3,0,0.0007092415946077823,False,0,,8.213030018069537e-06
GRADIENT_BOOSTED,test-normal-03,TEST,1040,10.4,0,0.0007092415946077823,False,0,,8.213030018069537e-06
GRADIENT_BOOSTED,test-normal-03,TEST,1050,10.5,0,0.0007092415946077823,False,0,,8.213030018069537e-06
GRADIENT_BOOSTED,test-normal-03,TEST,1060,10.6,0,0.0007092415946077823,False,0,,8.213030018069537e-06
GRADIENT_BOOSTED,test-normal-03,TEST,1070,10.700000000000001,0,0.0007092415946077823,False,0,,8.213030018069537e-06
GRADIENT_BOOSTED,test-normal-03,TEST,1080,10.8,0,0.0007092415946077823,False,0,,8.213030018069537e-06
GRADIENT_BOOSTED,test-normal-03,TEST,1090,10.9,0,0.0007092415946077823,False,0,,8.213030018069537e-06
GRADIENT_BOOSTED,test-normal-03,TEST,1100,11.0,0,0.0007092415946077823,False,0,,8.213030018069537e-06
GRADIENT_BOOSTED,test-normal-03,TEST,1110,11.1,0,0.0007092415946077823,False,0,,8.213030018069537e-06
GRADIENT_BOOSTED,test-normal-03,TEST,1120,11.200000000000001,0,0.0007092415946077823,False,0,,8.213030018069537e-06
GRADIENT_BOOSTED,test-normal-03,TEST,1130,11.3,0,0.0007092415946077823,False,0,,8.213030018069537e-06
GRADIENT_BOOSTED,test-normal-03,TEST,1140,11.4,0,0.0007092415946077823,False,0,,8.213030018069537e-06
GRADIENT_BOOSTED,test-normal-03,TEST,1150,11.5,0,0.0007092415946077823,False,0,,8.213030018069537e-06
GRADIENT_BOOSTED,test-normal-03,TEST,1160,11.6,0,0.0007092415946077823,False,0,,8.213030018069537e-06
GRADIENT_BOOSTED,test-normal-03,TEST,1170,11.700000000000001,0,0.0007092415946077823,False,0,,8.213030018069537e-06
GRADIENT_BOOSTED,test-normal-03,TEST,1180,11.8,0,0.0007092415946077823,False,0,,8.213030018069537e-06
GRADIENT_BOOSTED,test-normal-03,TEST,1190,11.9,0,0.0007092415946077823,False,0,,8.213030018069537e-06
GRADIENT_BOOSTED,test-normal-03,TEST,1200,12.0,0,0.0007092415946077823,False,0,,8.213030018069537e-06
GRADIENT_BOOSTED,test-normal-03,TEST,1210,12.1,0,0.0007092415946077823,False,0,,8.213030018069537e-06
GRADIENT_BOOSTED,test-normal-03,TEST,1220,12.200000000000001,0,0.0007092415946077823,False,0,,8.213030018069537e-06
GRADIENT_BOOSTED,test-normal-03,TEST,1230,12.3,0,0.0007092415946077823,False,0,,8.213030018069537e-06
GRADIENT_BOOSTED,test-normal-03,TEST,1240,12.4,0,0.0007092415946077823,False,0,,8.213030018069537e-06
GRADIENT_BOOSTED,test-normal-03,TEST,1250,12.5,0,0.0007092415946077823,False,0,,8.213030018069537e-06
GRADIENT_BOOSTED,test-normal-03,TEST,1260,12.6,0,0.0007092415946077823,False,0,,8.213030018069537e-06
GRADIENT_BOOSTED,test-normal-03,TEST,1270,12.700000000000001,0,0.0007092415946077823,False,0,,8.213030018069537e-06
GRADIENT_BOOSTED,test-normal-03,TEST,1280,12.8,0,0.0007092415946077823,False,0,,8.213030018069537e-06
GRADIENT_BOOSTED,test-normal-03,TEST,1290,12.9,0,0.0007092415946077823,False,0,,8.213030018069537e-06
GRADIENT_BOOSTED,test-normal-03,TEST,1300,13.0,0,0.0007092415946077823,False,0,,8.213030018069537e-06
GRADIENT_BOOSTED,test-healthy_sag-00,TEST,430,4.3,0,0.0007092415946077823,False,0,,8.213030018069537e-06
GRADIENT_BOOSTED,test-healthy_sag-00,TEST,440,4.4,0,0.0007092415946077823,False,0,,8.213030018069537e-06
GRADIENT_BOOSTED,test-healthy_sag-00,TEST,450,4.5,0,0.0007092415946077823,False,0,,8.213030018069537e-06
GRADIENT_BOOSTED,test-healthy_sag-00,TEST,460,4.6000000000000005,0,0.0007092415946077823,False,0,,8.213030018069537e-06
GRADIENT_BOOSTED,test-healthy_sag-00,TEST,470,4.7,0,0.0007092415946077823,False,0,,8.213030018069537e-06
GRADIENT_BOOSTED,test-healthy_sag-00,TEST,480,4.8,0,0.0007092415946077823,False,0,,8.213030018069537e-06
GRADIENT_BOOSTED,test-healthy_sag-00,TEST,490,4.9,0,0.0007092415946077823,False,0,,8.213030018069537e-06
GRADIENT_BOOSTED,test-healthy_sag-00,TEST,500,5.0,0,0.0007092415946077823,False,0,,8.213030018069537e-06
GRADIENT_BOOSTED,test-healthy_sag-00,TEST,510,5.1000000000000005,0,0.0007092415946077823,False,0,,8.213030018069537e-06
GRADIENT_BOOSTED,test-healthy_sag-00,TEST,520,5.2,0,0.0007092415946077823,False,0,,8.213030018069537e-06
GRADIENT_BOOSTED,test-healthy_sag-00,TEST,530,5.3,0,0.0007092415946077823,False,0,,8.213030018069537e-06
GRADIENT_BOOSTED,test-healthy_sag-00,TEST,540,5.4,0,0.0007092415946077823,False,0,,8.213030018069537e-06
GRADIENT_BOOSTED,test-healthy_sag-00,TEST,550,5.5,0,0.0007092415946077823,False,0,,8.213030018069537e-06
GRADIENT_BOOSTED,test-healthy_sag-00,TEST,560,5.6000000000000005,0,0.0007092415946077823,False,0,,8.213030018069537e-06
GRADIENT_BOOSTED,test-healthy_sag-00,TEST,570,5.7,0,0.0007092415946077823,False,0,,8.213030018069537e-06
GRADIENT_BOOSTED,test-healthy_sag-00,TEST,580,5.8,0,0.0007092415946077823,False,0,,8.213030018069537e-06
GRADIENT_BOOSTED,test-healthy_sag-00,TEST,590,5.9,0,0.0007092415946077823,False,0,,8.213030018069537e-06
GRADIENT_BOOSTED,test-healthy_sag-00,TEST,600,6.0,0,0.0007092415946077823,False,0,,8.213030018069537e-06
GRADIENT_BOOSTED,test-healthy_sag-00,TEST,610,6.1000000000000005,0,0.0007092415946077823,False,0,,8.213030018069537e-06
GRADIENT_BOOSTED,test-healthy_sag-00,TEST,620,6.2,0,0.0007092415946077823,False,0,,8.213030018069537e-06
GRADIENT_BOOSTED,test-healthy_sag-00,TEST,630,6.3,0,0.0007092415946077823,False,0,,8.213030018069537e-06
GRADIENT_BOOSTED,test-healthy_sag-00,TEST,640,6.4,0,0.0007092415946077823,False,0,,8.213030018069537e-06
GRADIENT_BOOSTED,test-healthy_sag-00,TEST,650,6.5,0,0.0007092415946077823,False,0,,8.213030018069537e-06
GRADIENT_BOOSTED,test-healthy_sag-00,TEST,660,6.6000000000000005,0,0.0007092415946077823,False,0,,8.213030018069537e-06
GRADIENT_BOOSTED,test-healthy_sag-00,TEST,670,6.7,0,0.0007092415946077823,False,0,,8.213030018069537e-06
GRADIENT_BOOSTED,test-healthy_sag-00,TEST,680,6.8,0,0.0007092415946077823,False,0,,8.213030018069537e-06
GRADIENT_BOOSTED,test-healthy_sag-00,TEST,690,6.9,0,0.0007092415946077823,False,0,,8.213030018069537e-06
GRADIENT_BOOSTED,test-healthy_sag-00,TEST,700,7.0,0,0.0007092415946077823,False,0,,8.213030018069537e-06
GRADIENT_BOOSTED,test-healthy_sag-00,TEST,710,7.1000000000000005,0,0.0007092415946077823,False,0,,8.213030018069537e-06
GRADIENT_BOOSTED,test-healthy_sag-00,TEST,720,7.2,0,0.0007092415946077823,False,0,,8.213030018069537e-06
GRADIENT_BOOSTED,test-healthy_sag-00,TEST,730,7.3,0,0.0007092415946077823,False,0,,8.213030018069537e-06
GRADIENT_BOOSTED,test-healthy_sag-00,TEST,740,7.4,0,0.0007092415946077823,False,0,,8.213030018069537e-06
GRADIENT_BOOSTED,test-healthy_sag-00,TEST,750,7.5,0,0.0007092415946077823,False,0,,8.213030018069537e-06
GRADIENT_BOOSTED,test-healthy_sag-00,TEST,760,7.6000000000000005,0,0.0007092415946077823,False,0,,8.213030018069537e-06
GRADIENT_BOOSTED,test-healthy_sag-00,TEST,770,7.7,0,0.0007092415946077823,False,0,,8.213030018069537e-06
GRADIENT_BOOSTED,test-healthy_sag-00,TEST,780,7.8,0,0.0007092415946077823,False,0,,8.213030018069537e-06
GRADIENT_BOOSTED,test-healthy_sag-00,TEST,790,7.9,0,0.0007092415946077823,False,0,,8.213030018069537e-06
GRADIENT_BOOSTED,test-healthy_sag-00,TEST,800,8.0,0,0.0007092415946077823,False,0,,8.213030018069537e-06
GRADIENT_BOOSTED,test-healthy_sag-00,TEST,810,8.1,0,0.0007092415946077823,False,0,,8.213030018069537e-06
GRADIENT_BOOSTED,test-healthy_sag-00,TEST,820,8.2,0,0.0007092415946077823,False,0,,8.213030018069537e-06
GRADIENT_BOOSTED,test-healthy_sag-00,TEST,830,8.3,0,0.0007092415946077823,False,0,,8.213030018069537e-06
GRADIENT_BOOSTED,test-healthy_sag-00,TEST,840,8.4,0,0.0007092415946077823,False,0,,8.213030018069537e-06
GRADIENT_BOOSTED,test-healthy_sag-00,TEST,850,8.5,0,0.0007092415946077823,False,0,,8.213030018069537e-06
GRADIENT_BOOSTED,test-healthy_sag-00,TEST,860,8.6,0,0.0007092415946077823,False,0,,8.213030018069537e-06
GRADIENT_BOOSTED,test-healthy_sag-00,TEST,870,8.700000000000001,0,0.0007092415946077823,False,0,,8.213030018069537e-06
GRADIENT_BOOSTED,test-healthy_sag-00,TEST,880,8.8,0,0.0007092415946077823,False,0,,8.213030018069537e-06
GRADIENT_BOOSTED,test-healthy_sag-00,TEST,890,8.9,0,0.0007092415946077823,False,0,,8.213030018069537e-06
GRADIENT_BOOSTED,test-healthy_sag-00,TEST,900,9.0,0,0.0007092415946077823,False,0,,8.213030018069537e-06
GRADIENT_BOOSTED,test-healthy_sag-00,TEST,910,9.1,0,0.0007092415946077823,False,0,,8.213030018069537e-06
GRADIENT_BOOSTED,test-healthy_sag-00,TEST,920,9.200000000000001,0,0.0007092415946077823,False,0,,8.213030018069537e-06
GRADIENT_BOOSTED,test-healthy_sag-00,TEST,930,9.3,0,0.0007092415946077823,False,0,,8.213030018069537e-06
GRADIENT_BOOSTED,test-healthy_sag-00,TEST,940,9.4,0,0.0007092415946077823,False,0,,8.213030018069537e-06
GRADIENT_BOOSTED,test-healthy_sag-00,TEST,950,9.5,0,0.0007092415946077823,False,0,,8.213030018069537e-06
GRADIENT_BOOSTED,test-healthy_sag-00,TEST,960,9.6,0,0.0007092415946077823,False,0,,8.213030018069537e-06
GRADIENT_BOOSTED,test-healthy_sag-00,TEST,970,9.700000000000001,0,0.0007092415946077823,False,0,,8.213030018069537e-06
GRADIENT_BOOSTED,test-healthy_sag-00,TEST,980,9.8,0,0.0007092415946077823,False,0,,8.213030018069537e-06
GRADIENT_BOOSTED,test-healthy_sag-00,TEST,990,9.9,0,0.0007092415946077823,False,0,,8.213030018069537e-06
GRADIENT_BOOSTED,test-healthy_sag-00,TEST,1000,10.0,0,0.0007092415946077823,False,0,,8.213030018069537e-06
GRADIENT_BOOSTED,test-healthy_sag-00,TEST,1010,10.1,0,0.0007092415946077823,False,0,,8.213030018069537e-06
GRADIENT_BOOSTED,test-healthy_sag-00,TEST,1020,10.200000000000001,0,0.0007092415946077823,False,0,,8.213030018069537e-06
GRADIENT_BOOSTED,test-healthy_sag-00,TEST,1030,10.3,0,0.0007092415946077823,False,0,,8.213030018069537e-06
GRADIENT_BOOSTED,test-healthy_sag-00,TEST,1040,10.4,0,0.0007092415946077823,False,0,,8.213030018069537e-06
GRADIENT_BOOSTED,test-healthy_sag-00,TEST,1050,10.5,0,0.0007092415946077823,False,0,,8.213030018069537e-06
GRADIENT_BOOSTED,test-healthy_sag-00,TEST,1060,10.6,0,0.0007092415946077823,False,0,,8.213030018069537e-06
GRADIENT_BOOSTED,test-healthy_sag-00,TEST,1070,10.700000000000001,0,0.0007092415946077823,False,0,,8.213030018069537e-06
GRADIENT_BOOSTED,test-healthy_sag-00,TEST,1080,10.8,0,0.0007092415946077823,False,0,,8.213030018069537e-06
GRADIENT_BOOSTED,test-healthy_sag-00,TEST,1090,10.9,0,0.0007092415946077823,False,0,,8.213030018069537e-06
GRADIENT_BOOSTED,test-healthy_sag-00,TEST,1100,11.0,0,0.0007092415946077823,False,0,,8.213030018069537e-06
GRADIENT_BOOSTED,test-healthy_sag-00,TEST,1110,11.1,0,0.0007092415946077823,False,0,,8.213030018069537e-06
GRADIENT_BOOSTED,test-healthy_sag-00,TEST,1120,11.200000000000001,0,0.0007092415946077823,False,0,,8.213030018069537e-06
GRADIENT_BOOSTED,test-healthy_sag-00,TEST,1130,11.3,0,0.0007092415946077823,False,0,,8.213030018069537e-06
GRADIENT_BOOSTED,test-healthy_sag-00,TEST,1140,11.4,0,0.0007092415946077823,False,0,,8.213030018069537e-06
GRADIENT_BOOSTED,test-healthy_sag-00,TEST,1150,11.5,0,0.0007092415946077823,False,0,,8.213030018069537e-06
GRADIENT_BOOSTED,test-healthy_sag-00,TEST,1160,11.6,0,0.0007092415946077823,False,0,,8.213030018069537e-06
GRADIENT_BOOSTED,test-healthy_sag-00,TEST,1170,11.700000000000001,0,0.0007092415946077823,False,0,,8.213030018069537e-06
GRADIENT_BOOSTED,test-healthy_sag-00,TEST,1180,11.8,0,0.0007092415946077823,False,0,,8.213030018069537e-06
GRADIENT_BOOSTED,test-healthy_sag-00,TEST,1190,11.9,0,0.0007092415946077823,False,0,,8.213030018069537e-06
GRADIENT_BOOSTED,test-healthy_sag-00,TEST,1200,12.0,0,0.0007092415946077823,False,0,,8.213030018069537e-06
GRADIENT_BOOSTED,test-healthy_sag-00,TEST,1210,12.1,0,0.0007092415946077823,False,0,,8.213030018069537e-06
GRADIENT_BOOSTED,test-healthy_sag-00,TEST,1220,12.200000000000001,0,0.0007092415946077823,False,0,,8.213030018069537e-06
GRADIENT_BOOSTED,test-healthy_sag-00,TEST,1230,12.3,0,0.0007092415946077823,False,0,,8.213030018069537e-06
GRADIENT_BOOSTED,test-healthy_sag-00,TEST,1240,12.4,0,0.0007092415946077823,False,0,,8.213030018069537e-06
GRADIENT_BOOSTED,test-healthy_sag-00,TEST,1250,12.5,0,0.0007092415946077823,False,0,,8.213030018069537e-06
GRADIENT_BOOSTED,test-healthy_sag-00,TEST,1260,12.6,0,0.0007092415946077823,False,0,,8.213030018069537e-06
GRADIENT_BOOSTED,test-healthy_sag-00,TEST,1270,12.700000000000001,0,0.0007092415946077823,False,0,,8.213030018069537e-06
GRADIENT_BOOSTED,test-healthy_sag-00,TEST,1280,12.8,0,0.0007092415946077823,False,0,,8.213030018069537e-06
GRADIENT_BOOSTED,test-healthy_sag-00,TEST,1290,12.9,0,0.0007092415946077823,False,0,,8.213030018069537e-06
GRADIENT_BOOSTED,test-healthy_sag-00,TEST,1300,13.0,0,0.0007092415946077823,False,0,,8.213030018069537e-06
GRADIENT_BOOSTED,test-healthy_sag-01,TEST,430,4.3,0,0.0007092415946077823,False,0,,8.213030018069537e-06
GRADIENT_BOOSTED,test-healthy_sag-01,TEST,440,4.4,0,0.0007092415946077823,False,0,,8.213030018069537e-06
GRADIENT_BOOSTED,test-healthy_sag-01,TEST,450,4.5,0,0.0007092415946077823,False,0,,8.213030018069537e-06
GRADIENT_BOOSTED,test-healthy_sag-01,TEST,460,4.6000000000000005,0,0.0007092415946077823,False,0,,8.213030018069537e-06
GRADIENT_BOOSTED,test-healthy_sag-01,TEST,470,4.7,0,0.0007092415946077823,False,0,,8.213030018069537e-06
GRADIENT_BOOSTED,test-healthy_sag-01,TEST,480,4.8,0,0.0007092415946077823,False,0,,8.213030018069537e-06
GRADIENT_BOOSTED,test-healthy_sag-01,TEST,490,4.9,0,0.0007092415946077823,False,0,,8.213030018069537e-06
GRADIENT_BOOSTED,test-healthy_sag-01,TEST,500,5.0,0,0.0007092415946077823,False,0,,8.213030018069537e-06
GRADIENT_BOOSTED,test-healthy_sag-01,TEST,510,5.1000000000000005,0,0.0007092415946077823,False,0,,8.213030018069537e-06
GRADIENT_BOOSTED,test-healthy_sag-01,TEST,520,5.2,0,0.0007092415946077823,False,0,,8.213030018069537e-06
GRADIENT_BOOSTED,test-healthy_sag-01,TEST,530,5.3,0,0.0007092415946077823,False,0,,8.213030018069537e-06
GRADIENT_BOOSTED,test-healthy_sag-01,TEST,540,5.4,0,0.0007092415946077823,False,0,,8.213030018069537e-06
GRADIENT_BOOSTED,test-healthy_sag-01,TEST,550,5.5,0,0.0007092415946077823,False,0,,8.213030018069537e-06
GRADIENT_BOOSTED,test-healthy_sag-01,TEST,560,5.6000000000000005,0,0.0007092415946077823,False,0,,8.213030018069537e-06
GRADIENT_BOOSTED,test-healthy_sag-01,TEST,570,5.7,0,0.0007092415946077823,False,0,,8.213030018069537e-06
GRADIENT_BOOSTED,test-healthy_sag-01,TEST,580,5.8,0,0.0007092415946077823,False,0,,8.213030018069537e-06
GRADIENT_BOOSTED,test-healthy_sag-01,TEST,590,5.9,0,0.0007092415946077823,False,0,,8.213030018069537e-06
GRADIENT_BOOSTED,test-healthy_sag-01,TEST,600,6.0,0,0.0007092415946077823,False,0,,8.213030018069537e-06
GRADIENT_BOOSTED,test-healthy_sag-01,TEST,610,6.1000000000000005,0,0.0007092415946077823,False,0,,8.213030018069537e-06
GRADIENT_BOOSTED,test-healthy_sag-01,TEST,620,6.2,0,0.0007092415946077823,False,0,,8.213030018069537e-06
GRADIENT_BOOSTED,test-healthy_sag-01,TEST,630,6.3,0,0.0007092415946077823,False,0,,8.213030018069537e-06
GRADIENT_BOOSTED,test-healthy_sag-01,TEST,640,6.4,0,0.0007092415946077823,False,0,,8.213030018069537e-06
GRADIENT_BOOSTED,test-healthy_sag-01,TEST,650,6.5,0,0.0007092415946077823,False,0,,8.213030018069537e-06
GRADIENT_BOOSTED,test-healthy_sag-01,TEST,660,6.6000000000000005,0,0.0007092415946077823,False,0,,8.213030018069537e-06
GRADIENT_BOOSTED,test-healthy_sag-01,TEST,670,6.7,0,0.0007092415946077823,False,0,,8.213030018069537e-06
GRADIENT_BOOSTED,test-healthy_sag-01,TEST,680,6.8,0,0.0007092415946077823,False,0,,8.213030018069537e-06
GRADIENT_BOOSTED,test-healthy_sag-01,TEST,690,6.9,0,0.0007092415946077823,False,0,,8.213030018069537e-06
GRADIENT_BOOSTED,test-healthy_sag-01,TEST,700,7.0,0,0.0007092415946077823,False,0,,8.213030018069537e-06
GRADIENT_BOOSTED,test-healthy_sag-01,TEST,710,7.1000000000000005,0,0.0007092415946077823,False,0,,8.213030018069537e-06
GRADIENT_BOOSTED,test-healthy_sag-01,TEST,720,7.2,0,0.0007092415946077823,False,0,,8.213030018069537e-06
GRADIENT_BOOSTED,test-healthy_sag-01,TEST,730,7.3,0,0.0007092415946077823,False,0,,8.213030018069537e-06
GRADIENT_BOOSTED,test-healthy_sag-01,TEST,740,7.4,0,0.0007092415946077823,False,0,,8.213030018069537e-06
GRADIENT_BOOSTED,test-healthy_sag-01,TEST,750,7.5,0,0.0007092415946077823,False,0,,8.213030018069537e-06
GRADIENT_BOOSTED,test-healthy_sag-01,TEST,760,7.6000000000000005,0,0.0007092415946077823,False,0,,8.213030018069537e-06
GRADIENT_BOOSTED,test-healthy_sag-01,TEST,770,7.7,0,0.0007092415946077823,False,0,,8.213030018069537e-06
GRADIENT_BOOSTED,test-healthy_sag-01,TEST,780,7.8,0,0.0007092415946077823,False,0,,8.213030018069537e-06
GRADIENT_BOOSTED,test-healthy_sag-01,TEST,790,7.9,0,0.0007092415946077823,False,0,,8.213030018069537e-06
GRADIENT_BOOSTED,test-healthy_sag-01,TEST,800,8.0,0,0.0007092415946077823,False,0,,8.213030018069537e-06
GRADIENT_BOOSTED,test-healthy_sag-01,TEST,810,8.1,0,0.0007092415946077823,False,0,,8.213030018069537e-06
GRADIENT_BOOSTED,test-healthy_sag-01,TEST,820,8.2,0,0.0007092415946077823,False,0,,8.213030018069537e-06
GRADIENT_BOOSTED,test-healthy_sag-01,TEST,830,8.3,0,0.0007092415946077823,False,0,,8.213030018069537e-06
GRADIENT_BOOSTED,test-healthy_sag-01,TEST,840,8.4,0,0.0007092415946077823,False,0,,8.213030018069537e-06
GRADIENT_BOOSTED,test-healthy_sag-01,TEST,850,8.5,0,0.0007092415946077823,False,0,,8.213030018069537e-06
GRADIENT_BOOSTED,test-healthy_sag-01,TEST,860,8.6,0,0.0007092415946077823,False,0,,8.213030018069537e-06
GRADIENT_BOOSTED,test-healthy_sag-01,TEST,870,8.700000000000001,0,0.0007092415946077823,False,0,,8.213030018069537e-06
GRADIENT_BOOSTED,test-healthy_sag-01,TEST,880,8.8,0,0.0007092415946077823,False,0,,8.213030018069537e-06
GRADIENT_BOOSTED,test-healthy_sag-01,TEST,890,8.9,0,0.0007092415946077823,False,0,,8.213030018069537e-06
GRADIENT_BOOSTED,test-healthy_sag-01,TEST,900,9.0,0,0.0007092415946077823,False,0,,8.213030018069537e-06
GRADIENT_BOOSTED,test-healthy_sag-01,TEST,910,9.1,0,0.0007092415946077823,False,0,,8.213030018069537e-06
GRADIENT_BOOSTED,test-healthy_sag-01,TEST,920,9.200000000000001,0,0.0007092415946077823,False,0,,8.213030018069537e-06
GRADIENT_BOOSTED,test-healthy_sag-01,TEST,930,9.3,0,0.0007092415946077823,False,0,,8.213030018069537e-06
GRADIENT_BOOSTED,test-healthy_sag-01,TEST,940,9.4,0,0.0007092415946077823,False,0,,8.213030018069537e-06
GRADIENT_BOOSTED,test-healthy_sag-01,TEST,950,9.5,0,0.0007092415946077823,False,0,,8.213030018069537e-06
GRADIENT_BOOSTED,test-healthy_sag-01,TEST,960,9.6,0,0.0007092415946077823,False,0,,8.213030018069537e-06
GRADIENT_BOOSTED,test-healthy_sag-01,TEST,970,9.700000000000001,0,0.0007092415946077823,False,0,,8.213030018069537e-06
GRADIENT_BOOSTED,test-healthy_sag-01,TEST,980,9.8,0,0.0007092415946077823,False,0,,8.213030018069537e-06
GRADIENT_BOOSTED,test-healthy_sag-01,TEST,990,9.9,0,0.0007092415946077823,False,0,,8.213030018069537e-06
GRADIENT_BOOSTED,test-healthy_sag-01,TEST,1000,10.0,0,0.0007092415946077823,False,0,,8.213030018069537e-06
GRADIENT_BOOSTED,test-healthy_sag-01,TEST,1010,10.1,0,0.0007092415946077823,False,0,,8.213030018069537e-06
GRADIENT_BOOSTED,test-healthy_sag-01,TEST,1020,10.200000000000001,0,0.0007092415946077823,False,0,,8.213030018069537e-06
GRADIENT_BOOSTED,test-healthy_sag-01,TEST,1030,10.3,0,0.0007092415946077823,False,0,,8.213030018069537e-06
GRADIENT_BOOSTED,test-healthy_sag-01,TEST,1040,10.4,0,0.0007092415946077823,False,0,,8.213030018069537e-06
GRADIENT_BOOSTED,test-healthy_sag-01,TEST,1050,10.5,0,0.0007092415946077823,False,0,,8.213030018069537e-06
GRADIENT_BOOSTED,test-healthy_sag-01,TEST,1060,10.6,0,0.0007092415946077823,False,0,,8.213030018069537e-06
GRADIENT_BOOSTED,test-healthy_sag-01,TEST,1070,10.700000000000001,0,0.0007092415946077823,False,0,,8.213030018069537e-06
GRADIENT_BOOSTED,test-healthy_sag-01,TEST,1080,10.8,0,0.0007092415946077823,False,0,,8.213030018069537e-06
GRADIENT_BOOSTED,test-healthy_sag-01,TEST,1090,10.9,0,0.0007092415946077823,False,0,,8.213030018069537e-06
GRADIENT_BOOSTED,test-healthy_sag-01,TEST,1100,11.0,0,0.0007092415946077823,False,0,,8.213030018069537e-06
GRADIENT_BOOSTED,test-healthy_sag-01,TEST,1110,11.1,0,0.0007092415946077823,False,0,,8.213030018069537e-06
GRADIENT_BOOSTED,test-healthy_sag-01,TEST,1120,11.200000000000001,0,0.0007092415946077823,False,0,,8.213030018069537e-06
GRADIENT_BOOSTED,test-healthy_sag-01,TEST,1130,11.3,0,0.0007092415946077823,False,0,,8.213030018069537e-06
GRADIENT_BOOSTED,test-healthy_sag-01,TEST,1140,11.4,0,0.0007092415946077823,False,0,,8.213030018069537e-06
GRADIENT_BOOSTED,test-healthy_sag-01,TEST,1150,11.5,0,0.0007092415946077823,False,0,,8.213030018069537e-06
GRADIENT_BOOSTED,test-healthy_sag-01,TEST,1160,11.6,0,0.0007092415946077823,False,0,,8.213030018069537e-06
GRADIENT_BOOSTED,test-healthy_sag-01,TEST,1170,11.700000000000001,0,0.0007092415946077823,False,0,,8.213030018069537e-06
GRADIENT_BOOSTED,test-healthy_sag-01,TEST,1180,11.8,0,0.0007092415946077823,False,0,,8.213030018069537e-06
GRADIENT_BOOSTED,test-healthy_sag-01,TEST,1190,11.9,0,0.0007092415946077823,False,0,,8.213030018069537e-06
GRADIENT_BOOSTED,test-healthy_sag-01,TEST,1200,12.0,0,0.0007092415946077823,False,0,,8.213030018069537e-06
GRADIENT_BOOSTED,test-healthy_sag-01,TEST,1210,12.1,0,0.0007092415946077823,False,0,,8.213030018069537e-06
GRADIENT_BOOSTED,test-healthy_sag-01,TEST,1220,12.200000000000001,0,0.0007092415946077823,False,0,,8.213030018069537e-06
GRADIENT_BOOSTED,test-healthy_sag-01,TEST,1230,12.3,0,0.0007092415946077823,False,0,,8.213030018069537e-06
GRADIENT_BOOSTED,test-healthy_sag-01,TEST,1240,12.4,0,0.0007092415946077823,False,0,,8.213030018069537e-06
GRADIENT_BOOSTED,test-healthy_sag-01,TEST,1250,12.5,0,0.0007092415946077823,False,0,,8.213030018069537e-06
GRADIENT_BOOSTED,test-healthy_sag-01,TEST,1260,12.6,0,0.0007092415946077823,False,0,,8.213030018069537e-06
GRADIENT_BOOSTED,test-healthy_sag-01,TEST,1270,12.700000000000001,0,0.0007092415946077823,False,0,,8.213030018069537e-06
GRADIENT_BOOSTED,test-healthy_sag-01,TEST,1280,12.8,0,0.0007092415946077823,False,0,,8.213030018069537e-06
GRADIENT_BOOSTED,test-healthy_sag-01,TEST,1290,12.9,0,0.0007092415946077823,False,0,,8.213030018069537e-06
GRADIENT_BOOSTED,test-healthy_sag-01,TEST,1300,13.0,0,0.0007092415946077823,False,0,,8.213030018069537e-06
GRADIENT_BOOSTED,test-healthy_sag-02,TEST,430,4.3,0,0.0007092415946077823,False,0,,8.213030018069537e-06
GRADIENT_BOOSTED,test-healthy_sag-02,TEST,440,4.4,0,0.0007092415946077823,False,0,,8.213030018069537e-06
GRADIENT_BOOSTED,test-healthy_sag-02,TEST,450,4.5,0,0.0007092415946077823,False,0,,8.213030018069537e-06
GRADIENT_BOOSTED,test-healthy_sag-02,TEST,460,4.6000000000000005,0,0.0007092415946077823,False,0,,8.213030018069537e-06
GRADIENT_BOOSTED,test-healthy_sag-02,TEST,470,4.7,0,0.0007092415946077823,False,0,,8.213030018069537e-06
GRADIENT_BOOSTED,test-healthy_sag-02,TEST,480,4.8,0,0.0007092415946077823,False,0,,8.213030018069537e-06
GRADIENT_BOOSTED,test-healthy_sag-02,TEST,490,4.9,0,0.0007092415946077823,False,0,,8.213030018069537e-06
GRADIENT_BOOSTED,test-healthy_sag-02,TEST,500,5.0,0,0.0007092415946077823,False,0,,8.213030018069537e-06
GRADIENT_BOOSTED,test-healthy_sag-02,TEST,510,5.1000000000000005,0,0.0007092415946077823,False,0,,8.213030018069537e-06
GRADIENT_BOOSTED,test-healthy_sag-02,TEST,520,5.2,0,0.0007092415946077823,False,0,,8.213030018069537e-06
GRADIENT_BOOSTED,test-healthy_sag-02,TEST,530,5.3,0,0.0007092415946077823,False,0,,8.213030018069537e-06
GRADIENT_BOOSTED,test-healthy_sag-02,TEST,540,5.4,0,0.0007092415946077823,False,0,,8.213030018069537e-06
GRADIENT_BOOSTED,test-healthy_sag-02,TEST,550,5.5,0,0.0007092415946077823,False,0,,8.213030018069537e-06
GRADIENT_BOOSTED,test-healthy_sag-02,TEST,560,5.6000000000000005,0,0.0007092415946077823,False,0,,8.213030018069537e-06
GRADIENT_BOOSTED,test-healthy_sag-02,TEST,570,5.7,0,0.0007092415946077823,False,0,,8.213030018069537e-06
GRADIENT_BOOSTED,test-healthy_sag-02,TEST,580,5.8,0,0.0007092415946077823,False,0,,8.213030018069537e-06
GRADIENT_BOOSTED,test-healthy_sag-02,TEST,590,5.9,0,0.0007092415946077823,False,0,,8.213030018069537e-06
GRADIENT_BOOSTED,test-healthy_sag-02,TEST,600,6.0,0,0.0007092415946077823,False,0,,8.213030018069537e-06
GRADIENT_BOOSTED,test-healthy_sag-02,TEST,610,6.1000000000000005,0,0.0007092415946077823,False,0,,8.213030018069537e-06
GRADIENT_BOOSTED,test-healthy_sag-02,TEST,620,6.2,0,0.0007092415946077823,False,0,,8.213030018069537e-06
GRADIENT_BOOSTED,test-healthy_sag-02,TEST,630,6.3,0,0.0007092415946077823,False,0,,8.213030018069537e-06
GRADIENT_BOOSTED,test-healthy_sag-02,TEST,640,6.4,0,0.0007092415946077823,False,0,,8.213030018069537e-06
GRADIENT_BOOSTED,test-healthy_sag-02,TEST,650,6.5,0,0.0007092415946077823,False,0,,8.213030018069537e-06
GRADIENT_BOOSTED,test-healthy_sag-02,TEST,660,6.6000000000000005,0,0.0007092415946077823,False,0,,8.213030018069537e-06
GRADIENT_BOOSTED,test-healthy_sag-02,TEST,670,6.7,0,0.0007092415946077823,False,0,,8.213030018069537e-06
GRADIENT_BOOSTED,test-healthy_sag-02,TEST,680,6.8,0,0.0007092415946077823,False,0,,8.213030018069537e-06
GRADIENT_BOOSTED,test-healthy_sag-02,TEST,690,6.9,0,0.0007092415946077823,False,0,,8.213030018069537e-06
GRADIENT_BOOSTED,test-healthy_sag-02,TEST,700,7.0,0,0.0007092415946077823,False,0,,8.213030018069537e-06
GRADIENT_BOOSTED,test-healthy_sag-02,TEST,710,7.1000000000000005,0,0.0007092415946077823,False,0,,8.213030018069537e-06
GRADIENT_BOOSTED,test-healthy_sag-02,TEST,720,7.2,0,0.0007092415946077823,False,0,,8.213030018069537e-06
GRADIENT_BOOSTED,test-healthy_sag-02,TEST,730,7.3,0,0.0007092415946077823,False,0,,8.213030018069537e-06
GRADIENT_BOOSTED,test-healthy_sag-02,TEST,740,7.4,0,0.0007092415946077823,False,0,,8.213030018069537e-06
GRADIENT_BOOSTED,test-healthy_sag-02,TEST,750,7.5,0,0.0007092415946077823,False,0,,8.213030018069537e-06
GRADIENT_BOOSTED,test-healthy_sag-02,TEST,760,7.6000000000000005,0,0.0007092415946077823,False,0,,8.213030018069537e-06
GRADIENT_BOOSTED,test-healthy_sag-02,TEST,770,7.7,0,0.0007092415946077823,False,0,,8.213030018069537e-06
GRADIENT_BOOSTED,test-healthy_sag-02,TEST,780,7.8,0,0.0007092415946077823,False,0,,8.213030018069537e-06
GRADIENT_BOOSTED,test-healthy_sag-02,TEST,790,7.9,0,0.0007092415946077823,False,0,,8.213030018069537e-06
GRADIENT_BOOSTED,test-healthy_sag-02,TEST,800,8.0,0,0.0007092415946077823,False,0,,8.213030018069537e-06
GRADIENT_BOOSTED,test-healthy_sag-02,TEST,810,8.1,0,0.0007092415946077823,False,0,,8.213030018069537e-06
GRADIENT_BOOSTED,test-healthy_sag-02,TEST,820,8.2,0,0.0007092415946077823,False,0,,8.213030018069537e-06
GRADIENT_BOOSTED,test-healthy_sag-02,TEST,830,8.3,0,0.0007092415946077823,False,0,,8.213030018069537e-06
GRADIENT_BOOSTED,test-healthy_sag-02,TEST,840,8.4,0,0.0007092415946077823,False,0,,8.213030018069537e-06
GRADIENT_BOOSTED,test-healthy_sag-02,TEST,850,8.5,0,0.0007092415946077823,False,0,,8.213030018069537e-06
GRADIENT_BOOSTED,test-healthy_sag-02,TEST,860,8.6,0,0.0007092415946077823,False,0,,8.213030018069537e-06
GRADIENT_BOOSTED,test-healthy_sag-02,TEST,870,8.700000000000001,0,0.0007092415946077823,False,0,,8.213030018069537e-06
GRADIENT_BOOSTED,test-healthy_sag-02,TEST,880,8.8,0,0.0007092415946077823,False,0,,8.213030018069537e-06
GRADIENT_BOOSTED,test-healthy_sag-02,TEST,890,8.9,0,0.0007092415946077823,False,0,,8.213030018069537e-06
GRADIENT_BOOSTED,test-healthy_sag-02,TEST,900,9.0,0,0.0007092415946077823,False,0,,8.213030018069537e-06
GRADIENT_BOOSTED,test-healthy_sag-02,TEST,910,9.1,0,0.0007092415946077823,False,0,,8.213030018069537e-06
GRADIENT_BOOSTED,test-healthy_sag-02,TEST,920,9.200000000000001,0,0.0007092415946077823,False,0,,8.213030018069537e-06
GRADIENT_BOOSTED,test-healthy_sag-02,TEST,930,9.3,0,0.0007092415946077823,False,0,,8.213030018069537e-06
GRADIENT_BOOSTED,test-healthy_sag-02,TEST,940,9.4,0,0.0007092415946077823,False,0,,8.213030018069537e-06
GRADIENT_BOOSTED,test-healthy_sag-02,TEST,950,9.5,0,0.0007092415946077823,False,0,,8.213030018069537e-06
GRADIENT_BOOSTED,test-healthy_sag-02,TEST,960,9.6,0,0.0007092415946077823,False,0,,8.213030018069537e-06
GRADIENT_BOOSTED,test-healthy_sag-02,TEST,970,9.700000000000001,0,0.0007092415946077823,False,0,,8.213030018069537e-06
GRADIENT_BOOSTED,test-healthy_sag-02,TEST,980,9.8,0,0.0007092415946077823,False,0,,8.213030018069537e-06
GRADIENT_BOOSTED,test-healthy_sag-02,TEST,990,9.9,0,0.0007092415946077823,False,0,,8.213030018069537e-06
GRADIENT_BOOSTED,test-healthy_sag-02,TEST,1000,10.0,0,0.0007092415946077823,False,0,,8.213030018069537e-06
GRADIENT_BOOSTED,test-healthy_sag-02,TEST,1010,10.1,0,0.0007092415946077823,False,0,,8.213030018069537e-06
GRADIENT_BOOSTED,test-healthy_sag-02,TEST,1020,10.200000000000001,0,0.0007092415946077823,False,0,,8.213030018069537e-06
GRADIENT_BOOSTED,test-healthy_sag-02,TEST,1030,10.3,0,0.0007092415946077823,False,0,,8.213030018069537e-06
GRADIENT_BOOSTED,test-healthy_sag-02,TEST,1040,10.4,0,0.0007092415946077823,False,0,,8.213030018069537e-06
GRADIENT_BOOSTED,test-healthy_sag-02,TEST,1050,10.5,0,0.0007092415946077823,False,0,,8.213030018069537e-06
GRADIENT_BOOSTED,test-healthy_sag-02,TEST,1060,10.6,0,0.0007092415946077823,False,0,,8.213030018069537e-06
GRADIENT_BOOSTED,test-healthy_sag-02,TEST,1070,10.700000000000001,0,0.0007092415946077823,False,0,,8.213030018069537e-06
GRADIENT_BOOSTED,test-healthy_sag-02,TEST,1080,10.8,0,0.0007092415946077823,False,0,,8.213030018069537e-06
GRADIENT_BOOSTED,test-healthy_sag-02,TEST,1090,10.9,0,0.0007092415946077823,False,0,,8.213030018069537e-06
GRADIENT_BOOSTED,test-healthy_sag-02,TEST,1100,11.0,0,0.0007092415946077823,False,0,,8.213030018069537e-06
GRADIENT_BOOSTED,test-healthy_sag-02,TEST,1110,11.1,0,0.0007092415946077823,False,0,,8.213030018069537e-06
GRADIENT_BOOSTED,test-healthy_sag-02,TEST,1120,11.200000000000001,0,0.0007092415946077823,False,0,,8.213030018069537e-06
GRADIENT_BOOSTED,test-healthy_sag-02,TEST,1130,11.3,0,0.0007092415946077823,False,0,,8.213030018069537e-06
GRADIENT_BOOSTED,test-healthy_sag-02,TEST,1140,11.4,0,0.0007092415946077823,False,0,,8.213030018069537e-06
GRADIENT_BOOSTED,test-healthy_sag-02,TEST,1150,11.5,0,0.0007092415946077823,False,0,,8.213030018069537e-06
GRADIENT_BOOSTED,test-healthy_sag-02,TEST,1160,11.6,0,0.0007092415946077823,False,0,,8.213030018069537e-06
GRADIENT_BOOSTED,test-healthy_sag-02,TEST,1170,11.700000000000001,0,0.0007092415946077823,False,0,,8.213030018069537e-06
GRADIENT_BOOSTED,test-healthy_sag-02,TEST,1180,11.8,0,0.0007092415946077823,False,0,,8.213030018069537e-06
GRADIENT_BOOSTED,test-healthy_sag-02,TEST,1190,11.9,0,0.0007092415946077823,False,0,,8.213030018069537e-06
GRADIENT_BOOSTED,test-healthy_sag-02,TEST,1200,12.0,0,0.0007092415946077823,False,0,,8.213030018069537e-06
GRADIENT_BOOSTED,test-healthy_sag-02,TEST,1210,12.1,0,0.0007092415946077823,False,0,,8.213030018069537e-06
GRADIENT_BOOSTED,test-healthy_sag-02,TEST,1220,12.200000000000001,0,0.0007092415946077823,False,0,,8.213030018069537e-06
GRADIENT_BOOSTED,test-healthy_sag-02,TEST,1230,12.3,0,0.0007092415946077823,False,0,,8.213030018069537e-06
GRADIENT_BOOSTED,test-healthy_sag-02,TEST,1240,12.4,0,0.0007092415946077823,False,0,,8.213030018069537e-06
GRADIENT_BOOSTED,test-healthy_sag-02,TEST,1250,12.5,0,0.058786205539801746,False,,,8.213030018069537e-06
GRADIENT_BOOSTED,test-healthy_sag-02,TEST,1260,12.6,0,0.0007092415946077823,False,0,,8.213030018069537e-06
GRADIENT_BOOSTED,test-healthy_sag-02,TEST,1270,12.700000000000001,0,0.0007092415946077823,False,0,,8.213030018069537e-06
GRADIENT_BOOSTED,test-healthy_sag-02,TEST,1280,12.8,0,0.0007092415946077823,False,0,,8.213030018069537e-06
GRADIENT_BOOSTED,test-healthy_sag-02,TEST,1290,12.9,0,0.0007092415946077823,False,0,,8.213030018069537e-06
GRADIENT_BOOSTED,test-healthy_sag-02,TEST,1300,13.0,0,0.0007092415946077823,False,0,,8.213030018069537e-06
GRADIENT_BOOSTED,test-healthy_sag-03,TEST,430,4.3,0,0.0007092415946077823,False,0,,8.213030018069537e-06
GRADIENT_BOOSTED,test-healthy_sag-03,TEST,440,4.4,0,0.0007092415946077823,False,0,,8.213030018069537e-06
GRADIENT_BOOSTED,test-healthy_sag-03,TEST,450,4.5,0,0.0007092415946077823,False,0,,8.213030018069537e-06
GRADIENT_BOOSTED,test-healthy_sag-03,TEST,460,4.6000000000000005,0,0.0007092415946077823,False,0,,8.213030018069537e-06
GRADIENT_BOOSTED,test-healthy_sag-03,TEST,470,4.7,0,0.0007092415946077823,False,0,,8.213030018069537e-06
GRADIENT_BOOSTED,test-healthy_sag-03,TEST,480,4.8,0,0.0007092415946077823,False,0,,8.213030018069537e-06
GRADIENT_BOOSTED,test-healthy_sag-03,TEST,490,4.9,0,0.0007092415946077823,False,0,,8.213030018069537e-06
GRADIENT_BOOSTED,test-healthy_sag-03,TEST,500,5.0,0,0.0007092415946077823,False,0,,8.213030018069537e-06
GRADIENT_BOOSTED,test-healthy_sag-03,TEST,510,5.1000000000000005,0,0.0007092415946077823,False,0,,8.213030018069537e-06
GRADIENT_BOOSTED,test-healthy_sag-03,TEST,520,5.2,0,0.0007092415946077823,False,0,,8.213030018069537e-06
GRADIENT_BOOSTED,test-healthy_sag-03,TEST,530,5.3,0,0.0007092415946077823,False,0,,8.213030018069537e-06
GRADIENT_BOOSTED,test-healthy_sag-03,TEST,540,5.4,0,0.0007092415946077823,False,0,,8.213030018069537e-06
GRADIENT_BOOSTED,test-healthy_sag-03,TEST,550,5.5,0,0.0007092415946077823,False,0,,8.213030018069537e-06
GRADIENT_BOOSTED,test-healthy_sag-03,TEST,560,5.6000000000000005,0,0.0007092415946077823,False,0,,8.213030018069537e-06
GRADIENT_BOOSTED,test-healthy_sag-03,TEST,570,5.7,0,0.0007092415946077823,False,0,,8.213030018069537e-06
GRADIENT_BOOSTED,test-healthy_sag-03,TEST,580,5.8,0,0.0007092415946077823,False,0,,8.213030018069537e-06
GRADIENT_BOOSTED,test-healthy_sag-03,TEST,590,5.9,0,0.0007092415946077823,False,0,,8.213030018069537e-06
GRADIENT_BOOSTED,test-healthy_sag-03,TEST,600,6.0,0,0.0007092415946077823,False,0,,8.213030018069537e-06
GRADIENT_BOOSTED,test-healthy_sag-03,TEST,610,6.1000000000000005,0,0.0007092415946077823,False,0,,8.213030018069537e-06
GRADIENT_BOOSTED,test-healthy_sag-03,TEST,620,6.2,0,0.0007092415946077823,False,0,,8.213030018069537e-06
GRADIENT_BOOSTED,test-healthy_sag-03,TEST,630,6.3,0,0.0007092415946077823,False,0,,8.213030018069537e-06
GRADIENT_BOOSTED,test-healthy_sag-03,TEST,640,6.4,0,0.0007092415946077823,False,0,,8.213030018069537e-06
GRADIENT_BOOSTED,test-healthy_sag-03,TEST,650,6.5,0,0.0007092415946077823,False,0,,8.213030018069537e-06
GRADIENT_BOOSTED,test-healthy_sag-03,TEST,660,6.6000000000000005,0,0.0007092415946077823,False,0,,8.213030018069537e-06
GRADIENT_BOOSTED,test-healthy_sag-03,TEST,670,6.7,0,0.0007092415946077823,False,0,,8.213030018069537e-06
GRADIENT_BOOSTED,test-healthy_sag-03,TEST,680,6.8,0,0.0007092415946077823,False,0,,8.213030018069537e-06
GRADIENT_BOOSTED,test-healthy_sag-03,TEST,690,6.9,0,0.0007092415946077823,False,0,,8.213030018069537e-06
GRADIENT_BOOSTED,test-healthy_sag-03,TEST,700,7.0,0,0.0007092415946077823,False,0,,8.213030018069537e-06
GRADIENT_BOOSTED,test-healthy_sag-03,TEST,710,7.1000000000000005,0,0.0007092415946077823,False,0,,8.213030018069537e-06
GRADIENT_BOOSTED,test-healthy_sag-03,TEST,720,7.2,0,0.0007092415946077823,False,0,,8.213030018069537e-06
GRADIENT_BOOSTED,test-healthy_sag-03,TEST,730,7.3,0,0.0007092415946077823,False,0,,8.213030018069537e-06
GRADIENT_BOOSTED,test-healthy_sag-03,TEST,740,7.4,0,0.0007092415946077823,False,0,,8.213030018069537e-06
GRADIENT_BOOSTED,test-healthy_sag-03,TEST,750,7.5,0,0.0007092415946077823,False,0,,8.213030018069537e-06
GRADIENT_BOOSTED,test-healthy_sag-03,TEST,760,7.6000000000000005,0,0.0007092415946077823,False,0,,8.213030018069537e-06
GRADIENT_BOOSTED,test-healthy_sag-03,TEST,770,7.7,0,0.0007092415946077823,False,0,,8.213030018069537e-06
GRADIENT_BOOSTED,test-healthy_sag-03,TEST,780,7.8,0,0.0007092415946077823,False,0,,8.213030018069537e-06
GRADIENT_BOOSTED,test-healthy_sag-03,TEST,790,7.9,0,0.0007092415946077823,False,0,,8.213030018069537e-06
GRADIENT_BOOSTED,test-healthy_sag-03,TEST,800,8.0,0,0.0007092415946077823,False,0,,8.213030018069537e-06
GRADIENT_BOOSTED,test-healthy_sag-03,TEST,810,8.1,0,0.0007092415946077823,False,0,,8.213030018069537e-06
GRADIENT_BOOSTED,test-healthy_sag-03,TEST,820,8.2,0,0.0007092415946077823,False,0,,8.213030018069537e-06
GRADIENT_BOOSTED,test-healthy_sag-03,TEST,830,8.3,0,0.0007092415946077823,False,0,,8.213030018069537e-06
GRADIENT_BOOSTED,test-healthy_sag-03,TEST,840,8.4,0,0.0007092415946077823,False,0,,8.213030018069537e-06
GRADIENT_BOOSTED,test-healthy_sag-03,TEST,850,8.5,0,0.0007092415946077823,False,0,,8.213030018069537e-06
GRADIENT_BOOSTED,test-healthy_sag-03,TEST,860,8.6,0,0.0007092415946077823,False,0,,8.213030018069537e-06
GRADIENT_BOOSTED,test-healthy_sag-03,TEST,870,8.700000000000001,0,0.0007092415946077823,False,0,,8.213030018069537e-06
GRADIENT_BOOSTED,test-healthy_sag-03,TEST,880,8.8,0,0.0007092415946077823,False,0,,8.213030018069537e-06
GRADIENT_BOOSTED,test-healthy_sag-03,TEST,890,8.9,0,0.0007092415946077823,False,0,,8.213030018069537e-06
GRADIENT_BOOSTED,test-healthy_sag-03,TEST,900,9.0,0,0.0007092415946077823,False,0,,8.213030018069537e-06
GRADIENT_BOOSTED,test-healthy_sag-03,TEST,910,9.1,0,0.0007092415946077823,False,0,,8.213030018069537e-06
GRADIENT_BOOSTED,test-healthy_sag-03,TEST,920,9.200000000000001,0,0.0007092415946077823,False,0,,8.213030018069537e-06
GRADIENT_BOOSTED,test-healthy_sag-03,TEST,930,9.3,0,0.0007092415946077823,False,0,,8.213030018069537e-06
GRADIENT_BOOSTED,test-healthy_sag-03,TEST,940,9.4,0,0.0007092415946077823,False,0,,8.213030018069537e-06
GRADIENT_BOOSTED,test-healthy_sag-03,TEST,950,9.5,0,0.0007092415946077823,False,0,,8.213030018069537e-06
GRADIENT_BOOSTED,test-healthy_sag-03,TEST,960,9.6,0,0.0007092415946077823,False,0,,8.213030018069537e-06
GRADIENT_BOOSTED,test-healthy_sag-03,TEST,970,9.700000000000001,0,0.0007092415946077823,False,0,,8.213030018069537e-06
GRADIENT_BOOSTED,test-healthy_sag-03,TEST,980,9.8,0,0.0007092415946077823,False,0,,8.213030018069537e-06
GRADIENT_BOOSTED,test-healthy_sag-03,TEST,990,9.9,0,0.0007092415946077823,False,0,,8.213030018069537e-06
GRADIENT_BOOSTED,test-healthy_sag-03,TEST,1000,10.0,0,0.0007092415946077823,False,0,,8.213030018069537e-06
GRADIENT_BOOSTED,test-healthy_sag-03,TEST,1010,10.1,0,0.0007092415946077823,False,0,,8.213030018069537e-06
GRADIENT_BOOSTED,test-healthy_sag-03,TEST,1020,10.200000000000001,0,0.0007092415946077823,False,0,,8.213030018069537e-06
GRADIENT_BOOSTED,test-healthy_sag-03,TEST,1030,10.3,0,0.0007092415946077823,False,0,,8.213030018069537e-06
GRADIENT_BOOSTED,test-healthy_sag-03,TEST,1040,10.4,0,0.0007092415946077823,False,0,,8.213030018069537e-06
GRADIENT_BOOSTED,test-healthy_sag-03,TEST,1050,10.5,0,0.0007092415946077823,False,0,,8.213030018069537e-06
GRADIENT_BOOSTED,test-healthy_sag-03,TEST,1060,10.6,0,0.0007092415946077823,False,0,,8.213030018069537e-06
GRADIENT_BOOSTED,test-healthy_sag-03,TEST,1070,10.700000000000001,0,0.0007092415946077823,False,0,,8.213030018069537e-06
GRADIENT_BOOSTED,test-healthy_sag-03,TEST,1080,10.8,0,0.0007092415946077823,False,0,,8.213030018069537e-06
GRADIENT_BOOSTED,test-healthy_sag-03,TEST,1090,10.9,0,0.0007092415946077823,False,0,,8.213030018069537e-06
GRADIENT_BOOSTED,test-healthy_sag-03,TEST,1100,11.0,0,0.0007092415946077823,False,0,,8.213030018069537e-06
GRADIENT_BOOSTED,test-healthy_sag-03,TEST,1110,11.1,0,0.0007092415946077823,False,0,,8.213030018069537e-06
GRADIENT_BOOSTED,test-healthy_sag-03,TEST,1120,11.200000000000001,0,0.0007092415946077823,False,0,,8.213030018069537e-06
GRADIENT_BOOSTED,test-healthy_sag-03,TEST,1130,11.3,0,0.0007092415946077823,False,0,,8.213030018069537e-06
GRADIENT_BOOSTED,test-healthy_sag-03,TEST,1140,11.4,0,0.0007092415946077823,False,0,,8.213030018069537e-06
GRADIENT_BOOSTED,test-healthy_sag-03,TEST,1150,11.5,0,0.0007092415946077823,False,0,,8.213030018069537e-06
GRADIENT_BOOSTED,test-healthy_sag-03,TEST,1160,11.6,0,0.0007092415946077823,False,0,,8.213030018069537e-06
GRADIENT_BOOSTED,test-healthy_sag-03,TEST,1170,11.700000000000001,0,0.0007092415946077823,False,0,,8.213030018069537e-06
GRADIENT_BOOSTED,test-healthy_sag-03,TEST,1180,11.8,0,0.0007092415946077823,False,0,,8.213030018069537e-06
GRADIENT_BOOSTED,test-healthy_sag-03,TEST,1190,11.9,0,0.0007092415946077823,False,0,,8.213030018069537e-06
GRADIENT_BOOSTED,test-healthy_sag-03,TEST,1200,12.0,0,0.0007092415946077823,False,0,,8.213030018069537e-06
GRADIENT_BOOSTED,test-healthy_sag-03,TEST,1210,12.1,0,0.0007092415946077823,False,0,,8.213030018069537e-06
GRADIENT_BOOSTED,test-healthy_sag-03,TEST,1220,12.200000000000001,0,0.0007092415946077823,False,0,,8.213030018069537e-06
GRADIENT_BOOSTED,test-healthy_sag-03,TEST,1230,12.3,0,0.0007092415946077823,False,0,,8.213030018069537e-06
GRADIENT_BOOSTED,test-healthy_sag-03,TEST,1240,12.4,0,0.0007092415946077823,False,0,,8.213030018069537e-06
GRADIENT_BOOSTED,test-healthy_sag-03,TEST,1250,12.5,0,0.0007092415946077823,False,0,,8.213030018069537e-06
GRADIENT_BOOSTED,test-healthy_sag-03,TEST,1260,12.6,0,0.0007092415946077823,False,0,,8.213030018069537e-06
GRADIENT_BOOSTED,test-healthy_sag-03,TEST,1270,12.700000000000001,0,0.0007092415946077823,False,0,,8.213030018069537e-06
GRADIENT_BOOSTED,test-healthy_sag-03,TEST,1280,12.8,0,0.0007092415946077823,False,0,,8.213030018069537e-06
GRADIENT_BOOSTED,test-healthy_sag-03,TEST,1290,12.9,0,0.0007092415946077823,False,0,,8.213030018069537e-06
GRADIENT_BOOSTED,test-healthy_sag-03,TEST,1300,13.0,0,0.0007092415946077823,False,0,,8.213030018069537e-06
GRADIENT_BOOSTED,test-grid_interruption-00,TEST,430,4.3,0,0.0007092415946077823,False,0,,8.213030018069537e-06
GRADIENT_BOOSTED,test-grid_interruption-00,TEST,440,4.4,0,0.0007092415946077823,False,0,,8.213030018069537e-06
GRADIENT_BOOSTED,test-grid_interruption-00,TEST,450,4.5,0,0.0007092415946077823,False,0,,8.213030018069537e-06
GRADIENT_BOOSTED,test-grid_interruption-00,TEST,460,4.6000000000000005,0,0.0007092415946077823,False,0,,8.213030018069537e-06
GRADIENT_BOOSTED,test-grid_interruption-00,TEST,470,4.7,0,0.0007092415946077823,False,0,,8.213030018069537e-06
GRADIENT_BOOSTED,test-grid_interruption-00,TEST,480,4.8,0,0.0007092415946077823,False,0,,8.213030018069537e-06
GRADIENT_BOOSTED,test-grid_interruption-00,TEST,490,4.9,0,0.0007092415946077823,False,0,,8.213030018069537e-06
GRADIENT_BOOSTED,test-grid_interruption-00,TEST,500,5.0,0,0.0007092415946077823,False,0,,8.213030018069537e-06
GRADIENT_BOOSTED,test-grid_interruption-00,TEST,510,5.1000000000000005,0,0.0007092415946077823,False,0,,8.213030018069537e-06
GRADIENT_BOOSTED,test-grid_interruption-00,TEST,520,5.2,0,0.0007092415946077823,False,0,,8.213030018069537e-06
GRADIENT_BOOSTED,test-grid_interruption-00,TEST,530,5.3,0,0.0007092415946077823,False,0,,8.213030018069537e-06
GRADIENT_BOOSTED,test-grid_interruption-00,TEST,540,5.4,0,0.0007092415946077823,False,0,,8.213030018069537e-06
GRADIENT_BOOSTED,test-grid_interruption-00,TEST,550,5.5,0,0.0007092415946077823,False,0,,8.213030018069537e-06
GRADIENT_BOOSTED,test-grid_interruption-00,TEST,560,5.6000000000000005,0,0.0007092415946077823,False,0,,8.213030018069537e-06
GRADIENT_BOOSTED,test-grid_interruption-00,TEST,570,5.7,0,0.0007092415946077823,False,0,,8.213030018069537e-06
GRADIENT_BOOSTED,test-grid_interruption-00,TEST,580,5.8,0,0.0007092415946077823,False,0,,8.213030018069537e-06
GRADIENT_BOOSTED,test-grid_interruption-00,TEST,590,5.9,0,0.0007092415946077823,False,0,,8.213030018069537e-06
GRADIENT_BOOSTED,test-grid_interruption-00,TEST,600,6.0,0,0.0007092415946077823,False,0,,8.213030018069537e-06
GRADIENT_BOOSTED,test-grid_interruption-00,TEST,610,6.1000000000000005,0,0.0007092415946077823,False,0,,8.213030018069537e-06
GRADIENT_BOOSTED,test-grid_interruption-00,TEST,620,6.2,0,0.0007092415946077823,False,0,,8.213030018069537e-06
GRADIENT_BOOSTED,test-grid_interruption-00,TEST,630,6.3,0,0.0007092415946077823,False,0,,8.213030018069537e-06
GRADIENT_BOOSTED,test-grid_interruption-00,TEST,640,6.4,0,0.0007092415946077823,False,0,,8.213030018069537e-06
GRADIENT_BOOSTED,test-grid_interruption-00,TEST,650,6.5,0,0.0007092415946077823,False,0,,8.213030018069537e-06
GRADIENT_BOOSTED,test-grid_interruption-00,TEST,660,6.6000000000000005,0,0.0007092415946077823,False,0,,8.213030018069537e-06
GRADIENT_BOOSTED,test-grid_interruption-00,TEST,670,6.7,0,0.0007092415946077823,False,0,,8.213030018069537e-06
GRADIENT_BOOSTED,test-grid_interruption-00,TEST,680,6.8,0,0.0007092415946077823,False,0,,8.213030018069537e-06
GRADIENT_BOOSTED,test-grid_interruption-00,TEST,690,6.9,0,0.0007092415946077823,False,0,,8.213030018069537e-06
GRADIENT_BOOSTED,test-grid_interruption-00,TEST,700,7.0,0,0.0007092415946077823,False,0,,8.213030018069537e-06
GRADIENT_BOOSTED,test-grid_interruption-00,TEST,710,7.1000000000000005,0,0.0007092415946077823,False,0,,8.213030018069537e-06
GRADIENT_BOOSTED,test-grid_interruption-00,TEST,720,7.2,0,0.0007092415946077823,False,0,,8.213030018069537e-06
GRADIENT_BOOSTED,test-grid_interruption-00,TEST,730,7.3,0,0.0007092415946077823,False,0,,8.213030018069537e-06
GRADIENT_BOOSTED,test-grid_interruption-00,TEST,740,7.4,0,0.0007092415946077823,False,0,,8.213030018069537e-06
GRADIENT_BOOSTED,test-grid_interruption-00,TEST,750,7.5,0,0.0007092415946077823,False,0,,8.213030018069537e-06
GRADIENT_BOOSTED,test-grid_interruption-00,TEST,760,7.6000000000000005,0,0.0007092415946077823,False,0,,8.213030018069537e-06
GRADIENT_BOOSTED,test-grid_interruption-00,TEST,770,7.7,0,0.0007092415946077823,False,0,,8.213030018069537e-06
GRADIENT_BOOSTED,test-grid_interruption-00,TEST,780,7.8,0,0.0007092415946077823,False,0,,8.213030018069537e-06
GRADIENT_BOOSTED,test-grid_interruption-00,TEST,790,7.9,0,0.0007092415946077823,False,0,,8.213030018069537e-06
GRADIENT_BOOSTED,test-grid_interruption-00,TEST,800,8.0,0,0.0007092415946077823,False,0,,8.213030018069537e-06
GRADIENT_BOOSTED,test-grid_interruption-00,TEST,810,8.1,0,0.0007092415946077823,False,0,,8.213030018069537e-06
GRADIENT_BOOSTED,test-grid_interruption-00,TEST,820,8.2,0,0.0007092415946077823,False,0,,8.213030018069537e-06
GRADIENT_BOOSTED,test-grid_interruption-00,TEST,830,8.3,0,0.0007092415946077823,False,0,,8.213030018069537e-06
GRADIENT_BOOSTED,test-grid_interruption-00,TEST,840,8.4,0,0.0007092415946077823,False,0,,8.213030018069537e-06
GRADIENT_BOOSTED,test-grid_interruption-00,TEST,850,8.5,0,0.0007092415946077823,False,0,,8.213030018069537e-06
GRADIENT_BOOSTED,test-grid_interruption-00,TEST,860,8.6,0,0.0007092415946077823,False,0,,8.213030018069537e-06
GRADIENT_BOOSTED,test-grid_interruption-00,TEST,870,8.700000000000001,0,0.0007092415946077823,False,0,,8.213030018069537e-06
GRADIENT_BOOSTED,test-grid_interruption-00,TEST,880,8.8,0,0.0007092415946077823,False,0,,8.213030018069537e-06
GRADIENT_BOOSTED,test-grid_interruption-00,TEST,890,8.9,0,0.0007092415946077823,False,0,,8.213030018069537e-06
GRADIENT_BOOSTED,test-grid_interruption-00,TEST,900,9.0,0,0.0007092415946077823,False,0,,8.213030018069537e-06
GRADIENT_BOOSTED,test-grid_interruption-00,TEST,910,9.1,0,0.0007092415946077823,False,0,,8.213030018069537e-06
GRADIENT_BOOSTED,test-grid_interruption-00,TEST,920,9.200000000000001,0,0.0007092415946077823,False,0,,8.213030018069537e-06
GRADIENT_BOOSTED,test-grid_interruption-00,TEST,930,9.3,0,0.0007092415946077823,False,0,,8.213030018069537e-06
GRADIENT_BOOSTED,test-grid_interruption-00,TEST,940,9.4,0,0.0007092415946077823,False,0,,8.213030018069537e-06
GRADIENT_BOOSTED,test-grid_interruption-00,TEST,950,9.5,0,0.0007092415946077823,False,0,,8.213030018069537e-06
GRADIENT_BOOSTED,test-grid_interruption-00,TEST,960,9.6,0,0.0007092415946077823,False,0,,8.213030018069537e-06
GRADIENT_BOOSTED,test-grid_interruption-00,TEST,970,9.700000000000001,0,0.0007092415946077823,False,0,,8.213030018069537e-06
GRADIENT_BOOSTED,test-grid_interruption-00,TEST,980,9.8,0,0.0007092415946077823,False,0,,8.213030018069537e-06
GRADIENT_BOOSTED,test-grid_interruption-00,TEST,990,9.9,0,0.0007092415946077823,False,0,,8.213030018069537e-06
GRADIENT_BOOSTED,test-grid_interruption-00,TEST,1000,10.0,0,0.0007092415946077823,False,0,,8.213030018069537e-06
GRADIENT_BOOSTED,test-grid_interruption-00,TEST,1010,10.1,0,0.0007092415946077823,False,0,,8.213030018069537e-06
GRADIENT_BOOSTED,test-grid_interruption-00,TEST,1020,10.200000000000001,0,0.0007092415946077823,False,0,,8.213030018069537e-06
GRADIENT_BOOSTED,test-grid_interruption-00,TEST,1030,10.3,0,0.0007092415946077823,False,0,,8.213030018069537e-06
GRADIENT_BOOSTED,test-grid_interruption-00,TEST,1040,10.4,0,0.0007092415946077823,False,0,,8.213030018069537e-06
GRADIENT_BOOSTED,test-grid_interruption-00,TEST,1050,10.5,0,0.0007092415946077823,False,0,,8.213030018069537e-06
GRADIENT_BOOSTED,test-grid_interruption-00,TEST,1060,10.6,0,0.0007092415946077823,False,0,,8.213030018069537e-06
GRADIENT_BOOSTED,test-grid_interruption-00,TEST,1070,10.700000000000001,0,0.0007092415946077823,False,0,,8.213030018069537e-06
GRADIENT_BOOSTED,test-grid_interruption-00,TEST,1080,10.8,0,0.0007092415946077823,False,0,,8.213030018069537e-06
GRADIENT_BOOSTED,test-grid_interruption-00,TEST,1090,10.9,0,0.0007092415946077823,False,0,,8.213030018069537e-06
GRADIENT_BOOSTED,test-grid_interruption-00,TEST,1100,11.0,0,0.0007092415946077823,False,0,,8.213030018069537e-06
GRADIENT_BOOSTED,test-grid_interruption-00,TEST,1110,11.1,0,0.0007092415946077823,False,0,,8.213030018069537e-06
GRADIENT_BOOSTED,test-grid_interruption-00,TEST,1120,11.200000000000001,0,0.0007092415946077823,False,0,,8.213030018069537e-06
GRADIENT_BOOSTED,test-grid_interruption-00,TEST,1130,11.3,0,0.0007092415946077823,False,0,,8.213030018069537e-06
GRADIENT_BOOSTED,test-grid_interruption-00,TEST,1140,11.4,0,0.0007092415946077823,False,0,,8.213030018069537e-06
GRADIENT_BOOSTED,test-grid_interruption-00,TEST,1150,11.5,0,0.0007092415946077823,False,0,,8.213030018069537e-06
GRADIENT_BOOSTED,test-grid_interruption-00,TEST,1160,11.6,0,0.0007092415946077823,False,0,,8.213030018069537e-06
GRADIENT_BOOSTED,test-grid_interruption-00,TEST,1170,11.700000000000001,0,0.0007092415946077823,False,0,,8.213030018069537e-06
GRADIENT_BOOSTED,test-grid_interruption-00,TEST,1180,11.8,0,0.0007092415946077823,False,0,,8.213030018069537e-06
GRADIENT_BOOSTED,test-grid_interruption-00,TEST,1190,11.9,0,0.0007092415946077823,False,0,,8.213030018069537e-06
GRADIENT_BOOSTED,test-grid_interruption-00,TEST,1200,12.0,0,0.0007092415946077823,False,0,,8.213030018069537e-06
GRADIENT_BOOSTED,test-grid_interruption-00,TEST,1210,12.1,0,0.0007092415946077823,False,0,,8.213030018069537e-06
GRADIENT_BOOSTED,test-grid_interruption-00,TEST,1220,12.200000000000001,0,0.0007092415946077823,False,0,,8.213030018069537e-06
GRADIENT_BOOSTED,test-grid_interruption-00,TEST,1230,12.3,0,0.0007092415946077823,False,0,,8.213030018069537e-06
GRADIENT_BOOSTED,test-grid_interruption-00,TEST,1240,12.4,0,0.0007092415946077823,False,0,,8.213030018069537e-06
GRADIENT_BOOSTED,test-grid_interruption-00,TEST,1250,12.5,0,0.0007092415946077823,False,0,,8.213030018069537e-06
GRADIENT_BOOSTED,test-grid_interruption-00,TEST,1260,12.6,0,0.0007092415946077823,False,0,,8.213030018069537e-06
GRADIENT_BOOSTED,test-grid_interruption-00,TEST,1270,12.700000000000001,0,0.0007092415946077823,False,0,,8.213030018069537e-06
GRADIENT_BOOSTED,test-grid_interruption-00,TEST,1280,12.8,0,0.0007092415946077823,False,0,,8.213030018069537e-06
GRADIENT_BOOSTED,test-grid_interruption-00,TEST,1290,12.9,0,0.0007092415946077823,False,0,,8.213030018069537e-06
GRADIENT_BOOSTED,test-grid_interruption-00,TEST,1300,13.0,0,0.0007092415946077823,False,0,,8.213030018069537e-06
GRADIENT_BOOSTED,test-grid_interruption-01,TEST,430,4.3,0,0.0007092415946077823,False,0,,8.213030018069537e-06
GRADIENT_BOOSTED,test-grid_interruption-01,TEST,440,4.4,0,0.0007092415946077823,False,0,,8.213030018069537e-06
GRADIENT_BOOSTED,test-grid_interruption-01,TEST,450,4.5,0,0.0007092415946077823,False,0,,8.213030018069537e-06
GRADIENT_BOOSTED,test-grid_interruption-01,TEST,460,4.6000000000000005,0,0.0007092415946077823,False,0,,8.213030018069537e-06
GRADIENT_BOOSTED,test-grid_interruption-01,TEST,470,4.7,0,0.0007092415946077823,False,0,,8.213030018069537e-06
GRADIENT_BOOSTED,test-grid_interruption-01,TEST,480,4.8,0,0.0007092415946077823,False,0,,8.213030018069537e-06
GRADIENT_BOOSTED,test-grid_interruption-01,TEST,490,4.9,0,0.0007092415946077823,False,0,,8.213030018069537e-06
GRADIENT_BOOSTED,test-grid_interruption-01,TEST,500,5.0,0,0.0007092415946077823,False,0,,8.213030018069537e-06
GRADIENT_BOOSTED,test-grid_interruption-01,TEST,510,5.1000000000000005,0,0.0007092415946077823,False,0,,8.213030018069537e-06
GRADIENT_BOOSTED,test-grid_interruption-01,TEST,520,5.2,0,0.0007092415946077823,False,0,,8.213030018069537e-06
GRADIENT_BOOSTED,test-grid_interruption-01,TEST,530,5.3,0,0.0007092415946077823,False,0,,8.213030018069537e-06
GRADIENT_BOOSTED,test-grid_interruption-01,TEST,540,5.4,0,0.0007092415946077823,False,0,,8.213030018069537e-06
GRADIENT_BOOSTED,test-grid_interruption-01,TEST,550,5.5,0,0.0007092415946077823,False,0,,8.213030018069537e-06
GRADIENT_BOOSTED,test-grid_interruption-01,TEST,560,5.6000000000000005,0,0.0007092415946077823,False,0,,8.213030018069537e-06
GRADIENT_BOOSTED,test-grid_interruption-01,TEST,570,5.7,0,0.0007092415946077823,False,0,,8.213030018069537e-06
GRADIENT_BOOSTED,test-grid_interruption-01,TEST,580,5.8,0,0.0007092415946077823,False,0,,8.213030018069537e-06
GRADIENT_BOOSTED,test-grid_interruption-01,TEST,590,5.9,0,0.0007092415946077823,False,0,,8.213030018069537e-06
GRADIENT_BOOSTED,test-grid_interruption-01,TEST,600,6.0,0,0.0007092415946077823,False,0,,8.213030018069537e-06
GRADIENT_BOOSTED,test-grid_interruption-01,TEST,610,6.1000000000000005,0,0.0007092415946077823,False,0,,8.213030018069537e-06
GRADIENT_BOOSTED,test-grid_interruption-01,TEST,620,6.2,0,0.0007092415946077823,False,0,,8.213030018069537e-06
GRADIENT_BOOSTED,test-grid_interruption-01,TEST,630,6.3,0,0.0007092415946077823,False,0,,8.213030018069537e-06
GRADIENT_BOOSTED,test-grid_interruption-01,TEST,640,6.4,0,0.0007092415946077823,False,0,,8.213030018069537e-06
GRADIENT_BOOSTED,test-grid_interruption-01,TEST,650,6.5,0,0.0007092415946077823,False,0,,8.213030018069537e-06
GRADIENT_BOOSTED,test-grid_interruption-01,TEST,660,6.6000000000000005,0,0.0007092415946077823,False,0,,8.213030018069537e-06
GRADIENT_BOOSTED,test-grid_interruption-01,TEST,670,6.7,0,0.0007092415946077823,False,0,,8.213030018069537e-06
GRADIENT_BOOSTED,test-grid_interruption-01,TEST,680,6.8,0,0.0007092415946077823,False,0,,8.213030018069537e-06
GRADIENT_BOOSTED,test-grid_interruption-01,TEST,690,6.9,0,0.0007092415946077823,False,0,,8.213030018069537e-06
GRADIENT_BOOSTED,test-grid_interruption-01,TEST,700,7.0,0,0.0007092415946077823,False,0,,8.213030018069537e-06
GRADIENT_BOOSTED,test-grid_interruption-01,TEST,710,7.1000000000000005,0,0.0007092415946077823,False,0,,8.213030018069537e-06
GRADIENT_BOOSTED,test-grid_interruption-01,TEST,720,7.2,0,0.0007092415946077823,False,0,,8.213030018069537e-06
GRADIENT_BOOSTED,test-grid_interruption-01,TEST,730,7.3,0,0.0007092415946077823,False,0,,8.213030018069537e-06
GRADIENT_BOOSTED,test-grid_interruption-01,TEST,740,7.4,0,0.0007092415946077823,False,0,,8.213030018069537e-06
GRADIENT_BOOSTED,test-grid_interruption-01,TEST,750,7.5,0,0.0007092415946077823,False,0,,8.213030018069537e-06
GRADIENT_BOOSTED,test-grid_interruption-01,TEST,760,7.6000000000000005,0,0.0007092415946077823,False,0,,8.213030018069537e-06
GRADIENT_BOOSTED,test-grid_interruption-01,TEST,770,7.7,0,0.0007092415946077823,False,0,,8.213030018069537e-06
GRADIENT_BOOSTED,test-grid_interruption-01,TEST,780,7.8,0,0.0007092415946077823,False,0,,8.213030018069537e-06
GRADIENT_BOOSTED,test-grid_interruption-01,TEST,790,7.9,0,0.0007092415946077823,False,0,,8.213030018069537e-06
GRADIENT_BOOSTED,test-grid_interruption-01,TEST,800,8.0,0,0.0007092415946077823,False,0,,8.213030018069537e-06
GRADIENT_BOOSTED,test-grid_interruption-01,TEST,810,8.1,0,0.0007092415946077823,False,0,,8.213030018069537e-06
GRADIENT_BOOSTED,test-grid_interruption-01,TEST,820,8.2,0,0.0007092415946077823,False,0,,8.213030018069537e-06
GRADIENT_BOOSTED,test-grid_interruption-01,TEST,830,8.3,0,0.0007092415946077823,False,0,,8.213030018069537e-06
GRADIENT_BOOSTED,test-grid_interruption-01,TEST,840,8.4,0,0.0007092415946077823,False,0,,8.213030018069537e-06
GRADIENT_BOOSTED,test-grid_interruption-01,TEST,850,8.5,0,0.0007092415946077823,False,0,,8.213030018069537e-06
GRADIENT_BOOSTED,test-grid_interruption-01,TEST,860,8.6,0,0.0007092415946077823,False,0,,8.213030018069537e-06
GRADIENT_BOOSTED,test-grid_interruption-01,TEST,870,8.700000000000001,0,0.0007092415946077823,False,0,,8.213030018069537e-06
GRADIENT_BOOSTED,test-grid_interruption-01,TEST,880,8.8,0,0.0007092415946077823,False,0,,8.213030018069537e-06
GRADIENT_BOOSTED,test-grid_interruption-01,TEST,890,8.9,0,0.0007092415946077823,False,0,,8.213030018069537e-06
GRADIENT_BOOSTED,test-grid_interruption-01,TEST,900,9.0,0,0.0007092415946077823,False,0,,8.213030018069537e-06
GRADIENT_BOOSTED,test-grid_interruption-01,TEST,910,9.1,0,0.0007092415946077823,False,0,,8.213030018069537e-06
GRADIENT_BOOSTED,test-grid_interruption-01,TEST,920,9.200000000000001,0,0.0007092415946077823,False,0,,8.213030018069537e-06
GRADIENT_BOOSTED,test-grid_interruption-01,TEST,930,9.3,0,0.0007092415946077823,False,0,,8.213030018069537e-06
GRADIENT_BOOSTED,test-grid_interruption-01,TEST,940,9.4,0,0.0007092415946077823,False,0,,8.213030018069537e-06
GRADIENT_BOOSTED,test-grid_interruption-01,TEST,950,9.5,0,0.0007092415946077823,False,0,,8.213030018069537e-06
GRADIENT_BOOSTED,test-grid_interruption-01,TEST,960,9.6,0,0.0007092415946077823,False,0,,8.213030018069537e-06
GRADIENT_BOOSTED,test-grid_interruption-01,TEST,970,9.700000000000001,0,0.0007092415946077823,False,0,,8.213030018069537e-06
GRADIENT_BOOSTED,test-grid_interruption-01,TEST,980,9.8,0,0.0007092415946077823,False,0,,8.213030018069537e-06
GRADIENT_BOOSTED,test-grid_interruption-01,TEST,990,9.9,0,0.0007092415946077823,False,0,,8.213030018069537e-06
GRADIENT_BOOSTED,test-grid_interruption-01,TEST,1000,10.0,0,0.0007092415946077823,False,0,,8.213030018069537e-06
GRADIENT_BOOSTED,test-grid_interruption-01,TEST,1010,10.1,0,0.0007092415946077823,False,0,,8.213030018069537e-06
GRADIENT_BOOSTED,test-grid_interruption-01,TEST,1020,10.200000000000001,0,0.0007092415946077823,False,0,,8.213030018069537e-06
GRADIENT_BOOSTED,test-grid_interruption-01,TEST,1030,10.3,0,0.0007092415946077823,False,0,,8.213030018069537e-06
GRADIENT_BOOSTED,test-grid_interruption-01,TEST,1040,10.4,0,0.0007092415946077823,False,0,,8.213030018069537e-06
GRADIENT_BOOSTED,test-grid_interruption-01,TEST,1050,10.5,0,0.0007092415946077823,False,0,,8.213030018069537e-06
GRADIENT_BOOSTED,test-grid_interruption-01,TEST,1060,10.6,0,0.0007092415946077823,False,0,,8.213030018069537e-06
GRADIENT_BOOSTED,test-grid_interruption-01,TEST,1070,10.700000000000001,0,0.0007092415946077823,False,0,,8.213030018069537e-06
GRADIENT_BOOSTED,test-grid_interruption-01,TEST,1080,10.8,0,0.0007092415946077823,False,0,,8.213030018069537e-06
GRADIENT_BOOSTED,test-grid_interruption-01,TEST,1090,10.9,0,0.0007092415946077823,False,0,,8.213030018069537e-06
GRADIENT_BOOSTED,test-grid_interruption-01,TEST,1100,11.0,0,0.0007092415946077823,False,0,,8.213030018069537e-06
GRADIENT_BOOSTED,test-grid_interruption-01,TEST,1110,11.1,0,0.0007092415946077823,False,0,,8.213030018069537e-06
GRADIENT_BOOSTED,test-grid_interruption-01,TEST,1120,11.200000000000001,0,0.0007092415946077823,False,0,,8.213030018069537e-06
GRADIENT_BOOSTED,test-grid_interruption-01,TEST,1130,11.3,0,0.0007092415946077823,False,0,,8.213030018069537e-06
GRADIENT_BOOSTED,test-grid_interruption-01,TEST,1140,11.4,0,0.0007092415946077823,False,0,,8.213030018069537e-06
GRADIENT_BOOSTED,test-grid_interruption-01,TEST,1150,11.5,0,0.0007092415946077823,False,0,,8.213030018069537e-06
GRADIENT_BOOSTED,test-grid_interruption-01,TEST,1160,11.6,0,0.0007092415946077823,False,0,,8.213030018069537e-06
GRADIENT_BOOSTED,test-grid_interruption-01,TEST,1170,11.700000000000001,0,0.0007092415946077823,False,0,,8.213030018069537e-06
GRADIENT_BOOSTED,test-grid_interruption-01,TEST,1180,11.8,0,0.0007092415946077823,False,0,,8.213030018069537e-06
GRADIENT_BOOSTED,test-grid_interruption-01,TEST,1190,11.9,0,0.0007092415946077823,False,0,,8.213030018069537e-06
GRADIENT_BOOSTED,test-grid_interruption-01,TEST,1200,12.0,0,0.0007092415946077823,False,0,,8.213030018069537e-06
GRADIENT_BOOSTED,test-grid_interruption-01,TEST,1210,12.1,0,0.0007092415946077823,False,0,,8.213030018069537e-06
GRADIENT_BOOSTED,test-grid_interruption-01,TEST,1220,12.200000000000001,0,0.0007092415946077823,False,0,,8.213030018069537e-06
GRADIENT_BOOSTED,test-grid_interruption-01,TEST,1230,12.3,0,0.0007092415946077823,False,0,,8.213030018069537e-06
GRADIENT_BOOSTED,test-grid_interruption-01,TEST,1240,12.4,0,0.0007092415946077823,False,0,,8.213030018069537e-06
GRADIENT_BOOSTED,test-grid_interruption-01,TEST,1250,12.5,0,0.0007092415946077823,False,0,,8.213030018069537e-06
GRADIENT_BOOSTED,test-grid_interruption-01,TEST,1260,12.6,0,0.0007092415946077823,False,0,,8.213030018069537e-06
GRADIENT_BOOSTED,test-grid_interruption-01,TEST,1270,12.700000000000001,0,0.0007092415946077823,False,0,,8.213030018069537e-06
GRADIENT_BOOSTED,test-grid_interruption-01,TEST,1280,12.8,0,0.0007092415946077823,False,0,,8.213030018069537e-06
GRADIENT_BOOSTED,test-grid_interruption-01,TEST,1290,12.9,0,0.0007092415946077823,False,0,,8.213030018069537e-06
GRADIENT_BOOSTED,test-grid_interruption-01,TEST,1300,13.0,0,0.0007092415946077823,False,0,,8.213030018069537e-06
GRADIENT_BOOSTED,test-grid_interruption-02,TEST,430,4.3,0,0.019011485347538427,False,,,8.213030018069537e-06
GRADIENT_BOOSTED,test-grid_interruption-02,TEST,440,4.4,0,0.019011485347538427,False,,,8.213030018069537e-06
GRADIENT_BOOSTED,test-grid_interruption-02,TEST,450,4.5,0,0.019011485347538427,False,,,8.213030018069537e-06
GRADIENT_BOOSTED,test-grid_interruption-02,TEST,460,4.6000000000000005,0,0.019011485347538427,False,,,8.213030018069537e-06
GRADIENT_BOOSTED,test-grid_interruption-02,TEST,470,4.7,0,0.019011485347538427,False,,,8.213030018069537e-06
GRADIENT_BOOSTED,test-grid_interruption-02,TEST,480,4.8,0,0.019011485347538427,False,,,8.213030018069537e-06
GRADIENT_BOOSTED,test-grid_interruption-02,TEST,490,4.9,0,0.019011485347538427,False,,,8.213030018069537e-06
GRADIENT_BOOSTED,test-grid_interruption-02,TEST,500,5.0,0,0.019011485347538427,False,,,8.213030018069537e-06
GRADIENT_BOOSTED,test-grid_interruption-02,TEST,510,5.1000000000000005,0,0.019011485347538427,False,,,8.213030018069537e-06
GRADIENT_BOOSTED,test-grid_interruption-02,TEST,520,5.2,0,0.019011485347538427,False,,,8.213030018069537e-06
GRADIENT_BOOSTED,test-grid_interruption-02,TEST,530,5.3,0,0.019011485347538427,False,,,8.213030018069537e-06
GRADIENT_BOOSTED,test-grid_interruption-02,TEST,540,5.4,0,0.019011485347538427,False,,,8.213030018069537e-06
GRADIENT_BOOSTED,test-grid_interruption-02,TEST,550,5.5,0,0.019011485347538427,False,,,8.213030018069537e-06
GRADIENT_BOOSTED,test-grid_interruption-02,TEST,560,5.6000000000000005,0,0.019011485347538427,False,,,8.213030018069537e-06
GRADIENT_BOOSTED,test-grid_interruption-02,TEST,570,5.7,0,0.019011485347538427,False,,,8.213030018069537e-06
GRADIENT_BOOSTED,test-grid_interruption-02,TEST,580,5.8,0,0.019011485347538427,False,,,8.213030018069537e-06
GRADIENT_BOOSTED,test-grid_interruption-02,TEST,590,5.9,0,0.019011485347538427,False,,,8.213030018069537e-06
GRADIENT_BOOSTED,test-grid_interruption-02,TEST,600,6.0,0,0.019011485347538427,False,,,8.213030018069537e-06
GRADIENT_BOOSTED,test-grid_interruption-02,TEST,610,6.1000000000000005,0,0.019011485347538427,False,,,8.213030018069537e-06
GRADIENT_BOOSTED,test-grid_interruption-02,TEST,620,6.2,0,0.019011485347538427,False,,,8.213030018069537e-06
GRADIENT_BOOSTED,test-grid_interruption-02,TEST,630,6.3,0,0.019011485347538427,False,,,8.213030018069537e-06
GRADIENT_BOOSTED,test-grid_interruption-02,TEST,640,6.4,0,0.019011485347538427,False,,,8.213030018069537e-06
GRADIENT_BOOSTED,test-grid_interruption-02,TEST,650,6.5,0,0.019011485347538427,False,,,8.213030018069537e-06
GRADIENT_BOOSTED,test-grid_interruption-02,TEST,660,6.6000000000000005,0,0.019011485347538427,False,,,8.213030018069537e-06
GRADIENT_BOOSTED,test-grid_interruption-02,TEST,670,6.7,0,0.019011485347538427,False,,,8.213030018069537e-06
GRADIENT_BOOSTED,test-grid_interruption-02,TEST,680,6.8,0,0.019011485347538427,False,,,8.213030018069537e-06
GRADIENT_BOOSTED,test-grid_interruption-02,TEST,690,6.9,0,0.019011485347538427,False,,,8.213030018069537e-06
GRADIENT_BOOSTED,test-grid_interruption-02,TEST,700,7.0,0,0.0007092415946077823,False,0,,8.213030018069537e-06
GRADIENT_BOOSTED,test-grid_interruption-02,TEST,710,7.1000000000000005,0,0.0007092415946077823,False,0,,8.213030018069537e-06
GRADIENT_BOOSTED,test-grid_interruption-02,TEST,720,7.2,0,0.0007092415946077823,False,0,,8.213030018069537e-06
GRADIENT_BOOSTED,test-grid_interruption-02,TEST,730,7.3,0,0.0007092415946077823,False,0,,8.213030018069537e-06
GRADIENT_BOOSTED,test-grid_interruption-02,TEST,740,7.4,0,0.0007092415946077823,False,0,,8.213030018069537e-06
GRADIENT_BOOSTED,test-grid_interruption-02,TEST,750,7.5,0,0.0007092415946077823,False,0,,8.213030018069537e-06
GRADIENT_BOOSTED,test-grid_interruption-02,TEST,760,7.6000000000000005,0,0.0007092415946077823,False,0,,8.213030018069537e-06
GRADIENT_BOOSTED,test-grid_interruption-02,TEST,770,7.7,0,0.0007092415946077823,False,0,,8.213030018069537e-06
GRADIENT_BOOSTED,test-grid_interruption-02,TEST,780,7.8,0,0.0007092415946077823,False,0,,8.213030018069537e-06
GRADIENT_BOOSTED,test-grid_interruption-02,TEST,790,7.9,0,0.0007092415946077823,False,0,,8.213030018069537e-06
GRADIENT_BOOSTED,test-grid_interruption-02,TEST,800,8.0,0,0.0007092415946077823,False,0,,8.213030018069537e-06
GRADIENT_BOOSTED,test-grid_interruption-02,TEST,810,8.1,0,0.0007092415946077823,False,0,,8.213030018069537e-06
GRADIENT_BOOSTED,test-grid_interruption-02,TEST,820,8.2,0,0.0007092415946077823,False,0,,8.213030018069537e-06
GRADIENT_BOOSTED,test-grid_interruption-02,TEST,830,8.3,0,0.0007092415946077823,False,0,,8.213030018069537e-06
GRADIENT_BOOSTED,test-grid_interruption-02,TEST,840,8.4,0,0.0007092415946077823,False,0,,8.213030018069537e-06
GRADIENT_BOOSTED,test-grid_interruption-02,TEST,850,8.5,0,0.0007092415946077823,False,0,,8.213030018069537e-06
GRADIENT_BOOSTED,test-grid_interruption-02,TEST,860,8.6,0,0.0007092415946077823,False,0,,8.213030018069537e-06
GRADIENT_BOOSTED,test-grid_interruption-02,TEST,870,8.700000000000001,0,0.0007092415946077823,False,0,,8.213030018069537e-06
GRADIENT_BOOSTED,test-grid_interruption-02,TEST,880,8.8,0,0.0007092415946077823,False,0,,8.213030018069537e-06
GRADIENT_BOOSTED,test-grid_interruption-02,TEST,890,8.9,0,0.0007092415946077823,False,0,,8.213030018069537e-06
GRADIENT_BOOSTED,test-grid_interruption-02,TEST,900,9.0,0,0.0007092415946077823,False,0,,8.213030018069537e-06
GRADIENT_BOOSTED,test-grid_interruption-02,TEST,910,9.1,0,0.0007092415946077823,False,0,,8.213030018069537e-06
GRADIENT_BOOSTED,test-grid_interruption-02,TEST,920,9.200000000000001,0,0.0007092415946077823,False,0,,8.213030018069537e-06
GRADIENT_BOOSTED,test-grid_interruption-02,TEST,930,9.3,0,0.0007092415946077823,False,0,,8.213030018069537e-06
GRADIENT_BOOSTED,test-grid_interruption-02,TEST,940,9.4,0,0.0007092415946077823,False,0,,8.213030018069537e-06
GRADIENT_BOOSTED,test-grid_interruption-02,TEST,950,9.5,0,0.0007092415946077823,False,0,,8.213030018069537e-06
GRADIENT_BOOSTED,test-grid_interruption-02,TEST,960,9.6,0,0.0007092415946077823,False,0,,8.213030018069537e-06
GRADIENT_BOOSTED,test-grid_interruption-02,TEST,970,9.700000000000001,0,0.0007092415946077823,False,0,,8.213030018069537e-06
GRADIENT_BOOSTED,test-grid_interruption-02,TEST,980,9.8,0,0.0007092415946077823,False,0,,8.213030018069537e-06
GRADIENT_BOOSTED,test-grid_interruption-02,TEST,990,9.9,0,0.0007092415946077823,False,0,,8.213030018069537e-06
GRADIENT_BOOSTED,test-grid_interruption-02,TEST,1000,10.0,0,0.0007092415946077823,False,0,,8.213030018069537e-06
GRADIENT_BOOSTED,test-grid_interruption-02,TEST,1010,10.1,0,0.0007092415946077823,False,0,,8.213030018069537e-06
GRADIENT_BOOSTED,test-grid_interruption-02,TEST,1020,10.200000000000001,0,0.0007092415946077823,False,0,,8.213030018069537e-06
GRADIENT_BOOSTED,test-grid_interruption-02,TEST,1030,10.3,0,0.0007092415946077823,False,0,,8.213030018069537e-06
GRADIENT_BOOSTED,test-grid_interruption-02,TEST,1040,10.4,0,0.0007092415946077823,False,0,,8.213030018069537e-06
GRADIENT_BOOSTED,test-grid_interruption-02,TEST,1050,10.5,0,0.0007092415946077823,False,0,,8.213030018069537e-06
GRADIENT_BOOSTED,test-grid_interruption-02,TEST,1060,10.6,0,0.0007092415946077823,False,0,,8.213030018069537e-06
GRADIENT_BOOSTED,test-grid_interruption-02,TEST,1070,10.700000000000001,0,0.0007092415946077823,False,0,,8.213030018069537e-06
GRADIENT_BOOSTED,test-grid_interruption-02,TEST,1080,10.8,0,0.0007092415946077823,False,0,,8.213030018069537e-06
GRADIENT_BOOSTED,test-grid_interruption-02,TEST,1090,10.9,0,0.0007092415946077823,False,0,,8.213030018069537e-06
GRADIENT_BOOSTED,test-grid_interruption-02,TEST,1100,11.0,0,0.0007092415946077823,False,0,,8.213030018069537e-06
GRADIENT_BOOSTED,test-grid_interruption-02,TEST,1110,11.1,0,0.0007092415946077823,False,0,,8.213030018069537e-06
GRADIENT_BOOSTED,test-grid_interruption-02,TEST,1120,11.200000000000001,0,0.0007092415946077823,False,0,,8.213030018069537e-06
GRADIENT_BOOSTED,test-grid_interruption-02,TEST,1130,11.3,0,0.0007092415946077823,False,0,,8.213030018069537e-06
GRADIENT_BOOSTED,test-grid_interruption-02,TEST,1140,11.4,0,0.0007092415946077823,False,0,,8.213030018069537e-06
GRADIENT_BOOSTED,test-grid_interruption-02,TEST,1150,11.5,0,0.0007092415946077823,False,0,,8.213030018069537e-06
GRADIENT_BOOSTED,test-grid_interruption-02,TEST,1160,11.6,0,0.0007092415946077823,False,0,,8.213030018069537e-06
GRADIENT_BOOSTED,test-grid_interruption-02,TEST,1170,11.700000000000001,0,0.0007092415946077823,False,0,,8.213030018069537e-06
GRADIENT_BOOSTED,test-grid_interruption-02,TEST,1180,11.8,0,0.0007092415946077823,False,0,,8.213030018069537e-06
GRADIENT_BOOSTED,test-grid_interruption-02,TEST,1190,11.9,0,0.0007092415946077823,False,0,,8.213030018069537e-06
GRADIENT_BOOSTED,test-grid_interruption-02,TEST,1200,12.0,0,0.0007092415946077823,False,0,,8.213030018069537e-06
GRADIENT_BOOSTED,test-grid_interruption-02,TEST,1210,12.1,0,0.0007092415946077823,False,0,,8.213030018069537e-06
GRADIENT_BOOSTED,test-grid_interruption-02,TEST,1220,12.200000000000001,0,0.0007092415946077823,False,0,,8.213030018069537e-06
GRADIENT_BOOSTED,test-grid_interruption-02,TEST,1230,12.3,0,0.0007092415946077823,False,0,,8.213030018069537e-06
GRADIENT_BOOSTED,test-grid_interruption-02,TEST,1240,12.4,0,0.0007092415946077823,False,0,,8.213030018069537e-06
GRADIENT_BOOSTED,test-grid_interruption-02,TEST,1250,12.5,0,0.0007092415946077823,False,0,,8.213030018069537e-06
GRADIENT_BOOSTED,test-grid_interruption-02,TEST,1260,12.6,0,0.0007092415946077823,False,0,,8.213030018069537e-06
GRADIENT_BOOSTED,test-grid_interruption-02,TEST,1270,12.700000000000001,0,0.0007092415946077823,False,0,,8.213030018069537e-06
GRADIENT_BOOSTED,test-grid_interruption-02,TEST,1280,12.8,0,0.0007092415946077823,False,0,,8.213030018069537e-06
GRADIENT_BOOSTED,test-grid_interruption-02,TEST,1290,12.9,0,0.0007092415946077823,False,0,,8.213030018069537e-06
GRADIENT_BOOSTED,test-grid_interruption-02,TEST,1300,13.0,0,0.0007092415946077823,False,0,,8.213030018069537e-06
GRADIENT_BOOSTED,test-grid_interruption-03,TEST,430,4.3,1,0.9496750928678782,True,,7.01,8.213030018069537e-06
GRADIENT_BOOSTED,test-grid_interruption-03,TEST,440,4.4,1,0.9496750928678782,True,,7.01,8.213030018069537e-06
GRADIENT_BOOSTED,test-grid_interruption-03,TEST,450,4.5,1,0.9496750928678782,True,,7.01,8.213030018069537e-06
GRADIENT_BOOSTED,test-grid_interruption-03,TEST,460,4.6000000000000005,1,0.9496750928678782,True,,7.01,8.213030018069537e-06
GRADIENT_BOOSTED,test-grid_interruption-03,TEST,470,4.7,1,0.9496750928678782,True,,7.01,8.213030018069537e-06
GRADIENT_BOOSTED,test-grid_interruption-03,TEST,480,4.8,1,0.9496750928678782,True,,7.01,8.213030018069537e-06
GRADIENT_BOOSTED,test-grid_interruption-03,TEST,490,4.9,1,0.9496750928678782,True,,7.01,8.213030018069537e-06
GRADIENT_BOOSTED,test-grid_interruption-03,TEST,500,5.0,1,0.9496750928678782,True,,7.01,8.213030018069537e-06
GRADIENT_BOOSTED,test-grid_interruption-03,TEST,510,5.1000000000000005,1,0.9496750928678782,True,,7.01,8.213030018069537e-06
GRADIENT_BOOSTED,test-grid_interruption-03,TEST,520,5.2,1,0.9496750928678782,True,,7.01,8.213030018069537e-06
GRADIENT_BOOSTED,test-grid_interruption-03,TEST,530,5.3,1,0.9496750928678782,True,,7.01,8.213030018069537e-06
GRADIENT_BOOSTED,test-grid_interruption-03,TEST,540,5.4,1,0.9496750928678782,True,,7.01,8.213030018069537e-06
GRADIENT_BOOSTED,test-grid_interruption-03,TEST,550,5.5,1,0.9496750928678782,True,,7.01,8.213030018069537e-06
GRADIENT_BOOSTED,test-grid_interruption-03,TEST,560,5.6000000000000005,1,0.9496750928678782,True,,7.01,8.213030018069537e-06
GRADIENT_BOOSTED,test-grid_interruption-03,TEST,570,5.7,1,0.9496750928678782,True,,7.01,8.213030018069537e-06
GRADIENT_BOOSTED,test-grid_interruption-03,TEST,580,5.8,1,0.9496750928678782,True,,7.01,8.213030018069537e-06
GRADIENT_BOOSTED,test-grid_interruption-03,TEST,590,5.9,1,0.9496750928678782,True,,7.01,8.213030018069537e-06
GRADIENT_BOOSTED,test-grid_interruption-03,TEST,600,6.0,1,0.9496750928678782,True,,7.01,8.213030018069537e-06
GRADIENT_BOOSTED,test-grid_interruption-03,TEST,610,6.1000000000000005,1,0.9496750928678782,True,,7.01,8.213030018069537e-06
GRADIENT_BOOSTED,test-grid_interruption-03,TEST,620,6.2,1,0.9496750928678782,True,,7.01,8.213030018069537e-06
GRADIENT_BOOSTED,test-grid_interruption-03,TEST,630,6.3,1,0.9496750928678782,True,,7.01,8.213030018069537e-06
GRADIENT_BOOSTED,test-grid_interruption-03,TEST,640,6.4,1,0.9496750928678782,True,,7.01,8.213030018069537e-06
GRADIENT_BOOSTED,test-grid_interruption-03,TEST,650,6.5,1,0.9496750928678782,True,,7.01,8.213030018069537e-06
GRADIENT_BOOSTED,test-grid_interruption-03,TEST,660,6.6000000000000005,1,0.9496750928678782,True,,7.01,8.213030018069537e-06
GRADIENT_BOOSTED,test-grid_interruption-03,TEST,670,6.7,1,0.9496750928678782,True,,7.01,8.213030018069537e-06
GRADIENT_BOOSTED,test-grid_interruption-03,TEST,680,6.8,1,0.9496750928678782,True,,7.01,8.213030018069537e-06
GRADIENT_BOOSTED,test-grid_interruption-03,TEST,690,6.9,1,0.9496750928678782,True,,7.01,8.213030018069537e-06
GRADIENT_BOOSTED,test-grid_interruption-03,TEST,700,7.0,1,0.9496750928678782,True,,7.01,8.213030018069537e-06
GRADIENT_BOOSTED,test-pump_trip-00,TEST,430,4.3,0,0.0007092415946077823,False,0,,8.213030018069537e-06
GRADIENT_BOOSTED,test-pump_trip-00,TEST,440,4.4,0,0.0007092415946077823,False,0,,8.213030018069537e-06
GRADIENT_BOOSTED,test-pump_trip-00,TEST,450,4.5,0,0.0007092415946077823,False,0,,8.213030018069537e-06
GRADIENT_BOOSTED,test-pump_trip-00,TEST,460,4.6000000000000005,0,0.0007092415946077823,False,0,,8.213030018069537e-06
GRADIENT_BOOSTED,test-pump_trip-00,TEST,470,4.7,0,0.0007092415946077823,False,0,,8.213030018069537e-06
GRADIENT_BOOSTED,test-pump_trip-00,TEST,480,4.8,0,0.0007092415946077823,False,0,,8.213030018069537e-06
GRADIENT_BOOSTED,test-pump_trip-00,TEST,490,4.9,0,0.0007092415946077823,False,0,,8.213030018069537e-06
GRADIENT_BOOSTED,test-pump_trip-00,TEST,500,5.0,0,0.0007092415946077823,False,0,,8.213030018069537e-06
GRADIENT_BOOSTED,test-pump_trip-00,TEST,510,5.1000000000000005,0,0.0007092415946077823,False,0,,8.213030018069537e-06
GRADIENT_BOOSTED,test-pump_trip-00,TEST,520,5.2,0,0.0007092415946077823,False,0,,8.213030018069537e-06
GRADIENT_BOOSTED,test-pump_trip-00,TEST,530,5.3,0,0.0007092415946077823,False,0,,8.213030018069537e-06
GRADIENT_BOOSTED,test-pump_trip-00,TEST,540,5.4,0,0.0007092415946077823,False,0,,8.213030018069537e-06
GRADIENT_BOOSTED,test-pump_trip-00,TEST,550,5.5,0,0.0007092415946077823,False,0,,8.213030018069537e-06
GRADIENT_BOOSTED,test-pump_trip-00,TEST,560,5.6000000000000005,0,0.0007092415946077823,False,0,,8.213030018069537e-06
GRADIENT_BOOSTED,test-pump_trip-00,TEST,570,5.7,0,0.0007092415946077823,False,0,,8.213030018069537e-06
GRADIENT_BOOSTED,test-pump_trip-00,TEST,580,5.8,0,0.0007092415946077823,False,0,,8.213030018069537e-06
GRADIENT_BOOSTED,test-pump_trip-00,TEST,590,5.9,0,0.0007092415946077823,False,0,,8.213030018069537e-06
GRADIENT_BOOSTED,test-pump_trip-00,TEST,600,6.0,0,0.0007092415946077823,False,0,,8.213030018069537e-06
GRADIENT_BOOSTED,test-pump_trip-00,TEST,610,6.1000000000000005,0,0.0007092415946077823,False,0,,8.213030018069537e-06
GRADIENT_BOOSTED,test-pump_trip-00,TEST,620,6.2,0,0.0007092415946077823,False,0,,8.213030018069537e-06
GRADIENT_BOOSTED,test-pump_trip-00,TEST,630,6.3,0,0.0007092415946077823,False,0,,8.213030018069537e-06
GRADIENT_BOOSTED,test-pump_trip-00,TEST,640,6.4,0,0.0007092415946077823,False,0,,8.213030018069537e-06
GRADIENT_BOOSTED,test-pump_trip-00,TEST,650,6.5,0,0.0007092415946077823,False,0,,8.213030018069537e-06
GRADIENT_BOOSTED,test-pump_trip-00,TEST,660,6.6000000000000005,0,0.0007092415946077823,False,0,,8.213030018069537e-06
GRADIENT_BOOSTED,test-pump_trip-00,TEST,670,6.7,0,0.0007092415946077823,False,0,,8.213030018069537e-06
GRADIENT_BOOSTED,test-pump_trip-00,TEST,680,6.8,0,0.0007092415946077823,False,0,,8.213030018069537e-06
GRADIENT_BOOSTED,test-pump_trip-00,TEST,690,6.9,0,0.0007092415946077823,False,0,,8.213030018069537e-06
GRADIENT_BOOSTED,test-pump_trip-00,TEST,700,7.0,0,0.0007092415946077823,False,0,,8.213030018069537e-06
GRADIENT_BOOSTED,test-pump_trip-00,TEST,710,7.1000000000000005,0,0.0007092415946077823,False,0,,8.213030018069537e-06
GRADIENT_BOOSTED,test-pump_trip-00,TEST,720,7.2,0,0.0007092415946077823,False,0,,8.213030018069537e-06
GRADIENT_BOOSTED,test-pump_trip-00,TEST,730,7.3,0,0.0007092415946077823,False,0,,8.213030018069537e-06
GRADIENT_BOOSTED,test-pump_trip-00,TEST,740,7.4,0,0.0007092415946077823,False,0,,8.213030018069537e-06
GRADIENT_BOOSTED,test-pump_trip-00,TEST,750,7.5,0,0.0007092415946077823,False,0,,8.213030018069537e-06
GRADIENT_BOOSTED,test-pump_trip-00,TEST,760,7.6000000000000005,0,0.0007092415946077823,False,0,,8.213030018069537e-06
GRADIENT_BOOSTED,test-pump_trip-00,TEST,770,7.7,0,0.0007092415946077823,False,0,,8.213030018069537e-06
GRADIENT_BOOSTED,test-pump_trip-00,TEST,780,7.8,0,0.0007092415946077823,False,0,,8.213030018069537e-06
GRADIENT_BOOSTED,test-pump_trip-00,TEST,790,7.9,0,0.0007092415946077823,False,0,,8.213030018069537e-06
GRADIENT_BOOSTED,test-pump_trip-00,TEST,800,8.0,0,0.0007092415946077823,False,0,,8.213030018069537e-06
GRADIENT_BOOSTED,test-pump_trip-00,TEST,810,8.1,0,0.0007092415946077823,False,0,,8.213030018069537e-06
GRADIENT_BOOSTED,test-pump_trip-00,TEST,820,8.2,0,0.0007092415946077823,False,0,,8.213030018069537e-06
GRADIENT_BOOSTED,test-pump_trip-00,TEST,830,8.3,0,0.0007092415946077823,False,0,,8.213030018069537e-06
GRADIENT_BOOSTED,test-pump_trip-00,TEST,840,8.4,0,0.0007092415946077823,False,0,,8.213030018069537e-06
GRADIENT_BOOSTED,test-pump_trip-00,TEST,850,8.5,0,0.0007092415946077823,False,0,,8.213030018069537e-06
GRADIENT_BOOSTED,test-pump_trip-00,TEST,860,8.6,0,0.0007092415946077823,False,0,,8.213030018069537e-06
GRADIENT_BOOSTED,test-pump_trip-00,TEST,870,8.700000000000001,0,0.0007092415946077823,False,0,,8.213030018069537e-06
GRADIENT_BOOSTED,test-pump_trip-00,TEST,880,8.8,0,0.0007092415946077823,False,0,,8.213030018069537e-06
GRADIENT_BOOSTED,test-pump_trip-00,TEST,890,8.9,0,0.0007092415946077823,False,0,,8.213030018069537e-06
GRADIENT_BOOSTED,test-pump_trip-00,TEST,900,9.0,0,0.0007092415946077823,False,0,,8.213030018069537e-06
GRADIENT_BOOSTED,test-pump_trip-00,TEST,910,9.1,0,0.0007092415946077823,False,0,,8.213030018069537e-06
GRADIENT_BOOSTED,test-pump_trip-00,TEST,920,9.200000000000001,0,0.0007092415946077823,False,0,,8.213030018069537e-06
GRADIENT_BOOSTED,test-pump_trip-00,TEST,930,9.3,0,0.019011485347538427,False,,,8.213030018069537e-06
GRADIENT_BOOSTED,test-pump_trip-00,TEST,940,9.4,0,0.0007092415946077823,False,0,,8.213030018069537e-06
GRADIENT_BOOSTED,test-pump_trip-00,TEST,950,9.5,0,0.0007092415946077823,False,0,,8.213030018069537e-06
GRADIENT_BOOSTED,test-pump_trip-00,TEST,960,9.6,0,0.0007092415946077823,False,0,,8.213030018069537e-06
GRADIENT_BOOSTED,test-pump_trip-00,TEST,970,9.700000000000001,0,0.0007092415946077823,False,0,,8.213030018069537e-06
GRADIENT_BOOSTED,test-pump_trip-00,TEST,980,9.8,0,0.0007092415946077823,False,0,,8.213030018069537e-06
GRADIENT_BOOSTED,test-pump_trip-00,TEST,990,9.9,0,0.0007092415946077823,False,0,,8.213030018069537e-06
GRADIENT_BOOSTED,test-pump_trip-00,TEST,1000,10.0,0,0.0007092415946077823,False,0,,8.213030018069537e-06
GRADIENT_BOOSTED,test-pump_trip-00,TEST,1010,10.1,0,0.0007092415946077823,False,0,,8.213030018069537e-06
GRADIENT_BOOSTED,test-pump_trip-00,TEST,1020,10.200000000000001,0,0.0007092415946077823,False,0,,8.213030018069537e-06
GRADIENT_BOOSTED,test-pump_trip-00,TEST,1030,10.3,0,0.0007092415946077823,False,0,,8.213030018069537e-06
GRADIENT_BOOSTED,test-pump_trip-00,TEST,1040,10.4,0,0.0007092415946077823,False,0,,8.213030018069537e-06
GRADIENT_BOOSTED,test-pump_trip-00,TEST,1050,10.5,0,0.0007092415946077823,False,0,,8.213030018069537e-06
GRADIENT_BOOSTED,test-pump_trip-00,TEST,1060,10.6,0,0.0007092415946077823,False,0,,8.213030018069537e-06
GRADIENT_BOOSTED,test-pump_trip-00,TEST,1070,10.700000000000001,0,0.0007092415946077823,False,0,,8.213030018069537e-06
GRADIENT_BOOSTED,test-pump_trip-00,TEST,1080,10.8,0,0.0007092415946077823,False,0,,8.213030018069537e-06
GRADIENT_BOOSTED,test-pump_trip-00,TEST,1090,10.9,0,0.0007092415946077823,False,0,,8.213030018069537e-06
GRADIENT_BOOSTED,test-pump_trip-00,TEST,1100,11.0,0,0.0007092415946077823,False,0,,8.213030018069537e-06
GRADIENT_BOOSTED,test-pump_trip-00,TEST,1110,11.1,0,0.0007092415946077823,False,0,,8.213030018069537e-06
GRADIENT_BOOSTED,test-pump_trip-00,TEST,1120,11.200000000000001,0,0.0007092415946077823,False,0,,8.213030018069537e-06
GRADIENT_BOOSTED,test-pump_trip-00,TEST,1130,11.3,0,0.0007092415946077823,False,0,,8.213030018069537e-06
GRADIENT_BOOSTED,test-pump_trip-00,TEST,1140,11.4,0,0.0007092415946077823,False,0,,8.213030018069537e-06
GRADIENT_BOOSTED,test-pump_trip-00,TEST,1150,11.5,0,0.0007092415946077823,False,0,,8.213030018069537e-06
GRADIENT_BOOSTED,test-pump_trip-00,TEST,1160,11.6,0,0.0007092415946077823,False,0,,8.213030018069537e-06
GRADIENT_BOOSTED,test-pump_trip-00,TEST,1170,11.700000000000001,0,0.0007092415946077823,False,0,,8.213030018069537e-06
GRADIENT_BOOSTED,test-pump_trip-00,TEST,1180,11.8,0,0.0007092415946077823,False,0,,8.213030018069537e-06
GRADIENT_BOOSTED,test-pump_trip-00,TEST,1190,11.9,0,0.0007092415946077823,False,0,,8.213030018069537e-06
GRADIENT_BOOSTED,test-pump_trip-00,TEST,1200,12.0,0,0.0007092415946077823,False,0,,8.213030018069537e-06
GRADIENT_BOOSTED,test-pump_trip-00,TEST,1210,12.1,0,0.0007092415946077823,False,0,,8.213030018069537e-06
GRADIENT_BOOSTED,test-pump_trip-00,TEST,1220,12.200000000000001,0,0.0007092415946077823,False,0,,8.213030018069537e-06
GRADIENT_BOOSTED,test-pump_trip-00,TEST,1230,12.3,0,0.0007092415946077823,False,0,,8.213030018069537e-06
GRADIENT_BOOSTED,test-pump_trip-00,TEST,1240,12.4,0,0.0007092415946077823,False,0,,8.213030018069537e-06
GRADIENT_BOOSTED,test-pump_trip-00,TEST,1250,12.5,0,0.0007092415946077823,False,0,,8.213030018069537e-06
GRADIENT_BOOSTED,test-pump_trip-00,TEST,1260,12.6,0,0.0007092415946077823,False,0,,8.213030018069537e-06
GRADIENT_BOOSTED,test-pump_trip-00,TEST,1270,12.700000000000001,0,0.0007092415946077823,False,0,,8.213030018069537e-06
GRADIENT_BOOSTED,test-pump_trip-00,TEST,1280,12.8,0,0.0007092415946077823,False,0,,8.213030018069537e-06
GRADIENT_BOOSTED,test-pump_trip-00,TEST,1290,12.9,0,0.0007092415946077823,False,0,,8.213030018069537e-06
GRADIENT_BOOSTED,test-pump_trip-00,TEST,1300,13.0,0,0.0007092415946077823,False,0,,8.213030018069537e-06
GRADIENT_BOOSTED,test-pump_trip-01,TEST,430,4.3,0,0.019011485347538427,False,,,8.213030018069537e-06
GRADIENT_BOOSTED,test-pump_trip-01,TEST,440,4.4,0,0.019011485347538427,False,,,8.213030018069537e-06
GRADIENT_BOOSTED,test-pump_trip-01,TEST,450,4.5,0,0.019011485347538427,False,,,8.213030018069537e-06
GRADIENT_BOOSTED,test-pump_trip-01,TEST,460,4.6000000000000005,0,0.019011485347538427,False,,,8.213030018069537e-06
GRADIENT_BOOSTED,test-pump_trip-01,TEST,470,4.7,0,0.019011485347538427,False,,,8.213030018069537e-06
GRADIENT_BOOSTED,test-pump_trip-01,TEST,480,4.8,0,0.019011485347538427,False,,,8.213030018069537e-06
GRADIENT_BOOSTED,test-pump_trip-01,TEST,490,4.9,0,0.019011485347538427,False,,,8.213030018069537e-06
GRADIENT_BOOSTED,test-pump_trip-01,TEST,500,5.0,0,0.019011485347538427,False,,,8.213030018069537e-06
GRADIENT_BOOSTED,test-pump_trip-01,TEST,510,5.1000000000000005,0,0.019011485347538427,False,,,8.213030018069537e-06
GRADIENT_BOOSTED,test-pump_trip-01,TEST,520,5.2,0,0.019011485347538427,False,,,8.213030018069537e-06
GRADIENT_BOOSTED,test-pump_trip-01,TEST,530,5.3,0,0.019011485347538427,False,,,8.213030018069537e-06
GRADIENT_BOOSTED,test-pump_trip-01,TEST,540,5.4,0,0.019011485347538427,False,,,8.213030018069537e-06
GRADIENT_BOOSTED,test-pump_trip-01,TEST,550,5.5,0,0.019011485347538427,False,,,8.213030018069537e-06
GRADIENT_BOOSTED,test-pump_trip-01,TEST,560,5.6000000000000005,0,0.019011485347538427,False,,,8.213030018069537e-06
GRADIENT_BOOSTED,test-pump_trip-01,TEST,570,5.7,0,0.0007092415946077823,False,0,,8.213030018069537e-06
GRADIENT_BOOSTED,test-pump_trip-01,TEST,580,5.8,0,0.0007092415946077823,False,0,,8.213030018069537e-06
GRADIENT_BOOSTED,test-pump_trip-01,TEST,590,5.9,0,0.0007092415946077823,False,0,,8.213030018069537e-06
GRADIENT_BOOSTED,test-pump_trip-01,TEST,600,6.0,0,0.0007092415946077823,False,0,,8.213030018069537e-06
GRADIENT_BOOSTED,test-pump_trip-01,TEST,610,6.1000000000000005,0,0.0007092415946077823,False,0,,8.213030018069537e-06
GRADIENT_BOOSTED,test-pump_trip-01,TEST,620,6.2,0,0.0007092415946077823,False,0,,8.213030018069537e-06
GRADIENT_BOOSTED,test-pump_trip-01,TEST,630,6.3,0,0.0007092415946077823,False,0,,8.213030018069537e-06
GRADIENT_BOOSTED,test-pump_trip-01,TEST,640,6.4,0,0.0007092415946077823,False,0,,8.213030018069537e-06
GRADIENT_BOOSTED,test-pump_trip-01,TEST,650,6.5,0,0.0007092415946077823,False,0,,8.213030018069537e-06
GRADIENT_BOOSTED,test-pump_trip-01,TEST,660,6.6000000000000005,0,0.0007092415946077823,False,0,,8.213030018069537e-06
GRADIENT_BOOSTED,test-pump_trip-01,TEST,670,6.7,0,0.0007092415946077823,False,0,,8.213030018069537e-06
GRADIENT_BOOSTED,test-pump_trip-01,TEST,680,6.8,0,0.0007092415946077823,False,0,,8.213030018069537e-06
GRADIENT_BOOSTED,test-pump_trip-01,TEST,690,6.9,0,0.0007092415946077823,False,0,,8.213030018069537e-06
GRADIENT_BOOSTED,test-pump_trip-01,TEST,700,7.0,0,0.0007092415946077823,False,0,,8.213030018069537e-06
GRADIENT_BOOSTED,test-pump_trip-01,TEST,710,7.1000000000000005,0,0.0007092415946077823,False,0,,8.213030018069537e-06
GRADIENT_BOOSTED,test-pump_trip-01,TEST,720,7.2,0,0.0007092415946077823,False,0,,8.213030018069537e-06
GRADIENT_BOOSTED,test-pump_trip-01,TEST,730,7.3,0,0.0007092415946077823,False,0,,8.213030018069537e-06
GRADIENT_BOOSTED,test-pump_trip-01,TEST,740,7.4,0,0.0007092415946077823,False,0,,8.213030018069537e-06
GRADIENT_BOOSTED,test-pump_trip-01,TEST,750,7.5,0,0.0007092415946077823,False,0,,8.213030018069537e-06
GRADIENT_BOOSTED,test-pump_trip-01,TEST,760,7.6000000000000005,0,0.0007092415946077823,False,0,,8.213030018069537e-06
GRADIENT_BOOSTED,test-pump_trip-01,TEST,770,7.7,0,0.0007092415946077823,False,0,,8.213030018069537e-06
GRADIENT_BOOSTED,test-pump_trip-01,TEST,780,7.8,0,0.0007092415946077823,False,0,,8.213030018069537e-06
GRADIENT_BOOSTED,test-pump_trip-01,TEST,790,7.9,0,0.0007092415946077823,False,0,,8.213030018069537e-06
GRADIENT_BOOSTED,test-pump_trip-01,TEST,800,8.0,0,0.0007092415946077823,False,0,,8.213030018069537e-06
GRADIENT_BOOSTED,test-pump_trip-01,TEST,810,8.1,0,0.0007092415946077823,False,0,,8.213030018069537e-06
GRADIENT_BOOSTED,test-pump_trip-01,TEST,820,8.2,0,0.0007092415946077823,False,0,,8.213030018069537e-06
GRADIENT_BOOSTED,test-pump_trip-01,TEST,830,8.3,0,0.0007092415946077823,False,0,,8.213030018069537e-06
GRADIENT_BOOSTED,test-pump_trip-01,TEST,840,8.4,0,0.0007092415946077823,False,0,,8.213030018069537e-06
GRADIENT_BOOSTED,test-pump_trip-01,TEST,850,8.5,0,0.0007092415946077823,False,0,,8.213030018069537e-06
GRADIENT_BOOSTED,test-pump_trip-01,TEST,860,8.6,0,0.0007092415946077823,False,0,,8.213030018069537e-06
GRADIENT_BOOSTED,test-pump_trip-01,TEST,870,8.700000000000001,0,0.0007092415946077823,False,0,,8.213030018069537e-06
GRADIENT_BOOSTED,test-pump_trip-01,TEST,880,8.8,0,0.0007092415946077823,False,0,,8.213030018069537e-06
GRADIENT_BOOSTED,test-pump_trip-01,TEST,890,8.9,0,0.0007092415946077823,False,0,,8.213030018069537e-06
GRADIENT_BOOSTED,test-pump_trip-01,TEST,900,9.0,0,0.0007092415946077823,False,0,,8.213030018069537e-06
GRADIENT_BOOSTED,test-pump_trip-01,TEST,910,9.1,0,0.0007092415946077823,False,0,,8.213030018069537e-06
GRADIENT_BOOSTED,test-pump_trip-01,TEST,920,9.200000000000001,0,0.0007092415946077823,False,0,,8.213030018069537e-06
GRADIENT_BOOSTED,test-pump_trip-01,TEST,930,9.3,0,0.0007092415946077823,False,0,,8.213030018069537e-06
GRADIENT_BOOSTED,test-pump_trip-01,TEST,940,9.4,0,0.0007092415946077823,False,0,,8.213030018069537e-06
GRADIENT_BOOSTED,test-pump_trip-01,TEST,950,9.5,0,0.0007092415946077823,False,0,,8.213030018069537e-06
GRADIENT_BOOSTED,test-pump_trip-01,TEST,960,9.6,0,0.0007092415946077823,False,0,,8.213030018069537e-06
GRADIENT_BOOSTED,test-pump_trip-01,TEST,970,9.700000000000001,0,0.0007092415946077823,False,0,,8.213030018069537e-06
GRADIENT_BOOSTED,test-pump_trip-01,TEST,980,9.8,0,0.0007092415946077823,False,0,,8.213030018069537e-06
GRADIENT_BOOSTED,test-pump_trip-01,TEST,990,9.9,0,0.0007092415946077823,False,0,,8.213030018069537e-06
GRADIENT_BOOSTED,test-pump_trip-01,TEST,1000,10.0,0,0.0007092415946077823,False,0,,8.213030018069537e-06
GRADIENT_BOOSTED,test-pump_trip-01,TEST,1010,10.1,0,0.0007092415946077823,False,0,,8.213030018069537e-06
GRADIENT_BOOSTED,test-pump_trip-01,TEST,1020,10.200000000000001,0,0.0007092415946077823,False,0,,8.213030018069537e-06
GRADIENT_BOOSTED,test-pump_trip-01,TEST,1030,10.3,0,0.0007092415946077823,False,0,,8.213030018069537e-06
GRADIENT_BOOSTED,test-pump_trip-01,TEST,1040,10.4,0,0.0007092415946077823,False,0,,8.213030018069537e-06
GRADIENT_BOOSTED,test-pump_trip-01,TEST,1050,10.5,0,0.0007092415946077823,False,0,,8.213030018069537e-06
GRADIENT_BOOSTED,test-pump_trip-01,TEST,1060,10.6,0,0.0007092415946077823,False,0,,8.213030018069537e-06
GRADIENT_BOOSTED,test-pump_trip-01,TEST,1070,10.700000000000001,0,0.0007092415946077823,False,0,,8.213030018069537e-06
GRADIENT_BOOSTED,test-pump_trip-01,TEST,1080,10.8,0,0.0007092415946077823,False,0,,8.213030018069537e-06
GRADIENT_BOOSTED,test-pump_trip-01,TEST,1090,10.9,0,0.0007092415946077823,False,0,,8.213030018069537e-06
GRADIENT_BOOSTED,test-pump_trip-01,TEST,1100,11.0,0,0.0007092415946077823,False,0,,8.213030018069537e-06
GRADIENT_BOOSTED,test-pump_trip-01,TEST,1110,11.1,0,0.0007092415946077823,False,0,,8.213030018069537e-06
GRADIENT_BOOSTED,test-pump_trip-01,TEST,1120,11.200000000000001,0,0.0007092415946077823,False,0,,8.213030018069537e-06
GRADIENT_BOOSTED,test-pump_trip-01,TEST,1130,11.3,0,0.0007092415946077823,False,0,,8.213030018069537e-06
GRADIENT_BOOSTED,test-pump_trip-01,TEST,1140,11.4,0,0.0007092415946077823,False,0,,8.213030018069537e-06
GRADIENT_BOOSTED,test-pump_trip-01,TEST,1150,11.5,0,0.0007092415946077823,False,0,,8.213030018069537e-06
GRADIENT_BOOSTED,test-pump_trip-01,TEST,1160,11.6,0,0.0007092415946077823,False,0,,8.213030018069537e-06
GRADIENT_BOOSTED,test-pump_trip-01,TEST,1170,11.700000000000001,0,0.0007092415946077823,False,0,,8.213030018069537e-06
GRADIENT_BOOSTED,test-pump_trip-01,TEST,1180,11.8,0,0.0007092415946077823,False,0,,8.213030018069537e-06
GRADIENT_BOOSTED,test-pump_trip-01,TEST,1190,11.9,0,0.0007092415946077823,False,0,,8.213030018069537e-06
GRADIENT_BOOSTED,test-pump_trip-01,TEST,1200,12.0,0,0.0007092415946077823,False,0,,8.213030018069537e-06
GRADIENT_BOOSTED,test-pump_trip-01,TEST,1210,12.1,0,0.0007092415946077823,False,0,,8.213030018069537e-06
GRADIENT_BOOSTED,test-pump_trip-01,TEST,1220,12.200000000000001,0,0.0007092415946077823,False,0,,8.213030018069537e-06
GRADIENT_BOOSTED,test-pump_trip-01,TEST,1230,12.3,0,0.0007092415946077823,False,0,,8.213030018069537e-06
GRADIENT_BOOSTED,test-pump_trip-01,TEST,1240,12.4,0,0.0007092415946077823,False,0,,8.213030018069537e-06
GRADIENT_BOOSTED,test-pump_trip-01,TEST,1250,12.5,0,0.0007092415946077823,False,0,,8.213030018069537e-06
GRADIENT_BOOSTED,test-pump_trip-01,TEST,1260,12.6,0,0.0007092415946077823,False,0,,8.213030018069537e-06
GRADIENT_BOOSTED,test-pump_trip-01,TEST,1270,12.700000000000001,0,0.0007092415946077823,False,0,,8.213030018069537e-06
GRADIENT_BOOSTED,test-pump_trip-01,TEST,1280,12.8,0,0.0007092415946077823,False,0,,8.213030018069537e-06
GRADIENT_BOOSTED,test-pump_trip-01,TEST,1290,12.9,0,0.0007092415946077823,False,0,,8.213030018069537e-06
GRADIENT_BOOSTED,test-pump_trip-01,TEST,1300,13.0,0,0.0007092415946077823,False,0,,8.213030018069537e-06
GRADIENT_BOOSTED,test-pump_trip-02,TEST,430,4.3,0,0.019011485347538427,False,,,8.213030018069537e-06
GRADIENT_BOOSTED,test-pump_trip-02,TEST,440,4.4,0,0.019011485347538427,False,,,8.213030018069537e-06
GRADIENT_BOOSTED,test-pump_trip-02,TEST,450,4.5,0,0.019011485347538427,False,,,8.213030018069537e-06
GRADIENT_BOOSTED,test-pump_trip-02,TEST,460,4.6000000000000005,0,0.019011485347538427,False,,,8.213030018069537e-06
GRADIENT_BOOSTED,test-pump_trip-02,TEST,470,4.7,0,0.019011485347538427,False,,,8.213030018069537e-06
GRADIENT_BOOSTED,test-pump_trip-02,TEST,480,4.8,0,0.019011485347538427,False,,,8.213030018069537e-06
GRADIENT_BOOSTED,test-pump_trip-02,TEST,490,4.9,0,0.019011485347538427,False,,,8.213030018069537e-06
GRADIENT_BOOSTED,test-pump_trip-02,TEST,500,5.0,0,0.019011485347538427,False,,,8.213030018069537e-06
GRADIENT_BOOSTED,test-pump_trip-02,TEST,510,5.1000000000000005,0,0.019011485347538427,False,,,8.213030018069537e-06
GRADIENT_BOOSTED,test-pump_trip-02,TEST,520,5.2,0,0.019011485347538427,False,,,8.213030018069537e-06
GRADIENT_BOOSTED,test-pump_trip-02,TEST,530,5.3,0,0.019011485347538427,False,,,8.213030018069537e-06
GRADIENT_BOOSTED,test-pump_trip-02,TEST,540,5.4,0,0.019011485347538427,False,,,8.213030018069537e-06
GRADIENT_BOOSTED,test-pump_trip-02,TEST,550,5.5,0,0.019011485347538427,False,,,8.213030018069537e-06
GRADIENT_BOOSTED,test-pump_trip-02,TEST,560,5.6000000000000005,0,0.9496750928678782,True,,,8.213030018069537e-06
GRADIENT_BOOSTED,test-pump_trip-02,TEST,570,5.7,0,0.9496750928678782,True,,,8.213030018069537e-06
GRADIENT_BOOSTED,test-pump_trip-02,TEST,580,5.8,0,0.9496750928678782,True,,,8.213030018069537e-06
GRADIENT_BOOSTED,test-pump_trip-02,TEST,590,5.9,0,0.9496750928678782,True,,,8.213030018069537e-06
GRADIENT_BOOSTED,test-pump_trip-02,TEST,600,6.0,0,0.9496750928678782,True,,,8.213030018069537e-06
GRADIENT_BOOSTED,test-pump_trip-02,TEST,610,6.1000000000000005,0,0.9496750928678782,True,,,8.213030018069537e-06
GRADIENT_BOOSTED,test-pump_trip-02,TEST,620,6.2,0,0.9496750928678782,True,,,8.213030018069537e-06
GRADIENT_BOOSTED,test-pump_trip-02,TEST,630,6.3,0,0.9496750928678782,True,,,8.213030018069537e-06
GRADIENT_BOOSTED,test-pump_trip-02,TEST,640,6.4,0,0.2899535918833937,False,,,8.213030018069537e-06
GRADIENT_BOOSTED,test-pump_trip-02,TEST,650,6.5,0,0.2899535918833937,False,,,8.213030018069537e-06
GRADIENT_BOOSTED,test-pump_trip-02,TEST,660,6.6000000000000005,0,0.2899535918833937,False,,,8.213030018069537e-06
GRADIENT_BOOSTED,test-pump_trip-02,TEST,670,6.7,0,0.2899535918833937,False,,,8.213030018069537e-06
GRADIENT_BOOSTED,test-pump_trip-02,TEST,680,6.8,0,0.2899535918833937,False,,,8.213030018069537e-06
GRADIENT_BOOSTED,test-pump_trip-02,TEST,690,6.9,0,0.2899535918833937,False,,,8.213030018069537e-06
GRADIENT_BOOSTED,test-pump_trip-02,TEST,700,7.0,0,0.2899535918833937,False,,,8.213030018069537e-06
GRADIENT_BOOSTED,test-pump_trip-02,TEST,710,7.1000000000000005,0,0.2899535918833937,False,,,8.213030018069537e-06
GRADIENT_BOOSTED,test-pump_trip-02,TEST,720,7.2,0,0.2899535918833937,False,,,8.213030018069537e-06
GRADIENT_BOOSTED,test-pump_trip-02,TEST,730,7.3,0,0.2899535918833937,False,,,8.213030018069537e-06
GRADIENT_BOOSTED,test-pump_trip-02,TEST,740,7.4,0,0.2899535918833937,False,,,8.213030018069537e-06
GRADIENT_BOOSTED,test-pump_trip-02,TEST,750,7.5,0,0.2899535918833937,False,,,8.213030018069537e-06
GRADIENT_BOOSTED,test-pump_trip-02,TEST,760,7.6000000000000005,0,0.2899535918833937,False,,,8.213030018069537e-06
GRADIENT_BOOSTED,test-pump_trip-02,TEST,770,7.7,0,0.2899535918833937,False,,,8.213030018069537e-06
GRADIENT_BOOSTED,test-pump_trip-02,TEST,780,7.8,0,0.2899535918833937,False,,,8.213030018069537e-06
GRADIENT_BOOSTED,test-pump_trip-02,TEST,790,7.9,0,0.2899535918833937,False,,,8.213030018069537e-06
GRADIENT_BOOSTED,test-pump_trip-02,TEST,800,8.0,0,0.2899535918833937,False,,,8.213030018069537e-06
GRADIENT_BOOSTED,test-pump_trip-02,TEST,810,8.1,0,0.2899535918833937,False,,,8.213030018069537e-06
GRADIENT_BOOSTED,test-pump_trip-02,TEST,820,8.2,0,0.2899535918833937,False,,,8.213030018069537e-06
GRADIENT_BOOSTED,test-pump_trip-02,TEST,830,8.3,0,0.2899535918833937,False,,,8.213030018069537e-06
GRADIENT_BOOSTED,test-pump_trip-02,TEST,840,8.4,0,0.2899535918833937,False,,,8.213030018069537e-06
GRADIENT_BOOSTED,test-pump_trip-02,TEST,850,8.5,0,0.2899535918833937,False,,,8.213030018069537e-06
GRADIENT_BOOSTED,test-pump_trip-02,TEST,860,8.6,0,0.2899535918833937,False,,,8.213030018069537e-06
GRADIENT_BOOSTED,test-pump_trip-02,TEST,870,8.700000000000001,0,0.2899535918833937,False,,,8.213030018069537e-06
GRADIENT_BOOSTED,test-pump_trip-02,TEST,880,8.8,0,0.2899535918833937,False,,,8.213030018069537e-06
GRADIENT_BOOSTED,test-pump_trip-02,TEST,890,8.9,0,0.2899535918833937,False,,,8.213030018069537e-06
GRADIENT_BOOSTED,test-pump_trip-02,TEST,900,9.0,0,0.2899535918833937,False,,,8.213030018069537e-06
GRADIENT_BOOSTED,test-pump_trip-02,TEST,910,9.1,0,0.2899535918833937,False,,,8.213030018069537e-06
GRADIENT_BOOSTED,test-pump_trip-02,TEST,920,9.200000000000001,0,0.2899535918833937,False,,,8.213030018069537e-06
GRADIENT_BOOSTED,test-pump_trip-02,TEST,930,9.3,0,0.2899535918833937,False,,,8.213030018069537e-06
GRADIENT_BOOSTED,test-pump_trip-02,TEST,940,9.4,0,0.2899535918833937,False,,,8.213030018069537e-06
GRADIENT_BOOSTED,test-pump_trip-02,TEST,950,9.5,0,0.2899535918833937,False,,,8.213030018069537e-06
GRADIENT_BOOSTED,test-pump_trip-02,TEST,960,9.6,0,0.2899535918833937,False,,,8.213030018069537e-06
GRADIENT_BOOSTED,test-pump_trip-02,TEST,970,9.700000000000001,0,0.2899535918833937,False,,,8.213030018069537e-06
GRADIENT_BOOSTED,test-pump_trip-02,TEST,980,9.8,0,0.2899535918833937,False,,,8.213030018069537e-06
GRADIENT_BOOSTED,test-pump_trip-02,TEST,990,9.9,0,0.2899535918833937,False,,,8.213030018069537e-06
GRADIENT_BOOSTED,test-pump_trip-02,TEST,1000,10.0,0,0.2899535918833937,False,,,8.213030018069537e-06
GRADIENT_BOOSTED,test-pump_trip-02,TEST,1010,10.1,0,0.2899535918833937,False,,,8.213030018069537e-06
GRADIENT_BOOSTED,test-pump_trip-02,TEST,1020,10.200000000000001,0,0.2899535918833937,False,,,8.213030018069537e-06
GRADIENT_BOOSTED,test-pump_trip-02,TEST,1030,10.3,0,0.2899535918833937,False,,,8.213030018069537e-06
GRADIENT_BOOSTED,test-pump_trip-02,TEST,1040,10.4,0,0.2899535918833937,False,,,8.213030018069537e-06
GRADIENT_BOOSTED,test-pump_trip-02,TEST,1050,10.5,0,0.2899535918833937,False,,,8.213030018069537e-06
GRADIENT_BOOSTED,test-pump_trip-02,TEST,1060,10.6,0,0.2899535918833937,False,,,8.213030018069537e-06
GRADIENT_BOOSTED,test-pump_trip-02,TEST,1070,10.700000000000001,0,0.2899535918833937,False,,,8.213030018069537e-06
GRADIENT_BOOSTED,test-pump_trip-02,TEST,1080,10.8,0,0.2899535918833937,False,,,8.213030018069537e-06
GRADIENT_BOOSTED,test-pump_trip-02,TEST,1090,10.9,0,0.2899535918833937,False,,,8.213030018069537e-06
GRADIENT_BOOSTED,test-pump_trip-02,TEST,1100,11.0,0,0.2899535918833937,False,,,8.213030018069537e-06
GRADIENT_BOOSTED,test-pump_trip-02,TEST,1110,11.1,0,0.2899535918833937,False,,,8.213030018069537e-06
GRADIENT_BOOSTED,test-pump_trip-02,TEST,1120,11.200000000000001,0,0.2899535918833937,False,,,8.213030018069537e-06
GRADIENT_BOOSTED,test-pump_trip-02,TEST,1130,11.3,0,0.2899535918833937,False,,,8.213030018069537e-06
GRADIENT_BOOSTED,test-pump_trip-02,TEST,1140,11.4,0,0.2899535918833937,False,,,8.213030018069537e-06
GRADIENT_BOOSTED,test-pump_trip-02,TEST,1150,11.5,0,0.2899535918833937,False,,,8.213030018069537e-06
GRADIENT_BOOSTED,test-pump_trip-02,TEST,1160,11.6,0,0.2899535918833937,False,,,8.213030018069537e-06
GRADIENT_BOOSTED,test-pump_trip-02,TEST,1170,11.700000000000001,0,0.2899535918833937,False,,,8.213030018069537e-06
GRADIENT_BOOSTED,test-pump_trip-02,TEST,1180,11.8,0,0.2899535918833937,False,,,8.213030018069537e-06
GRADIENT_BOOSTED,test-pump_trip-02,TEST,1190,11.9,0,0.2899535918833937,False,,,8.213030018069537e-06
GRADIENT_BOOSTED,test-pump_trip-02,TEST,1200,12.0,0,0.2899535918833937,False,,,8.213030018069537e-06
GRADIENT_BOOSTED,test-pump_trip-02,TEST,1210,12.1,0,0.2899535918833937,False,,,8.213030018069537e-06
GRADIENT_BOOSTED,test-pump_trip-02,TEST,1220,12.200000000000001,0,0.2899535918833937,False,,,8.213030018069537e-06
GRADIENT_BOOSTED,test-pump_trip-02,TEST,1230,12.3,0,0.2899535918833937,False,,,8.213030018069537e-06
GRADIENT_BOOSTED,test-pump_trip-02,TEST,1240,12.4,0,0.2899535918833937,False,,,8.213030018069537e-06
GRADIENT_BOOSTED,test-pump_trip-02,TEST,1250,12.5,0,0.2899535918833937,False,,,8.213030018069537e-06
GRADIENT_BOOSTED,test-pump_trip-02,TEST,1260,12.6,0,0.2899535918833937,False,,,8.213030018069537e-06
GRADIENT_BOOSTED,test-pump_trip-02,TEST,1270,12.700000000000001,0,0.2899535918833937,False,,,8.213030018069537e-06
GRADIENT_BOOSTED,test-pump_trip-02,TEST,1280,12.8,0,0.2899535918833937,False,,,8.213030018069537e-06
GRADIENT_BOOSTED,test-pump_trip-02,TEST,1290,12.9,0,0.2899535918833937,False,,,8.213030018069537e-06
GRADIENT_BOOSTED,test-pump_trip-02,TEST,1300,13.0,0,0.2899535918833937,False,,,8.213030018069537e-06
GRADIENT_BOOSTED,test-pump_trip-03,TEST,430,4.3,1,0.9496750928678782,True,,7.01,8.213030018069537e-06
GRADIENT_BOOSTED,test-pump_trip-03,TEST,440,4.4,1,0.9496750928678782,True,,7.01,8.213030018069537e-06
GRADIENT_BOOSTED,test-pump_trip-03,TEST,450,4.5,1,0.9496750928678782,True,,7.01,8.213030018069537e-06
GRADIENT_BOOSTED,test-pump_trip-03,TEST,460,4.6000000000000005,1,0.9496750928678782,True,,7.01,8.213030018069537e-06
GRADIENT_BOOSTED,test-pump_trip-03,TEST,470,4.7,1,0.9496750928678782,True,,7.01,8.213030018069537e-06
GRADIENT_BOOSTED,test-pump_trip-03,TEST,480,4.8,1,0.9496750928678782,True,,7.01,8.213030018069537e-06
GRADIENT_BOOSTED,test-pump_trip-03,TEST,490,4.9,1,0.9496750928678782,True,,7.01,8.213030018069537e-06
GRADIENT_BOOSTED,test-pump_trip-03,TEST,500,5.0,1,0.9496750928678782,True,,7.01,8.213030018069537e-06
GRADIENT_BOOSTED,test-pump_trip-03,TEST,510,5.1000000000000005,1,0.9496750928678782,True,,7.01,8.213030018069537e-06
GRADIENT_BOOSTED,test-pump_trip-03,TEST,520,5.2,1,0.9496750928678782,True,,7.01,8.213030018069537e-06
GRADIENT_BOOSTED,test-pump_trip-03,TEST,530,5.3,1,0.9496750928678782,True,,7.01,8.213030018069537e-06
GRADIENT_BOOSTED,test-pump_trip-03,TEST,540,5.4,1,0.9496750928678782,True,,7.01,8.213030018069537e-06
GRADIENT_BOOSTED,test-pump_trip-03,TEST,550,5.5,1,0.9496750928678782,True,,7.01,8.213030018069537e-06
GRADIENT_BOOSTED,test-pump_trip-03,TEST,560,5.6000000000000005,1,0.9496750928678782,True,,7.01,8.213030018069537e-06
GRADIENT_BOOSTED,test-pump_trip-03,TEST,570,5.7,1,0.9496750928678782,True,,7.01,8.213030018069537e-06
GRADIENT_BOOSTED,test-pump_trip-03,TEST,580,5.8,1,0.9496750928678782,True,,7.01,8.213030018069537e-06
GRADIENT_BOOSTED,test-pump_trip-03,TEST,590,5.9,1,0.9496750928678782,True,,7.01,8.213030018069537e-06
GRADIENT_BOOSTED,test-pump_trip-03,TEST,600,6.0,1,0.9496750928678782,True,,7.01,8.213030018069537e-06
GRADIENT_BOOSTED,test-pump_trip-03,TEST,610,6.1000000000000005,1,0.9496750928678782,True,,7.01,8.213030018069537e-06
GRADIENT_BOOSTED,test-pump_trip-03,TEST,620,6.2,1,0.9496750928678782,True,,7.01,8.213030018069537e-06
GRADIENT_BOOSTED,test-pump_trip-03,TEST,630,6.3,1,0.9496750928678782,True,,7.01,8.213030018069537e-06
GRADIENT_BOOSTED,test-pump_trip-03,TEST,640,6.4,1,0.9496750928678782,True,,7.01,8.213030018069537e-06
GRADIENT_BOOSTED,test-pump_trip-03,TEST,650,6.5,1,0.9496750928678782,True,,7.01,8.213030018069537e-06
GRADIENT_BOOSTED,test-pump_trip-03,TEST,660,6.6000000000000005,1,0.9496750928678782,True,,7.01,8.213030018069537e-06
GRADIENT_BOOSTED,test-pump_trip-03,TEST,670,6.7,1,0.9496750928678782,True,,7.01,8.213030018069537e-06
GRADIENT_BOOSTED,test-pump_trip-03,TEST,680,6.8,1,0.9496750928678782,True,,7.01,8.213030018069537e-06
GRADIENT_BOOSTED,test-pump_trip-03,TEST,690,6.9,1,0.9496750928678782,True,,7.01,8.213030018069537e-06
GRADIENT_BOOSTED,test-pump_trip-03,TEST,700,7.0,1,0.9496750928678782,True,,7.01,8.213030018069537e-06
GRADIENT_BOOSTED,test-valve_restriction-00,TEST,430,4.3,0,0.0007092415946077823,False,0,,8.213030018069537e-06
GRADIENT_BOOSTED,test-valve_restriction-00,TEST,440,4.4,0,0.0007092415946077823,False,0,,8.213030018069537e-06
GRADIENT_BOOSTED,test-valve_restriction-00,TEST,450,4.5,0,0.0007092415946077823,False,0,,8.213030018069537e-06
GRADIENT_BOOSTED,test-valve_restriction-00,TEST,460,4.6000000000000005,0,0.0007092415946077823,False,0,,8.213030018069537e-06
GRADIENT_BOOSTED,test-valve_restriction-00,TEST,470,4.7,0,0.0007092415946077823,False,0,,8.213030018069537e-06
GRADIENT_BOOSTED,test-valve_restriction-00,TEST,480,4.8,0,0.0007092415946077823,False,0,,8.213030018069537e-06
GRADIENT_BOOSTED,test-valve_restriction-00,TEST,490,4.9,0,0.0007092415946077823,False,0,,8.213030018069537e-06
GRADIENT_BOOSTED,test-valve_restriction-00,TEST,500,5.0,0,0.0007092415946077823,False,0,,8.213030018069537e-06
GRADIENT_BOOSTED,test-valve_restriction-00,TEST,510,5.1000000000000005,0,0.0007092415946077823,False,0,,8.213030018069537e-06
GRADIENT_BOOSTED,test-valve_restriction-00,TEST,520,5.2,0,0.0007092415946077823,False,0,,8.213030018069537e-06
GRADIENT_BOOSTED,test-valve_restriction-00,TEST,530,5.3,0,0.0007092415946077823,False,0,,8.213030018069537e-06
GRADIENT_BOOSTED,test-valve_restriction-00,TEST,540,5.4,0,0.0007092415946077823,False,0,,8.213030018069537e-06
GRADIENT_BOOSTED,test-valve_restriction-00,TEST,550,5.5,0,0.0007092415946077823,False,0,,8.213030018069537e-06
GRADIENT_BOOSTED,test-valve_restriction-00,TEST,560,5.6000000000000005,0,0.0007092415946077823,False,0,,8.213030018069537e-06
GRADIENT_BOOSTED,test-valve_restriction-00,TEST,570,5.7,0,0.0007092415946077823,False,0,,8.213030018069537e-06
GRADIENT_BOOSTED,test-valve_restriction-00,TEST,580,5.8,0,0.0007092415946077823,False,0,,8.213030018069537e-06
GRADIENT_BOOSTED,test-valve_restriction-00,TEST,590,5.9,0,0.0007092415946077823,False,0,,8.213030018069537e-06
GRADIENT_BOOSTED,test-valve_restriction-00,TEST,600,6.0,0,0.0007092415946077823,False,0,,8.213030018069537e-06
GRADIENT_BOOSTED,test-valve_restriction-00,TEST,610,6.1000000000000005,0,0.058786205539801746,False,,,8.213030018069537e-06
GRADIENT_BOOSTED,test-valve_restriction-00,TEST,620,6.2,0,0.0007092415946077823,False,0,,8.213030018069537e-06
GRADIENT_BOOSTED,test-valve_restriction-00,TEST,630,6.3,0,0.0007092415946077823,False,0,,8.213030018069537e-06
GRADIENT_BOOSTED,test-valve_restriction-00,TEST,640,6.4,0,0.0007092415946077823,False,0,,8.213030018069537e-06
GRADIENT_BOOSTED,test-valve_restriction-00,TEST,650,6.5,0,0.0007092415946077823,False,0,,8.213030018069537e-06
GRADIENT_BOOSTED,test-valve_restriction-00,TEST,660,6.6000000000000005,0,0.0007092415946077823,False,0,,8.213030018069537e-06
GRADIENT_BOOSTED,test-valve_restriction-00,TEST,670,6.7,0,0.0007092415946077823,False,0,,8.213030018069537e-06
GRADIENT_BOOSTED,test-valve_restriction-00,TEST,680,6.8,0,0.0007092415946077823,False,0,,8.213030018069537e-06
GRADIENT_BOOSTED,test-valve_restriction-00,TEST,690,6.9,0,0.0007092415946077823,False,0,,8.213030018069537e-06
GRADIENT_BOOSTED,test-valve_restriction-00,TEST,700,7.0,0,0.0007092415946077823,False,0,,8.213030018069537e-06
GRADIENT_BOOSTED,test-valve_restriction-00,TEST,710,7.1000000000000005,0,0.0007092415946077823,False,0,,8.213030018069537e-06
GRADIENT_BOOSTED,test-valve_restriction-00,TEST,720,7.2,0,0.0007092415946077823,False,0,,8.213030018069537e-06
GRADIENT_BOOSTED,test-valve_restriction-00,TEST,730,7.3,0,0.0007092415946077823,False,0,,8.213030018069537e-06
GRADIENT_BOOSTED,test-valve_restriction-00,TEST,740,7.4,0,0.0007092415946077823,False,0,,8.213030018069537e-06
GRADIENT_BOOSTED,test-valve_restriction-00,TEST,750,7.5,0,0.0007092415946077823,False,0,,8.213030018069537e-06
GRADIENT_BOOSTED,test-valve_restriction-00,TEST,760,7.6000000000000005,0,0.0007092415946077823,False,0,,8.213030018069537e-06
GRADIENT_BOOSTED,test-valve_restriction-00,TEST,770,7.7,0,0.0007092415946077823,False,0,,8.213030018069537e-06
GRADIENT_BOOSTED,test-valve_restriction-00,TEST,780,7.8,0,0.0007092415946077823,False,0,,8.213030018069537e-06
GRADIENT_BOOSTED,test-valve_restriction-00,TEST,790,7.9,0,0.0007092415946077823,False,0,,8.213030018069537e-06
GRADIENT_BOOSTED,test-valve_restriction-00,TEST,800,8.0,0,0.0007092415946077823,False,0,,8.213030018069537e-06
GRADIENT_BOOSTED,test-valve_restriction-00,TEST,810,8.1,0,0.0007092415946077823,False,0,,8.213030018069537e-06
GRADIENT_BOOSTED,test-valve_restriction-00,TEST,820,8.2,0,0.0007092415946077823,False,0,,8.213030018069537e-06
GRADIENT_BOOSTED,test-valve_restriction-00,TEST,830,8.3,0,0.0007092415946077823,False,0,,8.213030018069537e-06
GRADIENT_BOOSTED,test-valve_restriction-00,TEST,840,8.4,0,0.0007092415946077823,False,0,,8.213030018069537e-06
GRADIENT_BOOSTED,test-valve_restriction-00,TEST,850,8.5,0,0.0007092415946077823,False,0,,8.213030018069537e-06
GRADIENT_BOOSTED,test-valve_restriction-00,TEST,860,8.6,0,0.0007092415946077823,False,0,,8.213030018069537e-06
GRADIENT_BOOSTED,test-valve_restriction-00,TEST,870,8.700000000000001,0,0.0007092415946077823,False,0,,8.213030018069537e-06
GRADIENT_BOOSTED,test-valve_restriction-00,TEST,880,8.8,0,0.0007092415946077823,False,0,,8.213030018069537e-06
GRADIENT_BOOSTED,test-valve_restriction-00,TEST,890,8.9,0,0.0007092415946077823,False,0,,8.213030018069537e-06
GRADIENT_BOOSTED,test-valve_restriction-00,TEST,900,9.0,0,0.0007092415946077823,False,0,,8.213030018069537e-06
GRADIENT_BOOSTED,test-valve_restriction-00,TEST,910,9.1,0,0.0007092415946077823,False,0,,8.213030018069537e-06
GRADIENT_BOOSTED,test-valve_restriction-00,TEST,920,9.200000000000001,0,0.0007092415946077823,False,0,,8.213030018069537e-06
GRADIENT_BOOSTED,test-valve_restriction-00,TEST,930,9.3,0,0.0007092415946077823,False,0,,8.213030018069537e-06
GRADIENT_BOOSTED,test-valve_restriction-00,TEST,940,9.4,0,0.0007092415946077823,False,0,,8.213030018069537e-06
GRADIENT_BOOSTED,test-valve_restriction-00,TEST,950,9.5,0,0.0007092415946077823,False,0,,8.213030018069537e-06
GRADIENT_BOOSTED,test-valve_restriction-00,TEST,960,9.6,0,0.0007092415946077823,False,0,,8.213030018069537e-06
GRADIENT_BOOSTED,test-valve_restriction-00,TEST,970,9.700000000000001,0,0.0007092415946077823,False,0,,8.213030018069537e-06
GRADIENT_BOOSTED,test-valve_restriction-00,TEST,980,9.8,0,0.0007092415946077823,False,0,,8.213030018069537e-06
GRADIENT_BOOSTED,test-valve_restriction-00,TEST,990,9.9,0,0.0007092415946077823,False,0,,8.213030018069537e-06
GRADIENT_BOOSTED,test-valve_restriction-00,TEST,1000,10.0,0,0.0007092415946077823,False,0,,8.213030018069537e-06
GRADIENT_BOOSTED,test-valve_restriction-00,TEST,1010,10.1,0,0.0007092415946077823,False,0,,8.213030018069537e-06
GRADIENT_BOOSTED,test-valve_restriction-00,TEST,1020,10.200000000000001,0,0.0007092415946077823,False,0,,8.213030018069537e-06
GRADIENT_BOOSTED,test-valve_restriction-00,TEST,1030,10.3,0,0.0007092415946077823,False,0,,8.213030018069537e-06
GRADIENT_BOOSTED,test-valve_restriction-00,TEST,1040,10.4,0,0.0007092415946077823,False,0,,8.213030018069537e-06
GRADIENT_BOOSTED,test-valve_restriction-00,TEST,1050,10.5,0,0.0007092415946077823,False,0,,8.213030018069537e-06
GRADIENT_BOOSTED,test-valve_restriction-00,TEST,1060,10.6,0,0.0007092415946077823,False,0,,8.213030018069537e-06
GRADIENT_BOOSTED,test-valve_restriction-00,TEST,1070,10.700000000000001,0,0.0007092415946077823,False,0,,8.213030018069537e-06
GRADIENT_BOOSTED,test-valve_restriction-00,TEST,1080,10.8,0,0.0007092415946077823,False,0,,8.213030018069537e-06
GRADIENT_BOOSTED,test-valve_restriction-00,TEST,1090,10.9,0,0.0007092415946077823,False,0,,8.213030018069537e-06
GRADIENT_BOOSTED,test-valve_restriction-00,TEST,1100,11.0,0,0.0007092415946077823,False,0,,8.213030018069537e-06
GRADIENT_BOOSTED,test-valve_restriction-00,TEST,1110,11.1,0,0.0007092415946077823,False,0,,8.213030018069537e-06
GRADIENT_BOOSTED,test-valve_restriction-00,TEST,1120,11.200000000000001,0,0.0007092415946077823,False,0,,8.213030018069537e-06
GRADIENT_BOOSTED,test-valve_restriction-00,TEST,1130,11.3,0,0.0007092415946077823,False,0,,8.213030018069537e-06
GRADIENT_BOOSTED,test-valve_restriction-00,TEST,1140,11.4,0,0.0007092415946077823,False,0,,8.213030018069537e-06
GRADIENT_BOOSTED,test-valve_restriction-00,TEST,1150,11.5,0,0.0007092415946077823,False,0,,8.213030018069537e-06
GRADIENT_BOOSTED,test-valve_restriction-00,TEST,1160,11.6,0,0.0007092415946077823,False,0,,8.213030018069537e-06
GRADIENT_BOOSTED,test-valve_restriction-00,TEST,1170,11.700000000000001,0,0.0007092415946077823,False,0,,8.213030018069537e-06
GRADIENT_BOOSTED,test-valve_restriction-00,TEST,1180,11.8,0,0.0007092415946077823,False,0,,8.213030018069537e-06
GRADIENT_BOOSTED,test-valve_restriction-00,TEST,1190,11.9,0,0.0007092415946077823,False,0,,8.213030018069537e-06
GRADIENT_BOOSTED,test-valve_restriction-00,TEST,1200,12.0,0,0.0007092415946077823,False,0,,8.213030018069537e-06
GRADIENT_BOOSTED,test-valve_restriction-00,TEST,1210,12.1,0,0.0007092415946077823,False,0,,8.213030018069537e-06
GRADIENT_BOOSTED,test-valve_restriction-00,TEST,1220,12.200000000000001,0,0.0007092415946077823,False,0,,8.213030018069537e-06
GRADIENT_BOOSTED,test-valve_restriction-00,TEST,1230,12.3,0,0.0007092415946077823,False,0,,8.213030018069537e-06
GRADIENT_BOOSTED,test-valve_restriction-00,TEST,1240,12.4,0,0.0007092415946077823,False,0,,8.213030018069537e-06
GRADIENT_BOOSTED,test-valve_restriction-00,TEST,1250,12.5,0,0.0007092415946077823,False,0,,8.213030018069537e-06
GRADIENT_BOOSTED,test-valve_restriction-00,TEST,1260,12.6,0,0.0007092415946077823,False,0,,8.213030018069537e-06
GRADIENT_BOOSTED,test-valve_restriction-00,TEST,1270,12.700000000000001,0,0.0007092415946077823,False,0,,8.213030018069537e-06
GRADIENT_BOOSTED,test-valve_restriction-00,TEST,1280,12.8,0,0.0007092415946077823,False,0,,8.213030018069537e-06
GRADIENT_BOOSTED,test-valve_restriction-00,TEST,1290,12.9,0,0.0007092415946077823,False,0,,8.213030018069537e-06
GRADIENT_BOOSTED,test-valve_restriction-00,TEST,1300,13.0,0,0.0007092415946077823,False,0,,8.213030018069537e-06
GRADIENT_BOOSTED,test-valve_restriction-01,TEST,430,4.3,0,0.0007092415946077823,False,0,,8.213030018069537e-06
GRADIENT_BOOSTED,test-valve_restriction-01,TEST,440,4.4,0,0.0007092415946077823,False,0,,8.213030018069537e-06
GRADIENT_BOOSTED,test-valve_restriction-01,TEST,450,4.5,0,0.0007092415946077823,False,0,,8.213030018069537e-06
GRADIENT_BOOSTED,test-valve_restriction-01,TEST,460,4.6000000000000005,0,0.0007092415946077823,False,0,,8.213030018069537e-06
GRADIENT_BOOSTED,test-valve_restriction-01,TEST,470,4.7,0,0.0007092415946077823,False,0,,8.213030018069537e-06
GRADIENT_BOOSTED,test-valve_restriction-01,TEST,480,4.8,0,0.0007092415946077823,False,0,,8.213030018069537e-06
GRADIENT_BOOSTED,test-valve_restriction-01,TEST,490,4.9,0,0.0007092415946077823,False,0,,8.213030018069537e-06
GRADIENT_BOOSTED,test-valve_restriction-01,TEST,500,5.0,0,0.0007092415946077823,False,0,,8.213030018069537e-06
GRADIENT_BOOSTED,test-valve_restriction-01,TEST,510,5.1000000000000005,0,0.0007092415946077823,False,0,,8.213030018069537e-06
GRADIENT_BOOSTED,test-valve_restriction-01,TEST,520,5.2,0,0.0007092415946077823,False,0,,8.213030018069537e-06
GRADIENT_BOOSTED,test-valve_restriction-01,TEST,530,5.3,0,0.0007092415946077823,False,0,,8.213030018069537e-06
GRADIENT_BOOSTED,test-valve_restriction-01,TEST,540,5.4,0,0.0007092415946077823,False,0,,8.213030018069537e-06
GRADIENT_BOOSTED,test-valve_restriction-01,TEST,550,5.5,0,0.0007092415946077823,False,0,,8.213030018069537e-06
GRADIENT_BOOSTED,test-valve_restriction-01,TEST,560,5.6000000000000005,0,0.0007092415946077823,False,0,,8.213030018069537e-06
GRADIENT_BOOSTED,test-valve_restriction-01,TEST,570,5.7,0,0.0007092415946077823,False,0,,8.213030018069537e-06
GRADIENT_BOOSTED,test-valve_restriction-01,TEST,580,5.8,0,0.0007092415946077823,False,0,,8.213030018069537e-06
GRADIENT_BOOSTED,test-valve_restriction-01,TEST,590,5.9,0,0.0007092415946077823,False,0,,8.213030018069537e-06
GRADIENT_BOOSTED,test-valve_restriction-01,TEST,600,6.0,0,0.0007092415946077823,False,0,,8.213030018069537e-06
GRADIENT_BOOSTED,test-valve_restriction-01,TEST,610,6.1000000000000005,0,0.0007092415946077823,False,0,,8.213030018069537e-06
GRADIENT_BOOSTED,test-valve_restriction-01,TEST,620,6.2,0,0.0007092415946077823,False,0,,8.213030018069537e-06
GRADIENT_BOOSTED,test-valve_restriction-01,TEST,630,6.3,0,0.0007092415946077823,False,0,,8.213030018069537e-06
GRADIENT_BOOSTED,test-valve_restriction-01,TEST,640,6.4,0,0.0007092415946077823,False,0,,8.213030018069537e-06
GRADIENT_BOOSTED,test-valve_restriction-01,TEST,650,6.5,0,0.0007092415946077823,False,0,,8.213030018069537e-06
GRADIENT_BOOSTED,test-valve_restriction-01,TEST,660,6.6000000000000005,0,0.0007092415946077823,False,0,,8.213030018069537e-06
GRADIENT_BOOSTED,test-valve_restriction-01,TEST,670,6.7,0,0.0007092415946077823,False,0,,8.213030018069537e-06
GRADIENT_BOOSTED,test-valve_restriction-01,TEST,680,6.8,0,0.0007092415946077823,False,0,,8.213030018069537e-06
GRADIENT_BOOSTED,test-valve_restriction-01,TEST,690,6.9,0,0.0007092415946077823,False,0,,8.213030018069537e-06
GRADIENT_BOOSTED,test-valve_restriction-01,TEST,700,7.0,0,0.0007092415946077823,False,0,,8.213030018069537e-06
GRADIENT_BOOSTED,test-valve_restriction-01,TEST,710,7.1000000000000005,0,0.0007092415946077823,False,0,,8.213030018069537e-06
GRADIENT_BOOSTED,test-valve_restriction-01,TEST,720,7.2,0,0.0007092415946077823,False,0,,8.213030018069537e-06
GRADIENT_BOOSTED,test-valve_restriction-01,TEST,730,7.3,0,0.0007092415946077823,False,0,,8.213030018069537e-06
GRADIENT_BOOSTED,test-valve_restriction-01,TEST,740,7.4,0,0.0007092415946077823,False,0,,8.213030018069537e-06
GRADIENT_BOOSTED,test-valve_restriction-01,TEST,750,7.5,0,0.0007092415946077823,False,0,,8.213030018069537e-06
GRADIENT_BOOSTED,test-valve_restriction-01,TEST,760,7.6000000000000005,0,0.0007092415946077823,False,0,,8.213030018069537e-06
GRADIENT_BOOSTED,test-valve_restriction-01,TEST,770,7.7,0,0.0007092415946077823,False,0,,8.213030018069537e-06
GRADIENT_BOOSTED,test-valve_restriction-01,TEST,780,7.8,0,0.0007092415946077823,False,0,,8.213030018069537e-06
GRADIENT_BOOSTED,test-valve_restriction-01,TEST,790,7.9,0,0.0007092415946077823,False,0,,8.213030018069537e-06
GRADIENT_BOOSTED,test-valve_restriction-01,TEST,800,8.0,0,0.0007092415946077823,False,0,,8.213030018069537e-06
GRADIENT_BOOSTED,test-valve_restriction-01,TEST,810,8.1,0,0.0007092415946077823,False,0,,8.213030018069537e-06
GRADIENT_BOOSTED,test-valve_restriction-01,TEST,820,8.2,0,0.0007092415946077823,False,0,,8.213030018069537e-06
GRADIENT_BOOSTED,test-valve_restriction-01,TEST,830,8.3,0,0.0007092415946077823,False,0,,8.213030018069537e-06
GRADIENT_BOOSTED,test-valve_restriction-01,TEST,840,8.4,0,0.0007092415946077823,False,0,,8.213030018069537e-06
GRADIENT_BOOSTED,test-valve_restriction-01,TEST,850,8.5,0,0.0007092415946077823,False,0,,8.213030018069537e-06
GRADIENT_BOOSTED,test-valve_restriction-01,TEST,860,8.6,0,0.0007092415946077823,False,0,,8.213030018069537e-06
GRADIENT_BOOSTED,test-valve_restriction-01,TEST,870,8.700000000000001,0,0.0007092415946077823,False,0,,8.213030018069537e-06
GRADIENT_BOOSTED,test-valve_restriction-01,TEST,880,8.8,0,0.0007092415946077823,False,0,,8.213030018069537e-06
GRADIENT_BOOSTED,test-valve_restriction-01,TEST,890,8.9,0,0.0007092415946077823,False,0,,8.213030018069537e-06
GRADIENT_BOOSTED,test-valve_restriction-01,TEST,900,9.0,0,0.0007092415946077823,False,0,,8.213030018069537e-06
GRADIENT_BOOSTED,test-valve_restriction-01,TEST,910,9.1,0,0.0007092415946077823,False,0,,8.213030018069537e-06
GRADIENT_BOOSTED,test-valve_restriction-01,TEST,920,9.200000000000001,0,0.0007092415946077823,False,0,,8.213030018069537e-06
GRADIENT_BOOSTED,test-valve_restriction-01,TEST,930,9.3,0,0.0007092415946077823,False,0,,8.213030018069537e-06
GRADIENT_BOOSTED,test-valve_restriction-01,TEST,940,9.4,0,0.0007092415946077823,False,0,,8.213030018069537e-06
GRADIENT_BOOSTED,test-valve_restriction-01,TEST,950,9.5,0,0.0007092415946077823,False,0,,8.213030018069537e-06
GRADIENT_BOOSTED,test-valve_restriction-01,TEST,960,9.6,0,0.0007092415946077823,False,0,,8.213030018069537e-06
GRADIENT_BOOSTED,test-valve_restriction-01,TEST,970,9.700000000000001,0,0.0007092415946077823,False,0,,8.213030018069537e-06
GRADIENT_BOOSTED,test-valve_restriction-01,TEST,980,9.8,0,0.0007092415946077823,False,0,,8.213030018069537e-06
GRADIENT_BOOSTED,test-valve_restriction-01,TEST,990,9.9,0,0.0007092415946077823,False,0,,8.213030018069537e-06
GRADIENT_BOOSTED,test-valve_restriction-01,TEST,1000,10.0,0,0.0007092415946077823,False,0,,8.213030018069537e-06
GRADIENT_BOOSTED,test-valve_restriction-01,TEST,1010,10.1,0,0.0007092415946077823,False,0,,8.213030018069537e-06
GRADIENT_BOOSTED,test-valve_restriction-01,TEST,1020,10.200000000000001,0,0.0007092415946077823,False,0,,8.213030018069537e-06
GRADIENT_BOOSTED,test-valve_restriction-01,TEST,1030,10.3,0,0.0007092415946077823,False,0,,8.213030018069537e-06
GRADIENT_BOOSTED,test-valve_restriction-01,TEST,1040,10.4,0,0.0007092415946077823,False,0,,8.213030018069537e-06
GRADIENT_BOOSTED,test-valve_restriction-01,TEST,1050,10.5,0,0.0007092415946077823,False,0,,8.213030018069537e-06
GRADIENT_BOOSTED,test-valve_restriction-01,TEST,1060,10.6,0,0.0007092415946077823,False,0,,8.213030018069537e-06
GRADIENT_BOOSTED,test-valve_restriction-01,TEST,1070,10.700000000000001,0,0.0007092415946077823,False,0,,8.213030018069537e-06
GRADIENT_BOOSTED,test-valve_restriction-01,TEST,1080,10.8,0,0.0007092415946077823,False,0,,8.213030018069537e-06
GRADIENT_BOOSTED,test-valve_restriction-01,TEST,1090,10.9,0,0.0007092415946077823,False,0,,8.213030018069537e-06
GRADIENT_BOOSTED,test-valve_restriction-01,TEST,1100,11.0,0,0.0007092415946077823,False,0,,8.213030018069537e-06
GRADIENT_BOOSTED,test-valve_restriction-01,TEST,1110,11.1,0,0.0007092415946077823,False,0,,8.213030018069537e-06
GRADIENT_BOOSTED,test-valve_restriction-01,TEST,1120,11.200000000000001,0,0.0007092415946077823,False,0,,8.213030018069537e-06
GRADIENT_BOOSTED,test-valve_restriction-01,TEST,1130,11.3,0,0.0007092415946077823,False,0,,8.213030018069537e-06
GRADIENT_BOOSTED,test-valve_restriction-01,TEST,1140,11.4,0,0.0007092415946077823,False,0,,8.213030018069537e-06
GRADIENT_BOOSTED,test-valve_restriction-01,TEST,1150,11.5,0,0.0007092415946077823,False,0,,8.213030018069537e-06
GRADIENT_BOOSTED,test-valve_restriction-01,TEST,1160,11.6,0,0.0007092415946077823,False,0,,8.213030018069537e-06
GRADIENT_BOOSTED,test-valve_restriction-01,TEST,1170,11.700000000000001,0,0.0007092415946077823,False,0,,8.213030018069537e-06
GRADIENT_BOOSTED,test-valve_restriction-01,TEST,1180,11.8,0,0.0007092415946077823,False,0,,8.213030018069537e-06
GRADIENT_BOOSTED,test-valve_restriction-01,TEST,1190,11.9,0,0.0007092415946077823,False,0,,8.213030018069537e-06
GRADIENT_BOOSTED,test-valve_restriction-01,TEST,1200,12.0,0,0.0007092415946077823,False,0,,8.213030018069537e-06
GRADIENT_BOOSTED,test-valve_restriction-01,TEST,1210,12.1,0,0.0007092415946077823,False,0,,8.213030018069537e-06
GRADIENT_BOOSTED,test-valve_restriction-01,TEST,1220,12.200000000000001,0,0.0007092415946077823,False,0,,8.213030018069537e-06
GRADIENT_BOOSTED,test-valve_restriction-01,TEST,1230,12.3,0,0.0007092415946077823,False,0,,8.213030018069537e-06
GRADIENT_BOOSTED,test-valve_restriction-01,TEST,1240,12.4,0,0.0007092415946077823,False,0,,8.213030018069537e-06
GRADIENT_BOOSTED,test-valve_restriction-01,TEST,1250,12.5,0,0.0007092415946077823,False,0,,8.213030018069537e-06
GRADIENT_BOOSTED,test-valve_restriction-01,TEST,1260,12.6,0,0.0007092415946077823,False,0,,8.213030018069537e-06
GRADIENT_BOOSTED,test-valve_restriction-01,TEST,1270,12.700000000000001,0,0.0007092415946077823,False,0,,8.213030018069537e-06
GRADIENT_BOOSTED,test-valve_restriction-01,TEST,1280,12.8,0,0.0007092415946077823,False,0,,8.213030018069537e-06
GRADIENT_BOOSTED,test-valve_restriction-01,TEST,1290,12.9,0,0.0007092415946077823,False,0,,8.213030018069537e-06
GRADIENT_BOOSTED,test-valve_restriction-01,TEST,1300,13.0,0,0.0007092415946077823,False,0,,8.213030018069537e-06
GRADIENT_BOOSTED,test-valve_restriction-02,TEST,430,4.3,0,0.019011485347538427,False,,,8.213030018069537e-06
GRADIENT_BOOSTED,test-valve_restriction-02,TEST,440,4.4,0,0.019011485347538427,False,,,8.213030018069537e-06
GRADIENT_BOOSTED,test-valve_restriction-02,TEST,450,4.5,0,0.019011485347538427,False,,,8.213030018069537e-06
GRADIENT_BOOSTED,test-valve_restriction-02,TEST,460,4.6000000000000005,0,0.019011485347538427,False,,,8.213030018069537e-06
GRADIENT_BOOSTED,test-valve_restriction-02,TEST,470,4.7,0,0.019011485347538427,False,,,8.213030018069537e-06
GRADIENT_BOOSTED,test-valve_restriction-02,TEST,480,4.8,0,0.019011485347538427,False,,,8.213030018069537e-06
GRADIENT_BOOSTED,test-valve_restriction-02,TEST,490,4.9,0,0.019011485347538427,False,,,8.213030018069537e-06
GRADIENT_BOOSTED,test-valve_restriction-02,TEST,500,5.0,0,0.019011485347538427,False,,,8.213030018069537e-06
GRADIENT_BOOSTED,test-valve_restriction-02,TEST,510,5.1000000000000005,0,0.019011485347538427,False,,,8.213030018069537e-06
GRADIENT_BOOSTED,test-valve_restriction-02,TEST,520,5.2,0,0.019011485347538427,False,,,8.213030018069537e-06
GRADIENT_BOOSTED,test-valve_restriction-02,TEST,530,5.3,0,0.019011485347538427,False,,,8.213030018069537e-06
GRADIENT_BOOSTED,test-valve_restriction-02,TEST,540,5.4,0,0.019011485347538427,False,,,8.213030018069537e-06
GRADIENT_BOOSTED,test-valve_restriction-02,TEST,550,5.5,0,0.019011485347538427,False,,,8.213030018069537e-06
GRADIENT_BOOSTED,test-valve_restriction-02,TEST,560,5.6000000000000005,0,0.019011485347538427,False,,,8.213030018069537e-06
GRADIENT_BOOSTED,test-valve_restriction-02,TEST,570,5.7,0,0.019011485347538427,False,,,8.213030018069537e-06
GRADIENT_BOOSTED,test-valve_restriction-02,TEST,580,5.8,0,0.019011485347538427,False,,,8.213030018069537e-06
GRADIENT_BOOSTED,test-valve_restriction-02,TEST,590,5.9,0,0.019011485347538427,False,,,8.213030018069537e-06
GRADIENT_BOOSTED,test-valve_restriction-02,TEST,600,6.0,0,0.019011485347538427,False,,,8.213030018069537e-06
GRADIENT_BOOSTED,test-valve_restriction-02,TEST,610,6.1000000000000005,0,0.0007092415946077823,False,0,,8.213030018069537e-06
GRADIENT_BOOSTED,test-valve_restriction-02,TEST,620,6.2,0,0.0007092415946077823,False,0,,8.213030018069537e-06
GRADIENT_BOOSTED,test-valve_restriction-02,TEST,630,6.3,0,0.0007092415946077823,False,0,,8.213030018069537e-06
GRADIENT_BOOSTED,test-valve_restriction-02,TEST,640,6.4,0,0.0007092415946077823,False,0,,8.213030018069537e-06
GRADIENT_BOOSTED,test-valve_restriction-02,TEST,650,6.5,0,0.0007092415946077823,False,0,,8.213030018069537e-06
GRADIENT_BOOSTED,test-valve_restriction-02,TEST,660,6.6000000000000005,0,0.0007092415946077823,False,0,,8.213030018069537e-06
GRADIENT_BOOSTED,test-valve_restriction-02,TEST,670,6.7,0,0.0007092415946077823,False,0,,8.213030018069537e-06
GRADIENT_BOOSTED,test-valve_restriction-02,TEST,680,6.8,0,0.0007092415946077823,False,0,,8.213030018069537e-06
GRADIENT_BOOSTED,test-valve_restriction-02,TEST,690,6.9,0,0.0007092415946077823,False,0,,8.213030018069537e-06
GRADIENT_BOOSTED,test-valve_restriction-02,TEST,700,7.0,0,0.0007092415946077823,False,0,,8.213030018069537e-06
GRADIENT_BOOSTED,test-valve_restriction-02,TEST,710,7.1000000000000005,0,0.0007092415946077823,False,0,,8.213030018069537e-06
GRADIENT_BOOSTED,test-valve_restriction-02,TEST,720,7.2,0,0.0007092415946077823,False,0,,8.213030018069537e-06
GRADIENT_BOOSTED,test-valve_restriction-02,TEST,730,7.3,0,0.0007092415946077823,False,0,,8.213030018069537e-06
GRADIENT_BOOSTED,test-valve_restriction-02,TEST,740,7.4,0,0.0007092415946077823,False,0,,8.213030018069537e-06
GRADIENT_BOOSTED,test-valve_restriction-02,TEST,750,7.5,0,0.0007092415946077823,False,0,,8.213030018069537e-06
GRADIENT_BOOSTED,test-valve_restriction-02,TEST,760,7.6000000000000005,0,0.0007092415946077823,False,0,,8.213030018069537e-06
GRADIENT_BOOSTED,test-valve_restriction-02,TEST,770,7.7,0,0.0007092415946077823,False,0,,8.213030018069537e-06
GRADIENT_BOOSTED,test-valve_restriction-02,TEST,780,7.8,0,0.0007092415946077823,False,0,,8.213030018069537e-06
GRADIENT_BOOSTED,test-valve_restriction-02,TEST,790,7.9,0,0.0007092415946077823,False,0,,8.213030018069537e-06
GRADIENT_BOOSTED,test-valve_restriction-02,TEST,800,8.0,0,0.0007092415946077823,False,0,,8.213030018069537e-06
GRADIENT_BOOSTED,test-valve_restriction-02,TEST,810,8.1,0,0.0007092415946077823,False,0,,8.213030018069537e-06
GRADIENT_BOOSTED,test-valve_restriction-02,TEST,820,8.2,0,0.0007092415946077823,False,0,,8.213030018069537e-06
GRADIENT_BOOSTED,test-valve_restriction-02,TEST,830,8.3,0,0.0007092415946077823,False,0,,8.213030018069537e-06
GRADIENT_BOOSTED,test-valve_restriction-02,TEST,840,8.4,0,0.0007092415946077823,False,0,,8.213030018069537e-06
GRADIENT_BOOSTED,test-valve_restriction-02,TEST,850,8.5,0,0.0007092415946077823,False,0,,8.213030018069537e-06
GRADIENT_BOOSTED,test-valve_restriction-02,TEST,860,8.6,0,0.0007092415946077823,False,0,,8.213030018069537e-06
GRADIENT_BOOSTED,test-valve_restriction-02,TEST,870,8.700000000000001,0,0.0007092415946077823,False,0,,8.213030018069537e-06
GRADIENT_BOOSTED,test-valve_restriction-02,TEST,880,8.8,0,0.0007092415946077823,False,0,,8.213030018069537e-06
GRADIENT_BOOSTED,test-valve_restriction-02,TEST,890,8.9,0,0.0007092415946077823,False,0,,8.213030018069537e-06
GRADIENT_BOOSTED,test-valve_restriction-02,TEST,900,9.0,0,0.0007092415946077823,False,0,,8.213030018069537e-06
GRADIENT_BOOSTED,test-valve_restriction-02,TEST,910,9.1,0,0.0007092415946077823,False,0,,8.213030018069537e-06
GRADIENT_BOOSTED,test-valve_restriction-02,TEST,920,9.200000000000001,0,0.0007092415946077823,False,0,,8.213030018069537e-06
GRADIENT_BOOSTED,test-valve_restriction-02,TEST,930,9.3,0,0.0007092415946077823,False,0,,8.213030018069537e-06
GRADIENT_BOOSTED,test-valve_restriction-02,TEST,940,9.4,0,0.0007092415946077823,False,0,,8.213030018069537e-06
GRADIENT_BOOSTED,test-valve_restriction-02,TEST,950,9.5,0,0.0007092415946077823,False,0,,8.213030018069537e-06
GRADIENT_BOOSTED,test-valve_restriction-02,TEST,960,9.6,0,0.0007092415946077823,False,0,,8.213030018069537e-06
GRADIENT_BOOSTED,test-valve_restriction-02,TEST,970,9.700000000000001,0,0.0007092415946077823,False,0,,8.213030018069537e-06
GRADIENT_BOOSTED,test-valve_restriction-02,TEST,980,9.8,0,0.0007092415946077823,False,0,,8.213030018069537e-06
GRADIENT_BOOSTED,test-valve_restriction-02,TEST,990,9.9,0,0.0007092415946077823,False,0,,8.213030018069537e-06
GRADIENT_BOOSTED,test-valve_restriction-02,TEST,1000,10.0,0,0.0007092415946077823,False,0,,8.213030018069537e-06
GRADIENT_BOOSTED,test-valve_restriction-02,TEST,1010,10.1,0,0.0007092415946077823,False,0,,8.213030018069537e-06
GRADIENT_BOOSTED,test-valve_restriction-02,TEST,1020,10.200000000000001,0,0.0007092415946077823,False,0,,8.213030018069537e-06
GRADIENT_BOOSTED,test-valve_restriction-02,TEST,1030,10.3,0,0.0007092415946077823,False,0,,8.213030018069537e-06
GRADIENT_BOOSTED,test-valve_restriction-02,TEST,1040,10.4,0,0.0007092415946077823,False,0,,8.213030018069537e-06
GRADIENT_BOOSTED,test-valve_restriction-02,TEST,1050,10.5,0,0.0007092415946077823,False,0,,8.213030018069537e-06
GRADIENT_BOOSTED,test-valve_restriction-02,TEST,1060,10.6,0,0.0007092415946077823,False,0,,8.213030018069537e-06
GRADIENT_BOOSTED,test-valve_restriction-02,TEST,1070,10.700000000000001,0,0.0007092415946077823,False,0,,8.213030018069537e-06
GRADIENT_BOOSTED,test-valve_restriction-02,TEST,1080,10.8,0,0.0007092415946077823,False,0,,8.213030018069537e-06
GRADIENT_BOOSTED,test-valve_restriction-02,TEST,1090,10.9,0,0.0007092415946077823,False,0,,8.213030018069537e-06
GRADIENT_BOOSTED,test-valve_restriction-02,TEST,1100,11.0,0,0.0007092415946077823,False,0,,8.213030018069537e-06
GRADIENT_BOOSTED,test-valve_restriction-02,TEST,1110,11.1,0,0.0007092415946077823,False,0,,8.213030018069537e-06
GRADIENT_BOOSTED,test-valve_restriction-02,TEST,1120,11.200000000000001,0,0.0007092415946077823,False,0,,8.213030018069537e-06
GRADIENT_BOOSTED,test-valve_restriction-02,TEST,1130,11.3,0,0.0007092415946077823,False,0,,8.213030018069537e-06
GRADIENT_BOOSTED,test-valve_restriction-02,TEST,1140,11.4,0,0.0007092415946077823,False,0,,8.213030018069537e-06
GRADIENT_BOOSTED,test-valve_restriction-02,TEST,1150,11.5,0,0.0007092415946077823,False,0,,8.213030018069537e-06
GRADIENT_BOOSTED,test-valve_restriction-02,TEST,1160,11.6,0,0.0007092415946077823,False,0,,8.213030018069537e-06
GRADIENT_BOOSTED,test-valve_restriction-02,TEST,1170,11.700000000000001,0,0.0007092415946077823,False,0,,8.213030018069537e-06
GRADIENT_BOOSTED,test-valve_restriction-02,TEST,1180,11.8,0,0.0007092415946077823,False,0,,8.213030018069537e-06
GRADIENT_BOOSTED,test-valve_restriction-02,TEST,1190,11.9,0,0.0007092415946077823,False,0,,8.213030018069537e-06
GRADIENT_BOOSTED,test-valve_restriction-02,TEST,1200,12.0,0,0.0007092415946077823,False,0,,8.213030018069537e-06
GRADIENT_BOOSTED,test-valve_restriction-02,TEST,1210,12.1,0,0.0007092415946077823,False,0,,8.213030018069537e-06
GRADIENT_BOOSTED,test-valve_restriction-02,TEST,1220,12.200000000000001,0,0.0007092415946077823,False,0,,8.213030018069537e-06
GRADIENT_BOOSTED,test-valve_restriction-02,TEST,1230,12.3,0,0.0007092415946077823,False,0,,8.213030018069537e-06
GRADIENT_BOOSTED,test-valve_restriction-02,TEST,1240,12.4,0,0.0007092415946077823,False,0,,8.213030018069537e-06
GRADIENT_BOOSTED,test-valve_restriction-02,TEST,1250,12.5,0,0.0007092415946077823,False,0,,8.213030018069537e-06
GRADIENT_BOOSTED,test-valve_restriction-02,TEST,1260,12.6,0,0.0007092415946077823,False,0,,8.213030018069537e-06
GRADIENT_BOOSTED,test-valve_restriction-02,TEST,1270,12.700000000000001,0,0.0007092415946077823,False,0,,8.213030018069537e-06
GRADIENT_BOOSTED,test-valve_restriction-02,TEST,1280,12.8,0,0.0007092415946077823,False,0,,8.213030018069537e-06
GRADIENT_BOOSTED,test-valve_restriction-02,TEST,1290,12.9,0,0.0007092415946077823,False,0,,8.213030018069537e-06
GRADIENT_BOOSTED,test-valve_restriction-02,TEST,1300,13.0,0,0.0007092415946077823,False,0,,8.213030018069537e-06
GRADIENT_BOOSTED,test-valve_restriction-03,TEST,430,4.3,1,0.9496750928678782,True,,7.01,8.213030018069537e-06
GRADIENT_BOOSTED,test-valve_restriction-03,TEST,440,4.4,1,0.9496750928678782,True,,7.01,8.213030018069537e-06
GRADIENT_BOOSTED,test-valve_restriction-03,TEST,450,4.5,1,0.9496750928678782,True,,7.01,8.213030018069537e-06
GRADIENT_BOOSTED,test-valve_restriction-03,TEST,460,4.6000000000000005,1,0.9496750928678782,True,,7.01,8.213030018069537e-06
GRADIENT_BOOSTED,test-valve_restriction-03,TEST,470,4.7,1,0.9496750928678782,True,,7.01,8.213030018069537e-06
GRADIENT_BOOSTED,test-valve_restriction-03,TEST,480,4.8,1,0.9496750928678782,True,,7.01,8.213030018069537e-06
GRADIENT_BOOSTED,test-valve_restriction-03,TEST,490,4.9,1,0.9496750928678782,True,,7.01,8.213030018069537e-06
GRADIENT_BOOSTED,test-valve_restriction-03,TEST,500,5.0,1,0.9496750928678782,True,,7.01,8.213030018069537e-06
GRADIENT_BOOSTED,test-valve_restriction-03,TEST,510,5.1000000000000005,1,0.9496750928678782,True,,7.01,8.213030018069537e-06
GRADIENT_BOOSTED,test-valve_restriction-03,TEST,520,5.2,1,0.9496750928678782,True,,7.01,8.213030018069537e-06
GRADIENT_BOOSTED,test-valve_restriction-03,TEST,530,5.3,1,0.9496750928678782,True,,7.01,8.213030018069537e-06
GRADIENT_BOOSTED,test-valve_restriction-03,TEST,540,5.4,1,0.9496750928678782,True,,7.01,8.213030018069537e-06
GRADIENT_BOOSTED,test-valve_restriction-03,TEST,550,5.5,1,0.9496750928678782,True,,7.01,8.213030018069537e-06
GRADIENT_BOOSTED,test-valve_restriction-03,TEST,560,5.6000000000000005,1,0.9496750928678782,True,,7.01,8.213030018069537e-06
GRADIENT_BOOSTED,test-valve_restriction-03,TEST,570,5.7,1,0.9496750928678782,True,,7.01,8.213030018069537e-06
GRADIENT_BOOSTED,test-valve_restriction-03,TEST,580,5.8,1,0.9496750928678782,True,,7.01,8.213030018069537e-06
GRADIENT_BOOSTED,test-valve_restriction-03,TEST,590,5.9,1,0.9496750928678782,True,,7.01,8.213030018069537e-06
GRADIENT_BOOSTED,test-valve_restriction-03,TEST,600,6.0,1,0.9496750928678782,True,,7.01,8.213030018069537e-06
GRADIENT_BOOSTED,test-valve_restriction-03,TEST,610,6.1000000000000005,1,0.9496750928678782,True,,7.01,8.213030018069537e-06
GRADIENT_BOOSTED,test-valve_restriction-03,TEST,620,6.2,1,0.9496750928678782,True,,7.01,8.213030018069537e-06
GRADIENT_BOOSTED,test-valve_restriction-03,TEST,630,6.3,1,0.9496750928678782,True,,7.01,8.213030018069537e-06
GRADIENT_BOOSTED,test-valve_restriction-03,TEST,640,6.4,1,0.9496750928678782,True,,7.01,8.213030018069537e-06
GRADIENT_BOOSTED,test-valve_restriction-03,TEST,650,6.5,1,0.9496750928678782,True,,7.01,8.213030018069537e-06
GRADIENT_BOOSTED,test-valve_restriction-03,TEST,660,6.6000000000000005,1,0.9496750928678782,True,,7.01,8.213030018069537e-06
GRADIENT_BOOSTED,test-valve_restriction-03,TEST,670,6.7,1,0.9496750928678782,True,,7.01,8.213030018069537e-06
GRADIENT_BOOSTED,test-valve_restriction-03,TEST,680,6.8,1,0.9496750928678782,True,,7.01,8.213030018069537e-06
GRADIENT_BOOSTED,test-valve_restriction-03,TEST,690,6.9,1,0.9496750928678782,True,,7.01,8.213030018069537e-06
GRADIENT_BOOSTED,test-valve_restriction-03,TEST,700,7.0,1,0.9496750928678782,True,,7.01,8.213030018069537e-06
GRADIENT_BOOSTED,test-tool_demand_spike-00,TEST,430,4.3,0,0.0007092415946077823,False,0,,8.213030018069537e-06
GRADIENT_BOOSTED,test-tool_demand_spike-00,TEST,440,4.4,0,0.0007092415946077823,False,0,,8.213030018069537e-06
GRADIENT_BOOSTED,test-tool_demand_spike-00,TEST,450,4.5,0,0.0007092415946077823,False,0,,8.213030018069537e-06
GRADIENT_BOOSTED,test-tool_demand_spike-00,TEST,460,4.6000000000000005,0,0.0007092415946077823,False,0,,8.213030018069537e-06
GRADIENT_BOOSTED,test-tool_demand_spike-00,TEST,470,4.7,0,0.0007092415946077823,False,0,,8.213030018069537e-06
GRADIENT_BOOSTED,test-tool_demand_spike-00,TEST,480,4.8,0,0.0007092415946077823,False,0,,8.213030018069537e-06
GRADIENT_BOOSTED,test-tool_demand_spike-00,TEST,490,4.9,0,0.0007092415946077823,False,0,,8.213030018069537e-06
GRADIENT_BOOSTED,test-tool_demand_spike-00,TEST,500,5.0,0,0.0007092415946077823,False,0,,8.213030018069537e-06
GRADIENT_BOOSTED,test-tool_demand_spike-00,TEST,510,5.1000000000000005,0,0.0007092415946077823,False,0,,8.213030018069537e-06
GRADIENT_BOOSTED,test-tool_demand_spike-00,TEST,520,5.2,0,0.0007092415946077823,False,0,,8.213030018069537e-06
GRADIENT_BOOSTED,test-tool_demand_spike-00,TEST,530,5.3,0,0.0007092415946077823,False,0,,8.213030018069537e-06
GRADIENT_BOOSTED,test-tool_demand_spike-00,TEST,540,5.4,0,0.0007092415946077823,False,0,,8.213030018069537e-06
GRADIENT_BOOSTED,test-tool_demand_spike-00,TEST,550,5.5,0,0.0007092415946077823,False,0,,8.213030018069537e-06
GRADIENT_BOOSTED,test-tool_demand_spike-00,TEST,560,5.6000000000000005,0,0.0007092415946077823,False,0,,8.213030018069537e-06
GRADIENT_BOOSTED,test-tool_demand_spike-00,TEST,570,5.7,0,0.0007092415946077823,False,0,,8.213030018069537e-06
GRADIENT_BOOSTED,test-tool_demand_spike-00,TEST,580,5.8,0,0.0007092415946077823,False,0,,8.213030018069537e-06
GRADIENT_BOOSTED,test-tool_demand_spike-00,TEST,590,5.9,0,0.0007092415946077823,False,0,,8.213030018069537e-06
GRADIENT_BOOSTED,test-tool_demand_spike-00,TEST,600,6.0,0,0.0007092415946077823,False,0,,8.213030018069537e-06
GRADIENT_BOOSTED,test-tool_demand_spike-00,TEST,610,6.1000000000000005,0,0.0007092415946077823,False,0,,8.213030018069537e-06
GRADIENT_BOOSTED,test-tool_demand_spike-00,TEST,620,6.2,0,0.0007092415946077823,False,0,,8.213030018069537e-06
GRADIENT_BOOSTED,test-tool_demand_spike-00,TEST,630,6.3,0,0.0007092415946077823,False,0,,8.213030018069537e-06
GRADIENT_BOOSTED,test-tool_demand_spike-00,TEST,640,6.4,0,0.0007092415946077823,False,0,,8.213030018069537e-06
GRADIENT_BOOSTED,test-tool_demand_spike-00,TEST,650,6.5,0,0.0007092415946077823,False,0,,8.213030018069537e-06
GRADIENT_BOOSTED,test-tool_demand_spike-00,TEST,660,6.6000000000000005,0,0.0007092415946077823,False,0,,8.213030018069537e-06
GRADIENT_BOOSTED,test-tool_demand_spike-00,TEST,670,6.7,0,0.0007092415946077823,False,0,,8.213030018069537e-06
GRADIENT_BOOSTED,test-tool_demand_spike-00,TEST,680,6.8,0,0.0007092415946077823,False,0,,8.213030018069537e-06
GRADIENT_BOOSTED,test-tool_demand_spike-00,TEST,690,6.9,0,0.0007092415946077823,False,0,,8.213030018069537e-06
GRADIENT_BOOSTED,test-tool_demand_spike-00,TEST,700,7.0,0,0.0007092415946077823,False,0,,8.213030018069537e-06
GRADIENT_BOOSTED,test-tool_demand_spike-00,TEST,710,7.1000000000000005,0,0.0007092415946077823,False,0,,8.213030018069537e-06
GRADIENT_BOOSTED,test-tool_demand_spike-00,TEST,720,7.2,0,0.0007092415946077823,False,0,,8.213030018069537e-06
GRADIENT_BOOSTED,test-tool_demand_spike-00,TEST,730,7.3,0,0.0007092415946077823,False,0,,8.213030018069537e-06
GRADIENT_BOOSTED,test-tool_demand_spike-00,TEST,740,7.4,0,0.0007092415946077823,False,0,,8.213030018069537e-06
GRADIENT_BOOSTED,test-tool_demand_spike-00,TEST,750,7.5,0,0.0007092415946077823,False,0,,8.213030018069537e-06
GRADIENT_BOOSTED,test-tool_demand_spike-00,TEST,760,7.6000000000000005,0,0.0007092415946077823,False,0,,8.213030018069537e-06
GRADIENT_BOOSTED,test-tool_demand_spike-00,TEST,770,7.7,0,0.0007092415946077823,False,0,,8.213030018069537e-06
GRADIENT_BOOSTED,test-tool_demand_spike-00,TEST,780,7.8,0,0.0007092415946077823,False,0,,8.213030018069537e-06
GRADIENT_BOOSTED,test-tool_demand_spike-00,TEST,790,7.9,0,0.0007092415946077823,False,0,,8.213030018069537e-06
GRADIENT_BOOSTED,test-tool_demand_spike-00,TEST,800,8.0,0,0.0007092415946077823,False,0,,8.213030018069537e-06
GRADIENT_BOOSTED,test-tool_demand_spike-00,TEST,810,8.1,0,0.0007092415946077823,False,0,,8.213030018069537e-06
GRADIENT_BOOSTED,test-tool_demand_spike-00,TEST,820,8.2,0,0.0007092415946077823,False,0,,8.213030018069537e-06
GRADIENT_BOOSTED,test-tool_demand_spike-00,TEST,830,8.3,0,0.0007092415946077823,False,0,,8.213030018069537e-06
GRADIENT_BOOSTED,test-tool_demand_spike-00,TEST,840,8.4,0,0.0007092415946077823,False,0,,8.213030018069537e-06
GRADIENT_BOOSTED,test-tool_demand_spike-00,TEST,850,8.5,0,0.0007092415946077823,False,0,,8.213030018069537e-06
GRADIENT_BOOSTED,test-tool_demand_spike-00,TEST,860,8.6,0,0.0007092415946077823,False,0,,8.213030018069537e-06
GRADIENT_BOOSTED,test-tool_demand_spike-00,TEST,870,8.700000000000001,0,0.0007092415946077823,False,0,,8.213030018069537e-06
GRADIENT_BOOSTED,test-tool_demand_spike-00,TEST,880,8.8,0,0.0007092415946077823,False,0,,8.213030018069537e-06
GRADIENT_BOOSTED,test-tool_demand_spike-00,TEST,890,8.9,0,0.0007092415946077823,False,0,,8.213030018069537e-06
GRADIENT_BOOSTED,test-tool_demand_spike-00,TEST,900,9.0,0,0.0007092415946077823,False,0,,8.213030018069537e-06
GRADIENT_BOOSTED,test-tool_demand_spike-00,TEST,910,9.1,0,0.0007092415946077823,False,0,,8.213030018069537e-06
GRADIENT_BOOSTED,test-tool_demand_spike-00,TEST,920,9.200000000000001,0,0.0007092415946077823,False,0,,8.213030018069537e-06
GRADIENT_BOOSTED,test-tool_demand_spike-00,TEST,930,9.3,0,0.0007092415946077823,False,0,,8.213030018069537e-06
GRADIENT_BOOSTED,test-tool_demand_spike-00,TEST,940,9.4,0,0.0007092415946077823,False,0,,8.213030018069537e-06
GRADIENT_BOOSTED,test-tool_demand_spike-00,TEST,950,9.5,0,0.0007092415946077823,False,0,,8.213030018069537e-06
GRADIENT_BOOSTED,test-tool_demand_spike-00,TEST,960,9.6,0,0.0007092415946077823,False,0,,8.213030018069537e-06
GRADIENT_BOOSTED,test-tool_demand_spike-00,TEST,970,9.700000000000001,0,0.0007092415946077823,False,0,,8.213030018069537e-06
GRADIENT_BOOSTED,test-tool_demand_spike-00,TEST,980,9.8,0,0.0007092415946077823,False,0,,8.213030018069537e-06
GRADIENT_BOOSTED,test-tool_demand_spike-00,TEST,990,9.9,0,0.0007092415946077823,False,0,,8.213030018069537e-06
GRADIENT_BOOSTED,test-tool_demand_spike-00,TEST,1000,10.0,0,0.0007092415946077823,False,0,,8.213030018069537e-06
GRADIENT_BOOSTED,test-tool_demand_spike-00,TEST,1010,10.1,0,0.0007092415946077823,False,0,,8.213030018069537e-06
GRADIENT_BOOSTED,test-tool_demand_spike-00,TEST,1020,10.200000000000001,0,0.0007092415946077823,False,0,,8.213030018069537e-06
GRADIENT_BOOSTED,test-tool_demand_spike-00,TEST,1030,10.3,0,0.0007092415946077823,False,0,,8.213030018069537e-06
GRADIENT_BOOSTED,test-tool_demand_spike-00,TEST,1040,10.4,0,0.0007092415946077823,False,0,,8.213030018069537e-06
GRADIENT_BOOSTED,test-tool_demand_spike-00,TEST,1050,10.5,0,0.0007092415946077823,False,0,,8.213030018069537e-06
GRADIENT_BOOSTED,test-tool_demand_spike-00,TEST,1060,10.6,0,0.0007092415946077823,False,0,,8.213030018069537e-06
GRADIENT_BOOSTED,test-tool_demand_spike-00,TEST,1070,10.700000000000001,0,0.0007092415946077823,False,0,,8.213030018069537e-06
GRADIENT_BOOSTED,test-tool_demand_spike-00,TEST,1080,10.8,0,0.0007092415946077823,False,0,,8.213030018069537e-06
GRADIENT_BOOSTED,test-tool_demand_spike-00,TEST,1090,10.9,0,0.0007092415946077823,False,0,,8.213030018069537e-06
GRADIENT_BOOSTED,test-tool_demand_spike-00,TEST,1100,11.0,0,0.0007092415946077823,False,0,,8.213030018069537e-06
GRADIENT_BOOSTED,test-tool_demand_spike-00,TEST,1110,11.1,0,0.0007092415946077823,False,0,,8.213030018069537e-06
GRADIENT_BOOSTED,test-tool_demand_spike-00,TEST,1120,11.200000000000001,0,0.0007092415946077823,False,0,,8.213030018069537e-06
GRADIENT_BOOSTED,test-tool_demand_spike-00,TEST,1130,11.3,0,0.0007092415946077823,False,0,,8.213030018069537e-06
GRADIENT_BOOSTED,test-tool_demand_spike-00,TEST,1140,11.4,0,0.0007092415946077823,False,0,,8.213030018069537e-06
GRADIENT_BOOSTED,test-tool_demand_spike-00,TEST,1150,11.5,0,0.0007092415946077823,False,0,,8.213030018069537e-06
GRADIENT_BOOSTED,test-tool_demand_spike-00,TEST,1160,11.6,0,0.0007092415946077823,False,0,,8.213030018069537e-06
GRADIENT_BOOSTED,test-tool_demand_spike-00,TEST,1170,11.700000000000001,0,0.0007092415946077823,False,0,,8.213030018069537e-06
GRADIENT_BOOSTED,test-tool_demand_spike-00,TEST,1180,11.8,0,0.0007092415946077823,False,0,,8.213030018069537e-06
GRADIENT_BOOSTED,test-tool_demand_spike-00,TEST,1190,11.9,0,0.0007092415946077823,False,0,,8.213030018069537e-06
GRADIENT_BOOSTED,test-tool_demand_spike-00,TEST,1200,12.0,0,0.0007092415946077823,False,0,,8.213030018069537e-06
GRADIENT_BOOSTED,test-tool_demand_spike-00,TEST,1210,12.1,0,0.0007092415946077823,False,0,,8.213030018069537e-06
GRADIENT_BOOSTED,test-tool_demand_spike-00,TEST,1220,12.200000000000001,0,0.0007092415946077823,False,0,,8.213030018069537e-06
GRADIENT_BOOSTED,test-tool_demand_spike-00,TEST,1230,12.3,0,0.0007092415946077823,False,0,,8.213030018069537e-06
GRADIENT_BOOSTED,test-tool_demand_spike-00,TEST,1240,12.4,0,0.0007092415946077823,False,0,,8.213030018069537e-06
GRADIENT_BOOSTED,test-tool_demand_spike-00,TEST,1250,12.5,0,0.0007092415946077823,False,0,,8.213030018069537e-06
GRADIENT_BOOSTED,test-tool_demand_spike-00,TEST,1260,12.6,0,0.0007092415946077823,False,0,,8.213030018069537e-06
GRADIENT_BOOSTED,test-tool_demand_spike-00,TEST,1270,12.700000000000001,0,0.0007092415946077823,False,0,,8.213030018069537e-06
GRADIENT_BOOSTED,test-tool_demand_spike-00,TEST,1280,12.8,0,0.0007092415946077823,False,0,,8.213030018069537e-06
GRADIENT_BOOSTED,test-tool_demand_spike-00,TEST,1290,12.9,0,0.0007092415946077823,False,0,,8.213030018069537e-06
GRADIENT_BOOSTED,test-tool_demand_spike-00,TEST,1300,13.0,0,0.0007092415946077823,False,0,,8.213030018069537e-06
GRADIENT_BOOSTED,test-tool_demand_spike-01,TEST,430,4.3,0,0.0007092415946077823,False,0,,8.213030018069537e-06
GRADIENT_BOOSTED,test-tool_demand_spike-01,TEST,440,4.4,0,0.0007092415946077823,False,0,,8.213030018069537e-06
GRADIENT_BOOSTED,test-tool_demand_spike-01,TEST,450,4.5,0,0.0007092415946077823,False,0,,8.213030018069537e-06
GRADIENT_BOOSTED,test-tool_demand_spike-01,TEST,460,4.6000000000000005,0,0.0007092415946077823,False,0,,8.213030018069537e-06
GRADIENT_BOOSTED,test-tool_demand_spike-01,TEST,470,4.7,0,0.0007092415946077823,False,0,,8.213030018069537e-06
GRADIENT_BOOSTED,test-tool_demand_spike-01,TEST,480,4.8,0,0.0007092415946077823,False,0,,8.213030018069537e-06
GRADIENT_BOOSTED,test-tool_demand_spike-01,TEST,490,4.9,0,0.0007092415946077823,False,0,,8.213030018069537e-06
GRADIENT_BOOSTED,test-tool_demand_spike-01,TEST,500,5.0,0,0.0007092415946077823,False,0,,8.213030018069537e-06
GRADIENT_BOOSTED,test-tool_demand_spike-01,TEST,510,5.1000000000000005,0,0.0007092415946077823,False,0,,8.213030018069537e-06
GRADIENT_BOOSTED,test-tool_demand_spike-01,TEST,520,5.2,0,0.0007092415946077823,False,0,,8.213030018069537e-06
GRADIENT_BOOSTED,test-tool_demand_spike-01,TEST,530,5.3,0,0.0007092415946077823,False,0,,8.213030018069537e-06
GRADIENT_BOOSTED,test-tool_demand_spike-01,TEST,540,5.4,0,0.0007092415946077823,False,0,,8.213030018069537e-06
GRADIENT_BOOSTED,test-tool_demand_spike-01,TEST,550,5.5,0,0.0007092415946077823,False,0,,8.213030018069537e-06
GRADIENT_BOOSTED,test-tool_demand_spike-01,TEST,560,5.6000000000000005,0,0.0007092415946077823,False,0,,8.213030018069537e-06
GRADIENT_BOOSTED,test-tool_demand_spike-01,TEST,570,5.7,0,0.0007092415946077823,False,0,,8.213030018069537e-06
GRADIENT_BOOSTED,test-tool_demand_spike-01,TEST,580,5.8,0,0.0007092415946077823,False,0,,8.213030018069537e-06
GRADIENT_BOOSTED,test-tool_demand_spike-01,TEST,590,5.9,0,0.0007092415946077823,False,0,,8.213030018069537e-06
GRADIENT_BOOSTED,test-tool_demand_spike-01,TEST,600,6.0,0,0.0007092415946077823,False,0,,8.213030018069537e-06
GRADIENT_BOOSTED,test-tool_demand_spike-01,TEST,610,6.1000000000000005,0,0.0007092415946077823,False,0,,8.213030018069537e-06
GRADIENT_BOOSTED,test-tool_demand_spike-01,TEST,620,6.2,0,0.0007092415946077823,False,0,,8.213030018069537e-06
GRADIENT_BOOSTED,test-tool_demand_spike-01,TEST,630,6.3,0,0.0007092415946077823,False,0,,8.213030018069537e-06
GRADIENT_BOOSTED,test-tool_demand_spike-01,TEST,640,6.4,0,0.0007092415946077823,False,0,,8.213030018069537e-06
GRADIENT_BOOSTED,test-tool_demand_spike-01,TEST,650,6.5,0,0.0007092415946077823,False,0,,8.213030018069537e-06
GRADIENT_BOOSTED,test-tool_demand_spike-01,TEST,660,6.6000000000000005,0,0.0007092415946077823,False,0,,8.213030018069537e-06
GRADIENT_BOOSTED,test-tool_demand_spike-01,TEST,670,6.7,0,0.0007092415946077823,False,0,,8.213030018069537e-06
GRADIENT_BOOSTED,test-tool_demand_spike-01,TEST,680,6.8,0,0.0007092415946077823,False,0,,8.213030018069537e-06
GRADIENT_BOOSTED,test-tool_demand_spike-01,TEST,690,6.9,0,0.0007092415946077823,False,0,,8.213030018069537e-06
GRADIENT_BOOSTED,test-tool_demand_spike-01,TEST,700,7.0,0,0.0007092415946077823,False,0,,8.213030018069537e-06
GRADIENT_BOOSTED,test-tool_demand_spike-01,TEST,710,7.1000000000000005,0,0.0007092415946077823,False,0,,8.213030018069537e-06
GRADIENT_BOOSTED,test-tool_demand_spike-01,TEST,720,7.2,0,0.0007092415946077823,False,0,,8.213030018069537e-06
GRADIENT_BOOSTED,test-tool_demand_spike-01,TEST,730,7.3,0,0.0007092415946077823,False,0,,8.213030018069537e-06
GRADIENT_BOOSTED,test-tool_demand_spike-01,TEST,740,7.4,0,0.0007092415946077823,False,0,,8.213030018069537e-06
GRADIENT_BOOSTED,test-tool_demand_spike-01,TEST,750,7.5,0,0.0007092415946077823,False,0,,8.213030018069537e-06
GRADIENT_BOOSTED,test-tool_demand_spike-01,TEST,760,7.6000000000000005,0,0.0007092415946077823,False,0,,8.213030018069537e-06
GRADIENT_BOOSTED,test-tool_demand_spike-01,TEST,770,7.7,0,0.0007092415946077823,False,0,,8.213030018069537e-06
GRADIENT_BOOSTED,test-tool_demand_spike-01,TEST,780,7.8,0,0.0007092415946077823,False,0,,8.213030018069537e-06
GRADIENT_BOOSTED,test-tool_demand_spike-01,TEST,790,7.9,0,0.0007092415946077823,False,0,,8.213030018069537e-06
GRADIENT_BOOSTED,test-tool_demand_spike-01,TEST,800,8.0,0,0.0007092415946077823,False,0,,8.213030018069537e-06
GRADIENT_BOOSTED,test-tool_demand_spike-01,TEST,810,8.1,0,0.0007092415946077823,False,0,,8.213030018069537e-06
GRADIENT_BOOSTED,test-tool_demand_spike-01,TEST,820,8.2,0,0.0007092415946077823,False,0,,8.213030018069537e-06
GRADIENT_BOOSTED,test-tool_demand_spike-01,TEST,830,8.3,0,0.0007092415946077823,False,0,,8.213030018069537e-06
GRADIENT_BOOSTED,test-tool_demand_spike-01,TEST,840,8.4,0,0.0007092415946077823,False,0,,8.213030018069537e-06
GRADIENT_BOOSTED,test-tool_demand_spike-01,TEST,850,8.5,0,0.0007092415946077823,False,0,,8.213030018069537e-06
GRADIENT_BOOSTED,test-tool_demand_spike-01,TEST,860,8.6,0,0.0007092415946077823,False,0,,8.213030018069537e-06
GRADIENT_BOOSTED,test-tool_demand_spike-01,TEST,870,8.700000000000001,0,0.0007092415946077823,False,0,,8.213030018069537e-06
GRADIENT_BOOSTED,test-tool_demand_spike-01,TEST,880,8.8,0,0.0007092415946077823,False,0,,8.213030018069537e-06
GRADIENT_BOOSTED,test-tool_demand_spike-01,TEST,890,8.9,0,0.0007092415946077823,False,0,,8.213030018069537e-06
GRADIENT_BOOSTED,test-tool_demand_spike-01,TEST,900,9.0,0,0.0007092415946077823,False,0,,8.213030018069537e-06
GRADIENT_BOOSTED,test-tool_demand_spike-01,TEST,910,9.1,0,0.0007092415946077823,False,0,,8.213030018069537e-06
GRADIENT_BOOSTED,test-tool_demand_spike-01,TEST,920,9.200000000000001,0,0.0007092415946077823,False,0,,8.213030018069537e-06
GRADIENT_BOOSTED,test-tool_demand_spike-01,TEST,930,9.3,0,0.0007092415946077823,False,0,,8.213030018069537e-06
GRADIENT_BOOSTED,test-tool_demand_spike-01,TEST,940,9.4,0,0.0007092415946077823,False,0,,8.213030018069537e-06
GRADIENT_BOOSTED,test-tool_demand_spike-01,TEST,950,9.5,0,0.0007092415946077823,False,0,,8.213030018069537e-06
GRADIENT_BOOSTED,test-tool_demand_spike-01,TEST,960,9.6,0,0.0007092415946077823,False,0,,8.213030018069537e-06
GRADIENT_BOOSTED,test-tool_demand_spike-01,TEST,970,9.700000000000001,0,0.0007092415946077823,False,0,,8.213030018069537e-06
GRADIENT_BOOSTED,test-tool_demand_spike-01,TEST,980,9.8,0,0.0007092415946077823,False,0,,8.213030018069537e-06
GRADIENT_BOOSTED,test-tool_demand_spike-01,TEST,990,9.9,0,0.0007092415946077823,False,0,,8.213030018069537e-06
GRADIENT_BOOSTED,test-tool_demand_spike-01,TEST,1000,10.0,0,0.0007092415946077823,False,0,,8.213030018069537e-06
GRADIENT_BOOSTED,test-tool_demand_spike-01,TEST,1010,10.1,0,0.0007092415946077823,False,0,,8.213030018069537e-06
GRADIENT_BOOSTED,test-tool_demand_spike-01,TEST,1020,10.200000000000001,0,0.0007092415946077823,False,0,,8.213030018069537e-06
GRADIENT_BOOSTED,test-tool_demand_spike-01,TEST,1030,10.3,0,0.0007092415946077823,False,0,,8.213030018069537e-06
GRADIENT_BOOSTED,test-tool_demand_spike-01,TEST,1040,10.4,0,0.0007092415946077823,False,0,,8.213030018069537e-06
GRADIENT_BOOSTED,test-tool_demand_spike-01,TEST,1050,10.5,0,0.0007092415946077823,False,0,,8.213030018069537e-06
GRADIENT_BOOSTED,test-tool_demand_spike-01,TEST,1060,10.6,0,0.0007092415946077823,False,0,,8.213030018069537e-06
GRADIENT_BOOSTED,test-tool_demand_spike-01,TEST,1070,10.700000000000001,0,0.0007092415946077823,False,0,,8.213030018069537e-06
GRADIENT_BOOSTED,test-tool_demand_spike-01,TEST,1080,10.8,0,0.0007092415946077823,False,0,,8.213030018069537e-06
GRADIENT_BOOSTED,test-tool_demand_spike-01,TEST,1090,10.9,0,0.0007092415946077823,False,0,,8.213030018069537e-06
GRADIENT_BOOSTED,test-tool_demand_spike-01,TEST,1100,11.0,0,0.0007092415946077823,False,0,,8.213030018069537e-06
GRADIENT_BOOSTED,test-tool_demand_spike-01,TEST,1110,11.1,0,0.0007092415946077823,False,0,,8.213030018069537e-06
GRADIENT_BOOSTED,test-tool_demand_spike-01,TEST,1120,11.200000000000001,0,0.0007092415946077823,False,0,,8.213030018069537e-06
GRADIENT_BOOSTED,test-tool_demand_spike-01,TEST,1130,11.3,0,0.0007092415946077823,False,0,,8.213030018069537e-06
GRADIENT_BOOSTED,test-tool_demand_spike-01,TEST,1140,11.4,0,0.0007092415946077823,False,0,,8.213030018069537e-06
GRADIENT_BOOSTED,test-tool_demand_spike-01,TEST,1150,11.5,0,0.0007092415946077823,False,0,,8.213030018069537e-06
GRADIENT_BOOSTED,test-tool_demand_spike-01,TEST,1160,11.6,0,0.0007092415946077823,False,0,,8.213030018069537e-06
GRADIENT_BOOSTED,test-tool_demand_spike-01,TEST,1170,11.700000000000001,0,0.0007092415946077823,False,0,,8.213030018069537e-06
GRADIENT_BOOSTED,test-tool_demand_spike-01,TEST,1180,11.8,0,0.0007092415946077823,False,0,,8.213030018069537e-06
GRADIENT_BOOSTED,test-tool_demand_spike-01,TEST,1190,11.9,0,0.0007092415946077823,False,0,,8.213030018069537e-06
GRADIENT_BOOSTED,test-tool_demand_spike-01,TEST,1200,12.0,0,0.0007092415946077823,False,0,,8.213030018069537e-06
GRADIENT_BOOSTED,test-tool_demand_spike-01,TEST,1210,12.1,0,0.0007092415946077823,False,0,,8.213030018069537e-06
GRADIENT_BOOSTED,test-tool_demand_spike-01,TEST,1220,12.200000000000001,0,0.0007092415946077823,False,0,,8.213030018069537e-06
GRADIENT_BOOSTED,test-tool_demand_spike-01,TEST,1230,12.3,0,0.0007092415946077823,False,0,,8.213030018069537e-06
GRADIENT_BOOSTED,test-tool_demand_spike-01,TEST,1240,12.4,0,0.0007092415946077823,False,0,,8.213030018069537e-06
GRADIENT_BOOSTED,test-tool_demand_spike-01,TEST,1250,12.5,0,0.0007092415946077823,False,0,,8.213030018069537e-06
GRADIENT_BOOSTED,test-tool_demand_spike-01,TEST,1260,12.6,0,0.0007092415946077823,False,0,,8.213030018069537e-06
GRADIENT_BOOSTED,test-tool_demand_spike-01,TEST,1270,12.700000000000001,0,0.0007092415946077823,False,0,,8.213030018069537e-06
GRADIENT_BOOSTED,test-tool_demand_spike-01,TEST,1280,12.8,0,0.0007092415946077823,False,0,,8.213030018069537e-06
GRADIENT_BOOSTED,test-tool_demand_spike-01,TEST,1290,12.9,0,0.0007092415946077823,False,0,,8.213030018069537e-06
GRADIENT_BOOSTED,test-tool_demand_spike-01,TEST,1300,13.0,0,0.0007092415946077823,False,0,,8.213030018069537e-06
GRADIENT_BOOSTED,test-tool_demand_spike-02,TEST,430,4.3,0,0.0007092415946077823,False,0,,8.213030018069537e-06
GRADIENT_BOOSTED,test-tool_demand_spike-02,TEST,440,4.4,0,0.0007092415946077823,False,0,,8.213030018069537e-06
GRADIENT_BOOSTED,test-tool_demand_spike-02,TEST,450,4.5,0,0.0007092415946077823,False,0,,8.213030018069537e-06
GRADIENT_BOOSTED,test-tool_demand_spike-02,TEST,460,4.6000000000000005,0,0.0007092415946077823,False,0,,8.213030018069537e-06
GRADIENT_BOOSTED,test-tool_demand_spike-02,TEST,470,4.7,0,0.0007092415946077823,False,0,,8.213030018069537e-06
GRADIENT_BOOSTED,test-tool_demand_spike-02,TEST,480,4.8,0,0.0007092415946077823,False,0,,8.213030018069537e-06
GRADIENT_BOOSTED,test-tool_demand_spike-02,TEST,490,4.9,0,0.0007092415946077823,False,0,,8.213030018069537e-06
GRADIENT_BOOSTED,test-tool_demand_spike-02,TEST,500,5.0,0,0.0007092415946077823,False,0,,8.213030018069537e-06
GRADIENT_BOOSTED,test-tool_demand_spike-02,TEST,510,5.1000000000000005,0,0.0007092415946077823,False,0,,8.213030018069537e-06
GRADIENT_BOOSTED,test-tool_demand_spike-02,TEST,520,5.2,0,0.0007092415946077823,False,0,,8.213030018069537e-06
GRADIENT_BOOSTED,test-tool_demand_spike-02,TEST,530,5.3,0,0.0007092415946077823,False,0,,8.213030018069537e-06
GRADIENT_BOOSTED,test-tool_demand_spike-02,TEST,540,5.4,0,0.0007092415946077823,False,0,,8.213030018069537e-06
GRADIENT_BOOSTED,test-tool_demand_spike-02,TEST,550,5.5,0,0.0007092415946077823,False,0,,8.213030018069537e-06
GRADIENT_BOOSTED,test-tool_demand_spike-02,TEST,560,5.6000000000000005,0,0.0007092415946077823,False,0,,8.213030018069537e-06
GRADIENT_BOOSTED,test-tool_demand_spike-02,TEST,570,5.7,0,0.0007092415946077823,False,0,,8.213030018069537e-06
GRADIENT_BOOSTED,test-tool_demand_spike-02,TEST,580,5.8,0,0.0007092415946077823,False,0,,8.213030018069537e-06
GRADIENT_BOOSTED,test-tool_demand_spike-02,TEST,590,5.9,0,0.0007092415946077823,False,0,,8.213030018069537e-06
GRADIENT_BOOSTED,test-tool_demand_spike-02,TEST,600,6.0,0,0.0007092415946077823,False,0,,8.213030018069537e-06
GRADIENT_BOOSTED,test-tool_demand_spike-02,TEST,610,6.1000000000000005,0,0.0007092415946077823,False,0,,8.213030018069537e-06
GRADIENT_BOOSTED,test-tool_demand_spike-02,TEST,620,6.2,0,0.0007092415946077823,False,0,,8.213030018069537e-06
GRADIENT_BOOSTED,test-tool_demand_spike-02,TEST,630,6.3,0,0.0007092415946077823,False,0,,8.213030018069537e-06
GRADIENT_BOOSTED,test-tool_demand_spike-02,TEST,640,6.4,0,0.0007092415946077823,False,0,,8.213030018069537e-06
GRADIENT_BOOSTED,test-tool_demand_spike-02,TEST,650,6.5,0,0.0007092415946077823,False,0,,8.213030018069537e-06
GRADIENT_BOOSTED,test-tool_demand_spike-02,TEST,660,6.6000000000000005,0,0.0007092415946077823,False,0,,8.213030018069537e-06
GRADIENT_BOOSTED,test-tool_demand_spike-02,TEST,670,6.7,0,0.0007092415946077823,False,0,,8.213030018069537e-06
GRADIENT_BOOSTED,test-tool_demand_spike-02,TEST,680,6.8,0,0.0007092415946077823,False,0,,8.213030018069537e-06
GRADIENT_BOOSTED,test-tool_demand_spike-02,TEST,690,6.9,0,0.0007092415946077823,False,0,,8.213030018069537e-06
GRADIENT_BOOSTED,test-tool_demand_spike-02,TEST,700,7.0,0,0.0007092415946077823,False,0,,8.213030018069537e-06
GRADIENT_BOOSTED,test-tool_demand_spike-02,TEST,710,7.1000000000000005,0,0.0007092415946077823,False,0,,8.213030018069537e-06
GRADIENT_BOOSTED,test-tool_demand_spike-02,TEST,720,7.2,0,0.0007092415946077823,False,0,,8.213030018069537e-06
GRADIENT_BOOSTED,test-tool_demand_spike-02,TEST,730,7.3,0,0.0007092415946077823,False,0,,8.213030018069537e-06
GRADIENT_BOOSTED,test-tool_demand_spike-02,TEST,740,7.4,0,0.0007092415946077823,False,0,,8.213030018069537e-06
GRADIENT_BOOSTED,test-tool_demand_spike-02,TEST,750,7.5,0,0.0007092415946077823,False,0,,8.213030018069537e-06
GRADIENT_BOOSTED,test-tool_demand_spike-02,TEST,760,7.6000000000000005,0,0.0007092415946077823,False,0,,8.213030018069537e-06
GRADIENT_BOOSTED,test-tool_demand_spike-02,TEST,770,7.7,0,0.0007092415946077823,False,0,,8.213030018069537e-06
GRADIENT_BOOSTED,test-tool_demand_spike-02,TEST,780,7.8,0,0.0007092415946077823,False,0,,8.213030018069537e-06
GRADIENT_BOOSTED,test-tool_demand_spike-02,TEST,790,7.9,0,0.0007092415946077823,False,0,,8.213030018069537e-06
GRADIENT_BOOSTED,test-tool_demand_spike-02,TEST,800,8.0,0,0.0007092415946077823,False,0,,8.213030018069537e-06
GRADIENT_BOOSTED,test-tool_demand_spike-02,TEST,810,8.1,0,0.0007092415946077823,False,0,,8.213030018069537e-06
GRADIENT_BOOSTED,test-tool_demand_spike-02,TEST,820,8.2,0,0.0007092415946077823,False,0,,8.213030018069537e-06
GRADIENT_BOOSTED,test-tool_demand_spike-02,TEST,830,8.3,0,0.0007092415946077823,False,0,,8.213030018069537e-06
GRADIENT_BOOSTED,test-tool_demand_spike-02,TEST,840,8.4,0,0.0007092415946077823,False,0,,8.213030018069537e-06
GRADIENT_BOOSTED,test-tool_demand_spike-02,TEST,850,8.5,0,0.0007092415946077823,False,0,,8.213030018069537e-06
GRADIENT_BOOSTED,test-tool_demand_spike-02,TEST,860,8.6,0,0.0007092415946077823,False,0,,8.213030018069537e-06
GRADIENT_BOOSTED,test-tool_demand_spike-02,TEST,870,8.700000000000001,0,0.0007092415946077823,False,0,,8.213030018069537e-06
GRADIENT_BOOSTED,test-tool_demand_spike-02,TEST,880,8.8,0,0.0007092415946077823,False,0,,8.213030018069537e-06
GRADIENT_BOOSTED,test-tool_demand_spike-02,TEST,890,8.9,0,0.0007092415946077823,False,0,,8.213030018069537e-06
GRADIENT_BOOSTED,test-tool_demand_spike-02,TEST,900,9.0,0,0.0007092415946077823,False,0,,8.213030018069537e-06
GRADIENT_BOOSTED,test-tool_demand_spike-02,TEST,910,9.1,0,0.0007092415946077823,False,0,,8.213030018069537e-06
GRADIENT_BOOSTED,test-tool_demand_spike-02,TEST,920,9.200000000000001,0,0.0007092415946077823,False,0,,8.213030018069537e-06
GRADIENT_BOOSTED,test-tool_demand_spike-02,TEST,930,9.3,0,0.0007092415946077823,False,0,,8.213030018069537e-06
GRADIENT_BOOSTED,test-tool_demand_spike-02,TEST,940,9.4,0,0.0007092415946077823,False,0,,8.213030018069537e-06
GRADIENT_BOOSTED,test-tool_demand_spike-02,TEST,950,9.5,0,0.0007092415946077823,False,0,,8.213030018069537e-06
GRADIENT_BOOSTED,test-tool_demand_spike-02,TEST,960,9.6,0,0.0007092415946077823,False,0,,8.213030018069537e-06
GRADIENT_BOOSTED,test-tool_demand_spike-02,TEST,970,9.700000000000001,0,0.0007092415946077823,False,0,,8.213030018069537e-06
GRADIENT_BOOSTED,test-tool_demand_spike-02,TEST,980,9.8,0,0.0007092415946077823,False,0,,8.213030018069537e-06
GRADIENT_BOOSTED,test-tool_demand_spike-02,TEST,990,9.9,0,0.0007092415946077823,False,0,,8.213030018069537e-06
GRADIENT_BOOSTED,test-tool_demand_spike-02,TEST,1000,10.0,0,0.0007092415946077823,False,0,,8.213030018069537e-06
GRADIENT_BOOSTED,test-tool_demand_spike-02,TEST,1010,10.1,0,0.0007092415946077823,False,0,,8.213030018069537e-06
GRADIENT_BOOSTED,test-tool_demand_spike-02,TEST,1020,10.200000000000001,0,0.0007092415946077823,False,0,,8.213030018069537e-06
GRADIENT_BOOSTED,test-tool_demand_spike-02,TEST,1030,10.3,0,0.0007092415946077823,False,0,,8.213030018069537e-06
GRADIENT_BOOSTED,test-tool_demand_spike-02,TEST,1040,10.4,0,0.0007092415946077823,False,0,,8.213030018069537e-06
GRADIENT_BOOSTED,test-tool_demand_spike-02,TEST,1050,10.5,0,0.0007092415946077823,False,0,,8.213030018069537e-06
GRADIENT_BOOSTED,test-tool_demand_spike-02,TEST,1060,10.6,0,0.0007092415946077823,False,0,,8.213030018069537e-06
GRADIENT_BOOSTED,test-tool_demand_spike-02,TEST,1070,10.700000000000001,0,0.0007092415946077823,False,0,,8.213030018069537e-06
GRADIENT_BOOSTED,test-tool_demand_spike-02,TEST,1080,10.8,0,0.0007092415946077823,False,0,,8.213030018069537e-06
GRADIENT_BOOSTED,test-tool_demand_spike-02,TEST,1090,10.9,0,0.0007092415946077823,False,0,,8.213030018069537e-06
GRADIENT_BOOSTED,test-tool_demand_spike-02,TEST,1100,11.0,0,0.0007092415946077823,False,0,,8.213030018069537e-06
GRADIENT_BOOSTED,test-tool_demand_spike-02,TEST,1110,11.1,0,0.0007092415946077823,False,0,,8.213030018069537e-06
GRADIENT_BOOSTED,test-tool_demand_spike-02,TEST,1120,11.200000000000001,0,0.0007092415946077823,False,0,,8.213030018069537e-06
GRADIENT_BOOSTED,test-tool_demand_spike-02,TEST,1130,11.3,0,0.0007092415946077823,False,0,,8.213030018069537e-06
GRADIENT_BOOSTED,test-tool_demand_spike-02,TEST,1140,11.4,0,0.0007092415946077823,False,0,,8.213030018069537e-06
GRADIENT_BOOSTED,test-tool_demand_spike-02,TEST,1150,11.5,0,0.0007092415946077823,False,0,,8.213030018069537e-06
GRADIENT_BOOSTED,test-tool_demand_spike-02,TEST,1160,11.6,0,0.0007092415946077823,False,0,,8.213030018069537e-06
GRADIENT_BOOSTED,test-tool_demand_spike-02,TEST,1170,11.700000000000001,0,0.0007092415946077823,False,0,,8.213030018069537e-06
GRADIENT_BOOSTED,test-tool_demand_spike-02,TEST,1180,11.8,0,0.0007092415946077823,False,0,,8.213030018069537e-06
GRADIENT_BOOSTED,test-tool_demand_spike-02,TEST,1190,11.9,0,0.0007092415946077823,False,0,,8.213030018069537e-06
GRADIENT_BOOSTED,test-tool_demand_spike-02,TEST,1200,12.0,0,0.0007092415946077823,False,0,,8.213030018069537e-06
GRADIENT_BOOSTED,test-tool_demand_spike-02,TEST,1210,12.1,0,0.0007092415946077823,False,0,,8.213030018069537e-06
GRADIENT_BOOSTED,test-tool_demand_spike-02,TEST,1220,12.200000000000001,0,0.0007092415946077823,False,0,,8.213030018069537e-06
GRADIENT_BOOSTED,test-tool_demand_spike-02,TEST,1230,12.3,0,0.0007092415946077823,False,0,,8.213030018069537e-06
GRADIENT_BOOSTED,test-tool_demand_spike-02,TEST,1240,12.4,0,0.0007092415946077823,False,0,,8.213030018069537e-06
GRADIENT_BOOSTED,test-tool_demand_spike-02,TEST,1250,12.5,0,0.0007092415946077823,False,0,,8.213030018069537e-06
GRADIENT_BOOSTED,test-tool_demand_spike-02,TEST,1260,12.6,0,0.0007092415946077823,False,0,,8.213030018069537e-06
GRADIENT_BOOSTED,test-tool_demand_spike-02,TEST,1270,12.700000000000001,0,0.0007092415946077823,False,0,,8.213030018069537e-06
GRADIENT_BOOSTED,test-tool_demand_spike-02,TEST,1280,12.8,0,0.0007092415946077823,False,0,,8.213030018069537e-06
GRADIENT_BOOSTED,test-tool_demand_spike-02,TEST,1290,12.9,0,0.0007092415946077823,False,0,,8.213030018069537e-06
GRADIENT_BOOSTED,test-tool_demand_spike-02,TEST,1300,13.0,0,0.0007092415946077823,False,0,,8.213030018069537e-06
GRADIENT_BOOSTED,test-tool_demand_spike-03,TEST,430,4.3,0,0.0007092415946077823,False,0,,8.213030018069537e-06
GRADIENT_BOOSTED,test-tool_demand_spike-03,TEST,440,4.4,0,0.0007092415946077823,False,0,,8.213030018069537e-06
GRADIENT_BOOSTED,test-tool_demand_spike-03,TEST,450,4.5,0,0.0007092415946077823,False,0,,8.213030018069537e-06
GRADIENT_BOOSTED,test-tool_demand_spike-03,TEST,460,4.6000000000000005,0,0.0007092415946077823,False,0,,8.213030018069537e-06
GRADIENT_BOOSTED,test-tool_demand_spike-03,TEST,470,4.7,0,0.0007092415946077823,False,0,,8.213030018069537e-06
GRADIENT_BOOSTED,test-tool_demand_spike-03,TEST,480,4.8,0,0.0007092415946077823,False,0,,8.213030018069537e-06
GRADIENT_BOOSTED,test-tool_demand_spike-03,TEST,490,4.9,0,0.0007092415946077823,False,0,,8.213030018069537e-06
GRADIENT_BOOSTED,test-tool_demand_spike-03,TEST,500,5.0,0,0.0007092415946077823,False,0,,8.213030018069537e-06
GRADIENT_BOOSTED,test-tool_demand_spike-03,TEST,510,5.1000000000000005,0,0.0007092415946077823,False,0,,8.213030018069537e-06
GRADIENT_BOOSTED,test-tool_demand_spike-03,TEST,520,5.2,0,0.0007092415946077823,False,0,,8.213030018069537e-06
GRADIENT_BOOSTED,test-tool_demand_spike-03,TEST,530,5.3,0,0.0007092415946077823,False,0,,8.213030018069537e-06
GRADIENT_BOOSTED,test-tool_demand_spike-03,TEST,540,5.4,0,0.0007092415946077823,False,0,,8.213030018069537e-06
GRADIENT_BOOSTED,test-tool_demand_spike-03,TEST,550,5.5,0,0.0007092415946077823,False,0,,8.213030018069537e-06
GRADIENT_BOOSTED,test-tool_demand_spike-03,TEST,560,5.6000000000000005,0,0.0007092415946077823,False,0,,8.213030018069537e-06
GRADIENT_BOOSTED,test-tool_demand_spike-03,TEST,570,5.7,0,0.0007092415946077823,False,0,,8.213030018069537e-06
GRADIENT_BOOSTED,test-tool_demand_spike-03,TEST,580,5.8,0,0.0007092415946077823,False,0,,8.213030018069537e-06
GRADIENT_BOOSTED,test-tool_demand_spike-03,TEST,590,5.9,0,0.0007092415946077823,False,0,,8.213030018069537e-06
GRADIENT_BOOSTED,test-tool_demand_spike-03,TEST,600,6.0,0,0.0007092415946077823,False,0,,8.213030018069537e-06
GRADIENT_BOOSTED,test-tool_demand_spike-03,TEST,610,6.1000000000000005,0,0.0007092415946077823,False,0,,8.213030018069537e-06
GRADIENT_BOOSTED,test-tool_demand_spike-03,TEST,620,6.2,0,0.0007092415946077823,False,0,,8.213030018069537e-06
GRADIENT_BOOSTED,test-tool_demand_spike-03,TEST,630,6.3,0,0.0007092415946077823,False,0,,8.213030018069537e-06
GRADIENT_BOOSTED,test-tool_demand_spike-03,TEST,640,6.4,0,0.0007092415946077823,False,0,,8.213030018069537e-06
GRADIENT_BOOSTED,test-tool_demand_spike-03,TEST,650,6.5,0,0.0007092415946077823,False,0,,8.213030018069537e-06
GRADIENT_BOOSTED,test-tool_demand_spike-03,TEST,660,6.6000000000000005,0,0.0007092415946077823,False,0,,8.213030018069537e-06
GRADIENT_BOOSTED,test-tool_demand_spike-03,TEST,670,6.7,0,0.0007092415946077823,False,0,,8.213030018069537e-06
GRADIENT_BOOSTED,test-tool_demand_spike-03,TEST,680,6.8,0,0.0007092415946077823,False,0,,8.213030018069537e-06
GRADIENT_BOOSTED,test-tool_demand_spike-03,TEST,690,6.9,0,0.0007092415946077823,False,0,,8.213030018069537e-06
GRADIENT_BOOSTED,test-tool_demand_spike-03,TEST,700,7.0,0,0.0007092415946077823,False,0,,8.213030018069537e-06
GRADIENT_BOOSTED,test-tool_demand_spike-03,TEST,710,7.1000000000000005,0,0.0007092415946077823,False,0,,8.213030018069537e-06
GRADIENT_BOOSTED,test-tool_demand_spike-03,TEST,720,7.2,0,0.0007092415946077823,False,0,,8.213030018069537e-06
GRADIENT_BOOSTED,test-tool_demand_spike-03,TEST,730,7.3,0,0.0007092415946077823,False,0,,8.213030018069537e-06
GRADIENT_BOOSTED,test-tool_demand_spike-03,TEST,740,7.4,0,0.0007092415946077823,False,0,,8.213030018069537e-06
GRADIENT_BOOSTED,test-tool_demand_spike-03,TEST,750,7.5,0,0.0007092415946077823,False,0,,8.213030018069537e-06
GRADIENT_BOOSTED,test-tool_demand_spike-03,TEST,760,7.6000000000000005,0,0.0007092415946077823,False,0,,8.213030018069537e-06
GRADIENT_BOOSTED,test-tool_demand_spike-03,TEST,770,7.7,0,0.0007092415946077823,False,0,,8.213030018069537e-06
GRADIENT_BOOSTED,test-tool_demand_spike-03,TEST,780,7.8,0,0.0007092415946077823,False,0,,8.213030018069537e-06
GRADIENT_BOOSTED,test-tool_demand_spike-03,TEST,790,7.9,0,0.0007092415946077823,False,0,,8.213030018069537e-06
GRADIENT_BOOSTED,test-tool_demand_spike-03,TEST,800,8.0,0,0.0007092415946077823,False,0,,8.213030018069537e-06
GRADIENT_BOOSTED,test-tool_demand_spike-03,TEST,810,8.1,0,0.0007092415946077823,False,0,,8.213030018069537e-06
GRADIENT_BOOSTED,test-tool_demand_spike-03,TEST,820,8.2,0,0.0007092415946077823,False,0,,8.213030018069537e-06
GRADIENT_BOOSTED,test-tool_demand_spike-03,TEST,830,8.3,0,0.0007092415946077823,False,0,,8.213030018069537e-06
GRADIENT_BOOSTED,test-tool_demand_spike-03,TEST,840,8.4,0,0.0007092415946077823,False,0,,8.213030018069537e-06
GRADIENT_BOOSTED,test-tool_demand_spike-03,TEST,850,8.5,0,0.0007092415946077823,False,0,,8.213030018069537e-06
GRADIENT_BOOSTED,test-tool_demand_spike-03,TEST,860,8.6,0,0.0007092415946077823,False,0,,8.213030018069537e-06
GRADIENT_BOOSTED,test-tool_demand_spike-03,TEST,870,8.700000000000001,0,0.0007092415946077823,False,0,,8.213030018069537e-06
GRADIENT_BOOSTED,test-tool_demand_spike-03,TEST,880,8.8,0,0.0007092415946077823,False,0,,8.213030018069537e-06
GRADIENT_BOOSTED,test-tool_demand_spike-03,TEST,890,8.9,0,0.0007092415946077823,False,0,,8.213030018069537e-06
GRADIENT_BOOSTED,test-tool_demand_spike-03,TEST,900,9.0,0,0.0007092415946077823,False,0,,8.213030018069537e-06
GRADIENT_BOOSTED,test-tool_demand_spike-03,TEST,910,9.1,0,0.0007092415946077823,False,0,,8.213030018069537e-06
GRADIENT_BOOSTED,test-tool_demand_spike-03,TEST,920,9.200000000000001,0,0.0007092415946077823,False,0,,8.213030018069537e-06
GRADIENT_BOOSTED,test-tool_demand_spike-03,TEST,930,9.3,0,0.0007092415946077823,False,0,,8.213030018069537e-06
GRADIENT_BOOSTED,test-tool_demand_spike-03,TEST,940,9.4,0,0.0007092415946077823,False,0,,8.213030018069537e-06
GRADIENT_BOOSTED,test-tool_demand_spike-03,TEST,950,9.5,0,0.0007092415946077823,False,0,,8.213030018069537e-06
GRADIENT_BOOSTED,test-tool_demand_spike-03,TEST,960,9.6,0,0.0007092415946077823,False,0,,8.213030018069537e-06
GRADIENT_BOOSTED,test-tool_demand_spike-03,TEST,970,9.700000000000001,0,0.0007092415946077823,False,0,,8.213030018069537e-06
GRADIENT_BOOSTED,test-tool_demand_spike-03,TEST,980,9.8,0,0.0007092415946077823,False,0,,8.213030018069537e-06
GRADIENT_BOOSTED,test-tool_demand_spike-03,TEST,990,9.9,0,0.0007092415946077823,False,0,,8.213030018069537e-06
GRADIENT_BOOSTED,test-tool_demand_spike-03,TEST,1000,10.0,0,0.0007092415946077823,False,0,,8.213030018069537e-06
GRADIENT_BOOSTED,test-tool_demand_spike-03,TEST,1010,10.1,0,0.0007092415946077823,False,0,,8.213030018069537e-06
GRADIENT_BOOSTED,test-tool_demand_spike-03,TEST,1020,10.200000000000001,0,0.0007092415946077823,False,0,,8.213030018069537e-06
GRADIENT_BOOSTED,test-tool_demand_spike-03,TEST,1030,10.3,0,0.0007092415946077823,False,0,,8.213030018069537e-06
GRADIENT_BOOSTED,test-tool_demand_spike-03,TEST,1040,10.4,0,0.0007092415946077823,False,0,,8.213030018069537e-06
GRADIENT_BOOSTED,test-tool_demand_spike-03,TEST,1050,10.5,0,0.0007092415946077823,False,0,,8.213030018069537e-06
GRADIENT_BOOSTED,test-tool_demand_spike-03,TEST,1060,10.6,0,0.0007092415946077823,False,0,,8.213030018069537e-06
GRADIENT_BOOSTED,test-tool_demand_spike-03,TEST,1070,10.700000000000001,0,0.0007092415946077823,False,0,,8.213030018069537e-06
GRADIENT_BOOSTED,test-tool_demand_spike-03,TEST,1080,10.8,0,0.0007092415946077823,False,0,,8.213030018069537e-06
GRADIENT_BOOSTED,test-tool_demand_spike-03,TEST,1090,10.9,0,0.0007092415946077823,False,0,,8.213030018069537e-06
GRADIENT_BOOSTED,test-tool_demand_spike-03,TEST,1100,11.0,0,0.0007092415946077823,False,0,,8.213030018069537e-06
GRADIENT_BOOSTED,test-tool_demand_spike-03,TEST,1110,11.1,0,0.0007092415946077823,False,0,,8.213030018069537e-06
GRADIENT_BOOSTED,test-tool_demand_spike-03,TEST,1120,11.200000000000001,0,0.0007092415946077823,False,0,,8.213030018069537e-06
GRADIENT_BOOSTED,test-tool_demand_spike-03,TEST,1130,11.3,0,0.0007092415946077823,False,0,,8.213030018069537e-06
GRADIENT_BOOSTED,test-tool_demand_spike-03,TEST,1140,11.4,0,0.0007092415946077823,False,0,,8.213030018069537e-06
GRADIENT_BOOSTED,test-tool_demand_spike-03,TEST,1150,11.5,0,0.0007092415946077823,False,0,,8.213030018069537e-06
GRADIENT_BOOSTED,test-tool_demand_spike-03,TEST,1160,11.6,0,0.0007092415946077823,False,0,,8.213030018069537e-06
GRADIENT_BOOSTED,test-tool_demand_spike-03,TEST,1170,11.700000000000001,0,0.0007092415946077823,False,0,,8.213030018069537e-06
GRADIENT_BOOSTED,test-tool_demand_spike-03,TEST,1180,11.8,0,0.0007092415946077823,False,0,,8.213030018069537e-06
GRADIENT_BOOSTED,test-tool_demand_spike-03,TEST,1190,11.9,0,0.0007092415946077823,False,0,,8.213030018069537e-06
GRADIENT_BOOSTED,test-tool_demand_spike-03,TEST,1200,12.0,0,0.0007092415946077823,False,0,,8.213030018069537e-06
GRADIENT_BOOSTED,test-tool_demand_spike-03,TEST,1210,12.1,0,0.0007092415946077823,False,0,,8.213030018069537e-06
GRADIENT_BOOSTED,test-tool_demand_spike-03,TEST,1220,12.200000000000001,0,0.0007092415946077823,False,0,,8.213030018069537e-06
GRADIENT_BOOSTED,test-tool_demand_spike-03,TEST,1230,12.3,0,0.0007092415946077823,False,0,,8.213030018069537e-06
GRADIENT_BOOSTED,test-tool_demand_spike-03,TEST,1240,12.4,0,0.0007092415946077823,False,0,,8.213030018069537e-06
GRADIENT_BOOSTED,test-tool_demand_spike-03,TEST,1250,12.5,0,0.0007092415946077823,False,0,,8.213030018069537e-06
GRADIENT_BOOSTED,test-tool_demand_spike-03,TEST,1260,12.6,0,0.0007092415946077823,False,0,,8.213030018069537e-06
GRADIENT_BOOSTED,test-tool_demand_spike-03,TEST,1270,12.700000000000001,0,0.0007092415946077823,False,0,,8.213030018069537e-06
GRADIENT_BOOSTED,test-tool_demand_spike-03,TEST,1280,12.8,0,0.0007092415946077823,False,0,,8.213030018069537e-06
GRADIENT_BOOSTED,test-tool_demand_spike-03,TEST,1290,12.9,0,0.0007092415946077823,False,0,,8.213030018069537e-06
GRADIENT_BOOSTED,test-tool_demand_spike-03,TEST,1300,13.0,0,0.0007092415946077823,False,0,,8.213030018069537e-06
GRADIENT_BOOSTED,unseen-compound-00,UNSEEN_COMPOUND,430,4.3,0,0.0007092415946077823,False,0,,1.3516089011594005e-05
GRADIENT_BOOSTED,unseen-compound-00,UNSEEN_COMPOUND,440,4.4,0,0.0007092415946077823,False,0,,1.3516089011594005e-05
GRADIENT_BOOSTED,unseen-compound-00,UNSEEN_COMPOUND,450,4.5,0,0.0007092415946077823,False,0,,1.3516089011594005e-05
GRADIENT_BOOSTED,unseen-compound-00,UNSEEN_COMPOUND,460,4.6000000000000005,0,0.0007092415946077823,False,0,,1.3516089011594005e-05
GRADIENT_BOOSTED,unseen-compound-00,UNSEEN_COMPOUND,470,4.7,0,0.0007092415946077823,False,0,,1.3516089011594005e-05
GRADIENT_BOOSTED,unseen-compound-00,UNSEEN_COMPOUND,480,4.8,0,0.0007092415946077823,False,0,,1.3516089011594005e-05
GRADIENT_BOOSTED,unseen-compound-00,UNSEEN_COMPOUND,490,4.9,0,0.0007092415946077823,False,0,,1.3516089011594005e-05
GRADIENT_BOOSTED,unseen-compound-00,UNSEEN_COMPOUND,500,5.0,0,0.0007092415946077823,False,0,,1.3516089011594005e-05
GRADIENT_BOOSTED,unseen-compound-00,UNSEEN_COMPOUND,510,5.1000000000000005,0,0.0007092415946077823,False,0,,1.3516089011594005e-05
GRADIENT_BOOSTED,unseen-compound-00,UNSEEN_COMPOUND,520,5.2,0,0.0007092415946077823,False,0,,1.3516089011594005e-05
GRADIENT_BOOSTED,unseen-compound-00,UNSEEN_COMPOUND,530,5.3,0,0.0007092415946077823,False,0,,1.3516089011594005e-05
GRADIENT_BOOSTED,unseen-compound-00,UNSEEN_COMPOUND,540,5.4,0,0.0007092415946077823,False,0,,1.3516089011594005e-05
GRADIENT_BOOSTED,unseen-compound-00,UNSEEN_COMPOUND,550,5.5,0,0.0007092415946077823,False,0,,1.3516089011594005e-05
GRADIENT_BOOSTED,unseen-compound-00,UNSEEN_COMPOUND,560,5.6000000000000005,0,0.0007092415946077823,False,0,,1.3516089011594005e-05
GRADIENT_BOOSTED,unseen-compound-00,UNSEEN_COMPOUND,570,5.7,0,0.0007092415946077823,False,0,,1.3516089011594005e-05
GRADIENT_BOOSTED,unseen-compound-00,UNSEEN_COMPOUND,580,5.8,0,0.0007092415946077823,False,0,,1.3516089011594005e-05
GRADIENT_BOOSTED,unseen-compound-00,UNSEEN_COMPOUND,590,5.9,0,0.0007092415946077823,False,0,,1.3516089011594005e-05
GRADIENT_BOOSTED,unseen-compound-00,UNSEEN_COMPOUND,600,6.0,0,0.0007092415946077823,False,0,,1.3516089011594005e-05
GRADIENT_BOOSTED,unseen-compound-00,UNSEEN_COMPOUND,610,6.1000000000000005,0,0.0007092415946077823,False,0,,1.3516089011594005e-05
GRADIENT_BOOSTED,unseen-compound-00,UNSEEN_COMPOUND,620,6.2,0,0.0007092415946077823,False,0,,1.3516089011594005e-05
GRADIENT_BOOSTED,unseen-compound-00,UNSEEN_COMPOUND,630,6.3,0,0.0007092415946077823,False,0,,1.3516089011594005e-05
GRADIENT_BOOSTED,unseen-compound-00,UNSEEN_COMPOUND,640,6.4,0,0.0007092415946077823,False,0,,1.3516089011594005e-05
GRADIENT_BOOSTED,unseen-compound-00,UNSEEN_COMPOUND,650,6.5,0,0.0007092415946077823,False,0,,1.3516089011594005e-05
GRADIENT_BOOSTED,unseen-compound-00,UNSEEN_COMPOUND,660,6.6000000000000005,0,0.0007092415946077823,False,0,,1.3516089011594005e-05
GRADIENT_BOOSTED,unseen-compound-00,UNSEEN_COMPOUND,670,6.7,0,0.0007092415946077823,False,0,,1.3516089011594005e-05
GRADIENT_BOOSTED,unseen-compound-00,UNSEEN_COMPOUND,680,6.8,0,0.0007092415946077823,False,0,,1.3516089011594005e-05
GRADIENT_BOOSTED,unseen-compound-00,UNSEEN_COMPOUND,690,6.9,0,0.0007092415946077823,False,0,,1.3516089011594005e-05
GRADIENT_BOOSTED,unseen-compound-00,UNSEEN_COMPOUND,700,7.0,0,0.0007092415946077823,False,0,,1.3516089011594005e-05
GRADIENT_BOOSTED,unseen-compound-00,UNSEEN_COMPOUND,710,7.1000000000000005,0,0.0007092415946077823,False,0,,1.3516089011594005e-05
GRADIENT_BOOSTED,unseen-compound-00,UNSEEN_COMPOUND,720,7.2,0,0.0007092415946077823,False,0,,1.3516089011594005e-05
GRADIENT_BOOSTED,unseen-compound-00,UNSEEN_COMPOUND,730,7.3,0,0.0007092415946077823,False,0,,1.3516089011594005e-05
GRADIENT_BOOSTED,unseen-compound-00,UNSEEN_COMPOUND,740,7.4,0,0.0007092415946077823,False,0,,1.3516089011594005e-05
GRADIENT_BOOSTED,unseen-compound-00,UNSEEN_COMPOUND,750,7.5,0,0.0007092415946077823,False,0,,1.3516089011594005e-05
GRADIENT_BOOSTED,unseen-compound-00,UNSEEN_COMPOUND,760,7.6000000000000005,0,0.0007092415946077823,False,0,,1.3516089011594005e-05
GRADIENT_BOOSTED,unseen-compound-00,UNSEEN_COMPOUND,770,7.7,0,0.0007092415946077823,False,0,,1.3516089011594005e-05
GRADIENT_BOOSTED,unseen-compound-00,UNSEEN_COMPOUND,780,7.8,0,0.0007092415946077823,False,0,,1.3516089011594005e-05
GRADIENT_BOOSTED,unseen-compound-00,UNSEEN_COMPOUND,790,7.9,0,0.0007092415946077823,False,0,,1.3516089011594005e-05
GRADIENT_BOOSTED,unseen-compound-00,UNSEEN_COMPOUND,800,8.0,0,0.0007092415946077823,False,0,,1.3516089011594005e-05
GRADIENT_BOOSTED,unseen-compound-00,UNSEEN_COMPOUND,810,8.1,0,0.0007092415946077823,False,0,,1.3516089011594005e-05
GRADIENT_BOOSTED,unseen-compound-00,UNSEEN_COMPOUND,820,8.2,0,0.0007092415946077823,False,0,,1.3516089011594005e-05
GRADIENT_BOOSTED,unseen-compound-00,UNSEEN_COMPOUND,830,8.3,0,0.0007092415946077823,False,0,,1.3516089011594005e-05
GRADIENT_BOOSTED,unseen-compound-00,UNSEEN_COMPOUND,840,8.4,0,0.0007092415946077823,False,0,,1.3516089011594005e-05
GRADIENT_BOOSTED,unseen-compound-00,UNSEEN_COMPOUND,850,8.5,0,0.0007092415946077823,False,0,,1.3516089011594005e-05
GRADIENT_BOOSTED,unseen-compound-00,UNSEEN_COMPOUND,860,8.6,0,0.0007092415946077823,False,0,,1.3516089011594005e-05
GRADIENT_BOOSTED,unseen-compound-00,UNSEEN_COMPOUND,870,8.700000000000001,0,0.0007092415946077823,False,0,,1.3516089011594005e-05
GRADIENT_BOOSTED,unseen-compound-00,UNSEEN_COMPOUND,880,8.8,0,0.0007092415946077823,False,0,,1.3516089011594005e-05
GRADIENT_BOOSTED,unseen-compound-00,UNSEEN_COMPOUND,890,8.9,0,0.0007092415946077823,False,0,,1.3516089011594005e-05
GRADIENT_BOOSTED,unseen-compound-00,UNSEEN_COMPOUND,900,9.0,0,0.0007092415946077823,False,0,,1.3516089011594005e-05
GRADIENT_BOOSTED,unseen-compound-00,UNSEEN_COMPOUND,910,9.1,0,0.0007092415946077823,False,0,,1.3516089011594005e-05
GRADIENT_BOOSTED,unseen-compound-00,UNSEEN_COMPOUND,920,9.200000000000001,0,0.0007092415946077823,False,0,,1.3516089011594005e-05
GRADIENT_BOOSTED,unseen-compound-00,UNSEEN_COMPOUND,930,9.3,0,0.0007092415946077823,False,0,,1.3516089011594005e-05
GRADIENT_BOOSTED,unseen-compound-00,UNSEEN_COMPOUND,940,9.4,0,0.0007092415946077823,False,0,,1.3516089011594005e-05
GRADIENT_BOOSTED,unseen-compound-00,UNSEEN_COMPOUND,950,9.5,0,0.0007092415946077823,False,0,,1.3516089011594005e-05
GRADIENT_BOOSTED,unseen-compound-00,UNSEEN_COMPOUND,960,9.6,0,0.0007092415946077823,False,0,,1.3516089011594005e-05
GRADIENT_BOOSTED,unseen-compound-00,UNSEEN_COMPOUND,970,9.700000000000001,0,0.0007092415946077823,False,0,,1.3516089011594005e-05
GRADIENT_BOOSTED,unseen-compound-00,UNSEEN_COMPOUND,980,9.8,0,0.0007092415946077823,False,0,,1.3516089011594005e-05
GRADIENT_BOOSTED,unseen-compound-00,UNSEEN_COMPOUND,990,9.9,0,0.0007092415946077823,False,0,,1.3516089011594005e-05
GRADIENT_BOOSTED,unseen-compound-00,UNSEEN_COMPOUND,1000,10.0,0,0.0007092415946077823,False,0,,1.3516089011594005e-05
GRADIENT_BOOSTED,unseen-compound-00,UNSEEN_COMPOUND,1010,10.1,0,0.0007092415946077823,False,0,,1.3516089011594005e-05
GRADIENT_BOOSTED,unseen-compound-00,UNSEEN_COMPOUND,1020,10.200000000000001,0,0.0007092415946077823,False,0,,1.3516089011594005e-05
GRADIENT_BOOSTED,unseen-compound-00,UNSEEN_COMPOUND,1030,10.3,0,0.0007092415946077823,False,0,,1.3516089011594005e-05
GRADIENT_BOOSTED,unseen-compound-00,UNSEEN_COMPOUND,1040,10.4,0,0.0007092415946077823,False,0,,1.3516089011594005e-05
GRADIENT_BOOSTED,unseen-compound-00,UNSEEN_COMPOUND,1050,10.5,0,0.0007092415946077823,False,0,,1.3516089011594005e-05
GRADIENT_BOOSTED,unseen-compound-00,UNSEEN_COMPOUND,1060,10.6,0,0.0007092415946077823,False,0,,1.3516089011594005e-05
GRADIENT_BOOSTED,unseen-compound-00,UNSEEN_COMPOUND,1070,10.700000000000001,0,0.0007092415946077823,False,0,,1.3516089011594005e-05
GRADIENT_BOOSTED,unseen-compound-00,UNSEEN_COMPOUND,1080,10.8,0,0.0007092415946077823,False,0,,1.3516089011594005e-05
GRADIENT_BOOSTED,unseen-compound-00,UNSEEN_COMPOUND,1090,10.9,0,0.0007092415946077823,False,0,,1.3516089011594005e-05
GRADIENT_BOOSTED,unseen-compound-00,UNSEEN_COMPOUND,1100,11.0,0,0.0007092415946077823,False,0,,1.3516089011594005e-05
GRADIENT_BOOSTED,unseen-compound-00,UNSEEN_COMPOUND,1110,11.1,0,0.0007092415946077823,False,0,,1.3516089011594005e-05
GRADIENT_BOOSTED,unseen-compound-00,UNSEEN_COMPOUND,1120,11.200000000000001,0,0.0007092415946077823,False,0,,1.3516089011594005e-05
GRADIENT_BOOSTED,unseen-compound-00,UNSEEN_COMPOUND,1130,11.3,0,0.0007092415946077823,False,0,,1.3516089011594005e-05
GRADIENT_BOOSTED,unseen-compound-00,UNSEEN_COMPOUND,1140,11.4,0,0.0007092415946077823,False,0,,1.3516089011594005e-05
GRADIENT_BOOSTED,unseen-compound-00,UNSEEN_COMPOUND,1150,11.5,0,0.0007092415946077823,False,0,,1.3516089011594005e-05
GRADIENT_BOOSTED,unseen-compound-00,UNSEEN_COMPOUND,1160,11.6,0,0.0007092415946077823,False,0,,1.3516089011594005e-05
GRADIENT_BOOSTED,unseen-compound-00,UNSEEN_COMPOUND,1170,11.700000000000001,0,0.0007092415946077823,False,0,,1.3516089011594005e-05
GRADIENT_BOOSTED,unseen-compound-00,UNSEEN_COMPOUND,1180,11.8,0,0.0007092415946077823,False,0,,1.3516089011594005e-05
GRADIENT_BOOSTED,unseen-compound-00,UNSEEN_COMPOUND,1190,11.9,0,0.0007092415946077823,False,0,,1.3516089011594005e-05
GRADIENT_BOOSTED,unseen-compound-00,UNSEEN_COMPOUND,1200,12.0,0,0.0007092415946077823,False,0,,1.3516089011594005e-05
GRADIENT_BOOSTED,unseen-compound-00,UNSEEN_COMPOUND,1210,12.1,0,0.0007092415946077823,False,0,,1.3516089011594005e-05
GRADIENT_BOOSTED,unseen-compound-00,UNSEEN_COMPOUND,1220,12.200000000000001,0,0.0007092415946077823,False,0,,1.3516089011594005e-05
GRADIENT_BOOSTED,unseen-compound-00,UNSEEN_COMPOUND,1230,12.3,0,0.0007092415946077823,False,0,,1.3516089011594005e-05
GRADIENT_BOOSTED,unseen-compound-00,UNSEEN_COMPOUND,1240,12.4,0,0.0007092415946077823,False,0,,1.3516089011594005e-05
GRADIENT_BOOSTED,unseen-compound-00,UNSEEN_COMPOUND,1250,12.5,0,0.0007092415946077823,False,0,,1.3516089011594005e-05
GRADIENT_BOOSTED,unseen-compound-00,UNSEEN_COMPOUND,1260,12.6,0,0.0007092415946077823,False,0,,1.3516089011594005e-05
GRADIENT_BOOSTED,unseen-compound-00,UNSEEN_COMPOUND,1270,12.700000000000001,0,0.0007092415946077823,False,0,,1.3516089011594005e-05
GRADIENT_BOOSTED,unseen-compound-00,UNSEEN_COMPOUND,1280,12.8,0,0.0007092415946077823,False,0,,1.3516089011594005e-05
GRADIENT_BOOSTED,unseen-compound-00,UNSEEN_COMPOUND,1290,12.9,0,0.0007092415946077823,False,0,,1.3516089011594005e-05
GRADIENT_BOOSTED,unseen-compound-00,UNSEEN_COMPOUND,1300,13.0,0,0.0007092415946077823,False,0,,1.3516089011594005e-05
GRADIENT_BOOSTED,unseen-compound-01,UNSEEN_COMPOUND,430,4.3,0,0.058786205539801746,False,,,1.3516089011594005e-05
GRADIENT_BOOSTED,unseen-compound-01,UNSEEN_COMPOUND,440,4.4,0,0.058786205539801746,False,,,1.3516089011594005e-05
GRADIENT_BOOSTED,unseen-compound-01,UNSEEN_COMPOUND,450,4.5,0,0.058786205539801746,False,,,1.3516089011594005e-05
GRADIENT_BOOSTED,unseen-compound-01,UNSEEN_COMPOUND,460,4.6000000000000005,0,0.058786205539801746,False,,,1.3516089011594005e-05
GRADIENT_BOOSTED,unseen-compound-01,UNSEEN_COMPOUND,470,4.7,0,0.058786205539801746,False,,,1.3516089011594005e-05
GRADIENT_BOOSTED,unseen-compound-01,UNSEEN_COMPOUND,480,4.8,0,0.058786205539801746,False,,,1.3516089011594005e-05
GRADIENT_BOOSTED,unseen-compound-01,UNSEEN_COMPOUND,490,4.9,0,0.058786205539801746,False,,,1.3516089011594005e-05
GRADIENT_BOOSTED,unseen-compound-01,UNSEEN_COMPOUND,500,5.0,0,0.058786205539801746,False,,,1.3516089011594005e-05
GRADIENT_BOOSTED,unseen-compound-01,UNSEEN_COMPOUND,510,5.1000000000000005,0,0.058786205539801746,False,,,1.3516089011594005e-05
GRADIENT_BOOSTED,unseen-compound-01,UNSEEN_COMPOUND,520,5.2,0,0.0007092415946077823,False,0,,1.3516089011594005e-05
GRADIENT_BOOSTED,unseen-compound-01,UNSEEN_COMPOUND,530,5.3,0,0.0007092415946077823,False,0,,1.3516089011594005e-05
GRADIENT_BOOSTED,unseen-compound-01,UNSEEN_COMPOUND,540,5.4,0,0.0007092415946077823,False,0,,1.3516089011594005e-05
GRADIENT_BOOSTED,unseen-compound-01,UNSEEN_COMPOUND,550,5.5,0,0.0007092415946077823,False,0,,1.3516089011594005e-05
GRADIENT_BOOSTED,unseen-compound-01,UNSEEN_COMPOUND,560,5.6000000000000005,0,0.0007092415946077823,False,0,,1.3516089011594005e-05
GRADIENT_BOOSTED,unseen-compound-01,UNSEEN_COMPOUND,570,5.7,0,0.0007092415946077823,False,0,,1.3516089011594005e-05
GRADIENT_BOOSTED,unseen-compound-01,UNSEEN_COMPOUND,580,5.8,0,0.0007092415946077823,False,0,,1.3516089011594005e-05
GRADIENT_BOOSTED,unseen-compound-01,UNSEEN_COMPOUND,590,5.9,0,0.0007092415946077823,False,0,,1.3516089011594005e-05
GRADIENT_BOOSTED,unseen-compound-01,UNSEEN_COMPOUND,600,6.0,0,0.0007092415946077823,False,0,,1.3516089011594005e-05
GRADIENT_BOOSTED,unseen-compound-01,UNSEEN_COMPOUND,610,6.1000000000000005,0,0.0007092415946077823,False,0,,1.3516089011594005e-05
GRADIENT_BOOSTED,unseen-compound-01,UNSEEN_COMPOUND,620,6.2,0,0.0007092415946077823,False,0,,1.3516089011594005e-05
GRADIENT_BOOSTED,unseen-compound-01,UNSEEN_COMPOUND,630,6.3,0,0.0007092415946077823,False,0,,1.3516089011594005e-05
GRADIENT_BOOSTED,unseen-compound-01,UNSEEN_COMPOUND,640,6.4,0,0.0007092415946077823,False,0,,1.3516089011594005e-05
GRADIENT_BOOSTED,unseen-compound-01,UNSEEN_COMPOUND,650,6.5,0,0.0007092415946077823,False,0,,1.3516089011594005e-05
GRADIENT_BOOSTED,unseen-compound-01,UNSEEN_COMPOUND,660,6.6000000000000005,0,0.0007092415946077823,False,0,,1.3516089011594005e-05
GRADIENT_BOOSTED,unseen-compound-01,UNSEEN_COMPOUND,670,6.7,0,0.0007092415946077823,False,0,,1.3516089011594005e-05
GRADIENT_BOOSTED,unseen-compound-01,UNSEEN_COMPOUND,680,6.8,0,0.0007092415946077823,False,0,,1.3516089011594005e-05
GRADIENT_BOOSTED,unseen-compound-01,UNSEEN_COMPOUND,690,6.9,0,0.0007092415946077823,False,0,,1.3516089011594005e-05
GRADIENT_BOOSTED,unseen-compound-01,UNSEEN_COMPOUND,700,7.0,0,0.0007092415946077823,False,0,,1.3516089011594005e-05
GRADIENT_BOOSTED,unseen-compound-01,UNSEEN_COMPOUND,710,7.1000000000000005,0,0.0007092415946077823,False,0,,1.3516089011594005e-05
GRADIENT_BOOSTED,unseen-compound-01,UNSEEN_COMPOUND,720,7.2,0,0.0007092415946077823,False,0,,1.3516089011594005e-05
GRADIENT_BOOSTED,unseen-compound-01,UNSEEN_COMPOUND,730,7.3,0,0.0007092415946077823,False,0,,1.3516089011594005e-05
GRADIENT_BOOSTED,unseen-compound-01,UNSEEN_COMPOUND,740,7.4,0,0.0007092415946077823,False,0,,1.3516089011594005e-05
GRADIENT_BOOSTED,unseen-compound-01,UNSEEN_COMPOUND,750,7.5,0,0.0007092415946077823,False,0,,1.3516089011594005e-05
GRADIENT_BOOSTED,unseen-compound-01,UNSEEN_COMPOUND,760,7.6000000000000005,0,0.0007092415946077823,False,0,,1.3516089011594005e-05
GRADIENT_BOOSTED,unseen-compound-01,UNSEEN_COMPOUND,770,7.7,0,0.0007092415946077823,False,0,,1.3516089011594005e-05
GRADIENT_BOOSTED,unseen-compound-01,UNSEEN_COMPOUND,780,7.8,0,0.0007092415946077823,False,0,,1.3516089011594005e-05
GRADIENT_BOOSTED,unseen-compound-01,UNSEEN_COMPOUND,790,7.9,0,0.0007092415946077823,False,0,,1.3516089011594005e-05
GRADIENT_BOOSTED,unseen-compound-01,UNSEEN_COMPOUND,800,8.0,0,0.0007092415946077823,False,0,,1.3516089011594005e-05
GRADIENT_BOOSTED,unseen-compound-01,UNSEEN_COMPOUND,810,8.1,0,0.0007092415946077823,False,0,,1.3516089011594005e-05
GRADIENT_BOOSTED,unseen-compound-01,UNSEEN_COMPOUND,820,8.2,0,0.0007092415946077823,False,0,,1.3516089011594005e-05
GRADIENT_BOOSTED,unseen-compound-01,UNSEEN_COMPOUND,830,8.3,0,0.0007092415946077823,False,0,,1.3516089011594005e-05
GRADIENT_BOOSTED,unseen-compound-01,UNSEEN_COMPOUND,840,8.4,0,0.0007092415946077823,False,0,,1.3516089011594005e-05
GRADIENT_BOOSTED,unseen-compound-01,UNSEEN_COMPOUND,850,8.5,0,0.0007092415946077823,False,0,,1.3516089011594005e-05
GRADIENT_BOOSTED,unseen-compound-01,UNSEEN_COMPOUND,860,8.6,0,0.0007092415946077823,False,0,,1.3516089011594005e-05
GRADIENT_BOOSTED,unseen-compound-01,UNSEEN_COMPOUND,870,8.700000000000001,0,0.0007092415946077823,False,0,,1.3516089011594005e-05
GRADIENT_BOOSTED,unseen-compound-01,UNSEEN_COMPOUND,880,8.8,0,0.0007092415946077823,False,0,,1.3516089011594005e-05
GRADIENT_BOOSTED,unseen-compound-01,UNSEEN_COMPOUND,890,8.9,0,0.0007092415946077823,False,0,,1.3516089011594005e-05
GRADIENT_BOOSTED,unseen-compound-01,UNSEEN_COMPOUND,900,9.0,0,0.0007092415946077823,False,0,,1.3516089011594005e-05
GRADIENT_BOOSTED,unseen-compound-01,UNSEEN_COMPOUND,910,9.1,0,0.0007092415946077823,False,0,,1.3516089011594005e-05
GRADIENT_BOOSTED,unseen-compound-01,UNSEEN_COMPOUND,920,9.200000000000001,0,0.0007092415946077823,False,0,,1.3516089011594005e-05
GRADIENT_BOOSTED,unseen-compound-01,UNSEEN_COMPOUND,930,9.3,0,0.0007092415946077823,False,0,,1.3516089011594005e-05
GRADIENT_BOOSTED,unseen-compound-01,UNSEEN_COMPOUND,940,9.4,0,0.0007092415946077823,False,0,,1.3516089011594005e-05
GRADIENT_BOOSTED,unseen-compound-01,UNSEEN_COMPOUND,950,9.5,0,0.0007092415946077823,False,0,,1.3516089011594005e-05
GRADIENT_BOOSTED,unseen-compound-01,UNSEEN_COMPOUND,960,9.6,0,0.0007092415946077823,False,0,,1.3516089011594005e-05
GRADIENT_BOOSTED,unseen-compound-01,UNSEEN_COMPOUND,970,9.700000000000001,0,0.0007092415946077823,False,0,,1.3516089011594005e-05
GRADIENT_BOOSTED,unseen-compound-01,UNSEEN_COMPOUND,980,9.8,0,0.0007092415946077823,False,0,,1.3516089011594005e-05
GRADIENT_BOOSTED,unseen-compound-01,UNSEEN_COMPOUND,990,9.9,0,0.0007092415946077823,False,0,,1.3516089011594005e-05
GRADIENT_BOOSTED,unseen-compound-01,UNSEEN_COMPOUND,1000,10.0,0,0.0007092415946077823,False,0,,1.3516089011594005e-05
GRADIENT_BOOSTED,unseen-compound-01,UNSEEN_COMPOUND,1010,10.1,0,0.0007092415946077823,False,0,,1.3516089011594005e-05
GRADIENT_BOOSTED,unseen-compound-01,UNSEEN_COMPOUND,1020,10.200000000000001,0,0.0007092415946077823,False,0,,1.3516089011594005e-05
GRADIENT_BOOSTED,unseen-compound-01,UNSEEN_COMPOUND,1030,10.3,0,0.0007092415946077823,False,0,,1.3516089011594005e-05
GRADIENT_BOOSTED,unseen-compound-01,UNSEEN_COMPOUND,1040,10.4,0,0.0007092415946077823,False,0,,1.3516089011594005e-05
GRADIENT_BOOSTED,unseen-compound-01,UNSEEN_COMPOUND,1050,10.5,0,0.0007092415946077823,False,0,,1.3516089011594005e-05
GRADIENT_BOOSTED,unseen-compound-01,UNSEEN_COMPOUND,1060,10.6,0,0.0007092415946077823,False,0,,1.3516089011594005e-05
GRADIENT_BOOSTED,unseen-compound-01,UNSEEN_COMPOUND,1070,10.700000000000001,0,0.0007092415946077823,False,0,,1.3516089011594005e-05
GRADIENT_BOOSTED,unseen-compound-01,UNSEEN_COMPOUND,1080,10.8,0,0.0007092415946077823,False,0,,1.3516089011594005e-05
GRADIENT_BOOSTED,unseen-compound-01,UNSEEN_COMPOUND,1090,10.9,0,0.0007092415946077823,False,0,,1.3516089011594005e-05
GRADIENT_BOOSTED,unseen-compound-01,UNSEEN_COMPOUND,1100,11.0,0,0.0007092415946077823,False,0,,1.3516089011594005e-05
GRADIENT_BOOSTED,unseen-compound-01,UNSEEN_COMPOUND,1110,11.1,0,0.0007092415946077823,False,0,,1.3516089011594005e-05
GRADIENT_BOOSTED,unseen-compound-01,UNSEEN_COMPOUND,1120,11.200000000000001,0,0.0007092415946077823,False,0,,1.3516089011594005e-05
GRADIENT_BOOSTED,unseen-compound-01,UNSEEN_COMPOUND,1130,11.3,0,0.0007092415946077823,False,0,,1.3516089011594005e-05
GRADIENT_BOOSTED,unseen-compound-01,UNSEEN_COMPOUND,1140,11.4,0,0.0007092415946077823,False,0,,1.3516089011594005e-05
GRADIENT_BOOSTED,unseen-compound-01,UNSEEN_COMPOUND,1150,11.5,0,0.0007092415946077823,False,0,,1.3516089011594005e-05
GRADIENT_BOOSTED,unseen-compound-01,UNSEEN_COMPOUND,1160,11.6,0,0.0007092415946077823,False,0,,1.3516089011594005e-05
GRADIENT_BOOSTED,unseen-compound-01,UNSEEN_COMPOUND,1170,11.700000000000001,0,0.0007092415946077823,False,0,,1.3516089011594005e-05
GRADIENT_BOOSTED,unseen-compound-01,UNSEEN_COMPOUND,1180,11.8,0,0.0007092415946077823,False,0,,1.3516089011594005e-05
GRADIENT_BOOSTED,unseen-compound-01,UNSEEN_COMPOUND,1190,11.9,0,0.0007092415946077823,False,0,,1.3516089011594005e-05
GRADIENT_BOOSTED,unseen-compound-01,UNSEEN_COMPOUND,1200,12.0,0,0.0007092415946077823,False,0,,1.3516089011594005e-05
GRADIENT_BOOSTED,unseen-compound-01,UNSEEN_COMPOUND,1210,12.1,0,0.0007092415946077823,False,0,,1.3516089011594005e-05
GRADIENT_BOOSTED,unseen-compound-01,UNSEEN_COMPOUND,1220,12.200000000000001,0,0.0007092415946077823,False,0,,1.3516089011594005e-05
GRADIENT_BOOSTED,unseen-compound-01,UNSEEN_COMPOUND,1230,12.3,0,0.0007092415946077823,False,0,,1.3516089011594005e-05
GRADIENT_BOOSTED,unseen-compound-01,UNSEEN_COMPOUND,1240,12.4,0,0.0007092415946077823,False,0,,1.3516089011594005e-05
GRADIENT_BOOSTED,unseen-compound-01,UNSEEN_COMPOUND,1250,12.5,0,0.0007092415946077823,False,0,,1.3516089011594005e-05
GRADIENT_BOOSTED,unseen-compound-01,UNSEEN_COMPOUND,1260,12.6,0,0.0007092415946077823,False,0,,1.3516089011594005e-05
GRADIENT_BOOSTED,unseen-compound-01,UNSEEN_COMPOUND,1270,12.700000000000001,0,0.0007092415946077823,False,0,,1.3516089011594005e-05
GRADIENT_BOOSTED,unseen-compound-01,UNSEEN_COMPOUND,1280,12.8,0,0.0007092415946077823,False,0,,1.3516089011594005e-05
GRADIENT_BOOSTED,unseen-compound-01,UNSEEN_COMPOUND,1290,12.9,0,0.0007092415946077823,False,0,,1.3516089011594005e-05
GRADIENT_BOOSTED,unseen-compound-01,UNSEEN_COMPOUND,1300,13.0,0,0.0007092415946077823,False,0,,1.3516089011594005e-05
GRADIENT_BOOSTED,unseen-compound-02,UNSEEN_COMPOUND,430,4.3,0,0.019011485347538427,False,,,1.3516089011594005e-05
GRADIENT_BOOSTED,unseen-compound-02,UNSEEN_COMPOUND,440,4.4,0,0.019011485347538427,False,,,1.3516089011594005e-05
GRADIENT_BOOSTED,unseen-compound-02,UNSEEN_COMPOUND,450,4.5,0,0.019011485347538427,False,,,1.3516089011594005e-05
GRADIENT_BOOSTED,unseen-compound-02,UNSEEN_COMPOUND,460,4.6000000000000005,0,0.019011485347538427,False,,,1.3516089011594005e-05
GRADIENT_BOOSTED,unseen-compound-02,UNSEEN_COMPOUND,470,4.7,0,0.019011485347538427,False,,,1.3516089011594005e-05
GRADIENT_BOOSTED,unseen-compound-02,UNSEEN_COMPOUND,480,4.8,0,0.019011485347538427,False,,,1.3516089011594005e-05
GRADIENT_BOOSTED,unseen-compound-02,UNSEEN_COMPOUND,490,4.9,0,0.019011485347538427,False,,,1.3516089011594005e-05
GRADIENT_BOOSTED,unseen-compound-02,UNSEEN_COMPOUND,500,5.0,0,0.019011485347538427,False,,,1.3516089011594005e-05
GRADIENT_BOOSTED,unseen-compound-02,UNSEEN_COMPOUND,510,5.1000000000000005,0,0.019011485347538427,False,,,1.3516089011594005e-05
GRADIENT_BOOSTED,unseen-compound-02,UNSEEN_COMPOUND,520,5.2,0,0.019011485347538427,False,,,1.3516089011594005e-05
GRADIENT_BOOSTED,unseen-compound-02,UNSEEN_COMPOUND,530,5.3,0,0.019011485347538427,False,,,1.3516089011594005e-05
GRADIENT_BOOSTED,unseen-compound-02,UNSEEN_COMPOUND,540,5.4,0,0.019011485347538427,False,,,1.3516089011594005e-05
GRADIENT_BOOSTED,unseen-compound-02,UNSEEN_COMPOUND,550,5.5,0,0.019011485347538427,False,,,1.3516089011594005e-05
GRADIENT_BOOSTED,unseen-compound-02,UNSEEN_COMPOUND,560,5.6000000000000005,0,0.019011485347538427,False,,,1.3516089011594005e-05
GRADIENT_BOOSTED,unseen-compound-02,UNSEEN_COMPOUND,570,5.7,0,0.0007092415946077823,False,0,,1.3516089011594005e-05
GRADIENT_BOOSTED,unseen-compound-02,UNSEEN_COMPOUND,580,5.8,0,0.0007092415946077823,False,0,,1.3516089011594005e-05
GRADIENT_BOOSTED,unseen-compound-02,UNSEEN_COMPOUND,590,5.9,0,0.0007092415946077823,False,0,,1.3516089011594005e-05
GRADIENT_BOOSTED,unseen-compound-02,UNSEEN_COMPOUND,600,6.0,0,0.0007092415946077823,False,0,,1.3516089011594005e-05
GRADIENT_BOOSTED,unseen-compound-02,UNSEEN_COMPOUND,610,6.1000000000000005,0,0.0007092415946077823,False,0,,1.3516089011594005e-05
GRADIENT_BOOSTED,unseen-compound-02,UNSEEN_COMPOUND,620,6.2,0,0.0007092415946077823,False,0,,1.3516089011594005e-05
GRADIENT_BOOSTED,unseen-compound-02,UNSEEN_COMPOUND,630,6.3,0,0.0007092415946077823,False,0,,1.3516089011594005e-05
GRADIENT_BOOSTED,unseen-compound-02,UNSEEN_COMPOUND,640,6.4,0,0.0007092415946077823,False,0,,1.3516089011594005e-05
GRADIENT_BOOSTED,unseen-compound-02,UNSEEN_COMPOUND,650,6.5,0,0.0007092415946077823,False,0,,1.3516089011594005e-05
GRADIENT_BOOSTED,unseen-compound-02,UNSEEN_COMPOUND,660,6.6000000000000005,0,0.0007092415946077823,False,0,,1.3516089011594005e-05
GRADIENT_BOOSTED,unseen-compound-02,UNSEEN_COMPOUND,670,6.7,0,0.0007092415946077823,False,0,,1.3516089011594005e-05
GRADIENT_BOOSTED,unseen-compound-02,UNSEEN_COMPOUND,680,6.8,0,0.0007092415946077823,False,0,,1.3516089011594005e-05
GRADIENT_BOOSTED,unseen-compound-02,UNSEEN_COMPOUND,690,6.9,0,0.0007092415946077823,False,0,,1.3516089011594005e-05
GRADIENT_BOOSTED,unseen-compound-02,UNSEEN_COMPOUND,700,7.0,0,0.0007092415946077823,False,0,,1.3516089011594005e-05
GRADIENT_BOOSTED,unseen-compound-02,UNSEEN_COMPOUND,710,7.1000000000000005,0,0.0007092415946077823,False,0,,1.3516089011594005e-05
GRADIENT_BOOSTED,unseen-compound-02,UNSEEN_COMPOUND,720,7.2,0,0.0007092415946077823,False,0,,1.3516089011594005e-05
GRADIENT_BOOSTED,unseen-compound-02,UNSEEN_COMPOUND,730,7.3,0,0.0007092415946077823,False,0,,1.3516089011594005e-05
GRADIENT_BOOSTED,unseen-compound-02,UNSEEN_COMPOUND,740,7.4,0,0.0007092415946077823,False,0,,1.3516089011594005e-05
GRADIENT_BOOSTED,unseen-compound-02,UNSEEN_COMPOUND,750,7.5,0,0.0007092415946077823,False,0,,1.3516089011594005e-05
GRADIENT_BOOSTED,unseen-compound-02,UNSEEN_COMPOUND,760,7.6000000000000005,0,0.0007092415946077823,False,0,,1.3516089011594005e-05
GRADIENT_BOOSTED,unseen-compound-02,UNSEEN_COMPOUND,770,7.7,0,0.0007092415946077823,False,0,,1.3516089011594005e-05
GRADIENT_BOOSTED,unseen-compound-02,UNSEEN_COMPOUND,780,7.8,0,0.0007092415946077823,False,0,,1.3516089011594005e-05
GRADIENT_BOOSTED,unseen-compound-02,UNSEEN_COMPOUND,790,7.9,0,0.0007092415946077823,False,0,,1.3516089011594005e-05
GRADIENT_BOOSTED,unseen-compound-02,UNSEEN_COMPOUND,800,8.0,0,0.0007092415946077823,False,0,,1.3516089011594005e-05
GRADIENT_BOOSTED,unseen-compound-02,UNSEEN_COMPOUND,810,8.1,0,0.0007092415946077823,False,0,,1.3516089011594005e-05
GRADIENT_BOOSTED,unseen-compound-02,UNSEEN_COMPOUND,820,8.2,0,0.0007092415946077823,False,0,,1.3516089011594005e-05
GRADIENT_BOOSTED,unseen-compound-02,UNSEEN_COMPOUND,830,8.3,0,0.0007092415946077823,False,0,,1.3516089011594005e-05
GRADIENT_BOOSTED,unseen-compound-02,UNSEEN_COMPOUND,840,8.4,0,0.0007092415946077823,False,0,,1.3516089011594005e-05
GRADIENT_BOOSTED,unseen-compound-02,UNSEEN_COMPOUND,850,8.5,0,0.0007092415946077823,False,0,,1.3516089011594005e-05
GRADIENT_BOOSTED,unseen-compound-02,UNSEEN_COMPOUND,860,8.6,0,0.0007092415946077823,False,0,,1.3516089011594005e-05
GRADIENT_BOOSTED,unseen-compound-02,UNSEEN_COMPOUND,870,8.700000000000001,0,0.0007092415946077823,False,0,,1.3516089011594005e-05
GRADIENT_BOOSTED,unseen-compound-02,UNSEEN_COMPOUND,880,8.8,0,0.0007092415946077823,False,0,,1.3516089011594005e-05
GRADIENT_BOOSTED,unseen-compound-02,UNSEEN_COMPOUND,890,8.9,0,0.0007092415946077823,False,0,,1.3516089011594005e-05
GRADIENT_BOOSTED,unseen-compound-02,UNSEEN_COMPOUND,900,9.0,0,0.0007092415946077823,False,0,,1.3516089011594005e-05
GRADIENT_BOOSTED,unseen-compound-02,UNSEEN_COMPOUND,910,9.1,0,0.0007092415946077823,False,0,,1.3516089011594005e-05
GRADIENT_BOOSTED,unseen-compound-02,UNSEEN_COMPOUND,920,9.200000000000001,0,0.0007092415946077823,False,0,,1.3516089011594005e-05
GRADIENT_BOOSTED,unseen-compound-02,UNSEEN_COMPOUND,930,9.3,0,0.0007092415946077823,False,0,,1.3516089011594005e-05
GRADIENT_BOOSTED,unseen-compound-02,UNSEEN_COMPOUND,940,9.4,0,0.0007092415946077823,False,0,,1.3516089011594005e-05
GRADIENT_BOOSTED,unseen-compound-02,UNSEEN_COMPOUND,950,9.5,0,0.0007092415946077823,False,0,,1.3516089011594005e-05
GRADIENT_BOOSTED,unseen-compound-02,UNSEEN_COMPOUND,960,9.6,0,0.0007092415946077823,False,0,,1.3516089011594005e-05
GRADIENT_BOOSTED,unseen-compound-02,UNSEEN_COMPOUND,970,9.700000000000001,0,0.0007092415946077823,False,0,,1.3516089011594005e-05
GRADIENT_BOOSTED,unseen-compound-02,UNSEEN_COMPOUND,980,9.8,0,0.0007092415946077823,False,0,,1.3516089011594005e-05
GRADIENT_BOOSTED,unseen-compound-02,UNSEEN_COMPOUND,990,9.9,0,0.0007092415946077823,False,0,,1.3516089011594005e-05
GRADIENT_BOOSTED,unseen-compound-02,UNSEEN_COMPOUND,1000,10.0,0,0.0007092415946077823,False,0,,1.3516089011594005e-05
GRADIENT_BOOSTED,unseen-compound-02,UNSEEN_COMPOUND,1010,10.1,0,0.0007092415946077823,False,0,,1.3516089011594005e-05
GRADIENT_BOOSTED,unseen-compound-02,UNSEEN_COMPOUND,1020,10.200000000000001,0,0.0007092415946077823,False,0,,1.3516089011594005e-05
GRADIENT_BOOSTED,unseen-compound-02,UNSEEN_COMPOUND,1030,10.3,0,0.0007092415946077823,False,0,,1.3516089011594005e-05
GRADIENT_BOOSTED,unseen-compound-02,UNSEEN_COMPOUND,1040,10.4,0,0.0007092415946077823,False,0,,1.3516089011594005e-05
GRADIENT_BOOSTED,unseen-compound-02,UNSEEN_COMPOUND,1050,10.5,0,0.0007092415946077823,False,0,,1.3516089011594005e-05
GRADIENT_BOOSTED,unseen-compound-02,UNSEEN_COMPOUND,1060,10.6,0,0.0007092415946077823,False,0,,1.3516089011594005e-05
GRADIENT_BOOSTED,unseen-compound-02,UNSEEN_COMPOUND,1070,10.700000000000001,0,0.0007092415946077823,False,0,,1.3516089011594005e-05
GRADIENT_BOOSTED,unseen-compound-02,UNSEEN_COMPOUND,1080,10.8,0,0.0007092415946077823,False,0,,1.3516089011594005e-05
GRADIENT_BOOSTED,unseen-compound-02,UNSEEN_COMPOUND,1090,10.9,0,0.0007092415946077823,False,0,,1.3516089011594005e-05
GRADIENT_BOOSTED,unseen-compound-02,UNSEEN_COMPOUND,1100,11.0,0,0.0007092415946077823,False,0,,1.3516089011594005e-05
GRADIENT_BOOSTED,unseen-compound-02,UNSEEN_COMPOUND,1110,11.1,0,0.0007092415946077823,False,0,,1.3516089011594005e-05
GRADIENT_BOOSTED,unseen-compound-02,UNSEEN_COMPOUND,1120,11.200000000000001,0,0.0007092415946077823,False,0,,1.3516089011594005e-05
GRADIENT_BOOSTED,unseen-compound-02,UNSEEN_COMPOUND,1130,11.3,0,0.0007092415946077823,False,0,,1.3516089011594005e-05
GRADIENT_BOOSTED,unseen-compound-02,UNSEEN_COMPOUND,1140,11.4,0,0.0007092415946077823,False,0,,1.3516089011594005e-05
GRADIENT_BOOSTED,unseen-compound-02,UNSEEN_COMPOUND,1150,11.5,0,0.0007092415946077823,False,0,,1.3516089011594005e-05
GRADIENT_BOOSTED,unseen-compound-02,UNSEEN_COMPOUND,1160,11.6,0,0.0007092415946077823,False,0,,1.3516089011594005e-05
GRADIENT_BOOSTED,unseen-compound-02,UNSEEN_COMPOUND,1170,11.700000000000001,0,0.0007092415946077823,False,0,,1.3516089011594005e-05
GRADIENT_BOOSTED,unseen-compound-02,UNSEEN_COMPOUND,1180,11.8,0,0.0007092415946077823,False,0,,1.3516089011594005e-05
GRADIENT_BOOSTED,unseen-compound-02,UNSEEN_COMPOUND,1190,11.9,0,0.0007092415946077823,False,0,,1.3516089011594005e-05
GRADIENT_BOOSTED,unseen-compound-02,UNSEEN_COMPOUND,1200,12.0,0,0.0007092415946077823,False,0,,1.3516089011594005e-05
GRADIENT_BOOSTED,unseen-compound-02,UNSEEN_COMPOUND,1210,12.1,0,0.0007092415946077823,False,0,,1.3516089011594005e-05
GRADIENT_BOOSTED,unseen-compound-02,UNSEEN_COMPOUND,1220,12.200000000000001,0,0.0007092415946077823,False,0,,1.3516089011594005e-05
GRADIENT_BOOSTED,unseen-compound-02,UNSEEN_COMPOUND,1230,12.3,0,0.0007092415946077823,False,0,,1.3516089011594005e-05
GRADIENT_BOOSTED,unseen-compound-02,UNSEEN_COMPOUND,1240,12.4,0,0.0007092415946077823,False,0,,1.3516089011594005e-05
GRADIENT_BOOSTED,unseen-compound-02,UNSEEN_COMPOUND,1250,12.5,0,0.0007092415946077823,False,0,,1.3516089011594005e-05
GRADIENT_BOOSTED,unseen-compound-02,UNSEEN_COMPOUND,1260,12.6,0,0.0007092415946077823,False,0,,1.3516089011594005e-05
GRADIENT_BOOSTED,unseen-compound-02,UNSEEN_COMPOUND,1270,12.700000000000001,0,0.0007092415946077823,False,0,,1.3516089011594005e-05
GRADIENT_BOOSTED,unseen-compound-02,UNSEEN_COMPOUND,1280,12.8,0,0.0007092415946077823,False,0,,1.3516089011594005e-05
GRADIENT_BOOSTED,unseen-compound-02,UNSEEN_COMPOUND,1290,12.9,0,0.0007092415946077823,False,0,,1.3516089011594005e-05
GRADIENT_BOOSTED,unseen-compound-02,UNSEEN_COMPOUND,1300,13.0,0,0.0007092415946077823,False,0,,1.3516089011594005e-05
GRADIENT_BOOSTED,unseen-compound-03,UNSEEN_COMPOUND,430,4.3,0,0.019011485347538427,False,,,1.3516089011594005e-05
GRADIENT_BOOSTED,unseen-compound-03,UNSEEN_COMPOUND,440,4.4,0,0.019011485347538427,False,,,1.3516089011594005e-05
GRADIENT_BOOSTED,unseen-compound-03,UNSEEN_COMPOUND,450,4.5,0,0.019011485347538427,False,,,1.3516089011594005e-05
GRADIENT_BOOSTED,unseen-compound-03,UNSEEN_COMPOUND,460,4.6000000000000005,0,0.019011485347538427,False,,,1.3516089011594005e-05
GRADIENT_BOOSTED,unseen-compound-03,UNSEEN_COMPOUND,470,4.7,0,0.019011485347538427,False,,,1.3516089011594005e-05
GRADIENT_BOOSTED,unseen-compound-03,UNSEEN_COMPOUND,480,4.8,0,0.019011485347538427,False,,,1.3516089011594005e-05
GRADIENT_BOOSTED,unseen-compound-03,UNSEEN_COMPOUND,490,4.9,0,0.019011485347538427,False,,,1.3516089011594005e-05
GRADIENT_BOOSTED,unseen-compound-03,UNSEEN_COMPOUND,500,5.0,0,0.019011485347538427,False,,,1.3516089011594005e-05
GRADIENT_BOOSTED,unseen-compound-03,UNSEEN_COMPOUND,510,5.1000000000000005,0,0.9496750928678782,True,,,1.3516089011594005e-05
GRADIENT_BOOSTED,unseen-compound-03,UNSEEN_COMPOUND,520,5.2,0,0.9496750928678782,True,,,1.3516089011594005e-05
GRADIENT_BOOSTED,unseen-compound-03,UNSEEN_COMPOUND,530,5.3,0,0.9496750928678782,True,,,1.3516089011594005e-05
GRADIENT_BOOSTED,unseen-compound-03,UNSEEN_COMPOUND,540,5.4,0,0.9496750928678782,True,,,1.3516089011594005e-05
GRADIENT_BOOSTED,unseen-compound-03,UNSEEN_COMPOUND,550,5.5,0,0.9496750928678782,True,,,1.3516089011594005e-05
GRADIENT_BOOSTED,unseen-compound-03,UNSEEN_COMPOUND,560,5.6000000000000005,0,0.9496750928678782,True,,,1.3516089011594005e-05
GRADIENT_BOOSTED,unseen-compound-03,UNSEEN_COMPOUND,570,5.7,0,0.9496750928678782,True,,,1.3516089011594005e-05
GRADIENT_BOOSTED,unseen-compound-03,UNSEEN_COMPOUND,580,5.8,0,0.2899535918833937,False,,,1.3516089011594005e-05
GRADIENT_BOOSTED,unseen-compound-03,UNSEEN_COMPOUND,590,5.9,0,0.2899535918833937,False,,,1.3516089011594005e-05
GRADIENT_BOOSTED,unseen-compound-03,UNSEEN_COMPOUND,600,6.0,0,0.2899535918833937,False,,,1.3516089011594005e-05
GRADIENT_BOOSTED,unseen-compound-03,UNSEEN_COMPOUND,610,6.1000000000000005,0,0.2899535918833937,False,,,1.3516089011594005e-05
GRADIENT_BOOSTED,unseen-compound-03,UNSEEN_COMPOUND,620,6.2,0,0.2899535918833937,False,,,1.3516089011594005e-05
GRADIENT_BOOSTED,unseen-compound-03,UNSEEN_COMPOUND,630,6.3,0,0.2899535918833937,False,,,1.3516089011594005e-05
GRADIENT_BOOSTED,unseen-compound-03,UNSEEN_COMPOUND,640,6.4,0,0.2899535918833937,False,,,1.3516089011594005e-05
GRADIENT_BOOSTED,unseen-compound-03,UNSEEN_COMPOUND,650,6.5,0,0.2899535918833937,False,,,1.3516089011594005e-05
GRADIENT_BOOSTED,unseen-compound-03,UNSEEN_COMPOUND,660,6.6000000000000005,0,0.2899535918833937,False,,,1.3516089011594005e-05
GRADIENT_BOOSTED,unseen-compound-03,UNSEEN_COMPOUND,670,6.7,0,0.2899535918833937,False,,,1.3516089011594005e-05
GRADIENT_BOOSTED,unseen-compound-03,UNSEEN_COMPOUND,680,6.8,0,0.2899535918833937,False,,,1.3516089011594005e-05
GRADIENT_BOOSTED,unseen-compound-03,UNSEEN_COMPOUND,690,6.9,0,0.2899535918833937,False,,,1.3516089011594005e-05
GRADIENT_BOOSTED,unseen-compound-03,UNSEEN_COMPOUND,700,7.0,0,0.2899535918833937,False,,,1.3516089011594005e-05
GRADIENT_BOOSTED,unseen-compound-03,UNSEEN_COMPOUND,710,7.1000000000000005,0,0.2899535918833937,False,,,1.3516089011594005e-05
GRADIENT_BOOSTED,unseen-compound-03,UNSEEN_COMPOUND,720,7.2,0,0.2899535918833937,False,,,1.3516089011594005e-05
GRADIENT_BOOSTED,unseen-compound-03,UNSEEN_COMPOUND,730,7.3,0,0.2899535918833937,False,,,1.3516089011594005e-05
GRADIENT_BOOSTED,unseen-compound-03,UNSEEN_COMPOUND,740,7.4,0,0.2899535918833937,False,,,1.3516089011594005e-05
GRADIENT_BOOSTED,unseen-compound-03,UNSEEN_COMPOUND,750,7.5,0,0.2899535918833937,False,,,1.3516089011594005e-05
GRADIENT_BOOSTED,unseen-compound-03,UNSEEN_COMPOUND,760,7.6000000000000005,0,0.2899535918833937,False,,,1.3516089011594005e-05
GRADIENT_BOOSTED,unseen-compound-03,UNSEEN_COMPOUND,770,7.7,0,0.2899535918833937,False,,,1.3516089011594005e-05
GRADIENT_BOOSTED,unseen-compound-03,UNSEEN_COMPOUND,780,7.8,0,0.2899535918833937,False,,,1.3516089011594005e-05
GRADIENT_BOOSTED,unseen-compound-03,UNSEEN_COMPOUND,790,7.9,0,0.2899535918833937,False,,,1.3516089011594005e-05
GRADIENT_BOOSTED,unseen-compound-03,UNSEEN_COMPOUND,800,8.0,0,0.2899535918833937,False,,,1.3516089011594005e-05
GRADIENT_BOOSTED,unseen-compound-03,UNSEEN_COMPOUND,810,8.1,0,0.2899535918833937,False,,,1.3516089011594005e-05
GRADIENT_BOOSTED,unseen-compound-03,UNSEEN_COMPOUND,820,8.2,0,0.2899535918833937,False,,,1.3516089011594005e-05
GRADIENT_BOOSTED,unseen-compound-03,UNSEEN_COMPOUND,830,8.3,0,0.2899535918833937,False,,,1.3516089011594005e-05
GRADIENT_BOOSTED,unseen-compound-03,UNSEEN_COMPOUND,840,8.4,0,0.2899535918833937,False,,,1.3516089011594005e-05
GRADIENT_BOOSTED,unseen-compound-03,UNSEEN_COMPOUND,850,8.5,0,0.2899535918833937,False,,,1.3516089011594005e-05
GRADIENT_BOOSTED,unseen-compound-03,UNSEEN_COMPOUND,860,8.6,0,0.2899535918833937,False,,,1.3516089011594005e-05
GRADIENT_BOOSTED,unseen-compound-03,UNSEEN_COMPOUND,870,8.700000000000001,0,0.2899535918833937,False,,,1.3516089011594005e-05
GRADIENT_BOOSTED,unseen-compound-03,UNSEEN_COMPOUND,880,8.8,0,0.2899535918833937,False,,,1.3516089011594005e-05
GRADIENT_BOOSTED,unseen-compound-03,UNSEEN_COMPOUND,890,8.9,0,0.2899535918833937,False,,,1.3516089011594005e-05
GRADIENT_BOOSTED,unseen-compound-03,UNSEEN_COMPOUND,900,9.0,0,0.2899535918833937,False,,,1.3516089011594005e-05
GRADIENT_BOOSTED,unseen-compound-03,UNSEEN_COMPOUND,910,9.1,0,0.2899535918833937,False,,,1.3516089011594005e-05
GRADIENT_BOOSTED,unseen-compound-03,UNSEEN_COMPOUND,920,9.200000000000001,0,0.2899535918833937,False,,,1.3516089011594005e-05
GRADIENT_BOOSTED,unseen-compound-03,UNSEEN_COMPOUND,930,9.3,0,0.2899535918833937,False,,,1.3516089011594005e-05
GRADIENT_BOOSTED,unseen-compound-03,UNSEEN_COMPOUND,940,9.4,0,0.2899535918833937,False,,,1.3516089011594005e-05
GRADIENT_BOOSTED,unseen-compound-03,UNSEEN_COMPOUND,950,9.5,0,0.2899535918833937,False,,,1.3516089011594005e-05
GRADIENT_BOOSTED,unseen-compound-03,UNSEEN_COMPOUND,960,9.6,0,0.2899535918833937,False,,,1.3516089011594005e-05
GRADIENT_BOOSTED,unseen-compound-03,UNSEEN_COMPOUND,970,9.700000000000001,0,0.2899535918833937,False,,,1.3516089011594005e-05
GRADIENT_BOOSTED,unseen-compound-03,UNSEEN_COMPOUND,980,9.8,0,0.2899535918833937,False,,,1.3516089011594005e-05
GRADIENT_BOOSTED,unseen-compound-03,UNSEEN_COMPOUND,990,9.9,0,0.2899535918833937,False,,,1.3516089011594005e-05
GRADIENT_BOOSTED,unseen-compound-03,UNSEEN_COMPOUND,1000,10.0,0,0.2899535918833937,False,,,1.3516089011594005e-05
GRADIENT_BOOSTED,unseen-compound-03,UNSEEN_COMPOUND,1010,10.1,0,0.2899535918833937,False,,,1.3516089011594005e-05
GRADIENT_BOOSTED,unseen-compound-03,UNSEEN_COMPOUND,1020,10.200000000000001,0,0.2899535918833937,False,,,1.3516089011594005e-05
GRADIENT_BOOSTED,unseen-compound-03,UNSEEN_COMPOUND,1030,10.3,0,0.2899535918833937,False,,,1.3516089011594005e-05
GRADIENT_BOOSTED,unseen-compound-03,UNSEEN_COMPOUND,1040,10.4,0,0.2899535918833937,False,,,1.3516089011594005e-05
GRADIENT_BOOSTED,unseen-compound-03,UNSEEN_COMPOUND,1050,10.5,0,0.2899535918833937,False,,,1.3516089011594005e-05
GRADIENT_BOOSTED,unseen-compound-03,UNSEEN_COMPOUND,1060,10.6,0,0.2899535918833937,False,,,1.3516089011594005e-05
GRADIENT_BOOSTED,unseen-compound-03,UNSEEN_COMPOUND,1070,10.700000000000001,0,1.0,True,1,,1.3516089011594005e-05
GRADIENT_BOOSTED,unseen-compound-03,UNSEEN_COMPOUND,1080,10.8,0,1.0,True,1,,1.3516089011594005e-05
GRADIENT_BOOSTED,unseen-compound-03,UNSEEN_COMPOUND,1090,10.9,0,1.0,True,1,,1.3516089011594005e-05
GRADIENT_BOOSTED,unseen-compound-03,UNSEEN_COMPOUND,1100,11.0,0,1.0,True,1,,1.3516089011594005e-05
GRADIENT_BOOSTED,unseen-compound-03,UNSEEN_COMPOUND,1110,11.1,0,1.0,True,1,,1.3516089011594005e-05
GRADIENT_BOOSTED,unseen-compound-03,UNSEEN_COMPOUND,1120,11.200000000000001,0,1.0,True,1,,1.3516089011594005e-05
GRADIENT_BOOSTED,unseen-compound-03,UNSEEN_COMPOUND,1130,11.3,0,1.0,True,1,,1.3516089011594005e-05
GRADIENT_BOOSTED,unseen-compound-03,UNSEEN_COMPOUND,1140,11.4,0,1.0,True,1,,1.3516089011594005e-05
GRADIENT_BOOSTED,unseen-compound-03,UNSEEN_COMPOUND,1150,11.5,0,1.0,True,1,,1.3516089011594005e-05
GRADIENT_BOOSTED,unseen-compound-03,UNSEEN_COMPOUND,1160,11.6,0,1.0,True,1,,1.3516089011594005e-05
GRADIENT_BOOSTED,unseen-compound-03,UNSEEN_COMPOUND,1170,11.700000000000001,0,1.0,True,1,,1.3516089011594005e-05
GRADIENT_BOOSTED,unseen-compound-03,UNSEEN_COMPOUND,1180,11.8,0,1.0,True,1,,1.3516089011594005e-05
GRADIENT_BOOSTED,unseen-compound-03,UNSEEN_COMPOUND,1190,11.9,0,1.0,True,1,,1.3516089011594005e-05
GRADIENT_BOOSTED,unseen-compound-03,UNSEEN_COMPOUND,1200,12.0,0,1.0,True,1,,1.3516089011594005e-05
GRADIENT_BOOSTED,unseen-compound-03,UNSEEN_COMPOUND,1210,12.1,0,1.0,True,1,,1.3516089011594005e-05
GRADIENT_BOOSTED,unseen-compound-03,UNSEEN_COMPOUND,1220,12.200000000000001,0,1.0,True,1,,1.3516089011594005e-05
GRADIENT_BOOSTED,unseen-compound-03,UNSEEN_COMPOUND,1230,12.3,0,1.0,True,1,,1.3516089011594005e-05
GRADIENT_BOOSTED,unseen-compound-03,UNSEEN_COMPOUND,1240,12.4,0,1.0,True,1,,1.3516089011594005e-05
GRADIENT_BOOSTED,unseen-compound-03,UNSEEN_COMPOUND,1250,12.5,0,1.0,True,1,,1.3516089011594005e-05
GRADIENT_BOOSTED,unseen-compound-03,UNSEEN_COMPOUND,1260,12.6,0,1.0,True,1,,1.3516089011594005e-05
GRADIENT_BOOSTED,unseen-compound-03,UNSEEN_COMPOUND,1270,12.700000000000001,0,1.0,True,1,,1.3516089011594005e-05
GRADIENT_BOOSTED,unseen-compound-03,UNSEEN_COMPOUND,1280,12.8,0,1.0,True,1,,1.3516089011594005e-05
GRADIENT_BOOSTED,unseen-compound-03,UNSEEN_COMPOUND,1290,12.9,0,1.0,True,1,,1.3516089011594005e-05
GRADIENT_BOOSTED,unseen-compound-03,UNSEEN_COMPOUND,1300,13.0,0,1.0,True,1,,1.3516089011594005e-05
GRADIENT_BOOSTED,unseen-compound-04,UNSEEN_COMPOUND,430,4.3,0,0.019011485347538427,False,,,1.3516089011594005e-05
GRADIENT_BOOSTED,unseen-compound-04,UNSEEN_COMPOUND,440,4.4,0,0.019011485347538427,False,,,1.3516089011594005e-05
GRADIENT_BOOSTED,unseen-compound-04,UNSEEN_COMPOUND,450,4.5,0,0.019011485347538427,False,,,1.3516089011594005e-05
GRADIENT_BOOSTED,unseen-compound-04,UNSEEN_COMPOUND,460,4.6000000000000005,0,0.019011485347538427,False,,,1.3516089011594005e-05
GRADIENT_BOOSTED,unseen-compound-04,UNSEEN_COMPOUND,470,4.7,0,0.019011485347538427,False,,,1.3516089011594005e-05
GRADIENT_BOOSTED,unseen-compound-04,UNSEEN_COMPOUND,480,4.8,0,0.019011485347538427,False,,,1.3516089011594005e-05
GRADIENT_BOOSTED,unseen-compound-04,UNSEEN_COMPOUND,490,4.9,0,0.019011485347538427,False,,,1.3516089011594005e-05
GRADIENT_BOOSTED,unseen-compound-04,UNSEEN_COMPOUND,500,5.0,0,0.019011485347538427,False,,,1.3516089011594005e-05
GRADIENT_BOOSTED,unseen-compound-04,UNSEEN_COMPOUND,510,5.1000000000000005,0,0.019011485347538427,False,,,1.3516089011594005e-05
GRADIENT_BOOSTED,unseen-compound-04,UNSEEN_COMPOUND,520,5.2,0,0.019011485347538427,False,,,1.3516089011594005e-05
GRADIENT_BOOSTED,unseen-compound-04,UNSEEN_COMPOUND,530,5.3,0,0.019011485347538427,False,,,1.3516089011594005e-05
GRADIENT_BOOSTED,unseen-compound-04,UNSEEN_COMPOUND,540,5.4,0,0.9496750928678782,True,,,1.3516089011594005e-05
GRADIENT_BOOSTED,unseen-compound-04,UNSEEN_COMPOUND,550,5.5,0,0.9496750928678782,True,,,1.3516089011594005e-05
GRADIENT_BOOSTED,unseen-compound-04,UNSEEN_COMPOUND,560,5.6000000000000005,0,0.9496750928678782,True,,,1.3516089011594005e-05
GRADIENT_BOOSTED,unseen-compound-04,UNSEEN_COMPOUND,570,5.7,0,0.9496750928678782,True,,,1.3516089011594005e-05
GRADIENT_BOOSTED,unseen-compound-04,UNSEEN_COMPOUND,580,5.8,0,0.9496750928678782,True,,,1.3516089011594005e-05
GRADIENT_BOOSTED,unseen-compound-04,UNSEEN_COMPOUND,590,5.9,0,0.9496750928678782,True,,,1.3516089011594005e-05
GRADIENT_BOOSTED,unseen-compound-04,UNSEEN_COMPOUND,600,6.0,0,0.9496750928678782,True,,,1.3516089011594005e-05
GRADIENT_BOOSTED,unseen-compound-04,UNSEEN_COMPOUND,610,6.1000000000000005,0,0.9496750928678782,True,,,1.3516089011594005e-05
GRADIENT_BOOSTED,unseen-compound-04,UNSEEN_COMPOUND,620,6.2,0,0.9496750928678782,True,,,1.3516089011594005e-05
GRADIENT_BOOSTED,unseen-compound-04,UNSEEN_COMPOUND,630,6.3,0,0.9496750928678782,True,,,1.3516089011594005e-05
GRADIENT_BOOSTED,unseen-compound-04,UNSEEN_COMPOUND,640,6.4,0,0.9496750928678782,True,,,1.3516089011594005e-05
GRADIENT_BOOSTED,unseen-compound-04,UNSEEN_COMPOUND,650,6.5,0,0.9496750928678782,True,,,1.3516089011594005e-05
GRADIENT_BOOSTED,unseen-compound-04,UNSEEN_COMPOUND,660,6.6000000000000005,0,0.9496750928678782,True,,,1.3516089011594005e-05
GRADIENT_BOOSTED,unseen-compound-04,UNSEEN_COMPOUND,670,6.7,0,0.9496750928678782,True,,,1.3516089011594005e-05
GRADIENT_BOOSTED,unseen-compound-04,UNSEEN_COMPOUND,680,6.8,0,0.9496750928678782,True,,,1.3516089011594005e-05
GRADIENT_BOOSTED,unseen-compound-04,UNSEEN_COMPOUND,690,6.9,0,0.2899535918833937,False,,,1.3516089011594005e-05
GRADIENT_BOOSTED,unseen-compound-04,UNSEEN_COMPOUND,700,7.0,0,0.2899535918833937,False,,,1.3516089011594005e-05
GRADIENT_BOOSTED,unseen-compound-04,UNSEEN_COMPOUND,710,7.1000000000000005,0,0.2899535918833937,False,,,1.3516089011594005e-05
GRADIENT_BOOSTED,unseen-compound-04,UNSEEN_COMPOUND,720,7.2,0,0.2899535918833937,False,,,1.3516089011594005e-05
GRADIENT_BOOSTED,unseen-compound-04,UNSEEN_COMPOUND,730,7.3,0,0.2899535918833937,False,,,1.3516089011594005e-05
GRADIENT_BOOSTED,unseen-compound-04,UNSEEN_COMPOUND,740,7.4,0,0.2899535918833937,False,,,1.3516089011594005e-05
GRADIENT_BOOSTED,unseen-compound-04,UNSEEN_COMPOUND,750,7.5,0,0.2899535918833937,False,,,1.3516089011594005e-05
GRADIENT_BOOSTED,unseen-compound-04,UNSEEN_COMPOUND,760,7.6000000000000005,0,0.2899535918833937,False,,,1.3516089011594005e-05
GRADIENT_BOOSTED,unseen-compound-04,UNSEEN_COMPOUND,770,7.7,0,0.2899535918833937,False,,,1.3516089011594005e-05
GRADIENT_BOOSTED,unseen-compound-04,UNSEEN_COMPOUND,780,7.8,0,0.2899535918833937,False,,,1.3516089011594005e-05
GRADIENT_BOOSTED,unseen-compound-04,UNSEEN_COMPOUND,790,7.9,0,0.2899535918833937,False,,,1.3516089011594005e-05
GRADIENT_BOOSTED,unseen-compound-04,UNSEEN_COMPOUND,800,8.0,0,0.2899535918833937,False,,,1.3516089011594005e-05
GRADIENT_BOOSTED,unseen-compound-04,UNSEEN_COMPOUND,810,8.1,0,0.2899535918833937,False,,,1.3516089011594005e-05
GRADIENT_BOOSTED,unseen-compound-04,UNSEEN_COMPOUND,820,8.2,0,0.2899535918833937,False,,,1.3516089011594005e-05
GRADIENT_BOOSTED,unseen-compound-04,UNSEEN_COMPOUND,830,8.3,0,0.2899535918833937,False,,,1.3516089011594005e-05
GRADIENT_BOOSTED,unseen-compound-04,UNSEEN_COMPOUND,840,8.4,0,0.2899535918833937,False,,,1.3516089011594005e-05
GRADIENT_BOOSTED,unseen-compound-04,UNSEEN_COMPOUND,850,8.5,0,0.2899535918833937,False,,,1.3516089011594005e-05
GRADIENT_BOOSTED,unseen-compound-04,UNSEEN_COMPOUND,860,8.6,0,0.2899535918833937,False,,,1.3516089011594005e-05
GRADIENT_BOOSTED,unseen-compound-04,UNSEEN_COMPOUND,870,8.700000000000001,0,0.2899535918833937,False,,,1.3516089011594005e-05
GRADIENT_BOOSTED,unseen-compound-04,UNSEEN_COMPOUND,880,8.8,0,0.2899535918833937,False,,,1.3516089011594005e-05
GRADIENT_BOOSTED,unseen-compound-04,UNSEEN_COMPOUND,890,8.9,0,0.2899535918833937,False,,,1.3516089011594005e-05
GRADIENT_BOOSTED,unseen-compound-04,UNSEEN_COMPOUND,900,9.0,0,0.2899535918833937,False,,,1.3516089011594005e-05
GRADIENT_BOOSTED,unseen-compound-04,UNSEEN_COMPOUND,910,9.1,0,0.2899535918833937,False,,,1.3516089011594005e-05
GRADIENT_BOOSTED,unseen-compound-04,UNSEEN_COMPOUND,920,9.200000000000001,0,0.2899535918833937,False,,,1.3516089011594005e-05
GRADIENT_BOOSTED,unseen-compound-04,UNSEEN_COMPOUND,930,9.3,0,0.2899535918833937,False,,,1.3516089011594005e-05
GRADIENT_BOOSTED,unseen-compound-04,UNSEEN_COMPOUND,940,9.4,0,0.2899535918833937,False,,,1.3516089011594005e-05
GRADIENT_BOOSTED,unseen-compound-04,UNSEEN_COMPOUND,950,9.5,0,0.2899535918833937,False,,,1.3516089011594005e-05
GRADIENT_BOOSTED,unseen-compound-04,UNSEEN_COMPOUND,960,9.6,0,0.2899535918833937,False,,,1.3516089011594005e-05
GRADIENT_BOOSTED,unseen-compound-04,UNSEEN_COMPOUND,970,9.700000000000001,0,0.2899535918833937,False,,,1.3516089011594005e-05
GRADIENT_BOOSTED,unseen-compound-04,UNSEEN_COMPOUND,980,9.8,0,0.2899535918833937,False,,,1.3516089011594005e-05
GRADIENT_BOOSTED,unseen-compound-04,UNSEEN_COMPOUND,990,9.9,0,0.2899535918833937,False,,,1.3516089011594005e-05
GRADIENT_BOOSTED,unseen-compound-04,UNSEEN_COMPOUND,1000,10.0,0,0.2899535918833937,False,,,1.3516089011594005e-05
GRADIENT_BOOSTED,unseen-compound-04,UNSEEN_COMPOUND,1010,10.1,0,0.2899535918833937,False,,,1.3516089011594005e-05
GRADIENT_BOOSTED,unseen-compound-04,UNSEEN_COMPOUND,1020,10.200000000000001,0,0.2899535918833937,False,,,1.3516089011594005e-05
GRADIENT_BOOSTED,unseen-compound-04,UNSEEN_COMPOUND,1030,10.3,0,0.2899535918833937,False,,,1.3516089011594005e-05
GRADIENT_BOOSTED,unseen-compound-04,UNSEEN_COMPOUND,1040,10.4,0,0.2899535918833937,False,,,1.3516089011594005e-05
GRADIENT_BOOSTED,unseen-compound-04,UNSEEN_COMPOUND,1050,10.5,0,0.2899535918833937,False,,,1.3516089011594005e-05
GRADIENT_BOOSTED,unseen-compound-04,UNSEEN_COMPOUND,1060,10.6,0,0.2899535918833937,False,,,1.3516089011594005e-05
GRADIENT_BOOSTED,unseen-compound-04,UNSEEN_COMPOUND,1070,10.700000000000001,0,0.2899535918833937,False,,,1.3516089011594005e-05
GRADIENT_BOOSTED,unseen-compound-04,UNSEEN_COMPOUND,1080,10.8,0,0.2899535918833937,False,,,1.3516089011594005e-05
GRADIENT_BOOSTED,unseen-compound-04,UNSEEN_COMPOUND,1090,10.9,0,0.2899535918833937,False,,,1.3516089011594005e-05
GRADIENT_BOOSTED,unseen-compound-04,UNSEEN_COMPOUND,1100,11.0,0,0.2899535918833937,False,,,1.3516089011594005e-05
GRADIENT_BOOSTED,unseen-compound-04,UNSEEN_COMPOUND,1110,11.1,0,0.2899535918833937,False,,,1.3516089011594005e-05
GRADIENT_BOOSTED,unseen-compound-04,UNSEEN_COMPOUND,1120,11.200000000000001,0,0.2899535918833937,False,,,1.3516089011594005e-05
GRADIENT_BOOSTED,unseen-compound-04,UNSEEN_COMPOUND,1130,11.3,0,0.2899535918833937,False,,,1.3516089011594005e-05
GRADIENT_BOOSTED,unseen-compound-04,UNSEEN_COMPOUND,1140,11.4,0,0.2899535918833937,False,,,1.3516089011594005e-05
GRADIENT_BOOSTED,unseen-compound-04,UNSEEN_COMPOUND,1150,11.5,0,0.2899535918833937,False,,,1.3516089011594005e-05
GRADIENT_BOOSTED,unseen-compound-04,UNSEEN_COMPOUND,1160,11.6,0,0.2899535918833937,False,,,1.3516089011594005e-05
GRADIENT_BOOSTED,unseen-compound-04,UNSEEN_COMPOUND,1170,11.700000000000001,0,0.2899535918833937,False,,,1.3516089011594005e-05
GRADIENT_BOOSTED,unseen-compound-04,UNSEEN_COMPOUND,1180,11.8,0,0.2899535918833937,False,,,1.3516089011594005e-05
GRADIENT_BOOSTED,unseen-compound-04,UNSEEN_COMPOUND,1190,11.9,0,0.2899535918833937,False,,,1.3516089011594005e-05
GRADIENT_BOOSTED,unseen-compound-04,UNSEEN_COMPOUND,1200,12.0,0,0.2899535918833937,False,,,1.3516089011594005e-05
GRADIENT_BOOSTED,unseen-compound-04,UNSEEN_COMPOUND,1210,12.1,0,0.2899535918833937,False,,,1.3516089011594005e-05
GRADIENT_BOOSTED,unseen-compound-04,UNSEEN_COMPOUND,1220,12.200000000000001,0,0.2899535918833937,False,,,1.3516089011594005e-05
GRADIENT_BOOSTED,unseen-compound-04,UNSEEN_COMPOUND,1230,12.3,0,0.2899535918833937,False,,,1.3516089011594005e-05
GRADIENT_BOOSTED,unseen-compound-04,UNSEEN_COMPOUND,1240,12.4,0,0.2899535918833937,False,,,1.3516089011594005e-05
GRADIENT_BOOSTED,unseen-compound-04,UNSEEN_COMPOUND,1250,12.5,0,0.2899535918833937,False,,,1.3516089011594005e-05
GRADIENT_BOOSTED,unseen-compound-04,UNSEEN_COMPOUND,1260,12.6,0,0.2899535918833937,False,,,1.3516089011594005e-05
GRADIENT_BOOSTED,unseen-compound-04,UNSEEN_COMPOUND,1270,12.700000000000001,0,0.2899535918833937,False,,,1.3516089011594005e-05
GRADIENT_BOOSTED,unseen-compound-04,UNSEEN_COMPOUND,1280,12.8,0,0.2899535918833937,False,,,1.3516089011594005e-05
GRADIENT_BOOSTED,unseen-compound-04,UNSEEN_COMPOUND,1290,12.9,0,0.2899535918833937,False,,,1.3516089011594005e-05
GRADIENT_BOOSTED,unseen-compound-04,UNSEEN_COMPOUND,1300,13.0,0,0.2899535918833937,False,,,1.3516089011594005e-05
GRADIENT_BOOSTED,unseen-compound-05,UNSEEN_COMPOUND,430,4.3,0,0.019011485347538427,False,,,1.3516089011594005e-05
GRADIENT_BOOSTED,unseen-compound-05,UNSEEN_COMPOUND,440,4.4,0,0.019011485347538427,False,,,1.3516089011594005e-05
GRADIENT_BOOSTED,unseen-compound-05,UNSEEN_COMPOUND,450,4.5,0,0.019011485347538427,False,,,1.3516089011594005e-05
GRADIENT_BOOSTED,unseen-compound-05,UNSEEN_COMPOUND,460,4.6000000000000005,0,0.019011485347538427,False,,,1.3516089011594005e-05
GRADIENT_BOOSTED,unseen-compound-05,UNSEEN_COMPOUND,470,4.7,0,0.019011485347538427,False,,,1.3516089011594005e-05
GRADIENT_BOOSTED,unseen-compound-05,UNSEEN_COMPOUND,480,4.8,0,0.9496750928678782,True,,,1.3516089011594005e-05
GRADIENT_BOOSTED,unseen-compound-05,UNSEEN_COMPOUND,490,4.9,0,0.9496750928678782,True,,,1.3516089011594005e-05
GRADIENT_BOOSTED,unseen-compound-05,UNSEEN_COMPOUND,500,5.0,0,0.9496750928678782,True,,,1.3516089011594005e-05
GRADIENT_BOOSTED,unseen-compound-05,UNSEEN_COMPOUND,510,5.1000000000000005,0,0.9496750928678782,True,,,1.3516089011594005e-05
GRADIENT_BOOSTED,unseen-compound-05,UNSEEN_COMPOUND,520,5.2,0,0.9496750928678782,True,,,1.3516089011594005e-05
GRADIENT_BOOSTED,unseen-compound-05,UNSEEN_COMPOUND,530,5.3,0,0.9496750928678782,True,,,1.3516089011594005e-05
GRADIENT_BOOSTED,unseen-compound-05,UNSEEN_COMPOUND,540,5.4,0,0.9496750928678782,True,,,1.3516089011594005e-05
GRADIENT_BOOSTED,unseen-compound-05,UNSEEN_COMPOUND,550,5.5,0,0.9496750928678782,True,,,1.3516089011594005e-05
GRADIENT_BOOSTED,unseen-compound-05,UNSEEN_COMPOUND,560,5.6000000000000005,0,0.9496750928678782,True,,,1.3516089011594005e-05
GRADIENT_BOOSTED,unseen-compound-05,UNSEEN_COMPOUND,570,5.7,0,0.9496750928678782,True,,,1.3516089011594005e-05
GRADIENT_BOOSTED,unseen-compound-05,UNSEEN_COMPOUND,580,5.8,0,0.9496750928678782,True,,,1.3516089011594005e-05
GRADIENT_BOOSTED,unseen-compound-05,UNSEEN_COMPOUND,590,5.9,0,0.9496750928678782,True,,,1.3516089011594005e-05
GRADIENT_BOOSTED,unseen-compound-05,UNSEEN_COMPOUND,600,6.0,0,0.9496750928678782,True,,,1.3516089011594005e-05
GRADIENT_BOOSTED,unseen-compound-05,UNSEEN_COMPOUND,610,6.1000000000000005,0,0.9496750928678782,True,,,1.3516089011594005e-05
GRADIENT_BOOSTED,unseen-compound-05,UNSEEN_COMPOUND,620,6.2,0,0.9496750928678782,True,,,1.3516089011594005e-05
GRADIENT_BOOSTED,unseen-compound-05,UNSEEN_COMPOUND,630,6.3,0,0.9496750928678782,True,,,1.3516089011594005e-05
GRADIENT_BOOSTED,unseen-compound-05,UNSEEN_COMPOUND,640,6.4,0,0.9496750928678782,True,,,1.3516089011594005e-05
GRADIENT_BOOSTED,unseen-compound-05,UNSEEN_COMPOUND,650,6.5,0,0.9496750928678782,True,,,1.3516089011594005e-05
GRADIENT_BOOSTED,unseen-compound-05,UNSEEN_COMPOUND,660,6.6000000000000005,0,0.9496750928678782,True,,,1.3516089011594005e-05
GRADIENT_BOOSTED,unseen-compound-05,UNSEEN_COMPOUND,670,6.7,0,0.9496750928678782,True,,,1.3516089011594005e-05
GRADIENT_BOOSTED,unseen-compound-05,UNSEEN_COMPOUND,680,6.8,0,0.9496750928678782,True,,,1.3516089011594005e-05
GRADIENT_BOOSTED,unseen-compound-05,UNSEEN_COMPOUND,690,6.9,0,0.2899535918833937,False,,,1.3516089011594005e-05
GRADIENT_BOOSTED,unseen-compound-05,UNSEEN_COMPOUND,700,7.0,0,0.2899535918833937,False,,,1.3516089011594005e-05
GRADIENT_BOOSTED,unseen-compound-05,UNSEEN_COMPOUND,710,7.1000000000000005,0,0.2899535918833937,False,,,1.3516089011594005e-05
GRADIENT_BOOSTED,unseen-compound-05,UNSEEN_COMPOUND,720,7.2,0,0.2899535918833937,False,,,1.3516089011594005e-05
GRADIENT_BOOSTED,unseen-compound-05,UNSEEN_COMPOUND,730,7.3,0,0.2899535918833937,False,,,1.3516089011594005e-05
GRADIENT_BOOSTED,unseen-compound-05,UNSEEN_COMPOUND,740,7.4,0,0.2899535918833937,False,,,1.3516089011594005e-05
GRADIENT_BOOSTED,unseen-compound-05,UNSEEN_COMPOUND,750,7.5,0,0.2899535918833937,False,,,1.3516089011594005e-05
GRADIENT_BOOSTED,unseen-compound-05,UNSEEN_COMPOUND,760,7.6000000000000005,0,0.2899535918833937,False,,,1.3516089011594005e-05
GRADIENT_BOOSTED,unseen-compound-05,UNSEEN_COMPOUND,770,7.7,0,0.2899535918833937,False,,,1.3516089011594005e-05
GRADIENT_BOOSTED,unseen-compound-05,UNSEEN_COMPOUND,780,7.8,0,0.2899535918833937,False,,,1.3516089011594005e-05
GRADIENT_BOOSTED,unseen-compound-05,UNSEEN_COMPOUND,790,7.9,0,0.2899535918833937,False,,,1.3516089011594005e-05
GRADIENT_BOOSTED,unseen-compound-05,UNSEEN_COMPOUND,800,8.0,0,0.2899535918833937,False,,,1.3516089011594005e-05
GRADIENT_BOOSTED,unseen-compound-05,UNSEEN_COMPOUND,810,8.1,0,0.2899535918833937,False,,,1.3516089011594005e-05
GRADIENT_BOOSTED,unseen-compound-05,UNSEEN_COMPOUND,820,8.2,0,0.2899535918833937,False,,,1.3516089011594005e-05
GRADIENT_BOOSTED,unseen-compound-05,UNSEEN_COMPOUND,830,8.3,0,0.2899535918833937,False,,,1.3516089011594005e-05
GRADIENT_BOOSTED,unseen-compound-05,UNSEEN_COMPOUND,840,8.4,0,0.2899535918833937,False,,,1.3516089011594005e-05
GRADIENT_BOOSTED,unseen-compound-05,UNSEEN_COMPOUND,850,8.5,0,0.2899535918833937,False,,,1.3516089011594005e-05
GRADIENT_BOOSTED,unseen-compound-05,UNSEEN_COMPOUND,860,8.6,0,0.2899535918833937,False,,,1.3516089011594005e-05
GRADIENT_BOOSTED,unseen-compound-05,UNSEEN_COMPOUND,870,8.700000000000001,0,0.2899535918833937,False,,,1.3516089011594005e-05
GRADIENT_BOOSTED,unseen-compound-05,UNSEEN_COMPOUND,880,8.8,0,0.2899535918833937,False,,,1.3516089011594005e-05
GRADIENT_BOOSTED,unseen-compound-05,UNSEEN_COMPOUND,890,8.9,0,0.2899535918833937,False,,,1.3516089011594005e-05
GRADIENT_BOOSTED,unseen-compound-05,UNSEEN_COMPOUND,900,9.0,0,0.2899535918833937,False,,,1.3516089011594005e-05
GRADIENT_BOOSTED,unseen-compound-05,UNSEEN_COMPOUND,910,9.1,0,0.2899535918833937,False,,,1.3516089011594005e-05
GRADIENT_BOOSTED,unseen-compound-05,UNSEEN_COMPOUND,920,9.200000000000001,0,0.2899535918833937,False,,,1.3516089011594005e-05
GRADIENT_BOOSTED,unseen-compound-05,UNSEEN_COMPOUND,930,9.3,0,0.2899535918833937,False,,,1.3516089011594005e-05
GRADIENT_BOOSTED,unseen-compound-05,UNSEEN_COMPOUND,940,9.4,0,0.2899535918833937,False,,,1.3516089011594005e-05
GRADIENT_BOOSTED,unseen-compound-05,UNSEEN_COMPOUND,950,9.5,0,0.2899535918833937,False,,,1.3516089011594005e-05
GRADIENT_BOOSTED,unseen-compound-05,UNSEEN_COMPOUND,960,9.6,0,0.2899535918833937,False,,,1.3516089011594005e-05
GRADIENT_BOOSTED,unseen-compound-05,UNSEEN_COMPOUND,970,9.700000000000001,0,0.2899535918833937,False,,,1.3516089011594005e-05
GRADIENT_BOOSTED,unseen-compound-05,UNSEEN_COMPOUND,980,9.8,0,0.2899535918833937,False,,,1.3516089011594005e-05
GRADIENT_BOOSTED,unseen-compound-05,UNSEEN_COMPOUND,990,9.9,0,0.2899535918833937,False,,,1.3516089011594005e-05
GRADIENT_BOOSTED,unseen-compound-05,UNSEEN_COMPOUND,1000,10.0,0,0.2899535918833937,False,,,1.3516089011594005e-05
GRADIENT_BOOSTED,unseen-compound-05,UNSEEN_COMPOUND,1010,10.1,0,0.2899535918833937,False,,,1.3516089011594005e-05
GRADIENT_BOOSTED,unseen-compound-05,UNSEEN_COMPOUND,1020,10.200000000000001,0,0.2899535918833937,False,,,1.3516089011594005e-05
GRADIENT_BOOSTED,unseen-compound-05,UNSEEN_COMPOUND,1030,10.3,0,0.2899535918833937,False,,,1.3516089011594005e-05
GRADIENT_BOOSTED,unseen-compound-05,UNSEEN_COMPOUND,1040,10.4,0,0.2899535918833937,False,,,1.3516089011594005e-05
GRADIENT_BOOSTED,unseen-compound-05,UNSEEN_COMPOUND,1050,10.5,0,0.2899535918833937,False,,,1.3516089011594005e-05
GRADIENT_BOOSTED,unseen-compound-05,UNSEEN_COMPOUND,1060,10.6,0,0.2899535918833937,False,,,1.3516089011594005e-05
GRADIENT_BOOSTED,unseen-compound-05,UNSEEN_COMPOUND,1070,10.700000000000001,0,0.2899535918833937,False,,,1.3516089011594005e-05
GRADIENT_BOOSTED,unseen-compound-05,UNSEEN_COMPOUND,1080,10.8,0,0.2899535918833937,False,,,1.3516089011594005e-05
GRADIENT_BOOSTED,unseen-compound-05,UNSEEN_COMPOUND,1090,10.9,0,0.2899535918833937,False,,,1.3516089011594005e-05
GRADIENT_BOOSTED,unseen-compound-05,UNSEEN_COMPOUND,1100,11.0,0,0.2899535918833937,False,,,1.3516089011594005e-05
GRADIENT_BOOSTED,unseen-compound-05,UNSEEN_COMPOUND,1110,11.1,0,0.2899535918833937,False,,,1.3516089011594005e-05
GRADIENT_BOOSTED,unseen-compound-05,UNSEEN_COMPOUND,1120,11.200000000000001,0,0.2899535918833937,False,,,1.3516089011594005e-05
GRADIENT_BOOSTED,unseen-compound-05,UNSEEN_COMPOUND,1130,11.3,0,0.2899535918833937,False,,,1.3516089011594005e-05
GRADIENT_BOOSTED,unseen-compound-05,UNSEEN_COMPOUND,1140,11.4,0,0.2899535918833937,False,,,1.3516089011594005e-05
GRADIENT_BOOSTED,unseen-compound-05,UNSEEN_COMPOUND,1150,11.5,0,0.2899535918833937,False,,,1.3516089011594005e-05
GRADIENT_BOOSTED,unseen-compound-05,UNSEEN_COMPOUND,1160,11.6,0,1.0,True,1,,1.3516089011594005e-05
GRADIENT_BOOSTED,unseen-compound-05,UNSEEN_COMPOUND,1170,11.700000000000001,0,1.0,True,1,,1.3516089011594005e-05
GRADIENT_BOOSTED,unseen-compound-05,UNSEEN_COMPOUND,1180,11.8,0,1.0,True,1,,1.3516089011594005e-05
GRADIENT_BOOSTED,unseen-compound-05,UNSEEN_COMPOUND,1190,11.9,0,1.0,True,1,,1.3516089011594005e-05
GRADIENT_BOOSTED,unseen-compound-05,UNSEEN_COMPOUND,1200,12.0,0,1.0,True,1,,1.3516089011594005e-05
GRADIENT_BOOSTED,unseen-compound-05,UNSEEN_COMPOUND,1210,12.1,0,1.0,True,1,,1.3516089011594005e-05
GRADIENT_BOOSTED,unseen-compound-05,UNSEEN_COMPOUND,1220,12.200000000000001,0,1.0,True,1,,1.3516089011594005e-05
GRADIENT_BOOSTED,unseen-compound-05,UNSEEN_COMPOUND,1230,12.3,0,1.0,True,1,,1.3516089011594005e-05
GRADIENT_BOOSTED,unseen-compound-05,UNSEEN_COMPOUND,1240,12.4,0,1.0,True,1,,1.3516089011594005e-05
GRADIENT_BOOSTED,unseen-compound-05,UNSEEN_COMPOUND,1250,12.5,0,1.0,True,1,,1.3516089011594005e-05
GRADIENT_BOOSTED,unseen-compound-05,UNSEEN_COMPOUND,1260,12.6,0,1.0,True,1,,1.3516089011594005e-05
GRADIENT_BOOSTED,unseen-compound-05,UNSEEN_COMPOUND,1270,12.700000000000001,0,1.0,True,1,,1.3516089011594005e-05
GRADIENT_BOOSTED,unseen-compound-05,UNSEEN_COMPOUND,1280,12.8,0,1.0,True,1,,1.3516089011594005e-05
GRADIENT_BOOSTED,unseen-compound-05,UNSEEN_COMPOUND,1290,12.9,0,1.0,True,1,,1.3516089011594005e-05
GRADIENT_BOOSTED,unseen-compound-05,UNSEEN_COMPOUND,1300,13.0,0,1.0,True,1,,1.3516089011594005e-05
GRADIENT_BOOSTED,structural-null-00,STRUCTURAL_NULL,430,4.3,0,0.058786205539801746,False,,,2.4206772733040534e-05
GRADIENT_BOOSTED,structural-null-00,STRUCTURAL_NULL,440,4.4,0,0.058786205539801746,False,,,2.4206772733040534e-05
GRADIENT_BOOSTED,structural-null-00,STRUCTURAL_NULL,450,4.5,0,0.058786205539801746,False,,,2.4206772733040534e-05
GRADIENT_BOOSTED,structural-null-00,STRUCTURAL_NULL,460,4.6000000000000005,0,1.0,True,1,,2.4206772733040534e-05
GRADIENT_BOOSTED,structural-null-00,STRUCTURAL_NULL,470,4.7,0,1.0,True,1,,2.4206772733040534e-05
GRADIENT_BOOSTED,structural-null-00,STRUCTURAL_NULL,480,4.8,0,1.0,True,1,,2.4206772733040534e-05
GRADIENT_BOOSTED,structural-null-00,STRUCTURAL_NULL,490,4.9,0,1.0,True,1,,2.4206772733040534e-05
GRADIENT_BOOSTED,structural-null-00,STRUCTURAL_NULL,500,5.0,0,1.0,True,1,,2.4206772733040534e-05
GRADIENT_BOOSTED,structural-null-00,STRUCTURAL_NULL,510,5.1000000000000005,0,1.0,True,1,,2.4206772733040534e-05
GRADIENT_BOOSTED,structural-null-00,STRUCTURAL_NULL,520,5.2,0,1.0,True,1,,2.4206772733040534e-05
GRADIENT_BOOSTED,structural-null-00,STRUCTURAL_NULL,530,5.3,0,1.0,True,1,,2.4206772733040534e-05
GRADIENT_BOOSTED,structural-null-00,STRUCTURAL_NULL,540,5.4,0,1.0,True,1,,2.4206772733040534e-05
GRADIENT_BOOSTED,structural-null-00,STRUCTURAL_NULL,550,5.5,0,1.0,True,1,,2.4206772733040534e-05
GRADIENT_BOOSTED,structural-null-00,STRUCTURAL_NULL,560,5.6000000000000005,0,1.0,True,1,,2.4206772733040534e-05
GRADIENT_BOOSTED,structural-null-00,STRUCTURAL_NULL,570,5.7,0,1.0,True,1,,2.4206772733040534e-05
GRADIENT_BOOSTED,structural-null-00,STRUCTURAL_NULL,580,5.8,0,1.0,True,1,,2.4206772733040534e-05
GRADIENT_BOOSTED,structural-null-00,STRUCTURAL_NULL,590,5.9,0,1.0,True,1,,2.4206772733040534e-05
GRADIENT_BOOSTED,structural-null-00,STRUCTURAL_NULL,600,6.0,0,1.0,True,1,,2.4206772733040534e-05
GRADIENT_BOOSTED,structural-null-00,STRUCTURAL_NULL,610,6.1000000000000005,0,1.0,True,1,,2.4206772733040534e-05
GRADIENT_BOOSTED,structural-null-00,STRUCTURAL_NULL,620,6.2,0,1.0,True,1,,2.4206772733040534e-05
GRADIENT_BOOSTED,structural-null-00,STRUCTURAL_NULL,630,6.3,0,1.0,True,1,,2.4206772733040534e-05
GRADIENT_BOOSTED,structural-null-00,STRUCTURAL_NULL,640,6.4,0,1.0,True,1,,2.4206772733040534e-05
GRADIENT_BOOSTED,structural-null-00,STRUCTURAL_NULL,650,6.5,0,1.0,True,1,,2.4206772733040534e-05
GRADIENT_BOOSTED,structural-null-00,STRUCTURAL_NULL,660,6.6000000000000005,0,1.0,True,1,,2.4206772733040534e-05
GRADIENT_BOOSTED,structural-null-00,STRUCTURAL_NULL,670,6.7,0,1.0,True,1,,2.4206772733040534e-05
GRADIENT_BOOSTED,structural-null-00,STRUCTURAL_NULL,680,6.8,0,1.0,True,1,,2.4206772733040534e-05
GRADIENT_BOOSTED,structural-null-00,STRUCTURAL_NULL,690,6.9,0,1.0,True,1,,2.4206772733040534e-05
GRADIENT_BOOSTED,structural-null-00,STRUCTURAL_NULL,700,7.0,0,1.0,True,1,,2.4206772733040534e-05
GRADIENT_BOOSTED,structural-null-00,STRUCTURAL_NULL,710,7.1000000000000005,0,1.0,True,1,,2.4206772733040534e-05
GRADIENT_BOOSTED,structural-null-00,STRUCTURAL_NULL,720,7.2,0,1.0,True,1,,2.4206772733040534e-05
GRADIENT_BOOSTED,structural-null-00,STRUCTURAL_NULL,730,7.3,0,1.0,True,1,,2.4206772733040534e-05
GRADIENT_BOOSTED,structural-null-00,STRUCTURAL_NULL,740,7.4,0,1.0,True,1,,2.4206772733040534e-05
GRADIENT_BOOSTED,structural-null-00,STRUCTURAL_NULL,750,7.5,0,1.0,True,1,,2.4206772733040534e-05
GRADIENT_BOOSTED,structural-null-00,STRUCTURAL_NULL,760,7.6000000000000005,0,1.0,True,1,,2.4206772733040534e-05
GRADIENT_BOOSTED,structural-null-00,STRUCTURAL_NULL,770,7.7,0,1.0,True,1,,2.4206772733040534e-05
GRADIENT_BOOSTED,structural-null-00,STRUCTURAL_NULL,780,7.8,0,1.0,True,1,,2.4206772733040534e-05
GRADIENT_BOOSTED,structural-null-00,STRUCTURAL_NULL,790,7.9,0,1.0,True,1,,2.4206772733040534e-05
GRADIENT_BOOSTED,structural-null-00,STRUCTURAL_NULL,800,8.0,0,1.0,True,1,,2.4206772733040534e-05
GRADIENT_BOOSTED,structural-null-00,STRUCTURAL_NULL,810,8.1,0,1.0,True,1,,2.4206772733040534e-05
GRADIENT_BOOSTED,structural-null-00,STRUCTURAL_NULL,820,8.2,0,1.0,True,1,,2.4206772733040534e-05
GRADIENT_BOOSTED,structural-null-00,STRUCTURAL_NULL,830,8.3,0,1.0,True,1,,2.4206772733040534e-05
GRADIENT_BOOSTED,structural-null-00,STRUCTURAL_NULL,840,8.4,0,1.0,True,1,,2.4206772733040534e-05
GRADIENT_BOOSTED,structural-null-00,STRUCTURAL_NULL,850,8.5,0,1.0,True,1,,2.4206772733040534e-05
GRADIENT_BOOSTED,structural-null-00,STRUCTURAL_NULL,860,8.6,0,1.0,True,1,,2.4206772733040534e-05
GRADIENT_BOOSTED,structural-null-00,STRUCTURAL_NULL,870,8.700000000000001,0,1.0,True,1,,2.4206772733040534e-05
GRADIENT_BOOSTED,structural-null-00,STRUCTURAL_NULL,880,8.8,0,1.0,True,1,,2.4206772733040534e-05
GRADIENT_BOOSTED,structural-null-00,STRUCTURAL_NULL,890,8.9,0,1.0,True,1,,2.4206772733040534e-05
GRADIENT_BOOSTED,structural-null-00,STRUCTURAL_NULL,900,9.0,0,1.0,True,1,,2.4206772733040534e-05
GRADIENT_BOOSTED,structural-null-00,STRUCTURAL_NULL,910,9.1,0,1.0,True,1,,2.4206772733040534e-05
GRADIENT_BOOSTED,structural-null-00,STRUCTURAL_NULL,920,9.200000000000001,0,1.0,True,1,,2.4206772733040534e-05
GRADIENT_BOOSTED,structural-null-00,STRUCTURAL_NULL,930,9.3,0,1.0,True,1,,2.4206772733040534e-05
GRADIENT_BOOSTED,structural-null-00,STRUCTURAL_NULL,940,9.4,0,1.0,True,1,,2.4206772733040534e-05
GRADIENT_BOOSTED,structural-null-00,STRUCTURAL_NULL,950,9.5,0,1.0,True,1,,2.4206772733040534e-05
GRADIENT_BOOSTED,structural-null-00,STRUCTURAL_NULL,960,9.6,0,1.0,True,1,,2.4206772733040534e-05
GRADIENT_BOOSTED,structural-null-00,STRUCTURAL_NULL,970,9.700000000000001,0,1.0,True,1,,2.4206772733040534e-05
GRADIENT_BOOSTED,structural-null-00,STRUCTURAL_NULL,980,9.8,0,1.0,True,1,,2.4206772733040534e-05
GRADIENT_BOOSTED,structural-null-00,STRUCTURAL_NULL,990,9.9,0,1.0,True,1,,2.4206772733040534e-05
GRADIENT_BOOSTED,structural-null-00,STRUCTURAL_NULL,1000,10.0,0,1.0,True,1,,2.4206772733040534e-05
GRADIENT_BOOSTED,structural-null-00,STRUCTURAL_NULL,1010,10.1,0,1.0,True,1,,2.4206772733040534e-05
GRADIENT_BOOSTED,structural-null-00,STRUCTURAL_NULL,1020,10.200000000000001,0,1.0,True,1,,2.4206772733040534e-05
GRADIENT_BOOSTED,structural-null-00,STRUCTURAL_NULL,1030,10.3,0,1.0,True,1,,2.4206772733040534e-05
GRADIENT_BOOSTED,structural-null-00,STRUCTURAL_NULL,1040,10.4,0,1.0,True,1,,2.4206772733040534e-05
GRADIENT_BOOSTED,structural-null-00,STRUCTURAL_NULL,1050,10.5,0,1.0,True,1,,2.4206772733040534e-05
GRADIENT_BOOSTED,structural-null-00,STRUCTURAL_NULL,1060,10.6,0,1.0,True,1,,2.4206772733040534e-05
GRADIENT_BOOSTED,structural-null-00,STRUCTURAL_NULL,1070,10.700000000000001,0,1.0,True,1,,2.4206772733040534e-05
GRADIENT_BOOSTED,structural-null-00,STRUCTURAL_NULL,1080,10.8,0,1.0,True,1,,2.4206772733040534e-05
GRADIENT_BOOSTED,structural-null-00,STRUCTURAL_NULL,1090,10.9,0,1.0,True,1,,2.4206772733040534e-05
GRADIENT_BOOSTED,structural-null-00,STRUCTURAL_NULL,1100,11.0,0,1.0,True,1,,2.4206772733040534e-05
GRADIENT_BOOSTED,structural-null-00,STRUCTURAL_NULL,1110,11.1,0,1.0,True,1,,2.4206772733040534e-05
GRADIENT_BOOSTED,structural-null-00,STRUCTURAL_NULL,1120,11.200000000000001,0,1.0,True,1,,2.4206772733040534e-05
GRADIENT_BOOSTED,structural-null-00,STRUCTURAL_NULL,1130,11.3,0,1.0,True,1,,2.4206772733040534e-05
GRADIENT_BOOSTED,structural-null-00,STRUCTURAL_NULL,1140,11.4,0,1.0,True,1,,2.4206772733040534e-05
GRADIENT_BOOSTED,structural-null-00,STRUCTURAL_NULL,1150,11.5,0,1.0,True,1,,2.4206772733040534e-05
GRADIENT_BOOSTED,structural-null-00,STRUCTURAL_NULL,1160,11.6,0,1.0,True,1,,2.4206772733040534e-05
GRADIENT_BOOSTED,structural-null-00,STRUCTURAL_NULL,1170,11.700000000000001,0,1.0,True,1,,2.4206772733040534e-05
GRADIENT_BOOSTED,structural-null-00,STRUCTURAL_NULL,1180,11.8,0,1.0,True,1,,2.4206772733040534e-05
GRADIENT_BOOSTED,structural-null-00,STRUCTURAL_NULL,1190,11.9,0,1.0,True,1,,2.4206772733040534e-05
GRADIENT_BOOSTED,structural-null-00,STRUCTURAL_NULL,1200,12.0,0,1.0,True,1,,2.4206772733040534e-05
GRADIENT_BOOSTED,structural-null-00,STRUCTURAL_NULL,1210,12.1,0,1.0,True,1,,2.4206772733040534e-05
GRADIENT_BOOSTED,structural-null-00,STRUCTURAL_NULL,1220,12.200000000000001,0,1.0,True,1,,2.4206772733040534e-05
GRADIENT_BOOSTED,structural-null-00,STRUCTURAL_NULL,1230,12.3,0,1.0,True,1,,2.4206772733040534e-05
GRADIENT_BOOSTED,structural-null-00,STRUCTURAL_NULL,1240,12.4,0,1.0,True,1,,2.4206772733040534e-05
GRADIENT_BOOSTED,structural-null-00,STRUCTURAL_NULL,1250,12.5,0,1.0,True,1,,2.4206772733040534e-05
GRADIENT_BOOSTED,structural-null-00,STRUCTURAL_NULL,1260,12.6,0,1.0,True,1,,2.4206772733040534e-05
GRADIENT_BOOSTED,structural-null-00,STRUCTURAL_NULL,1270,12.700000000000001,0,1.0,True,1,,2.4206772733040534e-05
GRADIENT_BOOSTED,structural-null-00,STRUCTURAL_NULL,1280,12.8,0,1.0,True,1,,2.4206772733040534e-05
GRADIENT_BOOSTED,structural-null-00,STRUCTURAL_NULL,1290,12.9,0,1.0,True,1,,2.4206772733040534e-05
GRADIENT_BOOSTED,structural-null-00,STRUCTURAL_NULL,1300,13.0,0,1.0,True,1,,2.4206772733040534e-05
GRADIENT_BOOSTED,structural-null-01,STRUCTURAL_NULL,430,4.3,0,0.019011485347538427,False,,,2.4206772733040534e-05
GRADIENT_BOOSTED,structural-null-01,STRUCTURAL_NULL,440,4.4,0,0.019011485347538427,False,,,2.4206772733040534e-05
GRADIENT_BOOSTED,structural-null-01,STRUCTURAL_NULL,450,4.5,0,0.019011485347538427,False,,,2.4206772733040534e-05
GRADIENT_BOOSTED,structural-null-01,STRUCTURAL_NULL,460,4.6000000000000005,0,0.019011485347538427,False,,,2.4206772733040534e-05
GRADIENT_BOOSTED,structural-null-01,STRUCTURAL_NULL,470,4.7,0,0.9496750928678782,True,,,2.4206772733040534e-05
GRADIENT_BOOSTED,structural-null-01,STRUCTURAL_NULL,480,4.8,0,0.9496750928678782,True,,,2.4206772733040534e-05
GRADIENT_BOOSTED,structural-null-01,STRUCTURAL_NULL,490,4.9,0,0.9496750928678782,True,,,2.4206772733040534e-05
GRADIENT_BOOSTED,structural-null-01,STRUCTURAL_NULL,500,5.0,0,0.9496750928678782,True,,,2.4206772733040534e-05
GRADIENT_BOOSTED,structural-null-01,STRUCTURAL_NULL,510,5.1000000000000005,0,0.9496750928678782,True,,,2.4206772733040534e-05
GRADIENT_BOOSTED,structural-null-01,STRUCTURAL_NULL,520,5.2,0,0.9496750928678782,True,,,2.4206772733040534e-05
GRADIENT_BOOSTED,structural-null-01,STRUCTURAL_NULL,530,5.3,0,0.9496750928678782,True,,,2.4206772733040534e-05
GRADIENT_BOOSTED,structural-null-01,STRUCTURAL_NULL,540,5.4,0,0.9496750928678782,True,,,2.4206772733040534e-05
GRADIENT_BOOSTED,structural-null-01,STRUCTURAL_NULL,550,5.5,0,0.9496750928678782,True,,,2.4206772733040534e-05
GRADIENT_BOOSTED,structural-null-01,STRUCTURAL_NULL,560,5.6000000000000005,0,0.9496750928678782,True,,,2.4206772733040534e-05
GRADIENT_BOOSTED,structural-null-01,STRUCTURAL_NULL,570,5.7,0,0.9496750928678782,True,,,2.4206772733040534e-05
GRADIENT_BOOSTED,structural-null-01,STRUCTURAL_NULL,580,5.8,0,0.9496750928678782,True,,,2.4206772733040534e-05
GRADIENT_BOOSTED,structural-null-01,STRUCTURAL_NULL,590,5.9,0,0.9496750928678782,True,,,2.4206772733040534e-05
GRADIENT_BOOSTED,structural-null-01,STRUCTURAL_NULL,600,6.0,0,0.9496750928678782,True,,,2.4206772733040534e-05
GRADIENT_BOOSTED,structural-null-01,STRUCTURAL_NULL,610,6.1000000000000005,0,0.9496750928678782,True,,,2.4206772733040534e-05
GRADIENT_BOOSTED,structural-null-01,STRUCTURAL_NULL,620,6.2,0,0.9496750928678782,True,,,2.4206772733040534e-05
GRADIENT_BOOSTED,structural-null-01,STRUCTURAL_NULL,630,6.3,0,0.9496750928678782,True,,,2.4206772733040534e-05
GRADIENT_BOOSTED,structural-null-01,STRUCTURAL_NULL,640,6.4,0,0.9496750928678782,True,,,2.4206772733040534e-05
GRADIENT_BOOSTED,structural-null-01,STRUCTURAL_NULL,650,6.5,0,0.9496750928678782,True,,,2.4206772733040534e-05
GRADIENT_BOOSTED,structural-null-01,STRUCTURAL_NULL,660,6.6000000000000005,0,0.2899535918833937,False,,,2.4206772733040534e-05
GRADIENT_BOOSTED,structural-null-01,STRUCTURAL_NULL,670,6.7,0,0.2899535918833937,False,,,2.4206772733040534e-05
GRADIENT_BOOSTED,structural-null-01,STRUCTURAL_NULL,680,6.8,0,0.2899535918833937,False,,,2.4206772733040534e-05
GRADIENT_BOOSTED,structural-null-01,STRUCTURAL_NULL,690,6.9,0,0.2899535918833937,False,,,2.4206772733040534e-05
GRADIENT_BOOSTED,structural-null-01,STRUCTURAL_NULL,700,7.0,0,0.2899535918833937,False,,,2.4206772733040534e-05
GRADIENT_BOOSTED,structural-null-01,STRUCTURAL_NULL,710,7.1000000000000005,0,0.2899535918833937,False,,,2.4206772733040534e-05
GRADIENT_BOOSTED,structural-null-01,STRUCTURAL_NULL,720,7.2,0,0.2899535918833937,False,,,2.4206772733040534e-05
GRADIENT_BOOSTED,structural-null-01,STRUCTURAL_NULL,730,7.3,0,0.2899535918833937,False,,,2.4206772733040534e-05
GRADIENT_BOOSTED,structural-null-01,STRUCTURAL_NULL,740,7.4,0,0.2899535918833937,False,,,2.4206772733040534e-05
GRADIENT_BOOSTED,structural-null-01,STRUCTURAL_NULL,750,7.5,0,0.2899535918833937,False,,,2.4206772733040534e-05
GRADIENT_BOOSTED,structural-null-01,STRUCTURAL_NULL,760,7.6000000000000005,0,0.2899535918833937,False,,,2.4206772733040534e-05
GRADIENT_BOOSTED,structural-null-01,STRUCTURAL_NULL,770,7.7,0,0.2899535918833937,False,,,2.4206772733040534e-05
GRADIENT_BOOSTED,structural-null-01,STRUCTURAL_NULL,780,7.8,0,0.2899535918833937,False,,,2.4206772733040534e-05
GRADIENT_BOOSTED,structural-null-01,STRUCTURAL_NULL,790,7.9,0,0.2899535918833937,False,,,2.4206772733040534e-05
GRADIENT_BOOSTED,structural-null-01,STRUCTURAL_NULL,800,8.0,0,0.2899535918833937,False,,,2.4206772733040534e-05
GRADIENT_BOOSTED,structural-null-01,STRUCTURAL_NULL,810,8.1,0,0.2899535918833937,False,,,2.4206772733040534e-05
GRADIENT_BOOSTED,structural-null-01,STRUCTURAL_NULL,820,8.2,0,0.2899535918833937,False,,,2.4206772733040534e-05
GRADIENT_BOOSTED,structural-null-01,STRUCTURAL_NULL,830,8.3,0,0.2899535918833937,False,,,2.4206772733040534e-05
GRADIENT_BOOSTED,structural-null-01,STRUCTURAL_NULL,840,8.4,0,0.2899535918833937,False,,,2.4206772733040534e-05
GRADIENT_BOOSTED,structural-null-01,STRUCTURAL_NULL,850,8.5,0,0.2899535918833937,False,,,2.4206772733040534e-05
GRADIENT_BOOSTED,structural-null-01,STRUCTURAL_NULL,860,8.6,0,0.2899535918833937,False,,,2.4206772733040534e-05
GRADIENT_BOOSTED,structural-null-01,STRUCTURAL_NULL,870,8.700000000000001,0,0.2899535918833937,False,,,2.4206772733040534e-05
GRADIENT_BOOSTED,structural-null-01,STRUCTURAL_NULL,880,8.8,0,0.2899535918833937,False,,,2.4206772733040534e-05
GRADIENT_BOOSTED,structural-null-01,STRUCTURAL_NULL,890,8.9,0,0.2899535918833937,False,,,2.4206772733040534e-05
GRADIENT_BOOSTED,structural-null-01,STRUCTURAL_NULL,900,9.0,0,0.2899535918833937,False,,,2.4206772733040534e-05
GRADIENT_BOOSTED,structural-null-01,STRUCTURAL_NULL,910,9.1,0,0.2899535918833937,False,,,2.4206772733040534e-05
GRADIENT_BOOSTED,structural-null-01,STRUCTURAL_NULL,920,9.200000000000001,0,0.2899535918833937,False,,,2.4206772733040534e-05
GRADIENT_BOOSTED,structural-null-01,STRUCTURAL_NULL,930,9.3,0,0.2899535918833937,False,,,2.4206772733040534e-05
GRADIENT_BOOSTED,structural-null-01,STRUCTURAL_NULL,940,9.4,0,0.2899535918833937,False,,,2.4206772733040534e-05
GRADIENT_BOOSTED,structural-null-01,STRUCTURAL_NULL,950,9.5,0,0.2899535918833937,False,,,2.4206772733040534e-05
GRADIENT_BOOSTED,structural-null-01,STRUCTURAL_NULL,960,9.6,0,0.2899535918833937,False,,,2.4206772733040534e-05
GRADIENT_BOOSTED,structural-null-01,STRUCTURAL_NULL,970,9.700000000000001,0,0.2899535918833937,False,,,2.4206772733040534e-05
GRADIENT_BOOSTED,structural-null-01,STRUCTURAL_NULL,980,9.8,0,0.2899535918833937,False,,,2.4206772733040534e-05
GRADIENT_BOOSTED,structural-null-01,STRUCTURAL_NULL,990,9.9,0,0.2899535918833937,False,,,2.4206772733040534e-05
GRADIENT_BOOSTED,structural-null-01,STRUCTURAL_NULL,1000,10.0,0,0.2899535918833937,False,,,2.4206772733040534e-05
GRADIENT_BOOSTED,structural-null-01,STRUCTURAL_NULL,1010,10.1,0,0.2899535918833937,False,,,2.4206772733040534e-05
GRADIENT_BOOSTED,structural-null-01,STRUCTURAL_NULL,1020,10.200000000000001,0,0.2899535918833937,False,,,2.4206772733040534e-05
GRADIENT_BOOSTED,structural-null-01,STRUCTURAL_NULL,1030,10.3,0,0.2899535918833937,False,,,2.4206772733040534e-05
GRADIENT_BOOSTED,structural-null-01,STRUCTURAL_NULL,1040,10.4,0,0.2899535918833937,False,,,2.4206772733040534e-05
GRADIENT_BOOSTED,structural-null-01,STRUCTURAL_NULL,1050,10.5,0,0.2899535918833937,False,,,2.4206772733040534e-05
GRADIENT_BOOSTED,structural-null-01,STRUCTURAL_NULL,1060,10.6,0,1.0,True,1,,2.4206772733040534e-05
GRADIENT_BOOSTED,structural-null-01,STRUCTURAL_NULL,1070,10.700000000000001,0,1.0,True,1,,2.4206772733040534e-05
GRADIENT_BOOSTED,structural-null-01,STRUCTURAL_NULL,1080,10.8,0,1.0,True,1,,2.4206772733040534e-05
GRADIENT_BOOSTED,structural-null-01,STRUCTURAL_NULL,1090,10.9,0,1.0,True,1,,2.4206772733040534e-05
GRADIENT_BOOSTED,structural-null-01,STRUCTURAL_NULL,1100,11.0,0,1.0,True,1,,2.4206772733040534e-05
GRADIENT_BOOSTED,structural-null-01,STRUCTURAL_NULL,1110,11.1,0,1.0,True,1,,2.4206772733040534e-05
GRADIENT_BOOSTED,structural-null-01,STRUCTURAL_NULL,1120,11.200000000000001,0,1.0,True,1,,2.4206772733040534e-05
GRADIENT_BOOSTED,structural-null-01,STRUCTURAL_NULL,1130,11.3,0,1.0,True,1,,2.4206772733040534e-05
GRADIENT_BOOSTED,structural-null-01,STRUCTURAL_NULL,1140,11.4,0,1.0,True,1,,2.4206772733040534e-05
GRADIENT_BOOSTED,structural-null-01,STRUCTURAL_NULL,1150,11.5,0,1.0,True,1,,2.4206772733040534e-05
GRADIENT_BOOSTED,structural-null-01,STRUCTURAL_NULL,1160,11.6,0,1.0,True,1,,2.4206772733040534e-05
GRADIENT_BOOSTED,structural-null-01,STRUCTURAL_NULL,1170,11.700000000000001,0,1.0,True,1,,2.4206772733040534e-05
GRADIENT_BOOSTED,structural-null-01,STRUCTURAL_NULL,1180,11.8,0,1.0,True,1,,2.4206772733040534e-05
GRADIENT_BOOSTED,structural-null-01,STRUCTURAL_NULL,1190,11.9,0,1.0,True,1,,2.4206772733040534e-05
GRADIENT_BOOSTED,structural-null-01,STRUCTURAL_NULL,1200,12.0,0,1.0,True,1,,2.4206772733040534e-05
GRADIENT_BOOSTED,structural-null-01,STRUCTURAL_NULL,1210,12.1,0,1.0,True,1,,2.4206772733040534e-05
GRADIENT_BOOSTED,structural-null-01,STRUCTURAL_NULL,1220,12.200000000000001,0,1.0,True,1,,2.4206772733040534e-05
GRADIENT_BOOSTED,structural-null-01,STRUCTURAL_NULL,1230,12.3,0,1.0,True,1,,2.4206772733040534e-05
GRADIENT_BOOSTED,structural-null-01,STRUCTURAL_NULL,1240,12.4,0,1.0,True,1,,2.4206772733040534e-05
GRADIENT_BOOSTED,structural-null-01,STRUCTURAL_NULL,1250,12.5,0,1.0,True,1,,2.4206772733040534e-05
GRADIENT_BOOSTED,structural-null-01,STRUCTURAL_NULL,1260,12.6,0,1.0,True,1,,2.4206772733040534e-05
GRADIENT_BOOSTED,structural-null-01,STRUCTURAL_NULL,1270,12.700000000000001,0,1.0,True,1,,2.4206772733040534e-05
GRADIENT_BOOSTED,structural-null-01,STRUCTURAL_NULL,1280,12.8,0,1.0,True,1,,2.4206772733040534e-05
GRADIENT_BOOSTED,structural-null-01,STRUCTURAL_NULL,1290,12.9,0,1.0,True,1,,2.4206772733040534e-05
GRADIENT_BOOSTED,structural-null-01,STRUCTURAL_NULL,1300,13.0,0,1.0,True,1,,2.4206772733040534e-05
GRADIENT_BOOSTED,structural-null-02,STRUCTURAL_NULL,430,4.3,0,0.019011485347538427,False,,,2.4206772733040534e-05
GRADIENT_BOOSTED,structural-null-02,STRUCTURAL_NULL,440,4.4,0,0.019011485347538427,False,,,2.4206772733040534e-05
GRADIENT_BOOSTED,structural-null-02,STRUCTURAL_NULL,450,4.5,0,0.019011485347538427,False,,,2.4206772733040534e-05
GRADIENT_BOOSTED,structural-null-02,STRUCTURAL_NULL,460,4.6000000000000005,0,0.019011485347538427,False,,,2.4206772733040534e-05
GRADIENT_BOOSTED,structural-null-02,STRUCTURAL_NULL,470,4.7,0,0.019011485347538427,False,,,2.4206772733040534e-05
GRADIENT_BOOSTED,structural-null-02,STRUCTURAL_NULL,480,4.8,0,0.9496750928678782,True,,,2.4206772733040534e-05
GRADIENT_BOOSTED,structural-null-02,STRUCTURAL_NULL,490,4.9,0,0.9496750928678782,True,,,2.4206772733040534e-05
GRADIENT_BOOSTED,structural-null-02,STRUCTURAL_NULL,500,5.0,0,0.9496750928678782,True,,,2.4206772733040534e-05
GRADIENT_BOOSTED,structural-null-02,STRUCTURAL_NULL,510,5.1000000000000005,0,0.9496750928678782,True,,,2.4206772733040534e-05
GRADIENT_BOOSTED,structural-null-02,STRUCTURAL_NULL,520,5.2,0,0.9496750928678782,True,,,2.4206772733040534e-05
GRADIENT_BOOSTED,structural-null-02,STRUCTURAL_NULL,530,5.3,0,0.9496750928678782,True,,,2.4206772733040534e-05
GRADIENT_BOOSTED,structural-null-02,STRUCTURAL_NULL,540,5.4,0,0.9496750928678782,True,,,2.4206772733040534e-05
GRADIENT_BOOSTED,structural-null-02,STRUCTURAL_NULL,550,5.5,0,0.9496750928678782,True,,,2.4206772733040534e-05
GRADIENT_BOOSTED,structural-null-02,STRUCTURAL_NULL,560,5.6000000000000005,0,0.9496750928678782,True,,,2.4206772733040534e-05
GRADIENT_BOOSTED,structural-null-02,STRUCTURAL_NULL,570,5.7,0,0.9496750928678782,True,,,2.4206772733040534e-05
GRADIENT_BOOSTED,structural-null-02,STRUCTURAL_NULL,580,5.8,0,0.9496750928678782,True,,,2.4206772733040534e-05
GRADIENT_BOOSTED,structural-null-02,STRUCTURAL_NULL,590,5.9,0,0.9496750928678782,True,,,2.4206772733040534e-05
GRADIENT_BOOSTED,structural-null-02,STRUCTURAL_NULL,600,6.0,0,0.9496750928678782,True,,,2.4206772733040534e-05
GRADIENT_BOOSTED,structural-null-02,STRUCTURAL_NULL,610,6.1000000000000005,0,0.9496750928678782,True,,,2.4206772733040534e-05
GRADIENT_BOOSTED,structural-null-02,STRUCTURAL_NULL,620,6.2,0,0.9496750928678782,True,,,2.4206772733040534e-05
GRADIENT_BOOSTED,structural-null-02,STRUCTURAL_NULL,630,6.3,0,0.9496750928678782,True,,,2.4206772733040534e-05
GRADIENT_BOOSTED,structural-null-02,STRUCTURAL_NULL,640,6.4,0,0.9496750928678782,True,,,2.4206772733040534e-05
GRADIENT_BOOSTED,structural-null-02,STRUCTURAL_NULL,650,6.5,0,0.9496750928678782,True,,,2.4206772733040534e-05
GRADIENT_BOOSTED,structural-null-02,STRUCTURAL_NULL,660,6.6000000000000005,0,0.2899535918833937,False,,,2.4206772733040534e-05
GRADIENT_BOOSTED,structural-null-02,STRUCTURAL_NULL,670,6.7,0,0.2899535918833937,False,,,2.4206772733040534e-05
GRADIENT_BOOSTED,structural-null-02,STRUCTURAL_NULL,680,6.8,0,0.2899535918833937,False,,,2.4206772733040534e-05
GRADIENT_BOOSTED,structural-null-02,STRUCTURAL_NULL,690,6.9,0,0.2899535918833937,False,,,2.4206772733040534e-05
GRADIENT_BOOSTED,structural-null-02,STRUCTURAL_NULL,700,7.0,0,0.2899535918833937,False,,,2.4206772733040534e-05
GRADIENT_BOOSTED,structural-null-02,STRUCTURAL_NULL,710,7.1000000000000005,0,0.2899535918833937,False,,,2.4206772733040534e-05
GRADIENT_BOOSTED,structural-null-02,STRUCTURAL_NULL,720,7.2,0,0.2899535918833937,False,,,2.4206772733040534e-05
GRADIENT_BOOSTED,structural-null-02,STRUCTURAL_NULL,730,7.3,0,0.2899535918833937,False,,,2.4206772733040534e-05
GRADIENT_BOOSTED,structural-null-02,STRUCTURAL_NULL,740,7.4,0,0.2899535918833937,False,,,2.4206772733040534e-05
GRADIENT_BOOSTED,structural-null-02,STRUCTURAL_NULL,750,7.5,0,0.2899535918833937,False,,,2.4206772733040534e-05
GRADIENT_BOOSTED,structural-null-02,STRUCTURAL_NULL,760,7.6000000000000005,0,0.2899535918833937,False,,,2.4206772733040534e-05
GRADIENT_BOOSTED,structural-null-02,STRUCTURAL_NULL,770,7.7,0,0.2899535918833937,False,,,2.4206772733040534e-05
GRADIENT_BOOSTED,structural-null-02,STRUCTURAL_NULL,780,7.8,0,0.2899535918833937,False,,,2.4206772733040534e-05
GRADIENT_BOOSTED,structural-null-02,STRUCTURAL_NULL,790,7.9,0,0.2899535918833937,False,,,2.4206772733040534e-05
GRADIENT_BOOSTED,structural-null-02,STRUCTURAL_NULL,800,8.0,0,1.0,True,1,,2.4206772733040534e-05
GRADIENT_BOOSTED,structural-null-02,STRUCTURAL_NULL,810,8.1,0,1.0,True,1,,2.4206772733040534e-05
GRADIENT_BOOSTED,structural-null-02,STRUCTURAL_NULL,820,8.2,0,1.0,True,1,,2.4206772733040534e-05
GRADIENT_BOOSTED,structural-null-02,STRUCTURAL_NULL,830,8.3,0,1.0,True,1,,2.4206772733040534e-05
GRADIENT_BOOSTED,structural-null-02,STRUCTURAL_NULL,840,8.4,0,1.0,True,1,,2.4206772733040534e-05
GRADIENT_BOOSTED,structural-null-02,STRUCTURAL_NULL,850,8.5,0,1.0,True,1,,2.4206772733040534e-05
GRADIENT_BOOSTED,structural-null-02,STRUCTURAL_NULL,860,8.6,0,1.0,True,1,,2.4206772733040534e-05
GRADIENT_BOOSTED,structural-null-02,STRUCTURAL_NULL,870,8.700000000000001,0,1.0,True,1,,2.4206772733040534e-05
GRADIENT_BOOSTED,structural-null-02,STRUCTURAL_NULL,880,8.8,0,1.0,True,1,,2.4206772733040534e-05
GRADIENT_BOOSTED,structural-null-02,STRUCTURAL_NULL,890,8.9,0,1.0,True,1,,2.4206772733040534e-05
GRADIENT_BOOSTED,structural-null-02,STRUCTURAL_NULL,900,9.0,0,1.0,True,1,,2.4206772733040534e-05
GRADIENT_BOOSTED,structural-null-02,STRUCTURAL_NULL,910,9.1,0,1.0,True,1,,2.4206772733040534e-05
GRADIENT_BOOSTED,structural-null-02,STRUCTURAL_NULL,920,9.200000000000001,0,1.0,True,1,,2.4206772733040534e-05
GRADIENT_BOOSTED,structural-null-02,STRUCTURAL_NULL,930,9.3,0,1.0,True,1,,2.4206772733040534e-05
GRADIENT_BOOSTED,structural-null-02,STRUCTURAL_NULL,940,9.4,0,1.0,True,1,,2.4206772733040534e-05
GRADIENT_BOOSTED,structural-null-02,STRUCTURAL_NULL,950,9.5,0,1.0,True,1,,2.4206772733040534e-05
GRADIENT_BOOSTED,structural-null-02,STRUCTURAL_NULL,960,9.6,0,1.0,True,1,,2.4206772733040534e-05
GRADIENT_BOOSTED,structural-null-02,STRUCTURAL_NULL,970,9.700000000000001,0,1.0,True,1,,2.4206772733040534e-05
GRADIENT_BOOSTED,structural-null-02,STRUCTURAL_NULL,980,9.8,0,1.0,True,1,,2.4206772733040534e-05
GRADIENT_BOOSTED,structural-null-02,STRUCTURAL_NULL,990,9.9,0,1.0,True,1,,2.4206772733040534e-05
GRADIENT_BOOSTED,structural-null-02,STRUCTURAL_NULL,1000,10.0,0,1.0,True,1,,2.4206772733040534e-05
GRADIENT_BOOSTED,structural-null-02,STRUCTURAL_NULL,1010,10.1,0,1.0,True,1,,2.4206772733040534e-05
GRADIENT_BOOSTED,structural-null-02,STRUCTURAL_NULL,1020,10.200000000000001,0,1.0,True,1,,2.4206772733040534e-05
GRADIENT_BOOSTED,structural-null-02,STRUCTURAL_NULL,1030,10.3,0,1.0,True,1,,2.4206772733040534e-05
GRADIENT_BOOSTED,structural-null-02,STRUCTURAL_NULL,1040,10.4,0,1.0,True,1,,2.4206772733040534e-05
GRADIENT_BOOSTED,structural-null-02,STRUCTURAL_NULL,1050,10.5,0,1.0,True,1,,2.4206772733040534e-05
GRADIENT_BOOSTED,structural-null-02,STRUCTURAL_NULL,1060,10.6,0,1.0,True,1,,2.4206772733040534e-05
GRADIENT_BOOSTED,structural-null-02,STRUCTURAL_NULL,1070,10.700000000000001,0,1.0,True,1,,2.4206772733040534e-05
GRADIENT_BOOSTED,structural-null-02,STRUCTURAL_NULL,1080,10.8,0,1.0,True,1,,2.4206772733040534e-05
GRADIENT_BOOSTED,structural-null-02,STRUCTURAL_NULL,1090,10.9,0,1.0,True,1,,2.4206772733040534e-05
GRADIENT_BOOSTED,structural-null-02,STRUCTURAL_NULL,1100,11.0,0,1.0,True,1,,2.4206772733040534e-05
GRADIENT_BOOSTED,structural-null-02,STRUCTURAL_NULL,1110,11.1,0,1.0,True,1,,2.4206772733040534e-05
GRADIENT_BOOSTED,structural-null-02,STRUCTURAL_NULL,1120,11.200000000000001,0,1.0,True,1,,2.4206772733040534e-05
GRADIENT_BOOSTED,structural-null-02,STRUCTURAL_NULL,1130,11.3,0,1.0,True,1,,2.4206772733040534e-05
GRADIENT_BOOSTED,structural-null-02,STRUCTURAL_NULL,1140,11.4,0,1.0,True,1,,2.4206772733040534e-05
GRADIENT_BOOSTED,structural-null-02,STRUCTURAL_NULL,1150,11.5,0,1.0,True,1,,2.4206772733040534e-05
GRADIENT_BOOSTED,structural-null-02,STRUCTURAL_NULL,1160,11.6,0,1.0,True,1,,2.4206772733040534e-05
GRADIENT_BOOSTED,structural-null-02,STRUCTURAL_NULL,1170,11.700000000000001,0,1.0,True,1,,2.4206772733040534e-05
GRADIENT_BOOSTED,structural-null-02,STRUCTURAL_NULL,1180,11.8,0,1.0,True,1,,2.4206772733040534e-05
GRADIENT_BOOSTED,structural-null-02,STRUCTURAL_NULL,1190,11.9,0,1.0,True,1,,2.4206772733040534e-05
GRADIENT_BOOSTED,structural-null-02,STRUCTURAL_NULL,1200,12.0,0,1.0,True,1,,2.4206772733040534e-05
GRADIENT_BOOSTED,structural-null-02,STRUCTURAL_NULL,1210,12.1,0,1.0,True,1,,2.4206772733040534e-05
GRADIENT_BOOSTED,structural-null-02,STRUCTURAL_NULL,1220,12.200000000000001,0,1.0,True,1,,2.4206772733040534e-05
GRADIENT_BOOSTED,structural-null-02,STRUCTURAL_NULL,1230,12.3,0,1.0,True,1,,2.4206772733040534e-05
GRADIENT_BOOSTED,structural-null-02,STRUCTURAL_NULL,1240,12.4,0,1.0,True,1,,2.4206772733040534e-05
GRADIENT_BOOSTED,structural-null-02,STRUCTURAL_NULL,1250,12.5,0,1.0,True,1,,2.4206772733040534e-05
GRADIENT_BOOSTED,structural-null-02,STRUCTURAL_NULL,1260,12.6,0,1.0,True,1,,2.4206772733040534e-05
GRADIENT_BOOSTED,structural-null-02,STRUCTURAL_NULL,1270,12.700000000000001,0,1.0,True,1,,2.4206772733040534e-05
GRADIENT_BOOSTED,structural-null-02,STRUCTURAL_NULL,1280,12.8,0,1.0,True,1,,2.4206772733040534e-05
GRADIENT_BOOSTED,structural-null-02,STRUCTURAL_NULL,1290,12.9,0,1.0,True,1,,2.4206772733040534e-05
GRADIENT_BOOSTED,structural-null-02,STRUCTURAL_NULL,1300,13.0,0,1.0,True,1,,2.4206772733040534e-05
GRADIENT_BOOSTED,structural-null-03,STRUCTURAL_NULL,430,4.3,0,0.058786205539801746,False,,,2.4206772733040534e-05
GRADIENT_BOOSTED,structural-null-03,STRUCTURAL_NULL,440,4.4,0,0.058786205539801746,False,,,2.4206772733040534e-05
GRADIENT_BOOSTED,structural-null-03,STRUCTURAL_NULL,450,4.5,0,0.058786205539801746,False,,,2.4206772733040534e-05
GRADIENT_BOOSTED,structural-null-03,STRUCTURAL_NULL,460,4.6000000000000005,0,0.058786205539801746,False,,,2.4206772733040534e-05
GRADIENT_BOOSTED,structural-null-03,STRUCTURAL_NULL,470,4.7,0,0.058786205539801746,False,,,2.4206772733040534e-05
GRADIENT_BOOSTED,structural-null-03,STRUCTURAL_NULL,480,4.8,0,0.058786205539801746,False,,,2.4206772733040534e-05
GRADIENT_BOOSTED,structural-null-03,STRUCTURAL_NULL,490,4.9,0,1.0,True,1,,2.4206772733040534e-05
GRADIENT_BOOSTED,structural-null-03,STRUCTURAL_NULL,500,5.0,0,1.0,True,1,,2.4206772733040534e-05
GRADIENT_BOOSTED,structural-null-03,STRUCTURAL_NULL,510,5.1000000000000005,0,1.0,True,1,,2.4206772733040534e-05
GRADIENT_BOOSTED,structural-null-03,STRUCTURAL_NULL,520,5.2,0,1.0,True,1,,2.4206772733040534e-05
GRADIENT_BOOSTED,structural-null-03,STRUCTURAL_NULL,530,5.3,0,1.0,True,1,,2.4206772733040534e-05
GRADIENT_BOOSTED,structural-null-03,STRUCTURAL_NULL,540,5.4,0,1.0,True,1,,2.4206772733040534e-05
GRADIENT_BOOSTED,structural-null-03,STRUCTURAL_NULL,550,5.5,0,1.0,True,1,,2.4206772733040534e-05
GRADIENT_BOOSTED,structural-null-03,STRUCTURAL_NULL,560,5.6000000000000005,0,1.0,True,1,,2.4206772733040534e-05
GRADIENT_BOOSTED,structural-null-03,STRUCTURAL_NULL,570,5.7,0,1.0,True,1,,2.4206772733040534e-05
GRADIENT_BOOSTED,structural-null-03,STRUCTURAL_NULL,580,5.8,0,1.0,True,1,,2.4206772733040534e-05
GRADIENT_BOOSTED,structural-null-03,STRUCTURAL_NULL,590,5.9,0,1.0,True,1,,2.4206772733040534e-05
GRADIENT_BOOSTED,structural-null-03,STRUCTURAL_NULL,600,6.0,0,1.0,True,1,,2.4206772733040534e-05
GRADIENT_BOOSTED,structural-null-03,STRUCTURAL_NULL,610,6.1000000000000005,0,1.0,True,1,,2.4206772733040534e-05
GRADIENT_BOOSTED,structural-null-03,STRUCTURAL_NULL,620,6.2,0,1.0,True,1,,2.4206772733040534e-05
GRADIENT_BOOSTED,structural-null-03,STRUCTURAL_NULL,630,6.3,0,1.0,True,1,,2.4206772733040534e-05
GRADIENT_BOOSTED,structural-null-03,STRUCTURAL_NULL,640,6.4,0,1.0,True,1,,2.4206772733040534e-05
GRADIENT_BOOSTED,structural-null-03,STRUCTURAL_NULL,650,6.5,0,1.0,True,1,,2.4206772733040534e-05
GRADIENT_BOOSTED,structural-null-03,STRUCTURAL_NULL,660,6.6000000000000005,0,1.0,True,1,,2.4206772733040534e-05
GRADIENT_BOOSTED,structural-null-03,STRUCTURAL_NULL,670,6.7,0,1.0,True,1,,2.4206772733040534e-05
GRADIENT_BOOSTED,structural-null-03,STRUCTURAL_NULL,680,6.8,0,1.0,True,1,,2.4206772733040534e-05
GRADIENT_BOOSTED,structural-null-03,STRUCTURAL_NULL,690,6.9,0,1.0,True,1,,2.4206772733040534e-05
GRADIENT_BOOSTED,structural-null-03,STRUCTURAL_NULL,700,7.0,0,1.0,True,1,,2.4206772733040534e-05
GRADIENT_BOOSTED,structural-null-03,STRUCTURAL_NULL,710,7.1000000000000005,0,1.0,True,1,,2.4206772733040534e-05
GRADIENT_BOOSTED,structural-null-03,STRUCTURAL_NULL,720,7.2,0,1.0,True,1,,2.4206772733040534e-05
GRADIENT_BOOSTED,structural-null-03,STRUCTURAL_NULL,730,7.3,0,1.0,True,1,,2.4206772733040534e-05
GRADIENT_BOOSTED,structural-null-03,STRUCTURAL_NULL,740,7.4,0,1.0,True,1,,2.4206772733040534e-05
GRADIENT_BOOSTED,structural-null-03,STRUCTURAL_NULL,750,7.5,0,1.0,True,1,,2.4206772733040534e-05
GRADIENT_BOOSTED,structural-null-03,STRUCTURAL_NULL,760,7.6000000000000005,0,1.0,True,1,,2.4206772733040534e-05
GRADIENT_BOOSTED,structural-null-03,STRUCTURAL_NULL,770,7.7,0,1.0,True,1,,2.4206772733040534e-05
GRADIENT_BOOSTED,structural-null-03,STRUCTURAL_NULL,780,7.8,0,1.0,True,1,,2.4206772733040534e-05
GRADIENT_BOOSTED,structural-null-03,STRUCTURAL_NULL,790,7.9,0,1.0,True,1,,2.4206772733040534e-05
GRADIENT_BOOSTED,structural-null-03,STRUCTURAL_NULL,800,8.0,0,1.0,True,1,,2.4206772733040534e-05
GRADIENT_BOOSTED,structural-null-03,STRUCTURAL_NULL,810,8.1,0,1.0,True,1,,2.4206772733040534e-05
GRADIENT_BOOSTED,structural-null-03,STRUCTURAL_NULL,820,8.2,0,1.0,True,1,,2.4206772733040534e-05
GRADIENT_BOOSTED,structural-null-03,STRUCTURAL_NULL,830,8.3,0,1.0,True,1,,2.4206772733040534e-05
GRADIENT_BOOSTED,structural-null-03,STRUCTURAL_NULL,840,8.4,0,1.0,True,1,,2.4206772733040534e-05
GRADIENT_BOOSTED,structural-null-03,STRUCTURAL_NULL,850,8.5,0,1.0,True,1,,2.4206772733040534e-05
GRADIENT_BOOSTED,structural-null-03,STRUCTURAL_NULL,860,8.6,0,1.0,True,1,,2.4206772733040534e-05
GRADIENT_BOOSTED,structural-null-03,STRUCTURAL_NULL,870,8.700000000000001,0,1.0,True,1,,2.4206772733040534e-05
GRADIENT_BOOSTED,structural-null-03,STRUCTURAL_NULL,880,8.8,0,1.0,True,1,,2.4206772733040534e-05
GRADIENT_BOOSTED,structural-null-03,STRUCTURAL_NULL,890,8.9,0,1.0,True,1,,2.4206772733040534e-05
GRADIENT_BOOSTED,structural-null-03,STRUCTURAL_NULL,900,9.0,0,1.0,True,1,,2.4206772733040534e-05
GRADIENT_BOOSTED,structural-null-03,STRUCTURAL_NULL,910,9.1,0,1.0,True,1,,2.4206772733040534e-05
GRADIENT_BOOSTED,structural-null-03,STRUCTURAL_NULL,920,9.200000000000001,0,1.0,True,1,,2.4206772733040534e-05
GRADIENT_BOOSTED,structural-null-03,STRUCTURAL_NULL,930,9.3,0,1.0,True,1,,2.4206772733040534e-05
GRADIENT_BOOSTED,structural-null-03,STRUCTURAL_NULL,940,9.4,0,1.0,True,1,,2.4206772733040534e-05
GRADIENT_BOOSTED,structural-null-03,STRUCTURAL_NULL,950,9.5,0,1.0,True,1,,2.4206772733040534e-05
GRADIENT_BOOSTED,structural-null-03,STRUCTURAL_NULL,960,9.6,0,1.0,True,1,,2.4206772733040534e-05
GRADIENT_BOOSTED,structural-null-03,STRUCTURAL_NULL,970,9.700000000000001,0,1.0,True,1,,2.4206772733040534e-05
GRADIENT_BOOSTED,structural-null-03,STRUCTURAL_NULL,980,9.8,0,1.0,True,1,,2.4206772733040534e-05
GRADIENT_BOOSTED,structural-null-03,STRUCTURAL_NULL,990,9.9,0,1.0,True,1,,2.4206772733040534e-05
GRADIENT_BOOSTED,structural-null-03,STRUCTURAL_NULL,1000,10.0,0,1.0,True,1,,2.4206772733040534e-05
GRADIENT_BOOSTED,structural-null-03,STRUCTURAL_NULL,1010,10.1,0,1.0,True,1,,2.4206772733040534e-05
GRADIENT_BOOSTED,structural-null-03,STRUCTURAL_NULL,1020,10.200000000000001,0,1.0,True,1,,2.4206772733040534e-05
GRADIENT_BOOSTED,structural-null-03,STRUCTURAL_NULL,1030,10.3,0,1.0,True,1,,2.4206772733040534e-05
GRADIENT_BOOSTED,structural-null-03,STRUCTURAL_NULL,1040,10.4,0,1.0,True,1,,2.4206772733040534e-05
GRADIENT_BOOSTED,structural-null-03,STRUCTURAL_NULL,1050,10.5,0,1.0,True,1,,2.4206772733040534e-05
GRADIENT_BOOSTED,structural-null-03,STRUCTURAL_NULL,1060,10.6,0,1.0,True,1,,2.4206772733040534e-05
GRADIENT_BOOSTED,structural-null-03,STRUCTURAL_NULL,1070,10.700000000000001,0,1.0,True,1,,2.4206772733040534e-05
GRADIENT_BOOSTED,structural-null-03,STRUCTURAL_NULL,1080,10.8,0,1.0,True,1,,2.4206772733040534e-05
GRADIENT_BOOSTED,structural-null-03,STRUCTURAL_NULL,1090,10.9,0,1.0,True,1,,2.4206772733040534e-05
GRADIENT_BOOSTED,structural-null-03,STRUCTURAL_NULL,1100,11.0,0,1.0,True,1,,2.4206772733040534e-05
GRADIENT_BOOSTED,structural-null-03,STRUCTURAL_NULL,1110,11.1,0,1.0,True,1,,2.4206772733040534e-05
GRADIENT_BOOSTED,structural-null-03,STRUCTURAL_NULL,1120,11.200000000000001,0,1.0,True,1,,2.4206772733040534e-05
GRADIENT_BOOSTED,structural-null-03,STRUCTURAL_NULL,1130,11.3,0,1.0,True,1,,2.4206772733040534e-05
GRADIENT_BOOSTED,structural-null-03,STRUCTURAL_NULL,1140,11.4,0,1.0,True,1,,2.4206772733040534e-05
GRADIENT_BOOSTED,structural-null-03,STRUCTURAL_NULL,1150,11.5,0,1.0,True,1,,2.4206772733040534e-05
GRADIENT_BOOSTED,structural-null-03,STRUCTURAL_NULL,1160,11.6,0,1.0,True,1,,2.4206772733040534e-05
GRADIENT_BOOSTED,structural-null-03,STRUCTURAL_NULL,1170,11.700000000000001,0,1.0,True,1,,2.4206772733040534e-05
GRADIENT_BOOSTED,structural-null-03,STRUCTURAL_NULL,1180,11.8,0,1.0,True,1,,2.4206772733040534e-05
GRADIENT_BOOSTED,structural-null-03,STRUCTURAL_NULL,1190,11.9,0,1.0,True,1,,2.4206772733040534e-05
GRADIENT_BOOSTED,structural-null-03,STRUCTURAL_NULL,1200,12.0,0,1.0,True,1,,2.4206772733040534e-05
GRADIENT_BOOSTED,structural-null-03,STRUCTURAL_NULL,1210,12.1,0,1.0,True,1,,2.4206772733040534e-05
GRADIENT_BOOSTED,structural-null-03,STRUCTURAL_NULL,1220,12.200000000000001,0,1.0,True,1,,2.4206772733040534e-05
GRADIENT_BOOSTED,structural-null-03,STRUCTURAL_NULL,1230,12.3,0,1.0,True,1,,2.4206772733040534e-05
GRADIENT_BOOSTED,structural-null-03,STRUCTURAL_NULL,1240,12.4,0,1.0,True,1,,2.4206772733040534e-05
GRADIENT_BOOSTED,structural-null-03,STRUCTURAL_NULL,1250,12.5,0,1.0,True,1,,2.4206772733040534e-05
GRADIENT_BOOSTED,structural-null-03,STRUCTURAL_NULL,1260,12.6,0,1.0,True,1,,2.4206772733040534e-05
GRADIENT_BOOSTED,structural-null-03,STRUCTURAL_NULL,1270,12.700000000000001,0,1.0,True,1,,2.4206772733040534e-05
GRADIENT_BOOSTED,structural-null-03,STRUCTURAL_NULL,1280,12.8,0,1.0,True,1,,2.4206772733040534e-05
GRADIENT_BOOSTED,structural-null-03,STRUCTURAL_NULL,1290,12.9,0,1.0,True,1,,2.4206772733040534e-05
GRADIENT_BOOSTED,structural-null-03,STRUCTURAL_NULL,1300,13.0,0,1.0,True,1,,2.4206772733040534e-05
GRADIENT_BOOSTED,structural-null-04,STRUCTURAL_NULL,430,4.3,0,0.058786205539801746,False,,,2.4206772733040534e-05
GRADIENT_BOOSTED,structural-null-04,STRUCTURAL_NULL,440,4.4,0,0.058786205539801746,False,,,2.4206772733040534e-05
GRADIENT_BOOSTED,structural-null-04,STRUCTURAL_NULL,450,4.5,0,0.058786205539801746,False,,,2.4206772733040534e-05
GRADIENT_BOOSTED,structural-null-04,STRUCTURAL_NULL,460,4.6000000000000005,0,0.058786205539801746,False,,,2.4206772733040534e-05
GRADIENT_BOOSTED,structural-null-04,STRUCTURAL_NULL,470,4.7,0,0.058786205539801746,False,,,2.4206772733040534e-05
GRADIENT_BOOSTED,structural-null-04,STRUCTURAL_NULL,480,4.8,0,0.058786205539801746,False,,,2.4206772733040534e-05
GRADIENT_BOOSTED,structural-null-04,STRUCTURAL_NULL,490,4.9,0,0.058786205539801746,False,,,2.4206772733040534e-05
GRADIENT_BOOSTED,structural-null-04,STRUCTURAL_NULL,500,5.0,0,1.0,True,1,,2.4206772733040534e-05
GRADIENT_BOOSTED,structural-null-04,STRUCTURAL_NULL,510,5.1000000000000005,0,1.0,True,1,,2.4206772733040534e-05
GRADIENT_BOOSTED,structural-null-04,STRUCTURAL_NULL,520,5.2,0,1.0,True,1,,2.4206772733040534e-05
GRADIENT_BOOSTED,structural-null-04,STRUCTURAL_NULL,530,5.3,0,1.0,True,1,,2.4206772733040534e-05
GRADIENT_BOOSTED,structural-null-04,STRUCTURAL_NULL,540,5.4,0,1.0,True,1,,2.4206772733040534e-05
GRADIENT_BOOSTED,structural-null-04,STRUCTURAL_NULL,550,5.5,0,1.0,True,1,,2.4206772733040534e-05
GRADIENT_BOOSTED,structural-null-04,STRUCTURAL_NULL,560,5.6000000000000005,0,1.0,True,1,,2.4206772733040534e-05
GRADIENT_BOOSTED,structural-null-04,STRUCTURAL_NULL,570,5.7,0,1.0,True,1,,2.4206772733040534e-05
GRADIENT_BOOSTED,structural-null-04,STRUCTURAL_NULL,580,5.8,0,1.0,True,1,,2.4206772733040534e-05
GRADIENT_BOOSTED,structural-null-04,STRUCTURAL_NULL,590,5.9,0,1.0,True,1,,2.4206772733040534e-05
GRADIENT_BOOSTED,structural-null-04,STRUCTURAL_NULL,600,6.0,0,1.0,True,1,,2.4206772733040534e-05
GRADIENT_BOOSTED,structural-null-04,STRUCTURAL_NULL,610,6.1000000000000005,0,1.0,True,1,,2.4206772733040534e-05
GRADIENT_BOOSTED,structural-null-04,STRUCTURAL_NULL,620,6.2,0,1.0,True,1,,2.4206772733040534e-05
GRADIENT_BOOSTED,structural-null-04,STRUCTURAL_NULL,630,6.3,0,1.0,True,1,,2.4206772733040534e-05
GRADIENT_BOOSTED,structural-null-04,STRUCTURAL_NULL,640,6.4,0,1.0,True,1,,2.4206772733040534e-05
GRADIENT_BOOSTED,structural-null-04,STRUCTURAL_NULL,650,6.5,0,1.0,True,1,,2.4206772733040534e-05
GRADIENT_BOOSTED,structural-null-04,STRUCTURAL_NULL,660,6.6000000000000005,0,1.0,True,1,,2.4206772733040534e-05
GRADIENT_BOOSTED,structural-null-04,STRUCTURAL_NULL,670,6.7,0,1.0,True,1,,2.4206772733040534e-05
GRADIENT_BOOSTED,structural-null-04,STRUCTURAL_NULL,680,6.8,0,1.0,True,1,,2.4206772733040534e-05
GRADIENT_BOOSTED,structural-null-04,STRUCTURAL_NULL,690,6.9,0,1.0,True,1,,2.4206772733040534e-05
GRADIENT_BOOSTED,structural-null-04,STRUCTURAL_NULL,700,7.0,0,1.0,True,1,,2.4206772733040534e-05
GRADIENT_BOOSTED,structural-null-04,STRUCTURAL_NULL,710,7.1000000000000005,0,1.0,True,1,,2.4206772733040534e-05
GRADIENT_BOOSTED,structural-null-04,STRUCTURAL_NULL,720,7.2,0,1.0,True,1,,2.4206772733040534e-05
GRADIENT_BOOSTED,structural-null-04,STRUCTURAL_NULL,730,7.3,0,1.0,True,1,,2.4206772733040534e-05
GRADIENT_BOOSTED,structural-null-04,STRUCTURAL_NULL,740,7.4,0,1.0,True,1,,2.4206772733040534e-05
GRADIENT_BOOSTED,structural-null-04,STRUCTURAL_NULL,750,7.5,0,1.0,True,1,,2.4206772733040534e-05
GRADIENT_BOOSTED,structural-null-04,STRUCTURAL_NULL,760,7.6000000000000005,0,1.0,True,1,,2.4206772733040534e-05
GRADIENT_BOOSTED,structural-null-04,STRUCTURAL_NULL,770,7.7,0,1.0,True,1,,2.4206772733040534e-05
GRADIENT_BOOSTED,structural-null-04,STRUCTURAL_NULL,780,7.8,0,1.0,True,1,,2.4206772733040534e-05
GRADIENT_BOOSTED,structural-null-04,STRUCTURAL_NULL,790,7.9,0,1.0,True,1,,2.4206772733040534e-05
GRADIENT_BOOSTED,structural-null-04,STRUCTURAL_NULL,800,8.0,0,1.0,True,1,,2.4206772733040534e-05
GRADIENT_BOOSTED,structural-null-04,STRUCTURAL_NULL,810,8.1,0,1.0,True,1,,2.4206772733040534e-05
GRADIENT_BOOSTED,structural-null-04,STRUCTURAL_NULL,820,8.2,0,1.0,True,1,,2.4206772733040534e-05
GRADIENT_BOOSTED,structural-null-04,STRUCTURAL_NULL,830,8.3,0,1.0,True,1,,2.4206772733040534e-05
GRADIENT_BOOSTED,structural-null-04,STRUCTURAL_NULL,840,8.4,0,1.0,True,1,,2.4206772733040534e-05
GRADIENT_BOOSTED,structural-null-04,STRUCTURAL_NULL,850,8.5,0,1.0,True,1,,2.4206772733040534e-05
GRADIENT_BOOSTED,structural-null-04,STRUCTURAL_NULL,860,8.6,0,1.0,True,1,,2.4206772733040534e-05
GRADIENT_BOOSTED,structural-null-04,STRUCTURAL_NULL,870,8.700000000000001,0,1.0,True,1,,2.4206772733040534e-05
GRADIENT_BOOSTED,structural-null-04,STRUCTURAL_NULL,880,8.8,0,1.0,True,1,,2.4206772733040534e-05
GRADIENT_BOOSTED,structural-null-04,STRUCTURAL_NULL,890,8.9,0,1.0,True,1,,2.4206772733040534e-05
GRADIENT_BOOSTED,structural-null-04,STRUCTURAL_NULL,900,9.0,0,1.0,True,1,,2.4206772733040534e-05
GRADIENT_BOOSTED,structural-null-04,STRUCTURAL_NULL,910,9.1,0,1.0,True,1,,2.4206772733040534e-05
GRADIENT_BOOSTED,structural-null-04,STRUCTURAL_NULL,920,9.200000000000001,0,1.0,True,1,,2.4206772733040534e-05
GRADIENT_BOOSTED,structural-null-04,STRUCTURAL_NULL,930,9.3,0,1.0,True,1,,2.4206772733040534e-05
GRADIENT_BOOSTED,structural-null-04,STRUCTURAL_NULL,940,9.4,0,1.0,True,1,,2.4206772733040534e-05
GRADIENT_BOOSTED,structural-null-04,STRUCTURAL_NULL,950,9.5,0,1.0,True,1,,2.4206772733040534e-05
GRADIENT_BOOSTED,structural-null-04,STRUCTURAL_NULL,960,9.6,0,1.0,True,1,,2.4206772733040534e-05
GRADIENT_BOOSTED,structural-null-04,STRUCTURAL_NULL,970,9.700000000000001,0,1.0,True,1,,2.4206772733040534e-05
GRADIENT_BOOSTED,structural-null-04,STRUCTURAL_NULL,980,9.8,0,1.0,True,1,,2.4206772733040534e-05
GRADIENT_BOOSTED,structural-null-04,STRUCTURAL_NULL,990,9.9,0,1.0,True,1,,2.4206772733040534e-05
GRADIENT_BOOSTED,structural-null-04,STRUCTURAL_NULL,1000,10.0,0,1.0,True,1,,2.4206772733040534e-05
GRADIENT_BOOSTED,structural-null-04,STRUCTURAL_NULL,1010,10.1,0,1.0,True,1,,2.4206772733040534e-05
GRADIENT_BOOSTED,structural-null-04,STRUCTURAL_NULL,1020,10.200000000000001,0,1.0,True,1,,2.4206772733040534e-05
GRADIENT_BOOSTED,structural-null-04,STRUCTURAL_NULL,1030,10.3,0,1.0,True,1,,2.4206772733040534e-05
GRADIENT_BOOSTED,structural-null-04,STRUCTURAL_NULL,1040,10.4,0,1.0,True,1,,2.4206772733040534e-05
GRADIENT_BOOSTED,structural-null-04,STRUCTURAL_NULL,1050,10.5,0,1.0,True,1,,2.4206772733040534e-05
GRADIENT_BOOSTED,structural-null-04,STRUCTURAL_NULL,1060,10.6,0,1.0,True,1,,2.4206772733040534e-05
GRADIENT_BOOSTED,structural-null-04,STRUCTURAL_NULL,1070,10.700000000000001,0,1.0,True,1,,2.4206772733040534e-05
GRADIENT_BOOSTED,structural-null-04,STRUCTURAL_NULL,1080,10.8,0,1.0,True,1,,2.4206772733040534e-05
GRADIENT_BOOSTED,structural-null-04,STRUCTURAL_NULL,1090,10.9,0,1.0,True,1,,2.4206772733040534e-05
GRADIENT_BOOSTED,structural-null-04,STRUCTURAL_NULL,1100,11.0,0,1.0,True,1,,2.4206772733040534e-05
GRADIENT_BOOSTED,structural-null-04,STRUCTURAL_NULL,1110,11.1,0,1.0,True,1,,2.4206772733040534e-05
GRADIENT_BOOSTED,structural-null-04,STRUCTURAL_NULL,1120,11.200000000000001,0,1.0,True,1,,2.4206772733040534e-05
GRADIENT_BOOSTED,structural-null-04,STRUCTURAL_NULL,1130,11.3,0,1.0,True,1,,2.4206772733040534e-05
GRADIENT_BOOSTED,structural-null-04,STRUCTURAL_NULL,1140,11.4,0,1.0,True,1,,2.4206772733040534e-05
GRADIENT_BOOSTED,structural-null-04,STRUCTURAL_NULL,1150,11.5,0,1.0,True,1,,2.4206772733040534e-05
GRADIENT_BOOSTED,structural-null-04,STRUCTURAL_NULL,1160,11.6,0,1.0,True,1,,2.4206772733040534e-05
GRADIENT_BOOSTED,structural-null-04,STRUCTURAL_NULL,1170,11.700000000000001,0,1.0,True,1,,2.4206772733040534e-05
GRADIENT_BOOSTED,structural-null-04,STRUCTURAL_NULL,1180,11.8,0,1.0,True,1,,2.4206772733040534e-05
GRADIENT_BOOSTED,structural-null-04,STRUCTURAL_NULL,1190,11.9,0,1.0,True,1,,2.4206772733040534e-05
GRADIENT_BOOSTED,structural-null-04,STRUCTURAL_NULL,1200,12.0,0,1.0,True,1,,2.4206772733040534e-05
GRADIENT_BOOSTED,structural-null-04,STRUCTURAL_NULL,1210,12.1,0,1.0,True,1,,2.4206772733040534e-05
GRADIENT_BOOSTED,structural-null-04,STRUCTURAL_NULL,1220,12.200000000000001,0,1.0,True,1,,2.4206772733040534e-05
GRADIENT_BOOSTED,structural-null-04,STRUCTURAL_NULL,1230,12.3,0,1.0,True,1,,2.4206772733040534e-05
GRADIENT_BOOSTED,structural-null-04,STRUCTURAL_NULL,1240,12.4,0,1.0,True,1,,2.4206772733040534e-05
GRADIENT_BOOSTED,structural-null-04,STRUCTURAL_NULL,1250,12.5,0,1.0,True,1,,2.4206772733040534e-05
GRADIENT_BOOSTED,structural-null-04,STRUCTURAL_NULL,1260,12.6,0,1.0,True,1,,2.4206772733040534e-05
GRADIENT_BOOSTED,structural-null-04,STRUCTURAL_NULL,1270,12.700000000000001,0,1.0,True,1,,2.4206772733040534e-05
GRADIENT_BOOSTED,structural-null-04,STRUCTURAL_NULL,1280,12.8,0,1.0,True,1,,2.4206772733040534e-05
GRADIENT_BOOSTED,structural-null-04,STRUCTURAL_NULL,1290,12.9,0,1.0,True,1,,2.4206772733040534e-05
GRADIENT_BOOSTED,structural-null-04,STRUCTURAL_NULL,1300,13.0,0,1.0,True,1,,2.4206772733040534e-05
GRADIENT_BOOSTED,structural-null-05,STRUCTURAL_NULL,430,4.3,0,0.019011485347538427,False,,,2.4206772733040534e-05
GRADIENT_BOOSTED,structural-null-05,STRUCTURAL_NULL,440,4.4,0,0.019011485347538427,False,,,2.4206772733040534e-05
GRADIENT_BOOSTED,structural-null-05,STRUCTURAL_NULL,450,4.5,0,0.019011485347538427,False,,,2.4206772733040534e-05
GRADIENT_BOOSTED,structural-null-05,STRUCTURAL_NULL,460,4.6000000000000005,0,0.019011485347538427,False,,,2.4206772733040534e-05
GRADIENT_BOOSTED,structural-null-05,STRUCTURAL_NULL,470,4.7,0,0.019011485347538427,False,,,2.4206772733040534e-05
GRADIENT_BOOSTED,structural-null-05,STRUCTURAL_NULL,480,4.8,0,0.019011485347538427,False,,,2.4206772733040534e-05
GRADIENT_BOOSTED,structural-null-05,STRUCTURAL_NULL,490,4.9,0,0.019011485347538427,False,,,2.4206772733040534e-05
GRADIENT_BOOSTED,structural-null-05,STRUCTURAL_NULL,500,5.0,0,0.019011485347538427,False,,,2.4206772733040534e-05
GRADIENT_BOOSTED,structural-null-05,STRUCTURAL_NULL,510,5.1000000000000005,0,0.9496750928678782,True,,,2.4206772733040534e-05
GRADIENT_BOOSTED,structural-null-05,STRUCTURAL_NULL,520,5.2,0,0.9496750928678782,True,,,2.4206772733040534e-05
GRADIENT_BOOSTED,structural-null-05,STRUCTURAL_NULL,530,5.3,0,0.9496750928678782,True,,,2.4206772733040534e-05
GRADIENT_BOOSTED,structural-null-05,STRUCTURAL_NULL,540,5.4,0,0.9496750928678782,True,,,2.4206772733040534e-05
GRADIENT_BOOSTED,structural-null-05,STRUCTURAL_NULL,550,5.5,0,0.9496750928678782,True,,,2.4206772733040534e-05
GRADIENT_BOOSTED,structural-null-05,STRUCTURAL_NULL,560,5.6000000000000005,0,0.9496750928678782,True,,,2.4206772733040534e-05
GRADIENT_BOOSTED,structural-null-05,STRUCTURAL_NULL,570,5.7,0,0.9496750928678782,True,,,2.4206772733040534e-05
GRADIENT_BOOSTED,structural-null-05,STRUCTURAL_NULL,580,5.8,0,0.9496750928678782,True,,,2.4206772733040534e-05
GRADIENT_BOOSTED,structural-null-05,STRUCTURAL_NULL,590,5.9,0,0.9496750928678782,True,,,2.4206772733040534e-05
GRADIENT_BOOSTED,structural-null-05,STRUCTURAL_NULL,600,6.0,0,0.9496750928678782,True,,,2.4206772733040534e-05
GRADIENT_BOOSTED,structural-null-05,STRUCTURAL_NULL,610,6.1000000000000005,0,0.9496750928678782,True,,,2.4206772733040534e-05
GRADIENT_BOOSTED,structural-null-05,STRUCTURAL_NULL,620,6.2,0,0.9496750928678782,True,,,2.4206772733040534e-05
GRADIENT_BOOSTED,structural-null-05,STRUCTURAL_NULL,630,6.3,0,0.9496750928678782,True,,,2.4206772733040534e-05
GRADIENT_BOOSTED,structural-null-05,STRUCTURAL_NULL,640,6.4,0,0.9496750928678782,True,,,2.4206772733040534e-05
GRADIENT_BOOSTED,structural-null-05,STRUCTURAL_NULL,650,6.5,0,0.9496750928678782,True,,,2.4206772733040534e-05
GRADIENT_BOOSTED,structural-null-05,STRUCTURAL_NULL,660,6.6000000000000005,0,0.2899535918833937,False,,,2.4206772733040534e-05
GRADIENT_BOOSTED,structural-null-05,STRUCTURAL_NULL,670,6.7,0,0.2899535918833937,False,,,2.4206772733040534e-05
GRADIENT_BOOSTED,structural-null-05,STRUCTURAL_NULL,680,6.8,0,0.2899535918833937,False,,,2.4206772733040534e-05
GRADIENT_BOOSTED,structural-null-05,STRUCTURAL_NULL,690,6.9,0,0.2899535918833937,False,,,2.4206772733040534e-05
GRADIENT_BOOSTED,structural-null-05,STRUCTURAL_NULL,700,7.0,0,0.2899535918833937,False,,,2.4206772733040534e-05
GRADIENT_BOOSTED,structural-null-05,STRUCTURAL_NULL,710,7.1000000000000005,0,0.2899535918833937,False,,,2.4206772733040534e-05
GRADIENT_BOOSTED,structural-null-05,STRUCTURAL_NULL,720,7.2,0,0.2899535918833937,False,,,2.4206772733040534e-05
GRADIENT_BOOSTED,structural-null-05,STRUCTURAL_NULL,730,7.3,0,0.2899535918833937,False,,,2.4206772733040534e-05
GRADIENT_BOOSTED,structural-null-05,STRUCTURAL_NULL,740,7.4,0,0.2899535918833937,False,,,2.4206772733040534e-05
GRADIENT_BOOSTED,structural-null-05,STRUCTURAL_NULL,750,7.5,0,0.2899535918833937,False,,,2.4206772733040534e-05
GRADIENT_BOOSTED,structural-null-05,STRUCTURAL_NULL,760,7.6000000000000005,0,0.2899535918833937,False,,,2.4206772733040534e-05
GRADIENT_BOOSTED,structural-null-05,STRUCTURAL_NULL,770,7.7,0,0.2899535918833937,False,,,2.4206772733040534e-05
GRADIENT_BOOSTED,structural-null-05,STRUCTURAL_NULL,780,7.8,0,0.2899535918833937,False,,,2.4206772733040534e-05
GRADIENT_BOOSTED,structural-null-05,STRUCTURAL_NULL,790,7.9,0,0.2899535918833937,False,,,2.4206772733040534e-05
GRADIENT_BOOSTED,structural-null-05,STRUCTURAL_NULL,800,8.0,0,0.2899535918833937,False,,,2.4206772733040534e-05
GRADIENT_BOOSTED,structural-null-05,STRUCTURAL_NULL,810,8.1,0,0.2899535918833937,False,,,2.4206772733040534e-05
GRADIENT_BOOSTED,structural-null-05,STRUCTURAL_NULL,820,8.2,0,0.2899535918833937,False,,,2.4206772733040534e-05
GRADIENT_BOOSTED,structural-null-05,STRUCTURAL_NULL,830,8.3,0,0.2899535918833937,False,,,2.4206772733040534e-05
GRADIENT_BOOSTED,structural-null-05,STRUCTURAL_NULL,840,8.4,0,0.2899535918833937,False,,,2.4206772733040534e-05
GRADIENT_BOOSTED,structural-null-05,STRUCTURAL_NULL,850,8.5,0,0.2899535918833937,False,,,2.4206772733040534e-05
GRADIENT_BOOSTED,structural-null-05,STRUCTURAL_NULL,860,8.6,0,0.2899535918833937,False,,,2.4206772733040534e-05
GRADIENT_BOOSTED,structural-null-05,STRUCTURAL_NULL,870,8.700000000000001,0,0.2899535918833937,False,,,2.4206772733040534e-05
GRADIENT_BOOSTED,structural-null-05,STRUCTURAL_NULL,880,8.8,0,0.2899535918833937,False,,,2.4206772733040534e-05
GRADIENT_BOOSTED,structural-null-05,STRUCTURAL_NULL,890,8.9,0,0.2899535918833937,False,,,2.4206772733040534e-05
GRADIENT_BOOSTED,structural-null-05,STRUCTURAL_NULL,900,9.0,0,0.2899535918833937,False,,,2.4206772733040534e-05
GRADIENT_BOOSTED,structural-null-05,STRUCTURAL_NULL,910,9.1,0,0.2899535918833937,False,,,2.4206772733040534e-05
GRADIENT_BOOSTED,structural-null-05,STRUCTURAL_NULL,920,9.200000000000001,0,0.2899535918833937,False,,,2.4206772733040534e-05
GRADIENT_BOOSTED,structural-null-05,STRUCTURAL_NULL,930,9.3,0,0.2899535918833937,False,,,2.4206772733040534e-05
GRADIENT_BOOSTED,structural-null-05,STRUCTURAL_NULL,940,9.4,0,0.2899535918833937,False,,,2.4206772733040534e-05
GRADIENT_BOOSTED,structural-null-05,STRUCTURAL_NULL,950,9.5,0,0.2899535918833937,False,,,2.4206772733040534e-05
GRADIENT_BOOSTED,structural-null-05,STRUCTURAL_NULL,960,9.6,0,0.2899535918833937,False,,,2.4206772733040534e-05
GRADIENT_BOOSTED,structural-null-05,STRUCTURAL_NULL,970,9.700000000000001,0,0.2899535918833937,False,,,2.4206772733040534e-05
GRADIENT_BOOSTED,structural-null-05,STRUCTURAL_NULL,980,9.8,0,0.2899535918833937,False,,,2.4206772733040534e-05
GRADIENT_BOOSTED,structural-null-05,STRUCTURAL_NULL,990,9.9,0,0.2899535918833937,False,,,2.4206772733040534e-05
GRADIENT_BOOSTED,structural-null-05,STRUCTURAL_NULL,1000,10.0,0,0.2899535918833937,False,,,2.4206772733040534e-05
GRADIENT_BOOSTED,structural-null-05,STRUCTURAL_NULL,1010,10.1,0,0.2899535918833937,False,,,2.4206772733040534e-05
GRADIENT_BOOSTED,structural-null-05,STRUCTURAL_NULL,1020,10.200000000000001,0,0.2899535918833937,False,,,2.4206772733040534e-05
GRADIENT_BOOSTED,structural-null-05,STRUCTURAL_NULL,1030,10.3,0,0.2899535918833937,False,,,2.4206772733040534e-05
GRADIENT_BOOSTED,structural-null-05,STRUCTURAL_NULL,1040,10.4,0,0.2899535918833937,False,,,2.4206772733040534e-05
GRADIENT_BOOSTED,structural-null-05,STRUCTURAL_NULL,1050,10.5,0,0.2899535918833937,False,,,2.4206772733040534e-05
GRADIENT_BOOSTED,structural-null-05,STRUCTURAL_NULL,1060,10.6,0,0.2899535918833937,False,,,2.4206772733040534e-05
GRADIENT_BOOSTED,structural-null-05,STRUCTURAL_NULL,1070,10.700000000000001,0,0.2899535918833937,False,,,2.4206772733040534e-05
GRADIENT_BOOSTED,structural-null-05,STRUCTURAL_NULL,1080,10.8,0,0.2899535918833937,False,,,2.4206772733040534e-05
GRADIENT_BOOSTED,structural-null-05,STRUCTURAL_NULL,1090,10.9,0,0.2899535918833937,False,,,2.4206772733040534e-05
GRADIENT_BOOSTED,structural-null-05,STRUCTURAL_NULL,1100,11.0,0,0.2899535918833937,False,,,2.4206772733040534e-05
GRADIENT_BOOSTED,structural-null-05,STRUCTURAL_NULL,1110,11.1,0,0.2899535918833937,False,,,2.4206772733040534e-05
GRADIENT_BOOSTED,structural-null-05,STRUCTURAL_NULL,1120,11.200000000000001,0,0.2899535918833937,False,,,2.4206772733040534e-05
GRADIENT_BOOSTED,structural-null-05,STRUCTURAL_NULL,1130,11.3,0,0.2899535918833937,False,,,2.4206772733040534e-05
GRADIENT_BOOSTED,structural-null-05,STRUCTURAL_NULL,1140,11.4,0,0.2899535918833937,False,,,2.4206772733040534e-05
GRADIENT_BOOSTED,structural-null-05,STRUCTURAL_NULL,1150,11.5,0,0.2899535918833937,False,,,2.4206772733040534e-05
GRADIENT_BOOSTED,structural-null-05,STRUCTURAL_NULL,1160,11.6,0,0.2899535918833937,False,,,2.4206772733040534e-05
GRADIENT_BOOSTED,structural-null-05,STRUCTURAL_NULL,1170,11.700000000000001,0,0.2899535918833937,False,,,2.4206772733040534e-05
GRADIENT_BOOSTED,structural-null-05,STRUCTURAL_NULL,1180,11.8,0,0.2899535918833937,False,,,2.4206772733040534e-05
GRADIENT_BOOSTED,structural-null-05,STRUCTURAL_NULL,1190,11.9,0,0.2899535918833937,False,,,2.4206772733040534e-05
GRADIENT_BOOSTED,structural-null-05,STRUCTURAL_NULL,1200,12.0,0,0.2899535918833937,False,,,2.4206772733040534e-05
GRADIENT_BOOSTED,structural-null-05,STRUCTURAL_NULL,1210,12.1,0,0.2899535918833937,False,,,2.4206772733040534e-05
GRADIENT_BOOSTED,structural-null-05,STRUCTURAL_NULL,1220,12.200000000000001,0,0.2899535918833937,False,,,2.4206772733040534e-05
GRADIENT_BOOSTED,structural-null-05,STRUCTURAL_NULL,1230,12.3,0,0.2899535918833937,False,,,2.4206772733040534e-05
GRADIENT_BOOSTED,structural-null-05,STRUCTURAL_NULL,1240,12.4,0,0.2899535918833937,False,,,2.4206772733040534e-05
GRADIENT_BOOSTED,structural-null-05,STRUCTURAL_NULL,1250,12.5,0,0.2899535918833937,False,,,2.4206772733040534e-05
GRADIENT_BOOSTED,structural-null-05,STRUCTURAL_NULL,1260,12.6,0,0.9496750928678782,True,,,2.4206772733040534e-05
GRADIENT_BOOSTED,structural-null-05,STRUCTURAL_NULL,1270,12.700000000000001,0,0.2899535918833937,False,,,2.4206772733040534e-05
GRADIENT_BOOSTED,structural-null-05,STRUCTURAL_NULL,1280,12.8,0,0.2899535918833937,False,,,2.4206772733040534e-05
GRADIENT_BOOSTED,structural-null-05,STRUCTURAL_NULL,1290,12.9,0,0.2899535918833937,False,,,2.4206772733040534e-05
GRADIENT_BOOSTED,structural-null-05,STRUCTURAL_NULL,1300,13.0,0,0.2899535918833937,False,,,2.4206772733040534e-05
